Centro de Operaciones,Código Bodega,Bodega,Código Artículo,Artículo,Código Ubicación,Ubicación,Código Categoría,Categoría,U/Medida,Cantidad Período Anterior,Costo Período Anterior,Cantidad Entradas,Costo Entradas,Cantidad Salidas,Costo Salidas,Cantidad Período,Costo Período,Cantidad Reservada Período,Existencia Período,Costo Unitario,Estatus
Sede PGR 2023 - 006,ALM-TIE,ALMACEN TIENDA,MASS0018,ANILLO JOY VIBRADOR RETARDANTE POTENTE LATEX MORADO XQRE036,U001,Ubicación Principal,PRO-08,ADULTOS,Unid,                             271.00,                             230.35,                               1.00,                               0.85,                              35.00,                              29.75,                             237.00,                             201.45,                               0.00,                             237.00,                               0.85,ACTIVO
Sede PGR 2023 - 006,ALM-TIE,ALMACEN TIENDA,MASS0020,ANILLO JOY VIBRADOR RETARDANTE POTENTE LATEX FUCSIA XQRE036,U001,Ubicación Principal,PRO-08,ADULTOS,Unid,                             272.00,                             231.20,                               0.00,                               0.00,                              16.00,                              13.60,                             256.00,                             217.60,                               0.00,                             256.00,                               0.85,ACTIVO
Sede PGR 2023 - 006,ALM-TIE,ALMACEN TIENDA,MASS0021,ANILLO VIBRADOR RETARDANTE ESTIMULADOR CLITORIS HDH001,U001,Ubicación Principal,PRO-08,ADULTOS,Unid,                               0.00,                               0.00,                               2.00,                               0.58,                               1.00,                               0.29,                               1.00,                               0.29,                               0.00,                               1.00,                               0.29,ACTIVO
Sede PGR 2023 - 006,ALM-TIE,ALMACEN TIENDA,MASS0023,ANTENA MINI USB WIFFI 150 MBPS CON ANTENA,U001,Ubicación Principal,PRO-22,REDES INALAMBRICAS,Unid,                             139.00,                             153.47,                               1.00,                               1.10,                              16.00,                              17.60,                             124.00,                             136.97,                               0.00,                             124.00,                               1.10,ACTIVO
Sede PGR 2023 - 006,ALM-TIE,ALMACEN TIENDA,MASS0025,ARNE REALISTICO CON CINTURON QBTG7801,U001,Ubicación Principal,PRO-08,ADULTOS,Unid,                               1.00,                               2.48,                               0.00,                               0.00,                               0.00,                               0.00,                               1.00,                               2.48,                               0.00,                               1.00,                               2.48,ACTIVO
Sede PGR 2023 - 006,ALM-TIE,ALMACEN TIENDA,MASS0047,BALA VIBRADORA CON FUNDA DRAGON ROSADO LXB001,U001,Ubicación Principal,PRO-08,ADULTOS,Unid,                              13.00,                              15.41,                               2.00,                               2.38,                              10.00,                              11.90,                               5.00,                               5.89,                               0.00,                               5.00,                               1.18,ACTIVO
Sede PGR 2023 - 006,ALM-TIE,ALMACEN TIENDA,MASS0049,BALA VIBRADORA CON FUNDA DRAGON ROJA LXB001,U001,Ubicación Principal,PRO-08,ADULTOS,Unid,                              26.00,                              30.68,                               0.00,                               0.00,                               6.00,                               7.08,                              20.00,                              23.60,                               0.00,                              20.00,                               1.18,ACTIVO
Sede PGR 2023 - 006,ALM-TIE,ALMACEN TIENDA,MASS0050,BALA VIBRADORA CON FUNDA DRAGON AZUL LXB001,U001,Ubicación Principal,PRO-08,ADULTOS,Unid,                              10.00,                              11.75,                               0.00,                               0.00,                               3.00,                               3.54,                               7.00,                               8.21,                               0.00,                               7.00,                               1.18,ACTIVO
Sede PGR 2023 - 006,ALM-TIE,ALMACEN TIENDA,MASS0052,BALA VIBRADORA GRANDE COLORES AZUL CZDV001,U001,Ubicación Principal,PRO-08,ADULTOS,Unid,                               2.00,                               1.28,                               0.00,                               0.00,                               0.00,                               0.00,                               2.00,                               1.28,                               0.00,                               2.00,                               0.64,ACTIVO
Sede PGR 2023 - 006,ALM-TIE,ALMACEN TIENDA,MASS0058,BALANZA PERSONAL 180 KG,U001,Ubicación Principal,PRO-18,SALUD,Unid,                               0.00,                               0.00,                               7.00,                              32.68,                               6.00,                              27.92,                               1.00,                               4.76,                               0.00,                               1.00,                               4.76,ACTIVO
Sede PGR 2023 - 006,ALM-TIE,ALMACEN TIENDA,MASS0061,BASE LAPTO M25 ERGOSTAND,U001,Ubicación Principal,PRO-15,COMPUTACION,Unid,                              99.00,                             604.06,                               0.00,                               0.00,                              16.00,                              97.60,                              83.00,                             506.46,                               0.00,                              83.00,                               6.10,ACTIVO
Sede PGR 2023 - 006,ALM-TIE,ALMACEN TIENDA,MASS0062,BASE TV FIJA 14-43 B27,U001,Ubicación Principal,PRO-11,HOGAR,Unid,                             109.00,                             267.91,                               0.00,                               0.00,                               5.00,                              12.30,                             104.00,                             255.61,                               0.00,                             104.00,                               2.46,ACTIVO
Sede PGR 2023 - 006,ALM-TIE,ALMACEN TIENDA,MASS0065,"""BASE TV INCLINACION 15-42"""" HT-001""",U001,Ubicación Principal,PRO-11,HOGAR,Unid,                             121.00,                             499.73,                               0.00,                               0.00,                               0.00,                               0.00,                             121.00,                             499.73,                               0.00,                             121.00,                               4.13,ACTIVO
Sede PGR 2023 - 006,ALM-TIE,ALMACEN TIENDA,MASS0122,CARGADOR LAPTO UNIVERSAL DE 12V A 24V,U001,Ubicación Principal,PRO-15,COMPUTACION,Unid,                             127.00,                             376.77,                               1.00,                               2.97,                              15.00,                              44.55,                             113.00,                             335.19,                               0.00,                             113.00,                               2.97,ACTIVO
Sede PGR 2023 - 006,ALM-TIE,ALMACEN TIENDA,MASS0123,CARGADOR UNIVERSAL PARA TELEFONO,U001,Ubicación Principal,PRO-13,ACCESORIOS DE TELEFONOS,Unid,                               1.00,                               1.00,                               0.00,                               0.00,                               0.00,                               0.00,                               1.00,                               1.00,                               0.00,                               1.00,                               1.00,ACTIVO
Sede PGR 2023 - 006,ALM-TIE,ALMACEN TIENDA,MASS0127,CASE EXTERNO 2.5 USB 2.0,U001,Ubicación Principal,PRO-15,COMPUTACION,Unid,                             376.00,                             635.44,                               0.00,                               0.00,                              43.00,                              72.67,                             333.00,                             562.77,                               0.00,                             333.00,                               1.69,ACTIVO
Sede PGR 2023 - 006,ALM-TIE,ALMACEN TIENDA,MASS0137,CEPILLO SECADOR ONE STEP,U001,Ubicación Principal,PRO-05,ESTETICA Y BELLEZA,Unid,                               1.00,                               5.28,                               0.00,                               0.00,                               0.00,                               0.00,                               1.00,                               5.28,                               0.00,                               1.00,                               5.28,ACTIVO
Sede PGR 2023 - 006,ALM-TIE,ALMACEN TIENDA,MASS0153,CONTROL AIRE ACONDICIONADO UNIVERSAL K-1028E,U001,Ubicación Principal,PRO-11,HOGAR,Unid,                             181.00,                             201.13,                               0.00,                               0.00,                               9.00,                               9.99,                             172.00,                             191.14,                               0.00,                             172.00,                               1.11,ACTIVO
Sede PGR 2023 - 006,ALM-TIE,ALMACEN TIENDA,MASS0158,CONTROL PLAYSTATION INALAMBRICO PS3 NEGRO,U001,Ubicación Principal,PRO-03,CONSOLAS Y VIDEOJUEGOS,Unid,                             127.00,                             560.59,                               0.00,                               0.00,                               7.00,                              30.87,                             120.00,                             529.72,                               0.00,                             120.00,                               4.41,ACTIVO
Sede PGR 2023 - 006,ALM-TIE,ALMACEN TIENDA,MASS0167,CONTROL PLAYSTATION INALAMBRICO PS4 NEGRO,U001,Ubicación Principal,PRO-03,CONSOLAS Y VIDEOJUEGOS,Unid,                             168.00,"                           1,283.68",                              12.00,                              91.68,                              40.00,                             305.60,                             140.00,"                           1,069.76",                               0.00,                             140.00,                               7.64,ACTIVO
Sede PGR 2023 - 006,ALM-TIE,ALMACEN TIENDA,MASS0173,CONVERTIDOR MINI HDMI A VGA,U001,Ubicación Principal,PRO-20,"CABLES, ADAPTADORES Y CONVERTIDORES",Unid,                              56.00,                             232.32,                               0.00,                               0.00,                               2.00,                               8.30,                              54.00,                             224.02,                               0.00,                              54.00,                               4.15,ACTIVO
Sede PGR 2023 - 006,ALM-TIE,ALMACEN TIENDA,MASS0189,CRONOMETRO DIGITAL DEPORTIVO ZSD-009,U001,Ubicación Principal,PRO-04,DEPORTE Y FITNESS,Unid,                             117.00,                             135.02,                               0.00,                               0.00,                               9.00,                              10.35,                             108.00,                             124.67,                               0.00,                             108.00,                               1.15,ACTIVO
Sede PGR 2023 - 006,ALM-TIE,ALMACEN TIENDA,MASS0200,DISPENSADOR DE AGUA ELECTRONICO,U001,Ubicación Principal,PRO-25,COCINA,Unid,                             380.00,                             649.80,                               2.00,                               3.42,                             130.00,                             222.30,                             252.00,                             430.92,                               0.00,                             252.00,                               1.71,ACTIVO
Sede PGR 2023 - 006,ALM-TIE,ALMACEN TIENDA,MASS0206,ESMERIL 6-AMP 4-1/2-INCH HYPER TOUGH,U001,Ubicación Principal,PRO-16,FERRETERIA,Unid,                               1.00,                              29.58,                               1.00,                              29.58,                               1.00,                              29.58,                               1.00,                              29.58,                               0.00,                               1.00,                              29.58,ACTIVO
Sede PGR 2023 - 006,ALM-TIE,ALMACEN TIENDA,MASS0208,ESENCIAS A BASE DE ACEITE,U001,Ubicación Principal,PRO-11,HOGAR,Unid,                               1.00,                               1.83,                               0.00,                               0.00,                               0.00,                               0.00,                               1.00,                               1.83,                               0.00,                               1.00,                               1.80,ACTIVO
Sede PGR 2023 - 006,ALM-TIE,ALMACEN TIENDA,MASS0210,ESTIMULADOR Y SUCCIONADOR DE CLITORIS MNMLKX003,U001,Ubicación Principal,PRO-08,ADULTOS,Unid,                              74.00,                             505.42,                               0.00,                               0.00,                              14.00,                              95.62,                              60.00,                             409.80,                               0.00,                              60.00,                               6.83,ACTIVO
Sede PGR 2023 - 006,ALM-TIE,ALMACEN TIENDA,MASS0226,FAN COOLER EXTRACTOR ACRILICO 8CM,U001,Ubicación Principal,PRO-15,COMPUTACION,Unid,                               1.00,                               1.48,                               0.00,                               0.00,                               0.00,                               0.00,                               1.00,                               1.48,                               0.00,                               1.00,                               1.48,ACTIVO
Sede PGR 2023 - 006,ALM-TIE,ALMACEN TIENDA,MASS0234,HUMIDIFICADOR H2O GRIS,U001,Ubicación Principal,PRO-11,HOGAR,Unid,                              71.00,                             113.26,                               0.00,                               0.00,                              42.00,                              66.78,                              29.00,                              46.48,                               0.00,                              29.00,                               1.59,ACTIVO
Sede PGR 2023 - 006,ALM-TIE,ALMACEN TIENDA,MASS0236,HUMIDIFICADOR H2O ROSADO,U001,Ubicación Principal,PRO-11,HOGAR,Unid,                               5.00,                               8.26,                               0.00,                               0.00,                               3.00,                               4.95,                               2.00,                               3.31,                               0.00,                               2.00,                               1.65,ACTIVO
Sede PGR 2023 - 006,ALM-TIE,ALMACEN TIENDA,MASS0239,HUMIDIFICADOR WITH COLOR CHANGING LED MARRON CLARO,U001,Ubicación Principal,PRO-11,HOGAR,Unid,                               9.00,                              17.91,                               9.00,                              20.40,                              14.00,                              29.41,                               4.00,                               8.90,                               0.00,                               4.00,                               2.23,ACTIVO
Sede PGR 2023 - 006,ALM-TIE,ALMACEN TIENDA,MASS0245,KERATINA 500ML BELLAFEME,U001,Ubicación Principal,PRO-05,ESTETICA Y BELLEZA,Unid,                               1.00,                               6.00,                               0.00,                               0.00,                               0.00,                               0.00,                               1.00,                               6.00,                               0.00,                               1.00,                               6.00,ACTIVO
Sede PGR 2023 - 006,ALM-TIE,ALMACEN TIENDA,MASS0257,LAMPARA ANTI MOSQUITO,U001,Ubicación Principal,PRO-11,HOGAR,Unid,                               1.00,                               2.32,                               0.00,                               0.00,                               0.00,                               0.00,                               1.00,                               2.32,                               0.00,                               1.00,                               2.32,ACTIVO
Sede PGR 2023 - 006,ALM-TIE,ALMACEN TIENDA,MASS0259,LAMPARA LED EMPOTRAR CUADRADO 12W,U001,Ubicación Principal,PRO-14,ILUMINACION,Unid,                               7.00,                              22.75,                               0.00,                               0.00,                               0.00,                               0.00,                               7.00,                              22.75,                               0.00,                               7.00,                               3.25,ACTIVO
Sede PGR 2023 - 006,ALM-TIE,ALMACEN TIENDA,MASS0263,LECTOR MEMORIA OTG,U001,Ubicación Principal,PRO-20,"CABLES, ADAPTADORES Y CONVERTIDORES",Unid,                              26.00,                              26.00,                               0.00,                               0.00,                               0.00,                               0.00,                              26.00,                              26.00,                               0.00,                              26.00,                               1.00,ACTIVO
Sede PGR 2023 - 006,ALM-TIE,ALMACEN TIENDA,MASS0274,MAQUINA DE AFEITAR INALAMBRICA T9 DRAGON PLATEADO,U001,Ubicación Principal,PRO-05,ESTETICA Y BELLEZA,Unid,                             125.00,                             133.08,                               2.00,                               2.12,                              99.00,                             105.07,                              28.00,                              30.13,                               0.00,                              28.00,                               1.06,ACTIVO
Sede PGR 2023 - 006,ALM-TIE,ALMACEN TIENDA,MASS0283,MAQUINA SELLADORA AL VACIO,U001,Ubicación Principal,PRO-25,COCINA,Unid,                               0.00,                               0.00,                               1.00,                               3.84,                               0.00,                               0.00,                               1.00,                               3.84,                               0.00,                               1.00,                               3.84,ACTIVO
Sede PGR 2023 - 006,ALM-TIE,ALMACEN TIENDA,MASS0287,SATISFAYER RECARGABLE BEIGE GM21901,U001,Ubicación Principal,PRO-08,ADULTOS,Unid,                             182.00,                             944.58,                               0.00,                               0.00,                              26.00,                             134.94,                             156.00,                             809.64,                               0.00,                             156.00,                               5.19,ACTIVO
Sede PGR 2023 - 006,ALM-TIE,ALMACEN TIENDA,MASS0288,MASAJEADOR DE CUELLO JT-600 HR210810-1,U001,Ubicación Principal,PRO-18,SALUD,Unid,                             277.00,                             963.96,                               1.00,                               3.48,                              77.00,                             267.96,                             201.00,                             699.48,                               0.00,                             201.00,                               3.48,ACTIVO
Sede PGR 2023 - 006,ALM-TIE,ALMACEN TIENDA,MASS0289,PISTOLA MASAJEADORA ELECTRICA SY-720 ROJO,U001,Ubicación Principal,PRO-18,SALUD,Unid,                              72.00,                             229.68,                               0.00,                               0.00,                              34.00,                             108.46,                              38.00,                             121.22,                               0.00,                              38.00,                               3.19,ACTIVO
Sede PGR 2023 - 006,ALM-TIE,ALMACEN TIENDA,MASS0290,PISTOLA MASAJEADORA ELECTRICA SY-720 VERDE,U001,Ubicación Principal,PRO-18,SALUD,Unid,                              74.00,                             236.06,                               0.00,                               0.00,                              27.00,                              86.13,                              47.00,                             149.93,                               0.00,                              47.00,                               3.19,ACTIVO
Sede PGR 2023 - 006,ALM-TIE,ALMACEN TIENDA,MASS0291,PISTOLA MASAJEADORA ELECTRICA SY-720 GRIS,U001,Ubicación Principal,PRO-18,SALUD,Unid,                              73.00,                             232.87,                               3.00,                               9.57,                              34.00,                             108.46,                              42.00,                             133.98,                               0.00,                              42.00,                               3.19,ACTIVO
Sede PGR 2023 - 006,ALM-TIE,ALMACEN TIENDA,MASS0292,PISTOLA MASAJEADORA ELECTRICA SY-720 NEGRO,U001,Ubicación Principal,PRO-18,SALUD,Unid,                             342.00,"                           1,090.98",                               8.00,                              25.52,                             193.00,                             615.67,                             157.00,                             500.83,                               0.00,                             157.00,                               3.19,ACTIVO
Sede PGR 2023 - 006,ALM-TIE,ALMACEN TIENDA,MASS0296,MEMORIA RAM LAPTOP KINGSTON DDR2 2GB 800,U001,Ubicación Principal,PRO-15,COMPUTACION,Unid,                               4.00,                              15.00,                               0.00,                               0.00,                               0.00,                               0.00,                               4.00,                              15.00,                               0.00,                               4.00,                               3.75,ACTIVO
Sede PGR 2023 - 006,ALM-TIE,ALMACEN TIENDA,MASS0304,MEMORIA RAM PC KINGSTON DDR3 2GB 1333,U001,Ubicación Principal,PRO-15,COMPUTACION,Unid,                               1.00,                               5.31,                               0.00,                               0.00,                               0.00,                               0.00,                               1.00,                               5.31,                               0.00,                               1.00,                               5.31,ACTIVO
Sede PGR 2023 - 006,ALM-TIE,ALMACEN TIENDA,MASS0328,MOUSE INALAMBRICO RECARGABLE BLUETOOH 2.4G CAJA 2514 PLATEADO,U001,Ubicación Principal,PRO-15,COMPUTACION,Unid,                               5.00,                               7.20,                               5.00,                               7.76,                               8.00,                              11.52,                               2.00,                               3.44,                               0.00,                               2.00,                               1.72,ACTIVO
Sede PGR 2023 - 006,ALM-TIE,ALMACEN TIENDA,MASS0329,MOUSE PAD MAPA MUNDI,U001,Ubicación Principal,PRO-15,COMPUTACION,Unid,                             354.00,                             481.44,                               1.00,                               1.64,                              29.00,                              39.44,                             326.00,                             443.64,                               0.00,                             326.00,                               1.36,ACTIVO
Sede PGR 2023 - 006,ALM-TIE,ALMACEN TIENDA,MASS0332,MOUSE ALAMBRICO USB LENOVO,U001,Ubicación Principal,PRO-15,COMPUTACION,Unid,                             189.00,                             185.95,                               0.00,                               0.00,                              14.00,                              13.72,                             175.00,                             172.23,                               0.00,                             175.00,                               0.98,ACTIVO
Sede PGR 2023 - 006,ALM-TIE,ALMACEN TIENDA,MASS0334,NEBULIZADOR PORTATIL RECARGABLE 2 BOQUILLAS CON CABLE USB,U001,Ubicación Principal,PRO-18,SALUD,Unid,                             125.00,                             382.18,                               2.00,                               6.11,                              37.00,                             113.22,                              90.00,                             275.07,                               0.00,                              90.00,                               3.06,ACTIVO
Sede PGR 2023 - 006,ALM-TIE,ALMACEN TIENDA,MASS0337,PANTIES VIBRADOR CON CONTROL REMOTO A DISTANCIA ASLCD001 ROSADO,U001,Ubicación Principal,PRO-08,ADULTOS,Unid,                              14.00,                             106.64,                               0.00,                               0.00,                               1.00,                               7.61,                              13.00,                              99.03,                               0.00,                              13.00,                               7.61,ACTIVO
Sede PGR 2023 - 006,ALM-TIE,ALMACEN TIENDA,MASS0338,PANTIES VIBRADOR CON CONTROL REMOTO A DISTANCIA ASLCD001 MORADO,U001,Ubicación Principal,PRO-08,ADULTOS,Unid,                              14.00,                             108.64,                               0.00,                               0.00,                               0.00,                               0.00,                              14.00,                             108.64,                               0.00,                              14.00,                               7.76,ACTIVO
Sede PGR 2023 - 006,ALM-TIE,ALMACEN TIENDA,MASS0344,PEGA EN BARRA ELMERS ALL PURPOSE,U001,Ubicación Principal,PRO-19,OFICINA,Unid,                              32.00,                               8.00,                               0.00,                               0.00,                               0.00,                               0.00,                              32.00,                               8.00,                               0.00,                              32.00,                               0.25,ACTIVO
Sede PGR 2023 - 006,ALM-TIE,ALMACEN TIENDA,MASS0363,PLUG ANAL SET 3 UNIDADES BLANCO METALPLUGSET,U001,Ubicación Principal,PRO-08,ADULTOS,Unid,                              45.00,                             185.57,                               0.00,                               0.00,                               2.00,                               8.26,                              43.00,                             177.31,                               0.00,                              43.00,                               4.13,ACTIVO
Sede PGR 2023 - 006,ALM-TIE,ALMACEN TIENDA,MASS0364,PLUG ANAL SET 3 UNIDADES ROSADO METALPLUGSET,U001,Ubicación Principal,PRO-08,ADULTOS,Unid,                              14.00,                              61.46,                               0.00,                               0.00,                               9.00,                              39.51,                               5.00,                              21.95,                               0.00,                               5.00,                               4.39,ACTIVO
Sede PGR 2023 - 006,ALM-TIE,ALMACEN TIENDA,MASS0366,PLUG ANAL SET 3 UNIDADES AZUL OSCURO METALPLUGSET,U001,Ubicación Principal,PRO-08,ADULTOS,Unid,                              34.00,                             149.26,                               0.00,                               0.00,                               4.00,                              17.56,                              30.00,                             131.70,                               0.00,                              30.00,                               4.39,ACTIVO
Sede PGR 2023 - 006,ALM-TIE,ALMACEN TIENDA,MASS0367,PLUG ANAL SET 3 UNIDADES MORADO METALPLUGSET,U001,Ubicación Principal,PRO-08,ADULTOS,Unid,                              16.00,                              63.29,                               1.00,                               3.96,                               5.00,                              19.79,                              12.00,                              47.46,                               0.00,                              12.00,                               3.95,ACTIVO
Sede PGR 2023 - 006,ALM-TIE,ALMACEN TIENDA,MASS0379,PLUG ANAL TALLA M ROJO,U001,Ubicación Principal,PRO-08,ADULTOS,Unid,                              18.00,                              16.92,                               0.00,                               0.00,                              12.00,                              11.28,                               6.00,                               5.64,                               0.00,                               6.00,                               0.94,ACTIVO
Sede PGR 2023 - 006,ALM-TIE,ALMACEN TIENDA,MASS0381,PLUG ANAL TALLA M BLANCO,U001,Ubicación Principal,PRO-08,ADULTOS,Unid,                              39.00,                              36.47,                               0.00,                               0.00,                               3.00,                               2.82,                              36.00,                              33.65,                               0.00,                              36.00,                               0.94,ACTIVO
Sede PGR 2023 - 006,ALM-TIE,ALMACEN TIENDA,MASS0384,PLUG ANAL TALLA M AZUL OSCURO,U001,Ubicación Principal,PRO-08,ADULTOS,Unid,                              35.00,                              32.77,                               0.00,                               0.00,                               2.00,                               1.86,                              33.00,                              30.91,                               0.00,                              33.00,                               0.93,ACTIVO
Sede PGR 2023 - 006,ALM-TIE,ALMACEN TIENDA,MASS0385,PLUG ANAL TALLA M MORADO,U001,Ubicación Principal,PRO-08,ADULTOS,Unid,                              23.00,                              21.62,                               0.00,                               0.00,                              11.00,                              10.34,                              12.00,                              11.28,                               0.00,                              12.00,                               0.94,ACTIVO
Sede PGR 2023 - 006,ALM-TIE,ALMACEN TIENDA,MASS0390,PLUG ANAL TALLA S BLANCO,U001,Ubicación Principal,PRO-08,ADULTOS,Unid,                              39.00,                              29.33,                               0.00,                               0.00,                               8.00,                               6.08,                              31.00,                              23.25,                               0.00,                              31.00,                               0.76,ACTIVO
Sede PGR 2023 - 006,ALM-TIE,ALMACEN TIENDA,MASS0406,VIBRADOR RABBIT SUPER MUTE 10 VELOCIDADES MORADO YCYY001,U001,Ubicación Principal,PRO-08,ADULTOS,Unid,                             170.00,                             457.30,                               0.00,                               0.00,                              35.00,                              94.15,                             135.00,                             363.15,                               0.00,                             135.00,                               2.69,ACTIVO
Sede PGR 2023 - 006,ALM-TIE,ALMACEN TIENDA,MASS0407,VIBRADOR RABBIT SUPER MUTE 10 VELOCIDADES FUCSIA YCYY001,U001,Ubicación Principal,PRO-08,ADULTOS,Unid,                             169.00,                             454.61,                               0.00,                               0.00,                              32.00,                              86.08,                             137.00,                             368.53,                               0.00,                             137.00,                               2.69,ACTIVO
Sede PGR 2023 - 006,ALM-TIE,ALMACEN TIENDA,MASS0409,RADIOS BAOFENG X2,U001,Ubicación Principal,PRO-21,ELECTRONICA,Unid,                               3.00,                              38.84,                               2.00,                              33.38,                               1.00,                              14.44,                               4.00,                              57.78,                               0.00,                               4.00,                              14.44,ACTIVO
Sede PGR 2023 - 006,ALM-TIE,ALMACEN TIENDA,MASS0423,RELOJ INTELIGENTE D20S ROSADO,U001,Ubicación Principal,PRO-07,RELOJES INTELIGENTES,Unid,                               2.00,                               3.66,                               0.00,                               0.00,                               0.00,                               0.00,                               2.00,                               3.66,                               0.00,                               2.00,                               1.83,ACTIVO
Sede PGR 2023 - 006,ALM-TIE,ALMACEN TIENDA,MASS0425,RELOJ INTELIGENTE D20S VERDE,U001,Ubicación Principal,PRO-07,RELOJES INTELIGENTES,Unid,                               1.00,                               2.09,                               0.00,                               0.00,                               0.00,                               0.00,                               1.00,                               2.09,                               0.00,                               1.00,                               2.09,ACTIVO
Sede PGR 2023 - 006,ALM-TIE,ALMACEN TIENDA,MASS0427,RELOJ INTELIGENTE D20S BLANCO,U001,Ubicación Principal,PRO-07,RELOJES INTELIGENTES,Unid,                               6.00,                              13.61,                               0.00,                               0.00,                               0.00,                               0.00,                               6.00,                              13.61,                               0.00,                               6.00,                               2.27,ACTIVO
Sede PGR 2023 - 006,ALM-TIE,ALMACEN TIENDA,MASS0461,REMOVEDOR ELECTRICO DE PUNTOS NEGROS XN-8030,U001,Ubicación Principal,PRO-05,ESTETICA Y BELLEZA,Unid,                               0.00,                               0.00,                               1.00,                               3.75,                               0.00,                               0.00,                               1.00,                               3.75,                               0.00,                               1.00,                               3.75,ACTIVO
Sede PGR 2023 - 006,ALM-TIE,ALMACEN TIENDA,MASS0497,"SET ADULTO JUEGO SEXUAL BONDAGE LATIGO, MORDAZA, ESPOSA, MASCARA -SM10S01 NEGRO",U001,Ubicación Principal,PRO-08,ADULTOS,Unid,                             258.00,"                           1,029.05",                               1.00,                               3.99,                              44.00,                             175.56,                             215.00,                             857.48,                               0.00,                             215.00,                               3.99,ACTIVO
Sede PGR 2023 - 006,ALM-TIE,ALMACEN TIENDA,MASS0498,"SET ADULTO JUEGO SEXUAL BONDAGE LATIGO, MORDAZA, ESPOSA, MASCARA -SM10S01 ROJO",U001,Ubicación Principal,PRO-08,ADULTOS,Unid,                              68.00,                             273.98,                               1.00,                               4.03,                               8.00,                              32.24,                              61.00,                             245.77,                               0.00,                              61.00,                               4.03,ACTIVO
Sede PGR 2023 - 006,ALM-TIE,ALMACEN TIENDA,MASS0506,SET DE OLLAS TRAMONTINA 9 PCS GRIS,U001,Ubicación Principal,PRO-25,COCINA,Unid,                               4.00,                             248.93,                               2.00,                             124.48,                               5.00,                             311.16,                               1.00,                              62.25,                               0.00,                               1.00,                              62.23,ACTIVO
Sede PGR 2023 - 006,ALM-TIE,ALMACEN TIENDA,MASS0507,SET DE OLLAS TRAMONTINA 9 PCS AZUL,U001,Ubicación Principal,PRO-25,COCINA,Unid,                              20.00,"                           1,282.00",                               2.00,                             128.20,                               5.00,                             320.50,                              17.00,"                           1,089.70",                               0.00,                              17.00,                              64.10,ACTIVO
Sede PGR 2023 - 006,ALM-TIE,ALMACEN TIENDA,MASS0517,SOPORTE GAMEPAD FOR PS4,U001,Ubicación Principal,PRO-03,CONSOLAS Y VIDEOJUEGOS,Unid,                               2.00,                               5.66,                               0.00,                               0.00,                               0.00,                               0.00,                               2.00,                               5.66,                               0.00,                               2.00,                               2.83,ACTIVO
Sede PGR 2023 - 006,ALM-TIE,ALMACEN TIENDA,MASS0518,SPRAY RETARDANTE STUD 100 MASCULINO,U001,Ubicación Principal,PRO-08,ADULTOS,Unid,                             674.00,                             606.60,                              28.00,                              25.20,                             701.00,                             630.90,                               1.00,                               0.90,                               0.00,                               1.00,                               0.90,ACTIVO
Sede PGR 2023 - 006,ALM-TIE,ALMACEN TIENDA,MASS0533,TALADRO INALAMBRICO 3/8 RECARGABLE HYPER TOUGH 50 PCS,U001,Ubicación Principal,PRO-16,FERRETERIA,Unid,                               4.00,                             232.48,                               4.00,                             232.48,                               5.00,                             290.60,                               3.00,                             174.36,                               0.00,                               3.00,                              58.12,ACTIVO
Sede PGR 2023 - 006,ALM-TIE,ALMACEN TIENDA,MASS0548,TEMPORIZADOR DIGITAL PROGRAMABLE,U001,Ubicación Principal,PRO-25,COCINA,Unid,                               1.00,                              10.52,                               0.00,                               0.00,                               0.00,                               0.00,                               1.00,                              10.52,                               0.00,                               1.00,                              10.52,ACTIVO
Sede PGR 2023 - 006,ALM-TIE,ALMACEN TIENDA,MASS0558,TESTER DIGITAL DT9205A,U001,Ubicación Principal,PRO-16,FERRETERIA,Unid,                               1.00,                               4.35,                               0.00,                               0.00,                               0.00,                               0.00,                               1.00,                               4.35,                               0.00,                               1.00,                               4.35,ACTIVO
Sede PGR 2023 - 006,ALM-TIE,ALMACEN TIENDA,MASS0560,TESTER DT9205B,U001,Ubicación Principal,PRO-16,FERRETERIA,Unid,                               2.00,                               9.34,                               0.00,                               0.00,                               0.00,                               0.00,                               2.00,                               9.34,                               0.00,                               2.00,                               4.67,ACTIVO
Sede PGR 2023 - 006,ALM-TIE,ALMACEN TIENDA,MASS0584,VAGINA VIBRADORA PUSSY DLS001,U001,Ubicación Principal,PRO-08,ADULTOS,Unid,                              76.00,                             172.54,                               2.00,                               4.54,                              39.00,                              88.53,                              39.00,                              88.55,                               0.00,                              39.00,                               2.27,ACTIVO
Sede PGR 2023 - 006,ALM-TIE,ALMACEN TIENDA,MASS0589,VARITA MAGICA JOYPARK 20 VELOCIDADES 8 MODOS MORADO,U001,Ubicación Principal,PRO-08,ADULTOS,Unid,                               1.00,                               3.42,                               0.00,                               0.00,                               0.00,                               0.00,                               1.00,                               3.42,                               0.00,                               1.00,                               3.42,ACTIVO
Sede PGR 2023 - 006,ALM-TIE,ALMACEN TIENDA,MASS0592,VIBRADOR FREE ROMEO CON RECARGA USB PUNTO G NEGRO,U001,Ubicación Principal,PRO-08,ADULTOS,Unid,                              89.00,                             487.72,                               0.00,                               0.00,                              14.00,                              76.72,                              75.00,                             411.00,                               0.00,                              75.00,                               5.48,ACTIVO
Sede PGR 2023 - 006,ALM-TIE,ALMACEN TIENDA,MASS0593,VIBRADOR FREE ROMEO CON RECARGA USB PUNTO G MORADO,U001,Ubicación Principal,PRO-08,ADULTOS,Unid,                              90.00,                             493.20,                               0.00,                               0.00,                              31.00,                             169.88,                              59.00,                             323.32,                               0.00,                              59.00,                               5.48,ACTIVO
Sede PGR 2023 - 006,ALM-TIE,ALMACEN TIENDA,MASS0595,VIBRADOR CON ROTACION HAILEY MORADO DIBE DB-1874,U001,Ubicación Principal,PRO-08,ADULTOS,Unid,                               4.00,                              47.92,                               0.00,                               0.00,                               0.00,                               0.00,                               4.00,                              47.92,                               0.00,                               4.00,                              11.98,ACTIVO
Sede PGR 2023 - 006,ALM-TIE,ALMACEN TIENDA,MASS0596,VIBRADOR CON ROTACION HAILEY DIBE ROSADO DB-1874,U001,Ubicación Principal,PRO-08,ADULTOS,Unid,                               4.00,                              47.92,                               0.00,                               0.00,                               0.00,                               0.00,                               4.00,                              47.92,                               0.00,                               4.00,                              11.98,ACTIVO
Sede PGR 2023 - 006,ALM-TIE,ALMACEN TIENDA,MASS0598,VIBRADOR CONSOLADOR FEMALE VIBRATOR MORADO HQMY8941,U001,Ubicación Principal,PRO-08,ADULTOS,Unid,                              65.00,                             167.70,                               1.00,                               2.58,                               3.00,                               7.74,                              63.00,                             162.54,                               0.00,                              63.00,                               2.58,ACTIVO
Sede PGR 2023 - 006,ALM-TIE,ALMACEN TIENDA,MASS0601,VIBRADOR CONSOLADOR REALISTICO JELLY MORADO,U001,Ubicación Principal,PRO-08,ADULTOS,Unid,                              56.00,                              85.40,                               4.00,                               6.10,                              40.00,                              60.92,                              20.00,                              30.58,                               0.00,                              20.00,                               1.52,ACTIVO
Sede PGR 2023 - 006,ALM-TIE,ALMACEN TIENDA,MASS0602,VIBRADOR CONSOLADOR REALISTICO JELLY ROSADO,U001,Ubicación Principal,PRO-08,ADULTOS,Unid,                              95.00,                             144.40,                               0.00,                               0.00,                              33.00,                              50.16,                              62.00,                              94.24,                               0.00,                              62.00,                               1.52,ACTIVO
Sede PGR 2023 - 006,ALM-TIE,ALMACEN TIENDA,MASS0603,CONSOLADOR DOBLE CABEZA CARNE WBDS001,U001,Ubicación Principal,PRO-08,ADULTOS,Unid,                              72.00,                              58.32,                               0.00,                               0.00,                              42.00,                              34.02,                              30.00,                              24.30,                               0.00,                              30.00,                               0.81,ACTIVO
Sede PGR 2023 - 006,ALM-TIE,ALMACEN TIENDA,MASS0604,VIBRADOR FEMALE CONEJO 12 FUNCIONES 45 GRADOS MORADO HQMP892,U001,Ubicación Principal,PRO-08,ADULTOS,Unid,                              32.00,                             343.36,                               0.00,                               0.00,                               5.00,                              53.65,                              27.00,                             289.71,                               0.00,                              27.00,                              10.73,ACTIVO
Sede PGR 2023 - 006,ALM-TIE,ALMACEN TIENDA,MASS0605,VIBRADOR FEMALE CONEJO 12 FUNCIONES 45 GRADOS ROSADO HQMP892,U001,Ubicación Principal,PRO-08,ADULTOS,Unid,                              32.00,                             343.36,                               0.00,                               0.00,                               6.00,                              64.38,                              26.00,                             278.98,                               0.00,                              26.00,                              10.73,ACTIVO
Sede PGR 2023 - 006,ALM-TIE,ALMACEN TIENDA,MASS0606,VIBRADOR MASAJEADOR DE PROSTATA YCD190121,U001,Ubicación Principal,PRO-08,ADULTOS,Unid,                             102.00,                             270.20,                               0.00,                               0.00,                               4.00,                              10.60,                              98.00,                             259.60,                               0.00,                              98.00,                               2.65,ACTIVO
Sede PGR 2023 - 006,ALM-TIE,ALMACEN TIENDA,MASS0607,VIBRADOR MIGNON MARCA LEVETT CON APP REMOTO,U001,Ubicación Principal,PRO-08,ADULTOS,Unid,                             245.00,"                           2,403.45",                               0.00,                               0.00,                              39.00,                             382.59,                             206.00,"                           2,020.86",                               0.00,                             206.00,                               9.81,ACTIVO
Sede PGR 2023 - 006,ALM-TIE,ALMACEN TIENDA,MASS0608,VIBRADOR PANTYS MANDO A DISTANCIA AXYPLM01,U001,Ubicación Principal,PRO-08,ADULTOS,Unid,                              44.00,                             199.32,                               2.00,                               9.06,                              10.00,                              45.30,                              36.00,                             163.08,                               0.00,                              36.00,                               4.53,ACTIVO
Sede PGR 2023 - 006,ALM-TIE,ALMACEN TIENDA,MASS0609,VIBRADOR REALISTICO CON BASE Y CONTROL QBTG62,U001,Ubicación Principal,PRO-08,ADULTOS,Unid,                              55.00,                             149.05,                               2.00,                               5.42,                              44.00,                             119.24,                              13.00,                              35.23,                               0.00,                              13.00,                               2.71,ACTIVO
Sede PGR 2023 - 006,ALM-TIE,ALMACEN TIENDA,MASS0610,CONSOLADOR REALISTICO EYACULADOR YHNB224S,U001,Ubicación Principal,PRO-08,ADULTOS,Unid,                             104.00,                             443.63,                               0.00,                               0.00,                              24.00,                             102.48,                              80.00,                             341.15,                               0.00,                              80.00,                               4.27,ACTIVO
Sede PGR 2023 - 006,ALM-TIE,ALMACEN TIENDA,MASS0612,VIBRADOR REALISTICO YUECHAO MORADO BLDZD001,U001,Ubicación Principal,PRO-08,ADULTOS,Unid,                              15.00,                              31.65,                               0.00,                               0.00,                              11.00,                              23.21,                               4.00,                               8.44,                               0.00,                               4.00,                               2.11,ACTIVO
Sede PGR 2023 - 006,ALM-TIE,ALMACEN TIENDA,MASS0613,VIBRADOR REALISTICO YUECHAO NEGRO BLDZD001,U001,Ubicación Principal,PRO-08,ADULTOS,Unid,                             110.00,                             232.41,                               0.00,                               0.00,                               8.00,                              16.88,                             102.00,                             215.53,                               0.00,                             102.00,                               2.11,ACTIVO
Sede PGR 2023 - 006,ALM-TIE,ALMACEN TIENDA,MASS0614,VIBRADOR REALISTICO YUECHAO CARNE BLDZD001,U001,Ubicación Principal,PRO-08,ADULTOS,Unid,                              31.00,                              65.57,                               0.00,                               0.00,                              20.00,                              42.20,                              11.00,                              23.37,                               0.00,                              11.00,                               2.11,ACTIVO
Sede PGR 2023 - 006,ALM-TIE,ALMACEN TIENDA,MASS0616,VIBRADOR RECARGABLE 30 VELOCIDADES MORADO YCYY3001U,U001,Ubicación Principal,PRO-08,ADULTOS,Unid,                             179.00,                             501.20,                               2.00,                               5.60,                             117.00,                             327.60,                              64.00,                             179.20,                               0.00,                              64.00,                               2.80,ACTIVO
Sede PGR 2023 - 006,ALM-TIE,ALMACEN TIENDA,MASS0617,VIDEO BALUM X2 EL PAR,U001,Ubicación Principal,PRO-17,AUDIO Y VIDEO,Unid,                               8.00,                              11.05,                               0.00,                               0.00,                               0.00,                               0.00,                               8.00,                              11.05,                               0.00,                               8.00,                               1.38,ACTIVO
Sede PGR 2023 - 006,ALM-TIE,ALMACEN TIENDA,MASS0626,MOUSE ALAMBRICO HP X500,U001,Ubicación Principal,PRO-15,COMPUTACION,Unid,                             196.00,                             264.86,                               0.00,                               0.00,                              10.00,                              13.50,                             186.00,                             251.36,                               0.00,                             186.00,                               1.35,ACTIVO
Sede PGR 2023 - 006,ALM-TIE,ALMACEN TIENDA,MASS0633,TRANSMISOR 2 EN 1 BT5.0,U001,Ubicación Principal,PRO-01,ACCESORIOS PARA VEHICULOS,Unid,                              38.00,                              45.37,                               0.00,                               0.00,                               4.00,                               4.76,                              34.00,                              40.61,                               0.00,                              34.00,                               1.19,ACTIVO
Sede PGR 2023 - 006,ALM-TIE,ALMACEN TIENDA,MASS0634,MINI CAMARA ESPIA WIFI A9,U001,Ubicación Principal,PRO-17,AUDIO Y VIDEO,Unid,                             212.00,                             440.68,                               1.00,                               2.08,                             117.00,                             243.36,                              96.00,                             199.40,                               0.00,                              96.00,                               2.08,ACTIVO
Sede PGR 2023 - 006,ALM-TIE,ALMACEN TIENDA,MASS0635,CAMARA VISUAL EAR 3 EN 1,U001,Ubicación Principal,PRO-18,SALUD,Unid,                              20.00,                              81.17,                               0.00,                               0.00,                               3.00,                              12.18,                              17.00,                              68.99,                               0.00,                              17.00,                               4.06,ACTIVO
Sede PGR 2023 - 006,ALM-TIE,ALMACEN TIENDA,MASS0648,SILLA CAMPING OZARK TRAIL AZUL,U001,Ubicación Principal,PRO-04,DEPORTE Y FITNESS,Unid,                              22.00,                             182.62,                               0.00,                               0.00,                               0.00,                               0.00,                              22.00,                             182.62,                               0.00,                              22.00,                               8.30,ACTIVO
Sede PGR 2023 - 006,ALM-TIE,ALMACEN TIENDA,MASS0687,ANILLO VIBRADOR RETARDANTE DOBLE RC007,U001,Ubicación Principal,PRO-08,ADULTOS,Unid,                             339.00,                             152.55,                               2.00,                               0.90,                              80.00,                              36.00,                             261.00,                             117.45,                               0.00,                             261.00,                               0.45,ACTIVO
Sede PGR 2023 - 006,ALM-TIE,ALMACEN TIENDA,MASS0691,FORRO DE SILICON PARA PENE YMSK001,U001,Ubicación Principal,PRO-08,ADULTOS,Unid,                             285.00,                             236.69,                               0.00,                               0.00,                              11.00,                               9.13,                             274.00,                             227.56,                               0.00,                             274.00,                               0.83,ACTIVO
Sede PGR 2023 - 006,ALM-TIE,ALMACEN TIENDA,MASS0693,SET DE INICIADORES ANALES SETANAL001 ROSADO,U001,Ubicación Principal,PRO-08,ADULTOS,Unid,                              72.00,                              72.00,                               0.00,                               0.00,                              27.00,                              27.00,                              45.00,                              45.00,                               0.00,                              45.00,                               1.00,ACTIVO
Sede PGR 2023 - 006,ALM-TIE,ALMACEN TIENDA,MASS0697,LUBRICANTE PRIVATE LIFE 30ML BANANA XZLSG30ML,U001,Ubicación Principal,PRO-08,ADULTOS,Unid,                              50.00,                              15.21,                               3.00,                               0.90,                              36.00,                              10.80,                              17.00,                               5.31,                               0.00,                              17.00,                               0.30,ACTIVO
Sede PGR 2023 - 006,ALM-TIE,ALMACEN TIENDA,MASS0699,LUBRICANTE PRIVATE LIFE 100ML LIMON XZLSG100ML,U001,Ubicación Principal,PRO-08,ADULTOS,Unid,                              60.00,                              46.40,                               0.00,                               0.00,                              34.00,                              26.18,                              26.00,                              20.22,                               0.00,                              26.00,                               0.77,ACTIVO
Sede PGR 2023 - 006,ALM-TIE,ALMACEN TIENDA,MASS0701,LUBRICANTE ANAL LOVE MONOGATARI 200ML ZTAO01,U001,Ubicación Principal,PRO-08,ADULTOS,Unid,                             377.00,                             425.28,                               3.00,                               3.39,                              98.00,                             110.74,                             282.00,                             317.93,                               0.00,                             282.00,                               1.13,ACTIVO
Sede PGR 2023 - 006,ALM-TIE,ALMACEN TIENDA,MASS0702,IMITACION DE SEMEN LECHE SIYI 200ML SYXDZ01,U001,Ubicación Principal,PRO-08,ADULTOS,Unid,                             539.00,                             524.95,                               0.00,                               0.00,                              37.00,                              35.89,                             502.00,                             489.06,                               0.00,                             502.00,                               0.97,ACTIVO
Sede PGR 2023 - 006,ALM-TIE,ALMACEN TIENDA,MASS0703,GEL PARA AUMENTO DE ELASTICIDAD DE MAMA OEDOBC01,U001,Ubicación Principal,PRO-08,ADULTOS,Unid,                              65.00,                              74.43,                               0.00,                               0.00,                               2.00,                               2.30,                              63.00,                              72.13,                               0.00,                              63.00,                               1.15,ACTIVO
Sede PGR 2023 - 006,ALM-TIE,ALMACEN TIENDA,MASS0704,MAQUINA MASTURBADORA CON PENE BPJ01,U001,Ubicación Principal,PRO-08,ADULTOS,Unid,                               0.00,                               0.00,                               2.00,                              39.24,                               0.00,                               0.00,                               2.00,                              39.24,                               0.00,                               2.00,                              19.62,ACTIVO
Sede PGR 2023 - 006,ALM-TIE,ALMACEN TIENDA,MASS0705,INICIADOR VIBRADOR ANAL DE SILICON YCVA001 ROSADO,U001,Ubicación Principal,PRO-08,ADULTOS,Unid,                             125.00,                             195.33,                               2.00,                               3.12,                              19.00,                              29.64,                             108.00,                             168.81,                               0.00,                             108.00,                               1.56,ACTIVO
Sede PGR 2023 - 006,ALM-TIE,ALMACEN TIENDA,MASS0745,CONSOLADOR CORAZON VIDRIO CRISTAL GXNBL01,U001,Ubicación Principal,PRO-08,ADULTOS,Unid,                              50.00,                             123.49,                               0.00,                               0.00,                              14.00,                              34.58,                              36.00,                              88.91,                               0.00,                              36.00,                               2.47,ACTIVO
Sede PGR 2023 - 006,ALM-TIE,ALMACEN TIENDA,MASS0746,MORDAZA SEXO ORAL KJZB001 NEGRA,U001,Ubicación Principal,PRO-08,ADULTOS,Unid,                               2.00,                               2.44,                               0.00,                               0.00,                               1.00,                               1.22,                               1.00,                               1.22,                               0.00,                               1.00,                               1.22,ACTIVO
Sede PGR 2023 - 006,ALM-TIE,ALMACEN TIENDA,MASS0747,COPA FORMA DE PENE CRISTAL BLJP01,U001,Ubicación Principal,PRO-08,ADULTOS,Unid,                              85.00,                             113.69,                               4.00,                               5.36,                              12.00,                              16.08,                              77.00,                             102.97,                               0.00,                              77.00,                               1.34,ACTIVO
Sede PGR 2023 - 006,ALM-TIE,ALMACEN TIENDA,MASS0750,MASCARA ANTIFAZ CONEJITA TNLMJ01 NEGRA,U001,Ubicación Principal,PRO-08,ADULTOS,Unid,                              48.00,                              38.14,                               0.00,                               0.00,                              11.00,                               8.80,                              37.00,                              29.34,                               0.00,                              37.00,                               0.80,ACTIVO
Sede PGR 2023 - 006,ALM-TIE,ALMACEN TIENDA,MASS0759,CONTROL DE ASISTENCIA SISTEMA ESPA OL,U001,Ubicación Principal,PRO-19,OFICINA,Unid,                               2.00,                              33.79,                               2.00,                              36.46,                               2.00,                              33.80,                               2.00,                              36.45,                               0.00,                               2.00,                              18.23,ACTIVO
Sede PGR 2023 - 006,ALM-TIE,ALMACEN TIENDA,MASS0763,HUMIDIFICADOR DOMO RGB BLANCO,U001,Ubicación Principal,PRO-11,HOGAR,Unid,                              73.00,                              71.22,                              11.00,                              10.76,                              44.00,                              43.06,                              40.00,                              38.92,                               0.00,                              40.00,                               0.97,ACTIVO
Sede PGR 2023 - 006,ALM-TIE,ALMACEN TIENDA,MASS0784,MEDIA DE COMPRESION TALLA XXL,U001,Ubicación Principal,PRO-18,SALUD,Unid,                               1.00,                               1.18,                               1.00,                               0.83,                               1.00,                               1.01,                               1.00,                               1.00,                               0.00,                               1.00,                               1.01,ACTIVO
Sede PGR 2023 - 006,ALM-TIE,ALMACEN TIENDA,MASS0787,RODILLERA AJUSTABLE XL,U001,Ubicación Principal,PRO-18,SALUD,Unid,                             236.00,                             228.92,                               0.00,                               0.00,                              13.00,                              12.61,                             223.00,                             216.31,                               0.00,                             223.00,                               0.97,ACTIVO
Sede PGR 2023 - 006,ALM-TIE,ALMACEN TIENDA,MASS0788,RODILLERA AJUSTABLE XXL,U001,Ubicación Principal,PRO-18,SALUD,Unid,                             161.00,                             156.17,                               2.00,                               1.94,                               9.00,                               8.73,                             154.00,                             149.38,                               0.00,                             154.00,                               0.97,ACTIVO
Sede PGR 2023 - 006,ALM-TIE,ALMACEN TIENDA,MASS0800,BALA COLORES PASTELES NEGRO YCAS4301,U001,Ubicación Principal,PRO-08,ADULTOS,Unid,                              71.00,                              59.64,                               0.00,                               0.00,                              32.00,                              26.88,                              39.00,                              32.76,                               0.00,                              39.00,                               0.84,ACTIVO
Sede PGR 2023 - 006,ALM-TIE,ALMACEN TIENDA,MASS0801,BALA COLORES PASTELES MORADO YCAS4301,U001,Ubicación Principal,PRO-08,ADULTOS,Unid,                              71.00,                              59.64,                               0.00,                               0.00,                              24.00,                              20.16,                              47.00,                              39.48,                               0.00,                              47.00,                               0.84,ACTIVO
Sede PGR 2023 - 006,ALM-TIE,ALMACEN TIENDA,MASS0802,BALA COLORES PASTELES ROSADO YCAS4301,U001,Ubicación Principal,PRO-08,ADULTOS,Unid,                              71.00,                              59.64,                               0.00,                               0.00,                              27.00,                              22.68,                              44.00,                              36.96,                               0.00,                              44.00,                               0.84,ACTIVO
Sede PGR 2023 - 006,ALM-TIE,ALMACEN TIENDA,MASS0818,RELOJ INTELIGENTE GT08 SERIE 8 ULTRA NEGRO,U001,Ubicación Principal,PRO-07,RELOJES INTELIGENTES,Unid,                               1.00,                               5.17,                               0.00,                               0.00,                               0.00,                               0.00,                               1.00,                               5.17,                               0.00,                               1.00,                               5.17,ACTIVO
Sede PGR 2023 - 006,ALM-TIE,ALMACEN TIENDA,MASS0822,HUMIDIFICADOR HOMEDIC MARRON CLARO,U001,Ubicación Principal,PRO-11,HOGAR,Unid,                              92.00,                             181.24,                               0.00,                               0.00,                              17.00,                              33.49,                              75.00,                             147.75,                               0.00,                              75.00,                               1.97,ACTIVO
Sede PGR 2023 - 006,ALM-TIE,ALMACEN TIENDA,MASS0823,HUMIDIFICADOR HOMEDIC MARRON OSCURO,U001,Ubicación Principal,PRO-11,HOGAR,Unid,                             161.00,                             313.95,                               1.00,                               1.95,                              35.00,                              68.25,                             127.00,                             247.65,                               0.00,                             127.00,                               1.95,ACTIVO
Sede PGR 2023 - 006,ALM-TIE,ALMACEN TIENDA,MASS0825,MAQUINA DE AFEITAR INALAMBRICA KM-1407 3 EN 1,U001,Ubicación Principal,PRO-05,ESTETICA Y BELLEZA,Unid,                             339.00,"                           1,308.54",                               0.00,                               0.00,                              76.00,                             293.36,                             263.00,"                           1,015.18",                               0.00,                             263.00,                               3.86,ACTIVO
Sede PGR 2023 - 006,ALM-TIE,ALMACEN TIENDA,MASS0826,CORRECTOR DE JUANETE,U001,Ubicación Principal,PRO-05,ESTETICA Y BELLEZA,Unid,                             764.00,                             404.92,                               2.00,                               1.06,                              78.00,                              41.34,                             688.00,                             364.64,                               0.00,                             688.00,                               0.53,ACTIVO
Sede PGR 2023 - 006,ALM-TIE,ALMACEN TIENDA,MASS0830,ESTIMULADOR ELECTROTERAPIA PORTATIL TENNS,U001,Ubicación Principal,PRO-18,SALUD,Unid,                             229.00,                             792.34,                               0.00,                               0.00,                              67.00,                             231.82,                             162.00,                             560.52,                               0.00,                             162.00,                               3.46,ACTIVO
Sede PGR 2023 - 006,ALM-TIE,ALMACEN TIENDA,MASS0835,AVION CONTROL REMOTO ZY-320 AMARILLO,U001,Ubicación Principal,PRO-12,JUEGOS Y JUGUETES,Unid,                               1.00,                              30.00,                               0.00,                               0.00,                               0.00,                               0.00,                               1.00,                              30.00,                               0.00,                               1.00,                              30.00,ACTIVO
Sede PGR 2023 - 006,ALM-TIE,ALMACEN TIENDA,MASS0842,LUBRCANTE MULTIORGASMICO CLIMAX OLO 20 ML,U001,Ubicación Principal,PRO-08,ADULTOS,Unid,                              56.00,                              59.92,                               0.00,                               0.00,                              41.00,                              43.87,                              15.00,                              16.05,                               0.00,                              15.00,                               1.07,ACTIVO
Sede PGR 2023 - 006,ALM-TIE,ALMACEN TIENDA,MASS0843,"CABLE RCA PLUS 1,5MTS",U001,Ubicación Principal,PRO-20,"CABLES, ADAPTADORES Y CONVERTIDORES",Unid,                              33.00,                              46.20,                               0.00,                               0.00,                               0.00,                               0.00,                              33.00,                              46.20,                               0.00,                              33.00,                               1.40,ACTIVO
Sede PGR 2023 - 006,ALM-TIE,ALMACEN TIENDA,MASS0846,ROSA VIBRADORA VAGINA SUCKER ROJO,U001,Ubicación Principal,PRO-08,ADULTOS,Unid,                              82.00,                             239.44,                               0.00,                               0.00,                              19.00,                              55.48,                              63.00,                             183.96,                               0.00,                              63.00,                               2.92,ACTIVO
Sede PGR 2023 - 006,ALM-TIE,ALMACEN TIENDA,MASS0850,VIBRADOR POR APLICACION REMOTO YPM,U001,Ubicación Principal,PRO-08,ADULTOS,Unid,                             739.00,"                           2,047.03",                               2.00,                               5.54,                             179.00,                             495.83,                             562.00,"                           1,556.74",                               0.00,                             562.00,                               2.77,ACTIVO
Sede PGR 2023 - 006,ALM-TIE,ALMACEN TIENDA,MASS0881,AMOLADOR DE CUCHILLO,U001,Ubicación Principal,PRO-25,COCINA,Unid,                             132.00,                             117.98,                               2.00,                               1.80,                              54.00,                              48.43,                              80.00,                              71.35,                               0.00,                              80.00,                               0.89,ACTIVO
Sede PGR 2023 - 006,ALM-TIE,ALMACEN TIENDA,MASS0902,MINI MAQUINA DE COSER,U001,Ubicación Principal,PRO-11,HOGAR,Unid,                               0.00,                               0.00,                               1.00,                               7.10,                               0.00,                               0.00,                               1.00,                               7.10,                               0.00,                               1.00,                               7.10,ACTIVO
Sede PGR 2023 - 006,ALM-TIE,ALMACEN TIENDA,MASS0905,VIBRADOR 12 VELOCIDADES CON ESTIMULADOR DE CLITORIS DRHHS001 NEGRO,U001,Ubicación Principal,PRO-08,ADULTOS,Unid,                              64.00,                             524.80,                               0.00,                               0.00,                               6.00,                              49.20,                              58.00,                             475.60,                               0.00,                              58.00,                               8.20,ACTIVO
Sede PGR 2023 - 006,ALM-TIE,ALMACEN TIENDA,MASS0906,VIBRADOR 12 VELOCIDADES CON ESTIMULADOR DE CLITORIS DRHHS001 FUCSIA,U001,Ubicación Principal,PRO-08,ADULTOS,Unid,                              80.00,                             656.00,                               0.00,                               0.00,                               8.00,                              65.60,                              72.00,                             590.40,                               0.00,                              72.00,                               8.20,ACTIVO
Sede PGR 2023 - 006,ALM-TIE,ALMACEN TIENDA,MASS0907,VIBRADOR 12 VELOCIDADES CON ESTIMULADOR DE CLITORIS DRHHS001 MORADO,U001,Ubicación Principal,PRO-08,ADULTOS,Unid,                              75.00,                             615.00,                               0.00,                               0.00,                               8.00,                              65.60,                              67.00,                             549.40,                               0.00,                              67.00,                               8.20,ACTIVO
Sede PGR 2023 - 006,ALM-TIE,ALMACEN TIENDA,MASS0917,EXPRIMIDOR ACRILICO MANUAL DE LIMON,U001,Ubicación Principal,PRO-25,COCINA,Unid,                             138.00,                             128.99,                               0.00,                               0.00,                               1.00,                               0.93,                             137.00,                             128.06,                               0.00,                             137.00,                               0.93,ACTIVO
Sede PGR 2023 - 006,ALM-TIE,ALMACEN TIENDA,MASS0918,TAZA BATIDORA RECARGABLE,U001,Ubicación Principal,PRO-25,COCINA,Unid,                             122.00,                             384.28,                               1.00,                               3.15,                              24.00,                              75.60,                              99.00,                             311.83,                               0.00,                              99.00,                               3.15,ACTIVO
Sede PGR 2023 - 006,ALM-TIE,ALMACEN TIENDA,MASS0934,CUERDA DE SALTAR AJUSTABLE,U001,Ubicación Principal,PRO-04,DEPORTE Y FITNESS,Unid,                             449.00,                             364.05,                               3.00,                               2.59,                              43.00,                              34.83,                             409.00,                             331.81,                               0.00,                             409.00,                               0.81,ACTIVO
Sede PGR 2023 - 006,ALM-TIE,ALMACEN TIENDA,MASS0942,AUDIFONO AIRPODS PRO 2,U001,Ubicación Principal,PRO-06,AUDIFONOS,Unid,                               3.00,                              18.05,                               0.00,                               0.00,                               0.00,                               0.00,                               3.00,                              18.05,                               0.00,                               3.00,                               6.02,ACTIVO
Sede PGR 2023 - 006,ALM-TIE,ALMACEN TIENDA,MASS0943,PISTOLA MASAJEADORA FASCIAL GUN KH-320,U001,Ubicación Principal,PRO-18,SALUD,Unid,                             282.00,"                           2,058.60",                               0.00,                               0.00,                              59.00,                             430.70,                             223.00,"                           1,627.90",                               0.00,                             223.00,                               7.30,ACTIVO
Sede PGR 2023 - 006,ALM-TIE,ALMACEN TIENDA,MASS0944,MASAJEADOR DE GLUTEO ABS ESTIMULADOR FITNES,U001,Ubicación Principal,PRO-04,DEPORTE Y FITNESS,Unid,                              98.00,                             293.29,                               0.00,                               0.00,                              11.00,                              32.89,                              87.00,                             260.40,                               0.00,                              87.00,                               2.99,ACTIVO
Sede PGR 2023 - 006,ALM-TIE,ALMACEN TIENDA,MASS0947,SATISFAYER ROSADO XQZK003,U001,Ubicación Principal,PRO-08,ADULTOS,Unid,                              93.00,                             246.45,                               0.00,                               0.00,                               4.00,                              10.60,                              89.00,                             235.85,                               0.00,                              89.00,                               2.65,ACTIVO
Sede PGR 2023 - 006,ALM-TIE,ALMACEN TIENDA,MASS0948,SATISFAYER MORADO XQZK003,U001,Ubicación Principal,PRO-08,ADULTOS,Unid,                              94.00,                             249.58,                               0.00,                               0.00,                               9.00,                              23.85,                              85.00,                             225.73,                               0.00,                              85.00,                               2.65,ACTIVO
Sede PGR 2023 - 006,ALM-TIE,ALMACEN TIENDA,MASS0950,BOLSO DE LAPTOP REFLECTIVO CONECTOR POWER BANK AZUL,U001,Ubicación Principal,PRO-15,COMPUTACION,Unid,                               0.00,                               0.00,                               1.00,                               6.04,                               0.00,                               0.00,                               1.00,                               6.04,                               0.00,                               1.00,                               6.04,ACTIVO
Sede PGR 2023 - 006,ALM-TIE,ALMACEN TIENDA,MASS0951,BOLSO DE LAPTOP REFLECTIVO CONECTOR POWER BANK NEGRO,U001,Ubicación Principal,PRO-15,COMPUTACION,Unid,                              26.00,                             130.78,                               0.00,                               0.00,                              14.00,                              70.42,                              12.00,                              60.36,                               0.00,                              12.00,                               5.03,ACTIVO
Sede PGR 2023 - 006,ALM-TIE,ALMACEN TIENDA,MASS0952,BOLSO DE LAPTOP MULTIFUNCIONAL DOBLE CIERRE CONECTOR POWER BANK NEGRO,U001,Ubicación Principal,PRO-15,COMPUTACION,Unid,                              21.00,                             103.32,                               0.00,                               0.00,                              16.00,                              78.72,                               5.00,                              24.60,                               0.00,                               5.00,                               4.92,ACTIVO
Sede PGR 2023 - 006,ALM-TIE,ALMACEN TIENDA,MASS0953,BOLSO DE LAPTOP MULTIFUNCIONAL DOBLE CIERRE CONECTOR POWER BANK GRIS,U001,Ubicación Principal,PRO-15,COMPUTACION,Unid,                              18.00,                              88.56,                               0.00,                               0.00,                               4.00,                              19.68,                              14.00,                              68.88,                               0.00,                              14.00,                               4.92,ACTIVO
Sede PGR 2023 - 006,ALM-TIE,ALMACEN TIENDA,MASS0954,BOLSO DE LAPTOP MULTIFUNCIONAL DOBLE CIERRE CONECTOR POWER BANK AZUL,U001,Ubicación Principal,PRO-15,COMPUTACION,Unid,                              24.00,                             118.83,                               0.00,                               0.00,                               0.00,                               0.00,                              24.00,                             118.83,                               0.00,                              24.00,                               4.95,ACTIVO
Sede PGR 2023 - 006,ALM-TIE,ALMACEN TIENDA,MASS0955,BOLSO DE LAPTOP MULTIFUNCIONAL DOBLE CIERRE CONECTOR POWER BANK ROJO,U001,Ubicación Principal,PRO-15,COMPUTACION,Unid,                               1.00,                               5.82,                               0.00,                               0.00,                               0.00,                               0.00,                               1.00,                               5.82,                               0.00,                               1.00,                               5.86,ACTIVO
Sede PGR 2023 - 006,ALM-TIE,ALMACEN TIENDA,MASS0965,SOPORTE PARA LAVAPLATO VERDE,U001,Ubicación Principal,PRO-25,COCINA,Unid,                              10.00,                              13.10,                               0.00,                               0.00,                               1.00,                               1.31,                               9.00,                              11.79,                               0.00,                               9.00,                               1.31,ACTIVO
Sede PGR 2023 - 006,ALM-TIE,ALMACEN TIENDA,MASS0966,SOPORTE PARA LAVAPLATO NARANJA,U001,Ubicación Principal,PRO-25,COCINA,Unid,                               2.00,                               2.62,                               0.00,                               0.00,                               0.00,                               0.00,                               2.00,                               2.62,                               0.00,                               2.00,                               1.31,ACTIVO
Sede PGR 2023 - 006,ALM-TIE,ALMACEN TIENDA,MASS0969,CEPILLO LIMPIADOR DE AUDIFONO,U001,Ubicación Principal,PRO-03,CONSOLAS Y VIDEOJUEGOS,Unid,                              38.00,                              24.38,                               0.00,                               0.00,                               1.00,                               0.64,                              37.00,                              23.74,                               0.00,                              37.00,                               0.64,ACTIVO
Sede PGR 2023 - 006,ALM-TIE,ALMACEN TIENDA,MASS0980,HUMIDIFICADOR COLOR FULL RGB SPRAY RECARGABLE NEGRO,U001,Ubicación Principal,PRO-11,HOGAR,Unid,                               6.00,                              30.62,                               0.00,                               0.00,                               2.00,                              10.22,                               4.00,                              20.40,                               0.00,                               4.00,                               5.11,ACTIVO
Sede PGR 2023 - 006,ALM-TIE,ALMACEN TIENDA,MASS0982,HUMIDIFICADOR COLOR FULL RGB SPRAY RECARGABLE BLANCO,U001,Ubicación Principal,PRO-11,HOGAR,Unid,                              37.00,                             171.74,                               0.00,                               0.00,                               0.00,                               0.00,                              37.00,                             171.74,                               0.00,                              37.00,                               4.64,ACTIVO
Sede PGR 2023 - 006,ALM-TIE,ALMACEN TIENDA,MASS0993,MAQUINA DE AFEITAR VINTAGE T9 CON PANTALLA,U001,Ubicación Principal,PRO-05,ESTETICA Y BELLEZA,Unid,                               1.00,                               2.55,                               0.00,                               0.00,                               0.00,                               0.00,                               1.00,                               2.55,                               0.00,                               1.00,                               2.55,ACTIVO
Sede PGR 2023 - 006,ALM-TIE,ALMACEN TIENDA,MASS0995,ABRE LATA PORTATIL CON ABRE TAPA,U001,Ubicación Principal,PRO-25,COCINA,Unid,                               2.00,                               9.14,                               0.00,                               0.00,                               0.00,                               0.00,                               2.00,                               9.14,                               0.00,                               2.00,                               4.57,ACTIVO
Sede PGR 2023 - 006,ALM-TIE,ALMACEN TIENDA,MASS1000,LAMPARA DE MESA FLEXIBLE,U001,Ubicación Principal,PRO-19,OFICINA,Unid,                               3.00,                               6.93,                               0.00,                               0.00,                               0.00,                               0.00,                               3.00,                               6.93,                               0.00,                               3.00,                               2.31,ACTIVO
Sede PGR 2023 - 006,ALM-TIE,ALMACEN TIENDA,MASS1009,MAQUINA DEPILADORA A LASER NEGRO,U001,Ubicación Principal,PRO-05,ESTETICA Y BELLEZA,Unid,                             184.00,"                           1,497.76",                               0.00,                               0.00,                              78.00,                             634.92,                             106.00,                             862.84,                               0.00,                             106.00,                               8.14,ACTIVO
Sede PGR 2023 - 006,ALM-TIE,ALMACEN TIENDA,MASS1011,MAQUINA DEPILADORA A LASER BLANCO,U001,Ubicación Principal,PRO-05,ESTETICA Y BELLEZA,Unid,                             181.00,"                           1,473.34",                               1.00,                               8.14,                              54.00,                             439.56,                             128.00,"                           1,041.92",                               0.00,                             128.00,                               8.14,ACTIVO
Sede PGR 2023 - 006,ALM-TIE,ALMACEN TIENDA,MASS1013,MINI MASAJEADOR ELECTRICO CERVICAL Y ESPALDA QY-8702,U001,Ubicación Principal,PRO-18,SALUD,Unid,                              52.00,                              37.23,                              24.00,                              18.17,                              73.00,                              52.84,                               3.00,                               2.56,                               0.00,                               3.00,                               0.85,ACTIVO
Sede PGR 2023 - 006,ALM-TIE,ALMACEN TIENDA,MASS1014,MAQUINA AFEITAR KEMEI KM-4640,U001,Ubicación Principal,PRO-05,ESTETICA Y BELLEZA,Unid,                             270.00,"                           1,063.80",                               2.00,                               7.88,                              27.00,                             106.38,                             245.00,                             965.30,                               0.00,                             245.00,                               3.94,ACTIVO
Sede PGR 2023 - 006,ALM-TIE,ALMACEN TIENDA,MASS1019,BATIDORA DE MANO ELECTRICA NEGRO,U001,Ubicación Principal,PRO-25,COCINA,Unid,                               2.00,                               9.55,                               0.00,                               0.00,                               0.00,                               0.00,                               2.00,                               9.55,                               0.00,                               2.00,                               4.78,ACTIVO
Sede PGR 2023 - 006,ALM-TIE,ALMACEN TIENDA,MASS1053,PLUG ANAL CON BALA VIBRADORA  CGSHJR01,U001,Ubicación Principal,PRO-08,ADULTOS,Unid,                              54.00,                             201.96,                               0.00,                               0.00,                               8.00,                              29.92,                              46.00,                             172.04,                               0.00,                              46.00,                               3.74,ACTIVO
Sede PGR 2023 - 006,ALM-TIE,ALMACEN TIENDA,MASS1054,PLUG ANAL RECARGABLE CON CONTROL MQCDHT02,U001,Ubicación Principal,PRO-08,ADULTOS,Unid,                               6.00,                              33.85,                               0.00,                               0.00,                               3.00,                              17.01,                               3.00,                              16.84,                               0.00,                               3.00,                               5.67,ACTIVO
Sede PGR 2023 - 006,ALM-TIE,ALMACEN TIENDA,MASS1040,CORTADOR PICATODO DE COCINA 17 EN 1,U001,Ubicación Principal,PRO-25,COCINA,Unid,                               1.00,                               6.12,                               0.00,                               0.00,                               0.00,                               0.00,                               1.00,                               6.12,                               0.00,                               1.00,                               6.12,ACTIVO
Sede PGR 2023 - 006,ALM-TIE,ALMACEN TIENDA,MASS1041,LIMPIADOR A VAPOR 900W 10 PCS,U001,Ubicación Principal,PRO-11,HOGAR,Unid,                               2.00,                              34.70,                               0.00,                               0.00,                               0.00,                               0.00,                               2.00,                              34.70,                               0.00,                               2.00,                              17.35,ACTIVO
Sede PGR 2023 - 006,ALM-TIE,ALMACEN TIENDA,MASS1042,ASPIRADORA DE CARRO PORTATIL 12V AZUL,U001,Ubicación Principal,PRO-01,ACCESORIOS PARA VEHICULOS,Unid,                              90.00,                             408.77,                               0.00,                               0.00,                              19.00,                              86.26,                              71.00,                             322.51,                               0.00,                              71.00,                               4.54,ACTIVO
Sede PGR 2023 - 006,ALM-TIE,ALMACEN TIENDA,MASS1043,ASPIRADORA DE CARRO PORTATIL 12V NARANJA,U001,Ubicación Principal,PRO-01,ACCESORIOS PARA VEHICULOS,Unid,                              54.00,                             244.91,                               1.00,                               4.54,                               6.00,                              27.24,                              49.00,                             222.21,                               0.00,                              49.00,                               4.54,ACTIVO
Sede PGR 2023 - 006,ALM-TIE,ALMACEN TIENDA,MASS1046,PLUG ANAL COLA CONEJITA ROSADO ANALBALL001,U001,Ubicación Principal,PRO-08,ADULTOS,Unid,                              23.00,                              20.70,                               0.00,                               0.00,                               3.00,                               2.70,                              20.00,                              18.00,                               0.00,                              20.00,                               0.90,ACTIVO
Sede PGR 2023 - 006,ALM-TIE,ALMACEN TIENDA,MASS1047,PLUG ANAL COLA CONEJITA BLANCO ANALBALL001,U001,Ubicación Principal,PRO-08,ADULTOS,Unid,                              13.00,                              11.69,                               0.00,                               0.00,                               4.00,                               3.60,                               9.00,                               8.09,                               0.00,                               9.00,                               0.90,ACTIVO
Sede PGR 2023 - 006,ALM-TIE,ALMACEN TIENDA,MASS1049,PLUG ANAL COLA CONEJITA MORADO OSCURO ANALBALL001,U001,Ubicación Principal,PRO-08,ADULTOS,Unid,                              30.00,                              27.00,                               0.00,                               0.00,                               3.00,                               2.70,                              27.00,                              24.30,                               0.00,                              27.00,                               0.90,ACTIVO
Sede PGR 2023 - 006,ALM-TIE,ALMACEN TIENDA,MASS1050,PLUG ANAL COLA CONEJITA ROJO ANALBALL001,U001,Ubicación Principal,PRO-08,ADULTOS,Unid,                              33.00,                              29.70,                               1.00,                               0.90,                               4.00,                               3.60,                              30.00,                              27.00,                               0.00,                              30.00,                               0.90,ACTIVO
Sede PGR 2023 - 006,ALM-TIE,ALMACEN TIENDA,MASS1051,PLUG ANAL COLA CONEJITA NEGRO ANALBALL001,U001,Ubicación Principal,PRO-08,ADULTOS,Unid,                              31.00,                              27.89,                               0.00,                               0.00,                               2.00,                               1.80,                              29.00,                              26.09,                               0.00,                              29.00,                               0.90,ACTIVO
Sede PGR 2023 - 006,ALM-TIE,ALMACEN TIENDA,MASS1055,CAJA DE CONDONES ULTRAFINOS SHULEMEI (10 PCS),U001,Ubicación Principal,PRO-08,ADULTOS,Unid,                             183.00,                             117.12,                               1.00,                               0.64,                              24.00,                              15.36,                             160.00,                             102.40,                               0.00,                             160.00,                               0.64,ACTIVO
Sede PGR 2023 - 006,ALM-TIE,ALMACEN TIENDA,MASS1057,HUMIDIFICADOR GRANDE 3LTS,U001,Ubicación Principal,PRO-11,HOGAR,Unid,                               2.00,                              13.57,                               0.00,                               0.00,                               0.00,                               0.00,                               2.00,                              13.57,                               0.00,                               2.00,                               6.79,ACTIVO
Sede PGR 2023 - 006,ALM-TIE,ALMACEN TIENDA,MASS1058,MARCADOR DOBLE PUNTA 24 PCS,U001,Ubicación Principal,PRO-19,OFICINA,Unid,                             119.00,                             204.37,                               0.00,                               0.00,                              24.00,                              41.28,                              95.00,                             163.09,                               0.00,                              95.00,                               1.72,ACTIVO
Sede PGR 2023 - 006,ALM-TIE,ALMACEN TIENDA,MASS1061,MARCADOR DOBLE PUNTA 60 PCS,U001,Ubicación Principal,PRO-19,OFICINA,Unid,                             342.00,"                           1,496.84",                               1.00,                               4.38,                              12.00,                              52.56,                             331.00,"                           1,448.66",                               0.00,                             331.00,                               4.38,ACTIVO
Sede PGR 2023 - 006,ALM-TIE,ALMACEN TIENDA,MASS1071,MOUSE VERTICAL INALAMBRICO RECARGABLE,U001,Ubicación Principal,PRO-15,COMPUTACION,Unid,                             192.00,                             789.12,                               3.00,                              12.33,                              36.00,                             147.96,                             159.00,                             653.49,                               0.00,                             159.00,                               4.11,ACTIVO
Sede PGR 2023 - 006,ALM-TIE,ALMACEN TIENDA,MASS1074,RACK ORGANIZADOR DE CUCHILLOS Y UTENSILIOS 30 CM (HM30),U001,Ubicación Principal,PRO-25,COCINA,Unid,                              53.00,                              93.89,                               0.00,                               0.00,                               0.00,                               0.00,                              53.00,                              93.89,                               0.00,                              53.00,                               1.77,ACTIVO
Sede PGR 2023 - 006,ALM-TIE,ALMACEN TIENDA,MASS1082,PELADOR DE PI A,U001,Ubicación Principal,PRO-25,COCINA,Unid,                             204.00,                             225.41,                               0.00,                               0.00,                              33.00,                              36.63,                             171.00,                             188.78,                               0.00,                             171.00,                               1.11,ACTIVO
Sede PGR 2023 - 006,ALM-TIE,ALMACEN TIENDA,MASS1083,CERRADURA DE PUERTA DE MADERA LOCK,U001,Ubicación Principal,PRO-11,HOGAR,Unid,                             576.00,"                           1,267.07",                               1.00,                               2.20,                              73.00,                             160.60,                             504.00,"                           1,108.67",                               0.00,                             504.00,                               2.20,ACTIVO
Sede PGR 2023 - 006,ALM-TIE,ALMACEN TIENDA,MASS1085,VIBRADOR CONSOLADOR REALISTICO JELLY CARNE,U001,Ubicación Principal,PRO-08,ADULTOS,Unid,                             120.00,                             182.40,                               0.00,                               0.00,                              49.00,                              74.48,                              71.00,                             107.92,                               0.00,                              71.00,                               1.52,ACTIVO
Sede PGR 2023 - 006,ALM-TIE,ALMACEN TIENDA,MASS1113,TERMO NI O CANGREJO,U001,Ubicación Principal,PRO-04,DEPORTE Y FITNESS,Unid,                               1.00,                               2.83,                               0.00,                               0.00,                               0.00,                               0.00,                               1.00,                               2.83,                               0.00,                               1.00,                               2.83,ACTIVO
Sede PGR 2023 - 006,ALM-TIE,ALMACEN TIENDA,MASS1115,TERMO NI O BALLENA,U001,Ubicación Principal,PRO-04,DEPORTE Y FITNESS,Unid,                               1.00,                               1.66,                               0.00,                               0.00,                               0.00,                               0.00,                               1.00,                               1.66,                               0.00,                               1.00,                               1.66,ACTIVO
Sede PGR 2023 - 006,ALM-TIE,ALMACEN TIENDA,MASS1124,SILLA CAMPING OZARK TRAIL NEGRA,U001,Ubicación Principal,PRO-04,DEPORTE Y FITNESS,Unid,                              28.00,                             235.59,                               0.00,                               0.00,                               6.00,                              50.52,                              22.00,                             185.07,                               0.00,                              22.00,                               8.42,ACTIVO
Sede PGR 2023 - 006,ALM-TIE,ALMACEN TIENDA,MASS1126,MOUSE INALAMBRICO 6 BOTONES CAJA BLANCA GRIS,U001,Ubicación Principal,PRO-15,COMPUTACION,Unid,                             234.00,                             341.64,                               0.00,                               0.00,                              34.00,                              49.64,                             200.00,                             292.00,                               0.00,                             200.00,                               1.46,ACTIVO
Sede PGR 2023 - 006,ALM-TIE,ALMACEN TIENDA,MASS1127,MOUSE INALAMBRICO 6 BOTONES CAJA BLANCA ROJO,U001,Ubicación Principal,PRO-15,COMPUTACION,Unid,                             132.00,                             192.72,                               0.00,                               0.00,                              17.00,                              24.82,                             115.00,                             167.90,                               0.00,                             115.00,                               1.46,ACTIVO
Sede PGR 2023 - 006,ALM-TIE,ALMACEN TIENDA,MASS1143,MORDAZA SEXO ORAL KJZB001 ROJA,U001,Ubicación Principal,PRO-08,ADULTOS,Unid,                             107.00,                             156.75,                               0.00,                               0.00,                               2.00,                               2.94,                             105.00,                             153.81,                               0.00,                             105.00,                               1.47,ACTIVO
Sede PGR 2023 - 006,ALM-TIE,ALMACEN TIENDA,MASS1147,RELOJ INTELIGENTE FD68 VERDE,U001,Ubicación Principal,PRO-07,RELOJES INTELIGENTES,Unid,                               0.00,                               0.00,                               3.00,                               5.74,                               2.00,                               4.14,                               1.00,                               1.60,                               0.00,                               1.00,                               1.60,ACTIVO
Sede PGR 2023 - 006,ALM-TIE,ALMACEN TIENDA,MASS1149,BALA VIBRADORA GRANDE COLORES PLATEADO CZDV001,U001,Ubicación Principal,PRO-08,ADULTOS,Unid,                               2.00,                               1.88,                               1.00,                               0.94,                               1.00,                               0.94,                               2.00,                               1.88,                               0.00,                               2.00,                               0.94,ACTIVO
Sede PGR 2023 - 006,ALM-TIE,ALMACEN TIENDA,MASS1154,MASCARA ANTIFAZ CONEJITA TNLMJ01 BLANCA,U001,Ubicación Principal,PRO-08,ADULTOS,Unid,                              87.00,                              71.75,                               0.00,                               0.00,                               1.00,                               0.82,                              86.00,                              70.93,                               0.00,                              86.00,                               0.82,ACTIVO
Sede PGR 2023 - 006,ALM-TIE,ALMACEN TIENDA,MASS1161,RABBIT PUNTO G 10 VELOCIDADES CON PUYAS YCA45010 FUCSIA,U001,Ubicación Principal,PRO-08,ADULTOS,Unid,                               1.00,                               6.11,                               0.00,                               0.00,                               0.00,                               0.00,                               1.00,                               6.11,                               0.00,                               1.00,                               6.11,ACTIVO
Sede PGR 2023 - 006,ALM-TIE,ALMACEN TIENDA,MASS1163,VIBRADOR CONSOLADOR FEMALE VIBRATOR FUCSIA HQMY8941,U001,Ubicación Principal,PRO-08,ADULTOS,Unid,                             139.00,                             358.62,                               0.00,                               0.00,                               8.00,                              20.64,                             131.00,                             337.98,                               0.00,                             131.00,                               2.58,ACTIVO
Sede PGR 2023 - 006,ALM-TIE,ALMACEN TIENDA,MASS1164,VIBRADOR CONSOLADOR FEMALE VIBRATOR NEGRO HQMY8941,U001,Ubicación Principal,PRO-08,ADULTOS,Unid,                              64.00,                             165.12,                               0.00,                               0.00,                               1.00,                               2.58,                              63.00,                             162.54,                               0.00,                              63.00,                               2.58,ACTIVO
Sede PGR 2023 - 006,ALM-TIE,ALMACEN TIENDA,MASS1168,AVION CONTROL REMOTO ZY-320 ROJO,U001,Ubicación Principal,PRO-12,JUEGOS Y JUGUETES,Unid,                               3.00,                              90.00,                               0.00,                               0.00,                               0.00,                               0.00,                               3.00,                              90.00,                               0.00,                               3.00,                              30.00,ACTIVO
Sede PGR 2023 - 006,ALM-TIE,ALMACEN TIENDA,MASS1169,AVION CONTROL REMOTO ZY-320 AZUL,U001,Ubicación Principal,PRO-12,JUEGOS Y JUGUETES,Unid,                               2.00,                              60.00,                               0.00,                               0.00,                               0.00,                               0.00,                               2.00,                              60.00,                               0.00,                               2.00,                              30.00,ACTIVO
Sede PGR 2023 - 006,ALM-TIE,ALMACEN TIENDA,MASS1171,VIBRADOR RECARGABLE 30 VELOCIDADES NEGRO YCYY3001U,U001,Ubicación Principal,PRO-08,ADULTOS,Unid,                             130.00,                             364.00,                               0.00,                               0.00,                              29.00,                              81.20,                             101.00,                             282.80,                               0.00,                             101.00,                               2.80,ACTIVO
Sede PGR 2023 - 006,ALM-TIE,ALMACEN TIENDA,MASS1172,CONSOLADOR DOBLE CABEZA TRANSPARENTE WBDS001,U001,Ubicación Principal,PRO-08,ADULTOS,Unid,                              62.00,                              50.22,                               1.00,                               0.81,                              15.00,                              12.15,                              48.00,                              38.88,                               0.00,                              48.00,                               0.81,ACTIVO
Sede PGR 2023 - 006,ALM-TIE,ALMACEN TIENDA,MASS1173,SILLA CAMPING OZARK TRAIL AZUL ELECTRICO,U001,Ubicación Principal,PRO-04,DEPORTE Y FITNESS,Unid,                              14.00,                             116.75,                               0.00,                               0.00,                               0.00,                               0.00,                              14.00,                             116.75,                               0.00,                              14.00,                               8.35,ACTIVO
Sede PGR 2023 - 006,ALM-TIE,ALMACEN TIENDA,MASS1191,SET DE INICIADORES ANALES SETANAL001 NEGRO,U001,Ubicación Principal,PRO-08,ADULTOS,Unid,                              70.00,                              70.00,                               0.00,                               0.00,                              11.00,                              11.00,                              59.00,                              59.00,                               0.00,                              59.00,                               1.00,ACTIVO
Sede PGR 2023 - 006,ALM-TIE,ALMACEN TIENDA,MASS1208,HUMIDIFICADOR T3 600ML VERDE,U001,Ubicación Principal,PRO-11,HOGAR,Unid,                               1.00,                               3.56,                               0.00,                               0.00,                               0.00,                               0.00,                               1.00,                               3.56,                               0.00,                               1.00,                               3.56,ACTIVO
Sede PGR 2023 - 006,ALM-TIE,ALMACEN TIENDA,MASS1210,HUMIDIFICADOR T2 280ML,U001,Ubicación Principal,PRO-11,HOGAR,Unid,                              19.00,                              52.01,                               0.00,                               0.00,                               0.00,                               0.00,                              19.00,                              52.01,                               0.00,                              19.00,                               2.74,ACTIVO
Sede PGR 2023 - 006,ALM-TIE,ALMACEN TIENDA,MASS1213,LIMPIADOR LAVADOR DE VASO AUTOMATICO A PRESION,U001,Ubicación Principal,PRO-25,COCINA,Unid,                              15.00,                              54.70,                               0.00,                               0.00,                               0.00,                               0.00,                              15.00,                              54.70,                               0.00,                              15.00,                               3.64,ACTIVO
Sede PGR 2023 - 006,ALM-TIE,ALMACEN TIENDA,MASS1223,CINTA KINESIOLOGICA 5CM X 5M PEGA ALEMANA FUCSIA,U001,Ubicación Principal,PRO-18,SALUD,Unid,                              31.00,                              29.87,                               0.00,                               0.00,                              17.00,                              16.49,                              14.00,                              13.38,                               0.00,                              14.00,                               0.97,ACTIVO
Sede PGR 2023 - 006,ALM-TIE,ALMACEN TIENDA,MASS1224,MAGIS TV,U001,Ubicación Principal,PRO-21,ELECTRONICA,Unid,                             494.00,"                           1,482.00",                               0.00,                               0.00,                             480.00,"                           1,440.00",                              14.00,                              42.00,                               0.00,                              14.00,                               3.00,ACTIVO
Sede PGR 2023 - 006,ALM-TIE,ALMACEN TIENDA,MASS1225,CORNETA JBL PORTATIL MODEL 113 NARANJA,U001,Ubicación Principal,PRO-10,CORNETAS,Unid,                               2.00,                               6.64,                               0.00,                               0.00,                               0.00,                               0.00,                               2.00,                               6.64,                               0.00,                               2.00,                               3.32,ACTIVO
Sede PGR 2023 - 006,ALM-TIE,ALMACEN TIENDA,MASS1230,TENSIOMETRO DIGITAL SIN VOZ,U001,Ubicación Principal,PRO-18,SALUD,Unid,                               0.00,                               0.00,                               4.00,                              16.83,                               1.00,                               4.29,                               3.00,                              12.54,                               0.00,                               3.00,                               4.18,ACTIVO
Sede PGR 2023 - 006,ALM-TIE,ALMACEN TIENDA,MASS1231,BALANZA JOYERIA 0.01 A 500 GR NEGRITA,U001,Ubicación Principal,PRO-21,ELECTRONICA,Unid,                             141.00,                             252.30,                              10.00,                              17.90,                              46.00,                              82.34,                             105.00,                             187.86,                               0.00,                             105.00,                               1.79,ACTIVO
Sede PGR 2023 - 006,ALM-TIE,ALMACEN TIENDA,MASS1234,TERMO MOTIVACIONAL 2L ELASTICO NEGRO,U001,Ubicación Principal,PRO-04,DEPORTE Y FITNESS,Unid,                              16.00,                             113.46,                               0.00,                               0.00,                               1.00,                               7.09,                              15.00,                             106.37,                               0.00,                              15.00,                               7.09,ACTIVO
Sede PGR 2023 - 006,ALM-TIE,ALMACEN TIENDA,MASS1235,TERMO MOTIVACIONAL 2L ELASTICO AZUL OSCURO,U001,Ubicación Principal,PRO-04,DEPORTE Y FITNESS,Unid,                               4.00,                              29.22,                               0.00,                               0.00,                               0.00,                               0.00,                               4.00,                              29.22,                               0.00,                               4.00,                               7.31,ACTIVO
Sede PGR 2023 - 006,ALM-TIE,ALMACEN TIENDA,MASS1236,TERMO MOTIVACIONAL 2L ELASTICO AZUL CLARO,U001,Ubicación Principal,PRO-04,DEPORTE Y FITNESS,Unid,                               6.00,                              43.05,                               0.00,                               0.00,                               0.00,                               0.00,                               6.00,                              43.05,                               0.00,                               6.00,                               7.17,ACTIVO
Sede PGR 2023 - 006,ALM-TIE,ALMACEN TIENDA,MASS1264,PARRILLERA PLANCHA HIERRO FUNDIDO REVERSIBLE,U001,Ubicación Principal,PRO-25,COCINA,Unid,                             189.00,"                           1,633.32",                               0.00,                               0.00,                              11.00,                              95.04,                             178.00,"                           1,538.28",                               0.00,                             178.00,                               8.64,ACTIVO
Sede PGR 2023 - 006,ALM-TIE,ALMACEN TIENDA,MASS1265,SET DE SARTENES HIERRO FUNDIDO 6 8 Y 12 PULGADAS,U001,Ubicación Principal,PRO-25,COCINA,Unid,                             180.00,"                           2,986.20",                               0.00,                               0.00,                              35.00,                             580.65,                             145.00,"                           2,405.55",                               0.00,                             145.00,                              16.59,ACTIVO
Sede PGR 2023 - 006,ALM-TIE,ALMACEN TIENDA,MASS1266,SELLADORA AL VACIO ELEGANTE ZK-8815,U001,Ubicación Principal,PRO-25,COCINA,Unid,                             308.00,"                           3,600.52",                               0.00,                               0.00,                              42.00,                             490.98,                             266.00,"                           3,109.54",                               0.00,                             266.00,                              11.69,ACTIVO
Sede PGR 2023 - 006,ALM-TIE,ALMACEN TIENDA,MASS1291,ASPIRADORA DE CARRO PORTATIL 12V NEGRO,U001,Ubicación Principal,PRO-01,ACCESORIOS PARA VEHICULOS,Unid,                              22.00,                              99.90,                               5.00,                              24.84,                              26.00,                             120.11,                               1.00,                               4.63,                               0.00,                               1.00,                               4.63,ACTIVO
Sede PGR 2023 - 006,ALM-TIE,ALMACEN TIENDA,MASS1298,REFUERZO GRIFO DE AGUA,U001,Ubicación Principal,PRO-25,COCINA,Unid,                               2.00,                               0.58,                               1.00,                               0.28,                               1.00,                               0.29,                               2.00,                               0.57,                               0.00,                               2.00,                               0.29,ACTIVO
Sede PGR 2023 - 006,ALM-TIE,ALMACEN TIENDA,MASS1301,EXTENSOR DE SEÑAL 300 MBPS,U001,Ubicación Principal,PRO-22,REDES INALAMBRICAS,Unid,                             398.00,"                           1,223.22",                               0.00,                               0.00,                              37.00,                             113.59,                             361.00,"                           1,109.63",                               0.00,                             361.00,                               3.07,ACTIVO
Sede PGR 2023 - 006,ALM-TIE,ALMACEN TIENDA,MASS1315,AUDIFONO INALAMBRICO RECARGABLE M90 PRO,U001,Ubicación Principal,PRO-06,AUDIFONOS,Unid,                               8.00,                              16.58,                               1.00,                               2.03,                               0.00,                               0.00,                               9.00,                              18.61,                               0.00,                               9.00,                               2.07,ACTIVO
Sede PGR 2023 - 006,ALM-TIE,ALMACEN TIENDA,MASS1321,BOMBILLO GIRATORIO DISCOTECA,U001,Ubicación Principal,PRO-14,ILUMINACION,Unid,                              11.00,                               9.57,                               0.00,                               0.00,                               0.00,                               0.00,                              11.00,                               9.57,                               0.00,                              11.00,                               0.87,ACTIVO
Sede PGR 2023 - 006,ALM-TIE,ALMACEN TIENDA,MASS1328,PISO DE VINIL AUTOADHESIVO ALTO TRAFICO 2MM GROSOR 5MTRS HHYM3018,U001,Ubicación Principal,PRO-24,REVESTIMIENTO,Unid,                             167.00,"                           2,795.55",                               8.00,                             133.92,                               6.00,                             100.44,                             169.00,"                           2,829.03",                               0.00,                             169.00,                              16.74,ACTIVO
Sede PGR 2023 - 006,ALM-TIE,ALMACEN TIENDA,MASS1331,TONER HP 12A CRG 104 Q2612A,U001,Ubicación Principal,PRO-23,IMPRESORAS,Unid,                             162.00,                             685.26,                               4.00,                              16.92,                               7.00,                              29.61,                             159.00,                             672.57,                               0.00,                             159.00,                               4.23,ACTIVO
Sede PGR 2023 - 006,ALM-TIE,ALMACEN TIENDA,MASS1333,TONER SAMSUNG MLT-D111S,U001,Ubicación Principal,PRO-23,IMPRESORAS,Unid,                             159.00,                             842.70,                               0.00,                               0.00,                               4.00,                              21.20,                             155.00,                             821.50,                               0.00,                             155.00,                               5.30,ACTIVO
Sede PGR 2023 - 006,ALM-TIE,ALMACEN TIENDA,MASS1334,TONER SAMSUNG MLT-D101S,U001,Ubicación Principal,PRO-23,IMPRESORAS,Unid,                             154.00,                             816.20,                               0.00,                               0.00,                               5.00,                              26.50,                             149.00,                             789.70,                               0.00,                             149.00,                               5.30,ACTIVO
Sede PGR 2023 - 006,ALM-TIE,ALMACEN TIENDA,MASS1343,MOUSE VERTICAL ALAMBRICO,U001,Ubicación Principal,PRO-15,COMPUTACION,Unid,                              10.00,                              37.43,                               1.00,                               3.74,                               8.00,                              29.92,                               3.00,                              11.25,                               0.00,                               3.00,                               3.74,ACTIVO
Sede PGR 2023 - 006,ALM-TIE,ALMACEN TIENDA,MASS1347,SET DE DADOS 46 PCS,U001,Ubicación Principal,PRO-16,FERRETERIA,Unid,                             274.00,                             762.84,                               0.00,                               0.00,                              41.00,                             113.98,                             233.00,                             648.86,                               0.00,                             233.00,                               2.78,ACTIVO
Sede PGR 2023 - 006,ALM-TIE,ALMACEN TIENDA,MASS1349,MINI TECLADO BLUETOOH RECARGABLE,U001,Ubicación Principal,PRO-15,COMPUTACION,Unid,                              93.00,                             224.71,                               0.00,                               0.00,                              18.00,                              43.56,                              75.00,                             181.15,                               0.00,                              75.00,                               2.42,ACTIVO
Sede PGR 2023 - 006,ALM-TIE,ALMACEN TIENDA,MASS1351,BASE FAN COOLER PARA LAPTOP H9,U001,Ubicación Principal,PRO-15,COMPUTACION,Unid,                              64.00,                             514.08,                               2.00,                              16.06,                              26.00,                             208.78,                              40.00,                             321.36,                               0.00,                              40.00,                               8.03,ACTIVO
Sede PGR 2023 - 006,ALM-TIE,ALMACEN TIENDA,MASS1355,SECADOR DE PELO HAIRDRYER PX3805,U001,Ubicación Principal,PRO-05,ESTETICA Y BELLEZA,Unid,                               1.00,                               7.23,                               0.00,                               0.00,                               0.00,                               0.00,                               1.00,                               7.23,                               0.00,                               1.00,                               7.24,ACTIVO
Sede PGR 2023 - 006,ALM-TIE,ALMACEN TIENDA,MASS1356,MAT DE YOGA COLCHONETA 4MM NEGRO,U001,Ubicación Principal,PRO-04,DEPORTE Y FITNESS,Unid,                             111.00,                             592.74,                               0.00,                               0.00,                              21.00,                             112.14,                              90.00,                             480.60,                               0.00,                              90.00,                               5.34,ACTIVO
Sede PGR 2023 - 006,ALM-TIE,ALMACEN TIENDA,MASS1357,HAND GRIP ENTRENAMIENTO DE MUÑECA MANOS Y ANTEBRAZO CON CONTADOR,U001,Ubicación Principal,PRO-04,DEPORTE Y FITNESS,Unid,                             274.00,                             257.87,                               0.00,                               0.00,                              43.00,                              40.42,                             231.00,                             217.45,                               0.00,                             231.00,                               0.94,ACTIVO
Sede PGR 2023 - 006,ALM-TIE,ALMACEN TIENDA,MASS1358,FAJA REDUCTORA MOLDEADORA CINTURA NEOPRENO NEGRO TALLA S,U001,Ubicación Principal,PRO-04,DEPORTE Y FITNESS,Unid,                              37.00,                              51.43,                               1.00,                               1.39,                              26.00,                              36.14,                              12.00,                              16.68,                               0.00,                              12.00,                               1.39,ACTIVO
Sede PGR 2023 - 006,ALM-TIE,ALMACEN TIENDA,MASS1360,TARJETA DE SONIDO V8 CON EFECTOS USB,U001,Ubicación Principal,PRO-17,AUDIO Y VIDEO,Unid,                               1.00,                               6.57,                               0.00,                               0.00,                               0.00,                               0.00,                               1.00,                               6.57,                               0.00,                               1.00,                               6.57,ACTIVO
Sede PGR 2023 - 006,ALM-TIE,ALMACEN TIENDA,MASS1361,PAPEL FOTOGRAFICO INKJET 240 GR. 20 HOJAS,U001,Ubicación Principal,PRO-19,OFICINA,Unid,"                           1,062.00",                             768.77,                              10.00,                               7.20,                              23.00,                              16.56,"                           1,049.00",                             759.41,                               0.00,"                           1,049.00",                               0.72,ACTIVO
Sede PGR 2023 - 006,ALM-TIE,ALMACEN TIENDA,MASS1365,EXTENSOR DE PENE ISAO-PROED101,U001,Ubicación Principal,PRO-08,ADULTOS,Unid,                              50.00,                             269.00,                               0.00,                               0.00,                              11.00,                              59.18,                              39.00,                             209.82,                               0.00,                              39.00,                               5.38,ACTIVO
Sede PGR 2023 - 006,ALM-TIE,ALMACEN TIENDA,MASS1377,HIDROJET PORTATIL RECARGABLE 48VF,U001,Ubicación Principal,PRO-11,HOGAR,Unid,                             227.00,"                           2,498.98",                               2.00,                              22.02,                             103.00,"                           1,134.03",                             126.00,"                           1,386.97",                               0.00,                             126.00,                              11.01,ACTIVO
Sede PGR 2023 - 006,ALM-TIE,ALMACEN TIENDA,MASS1378,MAQUINA KEMEI DE AFEITAR CABELLO SHAVER KEMEI KM-2024,U001,Ubicación Principal,PRO-05,ESTETICA Y BELLEZA,Unid,                             164.00,                             924.96,                               1.00,                               7.71,                              66.00,                             372.62,                              99.00,                             560.05,                               0.00,                              99.00,                               5.66,ACTIVO
Sede PGR 2023 - 006,ALM-TIE,ALMACEN TIENDA,MASS1379,MOUSE PAD RGB 30X80,U001,Ubicación Principal,PRO-15,COMPUTACION,Unid,                             289.00,"                           1,072.19",                               1.00,                               3.71,                              30.00,                             111.30,                             260.00,                             964.60,                               0.00,                             260.00,                               3.71,ACTIVO
Sede PGR 2023 - 006,ALM-TIE,ALMACEN TIENDA,MASS1393,SWITCH DESKTOP CUDY 5 PUERTOS GIGABIT GS105D,U001,Ubicación Principal,PRO-22,REDES INALAMBRICAS,Unid,                               1.00,                               9.50,                               0.00,                               0.00,                               0.00,                               0.00,                               1.00,                               9.50,                               0.00,                               1.00,                               9.50,ACTIVO
Sede PGR 2023 - 006,ALM-TIE,ALMACEN TIENDA,MASS1401,PISO DE VINIL CUADRADO AUTOADHESIVO AZUL HHYM9916 ALTO TRAFICO 2MM GROSOR 457MM*457MM,U001,Ubicación Principal,PRO-24,REVESTIMIENTO,Unid,                               9.00,                             170.10,                               0.00,                               0.00,                               0.00,                               0.00,                               9.00,                             170.10,                               0.00,                               9.00,                              18.90,ACTIVO
Sede PGR 2023 - 006,ALM-TIE,ALMACEN TIENDA,MASS1402,PISO VINIL AUTOADHESIVO HHYM3013 ALTO TRAFICO 2MM GROSOR 914.4MM*152.4MM,U001,Ubicación Principal,PRO-24,REVESTIMIENTO,Unid,                               8.00,                             129.73,                               9.00,                             149.05,                              12.00,                             194.76,                               5.00,                              84.02,                               0.00,                               5.00,                              16.80,ACTIVO
Sede PGR 2023 - 006,ALM-TIE,ALMACEN TIENDA,MASS1407,WALL PANEL YC6001 8886 GRIS CLARO 290*168*23,U001,Ubicación Principal,PRO-24,REVESTIMIENTO,Unid,                             480.00,"                           2,546.78",                               0.00,                               0.00,                              19.00,                             100.89,                             461.00,"                           2,445.89",                               0.00,                             461.00,                               5.31,ACTIVO
Sede PGR 2023 - 006,ALM-TIE,ALMACEN TIENDA,MASS1408,WALL PANEL 8882 MARRON CLARO BEIGE 290*168*23,U001,Ubicación Principal,PRO-24,REVESTIMIENTO,Unid,                             396.00,"                           2,013.70",                               0.00,                               0.00,                             187.00,                             951.83,                             209.00,"                           1,061.87",                               0.00,                             209.00,                               5.09,ACTIVO
Sede PGR 2023 - 006,ALM-TIE,ALMACEN TIENDA,MASS1409,WALL PANEL SSL AZUL 095 290*168*23,U001,Ubicación Principal,PRO-24,REVESTIMIENTO,Unid,                              11.00,                              54.40,                               5.00,                              31.35,                              14.00,                              72.63,                               2.00,                              13.12,                               0.00,                               2.00,                               6.56,ACTIVO
Sede PGR 2023 - 006,ALM-TIE,ALMACEN TIENDA,MASS1410,WALL PANEL YC101  NEGRO 290*168*23,U001,Ubicación Principal,PRO-24,REVESTIMIENTO,Unid,                             661.00,"                           3,329.84",                              56.00,                             282.24,                              83.00,                             418.32,                             634.00,"                           3,193.76",                               0.00,                             634.00,                               5.04,ACTIVO
Sede PGR 2023 - 006,ALM-TIE,ALMACEN TIENDA,MASS1411,WALL PANEL 3D D013 BLANCO  1MM DE GROSOR 500MM*500MM,U001,Ubicación Principal,PRO-24,REVESTIMIENTO,Unid,                             166.00,                             198.57,                               0.00,                               0.00,                               6.00,                               7.20,                             160.00,                             191.37,                               0.00,                             160.00,                               1.20,ACTIVO
Sede PGR 2023 - 006,ALM-TIE,ALMACEN TIENDA,MASS1412,WALL PANEL 3D D013 NEGRO 1MM DE GROSOR 500MM*500MM,U001,Ubicación Principal,PRO-24,REVESTIMIENTO,Unid,                              39.00,                              46.02,                               0.00,                               0.00,                               5.00,                               5.90,                              34.00,                              40.12,                               0.00,                              34.00,                               1.18,ACTIVO
Sede PGR 2023 - 006,ALM-TIE,ALMACEN TIENDA,MASS1414,WALL PANEL 3D D094 NEGRO 1MM DE GROSOR 500MM*500MM,U001,Ubicación Principal,PRO-24,REVESTIMIENTO,Unid,                             108.00,                             136.05,                               1.00,                               1.54,                              19.00,                              23.94,                              90.00,                             113.65,                               0.00,                              90.00,                               1.26,ACTIVO
Sede PGR 2023 - 006,ALM-TIE,ALMACEN TIENDA,MASS1415,WALL PANEL 3D D003 BLANCO 1MM DE GROSOR 500MM*500MM,U001,Ubicación Principal,PRO-24,REVESTIMIENTO,Unid,                             220.00,                             362.07,                               6.00,                               9.90,                               6.00,                               9.90,                             220.00,                             362.07,                               0.00,                             220.00,                               1.65,ACTIVO
Sede PGR 2023 - 006,ALM-TIE,ALMACEN TIENDA,MASS1416,WALL PANEL 3D D003 NEGRO 1MM DE GROSOR 500MM*500MM,U001,Ubicación Principal,PRO-24,REVESTIMIENTO,Unid,                             264.00,                             332.64,                               0.00,                               0.00,                               0.00,                               0.00,                             264.00,                             332.64,                               0.00,                             264.00,                               1.26,ACTIVO
Sede PGR 2023 - 006,ALM-TIE,ALMACEN TIENDA,MASS1417,FOAMI 3D PLH-01 NEGRO 70CM*77CM,U001,Ubicación Principal,PRO-24,REVESTIMIENTO,Unid,                              14.00,                              19.05,                              53.00,                              78.39,                              53.00,                              77.09,                              14.00,                              20.35,                               0.00,                              14.00,                               1.46,ACTIVO
Sede PGR 2023 - 006,ALM-TIE,ALMACEN TIENDA,MASS1419,FOAMI 3D PLH-08 GRIS 70CM*77CM,U001,Ubicación Principal,PRO-24,REVESTIMIENTO,Unid,                               0.00,                               0.00,                               9.00,                              14.04,                               0.00,                               0.00,                               9.00,                              14.04,                               0.00,                               9.00,                               1.56,ACTIVO
Sede PGR 2023 - 006,ALM-TIE,ALMACEN TIENDA,MASS1420,FOAMI 3D PLH-02 AZUL CLARO 70CM*77CM,U001,Ubicación Principal,PRO-24,REVESTIMIENTO,Unid,                               8.00,                              10.38,                               0.00,                               0.00,                               0.00,                               0.00,                               8.00,                              10.38,                               0.00,                               8.00,                               1.30,ACTIVO
Sede PGR 2023 - 006,ALM-TIE,ALMACEN TIENDA,MASS1422,FOAMI 3D PLH-05 VERDE MANZANA 70CM*77CM,U001,Ubicación Principal,PRO-24,REVESTIMIENTO,Unid,                              41.00,                              43.16,                               0.00,                               0.00,                               0.00,                               0.00,                              41.00,                              43.16,                               0.00,                              41.00,                               1.06,ACTIVO
Sede PGR 2023 - 006,ALM-TIE,ALMACEN TIENDA,MASS1424,PANEL DECORATIVO DE PARED HAYE-76 2MM DE GROSOR 30CM*60CM,U001,Ubicación Principal,PRO-24,REVESTIMIENTO,Unid,                             682.00,                             371.91,                               0.00,                               0.00,                              58.00,                              31.32,                             624.00,                             340.59,                               0.00,                             624.00,                               0.54,ACTIVO
Sede PGR 2023 - 006,ALM-TIE,ALMACEN TIENDA,MASS1425,PANEL DECORATIVO DE PARED HAYE-54 2MM DE GROSOR 30CM*60CM,U001,Ubicación Principal,PRO-24,REVESTIMIENTO,Unid,                             348.00,                             183.06,                               0.00,                               0.00,                               0.00,                               0.00,                             348.00,                             183.06,                               0.00,                             348.00,                               0.52,ACTIVO
Sede PGR 2023 - 006,ALM-TIE,ALMACEN TIENDA,MASS1426,PANEL DECORATIVO DE PARED HAYE-05 2MM DE GROSOR 30CM*60CM,U001,Ubicación Principal,PRO-24,REVESTIMIENTO,Unid,                              81.00,                              43.85,                               0.00,                               0.00,                              10.00,                               5.40,                              71.00,                              38.45,                               0.00,                              71.00,                               0.54,ACTIVO
Sede PGR 2023 - 006,ALM-TIE,ALMACEN TIENDA,MASS1427,PANEL DECORATIVO DE PARED HAYE-08 2MM DE GROSOR 30CM*60CM,U001,Ubicación Principal,PRO-24,REVESTIMIENTO,Unid,                             269.00,                             145.59,                               0.00,                               0.00,                               5.00,                               2.70,                             264.00,                             142.89,                               0.00,                             264.00,                               0.54,ACTIVO
Sede PGR 2023 - 006,ALM-TIE,ALMACEN TIENDA,MASS1429,MAT DE YOGA COLCHONETA 4MM AZUL,U001,Ubicación Principal,PRO-04,DEPORTE Y FITNESS,Unid,                              50.00,                             267.00,                               0.00,                               0.00,                               9.00,                              48.06,                              41.00,                             218.94,                               0.00,                              41.00,                               5.34,ACTIVO
Sede PGR 2023 - 006,ALM-TIE,ALMACEN TIENDA,MASS1430,MAT DE YOGA COLCHONETA 4MM ROSADO,U001,Ubicación Principal,PRO-04,DEPORTE Y FITNESS,Unid,                              58.00,                             309.72,                               0.00,                               0.00,                              11.00,                              58.74,                              47.00,                             250.98,                               0.00,                              47.00,                               5.34,ACTIVO
Sede PGR 2023 - 006,ALM-TIE,ALMACEN TIENDA,MASS1438,CAMARA TAPO C200 TP LINK 1080P WIFI DE SEGURIDAD,U001,Ubicación Principal,PRO-17,AUDIO Y VIDEO,Unid,                              39.00,                             934.44,                               0.00,                               0.00,                               5.00,                             119.80,                              34.00,                             814.64,                               0.00,                              34.00,                              23.96,ACTIVO
Sede PGR 2023 - 006,ALM-TIE,ALMACEN TIENDA,MASS1442,MOUSE INALAMBRICO RECARGABLE BLUETOOH 2.4G CAJA 2514 BLANCO,U001,Ubicación Principal,PRO-15,COMPUTACION,Unid,                              41.00,                              59.04,                               5.00,                               7.20,                              24.00,                              34.56,                              22.00,                              31.68,                               0.00,                              22.00,                               1.44,ACTIVO
Sede PGR 2023 - 006,ALM-TIE,ALMACEN TIENDA,MASS1449,IMPRESORA TERMICA 58MM,U001,Ubicación Principal,PRO-23,IMPRESORAS,Unid,                               2.00,                              15.55,                               0.00,                               0.00,                               0.00,                               0.00,                               2.00,                              15.55,                               0.00,                               2.00,                               7.74,ACTIVO
Sede PGR 2023 - 006,ALM-TIE,ALMACEN TIENDA,MASS1451,MULTIHERRAMIENTA DE PLOMERIA AJUSTE DE TUERCA,U001,Ubicación Principal,PRO-16,FERRETERIA,Unid,                              44.00,                              87.26,                               0.00,                               0.00,                               4.00,                               7.96,                              40.00,                              79.30,                               0.00,                              40.00,                               1.99,ACTIVO
Sede PGR 2023 - 006,ALM-TIE,ALMACEN TIENDA,MASS1454,IMPRESORA TERMICA USB ETIQUETAS AUTOADHESIVAS,U001,Ubicación Principal,PRO-23,IMPRESORAS,Unid,                               1.00,                              15.02,                               0.00,                               0.00,                               0.00,                               0.00,                               1.00,                              15.02,                               0.00,                               1.00,                              15.03,ACTIVO
Sede PGR 2023 - 006,ALM-TIE,ALMACEN TIENDA,MASS1457,SILLA CAMPING OZARK TRAIL ROJO,U001,Ubicación Principal,PRO-04,DEPORTE Y FITNESS,Unid,                              19.00,                             159.08,                               0.00,                               0.00,                               0.00,                               0.00,                              19.00,                             159.08,                               0.00,                              19.00,                               8.37,ACTIVO
Sede PGR 2023 - 006,ALM-TIE,ALMACEN TIENDA,MASS1463,PLUG ANAL CON COLA DE ZORRO ROJO ANALTAIL001,U001,Ubicación Principal,PRO-08,ADULTOS,Unid,                              20.00,                              28.20,                               0.00,                               0.00,                              15.00,                              21.15,                               5.00,                               7.05,                               0.00,                               5.00,                               1.41,ACTIVO
Sede PGR 2023 - 006,ALM-TIE,ALMACEN TIENDA,MASS1464,PLUG ANAL CON COLA DE ZORRO NEGRO ANALTAIL001,U001,Ubicación Principal,PRO-08,ADULTOS,Unid,                              50.00,                              70.50,                               1.00,                               1.41,                              25.00,                              35.25,                              26.00,                              36.66,                               0.00,                              26.00,                               1.41,ACTIVO
Sede PGR 2023 - 006,ALM-TIE,ALMACEN TIENDA,MASS1465,PLUG ANAL CON COLA DE ZORRO BLANCO ANALTAIL001,U001,Ubicación Principal,PRO-08,ADULTOS,Unid,                              21.00,                              29.61,                               0.00,                               0.00,                               3.00,                               4.23,                              18.00,                              25.38,                               0.00,                              18.00,                               1.41,ACTIVO
Sede PGR 2023 - 006,ALM-TIE,ALMACEN TIENDA,MASS1468,VIBRADOR ESTIMULADOR PARA PENE MASAJEADOR BODY-SAFE,U001,Ubicación Principal,PRO-08,ADULTOS,Unid,                               7.00,                              50.68,                               0.00,                               0.00,                               1.00,                               7.24,                               6.00,                              43.44,                               0.00,                               6.00,                               7.24,ACTIVO
Sede PGR 2023 - 006,ALM-TIE,ALMACEN TIENDA,MASS1470,VIBRADOR FREE ROMEO CON RECARGA USB PUNTO G FUCSIA,U001,Ubicación Principal,PRO-08,ADULTOS,Unid,                              90.00,                             576.90,                               1.00,                               6.41,                              20.00,                             128.20,                              71.00,                             455.11,                               0.00,                              71.00,                               6.41,ACTIVO
Sede PGR 2023 - 006,ALM-TIE,ALMACEN TIENDA,MASS1471,VIBRADOR CON LENGUA MAGICA-MJSTR001,U001,Ubicación Principal,PRO-08,ADULTOS,Unid,                               1.00,                               4.99,                               0.00,                               0.00,                               0.00,                               0.00,                               1.00,                               4.99,                               0.00,                               1.00,                               5.01,ACTIVO
Sede PGR 2023 - 006,ALM-TIE,ALMACEN TIENDA,MASS1473,CONSOLADOR REALISTICO CON BASE 10 PULGADAS CARNE,U001,Ubicación Principal,PRO-08,ADULTOS,Unid,                              44.00,                             148.48,                               0.00,                               0.00,                              34.00,                             114.92,                              10.00,                              33.56,                               0.00,                              10.00,                               3.38,ACTIVO
Sede PGR 2023 - 006,ALM-TIE,ALMACEN TIENDA,MASS1474,CONSOLADOR REALISTICO CON BASE 10 PULGADAS NEGRO,U001,Ubicación Principal,PRO-08,ADULTOS,Unid,                              81.00,                             273.29,                               0.00,                               0.00,                               1.00,                               3.37,                              80.00,                             269.92,                               0.00,                              80.00,                               3.37,ACTIVO
Sede PGR 2023 - 006,ALM-TIE,ALMACEN TIENDA,MASS1476,CONSOLADOR REALISTICO EXTRAGRANDE,U001,Ubicación Principal,PRO-08,ADULTOS,Unid,                              49.00,                             360.64,                               3.00,                              22.08,                              26.00,                             191.36,                              26.00,                             191.36,                               0.00,                              26.00,                               7.36,ACTIVO
Sede PGR 2023 - 006,ALM-TIE,ALMACEN TIENDA,MASS1479,VARITA MAGICA 10 VELOCIDADES AV ROSA,U001,Ubicación Principal,PRO-08,ADULTOS,Unid,                              35.00,                             133.00,                               0.00,                               0.00,                               0.00,                               0.00,                              35.00,                             133.00,                               0.00,                              35.00,                               3.80,ACTIVO
Sede PGR 2023 - 006,ALM-TIE,ALMACEN TIENDA,MASS1481,VARITA MAGICA CLITORI RECARGABLE METALIZADA MORADO,U001,Ubicación Principal,PRO-08,ADULTOS,Unid,                              74.00,                             156.14,                               0.00,                               0.00,                              22.00,                              46.42,                              52.00,                             109.72,                               0.00,                              52.00,                               2.11,ACTIVO
Sede PGR 2023 - 006,ALM-TIE,ALMACEN TIENDA,MASS1482,VARITA MAGICA CLITORI RECARGABLE METALIZADA BLANCO,U001,Ubicación Principal,PRO-08,ADULTOS,Unid,                              95.00,                             200.45,                               0.00,                               0.00,                              11.00,                              23.21,                              84.00,                             177.24,                               0.00,                              84.00,                               2.11,ACTIVO
Sede PGR 2023 - 006,ALM-TIE,ALMACEN TIENDA,MASS1489,ALEXA ECHO POP,U001,Ubicación Principal,PRO-21,ELECTRONICA,Unid,                               1.00,                              26.20,                               0.00,                               0.00,                               0.00,                               0.00,                               1.00,                              26.20,                               0.00,                               1.00,                              26.20,ACTIVO
Sede PGR 2023 - 006,ALM-TIE,ALMACEN TIENDA,MASS1509,LENCERIA 8516,U001,Ubicación Principal,PRO-08,ADULTOS,Unid,                               8.00,                               6.92,                               0.00,                               0.00,                               4.00,                               3.44,                               4.00,                               3.48,                               0.00,                               4.00,                               0.86,ACTIVO
Sede PGR 2023 - 006,ALM-TIE,ALMACEN TIENDA,MASS1510,LENCERIA 3018,U001,Ubicación Principal,PRO-08,ADULTOS,Unid,                               2.00,                               2.70,                               0.00,                               0.00,                               0.00,                               0.00,                               2.00,                               2.70,                               0.00,                               2.00,                               1.33,ACTIVO
Sede PGR 2023 - 006,ALM-TIE,ALMACEN TIENDA,MASS1511,LENCERIA 8049,U001,Ubicación Principal,PRO-08,ADULTOS,Unid,                              48.00,                              36.00,                               0.00,                               0.00,                               6.00,                               4.50,                              42.00,                              31.50,                               0.00,                              42.00,                               0.75,ACTIVO
Sede PGR 2023 - 006,ALM-TIE,ALMACEN TIENDA,MASS1519,JUEGO DE PELADOR DE VERDURA 3 EN 1 CON ALMACENAMIENTO DE PLASTICO,U001,Ubicación Principal,PRO-25,COCINA,Unid,                              38.00,                              19.11,                               6.00,                               3.10,                              17.00,                               8.51,                              27.00,                              13.70,                               0.00,                              27.00,                               0.51,ACTIVO
Sede PGR 2023 - 006,ALM-TIE,ALMACEN TIENDA,MASS1523,GANCHO SOPORTE PARA BICICLETA,U001,Ubicación Principal,PRO-04,DEPORTE Y FITNESS,Unid,                             195.00,                             530.09,                               0.00,                               0.00,                               0.00,                               0.00,                             195.00,                             530.09,                               0.00,                             195.00,                               2.72,ACTIVO
Sede PGR 2023 - 006,ALM-TIE,ALMACEN TIENDA,MASS1524,PAR DE MUÑEQUERA DE FITNESS DE ALTA CALIDAD AZUL,U001,Ubicación Principal,PRO-04,DEPORTE Y FITNESS,Unid,                              73.00,                              67.92,                               0.00,                               0.00,                               9.00,                               8.37,                              64.00,                              59.55,                               0.00,                              64.00,                               0.93,ACTIVO
Sede PGR 2023 - 006,ALM-TIE,ALMACEN TIENDA,MASS1525,ZAPATERA DE METAL 6 NIVELES,U001,Ubicación Principal,PRO-11,HOGAR,Unid,                             210.00,                             925.00,                              11.00,                              49.58,                              91.00,                             401.17,                             130.00,                             573.41,                               0.00,                             130.00,                               4.41,ACTIVO
Sede PGR 2023 - 006,ALM-TIE,ALMACEN TIENDA,MASS1526,CAJA ORGANIZADOR DE ZAPATO 12 PCS,U001,Ubicación Principal,PRO-11,HOGAR,Unid,                               1.00,                              24.49,                               0.00,                               0.00,                               0.00,                               0.00,                               1.00,                              24.49,                               0.00,                               1.00,                              24.49,ACTIVO
Sede PGR 2023 - 006,ALM-TIE,ALMACEN TIENDA,MASS1530,TERMO DEPORTIVO,U001,Ubicación Principal,PRO-04,DEPORTE Y FITNESS,Unid,                              45.00,                             210.11,                               0.00,                               0.00,                               2.00,                               9.34,                              43.00,                             200.77,                               0.00,                              43.00,                               4.67,ACTIVO
Sede PGR 2023 - 006,ALM-TIE,ALMACEN TIENDA,MASS1531,TERMO FLEXIBLE DE 600ML GRIS,U001,Ubicación Principal,PRO-04,DEPORTE Y FITNESS,Unid,                               2.00,                               5.22,                               0.00,                               0.00,                               0.00,                               0.00,                               2.00,                               5.22,                               0.00,                               2.00,                               2.61,ACTIVO
Sede PGR 2023 - 006,ALM-TIE,ALMACEN TIENDA,MASS1532,BILLETES DE DOLARES PARA FIESTAS,U001,Ubicación Principal,PRO-12,JUEGOS Y JUGUETES,Unid,                             132.00,                              89.18,                               0.00,                               0.00,                               4.00,                               2.68,                             128.00,                              86.50,                               0.00,                             128.00,                               0.67,ACTIVO
Sede PGR 2023 - 006,ALM-TIE,ALMACEN TIENDA,MASS1534,PELADOR DE VEGETALES ROJO,U001,Ubicación Principal,PRO-25,COCINA,Unid,                              31.00,                              15.34,                               1.00,                               0.49,                               2.00,                               0.98,                              30.00,                              14.85,                               0.00,                              30.00,                               0.49,ACTIVO
Sede PGR 2023 - 006,ALM-TIE,ALMACEN TIENDA,MASS1535,TERMO DE ACERO INOXIDABLE 18oz NEGRO,U001,Ubicación Principal,PRO-04,DEPORTE Y FITNESS,Unid,                              78.00,                             290.58,                               0.00,                               0.00,                               9.00,                              33.57,                              69.00,                             257.01,                               0.00,                              69.00,                               3.73,ACTIVO
Sede PGR 2023 - 006,ALM-TIE,ALMACEN TIENDA,MASS1540,HUB 4 PUERTOS,U001,Ubicación Principal,PRO-20,"CABLES, ADAPTADORES Y CONVERTIDORES",Unid,                             123.00,                             187.36,                               5.00,                               7.90,                              25.00,                              38.00,                             103.00,                             157.26,                               0.00,                             103.00,                               1.53,ACTIVO
Sede PGR 2023 - 006,ALM-TIE,ALMACEN TIENDA,MASS1543,PARCHES DESINTOXICANTES DE PIE,U001,Ubicación Principal,PRO-18,SALUD,Unid,                              96.00,                              89.78,                               0.00,                               0.00,                              46.00,                              42.78,                              50.00,                              47.00,                               0.00,                              50.00,                               0.93,ACTIVO
Sede PGR 2023 - 006,ALM-TIE,ALMACEN TIENDA,MASS1545,VENTILADOR RECARGABLE CAMPING VERDE,U001,Ubicación Principal,PRO-11,HOGAR,Unid,                               1.00,                              19.98,                               0.00,                               0.00,                               0.00,                               0.00,                               1.00,                              19.98,                               0.00,                               1.00,                              19.99,ACTIVO
Sede PGR 2023 - 006,ALM-TIE,ALMACEN TIENDA,MASS1551,MAQUINA DE SOLDAR,U001,Ubicación Principal,PRO-16,FERRETERIA,Unid,                              12.00,                             365.20,                               0.00,                               0.00,                               5.00,                             152.30,                               7.00,                             212.90,                               0.00,                               7.00,                              30.46,ACTIVO
Sede PGR 2023 - 006,ALM-TIE,ALMACEN TIENDA,MASS1552,PISTOLA DISPENSADORA DE BILLETE,U001,Ubicación Principal,PRO-12,JUEGOS Y JUGUETES,Unid,                              55.00,                             185.85,                               0.00,                               0.00,                               0.00,                               0.00,                              55.00,                             185.85,                               0.00,                              55.00,                               3.38,ACTIVO
Sede PGR 2023 - 006,ALM-TIE,ALMACEN TIENDA,MASS1557,TIMBRE INALAMBRICO 200 MTS DE DISTANCIA,U001,Ubicación Principal,PRO-11,HOGAR,Unid,                              60.00,                             229.20,                               0.00,                               0.00,                               0.00,                               0.00,                              60.00,                             229.20,                               0.00,                              60.00,                               3.82,ACTIVO
Sede PGR 2023 - 006,ALM-TIE,ALMACEN TIENDA,MASS1560,FERULA A4,U001,Ubicación Principal,PRO-19,OFICINA,Unid,                               6.00,                              21.84,                               9.00,                              35.82,                               7.00,                              26.41,                               8.00,                              31.25,                               0.00,                               8.00,                               3.91,ACTIVO
Sede PGR 2023 - 006,ALM-TIE,ALMACEN TIENDA,MASS1574,TIRROS MASSHOPPING,U001,Ubicación Principal,PRO-02,ACCESORIOS VARIOS,Unid,                             111.00,                              72.15,                               0.00,                               0.00,                               0.00,                               0.00,                             111.00,                              72.15,                               0.00,                             111.00,                               0.65,ACTIVO
Sede PGR 2023 - 006,ALM-TIE,ALMACEN TIENDA,MASS1575,BOLSAS MASSHOPPING,U001,Ubicación Principal,PRO-02,ACCESORIOS VARIOS,Unid,"                           4,450.00","                           1,869.00",                               0.00,                               0.00,                             550.00,                             231.00,"                           3,900.00","                           1,638.00",                               0.00,"                           3,900.00",                               0.42,ACTIVO
Sede PGR 2023 - 006,ALM-TIE,ALMACEN TIENDA,MASS1586,ETIQUETAS AUTOADHESIVA,U001,Ubicación Principal,PRO-02,ACCESORIOS VARIOS,Unid,                             249.00,                               0.00,                               0.00,                               0.00,                               0.00,                               0.00,                             249.00,                               0.00,                               0.00,                             249.00,                               0.00,ACTIVO
Sede PGR 2023 - 006,ALM-TIE,ALMACEN TIENDA,MASS1597,PAR DE MUÑEQUERA DE FITNESS DE ALTA CALIDAD ROJO,U001,Ubicación Principal,PRO-04,DEPORTE Y FITNESS,Unid,                              72.00,                              66.24,                               0.00,                               0.00,                              13.00,                              11.96,                              59.00,                              54.28,                               0.00,                              59.00,                               0.92,ACTIVO
Sede PGR 2023 - 006,ALM-TIE,ALMACEN TIENDA,MASS1598,PAR DE MUÑEQUERA DE FITNESS DE ALTA CALIDAD NARANJA,U001,Ubicación Principal,PRO-04,DEPORTE Y FITNESS,Unid,                              83.00,                              76.33,                               0.00,                               0.00,                               3.00,                               2.76,                              80.00,                              73.57,                               0.00,                              80.00,                               0.92,ACTIVO
Sede PGR 2023 - 006,ALM-TIE,ALMACEN TIENDA,MASS1599,PAR DE MUÑEQUERA DE FITNESS DE ALTA CALIDAD GRIS,U001,Ubicación Principal,PRO-04,DEPORTE Y FITNESS,Unid,                             135.00,                             125.48,                               0.00,                               0.00,                               9.00,                               8.37,                             126.00,                             117.11,                               0.00,                             126.00,                               0.93,ACTIVO
Sede PGR 2023 - 006,ALM-TIE,ALMACEN TIENDA,MASS1601,BOLSO DE LAPTOP REFLECTIVO GRIS,U001,Ubicación Principal,PRO-15,COMPUTACION,Unid,                              12.00,                              61.56,                               0.00,                               0.00,                               7.00,                              35.98,                               5.00,                              25.58,                               0.00,                               5.00,                               5.14,ACTIVO
Sede PGR 2023 - 006,ALM-TIE,ALMACEN TIENDA,MASS1605,TERMO FLEXIBLE DE 600ML VERDE,U001,Ubicación Principal,PRO-04,DEPORTE Y FITNESS,Unid,                               1.00,                               3.15,                               0.00,                               0.00,                               0.00,                               0.00,                               1.00,                               3.15,                               0.00,                               1.00,                               3.15,ACTIVO
Sede PGR 2023 - 006,ALM-TIE,ALMACEN TIENDA,MASS1607,TERMO FLEXIBLE DE 600ML ROSADO,U001,Ubicación Principal,PRO-04,DEPORTE Y FITNESS,Unid,                               1.00,                               3.92,                               0.00,                               0.00,                               0.00,                               0.00,                               1.00,                               3.92,                               0.00,                               1.00,                               3.92,ACTIVO
Sede PGR 2023 - 006,ALM-TIE,ALMACEN TIENDA,MASS1608,PELADOR DE VEGETALES VERDE,U001,Ubicación Principal,PRO-25,COCINA,Unid,                              39.00,                              18.43,                               0.00,                               0.00,                               1.00,                               0.47,                              38.00,                              17.96,                               0.00,                              38.00,                               0.47,ACTIVO
Sede PGR 2023 - 006,ALM-TIE,ALMACEN TIENDA,MASS1609,PELADOR DE VEGETALES AZUL,U001,Ubicación Principal,PRO-25,COCINA,Unid,                              26.00,                              12.23,                               0.00,                               0.00,                               1.00,                               0.47,                              25.00,                              11.76,                               0.00,                              25.00,                               0.47,ACTIVO
Sede PGR 2023 - 006,ALM-TIE,ALMACEN TIENDA,MASS1611,TERMO DE ACERO INOXIDABLE 18oz BLANCO,U001,Ubicación Principal,PRO-04,DEPORTE Y FITNESS,Unid,                              17.00,                              61.37,                               0.00,                               0.00,                               0.00,                               0.00,                              17.00,                              61.37,                               0.00,                              17.00,                               3.61,ACTIVO
Sede PGR 2023 - 006,ALM-TIE,ALMACEN TIENDA,MASS1614,TERMO DE ACERO INOXIDABLE 36oz BLANCO,U001,Ubicación Principal,PRO-04,DEPORTE Y FITNESS,Unid,                              74.00,                             350.00,                               0.00,                               0.00,                               3.00,                              14.19,                              71.00,                             335.81,                               0.00,                              71.00,                               4.73,ACTIVO
Sede PGR 2023 - 006,ALM-TIE,ALMACEN TIENDA,MASS1617,DESTAPADOR MULTIUSO PLATEADO,U001,Ubicación Principal,PRO-25,COCINA,Unid,                              28.00,                               8.83,                               0.00,                               0.00,                               6.00,                               1.92,                              22.00,                               6.91,                               0.00,                              22.00,                               0.32,ACTIVO
Sede PGR 2023 - 006,ALM-TIE,ALMACEN TIENDA,MASS1635,CORTINAS BLACK OUT 132 X 214 CM CAQUI,U001,Ubicación Principal,PRO-11,HOGAR,Unid,                               8.00,                              53.62,                               0.00,                               0.00,                               0.00,                               0.00,                               8.00,                              53.62,                               0.00,                               8.00,                               6.70,ACTIVO
Sede PGR 2023 - 006,ALM-TIE,ALMACEN TIENDA,MASS1640,MINI PICADOR ELECTRICO DE VERDURA 4 EN 1 USB,U001,Ubicación Principal,PRO-25,COCINA,Unid,                              27.00,                             103.69,                               0.00,                               0.00,                               1.00,                               3.85,                              26.00,                              99.84,                               0.00,                              26.00,                               3.85,ACTIVO
Sede PGR 2023 - 006,ALM-TIE,ALMACEN TIENDA,MASS1641,LIMPIADORA SECADOR DE VEGETABLES Y FRUTAS VERDE,U001,Ubicación Principal,PRO-25,COCINA,Unid,                              46.00,                             164.41,                               0.00,                               0.00,                               0.00,                               0.00,                              46.00,                             164.41,                               0.00,                              46.00,                               3.57,ACTIVO
Sede PGR 2023 - 006,ALM-TIE,ALMACEN TIENDA,MASS1642,LIMPIADORA SECADOR DE VEGETABLES Y FRUTAS AZUL,U001,Ubicación Principal,PRO-25,COCINA,Unid,                              41.00,                             146.64,                               0.00,                               0.00,                               0.00,                               0.00,                              41.00,                             146.64,                               0.00,                              41.00,                               3.58,ACTIVO
Sede PGR 2023 - 006,ALM-TIE,ALMACEN TIENDA,MASS1647,LAMPARA RESTAURANTES TOUCH DORADO,U001,Ubicación Principal,PRO-14,ILUMINACION,Unid,                              78.00,                             359.33,                               6.00,                              27.66,                              27.00,                             124.47,                              57.00,                             262.52,                               0.00,                              57.00,                               4.61,ACTIVO
Sede PGR 2023 - 006,ALM-TIE,ALMACEN TIENDA,MASS1648,ORGANIZADOR DE LIMPIEZA,U001,Ubicación Principal,PRO-11,HOGAR,Unid,                              45.00,                             144.90,                              15.00,                              48.30,                              44.00,                             141.68,                              16.00,                              51.52,                               0.00,                              16.00,                               3.22,ACTIVO
Sede PGR 2023 - 006,ALM-TIE,ALMACEN TIENDA,MASS1649,SENSOR AUTOMATICO DE PUERTA TENSION 500G,U001,Ubicación Principal,PRO-11,HOGAR,Unid,                              28.00,                              23.43,                               0.00,                               0.00,                               2.00,                               1.68,                              26.00,                              21.75,                               0.00,                              26.00,                               0.84,ACTIVO
Sede PGR 2023 - 006,ALM-TIE,ALMACEN TIENDA,MASS1650,DESTORNILLADORES DE PRESICION 8 in 1,U001,Ubicación Principal,PRO-16,FERRETERIA,Unid,                             133.00,                             502.65,                               0.00,                               0.00,                               1.00,                               3.78,                             132.00,                             498.87,                               0.00,                             132.00,                               3.78,ACTIVO
Sede PGR 2023 - 006,ALM-TIE,ALMACEN TIENDA,MASS1651,ORGANIZADOR DE BANO 40/50cm,U001,Ubicación Principal,PRO-11,HOGAR,Unid,                              19.00,                             174.93,                               0.00,                               0.00,                               0.00,                               0.00,                              19.00,                             174.93,                               0.00,                              19.00,                               9.21,ACTIVO
Sede PGR 2023 - 006,ALM-TIE,ALMACEN TIENDA,MASS1652,SOPLADORA MANUAL CARBON,U001,Ubicación Principal,PRO-25,COCINA,Unid,                             103.00,                             148.31,                               1.00,                               1.44,                              17.00,                              24.48,                              87.00,                             125.27,                               0.00,                              87.00,                               1.44,ACTIVO
Sede PGR 2023 - 006,ALM-TIE,ALMACEN TIENDA,MASS1654,PISTOLA DE AGUA AZUL,U001,Ubicación Principal,PRO-12,JUEGOS Y JUGUETES,Unid,                              17.00,                             146.48,                               0.00,                               0.00,                               0.00,                               0.00,                              17.00,                             146.48,                               0.00,                              17.00,                               8.62,ACTIVO
Sede PGR 2023 - 006,ALM-TIE,ALMACEN TIENDA,MASS1656,MAQUINA KEMEI HAIR CLIPPER KM-032,U001,Ubicación Principal,PRO-05,ESTETICA Y BELLEZA,Unid,                             409.00,"                           1,657.64",                               0.00,                               0.00,                              48.00,                             194.40,                             361.00,"                           1,463.24",                               0.00,                             361.00,                               4.05,ACTIVO
Sede PGR 2023 - 006,ALM-TIE,ALMACEN TIENDA,MASS1657,MAQUINA KEMEI 4 EN 1 KM-6630,U001,Ubicación Principal,PRO-05,ESTETICA Y BELLEZA,Unid,                             479.00,"                           2,160.29",                               0.00,                               0.00,                              82.00,                             369.82,                             397.00,"                           1,790.47",                               0.00,                             397.00,                               4.51,ACTIVO
Sede PGR 2023 - 006,ALM-TIE,ALMACEN TIENDA,MASS1658,POLVO SMOKE AZUL,U001,Ubicación Principal,PRO-12,JUEGOS Y JUGUETES,Unid,                              44.00,                              49.40,                               0.00,                               0.00,                               0.00,                               0.00,                              44.00,                              49.40,                               0.00,                              44.00,                               1.12,ACTIVO
Sede PGR 2023 - 006,ALM-TIE,ALMACEN TIENDA,MASS1659,POLVO SMOKE ROSADO,U001,Ubicación Principal,PRO-12,JUEGOS Y JUGUETES,Unid,                              35.00,                              39.19,                               0.00,                               0.00,                               0.00,                               0.00,                              35.00,                              39.19,                               0.00,                              35.00,                               1.12,ACTIVO
Sede PGR 2023 - 006,ALM-TIE,ALMACEN TIENDA,MASS1660,POLVO SMOKE CONFETI,U001,Ubicación Principal,PRO-12,JUEGOS Y JUGUETES,Unid,                              38.00,                              42.96,                               0.00,                               0.00,                               1.00,                               1.13,                              37.00,                              41.83,                               0.00,                              37.00,                               1.13,ACTIVO
Sede PGR 2023 - 006,ALM-TIE,ALMACEN TIENDA,MASS1661,MONEDA BITCOINS,U001,Ubicación Principal,PRO-12,JUEGOS Y JUGUETES,Unid,                              71.00,                              14.82,                               0.00,                               0.00,                               4.00,                               0.84,                              67.00,                              13.98,                               0.00,                              67.00,                               0.21,ACTIVO
Sede PGR 2023 - 006,ALM-TIE,ALMACEN TIENDA,MASS1662,PENDULO BALANCE BALL 9*7.5cm,U001,Ubicación Principal,PRO-02,ACCESORIOS VARIOS,Unid,                             271.00,                             252.03,                               0.00,                               0.00,                              39.00,                              36.27,                             232.00,                             215.76,                               0.00,                             232.00,                               0.93,ACTIVO
Sede PGR 2023 - 006,ALM-TIE,ALMACEN TIENDA,MASS1664,PISTOLA DE BURBUJA VERDE AGUAMARINA,U001,Ubicación Principal,PRO-12,JUEGOS Y JUGUETES,Unid,                              36.00,                             124.64,                               0.00,                               0.00,                               1.00,                               3.46,                              35.00,                             121.18,                               0.00,                              35.00,                               3.46,ACTIVO
Sede PGR 2023 - 006,ALM-TIE,ALMACEN TIENDA,MASS1665,PISTOLA DE BURBUJA AMARILLO,U001,Ubicación Principal,PRO-12,JUEGOS Y JUGUETES,Unid,                              92.00,                             302.35,                               0.00,                               0.00,                               0.00,                               0.00,                              92.00,                             302.35,                               0.00,                              92.00,                               3.29,ACTIVO
Sede PGR 2023 - 006,ALM-TIE,ALMACEN TIENDA,MASS1667,BASE PARA ROUTER 33*14cm,U001,Ubicación Principal,PRO-15,COMPUTACION,Unid,                             329.00,                             745.10,                               0.00,                               0.00,                               4.00,                               9.04,                             325.00,                             736.06,                               0.00,                             325.00,                               2.26,ACTIVO
Sede PGR 2023 - 006,ALM-TIE,ALMACEN TIENDA,MASS1669,LAMPARA DE LUNA  10cm,U001,Ubicación Principal,PRO-14,ILUMINACION,Unid,                             178.00,                             619.63,                               0.00,                               0.00,                               0.00,                               0.00,                             178.00,                             619.63,                               0.00,                             178.00,                               3.48,ACTIVO
Sede PGR 2023 - 006,ALM-TIE,ALMACEN TIENDA,MASS1672,RELOJ INTELIGENTE D18S ROSADO,U001,Ubicación Principal,PRO-07,RELOJES INTELIGENTES,Unid,                               1.00,                               1.75,                               0.00,                               0.00,                               0.00,                               0.00,                               1.00,                               1.75,                               0.00,                               1.00,                               1.75,ACTIVO
Sede PGR 2023 - 006,ALM-TIE,ALMACEN TIENDA,MASS1655,DRONE,U001,Ubicación Principal,PRO-17,AUDIO Y VIDEO,Unid,                               2.00,                              23.78,                               0.00,                               0.00,                               0.00,                               0.00,                               2.00,                              23.78,                               0.00,                               2.00,                              11.89,ACTIVO
Sede PGR 2023 - 006,ALM-TIE,ALMACEN TIENDA,MASS1694,CONSOLADOR CURVO DE SILICON CON BASE 21CM,U001,Ubicación Principal,PRO-08,ADULTOS,Unid,                              57.00,                             314.64,                               0.00,                               0.00,                              17.00,                              93.84,                              40.00,                             220.80,                               0.00,                              40.00,                               5.52,ACTIVO
Sede PGR 2023 - 006,ALM-TIE,ALMACEN TIENDA,MASS1700,HUEVO MASTURBADOR MASCULINO TEXTURIZADO PIES AZUL,U001,Ubicación Principal,PRO-08,ADULTOS,Unid,                               9.00,                               6.39,                               0.00,                               0.00,                               3.00,                               2.13,                               6.00,                               4.26,                               0.00,                               6.00,                               0.71,ACTIVO
Sede PGR 2023 - 006,ALM-TIE,ALMACEN TIENDA,MASS1702,HUEVO MASTURBADOR MASCULINO TEXTURIZADO BOCA ROSADO,U001,Ubicación Principal,PRO-08,ADULTOS,Unid,                              10.00,                               7.10,                               0.00,                               0.00,                               6.00,                               4.26,                               4.00,                               2.84,                               0.00,                               4.00,                               0.71,ACTIVO
Sede PGR 2023 - 006,ALM-TIE,ALMACEN TIENDA,MASS1703,HUEVO MASTURBADOR MASCULINO TEXTURIZADO MARRON ACEITE,U001,Ubicación Principal,PRO-08,ADULTOS,Unid,                              10.00,                               7.10,                               0.00,                               0.00,                               0.00,                               0.00,                              10.00,                               7.10,                               0.00,                              10.00,                               0.71,ACTIVO
Sede PGR 2023 - 006,ALM-TIE,ALMACEN TIENDA,MASS1709,ARNES STRAP DOBLE PENETRACION 18CM Y 13CM MORADO,U001,Ubicación Principal,PRO-08,ADULTOS,Unid,                               1.00,                               4.22,                               0.00,                               0.00,                               0.00,                               0.00,                               1.00,                               4.22,                               0.00,                               1.00,                               4.22,ACTIVO
Sede PGR 2023 - 006,ALM-TIE,ALMACEN TIENDA,MASS1713,MASTURBADOR PRETTY LOVE ACCION SUCCIONADORA ANO,U001,Ubicación Principal,PRO-08,ADULTOS,Unid,                              10.00,                              40.80,                               0.00,                               0.00,                               9.00,                              36.72,                               1.00,                               4.08,                               0.00,                               1.00,                               4.08,ACTIVO
Sede PGR 2023 - 006,ALM-TIE,ALMACEN TIENDA,MASS1714,MASTURBADOR PRETTY LOVE ACCION SUCCIONADORA BOCA,U001,Ubicación Principal,PRO-08,ADULTOS,Unid,                              23.00,                              94.28,                               0.00,                               0.00,                               4.00,                              16.36,                              19.00,                              77.92,                               0.00,                              19.00,                               4.09,ACTIVO
Sede PGR 2023 - 006,ALM-TIE,ALMACEN TIENDA,MASS1718,VIBRADOR DE SILICON REUTILIZABLE PARA HOMBRE ANILLO PARA PENE,U001,Ubicación Principal,PRO-08,ADULTOS,Unid,                              29.00,                              15.48,                               3.00,                               1.60,                              31.00,                              16.59,                               1.00,                               0.49,                               0.00,                               1.00,                               0.49,ACTIVO
Sede PGR 2023 - 006,ALM-TIE,ALMACEN TIENDA,MASS1719,MASTURBADOR VIBRADOR PARA HOMBRE MASAJEADOR DE PENE ELECTRICO,U001,Ubicación Principal,PRO-08,ADULTOS,Unid,                              25.00,                             259.56,                               0.00,                               0.00,                               0.00,                               0.00,                              25.00,                             259.56,                               0.00,                              25.00,                              10.38,ACTIVO
Sede PGR 2023 - 006,ALM-TIE,ALMACEN TIENDA,MASS1720,VIBRADOR ANAL 10 VELOCIDADES,U001,Ubicación Principal,PRO-08,ADULTOS,Unid,                              19.00,                              95.16,                               0.00,                               0.00,                               2.00,                              10.00,                              17.00,                              85.16,                               0.00,                              17.00,                               5.00,ACTIVO
Sede PGR 2023 - 006,ALM-TIE,ALMACEN TIENDA,MASS1721,RABBIT VIBRADOR WOMEN 10 VELOCIDADES ROSADO,U001,Ubicación Principal,PRO-08,ADULTOS,Unid,                              52.00,                             273.52,                               0.00,                               0.00,                              34.00,                             178.84,                              18.00,                              94.68,                               0.00,                              18.00,                               5.26,ACTIVO
Sede PGR 2023 - 006,ALM-TIE,ALMACEN TIENDA,MASS1722,RABBIT VIBRADOR WOMEN 10 VELOCIDADES VERDE,U001,Ubicación Principal,PRO-08,ADULTOS,Unid,                              22.00,                             115.72,                               0.00,                               0.00,                              21.00,                             110.46,                               1.00,                               5.26,                               0.00,                               1.00,                               5.26,ACTIVO
Sede PGR 2023 - 006,ALM-TIE,ALMACEN TIENDA,MASS1723,VIBRADOR ESTIMULADOR PUNTO G BEGINNER,U001,Ubicación Principal,PRO-08,ADULTOS,Unid,                              79.00,                             269.39,                               0.00,                               0.00,                               4.00,                              13.64,                              75.00,                             255.75,                               0.00,                              75.00,                               3.41,ACTIVO
Sede PGR 2023 - 006,ALM-TIE,ALMACEN TIENDA,MASS1725,CARAMELO EXPLOSIVO COMESTIBLE,U001,Ubicación Principal,PRO-08,ADULTOS,Unid,                             420.00,                             478.80,                               3.00,                               3.42,                              60.00,                              68.40,                             363.00,                             413.82,                               0.00,                             363.00,                               1.14,ACTIVO
Sede PGR 2023 - 006,ALM-TIE,ALMACEN TIENDA,MASS1726,APLICADOR DE LUBRICANTE ANAL,U001,Ubicación Principal,PRO-08,ADULTOS,Unid,                             136.00,                             259.76,                               0.00,                               0.00,                               0.00,                               0.00,                             136.00,                             259.76,                               0.00,                             136.00,                               1.91,ACTIVO
Sede PGR 2023 - 006,ALM-TIE,ALMACEN TIENDA,MASS1732,FORRO EXTENSOR PARA PENE NEGRO VIBRADOR RECARGABLE,U001,Ubicación Principal,PRO-08,ADULTOS,Unid,                              39.00,                             214.89,                               0.00,                               0.00,                               6.00,                              33.06,                              33.00,                             181.83,                               0.00,                              33.00,                               5.51,ACTIVO
Sede PGR 2023 - 006,ALM-TIE,ALMACEN TIENDA,MASS1734,FORRO PARA PENE TEXTURIZADO CON BALA VIBRADORA,U001,Ubicación Principal,PRO-08,ADULTOS,Unid,                             155.00,                             458.80,                               0.00,                               0.00,                               7.00,                              20.72,                             148.00,                             438.08,                               0.00,                             148.00,                               2.96,ACTIVO
Sede PGR 2023 - 006,ALM-TIE,ALMACEN TIENDA,MASS1736,PISO VINIL AUTOADHESIVO HHYM3024 ALTO TRAFICO 2MM GROSOR 914.4MM*152.4MM,U001,Ubicación Principal,PRO-24,REVESTIMIENTO,Unid,                              45.00,                             727.19,                               0.00,                               0.00,                               0.00,                               0.00,                              45.00,                             727.19,                               0.00,                              45.00,                              16.16,ACTIVO
Sede PGR 2023 - 006,ALM-TIE,ALMACEN TIENDA,MASS1739,WALL PANEL 3D 1MM DE GROSOR 500MM*500MM D088 BLANCO,U001,Ubicación Principal,PRO-24,REVESTIMIENTO,Unid,                               8.00,                              19.09,                               0.00,                               0.00,                               0.00,                               0.00,                               8.00,                              19.09,                               0.00,                               8.00,                               2.39,ACTIVO
Sede PGR 2023 - 006,ALM-TIE,ALMACEN TIENDA,MASS1740,WALL PANEL 3D 1MM DE GROSOR 500MM*500MM D088 NEGRO,U001,Ubicación Principal,PRO-24,REVESTIMIENTO,Unid,                              95.00,                             119.70,                               0.00,                               0.00,                               8.00,                              10.08,                              87.00,                             109.62,                               0.00,                              87.00,                               1.26,ACTIVO
Sede PGR 2023 - 006,ALM-TIE,ALMACEN TIENDA,MASS1741,WALL PANEL 3D 1MM DE GROSOR 500MM*500MM D017 BLANCO,U001,Ubicación Principal,PRO-24,REVESTIMIENTO,Unid,                             473.00,                             700.61,                               0.00,                               0.00,                               5.00,                               7.40,                             468.00,                             693.21,                               0.00,                             468.00,                               1.48,ACTIVO
Sede PGR 2023 - 006,ALM-TIE,ALMACEN TIENDA,MASS1742,WALL PANEL 3D 1MM DE GROSOR 500MM*500MM D017 NEGRO,U001,Ubicación Principal,PRO-24,REVESTIMIENTO,Unid,                             177.00,                             244.97,                               0.00,                               0.00,                               5.00,                               6.90,                             172.00,                             238.07,                               0.00,                             172.00,                               1.38,ACTIVO
Sede PGR 2023 - 006,ALM-TIE,ALMACEN TIENDA,MASS1743,WALL PANEL HYYC073 BLANCO,U001,Ubicación Principal,PRO-24,REVESTIMIENTO,Unid,                             767.00,"                           4,113.38",                               0.00,                               0.00,                              16.00,                              85.76,                             751.00,"                           4,027.62",                               0.00,                             751.00,                               5.36,ACTIVO
Sede PGR 2023 - 006,ALM-TIE,ALMACEN TIENDA,MASS1745,ROLLO PANEL DECORATIVO BD871 NEGRO CON BLANCO,U001,Ubicación Principal,PRO-24,REVESTIMIENTO,Unid,                              69.00,                             140.51,                               1.00,                               2.03,                              68.00,                             138.65,                               2.00,                               3.89,                               0.00,                               2.00,                               2.04,ACTIVO
Sede PGR 2023 - 006,ALM-TIE,ALMACEN TIENDA,MASS1746,ROLLO PANEL DECORATIVO BD928 GRIS,U001,Ubicación Principal,PRO-24,REVESTIMIENTO,Unid,                             128.00,                             260.36,                               4.00,                               8.12,                              46.00,                              93.38,                              86.00,                             175.10,                               0.00,                              86.00,                               2.03,ACTIVO
Sede PGR 2023 - 006,ALM-TIE,ALMACEN TIENDA,MASS1747,ROLLO PANEL DECORATIVO BD771 BLANCO,U001,Ubicación Principal,PRO-24,REVESTIMIENTO,Unid,                             194.00,                             394.38,                               0.00,                               0.00,                              24.00,                              48.72,                             170.00,                             345.66,                               0.00,                             170.00,                               2.03,ACTIVO
Sede PGR 2023 - 006,ALM-TIE,ALMACEN TIENDA,MASS1750,FOAMI 3D 70CM*77CM PSHS-1-01 ACANALADO BLANCO,U001,Ubicación Principal,PRO-24,REVESTIMIENTO,Unid,                             828.00,"                           1,161.11",                               0.00,                               0.00,                               3.00,                               4.20,                             825.00,"                           1,156.91",                               0.00,                             825.00,                               1.40,ACTIVO
Sede PGR 2023 - 006,ALM-TIE,ALMACEN TIENDA,MASS1751,FOAMI 3D 70CM*77CM PSHS-6-01 ACANALADO AMARILLO,U001,Ubicación Principal,PRO-24,REVESTIMIENTO,Unid,"                           1,426.00","                           1,975.93",                               1.00,                               1.39,                               2.00,                               2.78,"                           1,425.00","                           1,974.54",                               0.00,"                           1,425.00",                               1.39,ACTIVO
Sede PGR 2023 - 006,ALM-TIE,ALMACEN TIENDA,MASS1752,FOAMI 3D 70CM*77CM PSHS-7-01 ACANALADO ROSA PASTEL,U001,Ubicación Principal,PRO-24,REVESTIMIENTO,Unid,                             560.00,                             775.51,                               1.00,                               1.39,                               2.00,                               2.78,                             559.00,                             774.12,                               0.00,                             559.00,                               1.38,ACTIVO
Sede PGR 2023 - 006,ALM-TIE,ALMACEN TIENDA,MASS1753,FOAMI 3D 70CM*77CM PSHS-8-01 ACANALADO GRIS,U001,Ubicación Principal,PRO-24,REVESTIMIENTO,Unid,"                           1,091.00","                           1,535.44",                               0.00,                               0.00,                               0.00,                               0.00,"                           1,091.00","                           1,535.44",                               0.00,"                           1,091.00",                               1.41,ACTIVO
Sede PGR 2023 - 006,ALM-TIE,ALMACEN TIENDA,MASS1754,FOAMI 3D 70CM*77CM PSHS-9-01 ACANALADO NEGRO,U001,Ubicación Principal,PRO-24,REVESTIMIENTO,Unid,                             884.00,"                           1,249.87",                               0.00,                               0.00,                               8.00,                              11.28,                             876.00,"                           1,238.59",                               0.00,                             876.00,                               1.41,ACTIVO
Sede PGR 2023 - 006,ALM-TIE,ALMACEN TIENDA,MASS1756,FOAMI 3D 70CM*77CM PSHS-11-01 ACANALADO MARRON CLARO,U001,Ubicación Principal,PRO-24,REVESTIMIENTO,Unid,                             570.00,                             793.69,                               0.00,                               0.00,                               6.00,                               8.34,                             564.00,                             785.35,                               0.00,                             564.00,                               1.39,ACTIVO
Sede PGR 2023 - 006,ALM-TIE,ALMACEN TIENDA,MASS1758,BALA COLORES PASTELES AZUL YCAS4301,U001,Ubicación Principal,PRO-08,ADULTOS,Unid,                              71.00,                              59.64,                               1.00,                               0.84,                              31.00,                              26.04,                              41.00,                              34.44,                               0.00,                              41.00,                               0.84,ACTIVO
Sede PGR 2023 - 006,ALM-TIE,ALMACEN TIENDA,MASS1759,BALA COLORES PASTELES ROJO YCAS4301,U001,Ubicación Principal,PRO-08,ADULTOS,Unid,                              70.00,                              58.80,                               0.00,                               0.00,                              33.00,                              27.72,                              37.00,                              31.08,                               0.00,                              37.00,                               0.84,ACTIVO
Sede PGR 2023 - 006,ALM-TIE,ALMACEN TIENDA,MASS1760,CONSOLADOR ANAL 14CM CON VENTOSA ADHERENTE,U001,Ubicación Principal,PRO-08,ADULTOS,Unid,                             133.00,                              73.15,                               1.00,                               0.55,                              35.00,                              19.25,                              99.00,                              54.45,                               0.00,                              99.00,                               0.55,ACTIVO
Sede PGR 2023 - 006,ALM-TIE,ALMACEN TIENDA,MASS1766,BOLSAS DE MASSHOPPING AZULES,U001,Ubicación Principal,PRO-02,ACCESORIOS VARIOS,Unid,"                           1,033.00",                             826.40,                               0.00,                               0.00,                             100.00,                              80.00,                             933.00,                             746.40,                               0.00,                             933.00,                               0.80,ACTIVO
Sede PGR 2023 - 006,ALM-TIE,ALMACEN TIENDA,MASS1777,WALL PANEL HYYC045 GRIS OSCURO 290*168*23,U001,Ubicación Principal,PRO-24,REVESTIMIENTO,Unid,                             557.00,"                           2,777.71",                              56.00,                             279.44,                              74.00,                             369.26,                             539.00,"                           2,687.89",                               0.00,                             539.00,                               4.99,ACTIVO
Sede PGR 2023 - 006,ALM-TIE,ALMACEN TIENDA,MASS1778,WALL PANEL HYYC018 COLOR MADERA 290*168*23,U001,Ubicación Principal,PRO-24,REVESTIMIENTO,Unid,                             127.00,                             617.91,                               0.00,                               0.00,                              34.00,                             165.24,                              93.00,                             452.67,                               0.00,                              93.00,                               4.86,ACTIVO
Sede PGR 2023 - 006,ALM-TIE,ALMACEN TIENDA,MASS1781,CONSOLADOR REALISTICO CON CHUPON INFLABLE,U001,Ubicación Principal,PRO-08,ADULTOS,Unid,                             264.00,                             889.68,                               0.00,                               0.00,                              19.00,                              64.03,                             245.00,                             825.65,                               0.00,                             245.00,                               3.37,ACTIVO
Sede PGR 2023 - 006,ALM-TIE,ALMACEN TIENDA,MASS1786,ALMOHADA DE GEL 35 X 55 CM,U001,Ubicación Principal,PRO-11,HOGAR,Unid,                               2.00,                              11.22,                               0.00,                               0.00,                               0.00,                               0.00,                               2.00,                              11.22,                               0.00,                               2.00,                               5.56,ACTIVO
Sede PGR 2023 - 006,ALM-TIE,ALMACEN TIENDA,MASS1787 ,CONSOLA NINTENDO GAME STICK RETRO INALAMBRICO M8 64GB +1000 JUEGOS,U001,Ubicación Principal,PRO-03,CONSOLAS Y VIDEOJUEGOS,Unid,                              73.00,                             698.98,                               2.00,                              19.15,                              63.00,                             603.11,                              12.00,                             115.02,                               0.00,                              12.00,                               9.58,ACTIVO
Sede PGR 2023 - 006,ALM-TIE,ALMACEN TIENDA,MASS1790,MOLDE DE SILICON AIR FRYER CUADRADO AZUL,U001,Ubicación Principal,PRO-25,COCINA,Unid,                               8.00,                               9.04,                               0.00,                               0.00,                               5.00,                               5.70,                               3.00,                               3.34,                               0.00,                               3.00,                               1.14,ACTIVO
Sede PGR 2023 - 006,ALM-TIE,ALMACEN TIENDA,MASS1795,REFLECTOR SOLAR DE PARED PARA EXTERIORES CON SENSOR DE MOVIMIENTO,U001,Ubicación Principal,PRO-14,ILUMINACION,Unid,                             288.00,                             440.64,                               4.00,                               6.12,                             125.00,                             191.25,                             167.00,                             255.51,                               0.00,                             167.00,                               1.53,ACTIVO
Sede PGR 2023 - 006,ALM-TIE,ALMACEN TIENDA,MASS1798,ANTORCHA SOLAR DE LLAMA LED IMPERMIABLE PARA JARDIN DECORACION,U001,Ubicación Principal,PRO-14,ILUMINACION,Unid,                             248.00,                             362.42,                               0.00,                               0.00,                               8.00,                              11.68,                             240.00,                             350.74,                               0.00,                             240.00,                               1.46,ACTIVO
Sede PGR 2023 - 006,ALM-TIE,ALMACEN TIENDA,MASS1799,CARGADOR PANEL SOLAR 6W 6V,U001,Ubicación Principal,PRO-13,ACCESORIOS DE TELEFONOS,Unid,                              18.00,                              65.45,                               5.00,                              18.15,                              22.00,                              80.07,                               1.00,                               3.53,                               0.00,                               1.00,                               3.64,ACTIVO
Sede PGR 2023 - 006,ALM-TIE,ALMACEN TIENDA,MASS1800,AUDIFONO INALAMBRICO RECARGABLE M41,U001,Ubicación Principal,PRO-06,AUDIFONOS,Unid,                               1.00,                               3.79,                               0.00,                               0.00,                               0.00,                               0.00,                               1.00,                               3.79,                               0.00,                               1.00,                               3.79,ACTIVO
Sede PGR 2023 - 006,ALM-TIE,ALMACEN TIENDA,MASS1801,RELOJ INTELIGENTE S16 NEGRO + CORREA ADICIONAL,U001,Ubicación Principal,PRO-07,RELOJES INTELIGENTES,Unid,                               1.00,                               5.31,                               0.00,                               0.00,                               0.00,                               0.00,                               1.00,                               5.31,                               0.00,                               1.00,                               5.32,ACTIVO
Sede PGR 2023 - 006,ALM-TIE,ALMACEN TIENDA,MASS1803,CASE EXTERNO USB 2.0 TRASPARENTE,U001,Ubicación Principal,PRO-15,COMPUTACION,Unid,                             280.00,                             453.60,                               0.00,                               0.00,                              11.00,                              17.82,                             269.00,                             435.78,                               0.00,                             269.00,                               1.62,ACTIVO
Sede PGR 2023 - 006,ALM-TIE,ALMACEN TIENDA,MASS1806,CAMARA DE SEGURIDAD DOBLE ROBOTICA 360° GRADOS HD MICRO SD WIFFI,U001,Ubicación Principal,PRO-17,AUDIO Y VIDEO,Unid,                               8.00,                              50.96,                              17.00,                             137.72,                              22.00,                             158.53,                               3.00,                              30.15,                               0.00,                               3.00,                              10.05,ACTIVO
Sede PGR 2023 - 006,ALM-TIE,ALMACEN TIENDA,MASS1807,VENTILADOR PORTATIL 3 EN 1 BLANCO ENFRIADOR HUMIDIFICADOR LUZ LED,U001,Ubicación Principal,PRO-11,HOGAR,Unid,                              52.00,                             246.66,                               0.00,                               0.00,                              17.00,                              80.58,                              35.00,                             166.08,                               0.00,                              35.00,                               4.74,ACTIVO
Sede PGR 2023 - 006,ALM-TIE,ALMACEN TIENDA,MASS1810,SET DE CUCHILLOS 5 PIEZAS NEGRO,U001,Ubicación Principal,PRO-25,COCINA,Unid,                              14.00,                              78.09,                               0.00,                               0.00,                               5.00,                              27.85,                               9.00,                              50.24,                               0.00,                               9.00,                               5.57,ACTIVO
Sede PGR 2023 - 006,ALM-TIE,ALMACEN TIENDA,MASS1817,RELOJ INTELIGENTE SMARTWATCH T900 ULTRA BLANCO,U001,Ubicación Principal,PRO-07,RELOJES INTELIGENTES,Unid,                               1.00,                               3.83,                               0.00,                               0.00,                               0.00,                               0.00,                               1.00,                               3.83,                               0.00,                               1.00,                               3.81,ACTIVO
Sede PGR 2023 - 006,ALM-TIE,ALMACEN TIENDA,MASS1819,RELOJ INTELIGENTE SMARTWATCH S100 NEGRO 7 CORREAS,U001,Ubicación Principal,PRO-07,RELOJES INTELIGENTES,Unid,                               3.00,                              15.47,                               0.00,                               0.00,                               0.00,                               0.00,                               3.00,                              15.47,                               0.00,                               3.00,                               5.16,ACTIVO
Sede PGR 2023 - 006,ALM-TIE,ALMACEN TIENDA,MASS1820,RELOJ INTELIGENTE SMARTWATCH H92 Ultra 3,U001,Ubicación Principal,PRO-07,RELOJES INTELIGENTES,Unid,                               0.00,                               0.00,                               1.00,                               9.57,                               0.00,                               0.00,                               1.00,                               9.57,                               0.00,                               1.00,                               9.57,ACTIVO
Sede PGR 2023 - 006,ALM-TIE,ALMACEN TIENDA,MASS1821,AUDIFONO GQ-11 PLATEADO,U001,Ubicación Principal,PRO-06,AUDIFONOS,Unid,                               1.00,                               4.93,                               2.00,                               8.92,                               0.00,                               0.00,                               3.00,                              13.85,                               0.00,                               3.00,                               4.62,ACTIVO
Sede PGR 2023 - 006,ALM-TIE,ALMACEN TIENDA,MASS1826,PROTECTOR DRENAJE DE SILICONA PARA DUCHA GRIS,U001,Ubicación Principal,PRO-11,HOGAR,Unid,                               6.00,                               0.72,                               0.00,                               0.00,                               0.00,                               0.00,                               6.00,                               0.72,                               0.00,                               6.00,                               0.12,ACTIVO
Sede PGR 2023 - 006,ALM-TIE,ALMACEN TIENDA,MASS1828,GRIPPY VARIADOS,U001,Ubicación Principal,PRO-13,ACCESORIOS DE TELEFONOS,Unid,                              40.00,                              59.40,                               0.00,                               0.00,                               5.00,                               7.45,                              35.00,                              51.95,                               0.00,                              35.00,                               1.49,ACTIVO
Sede PGR 2023 - 006,ALM-TIE,ALMACEN TIENDA,MASS1829,GLUCOMETRO SINOCARE,U001,Ubicación Principal,PRO-18,SALUD,Unid,                              41.00,                             485.97,                               0.00,                               0.00,                              19.00,                             225.15,                              22.00,                             260.82,                               0.00,                              22.00,                              11.85,ACTIVO
Sede PGR 2023 - 006,ALM-TIE,ALMACEN TIENDA,MASS1830,JUEGO DADO*53 16JG/BT B20616-6,U001,Ubicación Principal,PRO-16,FERRETERIA,Unid,                              35.00,                             190.79,                               0.00,                               0.00,                               2.00,                              10.90,                              33.00,                             179.89,                               0.00,                              33.00,                               5.45,ACTIVO
Sede PGR 2023 - 006,ALM-TIE,ALMACEN TIENDA,MASS1827,PROTECTOR DRENAJE DE SILICONA PARA DUCHA BLANCO,U001,Ubicación Principal,PRO-11,HOGAR,Unid,                               1.00,                               0.27,                               0.00,                               0.00,                               0.00,                               0.00,                               1.00,                               0.27,                               0.00,                               1.00,                               0.26,ACTIVO
Sede PGR 2023 - 006,ALM-TIE,ALMACEN TIENDA,MASS1835,WALL PANEL HYYC025 290*168*23,U001,Ubicación Principal,PRO-24,REVESTIMIENTO,Unid,                              47.00,                             223.51,                               0.00,                               0.00,                               9.00,                              42.75,                              38.00,                             180.76,                               0.00,                              38.00,                               4.75,ACTIVO
Sede PGR 2023 - 006,ALM-TIE,ALMACEN TIENDA,MASS1836,"ROLLO PANEL DECORATIVO JQ-90527D1 1,2m x 3m",U001,Ubicación Principal,PRO-24,REVESTIMIENTO,Unid,                             126.00,"                           1,083.60",                               0.00,                               0.00,                              44.00,                             378.40,                              82.00,                             705.20,                               0.00,                              82.00,                               8.60,ACTIVO
Sede PGR 2023 - 006,ALM-TIE,ALMACEN TIENDA,MASS1837,"ROLLO PANEL DECORATIVO JQ-F-008 1,2m x 3m",U001,Ubicación Principal,PRO-24,REVESTIMIENTO,Unid,                             270.00,"                           2,338.82",                               0.00,                               0.00,                               2.00,                              17.32,                             268.00,"                           2,321.50",                               0.00,                             268.00,                               8.66,ACTIVO
Sede PGR 2023 - 006,ALM-TIE,ALMACEN TIENDA,MASS1838,"ROLLO PANEL DECORATIVO JQ-F-014 1,2m x 3m",U001,Ubicación Principal,PRO-24,REVESTIMIENTO,Unid,                             319.00,"                           2,787.01",                               0.00,                               0.00,                               0.00,                               0.00,                             319.00,"                           2,787.01",                               0.00,                             319.00,                               8.74,ACTIVO
Sede PGR 2023 - 006,ALM-TIE,ALMACEN TIENDA,MASS1839,"ROLLO PANEL DECORATIVO JQ-H-002 1,2m x 3m",U001,Ubicación Principal,PRO-24,REVESTIMIENTO,Unid,                             242.00,"                           2,101.68",                               0.00,                               0.00,                               1.00,                               8.68,                             241.00,"                           2,093.00",                               0.00,                             241.00,                               8.68,ACTIVO
Sede PGR 2023 - 006,ALM-TIE,ALMACEN TIENDA,MASS1840,"ROLLO PANEL DECORATIVO JQ-YP-03 1,2m x 3m",U001,Ubicación Principal,PRO-24,REVESTIMIENTO,Unid,                             262.00,"                           2,280.80",                               0.00,                               0.00,                               6.00,                              52.26,                             256.00,"                           2,228.54",                               0.00,                             256.00,                               8.71,ACTIVO
Sede PGR 2023 - 006,ALM-TIE,ALMACEN TIENDA,MASS1841,"ROLLO PANEL DECORATIVO JQ-YP-160 1,2m x 3m",U001,Ubicación Principal,PRO-24,REVESTIMIENTO,Unid,                             241.00,"                           2,080.06",                               0.00,                               0.00,                               3.00,                              25.89,                             238.00,"                           2,054.17",                               0.00,                             238.00,                               8.63,ACTIVO
Sede PGR 2023 - 006,ALM-TIE,ALMACEN TIENDA,MASS1842,"ROLLO PANEL DECORATIVO JQ-YP-162 1,2m x 3m",U001,Ubicación Principal,PRO-24,REVESTIMIENTO,Unid,                              83.00,                             713.80,                               0.00,                               0.00,                              17.00,                             146.20,                              66.00,                             567.60,                               0.00,                              66.00,                               8.60,ACTIVO
Sede PGR 2023 - 006,ALM-TIE,ALMACEN TIENDA,MASS1843,"ROLLO PANEL DECORATIVO JQ-YP-164 1,2m x 3m",U001,Ubicación Principal,PRO-24,REVESTIMIENTO,Unid,                             237.00,"                           2,063.92",                               0.00,                               0.00,                               1.00,                               8.71,                             236.00,"                           2,055.21",                               0.00,                             236.00,                               8.71,ACTIVO
Sede PGR 2023 - 006,ALM-TIE,ALMACEN TIENDA,MASS1833,WALL PANEL PASTEL GREEN 290*168*23,U001,Ubicación Principal,PRO-24,REVESTIMIENTO,Unid,                              93.00,                             411.06,                               0.00,                               0.00,                               0.00,                               0.00,                              93.00,                             411.06,                               0.00,                              93.00,                               4.42,ACTIVO
Sede PGR 2023 - 006,ALM-TIE,ALMACEN TIENDA,MASS1847,CARGADOR DE CARRO APPLE 20W,U001,Ubicación Principal,PRO-01,ACCESORIOS PARA VEHICULOS,Unid,                               1.00,                               2.00,                               0.00,                               0.00,                               0.00,                               0.00,                               1.00,                               2.00,                               0.00,                               1.00,                               2.00,ACTIVO
Sede PGR 2023 - 006,ALM-TIE,ALMACEN TIENDA,MASS1854,RELOJ INTELIGENTE SMARTWATCH S100 ROSADO 7 CORREAS,U001,Ubicación Principal,PRO-07,RELOJES INTELIGENTES,Unid,                               2.00,                              10.32,                               0.00,                               0.00,                               0.00,                               0.00,                               2.00,                              10.32,                               0.00,                               2.00,                               5.16,ACTIVO
Sede PGR 2023 - 006,ALM-TIE,ALMACEN TIENDA,MASS1856,RELOJ INTELIGENTE S9 GRIS INCLUYE 3 CORREAS,U001,Ubicación Principal,PRO-07,RELOJES INTELIGENTES,Unid,                               1.00,                               3.66,                               0.00,                               0.00,                               0.00,                               0.00,                               1.00,                               3.66,                               0.00,                               1.00,                               3.66,ACTIVO
Sede PGR 2023 - 006,ALM-TIE,ALMACEN TIENDA,MASS1859,SECADORA DE ROPA PORTATIL,U001,Ubicación Principal,PRO-11,HOGAR,Unid,                               9.00,                             147.92,                               0.00,                               0.00,                               7.00,                             115.01,                               2.00,                              32.91,                               0.00,                               2.00,                              16.43,ACTIVO
Sede PGR 2023 - 006,ALM-TIE,ALMACEN TIENDA,MASS1861,BATERIA HIDROJET PORTATIL 48V,U001,Ubicación Principal,PRO-16,FERRETERIA,Unid,                             948.00,"                           3,457.14",                               4.00,                              14.60,                              23.00,                              83.95,                             929.00,"                           3,387.79",                               0.00,                             929.00,                               3.65,ACTIVO
Sede PGR 2023 - 006,ALM-TIE,ALMACEN TIENDA,MASS1865,MAQUINA PARA HACER PASTA CALABACIN BLANCO,U001,Ubicación Principal,PRO-25,COCINA,Unid,                              58.00,                              74.27,                               2.00,                               2.54,                              40.00,                              51.04,                              20.00,                              25.77,                               0.00,                              20.00,                               1.28,ACTIVO
Sede PGR 2023 - 006,ALM-TIE,ALMACEN TIENDA,MASS1867,VASO STANLEY 40ONZ VERDE,U001,Ubicación Principal,PRO-04,DEPORTE Y FITNESS,Unid,                               7.00,                              63.43,                               0.00,                               0.00,                               0.00,                               0.00,                               7.00,                              63.43,                               0.00,                               7.00,                               9.07,ACTIVO
Sede PGR 2023 - 006,ALM-TIE,ALMACEN TIENDA,MASS1868,VASO STANLEY 40ONZ AZUL,U001,Ubicación Principal,PRO-04,DEPORTE Y FITNESS,Unid,                               1.00,                               8.93,                               0.00,                               0.00,                               0.00,                               0.00,                               1.00,                               8.93,                               0.00,                               1.00,                               8.93,ACTIVO
Sede PGR 2023 - 006,ALM-TIE,ALMACEN TIENDA,MASS1873,MINI MAQUINA DE COSER 12 PUNTADAS,U001,Ubicación Principal,PRO-11,HOGAR,Unid,                             162.00,"                           2,959.74",                               0.10,                               1.83,                             105.10,"                           1,920.18",                              57.00,"                           1,041.39",                               0.00,                              57.00,                              18.27,ACTIVO
Sede PGR 2023 - 006,ALM-TIE,ALMACEN TIENDA,MASS1874,SET DE CEPILLO SECADOR 5 EN 1,U001,Ubicación Principal,PRO-05,ESTETICA Y BELLEZA,Unid,                               3.00,                              27.06,                               0.00,                               0.00,                               0.00,                               0.00,                               3.00,                              27.06,                               0.00,                               3.00,                               9.02,ACTIVO
Sede PGR 2023 - 006,ALM-TIE,ALMACEN TIENDA,MASS1875,MAQUINA PARA HACER PASTA SPAGHETTI ACERO INOXIDABLE,U001,Ubicación Principal,PRO-25,COCINA,Unid,                             132.00,"                           1,257.50",                               0.00,                               0.00,                              62.00,                             590.86,                              70.00,                             666.64,                               0.00,                              70.00,                               9.53,ACTIVO
Sede PGR 2023 - 006,ALM-TIE,ALMACEN TIENDA,MASS1876,MAQUINA FABRICADORA DE HIELO PORTATIL,U001,Ubicación Principal,PRO-25,COCINA,Unid,                               5.00,                             277.22,                               2.00,                             110.92,                               2.00,                             110.90,                               5.00,                             277.24,                               0.00,                               5.00,                              55.45,ACTIVO
Sede PGR 2023 - 006,ALM-TIE,ALMACEN TIENDA,MASS1877,"MAQUINA DE SOLDAR INVERTER PORTATIL INDUSTRIAL 140 AMP 1,7KG",U001,Ubicación Principal,PRO-16,FERRETERIA,Unid,                              30.00,"                           1,479.15",                               0.00,                               0.00,                               0.00,                               0.00,                              30.00,"                           1,479.15",                               0.00,                              30.00,                              49.31,ACTIVO
Sede PGR 2023 - 006,ALM-TIE,ALMACEN TIENDA,MASS1878,TIMBRE INTERCOMUNICADOR INTELIGENTE CON CAMARA WIFFI IP,U001,Ubicación Principal,PRO-11,HOGAR,Unid,                              17.00,                              88.56,                               1.00,                               5.21,                              14.00,                              72.94,                               4.00,                              20.83,                               0.00,                               4.00,                               5.21,ACTIVO
Sede PGR 2023 - 006,ALM-TIE,ALMACEN TIENDA,MASS1879,PAINT ZOOM AZUL,U001,Ubicación Principal,PRO-16,FERRETERIA,Unid,                              16.00,                             314.31,                               0.00,                               0.00,                               1.00,                              19.64,                              15.00,                             294.67,                               0.00,                              15.00,                              19.64,ACTIVO
Sede PGR 2023 - 006,ALM-TIE,ALMACEN TIENDA,MASS1885,RADIO BOAFENG UV-5R DOBLE BANDA UHF-VHF + MI,U001,Ubicación Principal,PRO-21,ELECTRONICA,Unid,                             132.00,"                           1,470.65",                               0.00,                               0.00,                               8.00,                              89.12,                             124.00,"                           1,381.53",                               0.00,                             124.00,                              11.14,ACTIVO
Sede PGR 2023 - 006,ALM-TIE,ALMACEN TIENDA,MASS1886,"TOPE DE PUERTA DE SILICONA, TOPE MAGNETICO FUERTE",U001,Ubicación Principal,PRO-11,HOGAR,Unid,                               1.00,                               1.04,                               0.00,                               0.00,                               0.00,                               0.00,                               1.00,                               1.04,                               0.00,                               1.00,                               0.94,ACTIVO
Sede PGR 2023 - 006,ALM-TIE,ALMACEN TIENDA,MASS1887,LONCHERA CON COMPARTIMIENTO PARA ALIMENTOS AZUL,U001,Ubicación Principal,PRO-25,COCINA,Unid,                               1.00,                               3.14,                               1.00,                               3.07,                               1.00,                               3.07,                               1.00,                               3.14,                               0.00,                               1.00,                               3.14,ACTIVO
Sede PGR 2023 - 006,ALM-TIE,ALMACEN TIENDA,MASS1889,LONCHERA CON COMPARTIMIENTO PARA ALIMENTOS BLANCO,U001,Ubicación Principal,PRO-25,COCINA,Unid,                              10.00,                              31.10,                               1.00,                               3.11,                               3.00,                               9.33,                               8.00,                              24.88,                               0.00,                               8.00,                               3.11,ACTIVO
Sede PGR 2023 - 006,ALM-TIE,ALMACEN TIENDA,MASS1898,CINTA IMPERMEABLE PARA REPARACION DE GRIENTAS EN TECHOS,U001,Ubicación Principal,PRO-24,REVESTIMIENTO,Unid,                             106.00,                             244.16,                               0.00,                               0.00,                              22.00,                              50.38,                              84.00,                             193.78,                               0.00,                              84.00,                               2.29,ACTIVO
Sede PGR 2023 - 006,ALM-TIE,ALMACEN TIENDA,MASS1900,AEROGRAFO COMPRESOR PORTATIL PARA DECORACION UÑAS,U001,Ubicación Principal,PRO-05,ESTETICA Y BELLEZA,Unid,                               5.00,                              50.98,                               1.00,                               9.74,                               5.00,                              51.00,                               1.00,                               9.72,                               0.00,                               1.00,                               9.72,ACTIVO
Sede PGR 2023 - 006,ALM-TIE,ALMACEN TIENDA,MASS1901,VENTILADOR DE TECHO LED 30W 25CM CON CONTROL  REMOTO ILUMINACION REGULABLE 85-265V,U001,Ubicación Principal,PRO-11,HOGAR,Unid,                             100.00,                             531.23,                               2.00,                              10.62,                               7.00,                              37.17,                              95.00,                             504.68,                               0.00,                              95.00,                               5.31,ACTIVO
Sede PGR 2023 - 006,ALM-TIE,ALMACEN TIENDA,MASS1902,VENTILADOR DE TECHO LED INTELIGENTE CON CONTROL REMOTO BASE E27 REGULABLE 30W,U001,Ubicación Principal,PRO-11,HOGAR,Unid,                              42.00,                             583.00,                               0.00,                               0.00,                               1.00,                              13.88,                              41.00,                             569.12,                               0.00,                              41.00,                              13.88,ACTIVO
Sede PGR 2023 - 006,ALM-TIE,ALMACEN TIENDA,MASS1903,JUEGO DE ESCOBA GRUESA ANTIADHERENTE  PARA INTERIORES,U001,Ubicación Principal,PRO-11,HOGAR,Unid,                              49.00,                             476.77,                               0.00,                               0.00,                               3.00,                              29.19,                              46.00,                             447.58,                               0.00,                              46.00,                               9.73,ACTIVO
Sede PGR 2023 - 006,ALM-TIE,ALMACEN TIENDA,MASS1904,CAMARA TIPO BOMBILLO BASE E27 1080P,U001,Ubicación Principal,PRO-17,AUDIO Y VIDEO,Unid,                             377.00,"                           1,349.66",                               4.00,                              14.32,                             321.00,"                           1,149.18",                              60.00,                             214.80,                               0.00,                              60.00,                               3.58,ACTIVO
Sede PGR 2023 - 006,ALM-TIE,ALMACEN TIENDA,MASS1906,MASAJEADOR EMS DE ESTIRAMIENTO FACIAL  ANTIARRUGAS 7 MODOS,U001,Ubicación Principal,PRO-05,ESTETICA Y BELLEZA,Unid,                             576.00,"                           2,079.36",                               1.00,                               3.61,                              80.00,                             288.80,                             497.00,"                           1,794.17",                               0.00,                             497.00,                               3.61,ACTIVO
Sede PGR 2023 - 006,ALM-TIE,ALMACEN TIENDA,MASS1910,ESTERILIZADOR ULTRAVIOLETA PARA CEPILLO DE DIENTES BLANCO,U001,Ubicación Principal,PRO-18,SALUD,Unid,                             144.00,                             423.36,                               0.00,                               0.00,                              40.00,                             117.60,                             104.00,                             305.76,                               0.00,                             104.00,                               2.94,ACTIVO
Sede PGR 2023 - 006,ALM-TIE,ALMACEN TIENDA,MASS1911,ABRELATA PORTATIL RECARGABLE,U001,Ubicación Principal,PRO-25,COCINA,Unid,                              55.00,                             101.83,                               0.00,                               0.00,                               4.00,                               7.40,                              51.00,                              94.43,                               0.00,                              51.00,                               1.85,ACTIVO
Sede PGR 2023 - 006,ALM-TIE,ALMACEN TIENDA,MASS1913,DISPENSADOR DE MASA PURPURA,U001,Ubicación Principal,PRO-25,COCINA,Unid,                             172.00,                             643.39,                               0.00,                               0.00,                               1.00,                               3.74,                             171.00,                             639.65,                               0.00,                             171.00,                               3.74,ACTIVO
Sede PGR 2023 - 006,ALM-TIE,ALMACEN TIENDA,MASS1914,LICUADORA PORTATIL BLANCA,U001,Ubicación Principal,PRO-25,COCINA,Unid,                              23.00,                              63.52,                               0.00,                               0.00,                               1.00,                               2.76,                              22.00,                              60.76,                               0.00,                              22.00,                               2.76,ACTIVO
Sede PGR 2023 - 006,ALM-TIE,ALMACEN TIENDA,MASS1915,LICUADORA PORTATIL AZUL,U001,Ubicación Principal,PRO-25,COCINA,Unid,                               3.00,                               8.04,                               0.00,                               0.00,                               0.00,                               0.00,                               3.00,                               8.04,                               0.00,                               3.00,                               2.68,ACTIVO
Sede PGR 2023 - 006,ALM-TIE,ALMACEN TIENDA,MASS1917,PISO VINIL AUTOADHESIVO 3020  ALTO TRAFICO 2MM GROSOR 914.4MM*152.4MM,U001,Ubicación Principal,PRO-24,REVESTIMIENTO,Unid,                             251.00,"                           4,120.81",                              19.00,                             333.84,                              22.00,                             363.00,                             248.00,"                           4,091.65",                               0.00,                             248.00,                              16.50,ACTIVO
Sede PGR 2023 - 006,ALM-TIE,ALMACEN TIENDA,MASS1918,PISO VINIL AUTOADHESIVO 3026  ALTO TRAFICO 2MM GROSOR 914.4MM*152.4MM,U001,Ubicación Principal,PRO-24,REVESTIMIENTO,Unid,                              87.00,"                           1,424.90",                              10.00,                             163.80,                              19.00,                             311.22,                              78.00,"                           1,277.48",                               0.00,                              78.00,                              16.38,ACTIVO
Sede PGR 2023 - 006,ALM-TIE,ALMACEN TIENDA,MASS1921,SATISFYER PLUG ILICIOUS VIBRADOR ANAL CON APP,U001,Ubicación Principal,PRO-08,ADULTOS,Unid,                              19.00,                             211.66,                               0.00,                               0.00,                               0.00,                               0.00,                              19.00,                             211.66,                               0.00,                              19.00,                              11.14,ACTIVO
Sede PGR 2023 - 006,ALM-TIE,ALMACEN TIENDA,MASS1922,ESTIMULANTE SEXUAL FEMENINO POTENCIADOR DE LIBIDO Y ORGASMO,U001,Ubicación Principal,PRO-08,ADULTOS,Unid,                              66.00,                             125.40,                               0.00,                               0.00,                              40.00,                              76.00,                              26.00,                              49.40,                               0.00,                              26.00,                               1.90,ACTIVO
Sede PGR 2023 - 006,ALM-TIE,ALMACEN TIENDA,MASS1930,PINZAS PARA PEZONES CON CAMPANA BDSM (PURPURA),U001,Ubicación Principal,PRO-08,ADULTOS,Unid,                              51.00,                              28.17,                               2.00,                               1.10,                               3.00,                               1.65,                              50.00,                              27.62,                               0.00,                              50.00,                               0.55,ACTIVO
Sede PGR 2023 - 006,ALM-TIE,ALMACEN TIENDA,MASS1926,CONJUNTO LENCERIA SEXY EROTICA NEGRA,U001,Ubicación Principal,PRO-08,ADULTOS,Unid,                              40.00,                              67.33,                               0.00,                               0.00,                               6.00,                              10.08,                              34.00,                              57.25,                               0.00,                              34.00,                               1.68,ACTIVO
Sede PGR 2023 - 006,ALM-TIE,ALMACEN TIENDA,MASS1928,CONJUNTO LENCERIA SEXY EROTICA ROJA,U001,Ubicación Principal,PRO-08,ADULTOS,Unid,                               4.00,                               8.12,                               0.00,                               0.00,                               0.00,                               0.00,                               4.00,                               8.12,                               0.00,                               4.00,                               2.03,ACTIVO
Sede PGR 2023 - 006,ALM-TIE,ALMACEN TIENDA,MASS1932,DILDO FLUORESCENTE REALISTA 18.5CM DE LARGO 14CM INSERTABLES 3.5CM DE ANCHO ROSA,U001,Ubicación Principal,PRO-08,ADULTOS,Unid,                              34.00,                             161.16,                               0.00,                               0.00,                               2.00,                               9.48,                              32.00,                             151.68,                               0.00,                              32.00,                               4.74,ACTIVO
Sede PGR 2023 - 006,ALM-TIE,ALMACEN TIENDA,MASS1933,DILDO FLUORESCENTE REALISTA 18.5CM DE LARGO 14CM INSERTABLES 3.5CM DE ANCHO PÚRPURA,U001,Ubicación Principal,PRO-08,ADULTOS,Unid,                              35.00,                             165.90,                               0.00,                               0.00,                               6.00,                              28.44,                              29.00,                             137.46,                               0.00,                              29.00,                               4.74,ACTIVO
Sede PGR 2023 - 006,ALM-TIE,ALMACEN TIENDA,MASS1934,DILDO FLUORESCENTE REALISTA 18.5CM DE LARGO 14CM INSERTABLES 3.5CM DE ANCHO VERDE,U001,Ubicación Principal,PRO-08,ADULTOS,Unid,                              33.00,                             156.42,                               0.00,                               0.00,                               0.00,                               0.00,                              33.00,                             156.42,                               0.00,                              33.00,                               4.74,ACTIVO
Sede PGR 2023 - 006,ALM-TIE,ALMACEN TIENDA,MASS1935,DILDO FLUORESCENTE REALISTA 18.5CM DE LARGO 14CM INSERTABLES 3.5CM DE ANCHO NARANJA,U001,Ubicación Principal,PRO-08,ADULTOS,Unid,                              35.00,                             165.90,                               0.00,                               0.00,                               1.00,                               4.74,                              34.00,                             161.16,                               0.00,                              34.00,                               4.74,ACTIVO
Sede PGR 2023 - 006,ALM-TIE,ALMACEN TIENDA,MASS1936,DILDO COJIN INFLABLE CON ASIENTO Y DILDO REMOVIBLE,U001,Ubicación Principal,PRO-08,ADULTOS,Unid,                              12.00,                             329.28,                               0.00,                               0.00,                               0.00,                               0.00,                              12.00,                             329.28,                               0.00,                              12.00,                              27.44,ACTIVO
Sede PGR 2023 - 006,ALM-TIE,ALMACEN TIENDA,MASS1942,"VIBRADOR DE PRÓSTATA CON CONTROL REMOTO PARA HOMBRES,",U001,Ubicación Principal,PRO-08,ADULTOS,Unid,                              17.00,                             130.70,                               0.00,                               0.00,                               6.00,                              46.14,                              11.00,                              84.56,                               0.00,                              11.00,                               7.69,ACTIVO
Sede PGR 2023 - 006,ALM-TIE,ALMACEN TIENDA,MASS1943,"VIBRADORES DE PUNTO G, VIBRADOR PARA HOMBRES, PUNTO G",U001,Ubicación Principal,PRO-08,ADULTOS,Unid,                              29.00,                             129.05,                               0.00,                               0.00,                               7.00,                              31.15,                              22.00,                              97.90,                               0.00,                              22.00,                               4.45,ACTIVO
Sede PGR 2023 - 006,ALM-TIE,ALMACEN TIENDA,MASS1949,"JUEGO ROMÁNTICO DE DADOS, PARA DOS JUGADORES, PARA UNA FIESTA O CON UN GRUPO DE AMIGOS",U001,Ubicación Principal,PRO-08,ADULTOS,Unid,                               1.00,                               0.98,                               0.00,                               0.00,                               0.00,                               0.00,                               1.00,                               0.98,                               0.00,                               1.00,                               0.98,ACTIVO
Sede PGR 2023 - 006,ALM-TIE,ALMACEN TIENDA,MASS1950,JUEGO DE BARAJAS 50 POSITIONS OF BONDAGE,U001,Ubicación Principal,PRO-08,ADULTOS,Unid,                             135.00,                             191.99,                               0.00,                               0.00,                              19.00,                              26.98,                             116.00,                             165.01,                               0.00,                             116.00,                               1.42,ACTIVO
Sede PGR 2023 - 006,ALM-TIE,ALMACEN TIENDA,MASS1951,PLUG ANAL ADVENTURES MATRIX BY BLUSH® | SPIRAL LOOP COPPER,U001,Ubicación Principal,PRO-08,ADULTOS,Unid,                              29.00,                             240.70,                               0.00,                               0.00,                               0.00,                               0.00,                              29.00,                             240.70,                               0.00,                              29.00,                               8.30,ACTIVO
Sede PGR 2023 - 006,ALM-TIE,ALMACEN TIENDA,MASS1952,PLUG ANAL DE METAL CON LUCES LED,U001,Ubicación Principal,PRO-08,ADULTOS,Unid,                               8.00,                              42.80,                               0.00,                               0.00,                               4.00,                              21.40,                               4.00,                              21.40,                               0.00,                               4.00,                               5.35,ACTIVO
Sede PGR 2023 - 006,ALM-TIE,ALMACEN TIENDA,MASS1953,TONGUE LICKING SLAP VIBRATOR CLITORIS STIMULATION ADULT SEX TOYS FEMALE G SPOT ORGASM ORAL SEX ROSE DILDO VIBRATOR ROSA,U001,Ubicación Principal,PRO-08,ADULTOS,Unid,                               1.00,                               8.35,                               0.00,                               0.00,                               0.00,                               0.00,                               1.00,                               8.35,                               0.00,                               1.00,                               8.35,ACTIVO
Sede PGR 2023 - 006,ALM-TIE,ALMACEN TIENDA,MASS1956,BONDAGE ESCLAVO JUEGO CUERO AZOTES PALETAS NEGRO,U001,Ubicación Principal,PRO-08,ADULTOS,Unid,                               9.00,                               9.81,                               0.00,                               0.00,                               3.00,                               3.27,                               6.00,                               6.54,                               0.00,                               6.00,                               1.09,ACTIVO
Sede PGR 2023 - 006,ALM-TIE,ALMACEN TIENDA,MASS1957,BONDAGE ESCLAVO JUEGO CUERO AZOTES PALETAS ROJO,U001,Ubicación Principal,PRO-08,ADULTOS,Unid,                              21.00,                              22.89,                               0.00,                               0.00,                               0.00,                               0.00,                              21.00,                              22.89,                               0.00,                              21.00,                               1.09,ACTIVO
Sede PGR 2023 - 006,ALM-TIE,ALMACEN TIENDA,MASS1965,AZOTE DE CUERO,U001,Ubicación Principal,PRO-08,ADULTOS,Unid,                              42.00,                             128.10,                               0.00,                               0.00,                               3.00,                               9.15,                              39.00,                             118.95,                               0.00,                              39.00,                               3.05,ACTIVO
Sede PGR 2023 - 006,ALM-TIE,ALMACEN TIENDA,MASS1966,"LATIGO DE CUERO DE 1,9M",U001,Ubicación Principal,PRO-08,ADULTOS,Unid,                              46.00,                             153.15,                               0.00,                               0.00,                               0.00,                               0.00,                              46.00,                             153.15,                               0.00,                              46.00,                               3.33,ACTIVO
Sede PGR 2023 - 006,ALM-TIE,ALMACEN TIENDA,MASS1967,"MÁSCARA SEXY DE CUERO DE PU, ANTIFAZ DE PERRO SEXY MORADO",U001,Ubicación Principal,PRO-08,ADULTOS,Unid,                               2.00,                              11.62,                               0.00,                               0.00,                               0.00,                               0.00,                               2.00,                              11.62,                               0.00,                               2.00,                               5.81,ACTIVO
Sede PGR 2023 - 006,ALM-TIE,ALMACEN TIENDA,MASS1968,"MÁSCARA SEXY DE CUERO DE PU, ANTIFAZ DE PERRO SEXY NEGRA",U001,Ubicación Principal,PRO-08,ADULTOS,Unid,                               1.00,                               5.81,                               0.00,                               0.00,                               0.00,                               0.00,                               1.00,                               5.81,                               0.00,                               1.00,                               5.81,ACTIVO
Sede PGR 2023 - 006,ALM-TIE,ALMACEN TIENDA,MASS1969,"MÁSCARA SEXY DE CUERO DE PU, ANTIFAZ DE PERRO SEXY ROJO",U001,Ubicación Principal,PRO-08,ADULTOS,Unid,                               6.00,                              34.86,                               0.00,                               0.00,                               1.00,                               5.81,                               5.00,                              29.05,                               0.00,                               5.00,                               5.81,ACTIVO
Sede PGR 2023 - 006,ALM-TIE,ALMACEN TIENDA,MASS1970,"MÁSCARA SEXY DE CUERO DE PU, ANTIFAZ DE PERRO SEXY CAMUFLAJE",U001,Ubicación Principal,PRO-08,ADULTOS,Unid,                               6.00,                              34.86,                               0.00,                               0.00,                               0.00,                               0.00,                               6.00,                              34.86,                               0.00,                               6.00,                               5.81,ACTIVO
Sede PGR 2023 - 006,ALM-TIE,ALMACEN TIENDA,MASS1971,"MÁSCARA SEXY DE CUERO DE PU, ANTIFAZ DE PERRO SEXY ROSA",U001,Ubicación Principal,PRO-08,ADULTOS,Unid,                               1.00,                               6.85,                               0.00,                               0.00,                               0.00,                               0.00,                               1.00,                               6.85,                               0.00,                               1.00,                               6.84,ACTIVO
Sede PGR 2023 - 006,ALM-TIE,ALMACEN TIENDA,MASS1983,Pegamento Silicon Blanco Extra Fuerte Wall Panel,U001,Ubicación Principal,PRO-24,REVESTIMIENTO,Unid,                             206.00,                             232.87,                               6.00,                               7.72,                             155.00,                             175.32,                              57.00,                              65.27,                               0.00,                              57.00,                               1.13,ACTIVO
Sede PGR 2023 - 006,ALM-TIE,ALMACEN TIENDA,MASS1974,TRANSMISOR RECEPTOR DE BLUETOOTH 2 EN 1,U001,Ubicación Principal,PRO-15,COMPUTACION,Unid,                              31.00,                              67.28,                               0.00,                               0.00,                               5.00,                              10.85,                              26.00,                              56.43,                               0.00,                              26.00,                               2.17,ACTIVO
Sede PGR 2023 - 006,ALM-TIE,ALMACEN TIENDA,MASS1975,MAQUINA ELECTRICA QUITA PELUSA RECARGABLE,U001,Ubicación Principal,PRO-11,HOGAR,Unid,                              20.00,                              42.31,                               2.00,                               4.26,                              21.00,                              44.43,                               1.00,                               2.14,                               0.00,                               1.00,                               2.10,ACTIVO
Sede PGR 2023 - 006,ALM-TIE,ALMACEN TIENDA,MASS1977,REPELENTE PARA ZANCUDO,U001,Ubicación Principal,PRO-11,HOGAR,Unid,                             256.00,                             350.96,                               1.00,                               1.37,                              12.00,                              16.44,                             245.00,                             335.89,                               0.00,                             245.00,                               1.37,ACTIVO
Sede PGR 2023 - 006,ALM-TIE,ALMACEN TIENDA,MASS1976,MAQUINA AFEITAR KEMEI KM-1071 RECARGABLE,U001,Ubicación Principal,PRO-05,ESTETICA Y BELLEZA,Unid,                             184.00,"                           1,091.12",                               0.00,                               0.00,                              48.00,                             284.64,                             136.00,                             806.48,                               0.00,                             136.00,                               5.93,ACTIVO
Sede PGR 2023 - 006,ALM-TIE,ALMACEN TIENDA,MASS1982,Estabilizador Gimbal 3 Ejes iPhone / Android,U001,Ubicación Principal,PRO-13,ACCESORIOS DE TELEFONOS,Unid,                              15.00,                             513.00,                               0.00,                               0.00,                               4.00,                             136.80,                              11.00,                             376.20,                               0.00,                              11.00,                              34.20,ACTIVO
Sede PGR 2023 - 006,ALM-TIE,ALMACEN TIENDA,MASS1980,PARRILLERA PORTATIL,U001,Ubicación Principal,PRO-11,HOGAR,Unid,                              11.00,                             118.52,                               0.00,                               0.00,                               8.00,                              86.08,                               3.00,                              32.44,                               0.00,                               3.00,                              10.76,ACTIVO
Sede PGR 2023 - 006,ALM-TIE,ALMACEN TIENDA,MASS1989,PISO VINIL HHYM3043,U001,Ubicación Principal,PRO-24,REVESTIMIENTO,Unid,                             115.00,"                           2,170.83",                               0.00,                               0.00,                               4.00,                              75.52,                             111.00,"                           2,095.31",                               0.00,                             111.00,                              18.88,ACTIVO
Sede PGR 2023 - 006,ALM-TIE,ALMACEN TIENDA,MASS1947,"MASTURBADOR CHEAP THRILLS, SUAVE Y FLEXIBLE VAGINA",U001,Ubicación Principal,PRO-08,ADULTOS,Unid,                              39.00,                             182.20,                               0.00,                               0.00,                              12.00,                              56.04,                              27.00,                             126.16,                               0.00,                              27.00,                               4.67,ACTIVO
Sede PGR 2023 - 006,ALM-TIE,ALMACEN TIENDA,MASS1991,BASE FAN COOLER PARA LAPTOP N99,U001,Ubicación Principal,PRO-15,COMPUTACION,Unid,                              71.00,                             398.89,                               0.00,                               0.00,                               8.00,                              44.96,                              63.00,                             353.93,                               0.00,                              63.00,                               5.62,ACTIVO
Sede PGR 2023 - 006,ALM-TIE,ALMACEN TIENDA,MASS1996,FAJA REDUCTORA MOLDEADORA CINTURA NEOPRENO NEGRO TALLA M,U001,Ubicación Principal,PRO-04,DEPORTE Y FITNESS,Unid,                             109.00,                             151.51,                               1.00,                               1.39,                              68.00,                              94.52,                              42.00,                              58.38,                               0.00,                              42.00,                               1.39,ACTIVO
Sede PGR 2023 - 006,ALM-TIE,ALMACEN TIENDA,MASS1997,FAJA REDUCTORA MOLDEADORA CINTURA NEOPRENO NEGRO TALLA L,U001,Ubicación Principal,PRO-04,DEPORTE Y FITNESS,Unid,                              99.00,                             137.61,                               0.00,                               0.00,                              28.00,                              38.92,                              71.00,                              98.69,                               0.00,                              71.00,                               1.39,ACTIVO
Sede PGR 2023 - 006,ALM-TIE,ALMACEN TIENDA,MASS1998,FAJA REDUCTORA MOLDEADORA CINTURA NEOPRENO NEGRO TALLA XL,U001,Ubicación Principal,PRO-04,DEPORTE Y FITNESS,Unid,                              78.00,                             108.42,                               0.00,                               0.00,                              11.00,                              15.29,                              67.00,                              93.13,                               0.00,                              67.00,                               1.39,ACTIVO
Sede PGR 2023 - 006,ALM-TIE,ALMACEN TIENDA,MASS1999,FAJA REDUCTORA MOLDEADORA CINTURA NEOPRENO NEGRO TALLA XXL,U001,Ubicación Principal,PRO-04,DEPORTE Y FITNESS,Unid,                              59.00,                              82.05,                               0.00,                               0.00,                              10.00,                              13.90,                              49.00,                              68.15,                               0.00,                              49.00,                               1.39,ACTIVO
Sede PGR 2023 - 006,ALM-TIE,ALMACEN TIENDA,MASS2000,CORTINAS BLACK OUT 132 X 214 CM COFFEE,U001,Ubicación Principal,PRO-11,HOGAR,Unid,                              25.00,                             149.28,                               0.00,                               0.00,                               0.00,                               0.00,                              25.00,                             149.28,                               0.00,                              25.00,                               5.97,ACTIVO
Sede PGR 2023 - 006,ALM-TIE,ALMACEN TIENDA,MASS1993,RELOJ INTELIGENTE ULTRA2 7 CORREAS NEGRO,U001,Ubicación Principal,PRO-07,RELOJES INTELIGENTES,Unid,                             304.00,"                           1,571.81",                               1.00,                               5.17,                              23.00,                             118.91,                             282.00,"                           1,458.07",                               0.00,                             282.00,                               5.17,ACTIVO
Sede PGR 2023 - 006,ALM-TIE,ALMACEN TIENDA,MASS1994,RELOJ INTELIGENTE ULTRA2 7 CORREAS AZUL,U001,Ubicación Principal,PRO-07,RELOJES INTELIGENTES,Unid,                               3.00,                               6.62,                               0.00,                               0.00,                               1.00,                               2.20,                               2.00,                               4.42,                               0.00,                               2.00,                               2.20,ACTIVO
Sede PGR 2023 - 006,ALM-TIE,ALMACEN TIENDA,MASS2010,DILDO FLUORESCENTE REALISTA 18.5CM DE LARGO 14CM INSERTABLES 3.5CM DE ANCHO AZUL,U001,Ubicación Principal,PRO-08,ADULTOS,Unid,                              35.00,                             165.90,                               0.00,                               0.00,                               4.00,                              18.96,                              31.00,                             146.94,                               0.00,                              31.00,                               4.74,ACTIVO
Sede PGR 2023 - 006,ALM-TIE,ALMACEN TIENDA,MASS2011,LENCERIA 1127,U001,Ubicación Principal,PRO-08,ADULTOS,Unid,                              14.00,                              10.50,                               0.00,                               0.00,                               2.00,                               1.50,                              12.00,                               9.00,                               0.00,                              12.00,                               0.75,ACTIVO
Sede PGR 2023 - 006,ALM-TIE,ALMACEN TIENDA,MASS2015,MESA DE PING PONG,U001,Ubicación Principal,PRO-04,DEPORTE Y FITNESS,Unid,                               6.00,"                           1,915.80",                               0.00,                               0.00,                               0.00,                               0.00,                               6.00,"                           1,915.80",                               0.00,                               6.00,                             319.30,ACTIVO
Sede PGR 2023 - 006,ALM-TIE,ALMACEN TIENDA,MASS2016,GRABADORA CORTADOR LASER OMTECH K40 40W,U001,Ubicación Principal,PRO-19,OFICINA,Unid,                               2.00,                             863.11,                               0.00,                               0.00,                               0.00,                               0.00,                               2.00,                             863.11,                               0.00,                               2.00,                             431.56,ACTIVO
Sede PGR 2023 - 006,ALM-TIE,ALMACEN TIENDA,MASS2017,KENNEL TRANSPORTADOR DE MASCOTAS ARMABLE MEDIANO 3 FRANJAS TALLA M AZUL,U001,Ubicación Principal,PRO-11,HOGAR,Unid,                              33.00,                             140.25,                               3.00,                              15.30,                              29.00,                             125.21,                               7.00,                              30.34,                               0.00,                               7.00,                               4.32,ACTIVO
Sede PGR 2023 - 006,ALM-TIE,ALMACEN TIENDA,MASS2018,KENNEL TRANSPORTADOR DE MASCOTAS ARMABLE MEDIANO 3 FRANJAS TALLA M ROSA,U001,Ubicación Principal,PRO-11,HOGAR,Unid,                              36.00,                             153.00,                               3.00,                              14.89,                              19.00,                              81.71,                              20.00,                              86.18,                               0.00,                              20.00,                               4.30,ACTIVO
Sede PGR 2023 - 006,ALM-TIE,ALMACEN TIENDA,MASS2019,CORNETA INALAMBRICA K12 + 2 MICROFONOS,U001,Ubicación Principal,PRO-10,CORNETAS,Unid,                              24.00,                              72.04,                               1.00,                               3.00,                              18.00,                              54.00,                               7.00,                              21.04,                               0.00,                               7.00,                               3.00,ACTIVO
Sede PGR 2023 - 006,ALM-TIE,ALMACEN TIENDA,MASS2027,LÁMPARA ESFERA DE CRISTAL GALAXIA 6CM,U001,Ubicación Principal,PRO-14,ILUMINACION,Unid,                              16.00,                              18.40,                               0.00,                               0.00,                               9.00,                              10.35,                               7.00,                               8.05,                               0.00,                               7.00,                               1.15,ACTIVO
Sede PGR 2023 - 006,ALM-TIE,ALMACEN TIENDA,MASS2030,LÁMPARA ESFERA DE CRISTAL SISTEMA SOLAR 8CM,U001,Ubicación Principal,PRO-14,ILUMINACION,Unid,                              20.00,                              36.20,                               0.00,                               0.00,                               3.00,                               5.43,                              17.00,                              30.77,                               0.00,                              17.00,                               1.81,ACTIVO
Sede PGR 2023 - 006,ALM-TIE,ALMACEN TIENDA,MASS2031,LÁMPARA ESFERA DE CRISTAL GALAXIA 8CM,U001,Ubicación Principal,PRO-14,ILUMINACION,Unid,                              18.00,                              32.82,                               0.00,                               0.00,                               3.00,                               5.46,                              15.00,                              27.36,                               0.00,                              15.00,                               1.82,ACTIVO
Sede PGR 2023 - 006,ALM-TIE,ALMACEN TIENDA,MASS2032,LÁMPARA ESFERA DE CRISTAL SATURNO 8CM,U001,Ubicación Principal,PRO-14,ILUMINACION,Unid,                              18.00,                              32.58,                               6.00,                              10.86,                              18.00,                              32.58,                               6.00,                              10.86,                               0.00,                               6.00,                               1.81,ACTIVO
Sede PGR 2023 - 006,ALM-TIE,ALMACEN TIENDA,MASS2033,CALENTADOR DE AGUA 110V 3000w,U001,Ubicación Principal,PRO-11,HOGAR,Unid,                              55.00,"                           1,669.50",                               0.00,                               0.00,                               4.00,                             121.40,                              51.00,"                           1,548.10",                               0.00,                              51.00,                              30.35,ACTIVO
Sede PGR 2023 - 006,ALM-TIE,ALMACEN TIENDA,MASS2036,RELOJ OLEVS PLATA-VERDE,U001,Ubicación Principal,PRO-07,RELOJES INTELIGENTES,Unid,                              30.00,                             277.71,                               1.00,                               9.26,                               5.00,                              46.30,                              26.00,                             240.67,                               0.00,                              26.00,                               9.26,ACTIVO
Sede PGR 2023 - 006,ALM-TIE,ALMACEN TIENDA,MASS2038,RELOJ OLEVS ORO-NEGRO,U001,Ubicación Principal,PRO-07,RELOJES INTELIGENTES,Unid,                               5.00,                              46.25,                               0.00,                               0.00,                               4.00,                              37.00,                               1.00,                               9.25,                               0.00,                               1.00,                               9.25,ACTIVO
Sede PGR 2023 - 006,ALM-TIE,ALMACEN TIENDA,MASS2039,DRONE E88 PRO NEGRO,U001,Ubicación Principal,PRO-17,AUDIO Y VIDEO,Unid,                               2.00,                              19.18,                               0.00,                               0.00,                               0.00,                               0.00,                               2.00,                              19.18,                               0.00,                               2.00,                               9.59,ACTIVO
Sede PGR 2023 - 006,ALM-TIE,ALMACEN TIENDA,MASS2043,RODILLO DE HIELO FACIAL,U001,Ubicación Principal,PRO-05,ESTETICA Y BELLEZA,Unid,                               3.00,                               5.81,                               0.00,                               0.00,                               2.00,                               3.86,                               1.00,                               1.95,                               0.00,                               1.00,                               1.93,ACTIVO
Sede PGR 2023 - 006,ALM-TIE,ALMACEN TIENDA,MASS2044,HUMIFICADOR LED CHIMENEA LA-0646,U001,Ubicación Principal,PRO-11,HOGAR,Unid,                               0.00,                               0.00,                              23.00,                             168.82,                               0.00,                               0.00,                              23.00,                             168.82,                               0.00,                              23.00,                               7.34,ACTIVO
Sede PGR 2023 - 006,ALM-TIE,ALMACEN TIENDA,MASS2048,LAMPARA VOLCAN,U001,Ubicación Principal,PRO-14,ILUMINACION,Unid,                              39.00,                             278.63,                               0.00,                               0.00,                               1.00,                               7.15,                              38.00,                             271.48,                               0.00,                              38.00,                               7.15,ACTIVO
Sede PGR 2023 - 006,ALM-TIE,ALMACEN TIENDA,MASS2049,MICROFONO KARAOKE NEGRO 4 EN 1,U001,Ubicación Principal,PRO-17,AUDIO Y VIDEO,Unid,                               7.00,                              19.60,                               0.00,                               0.00,                               3.00,                               8.40,                               4.00,                              11.20,                               0.00,                               4.00,                               2.80,ACTIVO
Sede PGR 2023 - 006,ALM-TIE,ALMACEN TIENDA,MASS2050,MICROFONO KARAOKE PLATA 4 EN 1,U001,Ubicación Principal,PRO-17,AUDIO Y VIDEO,Unid,                              11.00,                              31.38,                               0.00,                               0.00,                               1.00,                               2.86,                              10.00,                              28.52,                               0.00,                              10.00,                               2.86,ACTIVO
Sede PGR 2023 - 006,ALM-TIE,ALMACEN TIENDA,MASS2054,CAMARA TIPO GOPRO AZUL,U001,Ubicación Principal,PRO-17,AUDIO Y VIDEO,Unid,                              11.00,                              56.89,                               1.00,                               5.17,                               7.00,                              36.19,                               5.00,                              25.87,                               0.00,                               5.00,                               5.17,ACTIVO
Sede PGR 2023 - 006,ALM-TIE,ALMACEN TIENDA,MASS2055,CAMARA TIPO GOPRO ROSADO,U001,Ubicación Principal,PRO-17,AUDIO Y VIDEO,Unid,                              19.00,                             104.59,                               0.00,                               0.00,                               2.00,                              11.02,                              17.00,                              93.57,                               0.00,                              17.00,                               5.51,ACTIVO
Sede PGR 2023 - 006,ALM-TIE,ALMACEN TIENDA,MASS2056,BOMBILLOS VINTAGE5 METERS 20 LIGHTS,U001,Ubicación Principal,PRO-14,ILUMINACION,Unid,                             378.00,"                           1,829.52",                               1.00,                               4.84,                              95.00,                             459.80,                             284.00,"                           1,374.56",                               0.00,                             284.00,                               4.84,ACTIVO
Sede PGR 2023 - 006,ALM-TIE,ALMACEN TIENDA,MASS2057,ESMERIL PORTATIL RECARGABLE,U001,Ubicación Principal,PRO-16,FERRETERIA,Unid,                             156.00,"                           2,079.54",                               0.00,                               0.00,                               3.00,                              39.99,                             153.00,"                           2,039.55",                               0.00,                             153.00,                              13.33,ACTIVO
Sede PGR 2023 - 006,ALM-TIE,ALMACEN TIENDA,MASS2058,FILTRO TIPO REGADERA PARA LAVAPLATOS,U001,Ubicación Principal,PRO-25,COCINA,Unid,                             187.00,                             431.97,                               0.00,                               0.00,                               4.00,                               9.24,                             183.00,                             422.73,                               0.00,                             183.00,                               2.31,ACTIVO
Sede PGR 2023 - 006,ALM-TIE,ALMACEN TIENDA,MASS2059,RAZURADORA PARA DAMA ROSADA,U001,Ubicación Principal,PRO-05,ESTETICA Y BELLEZA,Unid,                             479.00,"                           2,457.27",                               2.00,                              10.26,                              89.00,                             456.57,                             392.00,"                           2,010.96",                               0.00,                             392.00,                               5.13,ACTIVO
Sede PGR 2023 - 006,ALM-TIE,ALMACEN TIENDA,MASS2060,RAZURADORA PARA DAMA AZUL,U001,Ubicación Principal,PRO-05,ESTETICA Y BELLEZA,Unid,                             182.00,                             933.66,                               0.00,                               0.00,                              38.00,                             194.94,                             144.00,                             738.72,                               0.00,                             144.00,                               5.13,ACTIVO
Sede PGR 2023 - 006,ALM-TIE,ALMACEN TIENDA,MASS2061,MAQUINA PARA USO INTIMO UNISEX NEGRO,U001,Ubicación Principal,PRO-05,ESTETICA Y BELLEZA,Unid,                             303.00,"                           1,263.51",                               0.00,                               0.00,                              42.00,                             175.14,                             261.00,"                           1,088.37",                               0.00,                             261.00,                               4.17,ACTIVO
Sede PGR 2023 - 006,ALM-TIE,ALMACEN TIENDA,MASS2062,MAQUINA PARA USO INTIMO UNISEX BLANCO,U001,Ubicación Principal,PRO-05,ESTETICA Y BELLEZA,Unid,                             141.00,                             587.97,                               0.00,                               0.00,                              25.00,                             104.25,                             116.00,                             483.72,                               0.00,                             116.00,                               4.17,ACTIVO
Sede PGR 2023 - 006,ALM-TIE,ALMACEN TIENDA,MASS2064,SACAPUNTA PORTAIL ELECTRICO NEGRO,U001,Ubicación Principal,PRO-19,OFICINA,Unid,                              47.00,                             127.57,                               0.00,                               0.00,                               3.00,                               8.16,                              44.00,                             119.41,                               0.00,                              44.00,                               2.72,ACTIVO
Sede PGR 2023 - 006,ALM-TIE,ALMACEN TIENDA,MASS2065,VACUMTERAPIA MANUAL TERAPIA VACIO ANTICELULITIS COLOR ROJO,U001,Ubicación Principal,PRO-05,ESTETICA Y BELLEZA,Unid,                              54.00,                             270.96,                               0.00,                               0.00,                              12.00,                              60.24,                              42.00,                             210.72,                               0.00,                              42.00,                               5.02,ACTIVO
Sede PGR 2023 - 006,ALM-TIE,ALMACEN TIENDA,MASS2069,SLIMMING TEA,U001,Ubicación Principal,PRO-18,SALUD,Unid,                             137.00,                             202.16,                               0.00,                               0.00,                              12.00,                              17.76,                             125.00,                             184.40,                               0.00,                             125.00,                               1.48,ACTIVO
Sede PGR 2023 - 006,ALM-TIE,ALMACEN TIENDA,MASS2067,JUEGO DE DADOS MILIMÉTRICOS DE 12 PIEZAS CON RACHET GRANDE,U001,Ubicación Principal,PRO-16,FERRETERIA,Unid,                             479.00,"                           1,821.48",                               1.00,                               3.83,                              50.00,                             190.00,                             430.00,"                           1,635.31",                               0.00,                             430.00,                               3.80,ACTIVO
Sede PGR 2023 - 006,ALM-TIE,ALMACEN TIENDA,MASS2070,LAVADORA DE BROCHAS MAQUILLAJE,U001,Ubicación Principal,PRO-05,ESTETICA Y BELLEZA,Unid,                               2.00,                               7.90,                               0.00,                               0.00,                               0.00,                               0.00,                               2.00,                               7.90,                               0.00,                               2.00,                               3.95,ACTIVO
Sede PGR 2023 - 006,ALM-TIE,ALMACEN TIENDA,MASS2071,LAMPARA DE ARENA MORADO,U001,Ubicación Principal,PRO-14,ILUMINACION,Unid,                               3.00,                              11.70,                               0.00,                               0.00,                               1.00,                               3.90,                               2.00,                               7.80,                               0.00,                               2.00,                               3.90,ACTIVO
Sede PGR 2023 - 006,ALM-TIE,ALMACEN TIENDA,MASS2072,"CLIP PARA INSTALACION  WALL PANEL 5 * 3,5 CM",U001,Ubicación Principal,PRO-24,REVESTIMIENTO,Unid,"                           6,474.00",                              66.62,                             350.00,                               3.50,"                           2,143.00",                              21.43,"                           4,681.00",                              48.69,                               0.00,"                           4,681.00",                               0.01,ACTIVO
Sede PGR 2023 - 006,ALM-TIE,ALMACEN TIENDA,MASS2073,MAQUINA CORTADORA LASER,U001,Ubicación Principal,PRO-19,OFICINA,Unid,                              13.00,"                           1,341.99",                               0.00,                               0.00,                               0.00,                               0.00,                              13.00,"                           1,341.99",                               0.00,                              13.00,                             103.23,ACTIVO
Sede PGR 2023 - 006,ALM-TIE,ALMACEN TIENDA,MASS2074,BLANQUEADOR DENTAL SMILEKIT LUZ UV PARA APLICAR EN CASA,U001,Ubicación Principal,PRO-18,SALUD,Unid,                             180.00,"                           1,555.87",                               0.00,                               0.00,                               3.00,                              25.92,                             177.00,"                           1,529.95",                               0.00,                             177.00,                               8.64,ACTIVO
Sede PGR 2023 - 006,ALM-TIE,ALMACEN TIENDA,MASS2076,CERA PINTAR CABELLO COLORES TEMPORAL FIJADORA VERDE,U001,Ubicación Principal,PRO-05,ESTETICA Y BELLEZA,Unid,                              13.00,                              14.82,                               0.00,                               0.00,                               0.00,                               0.00,                              13.00,                              14.82,                               0.00,                              13.00,                               1.14,ACTIVO
Sede PGR 2023 - 006,ALM-TIE,ALMACEN TIENDA,MASS2077,CERA PINTAR CABELLO COLORES TEMPORAL FIJADORA ROJO,U001,Ubicación Principal,PRO-05,ESTETICA Y BELLEZA,Unid,                               8.00,                               9.55,                               0.00,                               0.00,                               0.00,                               0.00,                               8.00,                               9.55,                               0.00,                               8.00,                               1.20,ACTIVO
Sede PGR 2023 - 006,ALM-TIE,ALMACEN TIENDA,MASS2079,MEDIDOR DE PH DIGITAL PORTATIL,U001,Ubicación Principal,PRO-16,FERRETERIA,Unid,                             373.00,                             586.51,                               0.00,                               0.00,                               4.00,                               6.28,                             369.00,                             580.23,                               0.00,                             369.00,                               1.57,ACTIVO
Sede PGR 2023 - 006,ALM-TIE,ALMACEN TIENDA,MASS2082,HUB ADAPTADOR 11 EN 1 MULTIPUERTOS,U001,Ubicación Principal,PRO-20,"CABLES, ADAPTADORES Y CONVERTIDORES",Unid,                               1.00,                              10.66,                               0.00,                               0.00,                               0.00,                               0.00,                               1.00,                              10.66,                               0.00,                               1.00,                              10.66,ACTIVO
Sede PGR 2023 - 006,ALM-TIE,ALMACEN TIENDA,MASS2083,SET DE CABALLERO 001 NEGRO,U001,Ubicación Principal,PRO-07,RELOJES INTELIGENTES,Unid,                              41.00,                              89.98,                               2.00,                               4.38,                              38.00,                              83.30,                               5.00,                              11.06,                               0.00,                               5.00,                               2.20,ACTIVO
Sede PGR 2023 - 006,ALM-TIE,ALMACEN TIENDA,MASS2095,LAPIZ INFINITO DE COLOR  12pcs set,U001,Ubicación Principal,PRO-19,OFICINA,Unid,                              35.00,                              42.91,                               2.00,                               2.46,                              20.00,                              24.59,                              17.00,                              20.78,                               0.00,                              17.00,                               1.22,ACTIVO
Sede PGR 2023 - 006,ALM-TIE,ALMACEN TIENDA,MASS2097,CEPILLO FACIAL MORADO,U001,Ubicación Principal,PRO-05,ESTETICA Y BELLEZA,Unid,                              23.00,                              21.04,                               0.00,                               0.00,                               9.00,                               8.19,                              14.00,                              12.85,                               0.00,                              14.00,                               0.91,ACTIVO
Sede PGR 2023 - 006,ALM-TIE,ALMACEN TIENDA,MASS2099,DESPERTADOR NEGRO LED BLANCO VST-711,U001,Ubicación Principal,PRO-11,HOGAR,Unid,                              38.00,                             170.18,                               0.00,                               0.00,                               5.00,                              22.40,                              33.00,                             147.78,                               0.00,                              33.00,                               4.48,ACTIVO
Sede PGR 2023 - 006,ALM-TIE,ALMACEN TIENDA,MASS2101,MOLDE DE SILICONA PARA CUBOS DE HIELO FACIAL,U001,Ubicación Principal,PRO-05,ESTETICA Y BELLEZA,Unid,                              46.00,                              52.66,                               0.00,                               0.00,                              21.00,                              24.15,                              25.00,                              28.51,                               0.00,                              25.00,                               1.15,ACTIVO
Sede PGR 2023 - 006,ALM-TIE,ALMACEN TIENDA,MASS2102,ANILLO INTELIGENTE NEGRO TALLA 8,U001,Ubicación Principal,PRO-21,ELECTRONICA,Unid,                               5.00,                              39.05,                               0.00,                               0.00,                               2.00,                              15.62,                               3.00,                              23.43,                               0.00,                               3.00,                               7.81,ACTIVO
Sede PGR 2023 - 006,ALM-TIE,ALMACEN TIENDA,MASS2103,ANILLO INTELIGENTE NEGRO TALLA 9,U001,Ubicación Principal,PRO-21,ELECTRONICA,Unid,                              80.00,                             605.91,                               0.00,                               0.00,                               4.00,                              30.28,                              76.00,                             575.63,                               0.00,                              76.00,                               7.57,ACTIVO
Sede PGR 2023 - 006,ALM-TIE,ALMACEN TIENDA,MASS2104,ANILLO INTELIGENTE NEGRO TALLA 10,U001,Ubicación Principal,PRO-21,ELECTRONICA,Unid,                              23.00,                             178.06,                               0.00,                               0.00,                               4.00,                              30.96,                              19.00,                             147.10,                               0.00,                              19.00,                               7.74,ACTIVO
Sede PGR 2023 - 006,ALM-TIE,ALMACEN TIENDA,MASS2110,LIMPIADOR DE VENTANAS MAGICO,U001,Ubicación Principal,PRO-11,HOGAR,Unid,                             102.00,                             125.44,                               2.00,                               2.46,                              16.00,                              19.68,                              88.00,                             108.22,                               0.00,                              88.00,                               1.23,ACTIVO
Sede PGR 2023 - 006,ALM-TIE,ALMACEN TIENDA,MASS2111,RECOGEDOR DE POLVO PARA TALADRO,U001,Ubicación Principal,PRO-16,FERRETERIA,Unid,                             223.00,                             103.30,                               0.00,                               0.00,                               1.00,                               0.46,                             222.00,                             102.84,                               0.00,                             222.00,                               0.46,ACTIVO
Sede PGR 2023 - 006,ALM-TIE,ALMACEN TIENDA,MASS2113,TELÉFONO INFANTIL A16 CON PANTALLA TÁCTIL AZUL,U001,Ubicación Principal,PRO-09,TELEFONOS Y TABLETS,Unid,                               6.00,                              98.51,                               0.00,                               0.00,                               0.00,                               0.00,                               6.00,                              98.51,                               0.00,                               6.00,                              16.41,ACTIVO
Sede PGR 2023 - 006,ALM-TIE,ALMACEN TIENDA,MASS2114,TELÉFONO INFANTIL A16 CON PANTALLA TÁCTIL NEGRO,U001,Ubicación Principal,PRO-09,TELEFONOS Y TABLETS,Unid,                             113.00,"                           1,771.23",                               0.00,                               0.00,                               3.00,                              47.01,                             110.00,"                           1,724.22",                               0.00,                             110.00,                              15.67,ACTIVO
Sede PGR 2023 - 006,ALM-TIE,ALMACEN TIENDA,MASS2117,RELOJ INTELIGENTE PARA NIÑO Q19 GPS ROSADO,U001,Ubicación Principal,PRO-07,RELOJES INTELIGENTES,Unid,                              33.00,                             157.08,                               0.00,                               0.00,                               3.00,                              14.28,                              30.00,                             142.80,                               0.00,                              30.00,                               4.76,ACTIVO
Sede PGR 2023 - 006,ALM-TIE,ALMACEN TIENDA,MASS2120,LAMPARA DE LIBRO MARRON CLARO,U001,Ubicación Principal,PRO-14,ILUMINACION,Unid,                              42.00,                             269.76,                               0.00,                               0.00,                               0.00,                               0.00,                              42.00,                             269.76,                               0.00,                              42.00,                               6.42,ACTIVO
Sede PGR 2023 - 006,ALM-TIE,ALMACEN TIENDA,MASS2121,TIRAS NASALES,U001,Ubicación Principal,PRO-18,SALUD,Unid,                               1.00,                               1.61,                               0.00,                               0.00,                               0.00,                               0.00,                               1.00,                               1.61,                               0.00,                               1.00,                               1.61,ACTIVO
Sede PGR 2023 - 006,ALM-TIE,ALMACEN TIENDA,MASS2123,"LAMINA DE PVC MARMOLIZADA HYDY2001 2,44 M X 1,22M DE 3MM",U001,Ubicación Principal,PRO-24,REVESTIMIENTO,Unid,                               0.00,                               0.00,                              98.00,"                           1,586.62",                               5.00,                              80.95,                              93.00,"                           1,505.67",                               0.00,                              93.00,                              16.19,ACTIVO
Sede PGR 2023 - 006,ALM-TIE,ALMACEN TIENDA,MASS2124,"LAMINA DE PVC MARMOLIZADA HYDY2002 2,44 M X 1,22M DE 3MM",U001,Ubicación Principal,PRO-24,REVESTIMIENTO,Unid,                               8.00,                             133.35,                               0.00,                               0.00,                               5.00,                              83.30,                               3.00,                              50.05,                               0.00,                               3.00,                              16.66,ACTIVO
Sede PGR 2023 - 006,ALM-TIE,ALMACEN TIENDA,MASS2125,"LAMINA DE PVC MARMOLIZADA HYDY2006 2,44 M X 1,22M DE 3MM",U001,Ubicación Principal,PRO-24,REVESTIMIENTO,Unid,                              10.00,                             154.74,                               0.00,                               0.00,                               4.00,                              61.88,                               6.00,                              92.86,                               0.00,                               6.00,                              15.47,ACTIVO
Sede PGR 2023 - 006,ALM-TIE,ALMACEN TIENDA,MASS2126,"LAMINA DE PVC MARMOLIZADA HYLJ80007T 2,44 M X 1,22M DE 3MM",U001,Ubicación Principal,PRO-24,REVESTIMIENTO,Unid,                             344.00,"                           5,569.36",                              10.00,                             319.84,                               9.00,                             149.76,                             345.00,"                           5,739.44",                               0.00,                             345.00,                              16.64,ACTIVO
Sede PGR 2023 - 006,ALM-TIE,ALMACEN TIENDA,MASS2127,"LAMINA DE PVC MARMOLIZADA HYLJ80008T 2,44 M X 1,22M DE 3MM",U001,Ubicación Principal,PRO-24,REVESTIMIENTO,Unid,                              12.00,                             214.65,                               0.00,                               0.00,                               0.00,                               0.00,                              12.00,                             214.65,                               0.00,                              12.00,                              17.89,ACTIVO
Sede PGR 2023 - 006,ALM-TIE,ALMACEN TIENDA,MASS2128,"LAMINA DE PVC MARMOLIZADA HYLJ80001T 2,44 M X 1,22M DE 3MM",U001,Ubicación Principal,PRO-24,REVESTIMIENTO,Unid,                               0.00,                               0.00,                               9.00,                             145.71,                               1.00,                              16.19,                               8.00,                             129.52,                               0.00,                               8.00,                              16.19,ACTIVO
Sede PGR 2023 - 006,ALM-TIE,ALMACEN TIENDA,MASS2129,"ROLLO PANEL DECORATIVO JQ-YP-165 1,2m x 30m",U001,Ubicación Principal,PRO-24,REVESTIMIENTO,Unid,                             168.00,"                           1,446.17",                               0.00,                               0.00,                              19.00,                             163.59,                             149.00,"                           1,282.58",                               0.00,                             149.00,                               8.61,ACTIVO
Sede PGR 2023 - 006,ALM-TIE,ALMACEN TIENDA,MASS2130,ROLLO DE ESPUMA 3D AUTOADHESIVA JQ-3129-4Y6 40 CM X 3M DE 3MM,U001,Ubicación Principal,PRO-24,REVESTIMIENTO,Unid,                             503.00,"                           3,041.93",                               0.00,                               0.00,                               4.00,                              24.20,                             499.00,"                           3,017.73",                               0.00,                             499.00,                               6.05,ACTIVO
Sede PGR 2023 - 006,ALM-TIE,ALMACEN TIENDA,MASS2131,ROLLO DE ESPUMA 3D AUTOADHESIVA JQ-3103-1Y13 40 CM X 3M DE 3MM,U001,Ubicación Principal,PRO-24,REVESTIMIENTO,Unid,                             262.00,"                           1,581.19",                               0.00,                               0.00,                               6.00,                              36.18,                             256.00,"                           1,545.01",                               0.00,                             256.00,                               6.03,ACTIVO
Sede PGR 2023 - 006,ALM-TIE,ALMACEN TIENDA,MASS2132,ROLLO DE ESPUMA 3D AUTOADHESIVA 3419-6Y49 40 CM X 3M DE 3MM,U001,Ubicación Principal,PRO-24,REVESTIMIENTO,Unid,                              58.00,                             347.16,                               4.00,                              28.56,                              27.00,                             163.62,                              35.00,                             212.10,                               0.00,                              35.00,                               6.06,ACTIVO
Sede PGR 2023 - 006,ALM-TIE,ALMACEN TIENDA,MASS2133,ROLLO DE ESPUMA 3D AUTOADHESIVA JQ-3403-5Y49 40 CM X 3M DE 3MM,U001,Ubicación Principal,PRO-24,REVESTIMIENTO,Unid,                             265.00,"                           1,576.75",                               0.00,                               0.00,                               0.00,                               0.00,                             265.00,"                           1,576.75",                               0.00,                             265.00,                               5.95,ACTIVO
Sede PGR 2023 - 006,ALM-TIE,ALMACEN TIENDA,MASS2134,ROLLO DE ESPUMA 3D AUTOADHESIVA JQ-3403-Y13 40 CM X 3M DE 3MM,U001,Ubicación Principal,PRO-24,REVESTIMIENTO,Unid,                             695.00,"                           4,179.25",                               0.00,                               0.00,                              16.00,                              96.16,                             679.00,"                           4,083.09",                               0.00,                             679.00,                               6.01,ACTIVO
Sede PGR 2023 - 006,ALM-TIE,ALMACEN TIENDA,MASS2135,ROLLO DE ESPUMA 3D AUTOADHESIVA JQ-3403-3 40 CM X 3M DE 3MM,U001,Ubicación Principal,PRO-24,REVESTIMIENTO,Unid,                             301.00,"                           1,523.49",                               2.00,                              10.12,                              11.00,                              55.66,                             292.00,"                           1,477.95",                               0.00,                             292.00,                               5.06,ACTIVO
Sede PGR 2023 - 006,ALM-TIE,ALMACEN TIENDA,MASS2136,ROLLO DE ESPUMA 3D AUTOADHESIVA JQ-3403-6Y49 40 CM X 3M DE 3MM,U001,Ubicación Principal,PRO-24,REVESTIMIENTO,Unid,                             332.00,"                           1,813.22",                               0.00,                               0.00,                               4.00,                              21.84,                             328.00,"                           1,791.38",                               0.00,                             328.00,                               5.46,ACTIVO
Sede PGR 2023 - 006,ALM-TIE,ALMACEN TIENDA,MASS2137,ROLLO DE ESPUMA 3D AUTOADHESIVA JQ-3481-1Y12 40 CM X 3M DE 3MM,U001,Ubicación Principal,PRO-24,REVESTIMIENTO,Unid,                             104.00,                             436.50,                               0.00,                               0.00,                              28.00,                             117.60,                              76.00,                             318.90,                               0.00,                              76.00,                               4.20,ACTIVO
Sede PGR 2023 - 006,ALM-TIE,ALMACEN TIENDA,MASS2138,ROLLO DE ESPUMA 3D AUTOADHESIVA JQ-3472-1Y4 40 CM X 3M DE 3MM,U001,Ubicación Principal,PRO-24,REVESTIMIENTO,Unid,                              68.00,                             288.09,                               2.00,                               8.48,                              47.00,                             199.09,                              23.00,                              97.48,                               0.00,                              23.00,                               4.23,ACTIVO
Sede PGR 2023 - 006,ALM-TIE,ALMACEN TIENDA,MASS2139,ROLLO DE ESPUMA 3D AUTOADHESIVA JQ-3403-2 40 CM X 3M DE 3MM,U001,Ubicación Principal,PRO-24,REVESTIMIENTO,Unid,                             358.00,"                           1,734.43",                               0.00,                               0.00,                              26.00,                             125.84,                             332.00,"                           1,608.59",                               0.00,                             332.00,                               4.84,ACTIVO
Sede PGR 2023 - 006,ALM-TIE,ALMACEN TIENDA,MASS2140,ROLLO PANEL DECORATIVO BD1137,U001,Ubicación Principal,PRO-24,REVESTIMIENTO,Unid,                             195.00,                             396.49,                               0.00,                               0.00,                              69.00,                             140.07,                             126.00,                             256.42,                               0.00,                             126.00,                               2.03,ACTIVO
Sede PGR 2023 - 006,ALM-TIE,ALMACEN TIENDA,MASS2141,ROLLO PANEL DECORATIVO BD1135,U001,Ubicación Principal,PRO-24,REVESTIMIENTO,Unid,                              28.00,                              57.97,                              24.00,                              58.14,                              48.00,                             106.38,                               4.00,                               9.73,                               0.00,                               4.00,                               2.43,ACTIVO
Sede PGR 2023 - 006,ALM-TIE,ALMACEN TIENDA,MASS2142,ROLLO PANEL DECORATIVO BD1121,U001,Ubicación Principal,PRO-24,REVESTIMIENTO,Unid,                             157.00,                             319.57,                               0.00,                               0.00,                              31.00,                              62.93,                             126.00,                             256.64,                               0.00,                             126.00,                               2.03,ACTIVO
Sede PGR 2023 - 006,ALM-TIE,ALMACEN TIENDA,MASS2149,ZAPATERA 4 NIVELES BLANCA,U001,Ubicación Principal,PRO-11,HOGAR,Unid,                               1.00,                               2.98,                               0.00,                               0.00,                               0.00,                               0.00,                               1.00,                               2.98,                               0.00,                               1.00,                               2.98,ACTIVO
Sede PGR 2023 - 006,ALM-TIE,ALMACEN TIENDA,MASS2152,ESTERILIZADOR ULTRAVIOLETA PARA CEPILLO DE DIENTES NEGRO,U001,Ubicación Principal,PRO-18,SALUD,Unid,                             141.00,                             414.54,                               3.00,                               8.82,                              55.00,                             161.70,                              89.00,                             261.66,                               0.00,                              89.00,                               2.94,ACTIVO
Sede PGR 2023 - 006,ALM-TIE,ALMACEN TIENDA,MASS2143,WALL PANEL 3D D099 BLANCO 1MM DE GROSOR 500MM*500MM,U001,Ubicación Principal,PRO-24,REVESTIMIENTO,Unid,                             229.00,                             323.53,                               0.00,                               0.00,                               0.00,                               0.00,                             229.00,                             323.53,                               0.00,                             229.00,                               1.41,ACTIVO
Sede PGR 2023 - 006,ALM-TIE,ALMACEN TIENDA,MASS2144,WALL PANEL 3D D099 NEGRO 1MM DE GROSOR 500MM*500MM,U001,Ubicación Principal,PRO-24,REVESTIMIENTO,Unid,                             366.00,                             462.38,                               0.00,                               0.00,                               0.00,                               0.00,                             366.00,                             462.38,                               0.00,                             366.00,                               1.26,ACTIVO
Sede PGR 2023 - 006,ALM-TIE,ALMACEN TIENDA,MASS2145,WALL PANEL 3D D137 BLANCO 1MM DE GROSOR 500MM*500MM,U001,Ubicación Principal,PRO-24,REVESTIMIENTO,Unid,                             214.00,                             301.79,                               0.00,                               0.00,                              14.00,                              19.74,                             200.00,                             282.05,                               0.00,                             200.00,                               1.41,ACTIVO
Sede PGR 2023 - 006,ALM-TIE,ALMACEN TIENDA,MASS2146,WALL PANEL 3D D137 NEGRO 1MM DE GROSOR 500MM*500MM,U001,Ubicación Principal,PRO-24,REVESTIMIENTO,Unid,                             140.00,                             186.93,                               0.00,                               0.00,                               1.00,                               1.34,                             139.00,                             185.59,                               0.00,                             139.00,                               1.34,ACTIVO
Sede PGR 2023 - 006,ALM-TIE,ALMACEN TIENDA,MASS2147,WALL PANEL 3D D090 BLANCO 1MM DE GROSOR 500MM*500MM,U001,Ubicación Principal,PRO-24,REVESTIMIENTO,Unid,                             310.00,                             437.10,                               0.00,                               0.00,                               0.00,                               0.00,                             310.00,                             437.10,                               0.00,                             310.00,                               1.41,ACTIVO
Sede PGR 2023 - 006,ALM-TIE,ALMACEN TIENDA,MASS2148,WALL PANEL 3D D090 NEGRO 1MM DE GROSOR 500MM*500MM,U001,Ubicación Principal,PRO-24,REVESTIMIENTO,Unid,                             203.00,                             272.82,                               0.00,                               0.00,                               0.00,                               0.00,                             203.00,                             272.82,                               0.00,                             203.00,                               1.34,ACTIVO
Sede PGR 2023 - 006,ALM-TIE,ALMACEN TIENDA,MASS2156,"PERFIL WALL PANEL MARRON CLARO 8882  30x30mm x 2,90m",U001,Ubicación Principal,PRO-24,REVESTIMIENTO,Unid,                              78.00,                             109.98,                               0.00,                               0.00,                               8.00,                              11.28,                              70.00,                              98.70,                               0.00,                              70.00,                               1.41,ACTIVO
Sede PGR 2023 - 006,ALM-TIE,ALMACEN TIENDA,MASS2157,"PERFIL WALL PANEL GRIS CLARO YC6001 30x30mm x 2,90m",U001,Ubicación Principal,PRO-24,REVESTIMIENTO,Unid,                             100.00,                             141.00,                               0.00,                               0.00,                               5.00,                               7.05,                              95.00,                             133.95,                               0.00,                              95.00,                               1.41,ACTIVO
Sede PGR 2023 - 006,ALM-TIE,ALMACEN TIENDA,MASS2158,"PERFIL WALL PANEL HYYC045 GRIS OSCURO 30x30mm x 2,90m",U001,Ubicación Principal,PRO-24,REVESTIMIENTO,Unid,                              66.00,                              93.06,                               0.00,                               0.00,                               0.00,                               0.00,                              66.00,                              93.06,                               0.00,                              66.00,                               1.41,ACTIVO
Sede PGR 2023 - 006,ALM-TIE,ALMACEN TIENDA,MASS2159,"PERFIL WALL PANEL MADERA HYYC018 30x30mm x 2,90m",U001,Ubicación Principal,PRO-24,REVESTIMIENTO,Unid,                              79.00,                             111.39,                               0.00,                               0.00,                               5.00,                               7.05,                              74.00,                             104.34,                               0.00,                              74.00,                               1.41,ACTIVO
Sede PGR 2023 - 006,ALM-TIE,ALMACEN TIENDA,MASS2160,"PERFIL WALL PANEL HYYC073 BLANCO  30x30mm x 2,90m",U001,Ubicación Principal,PRO-24,REVESTIMIENTO,Unid,                              60.00,                              84.60,                               0.00,                               0.00,                               2.00,                               2.82,                              58.00,                              81.78,                               0.00,                              58.00,                               1.41,ACTIVO
Sede PGR 2023 - 006,ALM-TIE,ALMACEN TIENDA,MASS2161,"PERFIL WALL PANEL  HYYC025  30x30mm x 2,90m",U001,Ubicación Principal,PRO-24,REVESTIMIENTO,Unid,                             165.00,                             232.65,                               0.00,                               0.00,                               0.00,                               0.00,                             165.00,                             232.65,                               0.00,                             165.00,                               1.41,ACTIVO
Sede PGR 2023 - 006,ALM-TIE,ALMACEN TIENDA,MASS2162,"PERFIL WALL PANEL   AZUL 095  30x30mm x 2,90m",U001,Ubicación Principal,PRO-24,REVESTIMIENTO,Unid,                              73.00,                             102.93,                               1.00,                               1.41,                               1.00,                               1.41,                              73.00,                             102.93,                               0.00,                              73.00,                               1.41,ACTIVO
Sede PGR 2023 - 006,ALM-TIE,ALMACEN TIENDA,MASS2164,CINTA ADHESIVA DECORATIVA GRIS 2 CM X 50MTS,U001,Ubicación Principal,PRO-24,REVESTIMIENTO,Unid,                             475.00,                             665.00,                               0.00,                               0.00,                               4.00,                               5.60,                             471.00,                             659.40,                               0.00,                             471.00,                               1.40,ACTIVO
Sede PGR 2023 - 006,ALM-TIE,ALMACEN TIENDA,MASS2165,CINTA ADHESIVA DECORATIVA GRIS 3CM X 50MTS,U001,Ubicación Principal,PRO-24,REVESTIMIENTO,Unid,                              63.00,                             133.56,                               0.00,                               0.00,                               7.00,                              14.84,                              56.00,                             118.72,                               0.00,                              56.00,                               2.12,ACTIVO
Sede PGR 2023 - 006,ALM-TIE,ALMACEN TIENDA,MASS2167,DILDO VIBRADOR CON DOBLE PENETRACION NEGRO,U001,Ubicación Principal,PRO-08,ADULTOS,Unid,                              63.00,                             173.88,                               0.00,                               0.00,                               5.00,                              13.80,                              58.00,                             160.08,                               0.00,                              58.00,                               2.76,ACTIVO
Sede PGR 2023 - 006,ALM-TIE,ALMACEN TIENDA,MASS2168,DILDO VIBRADOR CON DOBLE PENETRACION  CARNE,U001,Ubicación Principal,PRO-08,ADULTOS,Unid,                              46.00,                             126.96,                               0.00,                               0.00,                               3.00,                               8.28,                              43.00,                             118.68,                               0.00,                              43.00,                               2.76,ACTIVO
Sede PGR 2023 - 006,ALM-TIE,ALMACEN TIENDA,MASS2169,DILDO VIBRADOR CON DOBLE PENETRACION  MORADO,U001,Ubicación Principal,PRO-08,ADULTOS,Unid,                              74.00,                             204.24,                               0.00,                               0.00,                               3.00,                               8.28,                              71.00,                             195.96,                               0.00,                              71.00,                               2.76,ACTIVO
Sede PGR 2023 - 006,ALM-TIE,ALMACEN TIENDA,MASS2170,MASTURBADOR FEMENINO CON 10 MODOS DE VIBRACION ELEFANTE,U001,Ubicación Principal,PRO-08,ADULTOS,Unid,                              19.00,                              54.34,                               0.00,                               0.00,                               0.00,                               0.00,                              19.00,                              54.34,                               0.00,                              19.00,                               2.86,ACTIVO
Sede PGR 2023 - 006,ALM-TIE,ALMACEN TIENDA,MASS2171,MASTURBADOR FEMENINO CON 10 MODOS DE VIBRACION RENO,U001,Ubicación Principal,PRO-08,ADULTOS,Unid,                              23.00,                              65.51,                               0.00,                               0.00,                               3.00,                               8.55,                              20.00,                              56.96,                               0.00,                              20.00,                               2.85,ACTIVO
Sede PGR 2023 - 006,ALM-TIE,ALMACEN TIENDA,MASS2172,MASTURBADOR FEMENINO CON 10 MODOS DE VIBRACION CONEJO,U001,Ubicación Principal,PRO-08,ADULTOS,Unid,                              19.00,                              54.34,                               1.00,                               2.86,                               3.00,                               8.58,                              17.00,                              48.62,                               0.00,                              17.00,                               2.86,ACTIVO
Sede PGR 2023 - 006,ALM-TIE,ALMACEN TIENDA,MASS2174,PLUG ANAL COLA DE PERRO DE SILICONA NEGRO,U001,Ubicación Principal,PRO-08,ADULTOS,Unid,                              36.00,                              46.80,                               0.00,                               0.00,                               1.00,                               1.30,                              35.00,                              45.50,                               0.00,                              35.00,                               1.30,ACTIVO
Sede PGR 2023 - 006,ALM-TIE,ALMACEN TIENDA,MASS2175,PLUG ANAL COLA DE PERRO DE SILICONA  TRANSPARENTE,U001,Ubicación Principal,PRO-08,ADULTOS,Unid,                              32.00,                              41.60,                               0.00,                               0.00,                               0.00,                               0.00,                              32.00,                              41.60,                               0.00,                              32.00,                               1.30,ACTIVO
Sede PGR 2023 - 006,ALM-TIE,ALMACEN TIENDA,MASS2176,CONSOLADOR DE PERRO PARA MUJER CON EYACULADOR,U001,Ubicación Principal,PRO-08,ADULTOS,Unid,                               3.00,                              32.82,                               0.00,                               0.00,                               1.00,                              10.94,                               2.00,                              21.88,                               0.00,                               2.00,                              10.94,ACTIVO
Sede PGR 2023 - 006,ALM-TIE,ALMACEN TIENDA,MASS2179,FUNDA PENE EXTENSOR REALISTA GLADIADOR ALARGAMIENTO 16CM,U001,Ubicación Principal,PRO-08,ADULTOS,Unid,                               1.00,                               1.49,                               0.00,                               0.00,                               0.00,                               0.00,                               1.00,                               1.49,                               0.00,                               1.00,                               1.49,ACTIVO
Sede PGR 2023 - 006,ALM-TIE,ALMACEN TIENDA,MASS2180,FUNDA EXTENSORA DE PENE 27 CM CARNE,U001,Ubicación Principal,PRO-08,ADULTOS,Unid,                               1.00,                               1.85,                               0.00,                               0.00,                               0.00,                               0.00,                               1.00,                               1.85,                               0.00,                               1.00,                               1.85,ACTIVO
Sede PGR 2023 - 006,ALM-TIE,ALMACEN TIENDA,MASS2183,COLUMPIO DE PUERTA PARA ADULTOS,U001,Ubicación Principal,PRO-08,ADULTOS,Unid,                              13.00,                              48.35,                               0.00,                               0.00,                               2.00,                               7.44,                              11.00,                              40.91,                               0.00,                              11.00,                               3.72,ACTIVO
Sede PGR 2023 - 006,ALM-TIE,ALMACEN TIENDA,MASS2184,OVULOS ESTRECHANTES Y APRIETE  VAGINAL,U001,Ubicación Principal,PRO-08,ADULTOS,Unid,                             180.00,                             303.53,                               3.00,                               5.07,                              38.00,                              64.22,                             145.00,                             244.38,                               0.00,                             145.00,                               1.69,ACTIVO
Sede PGR 2023 - 006,ALM-TIE,ALMACEN TIENDA,MASS2185,CINTURON DE CASTIDAD DE METAL,U001,Ubicación Principal,PRO-08,ADULTOS,Unid,                              29.00,                             151.09,                               0.00,                               0.00,                               0.00,                               0.00,                              29.00,                             151.09,                               0.00,                              29.00,                               5.21,ACTIVO
Sede PGR 2023 - 006,ALM-TIE,ALMACEN TIENDA,MASS2187,SHAMPOO MEIDU CUBRE CANAS 3 EN 1 500 ML  NEGRO,U001,Ubicación Principal,PRO-05,ESTETICA Y BELLEZA,Unid,                             152.00,"                           1,153.68",                               0.00,                               0.00,                              30.00,                             227.70,                             122.00,                             925.98,                               0.00,                             122.00,                               7.59,ACTIVO
Sede PGR 2023 - 006,ALM-TIE,ALMACEN TIENDA,MASS2188,SHAMPOO MEIDU CUBRE CANAS 3 EN 1 500 ML  MARRON,U001,Ubicación Principal,PRO-05,ESTETICA Y BELLEZA,Unid,                              44.00,                             333.96,                               0.00,                               0.00,                              10.00,                              75.90,                              34.00,                             258.06,                               0.00,                              34.00,                               7.59,ACTIVO
Sede PGR 2023 - 006,ALM-TIE,ALMACEN TIENDA,MASS2189,SHAMPOO MEIDU CUBRE CANAS 3 EN 1 500 ML  ROJO VINO,U001,Ubicación Principal,PRO-05,ESTETICA Y BELLEZA,Unid,                               9.00,                              68.31,                               0.00,                               0.00,                               7.00,                              53.13,                               2.00,                              15.18,                               0.00,                               2.00,                               7.59,ACTIVO
Sede PGR 2023 - 006,ALM-TIE,ALMACEN TIENDA,MASS2190,CEPILLO LAVADOR ELECTRICO RECARGABLE,U001,Ubicación Principal,PRO-25,COCINA,Unid,                              45.00,                             170.40,                               0.00,                               0.00,                              13.00,                              49.27,                              32.00,                             121.13,                               0.00,                              32.00,                               3.79,ACTIVO
Sede PGR 2023 - 006,ALM-TIE,ALMACEN TIENDA,MASS2192,BOLSO DE LAPTOP CON USB NEGRO,U001,Ubicación Principal,PRO-15,COMPUTACION,Unid,                               1.00,                              16.14,                               0.00,                               0.00,                               0.00,                               0.00,                               1.00,                              16.14,                               0.00,                               1.00,                              16.16,ACTIVO
Sede PGR 2023 - 006,ALM-TIE,ALMACEN TIENDA,MASS2193,ESMECHADOR DE POLLO,U001,Ubicación Principal,PRO-25,COCINA,Unid,                               1.00,                               4.08,                               0.00,                               0.00,                               0.00,                               0.00,                               1.00,                               4.08,                               0.00,                               1.00,                               4.08,ACTIVO
Sede PGR 2023 - 006,ALM-TIE,ALMACEN TIENDA,MASS2194,CAJA ACRILICA PARA ZAPATOS,U001,Ubicación Principal,PRO-11,HOGAR,Unid,                             135.00,                             599.98,                               0.00,                               0.00,                               2.00,                               8.88,                             133.00,                             591.10,                               0.00,                             133.00,                               4.44,ACTIVO
Sede PGR 2023 - 006,ALM-TIE,ALMACEN TIENDA,MASS2195,COCHE PARA BEBE VIAJERO YOYO NEGRO,U001,Ubicación Principal,PRO-11,HOGAR,Unid,                               7.00,                             472.08,                               0.00,                               0.00,                               1.00,                              67.44,                               6.00,                             404.64,                               0.00,                               6.00,                              67.44,ACTIVO
Sede PGR 2023 - 006,ALM-TIE,ALMACEN TIENDA,MASS2196,BATERIA DRON E88,U001,Ubicación Principal,PRO-17,AUDIO Y VIDEO,Unid,                             329.00,                             348.74,                               0.00,                               0.00,                               9.00,                               9.54,                             320.00,                             339.20,                               0.00,                             320.00,                               1.06,ACTIVO
Sede PGR 2023 - 006,ALM-TIE,ALMACEN TIENDA,MASS2197,IMPRESORA TERMICA 80 MM USB LAN,U001,Ubicación Principal,PRO-23,IMPRESORAS,Unid,                              45.00,"                           1,462.89",                               0.00,                               0.00,                               0.00,                               0.00,                              45.00,"                           1,462.89",                               0.00,                              45.00,                              32.51,ACTIVO
Sede PGR 2023 - 006,ALM-TIE,ALMACEN TIENDA,MASS2199,SET DE VIAJE 8 PCS NEGRO,U001,Ubicación Principal,PRO-11,HOGAR,Unid,                               8.00,                              34.04,                               0.00,                               0.00,                               5.00,                              21.25,                               3.00,                              12.79,                               0.00,                               3.00,                               4.25,ACTIVO
Sede PGR 2023 - 006,ALM-TIE,ALMACEN TIENDA,MASS2163,CINTA ADHESIVA DECORATIVA GRIS 1CM X 50MTS,U001,Ubicación Principal,PRO-24,REVESTIMIENTO,Unid,                             863.00,                             681.77,                               0.00,                               0.00,                               5.00,                               3.95,                             858.00,                             677.82,                               0.00,                             858.00,                               0.79,ACTIVO
Sede PGR 2023 - 006,ALM-TIE,ALMACEN TIENDA,MASS2173,MASTURBADOR FEMENINO CON 10 MODOS DE VIBRACION LOBO,U001,Ubicación Principal,PRO-08,ADULTOS,Unid,                              26.00,                              73.28,                               0.00,                               0.00,                               5.00,                              14.10,                              21.00,                              59.18,                               0.00,                              21.00,                               2.82,ACTIVO
Sede PGR 2023 - 006,ALM-TIE,ALMACEN TIENDA,MASS2204,CORRECTOR DE POSTURA AJUSTABLE ESPALDA TALLA L,U001,Ubicación Principal,PRO-18,SALUD,Unid,                               1.00,                               2.67,                               0.00,                               0.00,                               0.00,                               0.00,                               1.00,                               2.67,                               0.00,                               1.00,                               2.67,ACTIVO
Sede PGR 2023 - 006,ALM-TIE,ALMACEN TIENDA,MASS2207,LAMPARA DE ARENA AZUL,U001,Ubicación Principal,PRO-14,ILUMINACION,Unid,                              18.00,                              70.70,                               0.00,                               0.00,                               0.00,                               0.00,                              18.00,                              70.70,                               0.00,                              18.00,                               3.92,ACTIVO
Sede PGR 2023 - 006,ALM-TIE,ALMACEN TIENDA,MASS2208,LAMPARA DE ARENA NEGRO,U001,Ubicación Principal,PRO-14,ILUMINACION,Unid,                              18.00,                              70.20,                               0.00,                               0.00,                               1.00,                               3.90,                              17.00,                              66.30,                               0.00,                              17.00,                               3.90,ACTIVO
Sede PGR 2023 - 006,ALM-TIE,ALMACEN TIENDA,MASS2209,LAMPARA DE ARENA ROJO,U001,Ubicación Principal,PRO-14,ILUMINACION,Unid,                              29.00,                             113.10,                               0.00,                               0.00,                               0.00,                               0.00,                              29.00,                             113.10,                               0.00,                              29.00,                               3.90,ACTIVO
Sede PGR 2023 - 006,ALM-TIE,ALMACEN TIENDA,MASS2210,LAMPARA DE ARENA VERDE,U001,Ubicación Principal,PRO-14,ILUMINACION,Unid,                              20.00,                              78.00,                               0.00,                               0.00,                               1.00,                               3.90,                              19.00,                              74.10,                               0.00,                              19.00,                               3.90,ACTIVO
Sede PGR 2023 - 006,ALM-TIE,ALMACEN TIENDA,MASS2211,PROYECTOR HY300 720,U001,Ubicación Principal,PRO-17,AUDIO Y VIDEO,Unid,                              51.00,"                           1,221.35",                               0.00,                               0.00,                               7.00,                             167.58,                              44.00,"                           1,053.77",                               0.00,                              44.00,                              23.94,ACTIVO
Sede PGR 2023 - 006,ALM-TIE,ALMACEN TIENDA,MASS2213,MAQUINA BOXEO BLUETOOH CON ACCESORIOS,U001,Ubicación Principal,PRO-12,JUEGOS Y JUGUETES,Unid,                              39.00,"                           1,010.69",                               0.00,                               0.00,                               9.00,                             233.28,                              30.00,                             777.41,                               0.00,                              30.00,                              25.92,ACTIVO
Sede PGR 2023 - 006,ALM-TIE,ALMACEN TIENDA,MASS2216,MASAJEADOR DE PIE PROFUNDO TERMICO,U001,Ubicación Principal,PRO-18,SALUD,Unid,                              55.00,                             560.17,                               0.00,                               0.00,                              10.00,                             101.80,                              45.00,                             458.37,                               0.00,                              45.00,                              10.18,ACTIVO
Sede PGR 2023 - 006,ALM-TIE,ALMACEN TIENDA,MASS2218,BANCO AJUSTABLE DE PESAS EJERCICIO ABDOMINALES GYM,U001,Ubicación Principal,PRO-04,DEPORTE Y FITNESS,Unid,                              12.00,                             826.32,                               0.00,                               0.00,                               0.00,                               0.00,                              12.00,                             826.32,                               0.00,                              12.00,                              68.86,ACTIVO
Sede PGR 2023 - 006,ALM-TIE,ALMACEN TIENDA,MASS2223,"EJERCITADOR 3 EN 1, EXPANSOR DE PECHO CON RESORTE, MANUAL FORTALECEDOR DE AGARRE",U001,Ubicación Principal,PRO-04,DEPORTE Y FITNESS,Unid,                             247.00,"                           2,293.86",                               0.00,                               0.00,                               1.00,                               9.29,                             246.00,"                           2,284.57",                               0.00,                             246.00,                               9.29,ACTIVO
Sede PGR 2023 - 006,ALM-TIE,ALMACEN TIENDA,MASS2224,DISPOSITIVO AUXILIAR DE ABDOMINALES CON AUTOSUCCIÓN PARA EL HOGAR,U001,Ubicación Principal,PRO-04,DEPORTE Y FITNESS,Unid,                              36.00,                             174.11,                               0.00,                               0.00,                               8.00,                              38.64,                              28.00,                             135.47,                               0.00,                              28.00,                               4.83,ACTIVO
Sede PGR 2023 - 006,ALM-TIE,ALMACEN TIENDA,MASS2226,AUDIFONO INALAMBRICO P2961 Bluetooth RECARGABLE NEGRO,U001,Ubicación Principal,PRO-06,AUDIFONOS,Unid,                              37.00,                             162.60,                              10.00,                              43.90,                              34.00,                             149.45,                              13.00,                              57.05,                               0.00,                              13.00,                               4.40,ACTIVO
Sede PGR 2023 - 006,ALM-TIE,ALMACEN TIENDA,MASS2225,ESCALERA DE AGILIDAD COORDINACION ENTRENAMIENTO 6 METROS,U001,Ubicación Principal,PRO-04,DEPORTE Y FITNESS,Unid,                              58.00,                             150.01,                               0.00,                               0.00,                              10.00,                              25.80,                              48.00,                             124.21,                               0.00,                              48.00,                               2.58,ACTIVO
Sede PGR 2023 - 006,ALM-TIE,ALMACEN TIENDA,MASS2232,"LUCES SOLARES PARA EL HOGAR, LÁMPARA DE ENERGÍA SOLAR IP65, RESISTENTE AL AGUA, PARA INTERIOR Y EXTERIOR  20CM 100W",U001,Ubicación Principal,PRO-14,ILUMINACION,Unid,                              39.00,                             180.50,                               0.00,                               0.00,                              15.00,                              69.60,                              24.00,                             110.90,                               0.00,                              24.00,                               4.64,ACTIVO
Sede PGR 2023 - 006,ALM-TIE,ALMACEN TIENDA,MASS2233,"BELIA-CÁMARA DE VIGILANCIA 4K DE 8MP CON WIFI, LENTE DUAL, ZOOM DIGITAL 4X, DETECCIÓN HUMANA POR IA, ONVIF, CÁMARAS IP PTZ",U001,Ubicación Principal,PRO-17,AUDIO Y VIDEO,Unid,                             224.00,"                           3,949.12",                               2.00,                              35.26,                              63.00,"                           1,110.69",                             163.00,"                           2,873.69",                               0.00,                             163.00,                              17.63,ACTIVO
Sede PGR 2023 - 006,ALM-TIE,ALMACEN TIENDA,MASS2235,MÁQUINA DE CAFE PORTÁTIL CON CALEFACCIÓN AUTOMÁTICA INALÁMBRICA,U001,Ubicación Principal,PRO-25,COCINA,Unid,                             158.00,"                           2,988.22",                               0.00,                               0.00,                              21.00,                             397.11,                             137.00,"                           2,591.11",                               0.00,                             137.00,                              18.91,ACTIVO
Sede PGR 2023 - 006,ALM-TIE,ALMACEN TIENDA,MASS2234,TECLADO BLUETOOTH PLEGABLE INALAMBRICO PORTATIL,U001,Ubicación Principal,PRO-15,COMPUTACION,Unid,                              44.00,                             525.40,                               0.00,                               0.00,                              12.00,                             143.28,                              32.00,                             382.12,                               0.00,                              32.00,                              11.94,ACTIVO
Sede PGR 2023 - 006,ALM-TIE,ALMACEN TIENDA,MASS2239,PLUG ANAL SILICONA MORADO,U001,Ubicación Principal,PRO-08,ADULTOS,Unid,                               7.00,                              17.29,                               1.00,                               2.97,                               6.00,                              14.82,                               2.00,                               5.44,                               0.00,                               2.00,                               2.72,ACTIVO
Sede PGR 2023 - 006,ALM-TIE,ALMACEN TIENDA,MASS2240,SET 3 PLUG ANAL ALARGADO NEGRO,U001,Ubicación Principal,PRO-08,ADULTOS,Unid,                              40.00,                              65.20,                               0.00,                               0.00,                               0.00,                               0.00,                              40.00,                              65.20,                               0.00,                              40.00,                               1.63,ACTIVO
Sede PGR 2023 - 006,ALM-TIE,ALMACEN TIENDA,MASS2241,VIBRADOR ANAL HUSH 2 CONTROLAO POR APP BY LOVENSE,U001,Ubicación Principal,PRO-08,ADULTOS,Unid,                               2.00,                               6.62,                               0.00,                               0.00,                               0.00,                               0.00,                               2.00,                               6.62,                               0.00,                               2.00,                               3.31,ACTIVO
Sede PGR 2023 - 006,ALM-TIE,ALMACEN TIENDA,MASS2242,CONSOLADOR DE TIGRE LARGO DRAGÓN 40 CM ANAL PLUGS,U001,Ubicación Principal,PRO-08,ADULTOS,Unid,                              29.00,                              82.49,                               0.00,                               0.00,                               7.00,                              19.88,                              22.00,                              62.61,                               0.00,                              22.00,                               2.84,ACTIVO
Sede PGR 2023 - 006,ALM-TIE,ALMACEN TIENDA,MASS2246,BDSM CINTA ESTATICA PARA JUEGOS PREVIOS DE ADULTOS NEGRO,U001,Ubicación Principal,PRO-08,ADULTOS,Unid,                              50.00,                              35.50,                               1.00,                               0.71,                               2.00,                               1.42,                              49.00,                              34.79,                               0.00,                              49.00,                               0.71,ACTIVO
Sede PGR 2023 - 006,ALM-TIE,ALMACEN TIENDA,MASS2248,COPA MASTURBADORA CON VIBRACION RECARGABLE,U001,Ubicación Principal,PRO-08,ADULTOS,Unid,                              17.00,                             133.24,                               0.00,                               0.00,                               2.00,                              15.68,                              15.00,                             117.56,                               0.00,                              15.00,                               7.84,ACTIVO
Sede PGR 2023 - 006,ALM-TIE,ALMACEN TIENDA,MASS2249,FUNDA PARA PENE TEXTURIZADA CON VIBRACION,U001,Ubicación Principal,PRO-08,ADULTOS,Unid,                               3.00,                               7.23,                               0.00,                               0.00,                               0.00,                               0.00,                               3.00,                               7.23,                               0.00,                               3.00,                               2.41,ACTIVO
Sede PGR 2023 - 006,ALM-TIE,ALMACEN TIENDA,MASS2250,DISFRAZ SEXY DE CONEJITA PARA MUJER NEGRO,U001,Ubicación Principal,PRO-08,ADULTOS,Unid,                              35.00,                             171.15,                               0.00,                               0.00,                               0.00,                               0.00,                              35.00,                             171.15,                               0.00,                              35.00,                               4.89,ACTIVO
Sede PGR 2023 - 006,ALM-TIE,ALMACEN TIENDA,MASS2251,TAPÓN ANAL DE METAL CON FORMA DE DILDO PARA HOMBRES NEGRO TALLA S,U001,Ubicación Principal,PRO-08,ADULTOS,Unid,                               6.00,                              11.88,                               0.00,                               0.00,                               1.00,                               1.98,                               5.00,                               9.90,                               0.00,                               5.00,                               1.98,ACTIVO
Sede PGR 2023 - 006,ALM-TIE,ALMACEN TIENDA,MASS2252,TAPÓN ANAL DE METAL CON FORMA DE DILDO PARA HOMBRES BLANCO TALLA M,U001,Ubicación Principal,PRO-08,ADULTOS,Unid,                               6.00,                              16.50,                               0.00,                               0.00,                               2.00,                               5.50,                               4.00,                              11.00,                               0.00,                               4.00,                               2.75,ACTIVO
Sede PGR 2023 - 006,ALM-TIE,ALMACEN TIENDA,MASS2253,TAPÓN ANAL DE METAL CON FORMA DE DILDO PARA HOMBRES ROJO TALLA L,U001,Ubicación Principal,PRO-08,ADULTOS,Unid,                              20.00,                              80.40,                               0.00,                               0.00,                               5.00,                              20.10,                              15.00,                              60.30,                               0.00,                              15.00,                               4.02,ACTIVO
Sede PGR 2023 - 006,ALM-TIE,ALMACEN TIENDA,MASS2255,EXTENSOR DE PENE BOLA DE METAL DOBLE DE 35 MM,U001,Ubicación Principal,PRO-08,ADULTOS,Unid,                              30.00,                              76.80,                               0.00,                               0.00,                               1.00,                               2.56,                              29.00,                              74.24,                               0.00,                              29.00,                               2.56,ACTIVO
Sede PGR 2023 - 006,ALM-TIE,ALMACEN TIENDA,MASS2256,EXTENSOR DE PENE BOLA DE METAL TRIPLE DE 35 MM,U001,Ubicación Principal,PRO-08,ADULTOS,Unid,                              22.00,                              68.42,                               0.00,                               0.00,                               2.00,                               6.22,                              20.00,                              62.20,                               0.00,                              20.00,                               3.11,ACTIVO
Sede PGR 2023 - 006,ALM-TIE,ALMACEN TIENDA,MASS2244,ACEITE DE MASAJE CORPORAL AUMENTO DE PENE XXXL 10 ML,U001,Ubicación Principal,PRO-08,ADULTOS,Unid,                             366.00,                             186.66,                               4.00,                               2.04,                              90.00,                              45.90,                             280.00,                             142.80,                               0.00,                             280.00,                               0.51,ACTIVO
Sede PGR 2023 - 006,ALM-TIE,ALMACEN TIENDA,MASS2254,EXTENSOR DE PENE BOLA DE METAL SIMPLE DE 35 MM,U001,Ubicación Principal,PRO-08,ADULTOS,Unid,                              29.00,                              60.32,                               0.00,                               0.00,                               0.00,                               0.00,                              29.00,                              60.32,                               0.00,                              29.00,                               2.08,ACTIVO
Sede PGR 2023 - 006,ALM-TIE,ALMACEN TIENDA,MASS2222,Luz de techo LED montada en superficie moderna inteligente IP44 para el hogar,U001,Ubicación Principal,PRO-14,ILUMINACION,Unid,                              15.00,                             124.47,                               0.00,                               0.00,                               3.00,                              24.90,                              12.00,                              99.57,                               0.00,                              12.00,                               8.30,ACTIVO
Sede PGR 2023 - 006,ALM-TIE,ALMACEN TIENDA,MASS2263,SATISFAYER RECARGABLE NEGRO GM21901,U001,Ubicación Principal,PRO-08,ADULTOS,Unid,                               1.00,                               6.20,                               0.00,                               0.00,                               0.00,                               0.00,                               1.00,                               6.20,                               0.00,                               1.00,                               6.20,ACTIVO
Sede PGR 2023 - 006,ALM-TIE,ALMACEN TIENDA,MASS2264,CEPILLO FACIAL AZUL,U001,Ubicación Principal,PRO-05,ESTETICA Y BELLEZA,Unid,                              19.00,                              17.24,                               0.00,                               0.00,                               0.00,                               0.00,                              19.00,                              17.24,                               0.00,                              19.00,                               0.91,ACTIVO
Sede PGR 2023 - 006,ALM-TIE,ALMACEN TIENDA,MASS2265,CEPILLO FACIAL ROSADO,U001,Ubicación Principal,PRO-05,ESTETICA Y BELLEZA,Unid,                              19.00,                              17.19,                               0.00,                               0.00,                               1.00,                               0.90,                              18.00,                              16.29,                               0.00,                              18.00,                               0.90,ACTIVO
Sede PGR 2023 - 006,ALM-TIE,ALMACEN TIENDA,MASS2275,LAMPARA DE LIBRO MARRON OSCURO,U001,Ubicación Principal,PRO-14,ILUMINACION,Unid,                              39.00,                             250.38,                               0.00,                               0.00,                               1.00,                               6.42,                              38.00,                             243.96,                               0.00,                              38.00,                               6.42,ACTIVO
Sede PGR 2023 - 006,ALM-TIE,ALMACEN TIENDA,MASS2276,LAMPARA DE LIBRO MARRON CAOBA,U001,Ubicación Principal,PRO-14,ILUMINACION,Unid,                              50.00,                             321.29,                               0.00,                               0.00,                               0.00,                               0.00,                              50.00,                             321.29,                               0.00,                              50.00,                               6.42,ACTIVO
Sede PGR 2023 - 006,ALM-TIE,ALMACEN TIENDA,MASS2277,SET DE VIAJE 8 PCS AZUL,U001,Ubicación Principal,PRO-11,HOGAR,Unid,                              23.00,                              94.53,                               1.00,                               4.11,                               4.00,                              16.44,                              20.00,                              82.20,                               0.00,                              20.00,                               4.11,ACTIVO
Sede PGR 2023 - 006,ALM-TIE,ALMACEN TIENDA,MASS2278,SET DE VIAJE 8 PCS GRIS,U001,Ubicación Principal,PRO-11,HOGAR,Unid,                              24.00,                             100.19,                               7.00,                              29.19,                              17.00,                              70.95,                              14.00,                              58.43,                               0.00,                              14.00,                               4.18,ACTIVO
Sede PGR 2023 - 006,ALM-TIE,ALMACEN TIENDA,MASS2283,SET 3 PLUG ANAL ALARGADO ROSADO,U001,Ubicación Principal,PRO-08,ADULTOS,Unid,                              37.00,                             181.30,                               0.00,                               0.00,                               1.00,                               4.90,                              36.00,                             176.40,                               0.00,                              36.00,                               4.90,ACTIVO
Sede PGR 2023 - 006,ALM-TIE,ALMACEN TIENDA,MASS2284,SET 3 PLUG ANAL ALARGADO MORADO,U001,Ubicación Principal,PRO-08,ADULTOS,Unid,                              34.00,                             166.60,                               0.00,                               0.00,                               0.00,                               0.00,                              34.00,                             166.60,                               0.00,                              34.00,                               4.90,ACTIVO
Sede PGR 2023 - 006,ALM-TIE,ALMACEN TIENDA,MASS2286,BDSM CINTA ESTATICA PARA JUEGOS PREVIOS DE ADULTOS ROJO,U001,Ubicación Principal,PRO-08,ADULTOS,Unid,                              53.00,                              37.63,                               0.00,                               0.00,                               0.00,                               0.00,                              53.00,                              37.63,                               0.00,                              53.00,                               0.71,ACTIVO
Sede PGR 2023 - 006,ALM-TIE,ALMACEN TIENDA,MASS2293,RELOJ INTELIGENTE PARA NIÑO Q19 GPS VERDE,U001,Ubicación Principal,PRO-07,RELOJES INTELIGENTES,Unid,                              57.00,                             269.64,                               4.00,                              20.88,                              38.00,                             180.96,                              23.00,                             109.56,                               0.00,                              23.00,                               4.77,ACTIVO
Sede PGR 2023 - 006,ALM-TIE,ALMACEN TIENDA,MASS2295,"HERRAMIENTA INALÁMBRICA PARA EL CUIDADO DEL CABELLO, CEPILLO ALISADOR ELÉCTRICO ROSADO",U001,Ubicación Principal,PRO-05,ESTETICA Y BELLEZA,Unid,                              52.00,                             565.47,                               0.00,                               0.00,                               1.00,                              10.87,                              51.00,                             554.60,                               0.00,                              51.00,                              10.87,ACTIVO
Sede PGR 2023 - 006,ALM-TIE,ALMACEN TIENDA,MASS2296,RELOJ INTELIGENTE P89 VERDE,U001,Ubicación Principal,PRO-07,RELOJES INTELIGENTES,Unid,                               1.00,                              10.30,                               0.00,                               0.00,                               0.00,                               0.00,                               1.00,                              10.30,                               0.00,                               1.00,                              10.30,ACTIVO
Sede PGR 2023 - 006,ALM-TIE,ALMACEN TIENDA,MASS2297,ANILLO INTELIGENTE PLATEADO TALLA 8,U001,Ubicación Principal,PRO-21,ELECTRONICA,Unid,                              30.00,                             230.10,                               0.00,                               0.00,                               1.00,                               7.67,                              29.00,                             222.43,                               0.00,                              29.00,                               7.67,ACTIVO
Sede PGR 2023 - 006,ALM-TIE,ALMACEN TIENDA,MASS2298,ANILLO INTELIGENTE PLATEADO TALLA 9,U001,Ubicación Principal,PRO-21,ELECTRONICA,Unid,                              44.00,                             337.48,                               0.00,                               0.00,                               1.00,                               7.67,                              43.00,                             329.81,                               0.00,                              43.00,                               7.67,ACTIVO
Sede PGR 2023 - 006,ALM-TIE,ALMACEN TIENDA,MASS2299,ANILLO INTELIGENTE PLATEADO TALL10,U001,Ubicación Principal,PRO-21,ELECTRONICA,Unid,                              39.00,                             299.13,                               0.00,                               0.00,                               1.00,                               7.67,                              38.00,                             291.46,                               0.00,                              38.00,                               7.67,ACTIVO
Sede PGR 2023 - 006,ALM-TIE,ALMACEN TIENDA,MASS2300,ANILLO INTELIGENTE PLATEADO TALLA 11,U001,Ubicación Principal,PRO-21,ELECTRONICA,Unid,                               7.00,                              53.69,                               0.00,                               0.00,                               0.00,                               0.00,                               7.00,                              53.69,                               0.00,                               7.00,                               7.67,ACTIVO
Sede PGR 2023 - 006,ALM-TIE,ALMACEN TIENDA,MASS2301,CAMARA TIPO GOPRO PLATEADA,U001,Ubicación Principal,PRO-17,AUDIO Y VIDEO,Unid,                              43.00,                             236.41,                               0.00,                               0.00,                               0.00,                               0.00,                              43.00,                             236.41,                               0.00,                              43.00,                               5.50,ACTIVO
Sede PGR 2023 - 006,ALM-TIE,ALMACEN TIENDA,MASS2294,RELOJ INTELIGENTE S9 ROSADO INCLUYE 3 CORREAS,U001,Ubicación Principal,PRO-07,RELOJES INTELIGENTES,Unid,                               2.00,                               7.49,                               0.00,                               0.00,                               0.00,                               0.00,                               2.00,                               7.49,                               0.00,                               2.00,                               3.75,ACTIVO
Sede PGR 2023 - 006,ALM-TIE,ALMACEN TIENDA,MASS2303,SILLA EJECUTIVA ERGONOMICA A6P,U001,Ubicación Principal,PRO-15,COMPUTACION,Unid,                             242.00,"                           8,248.19",                               9.00,                             306.78,                             103.00,"                           3,510.42",                             148.00,"                           5,044.55",                               0.00,                             148.00,                              34.09,ACTIVO
Sede PGR 2023 - 006,ALM-TIE,ALMACEN TIENDA,MASS2305,SILLA GAMER GM01 ROJO,U001,Ubicación Principal,PRO-15,COMPUTACION,Unid,                               4.00,                             292.64,                               4.00,                             321.92,                               6.00,                             438.96,                               2.00,                             175.60,                               0.00,                               2.00,                              87.80,ACTIVO
Sede PGR 2023 - 006,ALM-TIE,ALMACEN TIENDA,MASS2307,SILLA PRESIDENCIAL POSA PIE SP01,U001,Ubicación Principal,PRO-15,COMPUTACION,Unid,                              40.00,"                           3,035.65",                               0.00,                               0.00,                               7.00,                             531.23,                              33.00,"                           2,504.42",                               0.00,                              33.00,                              75.89,ACTIVO
Sede PGR 2023 - 006,ALM-TIE,ALMACEN TIENDA,MASS2308,SILLA EJECUTIVA DE ESCRITORIO SE01,U001,Ubicación Principal,PRO-15,COMPUTACION,Unid,                              55.00,"                           1,852.39",                               7.00,                             239.63,                              26.00,                             877.18,                              36.00,"                           1,214.84",                               0.00,                              36.00,                              33.74,ACTIVO
Sede PGR 2023 - 006,ALM-TIE,ALMACEN TIENDA,MASS2309,SILLA EJECUTIVA SIBERIANA SE02,U001,Ubicación Principal,PRO-15,COMPUTACION,Unid,                              15.00,"                           1,445.45",                               4.00,                             385.46,                               2.00,                             192.72,                              17.00,"                           1,638.19",                               0.00,                              17.00,                              96.36,ACTIVO
Sede PGR 2023 - 006,ALM-TIE,ALMACEN TIENDA,MASS2391,"ROLLO PANEL DECORATIVO JQ-H-047 1,2m x 30m",U001,Ubicación Principal,PRO-24,REVESTIMIENTO,Unid,                             279.00,"                           2,433.61",                               0.00,                               0.00,                               0.00,                               0.00,                             279.00,"                           2,433.61",                               0.00,                             279.00,                               8.72,ACTIVO
Sede PGR 2023 - 006,ALM-TIE,ALMACEN TIENDA,MASS2392,"ROLLO PANEL DECORATIVO 048  1,2m x 30m",U001,Ubicación Principal,PRO-24,REVESTIMIENTO,Unid,                             183.00,"                           1,605.31",                               0.00,                               0.00,                               0.00,                               0.00,                             183.00,"                           1,605.31",                               0.00,                             183.00,                               8.77,ACTIVO
Sede PGR 2023 - 006,ALM-TIE,ALMACEN TIENDA,MASS2393,"ROLLO PANEL DECORATIVO JQ-YSZ-3755 1,2m x 30m",U001,Ubicación Principal,PRO-24,REVESTIMIENTO,Unid,                             119.00,"                           1,023.40",                               0.00,                               0.00,                               1.00,                               8.60,                             118.00,"                           1,014.80",                               0.00,                             118.00,                               8.60,ACTIVO
Sede PGR 2023 - 006,ALM-TIE,ALMACEN TIENDA,MASS2394,"ROLLO PANEL DECORATIVO JQ-YP-117 1,2m x 30m",U001,Ubicación Principal,PRO-24,REVESTIMIENTO,Unid,                             219.00,"                           1,902.76",                               0.00,                               0.00,                              12.00,                             104.28,                             207.00,"                           1,798.48",                               0.00,                             207.00,                               8.69,ACTIVO
Sede PGR 2023 - 006,ALM-TIE,ALMACEN TIENDA,MASS2395,"ROLLO PANEL DECORATIVO JQ-YP-158 1,2m x 30m",U001,Ubicación Principal,PRO-24,REVESTIMIENTO,Unid,                             148.00,"                           1,272.80",                               0.00,                               0.00,                               1.00,                               8.60,                             147.00,"                           1,264.20",                               0.00,                             147.00,                               8.60,ACTIVO
Sede PGR 2023 - 006,ALM-TIE,ALMACEN TIENDA,MASS2396,ROLLO DE ESPUMA 3D AUTOADHESIVA JQ-3472-4Y4 40 CM X 3M DE 3MM,U001,Ubicación Principal,PRO-24,REVESTIMIENTO,Unid,                             125.00,                             570.87,                               0.00,                               0.00,                              16.00,                              72.96,                             109.00,                             497.91,                               0.00,                             109.00,                               4.56,ACTIVO
Sede PGR 2023 - 006,ALM-TIE,ALMACEN TIENDA,MASS2397,ROLLO DE ESPUMA 3D AUTOADHESIVA JQ-3472-Y4 40 CM X 3M DE 3MM,U001,Ubicación Principal,PRO-24,REVESTIMIENTO,Unid,                             215.00,"                           1,104.13",                               0.00,                               0.00,                              18.00,                              92.52,                             197.00,"                           1,011.61",                               0.00,                             197.00,                               5.14,ACTIVO
Sede PGR 2023 - 006,ALM-TIE,ALMACEN TIENDA,MASS2398,"WALL PANEL PLANO MARRON CON DORADO 30CM X 7CM X 2,90M CM302-1",U001,Ubicación Principal,PRO-24,REVESTIMIENTO,Unid,                             259.00,"                           1,629.11",                               0.00,                               0.00,                              10.00,                              62.90,                             249.00,"                           1,566.21",                               0.00,                             249.00,                               6.29,ACTIVO
Sede PGR 2023 - 006,ALM-TIE,ALMACEN TIENDA,MASS2399,"WALL PANEL PLANO BLANCO CON DORADO 30CM X 7CM X 2,90M CM302-2",U001,Ubicación Principal,PRO-24,REVESTIMIENTO,Unid,                             256.00,"                           1,610.24",                               0.00,                               0.00,                               0.00,                               0.00,                             256.00,"                           1,610.24",                               0.00,                             256.00,                               6.29,ACTIVO
Sede PGR 2023 - 006,ALM-TIE,ALMACEN TIENDA,MASS2400,"WALL PANEL PLANO GRIS 30CM X 7CM X 2,90M CM302-10",U001,Ubicación Principal,PRO-24,REVESTIMIENTO,Unid,                             309.00,"                           1,943.61",                               0.00,                               0.00,                              20.00,                             125.80,                             289.00,"                           1,817.81",                               0.00,                             289.00,                               6.29,ACTIVO
Sede PGR 2023 - 006,ALM-TIE,ALMACEN TIENDA,MASS2401,VINIL ESMERILADO PARA VIDRIO 60CM X 5M HYTK2029,U001,Ubicación Principal,PRO-24,REVESTIMIENTO,Unid,                             174.00,                             331.88,                               0.00,                               0.00,                               2.00,                               3.82,                             172.00,                             328.06,                               0.00,                             172.00,                               1.91,ACTIVO
Sede PGR 2023 - 006,ALM-TIE,ALMACEN TIENDA,MASS2402,VINIL ESMERILADO PARA VIDRIO 60CM X 5M HYTK2010,U001,Ubicación Principal,PRO-24,REVESTIMIENTO,Unid,                             163.00,                             309.95,                               0.00,                               0.00,                               3.00,                               5.70,                             160.00,                             304.25,                               0.00,                             160.00,                               1.90,ACTIVO
Sede PGR 2023 - 006,ALM-TIE,ALMACEN TIENDA,MASS2404,VINIL ESMERILADO PARA VIDRIO 60CM X 5M HYTK1001 BLANCO,U001,Ubicación Principal,PRO-24,REVESTIMIENTO,Unid,                             160.00,                             320.29,                               0.00,                               0.00,                               3.00,                               6.00,                             157.00,                             314.29,                               0.00,                             157.00,                               2.00,ACTIVO
Sede PGR 2023 - 006,ALM-TIE,ALMACEN TIENDA,MASS2403,VINIL ESMERILADO PARA VIDRIO 60CM X 5M HYTK1002 TRASPARENTE,U001,Ubicación Principal,PRO-24,REVESTIMIENTO,Unid,                             166.00,                             303.43,                               0.00,                               0.00,                               1.00,                               1.83,                             165.00,                             301.60,                               0.00,                             165.00,                               1.83,ACTIVO
Sede PGR 2023 - 006,ALM-TIE,ALMACEN TIENDA,MASS2311,"PLUMA DE PLASMA LÁSER PARA LUNARES, MANCHAS OSCURAS, PECAS, NEVUS, VERRUGAS",U001,Ubicación Principal,PRO-05,ESTETICA Y BELLEZA,Unid,                              39.00,                             313.17,                               0.00,                               0.00,                               2.00,                              16.06,                              37.00,                             297.11,                               0.00,                              37.00,                               8.03,ACTIVO
Sede PGR 2023 - 006,ALM-TIE,ALMACEN TIENDA,MASS2312,MASCARILLAS FACIALES HIDRATANTES SADOER 24K ORO,U001,Ubicación Principal,PRO-05,ESTETICA Y BELLEZA,Unid,                             156.00,                              29.64,                               0.00,                               0.00,                              10.00,                               1.90,                             146.00,                              27.74,                               0.00,                             146.00,                               0.19,ACTIVO
Sede PGR 2023 - 006,ALM-TIE,ALMACEN TIENDA,MASS2313,TERAPIA DE PANTALLA DE VENAS VARICOSAS,U001,Ubicación Principal,PRO-05,ESTETICA Y BELLEZA,Unid,                              74.00,                              93.48,                               0.00,                               0.00,                              12.00,                              15.12,                              62.00,                              78.36,                               0.00,                              62.00,                               1.26,ACTIVO
Sede PGR 2023 - 006,ALM-TIE,ALMACEN TIENDA,MASS2315,SKIN1004 SÉRUM FACIAL DE AMPOLLA DE CENTELLA ASIATICA,U001,Ubicación Principal,PRO-05,ESTETICA Y BELLEZA,Unid,                              82.00,                             144.32,                               0.00,                               0.00,                               8.00,                              14.08,                              74.00,                             130.24,                               0.00,                              74.00,                               1.76,ACTIVO
Sede PGR 2023 - 006,ALM-TIE,ALMACEN TIENDA,MASS2317,"ELIMINADOR DE ARRUGAS CON VITAMINA C, SUERO FACIAL REAFIRMANTE QUE SE DESVANECE, LÍNEAS FINAS, ESENCIA ANTIENVEJECIMIENTO, BLANQUEAMIENTO, ILUMINA, NUTRE EL CUIDADO DE LA PIEL",U001,Ubicación Principal,PRO-05,ESTETICA Y BELLEZA,Unid,                              45.00,                              63.71,                               0.00,                               0.00,                              21.00,                              29.82,                              24.00,                              33.89,                               0.00,                              24.00,                               1.42,ACTIVO
Sede PGR 2023 - 006,ALM-TIE,ALMACEN TIENDA,MASS2318,DERMA PEN 4 POLOS EMS MÁQUINA DE BELLEZA DE MICROCORRIENTE HYDRA PEN H5 PLUMA DE MICROAGUJAS DE INFUSIÓN AUTOMÁTICA DORADO,U001,Ubicación Principal,PRO-05,ESTETICA Y BELLEZA,Unid,                               7.00,                             424.20,                               0.00,                               0.00,                               1.00,                              60.60,                               6.00,                             363.60,                               0.00,                               6.00,                              60.60,ACTIVO
Sede PGR 2023 - 006,ALM-TIE,ALMACEN TIENDA,MASS2319,"KIT DE ELIMINACIÓN DE VERRUGAS Y TOPO, HERRAMIENTAS DE LIMPIEZA PARA EL CUIDADO DE LA PIEL FACIAL, TRATAMIENTOS DE PUNTOS Y VERRUGAS CORPORALES, INDOLORO, 2 EN 1",U001,Ubicación Principal,PRO-05,ESTETICA Y BELLEZA,Unid,                             385.00,                             746.90,                               0.00,                               0.00,                              33.00,                              64.02,                             352.00,                             682.88,                               0.00,                             352.00,                               1.94,ACTIVO
Sede PGR 2023 - 006,ALM-TIE,ALMACEN TIENDA,MASS2320,"MÁQUINA DE DEPILACIÓN LÁSER DE DIODO 3 EN 1 OPT IPL, LÁSER PORTÁTIL ND YAG PARA ELIMINAR TATUAJES, DISPOSITIVO DE BELLEZA PROFESIONAL, DEPILACIÓN LÁSER",U001,Ubicación Principal,PRO-05,ESTETICA Y BELLEZA,Unid,                               4.00,"                           3,590.84",                               0.00,                               0.00,                               0.00,                               0.00,                               4.00,"                           3,590.84",                               0.00,                               4.00,                             897.71,ACTIVO
Sede PGR 2023 - 006,ALM-TIE,ALMACEN TIENDA,MASS2321,"DISPOSITIVO ELÉCTRICO DE BELLEZA PARA ESTIRAMIENTO FACIAL EN V, MÁQUINA FACIAL EN FORMA DE V DE DOBLE BARBILLA",U001,Ubicación Principal,PRO-05,ESTETICA Y BELLEZA,Unid,                              62.00,                             335.39,                               0.00,                               0.00,                              13.00,                              70.33,                              49.00,                             265.06,                               0.00,                              49.00,                               5.41,ACTIVO
Sede PGR 2023 - 006,ALM-TIE,ALMACEN TIENDA,MASS2323,MICRÓFONO DE SOLAPA INALÁMBRICO 2MIC 3 EN 1 PARA GRABACIÓN DE AUDIO Y VIDEO DE VLOGS Y TRANSMISIONES DE ENTREVISTAS COMPATIBLES CON SMARTPHONES,U001,Ubicación Principal,PRO-17,AUDIO Y VIDEO,Unid,                             283.00,"                           1,076.79",                               0.00,                               0.00,                              46.00,                             174.80,                             237.00,                             901.99,                               0.00,                             237.00,                               3.80,ACTIVO
Sede PGR 2023 - 006,ALM-TIE,ALMACEN TIENDA,MASS2324,Q8 AURICULAR TOTALMENTE COMPATIBLE CON EL ADAPTADOR TIPO C + APPLE UNO A DOS,U001,Ubicación Principal,PRO-06,AUDIFONOS,Unid,                             235.00,"                           1,135.05",                               0.00,                               0.00,                              53.00,                             255.99,                             182.00,                             879.06,                               0.00,                             182.00,                               4.83,ACTIVO
Sede PGR 2023 - 006,ALM-TIE,ALMACEN TIENDA,MASS2325,RELOJ DESPERTADOR 3 EN 1AL POR MAYOR CON CARGADOR CARGADOR INALÁMBRICO PORTÁTIL PLEGABLE RELOJ DESPERTADOR CON CARGADOR ESTACIONES DE CARGA PORTÁTILES,U001,Ubicación Principal,PRO-11,HOGAR,Unid,                              53.00,                             578.23,                               0.00,                               0.00,                               1.00,                              10.91,                              52.00,                             567.32,                               0.00,                              52.00,                              10.91,ACTIVO
Sede PGR 2023 - 006,ALM-TIE,ALMACEN TIENDA,MASS2326,SOPORTE DE TELÉFONO PARA COCHE DE DISEÑO INNOVADOR BRAZO DE ABRAZADERA PLEGABLE DE ROTACIÓN 360 CON VENTOSA DE VACÍO MAGNÉTICA FLEXIBLE,U001,Ubicación Principal,PRO-13,ACCESORIOS DE TELEFONOS,Unid,                             883.00,                             838.85,                               1.00,                               0.95,                              68.00,                              64.60,                             816.00,                             775.20,                               0.00,                             816.00,                               0.95,ACTIVO
Sede PGR 2023 - 006,ALM-TIE,ALMACEN TIENDA,MASS2327,ALTAVOZ BT INALÁMBRICO PORTÁTIL DE ALTA CALIDAD 2025 CON SUBWOOFER RGB REPRODUCTOR DE AUDIO DEPORTIVO AL AIRE LIBRE IMPERMEABLE,U001,Ubicación Principal,PRO-10,CORNETAS,Unid,                             116.00,                             489.80,                               0.00,                               0.00,                               3.00,                              12.66,                             113.00,                             477.14,                               0.00,                             113.00,                               4.22,ACTIVO
Sede PGR 2023 - 006,ALM-TIE,ALMACEN TIENDA,MASS2329,EQUIPO MULTIFUNCIONAL TABLERO DE REALCE PARA SOPORTE PLANO FITNESS GRIS,U001,Ubicación Principal,PRO-04,DEPORTE Y FITNESS,Unid,                              48.00,                             596.70,                               0.00,                               0.00,                               2.00,                              24.86,                              46.00,                             571.84,                               0.00,                              46.00,                              12.43,ACTIVO
Sede PGR 2023 - 006,ALM-TIE,ALMACEN TIENDA,MASS2330,EQUIPO DE FITNESS DE BARRA DE DOMINADAS INDIVIDUAL DE USO DOMÉSTICO CON ANILLOS PARA NIÑOS,U001,Ubicación Principal,PRO-04,DEPORTE Y FITNESS,Unid,                              66.00,                             739.86,                               0.00,                               0.00,                              30.00,                             336.30,                              36.00,                             403.56,                               0.00,                              36.00,                              11.21,ACTIVO
Sede PGR 2023 - 006,ALM-TIE,ALMACEN TIENDA,MASS2331,EJERCITADOR DE SUELO PÉLVICO ENTRENADOR MUSCULAR DISPOSITIVO DE PIERNA MÚSCULO ENTRENADOR DE CADERA ENTRENADOR MUSCULAR,U001,Ubicación Principal,PRO-04,DEPORTE Y FITNESS,Unid,                              86.00,                             546.10,                               0.00,                               0.00,                               8.00,                              50.80,                              78.00,                             495.30,                               0.00,                              78.00,                               6.35,ACTIVO
Sede PGR 2023 - 006,ALM-TIE,ALMACEN TIENDA,MASS2332,RODILLO DE ENTRENAMIENTO MUSCULAR NEGRO,U001,Ubicación Principal,PRO-04,DEPORTE Y FITNESS,Unid,                              51.00,                             269.28,                               0.00,                               0.00,                               3.00,                              15.84,                              48.00,                             253.44,                               0.00,                              48.00,                               5.28,ACTIVO
Sede PGR 2023 - 006,ALM-TIE,ALMACEN TIENDA,MASS2333,RODILLO DE ENTRENAMIENTO MUSCULAR  AZUL,U001,Ubicación Principal,PRO-04,DEPORTE Y FITNESS,Unid,                              30.00,                             158.40,                               0.00,                               0.00,                               1.00,                               5.28,                              29.00,                             153.12,                               0.00,                              29.00,                               5.28,ACTIVO
Sede PGR 2023 - 006,ALM-TIE,ALMACEN TIENDA,MASS2334,RODILLO DE ENTRENAMIENTO MUSCULAR ROJO,U001,Ubicación Principal,PRO-04,DEPORTE Y FITNESS,Unid,                              27.00,                             142.56,                               0.00,                               0.00,                               6.00,                              31.68,                              21.00,                             110.88,                               0.00,                              21.00,                               5.28,ACTIVO
Sede PGR 2023 - 006,ALM-TIE,ALMACEN TIENDA,MASS2405,TERMO OWALA 32 OZ NEGRO,U001,Ubicación Principal,PRO-04,DEPORTE Y FITNESS,Unid,                             142.00,                             957.08,                               0.00,                               0.00,                              36.00,                             242.64,                             106.00,                             714.44,                               0.00,                             106.00,                               6.74,ACTIVO
Sede PGR 2023 - 006,ALM-TIE,ALMACEN TIENDA,MASS2410,TERMO OWALA 32 OZ VERDE MENTA,U001,Ubicación Principal,PRO-04,DEPORTE Y FITNESS,Unid,                              65.00,                             438.10,                               0.00,                               0.00,                              34.00,                             229.16,                              31.00,                             208.94,                               0.00,                              31.00,                               6.74,ACTIVO
Sede PGR 2023 - 006,ALM-TIE,ALMACEN TIENDA,MASS2411,TERMO OWALA 32 OZ  AGUAMARINA,U001,Ubicación Principal,PRO-04,DEPORTE Y FITNESS,Unid,                               0.00,                               0.00,                             100.00,                             674.00,                               6.00,                              40.44,                              94.00,                             633.56,                               0.00,                              94.00,                               6.74,ACTIVO
Sede PGR 2023 - 006,ALM-TIE,ALMACEN TIENDA,MASS2412,TERMO OWALA 32 OZ FUCSIA,U001,Ubicación Principal,PRO-04,DEPORTE Y FITNESS,Unid,                               0.00,                               0.00,                             100.00,                             674.00,                               2.00,                              13.48,                              98.00,                             660.52,                               0.00,                              98.00,                               6.74,ACTIVO
Sede PGR 2023 - 006,ALM-TIE,ALMACEN TIENDA,MASS2415,"WALL PANEL REDONDO HYYC-078 18,6CM X 2,6CM X 2,90 M",U001,Ubicación Principal,PRO-24,REVESTIMIENTO,Unid,                              29.00,                             364.24,                               0.00,                               0.00,                               0.00,                               0.00,                              29.00,                             364.24,                               0.00,                              29.00,                              12.56,ACTIVO
Sede PGR 2023 - 006,ALM-TIE,ALMACEN TIENDA,MASS2416,"WALL PANEL REDONDO HYYC-080 18,6CM X 2,6CM X 2,90 M",U001,Ubicación Principal,PRO-24,REVESTIMIENTO,Unid,                               3.00,                              37.68,                               0.00,                               0.00,                               0.00,                               0.00,                               3.00,                              37.68,                               0.00,                               3.00,                              12.56,ACTIVO
Sede PGR 2023 - 006,ALM-TIE,ALMACEN TIENDA,MASS2418,"WALL PANEL REDONDO HYYC-070 18,6CM X 2,6CM X 2,90 M",U001,Ubicación Principal,PRO-24,REVESTIMIENTO,Unid,                              12.00,                             150.72,                               0.00,                               0.00,                               0.00,                               0.00,                              12.00,                             150.72,                               0.00,                              12.00,                              12.56,ACTIVO
Sede PGR 2023 - 006,ALM-TIE,ALMACEN TIENDA,MASS2419,"WALL PANEL REDONDO HYYC-063 18,6CM X 2,6CM X 2,90 M",U001,Ubicación Principal,PRO-24,REVESTIMIENTO,Unid,                              14.00,                             175.84,                               0.00,                               0.00,                               0.00,                               0.00,                              14.00,                             175.84,                               0.00,                              14.00,                              12.56,ACTIVO
Sede PGR 2023 - 006,ALM-TIE,ALMACEN TIENDA,MASS2420,"WALL PANEL REDONDO HYYC-064 18,6CM X 2,6CM X 2,90 M",U001,Ubicación Principal,PRO-24,REVESTIMIENTO,Unid,                              13.00,                             163.28,                               0.00,                               0.00,                               0.00,                               0.00,                              13.00,                             163.28,                               0.00,                              13.00,                              12.56,ACTIVO
Sede PGR 2023 - 006,ALM-TIE,ALMACEN TIENDA,MASS2421,"WALL PANEL REDONDO HYYC-065 18,6CM X 2,6CM X 2,90 M",U001,Ubicación Principal,PRO-24,REVESTIMIENTO,Unid,                               7.00,                              87.92,                               0.00,                               0.00,                               0.00,                               0.00,                               7.00,                              87.92,                               0.00,                               7.00,                              12.56,ACTIVO
Sede PGR 2023 - 006,ALM-TIE,ALMACEN TIENDA,MASS2422,"WALL PANEL REDONDO HYYC-069 18,6CM X 2,6CM X 2,90 M",U001,Ubicación Principal,PRO-24,REVESTIMIENTO,Unid,                              18.00,                             199.69,                               0.00,                               0.00,                               0.00,                               0.00,                              18.00,                             199.69,                               0.00,                              18.00,                              11.09,ACTIVO
Sede PGR 2023 - 006,ALM-TIE,ALMACEN TIENDA,MASS2423,"WALL PANEL REDONDO HYYC-074 18,6CM X 2,6CM X 2,90 M",U001,Ubicación Principal,PRO-24,REVESTIMIENTO,Unid,                              27.00,                             300.24,                               0.00,                               0.00,                               0.00,                               0.00,                              27.00,                             300.24,                               0.00,                              27.00,                              11.12,ACTIVO
Sede PGR 2023 - 006,ALM-TIE,ALMACEN TIENDA,MASS2424,"WALL PANEL 168 CM X 23 X 2,90M LJ8841",U001,Ubicación Principal,PRO-24,REVESTIMIENTO,Unid,                             222.00,"                           1,147.74",                               0.00,                               0.00,                               5.00,                              25.85,                             217.00,"                           1,121.89",                               0.00,                             217.00,                               5.17,ACTIVO
Sede PGR 2023 - 006,ALM-TIE,ALMACEN TIENDA,MASS2426,"WALL PANEL 168 CM X 23 X 2,90M XMY001",U001,Ubicación Principal,PRO-24,REVESTIMIENTO,Unid,                             119.00,                             615.23,                               6.00,                              39.54,                              11.00,                              56.87,                             114.00,                             597.90,                               0.00,                             114.00,                               5.24,ACTIVO
Sede PGR 2023 - 006,ALM-TIE,ALMACEN TIENDA,MASS2427,"WALL PANEL 168 CM X 23 X 2,90M XMY004",U001,Ubicación Principal,PRO-24,REVESTIMIENTO,Unid,                             110.00,                             568.70,                               0.00,                               0.00,                               0.00,                               0.00,                             110.00,                             568.70,                               0.00,                             110.00,                               5.17,ACTIVO
Sede PGR 2023 - 006,ALM-TIE,ALMACEN TIENDA,MASS2428,"WALL PANEL 168 CM X 23 X 2,90M XMY011",U001,Ubicación Principal,PRO-24,REVESTIMIENTO,Unid,                             142.00,                             734.14,                               0.00,                               0.00,                               0.00,                               0.00,                             142.00,                             734.14,                               0.00,                             142.00,                               5.17,ACTIVO
Sede PGR 2023 - 006,ALM-TIE,ALMACEN TIENDA,MASS2429,PISO SPC CLIP 5MM 180*1220MM CBS9304,U001,Ubicación Principal,PRO-24,REVESTIMIENTO,Unid,                              72.00,"                           1,348.56",                               0.00,                               0.00,                              15.00,                             280.95,                              57.00,"                           1,067.61",                               0.00,                              57.00,                              18.73,ACTIVO
Sede PGR 2023 - 006,ALM-TIE,ALMACEN TIENDA,MASS2430,PISO SPC CLIP 5MM 180*1220MM CBS1025-5,U001,Ubicación Principal,PRO-24,REVESTIMIENTO,Unid,                              73.00,"                           1,367.29",                               0.00,                               0.00,                               3.00,                              56.19,                              70.00,"                           1,311.10",                               0.00,                              70.00,                              18.73,ACTIVO
Sede PGR 2023 - 006,ALM-TIE,ALMACEN TIENDA,MASS2431,PISO SPC CLIP 5MM 180*1220MM CBS9300,U001,Ubicación Principal,PRO-24,REVESTIMIENTO,Unid,                              59.00,"                           1,114.98",                               0.00,                               0.00,                              11.00,                             207.79,                              48.00,                             907.19,                               0.00,                              48.00,                              18.89,ACTIVO
Sede PGR 2023 - 006,ALM-TIE,ALMACEN TIENDA,MASS2432,PISO SPC CLIP 5MM 180*1220MM CBS18036,U001,Ubicación Principal,PRO-24,REVESTIMIENTO,Unid,                             121.00,"                           2,311.66",                               0.00,                               0.00,                               3.00,                              57.30,                             118.00,"                           2,254.36",                               0.00,                             118.00,                              19.10,ACTIVO
Sede PGR 2023 - 006,ALM-TIE,ALMACEN TIENDA,MASS2335,MAQ. YOGURT MAKER REDONDA R.914400-110 RAF,U001,Ubicación Principal,PRO-26,RAF,Unid,                              97.00,"                           1,234.81",                               4.00,                              50.92,                              16.00,                             203.68,                              85.00,"                           1,082.05",                               0.00,                              85.00,                              12.73,ACTIVO
Sede PGR 2023 - 006,ALM-TIE,ALMACEN TIENDA,MASS2336,MULTI FUNCTIONELECTRIC POT R.95428M-110 6L RAF,U001,Ubicación Principal,PRO-26,RAF,Unid,                              44.00,"                           1,221.00",                               0.00,                               0.00,                               0.00,                               0.00,                              44.00,"                           1,221.00",                               0.00,                              44.00,                              27.75,ACTIVO
Sede PGR 2023 - 006,ALM-TIE,ALMACEN TIENDA,MASS2337,ELECTRIC CAKESTALL R.95210-110 RAF,U001,Ubicación Principal,PRO-26,RAF,Unid,                             129.00,"                           1,475.76",                               0.00,                               0.00,                               1.00,                              11.44,                             128.00,"                           1,464.32",                               0.00,                             128.00,                              11.44,ACTIVO
Sede PGR 2023 - 006,ALM-TIE,ALMACEN TIENDA,MASS2338,MEAT GRINDER R.93378-110 RAF,U001,Ubicación Principal,PRO-26,RAF,Unid,                              49.00,"                           1,708.63",                               0.00,                               0.00,                               0.00,                               0.00,                              49.00,"                           1,708.63",                               0.00,                              49.00,                              34.87,ACTIVO
Sede PGR 2023 - 006,ALM-TIE,ALMACEN TIENDA,MASS2339,JUICER R.92831-110 RAF,U001,Ubicación Principal,PRO-26,RAF,Unid,                              27.00,"                           1,125.90",                               0.00,                               0.00,                               0.00,                               0.00,                              27.00,"                           1,125.90",                               0.00,                              27.00,                              41.70,ACTIVO
Sede PGR 2023 - 006,ALM-TIE,ALMACEN TIENDA,MASS2340,OLLA CALIENTE ELECTRICA 6L R.95410-110 RAF,U001,Ubicación Principal,PRO-26,RAF,Unid,                              20.00,                             425.80,                               0.00,                               0.00,                               1.00,                              21.29,                              19.00,                             404.51,                               0.00,                              19.00,                              21.29,ACTIVO
Sede PGR 2023 - 006,ALM-TIE,ALMACEN TIENDA,MASS2341,COCINA INFRAROJA 3500W R.98029-110 RAF,U001,Ubicación Principal,PRO-26,RAF,Unid,                              24.00,                             411.84,                               0.00,                               0.00,                               1.00,                              17.16,                              23.00,                             394.68,                               0.00,                              23.00,                              17.16,ACTIVO
Sede PGR 2023 - 006,ALM-TIE,ALMACEN TIENDA,MASS2342,"FREIDORA DE ACEITE 5,5L R.5220-110V RAF",U001,Ubicación Principal,PRO-26,RAF,Unid,                              32.00,                             947.84,                               1.00,                              29.62,                              13.00,                             385.06,                              20.00,                             592.40,                               0.00,                              20.00,                              29.62,ACTIVO
Sede PGR 2023 - 006,ALM-TIE,ALMACEN TIENDA,MASS2344,EXTRACTOR DE JUGO R.92817S-110 RAF,U001,Ubicación Principal,PRO-26,RAF,Unid,                              16.00,                             331.20,                               0.00,                               0.00,                               2.00,                              41.40,                              14.00,                             289.80,                               0.00,                              14.00,                              20.70,ACTIVO
Sede PGR 2023 - 006,ALM-TIE,ALMACEN TIENDA,MASS2345,LICUADORA ELECTRICA NEGRA R.92809B-110 RAF,U001,Ubicación Principal,PRO-26,RAF,Unid,                              35.00,                             672.35,                               0.00,                               0.00,                              13.00,                             249.73,                              22.00,                             422.62,                               0.00,                              22.00,                              19.21,ACTIVO
Sede PGR 2023 - 006,ALM-TIE,ALMACEN TIENDA,MASS2347,LICUADORA ELECTRICA R.9295-110 RAF,U001,Ubicación Principal,PRO-26,RAF,Unid,                              88.00,"                           1,357.41",                               0.00,                               0.00,                               0.00,                               0.00,                              88.00,"                           1,357.41",                               0.00,                              88.00,                              15.43,ACTIVO
Sede PGR 2023 - 006,ALM-TIE,ALMACEN TIENDA,MASS2355,PLANCHA DE ROPA A VAPOR AZUL 2200W R.91246B-110 RAF,U001,Ubicación Principal,PRO-26,RAF,Unid,                              16.00,                             122.66,                               0.00,                               0.00,                               0.00,                               0.00,                              16.00,                             122.66,                               0.00,                              16.00,                               7.67,ACTIVO
Sede PGR 2023 - 006,ALM-TIE,ALMACEN TIENDA,MASS2356,PLANCHA DE ROPA A VAPOR AGUAMARINA  2200W R.91246G-110 RAF,U001,Ubicación Principal,PRO-26,RAF,Unid,                              20.00,                             152.20,                               0.00,                               0.00,                               2.00,                              15.22,                              18.00,                             136.98,                               0.00,                              18.00,                               7.61,ACTIVO
Sede PGR 2023 - 006,ALM-TIE,ALMACEN TIENDA,MASS2357,PLANCHA DE ROPA A VAPOR ROSA 2200W R.91246P-110 RAF,U001,Ubicación Principal,PRO-26,RAF,Unid,                               8.00,                              60.88,                               1.00,                               9.14,                               5.00,                              38.90,                               4.00,                              31.12,                               0.00,                               4.00,                               7.78,ACTIVO
Sede PGR 2023 - 006,ALM-TIE,ALMACEN TIENDA,MASS2358,PLANCHA A VAPOR DE MANO NEGRA 800W R.91313B-110 RAF,U001,Ubicación Principal,PRO-26,RAF,Unid,                              25.00,                             153.75,                               0.00,                               0.00,                              14.00,                              86.10,                              11.00,                              67.65,                               0.00,                              11.00,                               6.15,ACTIVO
Sede PGR 2023 - 006,ALM-TIE,ALMACEN TIENDA,MASS2359,PLANCHA A VAPOR DE MANO GRIS 800W R.91313H-110 RAF,U001,Ubicación Principal,PRO-26,RAF,Unid,                              24.00,                             147.60,                               0.00,                               0.00,                              23.00,                             141.45,                               1.00,                               6.15,                               0.00,                               1.00,                               6.15,ACTIVO
Sede PGR 2023 - 006,ALM-TIE,ALMACEN TIENDA,MASS2360,PLANCHA A VAPOR DE MANO BLANCA 800W R.91313W-110 RAF,U001,Ubicación Principal,PRO-26,RAF,Unid,                              52.00,                             319.80,                               0.00,                               0.00,                               6.00,                              36.90,                              46.00,                             282.90,                               0.00,                              46.00,                               6.15,ACTIVO
Sede PGR 2023 - 006,ALM-TIE,ALMACEN TIENDA,MASS2363,PARRILLERA ELECTRICA 2000W R.95301-110 RAF,U001,Ubicación Principal,PRO-26,RAF,Unid,                              46.00,                             539.61,                               0.00,                               0.00,                               0.00,                               0.00,                              46.00,                             539.61,                               0.00,                              46.00,                              11.73,ACTIVO
Sede PGR 2023 - 006,ALM-TIE,ALMACEN TIENDA,MASS2364,PARRILLERA GRILL ELECTRICO 1500W R.92601-110 RAF,U001,Ubicación Principal,PRO-26,RAF,Unid,                              22.00,                             605.88,                               0.00,                               0.00,                               0.00,                               0.00,                              22.00,                             605.88,                               0.00,                              22.00,                              27.54,ACTIVO
Sede PGR 2023 - 006,ALM-TIE,ALMACEN TIENDA,MASS2365,MAQUINA DONA 7PCS 1400W R.92210-110 RAF,U001,Ubicación Principal,PRO-26,RAF,Unid,                             142.00,"                           1,576.20",                               0.00,                               0.00,                               6.00,                              66.60,                             136.00,"                           1,509.60",                               0.00,                             136.00,                              11.10,ACTIVO
Sede PGR 2023 - 006,ALM-TIE,ALMACEN TIENDA,MASS2366,MAQUINA WAFLERA 750W R.9207H-110 RAF,U001,Ubicación Principal,PRO-26,RAF,Unid,                              37.00,                             302.79,                               0.00,                               0.00,                              11.00,                              89.98,                              26.00,                             212.81,                               0.00,                              26.00,                               8.18,ACTIVO
Sede PGR 2023 - 006,ALM-TIE,ALMACEN TIENDA,MASS2367,SANDWICHERA ELECTRICA 750W R.9207S-110 RAF,U001,Ubicación Principal,PRO-26,RAF,Unid,                              91.00,                             724.36,                               0.00,                               0.00,                               0.00,                               0.00,                              91.00,                             724.36,                               0.00,                              91.00,                               7.96,ACTIVO
Sede PGR 2023 - 006,ALM-TIE,ALMACEN TIENDA,MASS2368,SANDWICHERA PLANCHA ELECTRICA 750W R.9207T-110 RAF,U001,Ubicación Principal,PRO-26,RAF,Unid,                              76.00,                             604.96,                               0.00,                               0.00,                               4.00,                              31.84,                              72.00,                             573.12,                               0.00,                              72.00,                               7.96,ACTIVO
Sede PGR 2023 - 006,ALM-TIE,ALMACEN TIENDA,MASS2369,WAFLERA 500W R.591-110 RAF,U001,Ubicación Principal,PRO-26,RAF,Unid,                             110.00,                             588.50,                               1.00,                              17.99,                              40.00,                             218.29,                              71.00,                             388.20,                               0.00,                              71.00,                               5.46,ACTIVO
Sede PGR 2023 - 006,ALM-TIE,ALMACEN TIENDA,MASS2370,REMOVEDOR DE PELUSA R.4100 RAF,U001,Ubicación Principal,PRO-26,RAF,Unid,                             114.00,                             371.64,                               0.00,                               0.00,                               6.00,                              19.56,                             108.00,                             352.08,                               0.00,                             108.00,                               3.26,ACTIVO
Sede PGR 2023 - 006,ALM-TIE,ALMACEN TIENDA,MASS2371,MAQUINA DE AFEITRA RECARGABLE R.476 10W RAF,U001,Ubicación Principal,PRO-26,RAF,Unid,                              49.00,                             505.19,                               1.00,                              10.31,                               2.00,                              20.62,                              48.00,                             494.88,                               0.00,                              48.00,                              10.31,ACTIVO
Sede PGR 2023 - 006,ALM-TIE,ALMACEN TIENDA,MASS2372,MAQUINA AFEITAR RECARGABLE R.467 RAF,U001,Ubicación Principal,PRO-26,RAF,Unid,                              75.00,                             608.25,                               0.00,                               0.00,                               1.00,                               8.11,                              74.00,                             600.14,                               0.00,                              74.00,                               8.11,ACTIVO
Sede PGR 2023 - 006,ALM-TIE,ALMACEN TIENDA,MASS2373,MAQUINA AFEITAR RECARGABLE R.470 RAF,U001,Ubicación Principal,PRO-26,RAF,Unid,                              91.00,                             569.66,                               0.00,                               0.00,                               1.00,                               6.26,                              90.00,                             563.40,                               0.00,                              90.00,                               6.26,ACTIVO
Sede PGR 2023 - 006,ALM-TIE,ALMACEN TIENDA,MASS2374,MAQUINA PATILLERA RECARGABLE DRAGON R.431 RAF,U001,Ubicación Principal,PRO-26,RAF,Unid,                              92.00,                             327.52,                               0.00,                               0.00,                               3.00,                              10.68,                              89.00,                             316.84,                               0.00,                              89.00,                               3.56,ACTIVO
Sede PGR 2023 - 006,ALM-TIE,ALMACEN TIENDA,MASS2375,MAQUINA PATILLERA RECARGABLE BUDA R.432 RAF,U001,Ubicación Principal,PRO-26,RAF,Unid,                             127.00,                             452.12,                               0.00,                               0.00,                               0.00,                               0.00,                             127.00,                             452.12,                               0.00,                             127.00,                               3.56,ACTIVO
Sede PGR 2023 - 006,ALM-TIE,ALMACEN TIENDA,MASS2376,MAQUINA AFEITAR RECARGABLE R.472 RAF,U001,Ubicación Principal,PRO-26,RAF,Unid,                              84.00,                             470.40,                               0.00,                               0.00,                               0.00,                               0.00,                              84.00,                             470.40,                               0.00,                              84.00,                               5.60,ACTIVO
Sede PGR 2023 - 006,ALM-TIE,ALMACEN TIENDA,MASS2377,MAQUINA DE PERRO R.436 RAF,U001,Ubicación Principal,PRO-26,RAF,Unid,                             101.00,                             467.06,                              15.00,                              69.74,                              63.00,                             291.51,                              53.00,                             245.29,                               0.00,                              53.00,                               4.63,ACTIVO
Sede PGR 2023 - 006,ALM-TIE,ALMACEN TIENDA,MASS2378,MAQUINA AFEITAR RECARGABLE R.4008 RAF,U001,Ubicación Principal,PRO-26,RAF,Unid,                              80.00,                             321.23,                               0.00,                               0.00,                               1.00,                               4.01,                              79.00,                             317.22,                               0.00,                              79.00,                               4.01,ACTIVO
Sede PGR 2023 - 006,ALM-TIE,ALMACEN TIENDA,MASS2379,MAQUINA PATILLERA BUDA R.430 RAF,U001,Ubicación Principal,PRO-26,RAF,Unid,                             229.00,                             507.29,                               0.00,                               0.00,                              17.00,                              37.74,                             212.00,                             469.55,                               0.00,                             212.00,                               2.22,ACTIVO
Sede PGR 2023 - 006,ALM-TIE,ALMACEN TIENDA,MASS2380,MAQUINA PATILLERA DRAGON R.429 RAF,U001,Ubicación Principal,PRO-26,RAF,Unid,                             140.00,                             313.00,                               0.00,                               0.00,                              27.00,                              60.48,                             113.00,                             252.52,                               0.00,                             113.00,                               2.24,ACTIVO
Sede PGR 2023 - 006,ALM-TIE,ALMACEN TIENDA,MASS2381,MAQUINA DE AFEITAR RECARGABLE 19 EN 1 R.4021 USB RAF,U001,Ubicación Principal,PRO-26,RAF,Unid,                              90.00,                             847.27,                               0.00,                               0.00,                               3.00,                              28.26,                              87.00,                             819.01,                               0.00,                              87.00,                               9.42,ACTIVO
Sede PGR 2023 - 006,ALM-TIE,ALMACEN TIENDA,MASS2382,MAQUINA AFEITAR TRIMMER RECARGABLE R.11204 RAF,U001,Ubicación Principal,PRO-26,RAF,Unid,                              74.00,                             452.14,                               0.00,                               0.00,                               1.00,                               6.11,                              73.00,                             446.03,                               0.00,                              73.00,                               6.11,ACTIVO
Sede PGR 2023 - 006,ALM-TIE,ALMACEN TIENDA,MASS2383,PLANCHA DE CABELLO NEGRO R.422B-110 RAF,U001,Ubicación Principal,PRO-26,RAF,Unid,                              29.00,                             131.95,                               0.00,                               0.00,                               2.00,                               9.10,                              27.00,                             122.85,                               0.00,                              27.00,                               4.55,ACTIVO
Sede PGR 2023 - 006,ALM-TIE,ALMACEN TIENDA,MASS2384,PLANCHA DE CABELLO GRIS CON FUCSIA R.422P-110 RAF,U001,Ubicación Principal,PRO-26,RAF,Unid,                              36.00,                             163.80,                               0.00,                               0.00,                               0.00,                               0.00,                              36.00,                             163.80,                               0.00,                              36.00,                               4.55,ACTIVO
Sede PGR 2023 - 006,ALM-TIE,ALMACEN TIENDA,MASS2385,PLANCHA DE CABELLO CERAMICA DORADO R.9454G-110 RAF,U001,Ubicación Principal,PRO-26,RAF,Unid,                               2.00,                               8.56,                               0.00,                               0.00,                               0.00,                               0.00,                               2.00,                               8.56,                               0.00,                               2.00,                               4.28,ACTIVO
Sede PGR 2023 - 006,ALM-TIE,ALMACEN TIENDA,MASS2386,PLANCHA DE CABELLO CERAMICA  PURPURA R.9454P-110 RAF,U001,Ubicación Principal,PRO-26,RAF,Unid,                              27.00,                              96.39,                               0.00,                               0.00,                               2.00,                               7.14,                              25.00,                              89.25,                               0.00,                              25.00,                               3.57,ACTIVO
Sede PGR 2023 - 006,ALM-TIE,ALMACEN TIENDA,MASS2387,PLANCHA DE CABELLO CERAMICA ROJO R.9454R-110 RAF,U001,Ubicación Principal,PRO-26,RAF,Unid,                              34.00,                             121.38,                               0.00,                               0.00,                               2.00,                               7.14,                              32.00,                             114.24,                               0.00,                              32.00,                               3.57,ACTIVO
Sede PGR 2023 - 006,ALM-TIE,ALMACEN TIENDA,MASS2354,PLANCHA DE ROPA A VAPOR 2200W R.91234G-110 RAF,U001,Ubicación Principal,PRO-26,RAF,Unid,                              31.00,                             269.08,                               0.00,                               0.00,                               0.00,                               0.00,                              31.00,                             269.08,                               0.00,                              31.00,                               8.68,ACTIVO
Sede PGR 2023 - 006,ALM-TIE,ALMACEN TIENDA,MASS2433,DERMA PEN 4 POLOS EMS MÁQUINA DE BELLEZA DE MICROCORRIENTE HYDRA PEN H5 PLUMA DE MICROAGUJAS DE INFUSIÓN AUTOMÁTICA BLANCO,U001,Ubicación Principal,PRO-05,ESTETICA Y BELLEZA,Unid,                               5.00,                             303.00,                               0.00,                               0.00,                               0.00,                               0.00,                               5.00,                             303.00,                               0.00,                               5.00,                              60.60,ACTIVO
Sede PGR 2023 - 006,ALM-TIE,ALMACEN TIENDA,MASS2435,EQUIPO MULTIFUNCIONAL TABLERO DE REALCE PARA SOPORTE PLANO FITNESS  BLANCO,U001,Ubicación Principal,PRO-04,DEPORTE Y FITNESS,Unid,                              20.00,                             250.02,                               0.00,                               0.00,                               0.00,                               0.00,                              20.00,                             250.02,                               0.00,                              20.00,                              12.50,ACTIVO
Sede PGR 2023 - 006,ALM-TIE,ALMACEN TIENDA,MASS2438,"MASCARILLAS DE GEL PARA OJOS, , MASCARILLAS PARA DORMIR AZUL",U001,Ubicación Principal,PRO-05,ESTETICA Y BELLEZA,Unid,                               8.00,                               6.40,                               0.00,                               0.00,                               6.00,                               4.80,                               2.00,                               1.60,                               0.00,                               2.00,                               0.80,ACTIVO
Sede PGR 2023 - 006,ALM-TIE,ALMACEN TIENDA,MASS2439,"MASCARILLAS DE GEL PARA OJOS, MASCARILLAS PARA DORMIR GRIS",U001,Ubicación Principal,PRO-05,ESTETICA Y BELLEZA,Unid,                              32.00,                              25.28,                               0.00,                               0.00,                              19.00,                              15.01,                              13.00,                              10.27,                               0.00,                              13.00,                               0.79,ACTIVO
Sede PGR 2023 - 006,ALM-TIE,ALMACEN TIENDA,MASS2442,PROCESADOR DE ALIMENTOS R.97030-110  AZUL RAF,U001,Ubicación Principal,PRO-26,RAF,Unid,                               9.00,                              83.79,                               0.00,                               0.00,                               1.00,                               9.31,                               8.00,                              74.48,                               0.00,                               8.00,                               9.31,ACTIVO
Sede PGR 2023 - 006,ALM-TIE,ALMACEN TIENDA,MASS2443,PROCESADOR DE ALIMENTOS R.97030-110 ROSA RAF,U001,Ubicación Principal,PRO-26,RAF,Unid,                              15.00,                             139.65,                               0.00,                               0.00,                               0.00,                               0.00,                              15.00,                             139.65,                               0.00,                              15.00,                               9.31,ACTIVO
Sede PGR 2023 - 006,ALM-TIE,ALMACEN TIENDA,MASS2444,BATIDORA DE MANO 160W R.96633-110 BLANCO CON ROJO  RAF,U001,Ubicación Principal,PRO-26,RAF,Unid,                               3.00,                              10.68,                               0.00,                               0.00,                               2.00,                               7.12,                               1.00,                               3.56,                               0.00,                               1.00,                               3.56,ACTIVO
Sede PGR 2023 - 006,ALM-TIE,ALMACEN TIENDA,MASS2446,BATIDORA DE MANO 160W R.96633-110 NARANJA CON NEGRO RAF,U001,Ubicación Principal,PRO-26,RAF,Unid,                               9.00,                              31.21,                               0.00,                               0.00,                               0.00,                               0.00,                               9.00,                              31.21,                               0.00,                               9.00,                               3.47,ACTIVO
Sede PGR 2023 - 006,ALM-TIE,ALMACEN TIENDA,MASS2447,BATIDORA DE MANO 160W R.96633-110 AMARILLA CON NEGRO RAF,U001,Ubicación Principal,PRO-26,RAF,Unid,                              11.00,                              39.16,                               0.00,                               0.00,                               0.00,                               0.00,                              11.00,                              39.16,                               0.00,                              11.00,                               3.56,ACTIVO
Sede PGR 2023 - 006,ALM-TIE,ALMACEN TIENDA,MASS2448,BATIDORA CON PEDESTAL R.96637-110  ROJO RAF,U001,Ubicación Principal,PRO-26,RAF,Unid,                               2.00,                              17.65,                               0.00,                               0.00,                               0.00,                               0.00,                               2.00,                              17.65,                               0.00,                               2.00,                               8.83,ACTIVO
Sede PGR 2023 - 006,ALM-TIE,ALMACEN TIENDA,MASS2449,BATIDORA CON PEDESTAL R.96637-110  NARANJA  RAF,U001,Ubicación Principal,PRO-26,RAF,Unid,                               9.00,                              93.01,                               0.00,                               0.00,                               0.00,                               0.00,                               9.00,                              93.01,                               0.00,                               9.00,                              10.34,ACTIVO
Sede PGR 2023 - 006,ALM-TIE,ALMACEN TIENDA,MASS2450,PLANCHA DE CABELLO R.422B-110 BLANCO CON DORADO RAF,U001,Ubicación Principal,PRO-26,RAF,Unid,                              67.00,                             304.08,                               1.00,                               3.72,                               0.00,                               0.00,                              68.00,                             307.80,                               0.00,                              68.00,                               4.53,ACTIVO
Sede PGR 2023 - 006,ALM-TIE,ALMACEN TIENDA,MASS2451,CEPILLO SECADOR R.412H-110 VERDE RAF,U001,Ubicación Principal,PRO-26,RAF,Unid,                               1.00,                               2.20,                               0.00,                               0.00,                               0.00,                               0.00,                               1.00,                               2.20,                               0.00,                               1.00,                               2.20,ACTIVO
Sede PGR 2023 - 006,ALM-TIE,ALMACEN TIENDA,MASS2452,CEPILLO SECADOR R.412H-110 ROJO  RAF,U001,Ubicación Principal,PRO-26,RAF,Unid,                               3.00,                               7.50,                               0.00,                               0.00,                               0.00,                               0.00,                               3.00,                               7.50,                               0.00,                               3.00,                               2.50,ACTIVO
Sede PGR 2023 - 006,ALM-TIE,ALMACEN TIENDA,MASS2453,CEPILLO SECADOR R.412H-110 AZUL RAF,U001,Ubicación Principal,PRO-26,RAF,Unid,                               2.00,                               6.75,                               0.00,                               0.00,                               0.00,                               0.00,                               2.00,                               6.75,                               0.00,                               2.00,                               3.38,ACTIVO
Sede PGR 2023 - 006,ALM-TIE,ALMACEN TIENDA,MASS2454,PLANCHA A VAPOR DE MANO ROJO 800W R.91313W-110 RAF,U001,Ubicación Principal,PRO-26,RAF,Unid,                              47.00,                             287.09,                               0.00,                               0.00,                               2.00,                              12.22,                              45.00,                             274.87,                               0.00,                              45.00,                               6.11,ACTIVO
Sede PGR 2023 - 006,ALM-TIE,ALMACEN TIENDA,MASS2456,RADIO REPRODUCTOR PANTALLA EQUIPO SONIDO BLUETOOTH AUTO,U001,Ubicación Principal,PRO-01,ACCESORIOS PARA VEHICULOS,Unid,                              40.00,                             710.23,                               1.00,                              21.25,                              26.00,                             463.80,                              15.00,                             267.68,                               0.00,                              15.00,                              17.85,ACTIVO
Sede PGR 2023 - 006,ALM-TIE,ALMACEN TIENDA,MASS2458,TELÉFONO INALÁMBRICO DAERXIN D1011 NEGRO,U001,Ubicación Principal,PRO-11,HOGAR,Unid,                              52.00,                             815.36,                               0.00,                               0.00,                               3.00,                              47.04,                              49.00,                             768.32,                               0.00,                              49.00,                              15.68,ACTIVO
Sede PGR 2023 - 006,ALM-TIE,ALMACEN TIENDA,MASS2459,TELÉFONO INALÁMBRICO DAERXIN D1011 BLANCO,U001,Ubicación Principal,PRO-11,HOGAR,Unid,                              56.00,                             881.12,                               0.00,                               0.00,                               2.00,                              31.46,                              54.00,                             849.66,                               0.00,                              54.00,                              15.73,ACTIVO
Sede PGR 2023 - 006,ALM-TIE,ALMACEN TIENDA,MASS2460,RODILLO ABDOMINAL DE REBOTE AUTOMÁTICO CON CUATRO RUEDAS ANTIDESLIZANTE DISEÑO ECOLÓGICO,U001,Ubicación Principal,PRO-04,DEPORTE Y FITNESS,Unid,                              80.00,"                           1,595.20",                               0.00,                               0.00,                               0.00,                               0.00,                              80.00,"                           1,595.20",                               0.00,                              80.00,                              19.94,ACTIVO
Sede PGR 2023 - 006,ALM-TIE,ALMACEN TIENDA,MASS2464,"PANELES PVC SEPARADORES DE AMBIENTES 5CM X 10CM X2,90M NEGRO",U001,Ubicación Principal,PRO-24,REVESTIMIENTO,Unid,                             216.00,"                           2,071.44",                               0.00,                               0.00,                               0.00,                               0.00,                             216.00,"                           2,071.44",                               0.00,                             216.00,                               9.59,ACTIVO
Sede PGR 2023 - 006,ALM-TIE,ALMACEN TIENDA,MASS2465,"PANELES PVC SEPARADORES DE AMBIENTES 5CM X 10CM X2,90M GRIS",U001,Ubicación Principal,PRO-24,REVESTIMIENTO,Unid,                             221.00,"                           2,119.39",                               0.00,                               0.00,                               0.00,                               0.00,                             221.00,"                           2,119.39",                               0.00,                             221.00,                               9.59,ACTIVO
Sede PGR 2023 - 006,ALM-TIE,ALMACEN TIENDA,MASS2466,"PANELES PVC SEPARADORES DE AMBIENTES 5CM X 10CM X2,90M MARRON CLARO",U001,Ubicación Principal,PRO-24,REVESTIMIENTO,Unid,                             151.00,"                           1,448.09",                               0.00,                               0.00,                               0.00,                               0.00,                             151.00,"                           1,448.09",                               0.00,                             151.00,                               9.59,ACTIVO
Sede PGR 2023 - 006,ALM-TIE,ALMACEN TIENDA,MASS2467,"PANELES PVC SEPARADORES DE AMBIENTES 5CM X 10CM X2,90M GRIS OSCURO",U001,Ubicación Principal,PRO-24,REVESTIMIENTO,Unid,                             182.00,"                           1,745.38",                               0.00,                               0.00,                               0.00,                               0.00,                             182.00,"                           1,745.38",                               0.00,                             182.00,                               9.59,ACTIVO
Sede PGR 2023 - 006,ALM-TIE,ALMACEN TIENDA,MASS2468,"PANELES PVC SEPARADORES DE AMBIENTES 5CM X 10CM X2,90M BLANCO",U001,Ubicación Principal,PRO-24,REVESTIMIENTO,Unid,                             147.00,"                           1,409.73",                               0.00,                               0.00,                               0.00,                               0.00,                             147.00,"                           1,409.73",                               0.00,                             147.00,                               9.59,ACTIVO
Sede PGR 2023 - 006,ALM-TIE,ALMACEN TIENDA,MASS2469,ACCESORIO PARA GIRAR,U001,Ubicación Principal,PRO-24,REVESTIMIENTO,Unid,"                           1,032.00",                             732.72,                               0.00,                               0.00,                               0.00,                               0.00,"                           1,032.00",                             732.72,                               0.00,"                           1,032.00",                               0.71,ACTIVO
Sede PGR 2023 - 006,ALM-TIE,ALMACEN TIENDA,MASS2470,TECHO PVC DE 3 PIEZAS BLANCO MACHIMBRADO HYYC010 21CMX9CMX2900MM,U001,Ubicación Principal,PRO-24,REVESTIMIENTO,Unid,                             228.00,"                           1,429.56",                               0.00,                               0.00,                              40.00,                             250.80,                             188.00,"                           1,178.76",                               0.00,                             188.00,                               6.27,ACTIVO
Sede PGR 2023 - 006,ALM-TIE,ALMACEN TIENDA,MASS2471,TECHO PVC DE 3 PIEZAS BLANCO CON BRILLO MACHIMBRADO HYYC013 21CMX9CMX2900MM,U001,Ubicación Principal,PRO-24,REVESTIMIENTO,Unid,                             285.00,"                           1,797.95",                               0.00,                               0.00,                               2.00,                              12.62,                             283.00,"                           1,785.33",                               0.00,                             283.00,                               6.31,ACTIVO
Sede PGR 2023 - 006,ALM-TIE,ALMACEN TIENDA,MASS2473,TECHO PVC DE 3 PIEZAS MARRON MACHIMBRADO HYYC017 21CMX9CMX2900MM,U001,Ubicación Principal,PRO-24,REVESTIMIENTO,Unid,                             290.00,"                           1,818.30",                               0.00,                               0.00,                               2.00,                              12.54,                             288.00,"                           1,805.76",                               0.00,                             288.00,                               6.27,ACTIVO
Sede PGR 2023 - 006,ALM-TIE,ALMACEN TIENDA,MASS2474,TECHO PVC DE 3 PIEZAS MARRON OSCURO MACHIMBRADO HYYC032 21CMX9CMX2900MM,U001,Ubicación Principal,PRO-24,REVESTIMIENTO,Unid,                             178.00,"                           1,116.06",                               0.00,                               0.00,                             150.00,                             940.50,                              28.00,                             175.56,                               0.00,                              28.00,                               6.27,ACTIVO
Sede PGR 2023 - 006,ALM-TIE,ALMACEN TIENDA,MASS2475,"ROLLO PANEL DE PARED PIEDRA SUAVE AUTOHADESIVO 0,6 X 2,8M  442-106",U001,Ubicación Principal,PRO-24,REVESTIMIENTO,Unid,                             436.00,"                           2,940.78",                               0.00,                               0.00,                               6.00,                              40.44,                             430.00,"                           2,900.34",                               0.00,                             430.00,                               6.74,ACTIVO
Sede PGR 2023 - 006,ALM-TIE,ALMACEN TIENDA,MASS2476,"ROLLO PANEL DE PARED PIEDRA SUAVE AUTOHADESIVO 0,6 X 2,8M 441-106",U001,Ubicación Principal,PRO-24,REVESTIMIENTO,Unid,                             405.00,"                           2,717.17",                               0.00,                               0.00,                               0.00,                               0.00,                             405.00,"                           2,717.17",                               0.00,                             405.00,                               6.71,ACTIVO
Sede PGR 2023 - 006,ALM-TIE,ALMACEN TIENDA,MASS2478,"ROLLO PANEL DE PARED PIEDRA SUAVE AUTOHADESIVO 0,6 X 2,8M 01-115",U001,Ubicación Principal,PRO-24,REVESTIMIENTO,Unid,                             306.00,"                           2,042.94",                               0.00,                               0.00,                               5.00,                              33.40,                             301.00,"                           2,009.54",                               0.00,                             301.00,                               6.68,ACTIVO
Sede PGR 2023 - 006,ALM-TIE,ALMACEN TIENDA,MASS2479,"ROLLO PANEL DE PARED PIEDRA SUAVE AUTOHADESIVO 0,6 X 2,8M 04-115",U001,Ubicación Principal,PRO-24,REVESTIMIENTO,Unid,                             459.00,"                           3,061.53",                               0.00,                               0.00,                               3.00,                              20.01,                             456.00,"                           3,041.52",                               0.00,                             456.00,                               6.67,ACTIVO
Sede PGR 2023 - 006,ALM-TIE,ALMACEN TIENDA,MASS2480,"ROLLO PANEL DE PARED PIEDRA SUAVE AUTOHADESIVO 0,6 X 2,8M 03-115",U001,Ubicación Principal,PRO-24,REVESTIMIENTO,Unid,                             152.00,"                           1,013.90",                               0.00,                               0.00,                               5.00,                              33.35,                             147.00,                             980.55,                               0.00,                             147.00,                               6.67,ACTIVO
Sede PGR 2023 - 006,ALM-TIE,ALMACEN TIENDA,MASS2481,ROLLO DE ESPUMA 3D AUTOADHESIVA JQ-3129-2Y6 40 CM X 3M DE 3MM,U001,Ubicación Principal,PRO-24,REVESTIMIENTO,Unid,                             343.00,"                           2,072.32",                               0.00,                               0.00,                               9.00,                              54.36,                             334.00,"                           2,017.96",                               0.00,                             334.00,                               6.04,ACTIVO
Sede PGR 2023 - 006,ALM-TIE,ALMACEN TIENDA,MASS2482,ROLLO DE ESPUMA 3D AUTOADHESIVA JQ-3472-3Y4 40 CM X 3M DE 3MM,U001,Ubicación Principal,PRO-24,REVESTIMIENTO,Unid,                             205.00,"                           1,250.20",                               0.00,                               0.00,                               0.00,                               0.00,                             205.00,"                           1,250.20",                               0.00,                             205.00,                               6.10,ACTIVO
Sede PGR 2023 - 006,ALM-TIE,ALMACEN TIENDA,MASS2483,"PANEL DE MOSAICO AZULEJO 29CM*22,9CM*1MM YJC0177",U001,Ubicación Principal,PRO-24,REVESTIMIENTO,Unid,                             728.00,                             458.64,                               0.00,                               0.00,                               0.00,                               0.00,                             728.00,                             458.64,                               0.00,                             728.00,                               0.63,ACTIVO
Sede PGR 2023 - 006,ALM-TIE,ALMACEN TIENDA,MASS2484,"PANEL DE MOSAICO AZULEJO 29CM*22,9CM*1MM YJC0178",U001,Ubicación Principal,PRO-24,REVESTIMIENTO,Unid,                             750.00,                             472.50,                               0.00,                               0.00,                               0.00,                               0.00,                             750.00,                             472.50,                               0.00,                             750.00,                               0.63,ACTIVO
Sede PGR 2023 - 006,ALM-TIE,ALMACEN TIENDA,MASS2485,"PANEL DE MOSAICO AZULEJO 29CM*22,9CM*1MM YJC0180",U001,Ubicación Principal,PRO-24,REVESTIMIENTO,Unid,                             750.00,                             472.50,                               0.00,                               0.00,                               0.00,                               0.00,                             750.00,                             472.50,                               0.00,                             750.00,                               0.63,ACTIVO
Sede PGR 2023 - 006,ALM-TIE,ALMACEN TIENDA,MASS2486,"PANEL DE MOSAICO AZULEJO 29CM*22,9CM*1MM YJCO203",U001,Ubicación Principal,PRO-24,REVESTIMIENTO,Unid,                             722.00,                             454.86,                               0.00,                               0.00,                              14.00,                               8.82,                             708.00,                             446.04,                               0.00,                             708.00,                               0.63,ACTIVO
Sede PGR 2023 - 006,ALM-TIE,ALMACEN TIENDA,MASS2487,"PANEL DE MOSAICO AZULEJO 29CM*22,9CM*1MM DZ022",U001,Ubicación Principal,PRO-24,REVESTIMIENTO,Unid,                             520.00,                             327.60,                               0.00,                               0.00,                               0.00,                               0.00,                             520.00,                             327.60,                               0.00,                             520.00,                               0.63,ACTIVO
Sede PGR 2023 - 006,ALM-TIE,ALMACEN TIENDA,MASS2488,"PANEL DE MOSAICO AZULEJO 29CM*22,9CM*1MM DZ023",U001,Ubicación Principal,PRO-24,REVESTIMIENTO,Unid,                             750.00,                             472.50,                               0.00,                               0.00,                               0.00,                               0.00,                             750.00,                             472.50,                               0.00,                             750.00,                               0.63,ACTIVO
Sede PGR 2023 - 006,ALM-TIE,ALMACEN TIENDA,MASS2489,"PANEL DE MOSAICO AZULEJO 29CM*22,9CM*1MM YJC0181",U001,Ubicación Principal,PRO-24,REVESTIMIENTO,Unid,                             690.00,                             434.70,                               0.00,                               0.00,                               1.00,                               0.63,                             689.00,                             434.07,                               0.00,                             689.00,                               0.63,ACTIVO
Sede PGR 2023 - 006,ALM-TIE,ALMACEN TIENDA,MASS2490,"PANEL DE MOSAICO AZULEJO 29CM*22,9CM*1MM PDD004",U001,Ubicación Principal,PRO-24,REVESTIMIENTO,Unid,                             700.00,                             441.00,                               0.00,                               0.00,                               0.00,                               0.00,                             700.00,                             441.00,                               0.00,                             700.00,                               0.63,ACTIVO
Sede PGR 2023 - 006,ALM-TIE,ALMACEN TIENDA,MASS2491,"PANEL DE MOSAICO AZULEJO 29CM*22,9CM*1MM YJC0246",U001,Ubicación Principal,PRO-24,REVESTIMIENTO,Unid,                             700.00,                             441.00,                               0.00,                               0.00,                               0.00,                               0.00,                             700.00,                             441.00,                               0.00,                             700.00,                               0.63,ACTIVO
Sede PGR 2023 - 006,ALM-TIE,ALMACEN TIENDA,MASS2492,"PANEL DE MOSAICO AZULEJO 29CM*22,9CM*1MM PDD003",U001,Ubicación Principal,PRO-24,REVESTIMIENTO,Unid,                             700.00,                             441.00,                               0.00,                               0.00,                               0.00,                               0.00,                             700.00,                             441.00,                               0.00,                             700.00,                               0.63,ACTIVO
Sede PGR 2023 - 006,ALM-TIE,ALMACEN TIENDA,MASS2472,TECHO PVC DE 3 PIEZAS MARRON CLARO MACHIMBRADO HYYC014 21CMX9CMX2900MM,U001,Ubicación Principal,PRO-24,REVESTIMIENTO,Unid,                             290.00,"                           1,818.30",                               0.00,                               0.00,                               2.00,                              12.54,                             288.00,"                           1,805.76",                               0.00,                             288.00,                               6.27,ACTIVO
Sede PGR 2023 - 006,ALM-TIE,ALMACEN TIENDA,MASS2493,WALL PANEL MARRON CLARO YC027,U001,Ubicación Principal,PRO-24,REVESTIMIENTO,Unid,                              16.00,                              87.68,                               0.00,                               0.00,                               0.00,                               0.00,                              16.00,                              87.68,                               0.00,                              16.00,                               5.48,ACTIVO
Sede PGR 2023 - 006,ALM-TIE,ALMACEN TIENDA,MASS2495,MAQUINA DE AFEITAR INALAMBRICA T9 DRAGON DORADO,U001,Ubicación Principal,PRO-05,ESTETICA Y BELLEZA,Unid,                               1.00,                               1.07,                               0.00,                               0.00,                               0.00,                               0.00,                               1.00,                               1.07,                               0.00,                               1.00,                               1.07,ACTIVO
Sede PGR 2023 - 006,ALM-TIE,ALMACEN TIENDA,MASS2496,MAQUINA DE AFEITAR INALAMBRICA T9 BUDA PLATEADO,U001,Ubicación Principal,PRO-05,ESTETICA Y BELLEZA,Unid,                              31.00,                              33.05,                               1.00,                               1.07,                              28.00,                              29.96,                               4.00,                               4.16,                               0.00,                               4.00,                               1.07,ACTIVO
Sede PGR 2023 - 006,ALM-TIE,ALMACEN TIENDA,MASS2582,INCUBADORA DE HUEVOS 48 PZ 110V/220V,U001,Ubicación Principal,PRO-25,COCINA,Unid,                               2.00,                              66.64,                               0.00,                               0.00,                               0.00,                               0.00,                               2.00,                              66.64,                               0.00,                               2.00,                              33.32,ACTIVO
Sede PGR 2023 - 006,ALM-TIE,ALMACEN TIENDA,MASS2583,KIT DE PRIMEROS AUXILIOS BOLSO PORTATIL,U001,Ubicación Principal,PRO-18,SALUD,Unid,                             141.00,                             136.77,                               0.00,                               0.00,                               3.00,                               2.91,                             138.00,                             133.86,                               0.00,                             138.00,                               0.97,ACTIVO
Sede PGR 2023 - 006,ALM-TIE,ALMACEN TIENDA,MASS2584,PERCHERO DE 3 PATAS 167 x 50 CM,U001,Ubicación Principal,PRO-11,HOGAR,Unid,                              88.00,                             414.48,                               0.00,                               0.00,                              22.00,                             103.62,                              66.00,                             310.86,                               0.00,                              66.00,                               4.71,ACTIVO
Sede PGR 2023 - 006,ALM-TIE,ALMACEN TIENDA,MASS2585,ZAPATERA Y PERCHERO 4 NIVELES 152CM X 59CM X 25XCM,U001,Ubicación Principal,PRO-11,HOGAR,Unid,                              53.00,                             313.41,                               1.00,                               5.91,                              48.00,                             283.76,                               6.00,                              35.56,                               0.00,                               6.00,                               5.92,ACTIVO
Sede PGR 2023 - 006,ALM-TIE,ALMACEN TIENDA,MASS2586,PERCHERO DE HIERRO CON REJILLA LATERAL CON RUEDAS,U001,Ubicación Principal,PRO-11,HOGAR,Unid,                              56.00,"                           1,032.08",                               0.00,                               0.00,                               8.00,                             147.44,                              48.00,                             884.64,                               0.00,                              48.00,                              18.43,ACTIVO
Sede PGR 2023 - 006,ALM-TIE,ALMACEN TIENDA,MASS2587,TENDEDERO PLEGABLE 110 CM,U001,Ubicación Principal,PRO-11,HOGAR,Unid,                             132.00,"                           1,083.72",                               1.00,                               8.21,                               2.00,                              16.42,                             131.00,"                           1,075.51",                               0.00,                             131.00,                               8.21,ACTIVO
Sede PGR 2023 - 006,ALM-TIE,ALMACEN TIENDA,MASS2588,ESTANTE PARA ZAPATOS Y SOMBREROS 5 NIVELES 1.65M X 79CM X  30CM,U001,Ubicación Principal,PRO-11,HOGAR,Unid,                              81.00,                             974.43,                               0.00,                               0.00,                              27.00,                             324.81,                              54.00,                             649.62,                               0.00,                              54.00,                              12.03,ACTIVO
Sede PGR 2023 - 006,ALM-TIE,ALMACEN TIENDA,MASS2589,ESTANTE PORTATIL 6 NIVELES 2 COLUMNAS DE TELA NEGRO 1.5M,U001,Ubicación Principal,PRO-11,HOGAR,Unid,                              66.00,                             461.34,                               1.00,                               6.99,                              24.00,                             167.76,                              43.00,                             300.57,                               0.00,                              43.00,                               6.99,ACTIVO
Sede PGR 2023 - 006,ALM-TIE,ALMACEN TIENDA,MASS2590,KIT TECLADO Y MOUSE LED TF200,U001,Ubicación Principal,PRO-15,COMPUTACION,Unid,                             183.00,"                           1,013.82",                               9.00,                              49.86,                              19.00,                             105.26,                             173.00,                             958.42,                               0.00,                             173.00,                               5.54,ACTIVO
Sede PGR 2023 - 006,ALM-TIE,ALMACEN TIENDA,MASS2591,KIT TECLADO Y MOUSE LED TF240,U001,Ubicación Principal,PRO-15,COMPUTACION,Unid,                             199.00,"                           2,384.02",                               6.00,                              71.88,                               5.00,                              59.90,                             200.00,"                           2,396.00",                               0.00,                             200.00,                              11.98,ACTIVO
Sede PGR 2023 - 006,ALM-TIE,ALMACEN TIENDA,MASS2592,KIT TECLADO Y MOUSE LED TF270,U001,Ubicación Principal,PRO-15,COMPUTACION,Unid,                             191.00,"                           1,186.11",                               6.00,                              37.26,                               4.00,                              24.84,                             193.00,"                           1,198.53",                               0.00,                             193.00,                               6.21,ACTIVO
Sede PGR 2023 - 006,ALM-TIE,ALMACEN TIENDA,MASS2593,KIT TECLADO MOUSE INALAMBRICO NEGRO 8875,U001,Ubicación Principal,PRO-15,COMPUTACION,Unid,                             110.00,                             664.40,                               1.00,                               6.04,                               1.00,                               6.04,                             110.00,                             664.40,                               0.00,                             110.00,                               6.04,ACTIVO
Sede PGR 2023 - 006,ALM-TIE,ALMACEN TIENDA,MASS2594,LUBRICANTE ANAL WATER OLO 60 ML COOLING AZUL,U001,Ubicación Principal,PRO-08,ADULTOS,Unid,                              73.00,                             106.28,                               0.00,                               0.00,                               6.00,                               8.76,                              67.00,                              97.52,                               0.00,                              67.00,                               1.46,ACTIVO
Sede PGR 2023 - 006,ALM-TIE,ALMACEN TIENDA,MASS2595,LUBRICANTE ANAL WATER OLO 60 ML SMOOTH MORADO,U001,Ubicación Principal,PRO-08,ADULTOS,Unid,                              34.00,                              40.80,                               0.00,                               0.00,                               7.00,                               8.40,                              27.00,                              32.40,                               0.00,                              27.00,                               1.20,ACTIVO
Sede PGR 2023 - 006,ALM-TIE,ALMACEN TIENDA,MASS3000,"WALL PANEL CHINO PEQUEÑO NEGRO HL-Z-150-1-A 15CM*1,7CM*2,9M COLOR 1005",U001,Ubicación Principal,PRO-24,REVESTIMIENTO,Unid,                              11.00,                              52.14,                               0.00,                               0.00,                               4.00,                              18.96,                               7.00,                              33.18,                               0.00,                               7.00,                               4.74,ACTIVO
Sede PGR 2023 - 006,ALM-TIE,ALMACEN TIENDA,MASS3001,"WALL PANEL CHINO PEQUEÑO BLANCO HL-Z-150-2-A 15CM*1,7CM*2,9M COLOR 1006",U001,Ubicación Principal,PRO-24,REVESTIMIENTO,Unid,                             145.00,                             687.30,                               0.00,                               0.00,                               0.00,                               0.00,                             145.00,                             687.30,                               0.00,                             145.00,                               4.74,ACTIVO
Sede PGR 2023 - 006,ALM-TIE,ALMACEN TIENDA,MASS3002,"WALL PANEL CHINO PEQUEÑO GRIS OSCURO HL-Z-150-3-A 15CM*1,7CM*2,9M COLOR 62101",U001,Ubicación Principal,PRO-24,REVESTIMIENTO,Unid,                              28.00,                             132.72,                               0.00,                               0.00,                               8.00,                              37.92,                              20.00,                              94.80,                               0.00,                              20.00,                               4.74,ACTIVO
Sede PGR 2023 - 006,ALM-TIE,ALMACEN TIENDA,MASS3003,"WALL PANEL CHINO PEQUEÑO BLANCO Y NARANJA HL-Z-150-4-A 15CM*1,7CM*2,9M COLOR DFX882-14",U001,Ubicación Principal,PRO-24,REVESTIMIENTO,Unid,                             196.00,                             929.04,                               0.00,                               0.00,                               0.00,                               0.00,                             196.00,                             929.04,                               0.00,                             196.00,                               4.74,ACTIVO
Sede PGR 2023 - 006,ALM-TIE,ALMACEN TIENDA,MASS3004,"WALL PANEL CHINO PEQUEÑO GRIS Y BLANCO HL-Z-150-5-A 15CM*1,7CM*2,9M COLOR 96063-2",U001,Ubicación Principal,PRO-24,REVESTIMIENTO,Unid,                              76.00,                             360.24,                               0.00,                               0.00,                              16.00,                              75.84,                              60.00,                             284.40,                               0.00,                              60.00,                               4.74,ACTIVO
Sede PGR 2023 - 006,ALM-TIE,ALMACEN TIENDA,MASS3005,"WALL PANEL CHINO PEQUEÑO NEGRO Y BLANCO HL-Z-150-6-A 15CM*1,7CM*2,9M COLOR 1192",U001,Ubicación Principal,PRO-24,REVESTIMIENTO,Unid,                             187.00,                             886.38,                               0.00,                               0.00,                               0.00,                               0.00,                             187.00,                             886.38,                               0.00,                             187.00,                               4.74,ACTIVO
Sede PGR 2023 - 006,ALM-TIE,ALMACEN TIENDA,MASS3006,"WALL PANEL CHINO PEQUEÑO MARRON OSCURO HL-Z-150-7-A 15CM*1,7CM*2,9M COLOR 60160",U001,Ubicación Principal,PRO-24,REVESTIMIENTO,Unid,                              73.00,                             346.02,                               0.00,                               0.00,                              21.00,                              99.54,                              52.00,                             246.48,                               0.00,                              52.00,                               4.74,ACTIVO
Sede PGR 2023 - 006,ALM-TIE,ALMACEN TIENDA,MASS3007,"WALL PANEL CHINO PEQUEÑO MARRON HL-Z-150-8-A 15CM*1,7CM*2,9M COLOR 1011",U001,Ubicación Principal,PRO-24,REVESTIMIENTO,Unid,                             150.00,                             711.00,                               0.00,                               0.00,                               0.00,                               0.00,                             150.00,                             711.00,                               0.00,                             150.00,                               4.74,ACTIVO
Sede PGR 2023 - 006,ALM-TIE,ALMACEN TIENDA,MASS3008,"WALL PANEL CHINO PEQUEÑO MARRON CLARO HL-Z-150-9-A 15CM*1,7CM*2,9M COLOR 2030",U001,Ubicación Principal,PRO-24,REVESTIMIENTO,Unid,                              25.00,                             118.50,                               0.00,                               0.00,                               1.00,                               4.74,                              24.00,                             113.76,                               0.00,                              24.00,                               4.74,ACTIVO
Sede PGR 2023 - 006,ALM-TIE,ALMACEN TIENDA,MASS3009,"WALL PANEL CHINO PEQUEÑO COBRIZO HL-Z-150-10-A 15CM*1,7CM*2,9M COLOR 1015",U001,Ubicación Principal,PRO-24,REVESTIMIENTO,Unid,                             144.00,                             682.56,                               0.00,                               0.00,                               0.00,                               0.00,                             144.00,                             682.56,                               0.00,                             144.00,                               4.74,ACTIVO
Sede PGR 2023 - 006,ALM-TIE,ALMACEN TIENDA,MASS3010,"WALL PANEL CHINO ONDULADO NEGRO HL-Z-Y154-1-A 15,4CM*1,75CM*2,9M COLOR 1005",U001,Ubicación Principal,PRO-24,REVESTIMIENTO,Unid,                             190.00,"                           1,067.80",                               0.00,                               0.00,                               0.00,                               0.00,                             190.00,"                           1,067.80",                               0.00,                             190.00,                               5.62,ACTIVO
Sede PGR 2023 - 006,ALM-TIE,ALMACEN TIENDA,MASS3011,"WALL PANEL CHINO ONDULADO BLANCO HL-Z-Y154-2-A 15,4CM*1,75CM*2,9M COLOR 1006",U001,Ubicación Principal,PRO-24,REVESTIMIENTO,Unid,                             200.00,"                           1,124.00",                               0.00,                               0.00,                               0.00,                               0.00,                             200.00,"                           1,124.00",                               0.00,                             200.00,                               5.62,ACTIVO
Sede PGR 2023 - 006,ALM-TIE,ALMACEN TIENDA,MASS3012,"WALL PANEL CHINO ONDULADO GRIS OSCURO HL-Z-Y154-3-A 15,4CM*1,75CM*2,9M COLOR 62101",U001,Ubicación Principal,PRO-24,REVESTIMIENTO,Unid,                             200.00,"                           1,124.00",                               0.00,                               0.00,                               0.00,                               0.00,                             200.00,"                           1,124.00",                               0.00,                             200.00,                               5.62,ACTIVO
Sede PGR 2023 - 006,ALM-TIE,ALMACEN TIENDA,MASS3013,"WALL PANEL CHINO ONDULADO BLANCO Y NARANJA HL-Z-Y154-4-A 15,4CM*1,75CM*2,9M COLOR DFX882-14",U001,Ubicación Principal,PRO-24,REVESTIMIENTO,Unid,                             200.00,"                           1,124.00",                               0.00,                               0.00,                               0.00,                               0.00,                             200.00,"                           1,124.00",                               0.00,                             200.00,                               5.62,ACTIVO
Sede PGR 2023 - 006,ALM-TIE,ALMACEN TIENDA,MASS3014,"WALL PANEL CHINO ONDULADO GRIS Y BLANCO HL-Z-Y154-5-A 15,4CM*1,75CM*2,9M COLOR 96063-2",U001,Ubicación Principal,PRO-24,REVESTIMIENTO,Unid,                             200.00,"                           1,124.00",                               0.00,                               0.00,                               0.00,                               0.00,                             200.00,"                           1,124.00",                               0.00,                             200.00,                               5.62,ACTIVO
Sede PGR 2023 - 006,ALM-TIE,ALMACEN TIENDA,MASS3015,"WALL PANEL CHINO ONDULADO NEGRO Y BLANCO HL-Z-Y154-6-A 15,4CM*1,75CM*2,9M COLOR 1192",U001,Ubicación Principal,PRO-24,REVESTIMIENTO,Unid,                             200.00,"                           1,124.00",                               0.00,                               0.00,                               0.00,                               0.00,                             200.00,"                           1,124.00",                               0.00,                             200.00,                               5.62,ACTIVO
Sede PGR 2023 - 006,ALM-TIE,ALMACEN TIENDA,MASS3016,"WALL PANEL CHINO ONDULADO MARRON OSCURO HL-Z-Y154-7-A 15,4CM*1,75CM*2,9M COLOR 60160",U001,Ubicación Principal,PRO-24,REVESTIMIENTO,Unid,                             200.00,"                           1,124.00",                               0.00,                               0.00,                               0.00,                               0.00,                             200.00,"                           1,124.00",                               0.00,                             200.00,                               5.62,ACTIVO
Sede PGR 2023 - 006,ALM-TIE,ALMACEN TIENDA,MASS3017,"WALL PANEL CHINO ONDULADO MARRON HL-Z-Y154-8-A 15,4CM*1,75CM*2,9M COLOR 1011",U001,Ubicación Principal,PRO-24,REVESTIMIENTO,Unid,                             200.00,"                           1,124.00",                               0.00,                               0.00,                               0.00,                               0.00,                             200.00,"                           1,124.00",                               0.00,                             200.00,                               5.62,ACTIVO
Sede PGR 2023 - 006,ALM-TIE,ALMACEN TIENDA,MASS3018,"WALL PANEL CHINO ONDULADO MARRON CLARO HL-Z-Y154-9-A 15,4CM*1,75CM*2,9M COLOR 2030",U001,Ubicación Principal,PRO-24,REVESTIMIENTO,Unid,                             200.00,"                           1,124.00",                               0.00,                               0.00,                               0.00,                               0.00,                             200.00,"                           1,124.00",                               0.00,                             200.00,                               5.62,ACTIVO
Sede PGR 2023 - 006,ALM-TIE,ALMACEN TIENDA,MASS3019,"WALL PANEL CHINO ONDULADO COBRIZO HL-Z-Y154-10-A 15,4CM*1,75CM*2,9M COLOR 1015",U001,Ubicación Principal,PRO-24,REVESTIMIENTO,Unid,                             200.00,"                           1,124.00",                               0.00,                               0.00,                               0.00,                               0.00,                             200.00,"                           1,124.00",                               0.00,                             200.00,                               5.62,ACTIVO
Sede PGR 2023 - 006,ALM-TIE,ALMACEN TIENDA,MASS3020,"WALL PANEL CHINO GRANDE NEGRO HL-Z-159-1-A 16CM*2,3CM*2,9M COLOR 1005",U001,Ubicación Principal,PRO-24,REVESTIMIENTO,Unid,                             158.00,                             911.66,                              10.00,                              57.70,                              18.00,                             103.86,                             150.00,                             865.50,                               0.00,                             150.00,                               5.77,ACTIVO
Sede PGR 2023 - 006,ALM-TIE,ALMACEN TIENDA,MASS3021,"WALL PANEL CHINO GRANDE BLANCO HL-Z-159-2-A 16CM*2,3CM*2,9M COLOR 1006",U001,Ubicación Principal,PRO-24,REVESTIMIENTO,Unid,                             172.00,                             992.44,                               0.00,                               0.00,                               1.00,                               5.77,                             171.00,                             986.67,                               0.00,                             171.00,                               5.77,ACTIVO
Sede PGR 2023 - 006,ALM-TIE,ALMACEN TIENDA,MASS3022,"WALL PANEL CHINO GRANDE GRIS OSCURO HL-Z-159-3-A 16CM*2,3CM*2,9M COLOR 62101",U001,Ubicación Principal,PRO-24,REVESTIMIENTO,Unid,                             173.00,                             998.21,                               0.00,                               0.00,                               0.00,                               0.00,                             173.00,                             998.21,                               0.00,                             173.00,                               5.77,ACTIVO
Sede PGR 2023 - 006,ALM-TIE,ALMACEN TIENDA,MASS3023,"WALL PANEL CHINO GRANDE BLANCO Y NARANJA HL-Z-159-4-A 16CM*2,3CM*2,9M COLOR DFX882-14",U001,Ubicación Principal,PRO-24,REVESTIMIENTO,Unid,                             200.00,"                           1,154.00",                               0.00,                               0.00,                               0.00,                               0.00,                             200.00,"                           1,154.00",                               0.00,                             200.00,                               5.77,ACTIVO
Sede PGR 2023 - 006,ALM-TIE,ALMACEN TIENDA,MASS3032,"WALL PANEL CHINO PLANO GRIS OSCURO HL-Z-199-3-A 19,9CM*1,15CM*2,9M COLOR 62101",U001,Ubicación Principal,PRO-24,REVESTIMIENTO,Unid,                             309.00,"                           1,714.95",                               0.00,                               0.00,                               6.00,                              33.30,                             303.00,"                           1,681.65",                               0.00,                             303.00,                               5.55,ACTIVO
Sede PGR 2023 - 006,ALM-TIE,ALMACEN TIENDA,MASS3024,"WALL PANEL CHINO GRANDE GRIS Y BLANCO HL-Z-159-5-A 16CM*2,3CM*2,9M COLOR 96063-2",U001,Ubicación Principal,PRO-24,REVESTIMIENTO,Unid,                             160.00,                             923.20,                               0.00,                               0.00,                               0.00,                               0.00,                             160.00,                             923.20,                               0.00,                             160.00,                               5.77,ACTIVO
Sede PGR 2023 - 006,ALM-TIE,ALMACEN TIENDA,MASS3025,"WALL PANEL CHINO GRANDE NEGRO Y BLANCO HL-Z-159-6-A 16CM*2,3CM*2,9M COLOR 1192",U001,Ubicación Principal,PRO-24,REVESTIMIENTO,Unid,                             118.00,                             680.86,                               0.00,                               0.00,                              21.00,                             121.17,                              97.00,                             559.69,                               0.00,                              97.00,                               5.77,ACTIVO
Sede PGR 2023 - 006,ALM-TIE,ALMACEN TIENDA,MASS3026,"WALL PANEL CHINO GRANDE MARRON OSCURO HL-Z-159-7-A 16CM*2,3CM*2,9M COLOR 60160",U001,Ubicación Principal,PRO-24,REVESTIMIENTO,Unid,                             187.00,"                           1,078.99",                               0.00,                               0.00,                              14.00,                              80.78,                             173.00,                             998.21,                               0.00,                             173.00,                               5.77,ACTIVO
Sede PGR 2023 - 006,ALM-TIE,ALMACEN TIENDA,MASS3027,"WALL PANEL CHINO GRANDE MARRON HL-Z-159-8-A 16CM*2,3CM*2,9M COLOR 1011",U001,Ubicación Principal,PRO-24,REVESTIMIENTO,Unid,                             200.00,"                           1,154.00",                               0.00,                               0.00,                               0.00,                               0.00,                             200.00,"                           1,154.00",                               0.00,                             200.00,                               5.77,ACTIVO
Sede PGR 2023 - 006,ALM-TIE,ALMACEN TIENDA,MASS3028,"WALL PANEL CHINO GRANDE MARRON CLARO HL-Z-159-9-A 16CM*2,3CM*2,9M COLOR 2030",U001,Ubicación Principal,PRO-24,REVESTIMIENTO,Unid,                              50.00,                             288.50,                               0.00,                               0.00,                              30.00,                             173.10,                              20.00,                             115.40,                               0.00,                              20.00,                               5.77,ACTIVO
Sede PGR 2023 - 006,ALM-TIE,ALMACEN TIENDA,MASS3029,"WALL PANEL CHINO GRANDE COBRIZO HL-Z-159-10-A 16CM*2,3CM*2,9M COLOR 1015",U001,Ubicación Principal,PRO-24,REVESTIMIENTO,Unid,                             195.00,"                           1,125.15",                               0.00,                               0.00,                              10.00,                              57.70,                             185.00,"                           1,067.45",                               0.00,                             185.00,                               5.77,ACTIVO
Sede PGR 2023 - 006,ALM-TIE,ALMACEN TIENDA,MASS3030,"WALL PANEL CHINO PLANO NEGRO HL-Z-199-1-A 19,9CM*1,15CM*2,9M COLOR 1005",U001,Ubicación Principal,PRO-24,REVESTIMIENTO,Unid,                             319.00,"                           1,690.70",                               0.00,                               0.00,                               0.00,                               0.00,                             319.00,"                           1,690.70",                               0.00,                             319.00,                               5.30,ACTIVO
Sede PGR 2023 - 006,ALM-TIE,ALMACEN TIENDA,MASS3031,"WALL PANEL CHINO PLANO BLANCO HL-Z-199-2-A 19,9CM*1,15CM*2,9M COLOR 1006",U001,Ubicación Principal,PRO-24,REVESTIMIENTO,Unid,                             307.00,"                           1,703.85",                               0.00,                               0.00,                               0.00,                               0.00,                             307.00,"                           1,703.85",                               0.00,                             307.00,                               5.55,ACTIVO
Sede PGR 2023 - 006,ALM-TIE,ALMACEN TIENDA,MASS3033,"WALL PANEL CHINO PLANO BLANCO Y NARANJA HL-Z-199-4-A 19,9CM*1,15CM*2,9M COLOR DFX882-14",U001,Ubicación Principal,PRO-24,REVESTIMIENTO,Unid,                             319.00,"                           1,770.45",                               0.00,                               0.00,                               0.00,                               0.00,                             319.00,"                           1,770.45",                               0.00,                             319.00,                               5.55,ACTIVO
Sede PGR 2023 - 006,ALM-TIE,ALMACEN TIENDA,MASS3035,"WALL PANEL CHINO PLANO NEGRO Y BLANCO HL-Z-199-6-A 19,9CM*1,15CM*2,9M COLOR 1192",U001,Ubicación Principal,PRO-24,REVESTIMIENTO,Unid,                             239.00,"                           1,326.45",                              10.00,                              55.50,                              20.00,                             111.00,                             229.00,"                           1,270.95",                               0.00,                             229.00,                               5.55,ACTIVO
Sede PGR 2023 - 006,ALM-TIE,ALMACEN TIENDA,MASS3034,"WALL PANEL CHINO PLANO GRIS Y BLANCO HL-Z-199-5-A 19,9CM*1,15CM*2,9M COLOR 96063-2",U001,Ubicación Principal,PRO-24,REVESTIMIENTO,Unid,                             305.00,"                           1,692.75",                               0.00,                               0.00,                               0.00,                               0.00,                             305.00,"                           1,692.75",                               0.00,                             305.00,                               5.55,ACTIVO
Sede PGR 2023 - 006,ALM-TIE,ALMACEN TIENDA,MASS3036,"WALL PANEL CHINO PLANO MARRON OSCURO HL-Z-199-7-A 19,9CM*1,15CM*2,9M COLOR 60160",U001,Ubicación Principal,PRO-24,REVESTIMIENTO,Unid,                             320.00,"                           1,776.00",                               0.00,                               0.00,                               0.00,                               0.00,                             320.00,"                           1,776.00",                               0.00,                             320.00,                               5.55,ACTIVO
Sede PGR 2023 - 006,ALM-TIE,ALMACEN TIENDA,MASS3037,"WALL PANEL CHINO PLANO MARRON HL-Z-199-8-A 19,9CM*1,15CM*2,9M COLOR 1011",U001,Ubicación Principal,PRO-24,REVESTIMIENTO,Unid,                             320.00,"                           1,776.00",                               0.00,                               0.00,                               0.00,                               0.00,                             320.00,"                           1,776.00",                               0.00,                             320.00,                               5.55,ACTIVO
Sede PGR 2023 - 006,ALM-TIE,ALMACEN TIENDA,MASS3038,"WALL PANEL CHINO PLANO MARRON CLARO HL-Z-199-9-A 19,9CM*1,15CM*2,9M COLOR 2030",U001,Ubicación Principal,PRO-24,REVESTIMIENTO,Unid,                             291.00,"                           1,615.05",                               0.00,                               0.00,                               0.00,                               0.00,                             291.00,"                           1,615.05",                               0.00,                             291.00,                               5.55,ACTIVO
Sede PGR 2023 - 006,ALM-TIE,ALMACEN TIENDA,MASS3039,"WALL PANEL CHINO PLANO COBRIZO HL-Z-199-10-A 19,9CM*1,15CM*2,9M COLOR 1015",U001,Ubicación Principal,PRO-24,REVESTIMIENTO,Unid,                             320.00,"                           1,776.00",                               0.00,                               0.00,                               0.00,                               0.00,                             320.00,"                           1,776.00",                               0.00,                             320.00,                               5.55,ACTIVO
Sede PGR 2023 - 006,ALM-TIE,ALMACEN TIENDA,MASS3040,PERFIL INTERNO CHINO NEGRO HL-Z-UNI-1-B 2CM*2CM*2.9M COLOR 1005,U001,Ubicación Principal,PRO-24,REVESTIMIENTO,Unid,                             638.00,"                           1,065.46",                               0.00,                               0.00,                               0.00,                               0.00,                             638.00,"                           1,065.46",                               0.00,                             638.00,                               1.67,ACTIVO
Sede PGR 2023 - 006,ALM-TIE,ALMACEN TIENDA,MASS3041,PERFIL INTERNO CHINO BLANCO HL-Z-UNI-2-B 2CM*2CM*2.9M COLOR 1006,U001,Ubicación Principal,PRO-24,REVESTIMIENTO,Unid,                             637.00,"                           1,063.79",                               0.00,                               0.00,                               0.00,                               0.00,                             637.00,"                           1,063.79",                               0.00,                             637.00,                               1.67,ACTIVO
Sede PGR 2023 - 006,ALM-TIE,ALMACEN TIENDA,MASS3042,PERFIL INTERNO CHINO GRIS OSCURO HL-Z-UNI-3-B 2CM*2CM*2.9M COLOR 62101,U001,Ubicación Principal,PRO-24,REVESTIMIENTO,Unid,                             638.00,"                           1,065.46",                               0.00,                               0.00,                               0.00,                               0.00,                             638.00,"                           1,065.46",                               0.00,                             638.00,                               1.67,ACTIVO
Sede PGR 2023 - 006,ALM-TIE,ALMACEN TIENDA,MASS3043,PERFIL INTERNO CHINO BLANCO Y NARANJA HL-Z-UNI-4-B 2CM*2CM*2.9M COLOR DFX882-14,U001,Ubicación Principal,PRO-24,REVESTIMIENTO,Unid,                             640.00,"                           1,068.80",                               0.00,                               0.00,                               0.00,                               0.00,                             640.00,"                           1,068.80",                               0.00,                             640.00,                               1.67,ACTIVO
Sede PGR 2023 - 006,ALM-TIE,ALMACEN TIENDA,MASS3044,PERFIL INTERNO CHINO GRIS Y BLANCO HL-Z-UNI-5-B 2CM*2CM*2.9M COLOR 96063-2,U001,Ubicación Principal,PRO-24,REVESTIMIENTO,Unid,                             633.00,"                           1,057.11",                               0.00,                               0.00,                               0.00,                               0.00,                             633.00,"                           1,057.11",                               0.00,                             633.00,                               1.67,ACTIVO
Sede PGR 2023 - 006,ALM-TIE,ALMACEN TIENDA,MASS3045,PERFIL INTERNO CHINO NEGRO Y BLANCO HL-Z-UNI-6-B 2CM*2CM*2.9M COLOR 1192,U001,Ubicación Principal,PRO-24,REVESTIMIENTO,Unid,                             628.00,"                           1,048.76",                               0.00,                               0.00,                               3.00,                               5.01,                             625.00,"                           1,043.75",                               0.00,                             625.00,                               1.67,ACTIVO
Sede PGR 2023 - 006,ALM-TIE,ALMACEN TIENDA,MASS3046,PERFIL INTERNO CHINO MARRON OSCURO HL-Z-UNI-7-B 2CM*2CM*2.9M COLOR 60160,U001,Ubicación Principal,PRO-24,REVESTIMIENTO,Unid,                             632.00,"                           1,055.44",                               0.00,                               0.00,                               1.00,                               1.67,                             631.00,"                           1,053.77",                               0.00,                             631.00,                               1.67,ACTIVO
Sede PGR 2023 - 006,ALM-TIE,ALMACEN TIENDA,MASS3047,PERFIL INTERNO CHINO MARRON HL-Z-UNI-8-B 2CM*2CM*2.9M COLOR 1011,U001,Ubicación Principal,PRO-24,REVESTIMIENTO,Unid,                             640.00,"                           1,068.80",                               0.00,                               0.00,                               0.00,                               0.00,                             640.00,"                           1,068.80",                               0.00,                             640.00,                               1.67,ACTIVO
Sede PGR 2023 - 006,ALM-TIE,ALMACEN TIENDA,MASS3048,PERFIL INTERNO CHINO MARRON CLARO HL-Z-UNI-9-B 2CM*2CM*2.9M COLOR 2030,U001,Ubicación Principal,PRO-24,REVESTIMIENTO,Unid,                             634.00,"                           1,058.78",                               0.00,                               0.00,                               0.00,                               0.00,                             634.00,"                           1,058.78",                               0.00,                             634.00,                               1.67,ACTIVO
Sede PGR 2023 - 006,ALM-TIE,ALMACEN TIENDA,MASS3049,PERFIL INTERNO CHINO COBRIZO HL-Z-UNI-10-B 2CM*2CM*2.9M COLOR 1015,U001,Ubicación Principal,PRO-24,REVESTIMIENTO,Unid,                             639.00,"                           1,067.13",                               0.00,                               0.00,                               0.00,                               0.00,                             639.00,"                           1,067.13",                               0.00,                             639.00,                               1.67,ACTIVO
Sede PGR 2023 - 006,ALM-TIE,ALMACEN TIENDA,MASS3050,PERFIL EXTERNO CHINO NEGRO HL-Z-UNI-1-C 2CM*2CM*2.9M COLOR 1005,U001,Ubicación Principal,PRO-24,REVESTIMIENTO,Unid,                             526.00,                             578.60,                               0.00,                               0.00,                               1.00,                               1.10,                             525.00,                             577.50,                               0.00,                             525.00,                               1.10,ACTIVO
Sede PGR 2023 - 006,ALM-TIE,ALMACEN TIENDA,MASS3051,PERFIL EXTERNO CHINO BLANCO HL-Z-UNI-2-C 2CM*2CM*2.9M COLOR 1006,U001,Ubicación Principal,PRO-24,REVESTIMIENTO,Unid,                             544.00,                             598.40,                               0.00,                               0.00,                               3.00,                               3.30,                             541.00,                             595.10,                               0.00,                             541.00,                               1.10,ACTIVO
Sede PGR 2023 - 006,ALM-TIE,ALMACEN TIENDA,MASS3052,PERFIL EXTERNO CHINO GRIS OSCURO HL-Z-UNI-3-C 2CM*2CM*2.9M COLOR 62101,U001,Ubicación Principal,PRO-24,REVESTIMIENTO,Unid,                             533.00,                             586.30,                               0.00,                               0.00,                               3.00,                               3.30,                             530.00,                             583.00,                               0.00,                             530.00,                               1.10,ACTIVO
Sede PGR 2023 - 006,ALM-TIE,ALMACEN TIENDA,MASS3053,PERFIL EXTERNO CHINO BLANCO Y NARANJA HL-Z-UNI-4-C 2CM*2CM*2.9M COLOR DFX882-14,U001,Ubicación Principal,PRO-24,REVESTIMIENTO,Unid,                             559.00,                             614.90,                               0.00,                               0.00,                               0.00,                               0.00,                             559.00,                             614.90,                               0.00,                             559.00,                               1.10,ACTIVO
Sede PGR 2023 - 006,ALM-TIE,ALMACEN TIENDA,MASS3054,PERFIL EXTERNO CHINO GRIS Y BLANCO HL-Z-UNI-5-C 2CM*2CM*2.9M COLOR 96063-2,U001,Ubicación Principal,PRO-24,REVESTIMIENTO,Unid,                             530.00,                             583.00,                               0.00,                               0.00,                              15.00,                              16.50,                             515.00,                             566.50,                               0.00,                             515.00,                               1.10,ACTIVO
Sede PGR 2023 - 006,ALM-TIE,ALMACEN TIENDA,MASS3055,PERFIL EXTERNO CHINO NEGRO Y BLANCO HL-Z-UNI-6-C 2CM*2CM*2.9M COLOR 1192,U001,Ubicación Principal,PRO-24,REVESTIMIENTO,Unid,                             547.00,                             601.70,                               3.00,                               3.30,                               5.00,                               5.50,                             545.00,                             599.50,                               0.00,                             545.00,                               1.10,ACTIVO
Sede PGR 2023 - 006,ALM-TIE,ALMACEN TIENDA,MASS3056,PERFIL EXTERNO CHINO MARRON OSCURO HL-Z-UNI-7-C 2CM*2CM*2.9M COLOR 60160,U001,Ubicación Principal,PRO-24,REVESTIMIENTO,Unid,                             551.00,                             606.10,                               0.00,                               0.00,                               3.00,                               3.30,                             548.00,                             602.80,                               0.00,                             548.00,                               1.10,ACTIVO
Sede PGR 2023 - 006,ALM-TIE,ALMACEN TIENDA,MASS3057,PERFIL EXTERNO CHINO MARRON HL-Z-UNI-8-C 2CM*2CM*2.9M COLOR 1011,U001,Ubicación Principal,PRO-24,REVESTIMIENTO,Unid,                             556.00,                             611.60,                               0.00,                               0.00,                               0.00,                               0.00,                             556.00,                             611.60,                               0.00,                             556.00,                               1.10,ACTIVO
Sede PGR 2023 - 006,ALM-TIE,ALMACEN TIENDA,MASS3058,PERFIL EXTERNO CHINO MARRON CLARO HL-Z-UNI-9-C 2CM*2CM*2.9M COLOR 2030,U001,Ubicación Principal,PRO-24,REVESTIMIENTO,Unid,                             523.00,                             575.30,                               0.00,                               0.00,                               0.00,                               0.00,                             523.00,                             575.30,                               0.00,                             523.00,                               1.10,ACTIVO
Sede PGR 2023 - 006,ALM-TIE,ALMACEN TIENDA,MASS3059,PERFIL EXTERNO CHINO COBRIZO HL-Z-UNI-10-C 2CM*2CM*2.9M COLOR 1015,U001,Ubicación Principal,PRO-24,REVESTIMIENTO,Unid,                             556.00,                             611.60,                               0.00,                               0.00,                              12.00,                              13.20,                             544.00,                             598.40,                               0.00,                             544.00,                               1.10,ACTIVO
Sede PGR 2023 - 006,ALM-TIE,ALMACEN TIENDA,MASS3060,CLIPS PARA WALL PANEL CHINO,U001,Ubicación Principal,PRO-24,REVESTIMIENTO,Unid,"                          24,561.00",                             736.83,                               0.00,                               0.00,                               0.00,                               0.00,"                          24,561.00",                             736.83,                               0.00,"                          24,561.00",                               0.03,ACTIVO
Sede PGR 2023 - 006,ALM-TIE,ALMACEN TIENDA,MASS3061,SILICON PARA WALL PANEL CHINO,U001,Ubicación Principal,PRO-24,REVESTIMIENTO,Unid,"                           1,410.00","                           3,948.00",                              48.00,                             134.40,                              36.00,                             100.80,"                           1,422.00","                           3,981.60",                               0.00,"                           1,422.00",                               2.80,ACTIVO
Sede PGR 2023 - 006,ALM-TIE,ALMACEN TIENDA,MASS3062,ALBUM MUNDIAL 2026 TAPA BLANDA PANINI,U001,Ubicación Principal,PRO-12,JUEGOS Y JUGUETES,Unid,                               2.00,                              11.62,                               0.00,                               0.00,                               0.00,                               0.00,                               2.00,                              11.62,                               0.00,                               2.00,                               5.81,ACTIVO
Sede PGR 2023 - 006,ALM-TIE,ALMACEN TIENDA,MASS2596,RODILLERA AJUSTABLE XXXL,U001,Ubicación Principal,PRO-18,SALUD,Unid,                              59.00,                              57.23,                               0.00,                               0.00,                              10.00,                               9.70,                              49.00,                              47.53,                               0.00,                              49.00,                               0.97,ACTIVO
Sede PGR 2023 - 006,ALM-TIE,ALMACEN TIENDA,MASS2597,ARNE STRAP ON CON CINTURON Y VIBRADOR ROSADO,U001,Ubicación Principal,PRO-08,ADULTOS,Unid,                             310.00,                             837.68,                               0.00,                               0.00,                              17.00,                              45.90,                             293.00,                             791.78,                               0.00,                             293.00,                               2.70,ACTIVO
Sede PGR 2023 - 006,ALM-TIE,ALMACEN TIENDA,MASS2598,FLAT WALL PANEL LISO HYC032 MARRON OSCURO 400*9*2900MM,U001,Ubicación Principal,PRO-24,REVESTIMIENTO,Unid,                             161.00,"                           1,039.98",                               0.00,                               0.00,                               0.00,                               0.00,                             161.00,"                           1,039.98",                               0.00,                             161.00,                               6.46,ACTIVO
Sede PGR 2023 - 006,ALM-TIE,ALMACEN TIENDA,MASS2599,FLAT WALL PANEL LISO HYC080 GRIS OSCURO 400*9*2900MM,U001,Ubicación Principal,PRO-24,REVESTIMIENTO,Unid,                             250.00,"                           1,748.58",                               0.00,                               0.00,                              13.00,                              90.87,                             237.00,"                           1,657.71",                               0.00,                             237.00,                               6.99,ACTIVO
Sede PGR 2023 - 006,ALM-TIE,ALMACEN TIENDA,MASS2600,FLAT WALL PANEL LISO 070 GRIS CLARO 400*9*2900MM,U001,Ubicación Principal,PRO-24,REVESTIMIENTO,Unid,                              14.00,                              98.00,                               0.00,                               0.00,                              13.00,                              91.00,                               1.00,                               7.00,                               0.00,                               1.00,                               7.00,ACTIVO
Sede PGR 2023 - 006,ALM-TIE,ALMACEN TIENDA,MASS2601,FLAT WALL PANEL LISO HYC015 MARRON 400*9*2900MM,U001,Ubicación Principal,PRO-24,REVESTIMIENTO,Unid,                             332.00,"                           2,312.28",                               0.00,                               0.00,                             191.00,"                           1,329.36",                             141.00,                             982.92,                               0.00,                             141.00,                               6.96,ACTIVO
Sede PGR 2023 - 006,ALM-TIE,ALMACEN TIENDA,MASS2602,FLAT WALL PANEL LISO HYC053 MARRON CLARO 400*9*2900MM,U001,Ubicación Principal,PRO-24,REVESTIMIENTO,Unid,                             157.00,"                           1,003.47",                              23.00,                             218.65,                              10.00,                              63.90,                             170.00,"                           1,158.22",                               0.00,                             170.00,                               6.81,ACTIVO
Sede PGR 2023 - 006,ALM-TIE,ALMACEN TIENDA,MASS2603,ESTANTE METAL GALVANIZADO CON MDF 5 NIVELES AGORA 180*90*40CM,U001,Ubicación Principal,PRO-11,HOGAR,Unid,"                           1,491.00","                          23,611.33",                               2.00,                              34.84,                             183.00,"                           2,898.72","                           1,310.00","                          20,747.45",                               0.00,"                           1,310.00",                              15.84,ACTIVO
Sede PGR 2023 - 006,ALM-TIE,ALMACEN TIENDA,MASS2609,MODULO DECODIFICADOR BLUETOOTH MP3 USB FM RECTANGULAR,U001,Ubicación Principal,PRO-17,AUDIO Y VIDEO,Unid,                             198.00,                             285.12,                               0.00,                               0.00,                              19.00,                              27.36,                             179.00,                             257.76,                               0.00,                             179.00,                               1.44,ACTIVO
Sede PGR 2023 - 006,ALM-TIE,ALMACEN TIENDA,MASS2610,MODULO DECODIFICADOR CUADRADO CON CONTROL BLUETOOTH MP3 USB FM,U001,Ubicación Principal,PRO-17,AUDIO Y VIDEO,Unid,                             206.00,                             440.84,                               0.00,                               0.00,                               5.00,                              10.70,                             201.00,                             430.14,                               0.00,                             201.00,                               2.14,ACTIVO
Sede PGR 2023 - 006,ALM-TIE,ALMACEN TIENDA,MASS2611,MINI VENTILADOR TURBO DE ALTA POTENCIA RECARGABLE,U001,Ubicación Principal,PRO-11,HOGAR,Unid,                             120.00,                             559.20,                               0.00,                               0.00,                              35.00,                             163.10,                              85.00,                             396.10,                               0.00,                              85.00,                               4.66,ACTIVO
Sede PGR 2023 - 006,ALM-TIE,ALMACEN TIENDA,MASS2612,TELESCOPIO MONOCULAR 25X2000 3.6 PULGADAS ALTA DEFINICION,U001,Ubicación Principal,PRO-02,ACCESORIOS VARIOS,Unid,                             160.00,                             201.60,                               0.00,                               0.00,                              15.00,                              18.90,                             145.00,                             182.70,                               0.00,                             145.00,                               1.26,ACTIVO
Sede PGR 2023 - 006,ALM-TIE,ALMACEN TIENDA,MASS2613,KIT FACIAL 10 EN 1 RODILLO DE JADE Y CEPILLO DE LIMPIEZA,U001,Ubicación Principal,PRO-05,ESTETICA Y BELLEZA,Unid,                             160.00,"                           1,323.20",                               0.00,                               0.00,                               0.00,                               0.00,                             160.00,"                           1,323.20",                               0.00,                             160.00,                               8.27,ACTIVO
Sede PGR 2023 - 006,ALM-TIE,ALMACEN TIENDA,MASS2614,CORTADOR MANUAL DE PAPAS ACERO INOXIDABLE,U001,Ubicación Principal,PRO-25,COCINA,Unid,                             171.00,                             730.17,                               5.00,                              21.35,                              53.00,                             226.31,                             123.00,                             525.21,                               0.00,                             123.00,                               4.27,ACTIVO
Sede PGR 2023 - 006,ALM-TIE,ALMACEN TIENDA,MASS2615,COTUFERA ELECTRICA R.99014-110 RAF,U001,Ubicación Principal,PRO-26,RAF,Unid,                             156.00,"                           1,302.60",                               0.00,                               0.00,                              16.00,                             133.60,                             140.00,"                           1,169.00",                               0.00,                             140.00,                               8.35,ACTIVO
Sede PGR 2023 - 006,ALM-TIE,ALMACEN TIENDA,MASS2616,AIR FRYER 6L R.5010-110 RAF,U001,Ubicación Principal,PRO-26,RAF,Unid,                              34.00,"                           1,725.50",                               0.00,                               0.00,                               1.00,                              50.75,                              33.00,"                           1,674.75",                               0.00,                              33.00,                              50.75,ACTIVO
Sede PGR 2023 - 006,ALM-TIE,ALMACEN TIENDA,MASS2617,AIR FRYER NEGRO 5L R.5234B-110 RAF,U001,Ubicación Principal,PRO-26,RAF,Unid,                              26.00,"                           1,004.12",                               0.00,                               0.00,                               0.00,                               0.00,                              26.00,"                           1,004.12",                               0.00,                              26.00,                              38.62,ACTIVO
Sede PGR 2023 - 006,ALM-TIE,ALMACEN TIENDA,MASS2618,AIR FRYER BLANCO 5L R.5234W-110 RAF,U001,Ubicación Principal,PRO-26,RAF,Unid,                              26.00,"                           1,004.12",                               0.00,                               0.00,                               0.00,                               0.00,                              26.00,"                           1,004.12",                               0.00,                              26.00,                              38.62,ACTIVO
Sede PGR 2023 - 006,ALM-TIE,ALMACEN TIENDA,MASS2619,AIR FRYER BLANCO 3L R.95237W-110 RAF,U001,Ubicación Principal,PRO-26,RAF,Unid,                              47.00,"                           1,512.46",                               0.00,                               0.00,                               0.00,                               0.00,                              47.00,"                           1,512.46",                               0.00,                              47.00,                              32.18,ACTIVO
Sede PGR 2023 - 006,ALM-TIE,ALMACEN TIENDA,MASS2620,AIR FRYER NEGRO 3L R.95237B-110 RAF,U001,Ubicación Principal,PRO-26,RAF,Unid,                              45.00,"                           1,448.10",                               0.00,                               0.00,                               0.00,                               0.00,                              45.00,"                           1,448.10",                               0.00,                              45.00,                              32.18,ACTIVO
Sede PGR 2023 - 006,ALM-TIE,ALMACEN TIENDA,MASS2621,OLLA DE PRESION 6L R.9177-110 RAF,U001,Ubicación Principal,PRO-26,RAF,Unid,                              23.00,                             938.63,                               3.00,                             122.43,                               4.00,                             163.24,                              22.00,                             897.82,                               0.00,                              22.00,                              40.81,ACTIVO
Sede PGR 2023 - 006,ALM-TIE,ALMACEN TIENDA,MASS2622,MAQ. YOGURT MAKER CUADRADA R.914400-110 RAF,U001,Ubicación Principal,PRO-26,RAF,Unid,                              85.00,"                           1,326.85",                               0.00,                               0.00,                              16.00,                             249.76,                              69.00,"                           1,077.09",                               0.00,                              69.00,                              15.61,ACTIVO
Sede PGR 2023 - 006,ALM-TIE,ALMACEN TIENDA,MASS2623,BALANZA COLGANTE MULTIFUNCIONAL 50KG R.10020 RAF,U001,Ubicación Principal,PRO-26,RAF,Unid,                             241.00,                             361.50,                               0.00,                               0.00,                              16.00,                              24.00,                             225.00,                             337.50,                               0.00,                             225.00,                               1.50,ACTIVO
Sede PGR 2023 - 006,ALM-TIE,ALMACEN TIENDA,MASS2632,TERMO OWALA 30 ONZ 900 ML NEGRO,U001,Ubicación Principal,PRO-04,DEPORTE Y FITNESS,Unid,                              52.00,                             374.40,                               0.00,                               0.00,                              15.00,                             108.00,                              37.00,                             266.40,                               0.00,                              37.00,                               7.20,ACTIVO
Sede PGR 2023 - 006,ALM-TIE,ALMACEN TIENDA,MASS2633,TERMO OWALA 30 ONZ 900 ML NARANJA,U001,Ubicación Principal,PRO-04,DEPORTE Y FITNESS,Unid,                              27.00,                             194.40,                               0.00,                               0.00,                               6.00,                              43.20,                              21.00,                             151.20,                               0.00,                              21.00,                               7.20,ACTIVO
Sede PGR 2023 - 006,ALM-TIE,ALMACEN TIENDA,MASS2635,TERMO OWALA 30 ONZ 900 ML VERDE,U001,Ubicación Principal,PRO-04,DEPORTE Y FITNESS,Unid,                              19.00,                             136.80,                               0.00,                               0.00,                              10.00,                              72.00,                               9.00,                              64.80,                               0.00,                               9.00,                               7.20,ACTIVO
Sede PGR 2023 - 006,ALM-TIE,ALMACEN TIENDA,MASS2638,TERMO OWALA 30 ONZ 900 ML AZUL CLARO,U001,Ubicación Principal,PRO-04,DEPORTE Y FITNESS,Unid,                              23.00,                             165.60,                               0.00,                               0.00,                              15.00,                             108.00,                               8.00,                              57.60,                               0.00,                               8.00,                               7.20,ACTIVO
Sede PGR 2023 - 006,ALM-TIE,ALMACEN TIENDA,MASS2640,TERMO OWALA 20 OZ PARA CAFE VIOLETA,U001,Ubicación Principal,PRO-04,DEPORTE Y FITNESS,Unid,                              32.00,                             230.40,                               0.00,                               0.00,                               9.00,                              64.80,                              23.00,                             165.60,                               0.00,                              23.00,                               7.20,ACTIVO
Sede PGR 2023 - 006,ALM-TIE,ALMACEN TIENDA,MASS2639,TERMO OWALA 30 ONZ 900 ML MORADO,U001,Ubicación Principal,PRO-04,DEPORTE Y FITNESS,Unid,                              12.00,                              86.40,                               4.00,                              30.24,                              14.00,                             100.80,                               2.00,                              15.84,                               0.00,                               2.00,                               7.92,ACTIVO
Sede PGR 2023 - 006,ALM-TIE,ALMACEN TIENDA,MASS2641,TERMO OWALA 20 OZ PARA CAFE GRIS OSCURO CON VERDE,U001,Ubicación Principal,PRO-04,DEPORTE Y FITNESS,Unid,                              32.00,                             209.92,                               1.00,                               6.56,                              13.00,                              85.28,                              20.00,                             131.20,                               0.00,                              20.00,                               6.56,ACTIVO
Sede PGR 2023 - 006,ALM-TIE,ALMACEN TIENDA,MASS2645,TERMO OWALA 24 OZ AZUL MARINO,U001,Ubicación Principal,PRO-04,DEPORTE Y FITNESS,Unid,                              94.00,                             616.64,                               0.00,                               0.00,                              12.00,                              78.72,                              82.00,                             537.92,                               0.00,                              82.00,                               6.56,ACTIVO
Sede PGR 2023 - 006,ALM-TIE,ALMACEN TIENDA,MASS2646,TERMO OWALA 20 OZ PARA CAFE BLANCO ROSADO,U001,Ubicación Principal,PRO-04,DEPORTE Y FITNESS,Unid,                              25.00,                             164.00,                               0.00,                               0.00,                               9.00,                              59.04,                              16.00,                             104.96,                               0.00,                              16.00,                               6.56,ACTIVO
Sede PGR 2023 - 006,ALM-TIE,ALMACEN TIENDA,MASS2647,TERMO OWALA 20 OZ PARA CAFE AMARILLO,U001,Ubicación Principal,PRO-04,DEPORTE Y FITNESS,Unid,                              32.00,                             209.92,                               0.00,                               0.00,                               7.00,                              45.92,                              25.00,                             164.00,                               0.00,                              25.00,                               6.56,ACTIVO
Sede PGR 2023 - 006,ALM-TIE,ALMACEN TIENDA,MASS2642,TERMO OWALA 20 OZ PARA CAFE BLANQUECINO,U001,Ubicación Principal,PRO-04,DEPORTE Y FITNESS,Unid,                              34.00,                             223.04,                               0.00,                               0.00,                              14.00,                              91.84,                              20.00,                             131.20,                               0.00,                              20.00,                               6.56,ACTIVO
Sede PGR 2023 - 006,ALM-TIE,ALMACEN TIENDA,MASS2649,TERMO OWALA 20 OZ PARA CAFE ROSA,U001,Ubicación Principal,PRO-04,DEPORTE Y FITNESS,Unid,                              26.00,                             170.56,                               0.00,                               0.00,                               8.00,                              52.48,                              18.00,                             118.08,                               0.00,                              18.00,                               6.56,ACTIVO
Sede PGR 2023 - 006,ALM-TIE,ALMACEN TIENDA,MASS2648,TERMO OWALA 24 OZ FLOR NEGRO,U001,Ubicación Principal,PRO-04,DEPORTE Y FITNESS,Unid,                              98.00,                             642.88,                               0.00,                               0.00,                              21.00,                             137.76,                              77.00,                             505.12,                               0.00,                              77.00,                               6.56,ACTIVO
Sede PGR 2023 - 006,ALM-TIE,ALMACEN TIENDA,MASS2650,TERMO OWALA 20 OZ PARA CAFE ESTRELLAS,U001,Ubicación Principal,PRO-04,DEPORTE Y FITNESS,Unid,                              29.00,                             190.24,                               0.00,                               0.00,                              15.00,                              98.40,                              14.00,                              91.84,                               0.00,                              14.00,                               6.56,ACTIVO
Sede PGR 2023 - 006,ALM-TIE,ALMACEN TIENDA,MASS2643,TERMO OWALA 20 OZ PARA CAFE AZUL,U001,Ubicación Principal,PRO-04,DEPORTE Y FITNESS,Unid,                              30.00,                             196.80,                               0.00,                               0.00,                               9.00,                              59.04,                              21.00,                             137.76,                               0.00,                              21.00,                               6.56,ACTIVO
Sede PGR 2023 - 006,ALM-TIE,ALMACEN TIENDA,MASS2625,TERMO OWALA 32 OZ AZUL CLARO,U001,Ubicación Principal,PRO-04,DEPORTE Y FITNESS,Unid,                              26.00,                             175.24,                               0.00,                               0.00,                              18.00,                             121.32,                               8.00,                              53.92,                               0.00,                               8.00,                               6.74,ACTIVO
Sede PGR 2023 - 006,ALM-TIE,ALMACEN TIENDA,MASS2626,TERMO OWALA 32 OZ BLANQUECINO,U001,Ubicación Principal,PRO-04,DEPORTE Y FITNESS,Unid,                              78.00,                             525.72,                               0.00,                               0.00,                              19.00,                             128.06,                              59.00,                             397.66,                               0.00,                              59.00,                               6.74,ACTIVO
Sede PGR 2023 - 006,ALM-TIE,ALMACEN TIENDA,MASS2627,TERMO OWALA 32 OZ BLANCO PURO,U001,Ubicación Principal,PRO-04,DEPORTE Y FITNESS,Unid,                             122.00,                             822.28,                               0.00,                               0.00,                              17.00,                             114.58,                             105.00,                             707.70,                               0.00,                             105.00,                               6.74,ACTIVO
Sede PGR 2023 - 006,ALM-TIE,ALMACEN TIENDA,MASS2628,TERMO OWALA 32 OZ NEGRO CON GRIS,U001,Ubicación Principal,PRO-04,DEPORTE Y FITNESS,Unid,                              67.00,                             451.58,                               1.00,                               6.74,                              24.00,                             161.76,                              44.00,                             296.56,                               0.00,                              44.00,                               6.74,ACTIVO
Sede PGR 2023 - 006,ALM-TIE,ALMACEN TIENDA,MASS2630,TERMO OWALA 32 OZ ESTAMPADO LEOPARDO ROSA,U001,Ubicación Principal,PRO-04,DEPORTE Y FITNESS,Unid,                              71.00,                             478.54,                               0.00,                               0.00,                              37.00,                             249.38,                              34.00,                             229.16,                               0.00,                              34.00,                               6.74,ACTIVO
Sede PGR 2023 - 006,ALM-TIE,ALMACEN TIENDA,MASS2631,TERMO OWALA 32 OZ ESTAMPADO FANTASMA BRILLANTE,U001,Ubicación Principal,PRO-04,DEPORTE Y FITNESS,Unid,                              30.00,                             202.20,                               0.00,                               0.00,                              27.00,                             181.98,                               3.00,                              20.22,                               0.00,                               3.00,                               6.74,ACTIVO
Sede PGR 2023 - 006,ALM-TIE,ALMACEN TIENDA,MASS2651,MASAJEADOR REDUCTOR DE CELULITIS TERAPIA INFRAROJO NEGRO,U001,Ubicación Principal,PRO-05,ESTETICA Y BELLEZA,Unid,                             196.00,"                           1,265.49",                              12.00,                              78.70,                             177.00,"                           1,143.98",                              31.00,                             200.21,                               0.00,                              31.00,                               6.47,ACTIVO
Sede PGR 2023 - 006,ALM-TIE,ALMACEN TIENDA,MASS2652,MASAJEADOR REDUCTOR DE CELULITIS TERAPIA INFRAROJO BLANCO,U001,Ubicación Principal,PRO-05,ESTETICA Y BELLEZA,Unid,                             606.00,"                           3,908.70",                              11.00,                              70.95,                             144.00,                             928.80,                             473.00,"                           3,050.85",                               0.00,                             473.00,                               6.45,ACTIVO
Sede PGR 2023 - 006,ALM-TIE,ALMACEN TIENDA,MASS3065,ALBUM OBSEQUIO,U001,Ubicación Principal,PRO-12,JUEGOS Y JUGUETES,Unid,                              10.00,                               0.10,                               0.00,                               0.00,                               0.00,                               0.00,                              10.00,                               0.10,                               0.00,                              10.00,                               0.01,ACTIVO
Sede PGR 2023 - 006,ALM-TIE,ALMACEN TIENDA,MASS3066,ALBUM MUNDIAL 2026 TAPA DURA PANINI,U001,Ubicación Principal,PRO-12,JUEGOS Y JUGUETES,Unid,                               5.00,                             104.12,                               0.00,                               0.00,                               0.00,                               0.00,                               5.00,                             104.12,                               0.00,                               5.00,                              20.83,ACTIVO
Sede PGR 2023 - 006,ALM-TIE,ALMACEN TIENDA,MASS2654,LAPTOP HP PROBOOK 650 G1 CORE i5 4TA GENERACION 4GB RAM DDR3 500GB HDD,U001,Ubicación Principal,PRO-15,COMPUTACION,Unid,                               1.00,                             109.00,                               0.00,                               0.00,                               0.00,                               0.00,                               1.00,                             109.00,                               0.00,                               1.00,                             109.00,ACTIVO
Sede PGR 2023 - 006,ALM-TIE,ALMACEN TIENDA,MASS2655,LAPTOP HP ELITEBOOK 850 G1 CORE i5 4TA GENERACION 8GB RAM DDR3 128GB SSD,U001,Ubicación Principal,PRO-15,COMPUTACION,Unid,                               1.00,                             109.00,                               0.00,                               0.00,                               0.00,                               0.00,                               1.00,                             109.00,                               0.00,                               1.00,                             109.00,ACTIVO
Sede PGR 2023 - 006,ALM-TIE,ALMACEN TIENDA,MASS2656,LAPTOP HP PROBOOK 650 G1 CORE i5 4TA GENERACION 8GB RAM DDR3 128GB SSD,U001,Ubicación Principal,PRO-15,COMPUTACION,Unid,                               1.00,                             109.00,                               0.00,                               0.00,                               0.00,                               0.00,                               1.00,                             109.00,                               0.00,                               1.00,                             109.00,ACTIVO
Sede PGR 2023 - 006,ALM-TIE,ALMACEN TIENDA,MASS2657,LAPTOP HP ELITEBOOK 850 G1 CORE i5 4TA GENERACION 8GB RAM DDR3 500GB HDD,U001,Ubicación Principal,PRO-15,COMPUTACION,Unid,                               1.00,                             109.00,                               0.00,                               0.00,                               0.00,                               0.00,                               1.00,                             109.00,                               0.00,                               1.00,                             109.00,ACTIVO
Sede PGR 2023 - 006,ALM-TIE,ALMACEN TIENDA,MASS2665,LAPTOP DELL LATITUDE 3340 CORE i5 4TA GENERACION 8GB RAM DDR3 500GB HDD,U001,Ubicación Principal,PRO-15,COMPUTACION,Unid,                               1.00,                             109.00,                               0.00,                               0.00,                               0.00,                               0.00,                               1.00,                             109.00,                               0.00,                               1.00,                             109.00,ACTIVO
Sede PGR 2023 - 006,ALM-TIE,ALMACEN TIENDA,MASS2666,LAPTOP DELL LATITUDE E6540 CORE i7 4TA GENERACION 8GB RAM DDR3 256GB SSD,U001,Ubicación Principal,PRO-15,COMPUTACION,Unid,                               1.00,                             119.00,                               0.00,                               0.00,                               0.00,                               0.00,                               1.00,                             119.00,                               0.00,                               1.00,                             119.00,ACTIVO
Sede PGR 2023 - 006,ALM-TIE,ALMACEN TIENDA,MASS2668,LAPTOP HP ELITEBOOK 840 G1 CORE i5 4TA GENERACION 4GB RAM DDR4 500GB HDD,U001,Ubicación Principal,PRO-15,COMPUTACION,Unid,                               1.00,                             109.00,                               0.00,                               0.00,                               0.00,                               0.00,                               1.00,                             109.00,                               0.00,                               1.00,                             109.00,ACTIVO
Sede PGR 2023 - 006,ALM-TIE,ALMACEN TIENDA,MASS2669,LAPTOP HP PROBOOK 650 G1 CORE i5 4TA GENERACION 4GB RAM DDR3 250GB HDD,U001,Ubicación Principal,PRO-15,COMPUTACION,Unid,                               1.00,                             109.00,                               0.00,                               0.00,                               0.00,                               0.00,                               1.00,                             109.00,                               0.00,                               1.00,                             109.00,ACTIVO
Sede PGR 2023 - 006,ALM-TIE,ALMACEN TIENDA,MASS2670,LAPTOP HP ELITEBOOK 850 G1 CORE i5 4TA GENERACION 4GB RAM DDR3 500GB HDD,U001,Ubicación Principal,PRO-15,COMPUTACION,Unid,                               1.00,                             109.00,                               0.00,                               0.00,                               0.00,                               0.00,                               1.00,                             109.00,                               0.00,                               1.00,                             109.00,ACTIVO
Sede PGR 2023 - 006,ALM-TIE,ALMACEN TIENDA,MASS2675,LAPTOP DELL LATITUDE 14 RUGGED CORE i7 4TA GENERACION 8GB DDR3 128GB SSD,U001,Ubicación Principal,PRO-15,COMPUTACION,Unid,                               1.00,                             119.00,                               0.00,                               0.00,                               0.00,                               0.00,                               1.00,                             119.00,                               0.00,                               1.00,                             119.00,ACTIVO
Sede PGR 2023 - 006,ALM-TIE,ALMACEN TIENDA,MASS2677,LAPTOP DELL LATITUDE 3510 CORE i5 10MA GENERACION 16GB RAM DDR4 256GB SSD,U001,Ubicación Principal,PRO-15,COMPUTACION,Unid,                               1.00,                             219.00,                               0.00,                               0.00,                               0.00,                               0.00,                               1.00,                             219.00,                               0.00,                               1.00,                             219.00,ACTIVO
Sede PGR 2023 - 006,ALM-TIE,ALMACEN TIENDA,MASS2679,TERMO CAROTE ROSADO 26OZ A13029,U001,Ubicación Principal,PRO-04,DEPORTE Y FITNESS,Unid,                              19.00,                             258.78,                               0.00,                               0.00,                               0.00,                               0.00,                              19.00,                             258.78,                               0.00,                              19.00,                              13.62,ACTIVO
Sede PGR 2023 - 006,ALM-TIE,ALMACEN TIENDA,MASS2680,TERMO CAROTE AZUL 26OZ A13028,U001,Ubicación Principal,PRO-04,DEPORTE Y FITNESS,Unid,                              20.00,                             272.40,                               0.00,                               0.00,                               0.00,                               0.00,                              20.00,                             272.40,                               0.00,                              20.00,                              13.62,ACTIVO
Sede PGR 2023 - 006,ALM-TIE,ALMACEN TIENDA,MASS2681,SET 3 TERMOS CAROTE A13275 AZUL,U001,Ubicación Principal,PRO-04,DEPORTE Y FITNESS,Unid,                               7.00,                             284.20,                               2.00,                              81.20,                               2.00,                              81.20,                               7.00,                             284.20,                               0.00,                               7.00,                              40.60,ACTIVO
Sede PGR 2023 - 006,ALM-TIE,ALMACEN TIENDA,MASS2682,SET 3 TERMOS CAROTE A13066 MORADO,U001,Ubicación Principal,PRO-04,DEPORTE Y FITNESS,Unid,                               7.00,                             284.20,                               2.00,                              81.20,                               2.00,                              81.20,                               7.00,                             284.20,                               0.00,                               7.00,                              40.60,ACTIVO
Sede PGR 2023 - 006,ALM-TIE,ALMACEN TIENDA,MASS2683,JUEGO DE OLLAS CAROTE ACERO INOXIDABLE 6 PIEZAS A14037,U001,Ubicación Principal,PRO-25,COCINA,Unid,                              12.00,                             445.32,                               0.00,                               0.00,                               1.00,                              37.11,                              11.00,                             408.21,                               0.00,                              11.00,                              37.11,ACTIVO
Sede PGR 2023 - 006,ALM-TIE,ALMACEN TIENDA,MASS2684,JUEGO DE SARTENES CAROTE ROSA 4 PIEZAS A14310,U001,Ubicación Principal,PRO-25,COCINA,Unid,                               6.00,                             224.34,                               2.00,                              74.78,                               3.00,                             112.17,                               5.00,                             186.95,                               0.00,                               5.00,                              37.39,ACTIVO
Sede PGR 2023 - 006,ALM-TIE,ALMACEN TIENDA,MASS2685,JUEGO DE SARTENES CAROTE AZUL 4 PIEZAS A14309,U001,Ubicación Principal,PRO-25,COCINA,Unid,                               7.00,                             261.73,                               2.00,                              74.78,                               5.00,                             186.95,                               4.00,                             149.56,                               0.00,                               4.00,                              37.39,ACTIVO
Sede PGR 2023 - 006,ALM-TIE,ALMACEN TIENDA,MASS2687,LAMINA PISO DE VINIL HHYM3020,U001,Ubicación Principal,PRO-24,REVESTIMIENTO,Unid,                             185.00,                              83.25,                               0.00,                               0.00,                              11.00,                               4.95,                             174.00,                              78.30,                               0.00,                             174.00,                               0.45,ACTIVO
Sede PGR 2023 - 006,ALM-TIE,ALMACEN TIENDA,MASS2688,LAMINA PISO DE VINIL HHYM3018,U001,Ubicación Principal,PRO-24,REVESTIMIENTO,Unid,                              85.00,                              39.95,                               0.00,                               0.00,                               0.00,                               0.00,                              85.00,                              39.95,                               0.00,                              85.00,                               0.47,ACTIVO
Sede PGR 2023 - 006,ALM-TIE,ALMACEN TIENDA,MASS2689,LAMINA PISO DE VINIL HHYM3013,U001,Ubicación Principal,PRO-24,REVESTIMIENTO,Unid,                             168.00,                             126.00,                              12.00,                               9.00,                             160.00,                             120.00,                              20.00,                              15.00,                               0.00,                              20.00,                               0.75,ACTIVO
Sede PGR 2023 - 006,ALM-TIE,ALMACEN TIENDA,MASS2690,LAMINA PISO DE VINIL HHYM3043,U001,Ubicación Principal,PRO-24,REVESTIMIENTO,Unid,                             128.00,                              66.56,                               0.00,                               0.00,                               0.00,                               0.00,                             128.00,                              66.56,                               0.00,                             128.00,                               0.52,ACTIVO
Sede PGR 2023 - 006,ALM-TIE,ALMACEN TIENDA,MASS2692,TERMO CAROTE ROSADO SIN PITILLO 24OZ A13066,U001,Ubicación Principal,PRO-04,DEPORTE Y FITNESS,Unid,                               2.00,                              27.06,                               0.00,                               0.00,                               0.00,                               0.00,                               2.00,                              27.06,                               0.00,                               2.00,                              13.53,ACTIVO
Sede PGR 2023 - 006,ALM-TIE,ALMACEN TIENDA,MASS2693,TERMO CAROTE ROSADO CON PITILLO 24OZ A13066,U001,Ubicación Principal,PRO-04,DEPORTE Y FITNESS,Unid,                               3.00,                              40.59,                               0.00,                               0.00,                               0.00,                               0.00,                               3.00,                              40.59,                               0.00,                               3.00,                              13.53,ACTIVO
Sede PGR 2023 - 006,ALM-TIE,ALMACEN TIENDA,MASS2694,TERMO CAROTE ROSADO CON PITILLO 34OZ A13066,U001,Ubicación Principal,PRO-04,DEPORTE Y FITNESS,Unid,                               3.00,                              40.59,                               0.00,                               0.00,                               0.00,                               0.00,                               3.00,                              40.59,                               0.00,                               3.00,                              13.53,ACTIVO
Sede PGR 2023 - 006,ALM-TIE,ALMACEN TIENDA,MASS2695,TERMO CAROTE AZUL SIN PITILLO 24OZ  A13275 AZUL,U001,Ubicación Principal,PRO-04,DEPORTE Y FITNESS,Unid,                               3.00,                              40.59,                               0.00,                               0.00,                               0.00,                               0.00,                               3.00,                              40.59,                               0.00,                               3.00,                              13.53,ACTIVO
Sede PGR 2023 - 006,ALM-TIE,ALMACEN TIENDA,MASS2696,TERMO CAROTE AZUL CON PITILLO 24OZ  A13275 AZUL,U001,Ubicación Principal,PRO-04,DEPORTE Y FITNESS,Unid,                               3.00,                              40.59,                               0.00,                               0.00,                               0.00,                               0.00,                               3.00,                              40.59,                               0.00,                               3.00,                              13.53,ACTIVO
Sede PGR 2023 - 006,ALM-TIE,ALMACEN TIENDA,MASS2697,TERMO CAROTE AZUL CON PITILLO 34OZ  A13275 AZUL,U001,Ubicación Principal,PRO-04,DEPORTE Y FITNESS,Unid,                               3.00,                              40.59,                               0.00,                               0.00,                               0.00,                               0.00,                               3.00,                              40.59,                               0.00,                               3.00,                              13.53,ACTIVO
Sede PGR 2023 - 006,ALM-TIE,ALMACEN TIENDA,MASS2698,LAPTOP ASUS VIVOBOOK E510 INTEL CELERON N4500 4GB RAM 128GB SSD,U001,Ubicación Principal,PRO-15,COMPUTACION,Unid,                              10.00,"                           2,150.00",                               0.00,                               0.00,                               0.00,                               0.00,                              10.00,"                           2,150.00",                               0.00,                              10.00,                             215.00,ACTIVO
Sede PGR 2023 - 006,ALM-TIE,ALMACEN TIENDA,MASS2700,FLAT WALL PANEL LISO HYC089 MARFIL 400*9*2900MM,U001,Ubicación Principal,PRO-24,REVESTIMIENTO,Unid,                             180.00,                             990.00,                               0.00,                               0.00,                               0.00,                               0.00,                             180.00,                             990.00,                               0.00,                             180.00,                               5.50,ACTIVO
Sede PGR 2023 - 006,ALM-TIE,ALMACEN TIENDA,MASS2701,ESTANTE PORTATIL 5 NIVELES 2 COLUMNAS DE TELA NEGRO 1.25M,U001,Ubicación Principal,PRO-11,HOGAR,Unid,                             106.00,"                           1,175.54",                               0.00,                               0.00,                              15.00,                             166.35,                              91.00,"                           1,009.19",                               0.00,                              91.00,                              11.09,ACTIVO
Sede PGR 2023 - 006,ALM-TIE,ALMACEN TIENDA,MASS2702,ESTANTE PORTATIL 6 NIVELES 1 COLUMNA DE TELA NEGRO 1.5M,U001,Ubicación Principal,PRO-11,HOGAR,Unid,                              99.00,"                           1,177.11",                               0.00,                               0.00,                               3.00,                              35.67,                              96.00,"                           1,141.44",                               0.00,                              96.00,                              11.89,ACTIVO
Sede PGR 2023 - 006,ALM-TIE,ALMACEN TIENDA,MASS2703,COCHE PARA BEBE VIAJERO YOYO BLANCO,U001,Ubicación Principal,PRO-11,HOGAR,Unid,                               4.00,                             269.76,                               0.00,                               0.00,                               1.00,                              67.44,                               3.00,                             202.32,                               0.00,                               3.00,                              67.44,ACTIVO
Sede PGR 2023 - 006,ALM-TIE,ALMACEN TIENDA,MASS2704,COCHE PARA BEBE VIAJERO YOYO AZUL,U001,Ubicación Principal,PRO-11,HOGAR,Unid,                               5.00,                             337.20,                               0.00,                               0.00,                               2.00,                             134.88,                               3.00,                             202.32,                               0.00,                               3.00,                              67.44,ACTIVO
Sede PGR 2023 - 006,ALM-TIE,ALMACEN TIENDA,MASS2705,ROLLO DE ESPUMA 3D AUTOADHESIVA JQ-3472-2Y4 40 CM X 3M DE 3MM,U001,Ubicación Principal,PRO-24,REVESTIMIENTO,Unid,                             125.00,                             640.00,                               0.00,                               0.00,                              11.00,                              56.32,                             114.00,                             583.68,                               0.00,                             114.00,                               5.12,ACTIVO
Sede PGR 2023 - 006,ALM-TIE,ALMACEN TIENDA,MASS2706,MAQUINA DE HELADO EN ROLLO ACERO INOXIDABLE REFRIGERADOR,U001,Ubicación Principal,PRO-25,COCINA,Unid,                             300.00,                             702.00,                               0.00,                               0.00,                              27.00,                              63.18,                             273.00,                             638.82,                               0.00,                             273.00,                               2.34,ACTIVO
Sede PGR 2023 - 006,ALM-TIE,ALMACEN TIENDA,MASS2707,PASTILLERO ORGANIZADOR ELECTRONICO INTELIGENTE 7 DIAS,U001,Ubicación Principal,PRO-18,SALUD,Unid,                             220.00,                             792.00,                               0.00,                               0.00,                              27.00,                              97.20,                             193.00,                             694.80,                               0.00,                             193.00,                               3.60,ACTIVO
Sede PGR 2023 - 006,ALM-TIE,ALMACEN TIENDA,MASS2708,CINTURON MASAJEADOR ADELGAZANTE REDUCTOR DE GRASA ABDOMEN Y CINTURA,U001,Ubicación Principal,PRO-05,ESTETICA Y BELLEZA,Unid,                             280.00,                             994.00,                               2.00,                               7.10,                              89.00,                             315.95,                             193.00,                             685.15,                               0.00,                             193.00,                               3.55,ACTIVO
Sede PGR 2023 - 006,ALM-TIE,ALMACEN TIENDA,MASS2709,CEPILLO MASAJEADOR DE CUERO CABELLUDO ELÉCTRICO RECARGABLE BLANCO,U001,Ubicación Principal,PRO-05,ESTETICA Y BELLEZA,Unid,                              83.00,                             594.28,                               0.00,                               0.00,                              16.00,                             114.56,                              67.00,                             479.72,                               0.00,                              67.00,                               7.16,ACTIVO
Sede PGR 2023 - 006,ALM-TIE,ALMACEN TIENDA,MASS2710,CEPILLO MASAJEADOR DE CUERO CABELLUDO ELÉCTRICO RECARGABLE ROJO,U001,Ubicación Principal,PRO-05,ESTETICA Y BELLEZA,Unid,                              82.00,                             587.12,                               2.00,                              14.32,                              24.00,                             171.84,                              60.00,                             429.60,                               0.00,                              60.00,                               7.16,ACTIVO
Sede PGR 2023 - 006,ALM-TIE,ALMACEN TIENDA,MASS2711,MASAJEADOR DE CUERO CABELLUDO ELÉCTRICO RECARGABLE BLANCO,U001,Ubicación Principal,PRO-05,ESTETICA Y BELLEZA,Unid,                             280.00,"                           1,170.40",                               0.00,                               0.00,                              45.00,                             188.10,                             235.00,                             982.30,                               0.00,                             235.00,                               4.18,ACTIVO
Sede PGR 2023 - 006,ALM-TIE,ALMACEN TIENDA,MASS2712,GUANTES PARA GIMNASIO ANTIDESLIZANTES NEGRO TALLA S,U001,Ubicación Principal,PRO-04,DEPORTE Y FITNESS,Unid,                              31.00,                              65.41,                               0.00,                               0.00,                              30.00,                              63.30,                               1.00,                               2.11,                               0.00,                               1.00,                               2.11,ACTIVO
Sede PGR 2023 - 006,ALM-TIE,ALMACEN TIENDA,MASS2713,GUANTES PARA GIMNASIO ANTIDESLIZANTES NEGRO TALLA M,U001,Ubicación Principal,PRO-04,DEPORTE Y FITNESS,Unid,                              72.00,                             151.92,                               0.00,                               0.00,                              37.00,                              78.07,                              35.00,                              73.85,                               0.00,                              35.00,                               2.11,ACTIVO
Sede PGR 2023 - 006,ALM-TIE,ALMACEN TIENDA,MASS2714,GUANTES PARA GIMNASIO ANTIDESLIZANTES NEGRO TALLA L,U001,Ubicación Principal,PRO-04,DEPORTE Y FITNESS,Unid,                              31.00,                              65.41,                               0.00,                               0.00,                              14.00,                              29.54,                              17.00,                              35.87,                               0.00,                              17.00,                               2.11,ACTIVO
Sede PGR 2023 - 006,ALM-TIE,ALMACEN TIENDA,MASS2715,GUANTES PARA GIMNASIO ANTIDESLIZANTES GRIS TALLA S,U001,Ubicación Principal,PRO-04,DEPORTE Y FITNESS,Unid,                              22.00,                              46.42,                               0.00,                               0.00,                              20.00,                              42.20,                               2.00,                               4.22,                               0.00,                               2.00,                               2.11,ACTIVO
Sede PGR 2023 - 006,ALM-TIE,ALMACEN TIENDA,MASS2716,GUANTES PARA GIMNASIO ANTIDESLIZANTES GRIS TALLA M,U001,Ubicación Principal,PRO-04,DEPORTE Y FITNESS,Unid,                              46.00,                              97.06,                               0.00,                               0.00,                              19.00,                              40.09,                              27.00,                              56.97,                               0.00,                              27.00,                               2.11,ACTIVO
Sede PGR 2023 - 006,ALM-TIE,ALMACEN TIENDA,MASS2717,GUANTES PARA GIMNASIO ANTIDESLIZANTES GRIS TALLA L,U001,Ubicación Principal,PRO-04,DEPORTE Y FITNESS,Unid,                              22.00,                              46.42,                               0.00,                               0.00,                               8.00,                              16.88,                              14.00,                              29.54,                               0.00,                              14.00,                               2.11,ACTIVO
Sede PGR 2023 - 006,ALM-TIE,ALMACEN TIENDA,MASS2719,GUANTES PARA GIMNASIO ANTIDESLIZANTES ROSADO TALLA M,U001,Ubicación Principal,PRO-04,DEPORTE Y FITNESS,Unid,                              44.00,                              92.84,                               0.00,                               0.00,                              33.00,                              69.63,                              11.00,                              23.21,                               0.00,                              11.00,                               2.11,ACTIVO
Sede PGR 2023 - 006,ALM-TIE,ALMACEN TIENDA,MASS2720,GUANTES PARA GIMNASIO ANTIDESLIZANTES ROSADO TALLA L,U001,Ubicación Principal,PRO-04,DEPORTE Y FITNESS,Unid,                              22.00,                              46.42,                               0.00,                               0.00,                               6.00,                              12.66,                              16.00,                              33.76,                               0.00,                              16.00,                               2.11,ACTIVO
Sede PGR 2023 - 006,ALM-TIE,ALMACEN TIENDA,MASS2721,TAZA BATIDORA DE CAFE INTELIGENTE RECARGABLE NEGRO,U001,Ubicación Principal,PRO-25,COCINA,Unid,                             167.00,                             684.70,                               0.00,                               0.00,                              30.00,                             123.00,                             137.00,                             561.70,                               0.00,                             137.00,                               4.10,ACTIVO
Sede PGR 2023 - 006,ALM-TIE,ALMACEN TIENDA,MASS2722,TAZA BATIDORA DE CAFE INTELIGENTE RECARGABLE BLANCO,U001,Ubicación Principal,PRO-25,COCINA,Unid,                             110.00,                             451.00,                               0.00,                               0.00,                              29.00,                             118.90,                              81.00,                             332.10,                               0.00,                              81.00,                               4.10,ACTIVO
Sede PGR 2023 - 006,ALM-TIE,ALMACEN TIENDA,MASS2723,HUMIDIFICADOR TIPO DIAMANTE MADERA,U001,Ubicación Principal,PRO-11,HOGAR,Unid,                             115.00,                             877.45,                               0.00,                               0.00,                              17.00,                             129.71,                              98.00,                             747.74,                               0.00,                              98.00,                               7.63,ACTIVO
Sede PGR 2023 - 006,ALM-TIE,ALMACEN TIENDA,MASS2724,HUMIDIFICADOR TIPO DIAMANTE MADERA OSCURA,U001,Ubicación Principal,PRO-11,HOGAR,Unid,                              54.00,                             412.02,                               0.00,                               0.00,                              23.00,                             175.49,                              31.00,                             236.53,                               0.00,                              31.00,                               7.63,ACTIVO
Sede PGR 2023 - 006,ALM-TIE,ALMACEN TIENDA,MASS2725,RIZADOR DE CABELLO USB NEGRO CON FUCSIA,U001,Ubicación Principal,PRO-05,ESTETICA Y BELLEZA,Unid,                             114.00,                             709.08,                               0.00,                               0.00,                              20.00,                             124.40,                              94.00,                             584.68,                               0.00,                              94.00,                               6.22,ACTIVO
Sede PGR 2023 - 006,ALM-TIE,ALMACEN TIENDA,MASS2726,RIZADOR DE CABELLO USB BLANCO CON DORADO,U001,Ubicación Principal,PRO-05,ESTETICA Y BELLEZA,Unid,                             115.00,                             715.30,                               0.00,                               0.00,                              16.00,                              99.52,                              99.00,                             615.78,                               0.00,                              99.00,                               6.22,ACTIVO
Sede PGR 2023 - 006,ALM-TIE,ALMACEN TIENDA,MASS2727,LÁMPARA DE MESA LED MEDIA LUNA PARA UÑAS NEGRO,U001,Ubicación Principal,PRO-05,ESTETICA Y BELLEZA,Unid,                             170.00,                             875.50,                               1.00,                               5.15,                              21.00,                             108.15,                             150.00,                             772.50,                               0.00,                             150.00,                               5.15,ACTIVO
Sede PGR 2023 - 006,ALM-TIE,ALMACEN TIENDA,MASS2728,BASE SOPORTE PARA LAPTOP AJUSTABLE Y PLEGABLE PLATEADO,U001,Ubicación Principal,PRO-15,COMPUTACION,Unid,                             189.00,                             769.23,                               0.00,                               0.00,                              29.00,                             118.03,                             160.00,                             651.20,                               0.00,                             160.00,                               4.07,ACTIVO
Sede PGR 2023 - 006,ALM-TIE,ALMACEN TIENDA,MASS2729,BOLSO IMPERMEABLE ANTIAGUA DRY BAG PARA CAMPING AZUL 10L,U001,Ubicación Principal,PRO-04,DEPORTE Y FITNESS,Unid,                             136.00,                             372.64,                               0.00,                               0.00,                              20.00,                              54.80,                             116.00,                             317.84,                               0.00,                             116.00,                               2.74,ACTIVO
Sede PGR 2023 - 006,ALM-TIE,ALMACEN TIENDA,MASS2730,AUDÍFONOS INALÁMBRICOS TIPO CLIP MD,U001,Ubicación Principal,PRO-06,AUDIFONOS,Unid,                             276.00,                             880.44,                               4.00,                              12.76,                             125.00,                             398.75,                             155.00,                             494.45,                               0.00,                             155.00,                               3.19,ACTIVO
Sede PGR 2023 - 006,ALM-TIE,ALMACEN TIENDA,MASS2731,BALON DE FÚTBOL MUNDIAL 2026 OFICIAL,U001,Ubicación Principal,PRO-12,JUEGOS Y JUGUETES,Unid,                             277.00,"                           1,127.39",                               1.00,                               4.07,                             101.00,                             411.07,                             177.00,                             720.39,                               0.00,                             177.00,                               4.07,ACTIVO
Sede PGR 2023 - 006,ALM-TIE,ALMACEN TIENDA,MASS2732,FREIDORA DE AIRE DIGITAL AGORA CRISPY 4.5L+1.8L DOBLE VIDRIO,U001,Ubicación Principal,PRO-25,COCINA,Unid,                             479.00,"                          26,948.54",                               0.00,                               0.00,                              43.00,"                           2,419.18",                             436.00,"                          24,529.36",                               0.00,                             436.00,                              56.26,ACTIVO
Sede PGR 2023 - 006,ALM-TIE,ALMACEN TIENDA,MASS2733,MAQUINA DE CAFE ESPRESSO CON ESPUMADOR RAF R.9136-110,U001,Ubicación Principal,PRO-26,RAF,Unid,                              34.00,"                           2,097.12",                               0.00,                               0.00,                              12.00,                             740.16,                              22.00,"                           1,356.96",                               0.00,                              22.00,                              61.68,ACTIVO
Sede PGR 2023 - 006,ALM-TIE,ALMACEN TIENDA,MASS2734,MINI CEPILLO ALISADOR TÉRMICO,U001,Ubicación Principal,PRO-05,ESTETICA Y BELLEZA,Unid,                             279.00,"                           1,453.59",                               2.00,                              10.42,                              34.00,                             177.14,                             247.00,"                           1,286.87",                               0.00,                             247.00,                               5.21,ACTIVO
Sede PGR 2023 - 006,ALM-TIE,ALMACEN TIENDA,MASS2735,INTERRUPTOR INTELIGENTE WIFI 1 APAGADOR SIN NEUTRO BLANCO,U001,Ubicación Principal,PRO-14,ILUMINACION,Unid,                             140.00,                             624.40,                               0.00,                               0.00,                              27.00,                             120.42,                             113.00,                             503.98,                               0.00,                             113.00,                               4.46,ACTIVO
Sede PGR 2023 - 006,ALM-TIE,ALMACEN TIENDA,MASS2736,CEPILLO MASAJEADOR DE CUERO CABELLUDO ELÉCTRICO RECARGABLE NEGRO,U001,Ubicación Principal,PRO-05,ESTETICA Y BELLEZA,Unid,                             112.00,                             801.92,                               0.00,                               0.00,                              18.00,                             128.88,                              94.00,                             673.04,                               0.00,                              94.00,                               7.16,ACTIVO
Sede PGR 2023 - 006,ALM-TIE,ALMACEN TIENDA,MASS2737,INTERRUPTOR INTELIGENTE WIFI 2 APAGADORES SIN NEUTRO BLANCO,U001,Ubicación Principal,PRO-14,ILUMINACION,Unid,                             140.00,                             687.40,                               0.00,                               0.00,                              21.00,                             103.11,                             119.00,                             584.29,                               0.00,                             119.00,                               4.91,ACTIVO
Sede PGR 2023 - 006,ALM-TIE,ALMACEN TIENDA,MASS2739,ESENCIA RHJY,U001,Ubicación Principal,PRO-11,HOGAR,Unid,                             358.00,                             998.82,                               0.00,                               0.00,                              50.00,                             139.50,                             308.00,                             859.32,                               0.00,                             308.00,                               2.79,ACTIVO
Sede PGR 2023 - 006,ALM-TIE,ALMACEN TIENDA,MASS2607,MAQUINA DE AFEITAR WAHL COLOR TRIM PARA BARBA,U001,Ubicación Principal,PRO-05,ESTETICA Y BELLEZA,Unid,                              40.00,                             906.80,                               1.00,                              22.67,                               4.00,                              90.68,                              37.00,                             838.79,                               0.00,                              37.00,                              22.67,ACTIVO
Sede PGR 2023 - 006,ALM-TIE,ALMACEN TIENDA,MASS2782,MAQUINA GASIFICADORA SODASTREAM,U001,Ubicación Principal,PRO-25,COCINA,Unid,                              15.00,"                           1,028.10",                               0.00,                               0.00,                               0.00,                               0.00,                              15.00,"                           1,028.10",                               0.00,                              15.00,                              68.54,ACTIVO
Sede PGR 2023 - 006,ALM-TIE,ALMACEN TIENDA,MASS2783,PLUG ANAL CON COLA DE ZORRO NEGRO CON BLANCO ANALTAIL001,U001,Ubicación Principal,PRO-08,ADULTOS,Unid,                              24.00,                              33.84,                               0.00,                               0.00,                               8.00,                              11.28,                              16.00,                              22.56,                               0.00,                              16.00,                               1.41,ACTIVO
Sede PGR 2023 - 006,ALM-TIE,ALMACEN TIENDA,MASS2784,CREATINA MONOHIDRATADA VENTURE PAL 60 SERVICIOS,U001,Ubicación Principal,PRO-04,DEPORTE Y FITNESS,Unid,                              70.00,                             874.30,                               0.00,                               0.00,                               4.00,                              49.96,                              66.00,                             824.34,                               0.00,                              66.00,                              12.49,ACTIVO
Sede PGR 2023 - 006,ALM-TIE,ALMACEN TIENDA,MASS2785,CAMARA TAPO CON PANEL SOLAR C402 KIT TP LINK,U001,Ubicación Principal,PRO-17,AUDIO Y VIDEO,Unid,                              23.00,"                           1,195.31",                               0.00,                               0.00,                              10.00,                             519.70,                              13.00,                             675.61,                               0.00,                              13.00,                              51.97,ACTIVO
Sede PGR 2023 - 006,ALM-TIE,ALMACEN TIENDA,MASS2786,ESENCIA HANKEY FREESIA,U001,Ubicación Principal,PRO-11,HOGAR,Unid,                              67.00,                              13.40,                               0.00,                               0.00,                              27.00,                               5.40,                              40.00,                               8.00,                               0.00,                              40.00,                               0.20,ACTIVO
Sede PGR 2023 - 006,ALM-TIE,ALMACEN TIENDA,MASS2787,ESENCIA HANKEY LIRIO,U001,Ubicación Principal,PRO-11,HOGAR,Unid,                              66.00,                              13.20,                               0.00,                               0.00,                              24.00,                               4.80,                              42.00,                               8.40,                               0.00,                              42.00,                               0.20,ACTIVO
Sede PGR 2023 - 006,ALM-TIE,ALMACEN TIENDA,MASS2788,ESENCIA HANKEY VAINILLA,U001,Ubicación Principal,PRO-11,HOGAR,Unid,                              66.00,                              13.20,                               1.00,                               0.20,                              48.00,                               9.60,                              19.00,                               3.80,                               0.00,                              19.00,                               0.20,ACTIVO
Sede PGR 2023 - 006,ALM-TIE,ALMACEN TIENDA,MASS2789,ESENCIA HANKEY LIMON,U001,Ubicación Principal,PRO-11,HOGAR,Unid,                              66.00,                              13.20,                               1.00,                               0.20,                              26.00,                               5.20,                              41.00,                               8.20,                               0.00,                              41.00,                               0.20,ACTIVO
Sede PGR 2023 - 006,ALM-TIE,ALMACEN TIENDA,MASS2790,ESENCIA HANKEY LAVANDA,U001,Ubicación Principal,PRO-11,HOGAR,Unid,                              64.00,                              12.80,                               1.00,                               0.20,                              48.00,                               9.60,                              17.00,                               3.40,                               0.00,                              17.00,                               0.20,ACTIVO
Sede PGR 2023 - 006,ALM-TIE,ALMACEN TIENDA,MASS2791,ESENCIA HANKEY ROSA,U001,Ubicación Principal,PRO-11,HOGAR,Unid,                              65.00,                              13.00,                               1.00,                               0.20,                              24.00,                               4.80,                              42.00,                               8.40,                               0.00,                              42.00,                               0.20,ACTIVO
Sede PGR 2023 - 006,ALM-TIE,ALMACEN TIENDA,MASS2792,ESENCIA HANKEY JAZMIN,U001,Ubicación Principal,PRO-11,HOGAR,Unid,                              67.00,                              13.40,                               3.00,                               0.60,                              28.00,                               5.60,                              42.00,                               8.40,                               0.00,                              42.00,                               0.20,ACTIVO
Sede PGR 2023 - 006,ALM-TIE,ALMACEN TIENDA,MASS2793,ESENCIA HANKEY NARANJA,U001,Ubicación Principal,PRO-11,HOGAR,Unid,                              67.00,                              13.40,                               1.00,                               0.20,                              38.00,                               7.60,                              30.00,                               6.00,                               0.00,                              30.00,                               0.20,ACTIVO
Sede PGR 2023 - 006,ALM-TIE,ALMACEN TIENDA,MASS2794,ESENCIA HANKEY SANDALO,U001,Ubicación Principal,PRO-11,HOGAR,Unid,                              66.00,                              13.20,                               1.00,                               0.20,                              37.00,                               7.40,                              30.00,                               6.00,                               0.00,                              30.00,                               0.20,ACTIVO
Sede PGR 2023 - 006,ALM-TIE,ALMACEN TIENDA,MASS2795,ESENCIA HANKEY GARDENIA,U001,Ubicación Principal,PRO-11,HOGAR,Unid,                              65.00,                              13.00,                               0.00,                               0.00,                              13.00,                               2.60,                              52.00,                              10.40,                               0.00,                              52.00,                               0.20,ACTIVO
Sede PGR 2023 - 006,ALM-TIE,ALMACEN TIENDA,MASS2796,ESENCIA HANKEY BAMBU,U001,Ubicación Principal,PRO-11,HOGAR,Unid,                              66.00,                              13.20,                               0.00,                               0.00,                              11.00,                               2.20,                              55.00,                              11.00,                               0.00,                              55.00,                               0.20,ACTIVO
Sede PGR 2023 - 006,ALM-TIE,ALMACEN TIENDA,MASS2797,ESENCIA HANKEY OCEANO,U001,Ubicación Principal,PRO-11,HOGAR,Unid,                              63.00,                              12.60,                               1.00,                               0.20,                              42.00,                               8.40,                              22.00,                               4.40,                               0.00,                              22.00,                               0.20,ACTIVO
Sede PGR 2023 - 006,ALM-TIE,ALMACEN TIENDA,MASS3068,KIT DE ACTUALIZACION MUNDIAL 2026 PANINI,U001,Ubicación Principal,PRO-12,JUEGOS Y JUGUETES,Unid,                               1.00,                              36.00,                               3.00,                             117.00,                               2.00,                              75.00,                               2.00,                              78.00,                               0.00,                               2.00,                              39.00,ACTIVO
Sede PGR 2023 - 006,ALM-TIE,ALMACEN TIENDA,MASS2798,BALON DE FÚTBOL CHAMPIONS MULTICOLOR,U001,Ubicación Principal,PRO-12,JUEGOS Y JUGUETES,Unid,                               0.00,                               0.00,                              51.00,                               0.00,                               1.00,                               0.00,                              50.00,                               0.00,                               0.00,                              50.00,                               0.00,ACTIVO
Sede PGR 2023 - 006,ALM-TIE,ALMACEN TIENDA,MASS2799,BALON DE FÚTBOL CHAMPIONS GRIS,U001,Ubicación Principal,PRO-12,JUEGOS Y JUGUETES,Unid,                               0.00,                               0.00,                               8.00,                               0.00,                               0.00,                               0.00,                               8.00,                               0.00,                               0.00,                               8.00,                               0.00,ACTIVO
Sede PGR 2023 - 006,ALM-TIE,ALMACEN TIENDA,MASS2800,MINI UPS 10400MAH NEGRO,U001,Ubicación Principal,PRO-21,ELECTRONICA,Unid,                               0.00,                               0.00,                              60.00,"                           1,800.00",                              59.00,"                           1,770.00",                               1.00,                              30.00,                               0.00,                               1.00,                              30.00,ACTIVO
Sede PGR 2023 - 006,GARANTIAS,ALMACEN GARANTIAS,MASS0058,BALANZA PERSONAL 180 KG,U001,Ubicacion principal,PRO-18,SALUD,Unid,                               1.00,                               4.08,                               0.00,                               0.00,                               0.00,                               0.00,                               1.00,                               4.08,                               0.00,                               1.00,                               4.08,ACTIVO
Sede PGR 2023 - 006,GARANTIAS,ALMACEN GARANTIAS,MASS0274,MAQUINA DE AFEITAR INALAMBRICA T9 DRAGON PLATEADO,U001,Ubicacion principal,PRO-05,ESTETICA Y BELLEZA,Unid,                               1.00,                               1.06,                               0.00,                               0.00,                               0.00,                               0.00,                               1.00,                               1.06,                               0.00,                               1.00,                               1.06,ACTIVO
Sede PGR 2023 - 006,GARANTIAS,ALMACEN GARANTIAS,MASS0283,MAQUINA SELLADORA AL VACIO,U001,Ubicacion principal,PRO-25,COCINA,Unid,                               1.00,                               3.85,                               0.00,                               0.00,                               0.00,                               0.00,                               1.00,                               3.85,                               0.00,                               1.00,                               3.85,ACTIVO
Sede PGR 2023 - 006,GARANTIAS,ALMACEN GARANTIAS,MASS0422,RELOJ INTELIGENTE D20S NEGRO,U001,Ubicacion principal,PRO-07,RELOJES INTELIGENTES,Unid,                               2.00,                               4.12,                               0.00,                               0.00,                               0.00,                               0.00,                               2.00,                               4.12,                               0.00,                               2.00,                               2.06,ACTIVO
Sede PGR 2023 - 006,GARANTIAS,ALMACEN GARANTIAS,MASS0423,RELOJ INTELIGENTE D20S ROSADO,U001,Ubicacion principal,PRO-07,RELOJES INTELIGENTES,Unid,                               1.00,                               1.83,                               0.00,                               0.00,                               0.00,                               0.00,                               1.00,                               1.83,                               0.00,                               1.00,                               1.83,ACTIVO
Sede PGR 2023 - 006,GARANTIAS,ALMACEN GARANTIAS,MASS0622,PENDRIVE KINGSTON 128GB,U001,Ubicacion principal,PRO-15,COMPUTACION,Unid,                               1.00,                               6.02,                               0.00,                               0.00,                               0.00,                               0.00,                               1.00,                               6.02,                               0.00,                               1.00,                               6.02,ACTIVO
Sede PGR 2023 - 006,GARANTIAS,ALMACEN GARANTIAS,MASS0634,MINI CAMARA ESPIA WIFI A9,U001,Ubicacion principal,PRO-17,AUDIO Y VIDEO,Unid,                               1.00,                               2.08,                               0.00,                               0.00,                               0.00,                               0.00,                               1.00,                               2.08,                               0.00,                               1.00,                               2.08,ACTIVO
Sede PGR 2023 - 006,GARANTIAS,ALMACEN GARANTIAS,MASS0763,HUMIDIFICADOR DOMO RGB BLANCO,U001,Ubicacion principal,PRO-11,HOGAR,Unid,                               1.00,                               0.98,                               0.00,                               0.00,                               0.00,                               0.00,                               1.00,                               0.98,                               0.00,                               1.00,                               0.98,ACTIVO
Sede PGR 2023 - 006,GARANTIAS,ALMACEN GARANTIAS,MASS0902,MINI MAQUINA DE COSER,U001,Ubicacion principal,PRO-11,HOGAR,Unid,                               1.00,                               7.09,                               0.00,                               0.00,                               0.00,                               0.00,                               1.00,                               7.09,                               0.00,                               1.00,                               7.09,ACTIVO
Sede PGR 2023 - 006,GARANTIAS,ALMACEN GARANTIAS,MASS0944,MASAJEADOR DE GLUTEO ABS ESTIMULADOR FITNES,U001,Ubicacion principal,PRO-04,DEPORTE Y FITNESS,Unid,                               1.00,                               2.99,                               0.00,                               0.00,                               0.00,                               0.00,                               1.00,                               2.99,                               0.00,                               1.00,                               2.99,ACTIVO
Sede PGR 2023 - 006,GARANTIAS,ALMACEN GARANTIAS,MASS1011,MAQUINA DEPILADORA A LASER BLANCO,U001,Ubicacion principal,PRO-05,ESTETICA Y BELLEZA,Unid,                               1.00,                               8.13,                               0.00,                               0.00,                               0.00,                               0.00,                               1.00,                               8.13,                               0.00,                               1.00,                               8.13,ACTIVO
Sede PGR 2023 - 006,GARANTIAS,ALMACEN GARANTIAS,MASS1041,LIMPIADOR A VAPOR 900W 10 PCS,U001,Ubicacion principal,PRO-11,HOGAR,Unid,                               2.00,                              35.90,                               0.00,                               0.00,                               0.00,                               0.00,                               2.00,                              35.90,                               0.00,                               2.00,                              17.95,ACTIVO
Sede PGR 2023 - 006,GARANTIAS,ALMACEN GARANTIAS,MASS1237,TERMO MOTIVACIONAL 2L ELASTICO ROSADO,U001,Ubicacion principal,PRO-04,DEPORTE Y FITNESS,Unid,                               1.00,                               7.02,                               0.00,                               0.00,                               0.00,                               0.00,                               1.00,                               7.02,                               0.00,                               1.00,                               7.02,ACTIVO
Sede PGR 2023 - 006,GARANTIAS,ALMACEN GARANTIAS,MASS1315,AUDIFONO INALAMBRICO RECARGABLE M90 PRO,U001,Ubicacion principal,PRO-06,AUDIFONOS,Unid,                               2.00,                               4.50,                               0.00,                               0.00,                               0.00,                               0.00,                               2.00,                               4.50,                               0.00,                               2.00,                               2.25,ACTIVO
Sede PGR 2023 - 006,GARANTIAS,ALMACEN GARANTIAS,MASS1525,ZAPATERA DE METAL 6 NIVELES,U001,Ubicacion principal,PRO-11,HOGAR,Unid,                               1.00,                               4.40,                               0.00,                               0.00,                               0.00,                               0.00,                               1.00,                               4.40,                               0.00,                               1.00,                               4.40,ACTIVO
Sede PGR 2023 - 006,GARANTIAS,ALMACEN GARANTIAS,MASS1526,CAJA ORGANIZADOR DE ZAPATO 12 PCS,U001,Ubicacion principal,PRO-11,HOGAR,Unid,                               1.00,                              24.49,                               0.00,                               0.00,                               0.00,                               0.00,                               1.00,                              24.49,                               0.00,                               1.00,                              24.49,ACTIVO
Sede PGR 2023 - 006,GARANTIAS,ALMACEN GARANTIAS,MASS1806,CAMARA DE SEGURIDAD DOBLE ROBOTICA 360° GRADOS HD MICRO SD WIFFI,U001,Ubicacion principal,PRO-17,AUDIO Y VIDEO,Unid,                               1.00,                               6.37,                               0.00,                               0.00,                               0.00,                               0.00,                               1.00,                               6.37,                               0.00,                               1.00,                               6.37,ACTIVO
Sede PGR 2023 - 006,GARANTIAS,ALMACEN GARANTIAS,MASS2048,LAMPARA VOLCAN,U001,Ubicacion principal,PRO-14,ILUMINACION,Unid,                               1.00,                               7.15,                               0.00,                               0.00,                               0.00,                               0.00,                               1.00,                               7.15,                               0.00,                               1.00,                               7.15,ACTIVO
Sede PGR 2023 - 006,GARANTIAS,ALMACEN GARANTIAS,MASS2049,MICROFONO KARAOKE NEGRO 4 EN 1,U001,Ubicacion principal,PRO-17,AUDIO Y VIDEO,Unid,                               1.00,                               2.80,                               0.00,                               0.00,                               0.00,                               0.00,                               1.00,                               2.80,                               0.00,                               1.00,                               2.80,ACTIVO
Sede PGR 2023 - 006,GARANTIAS,ALMACEN GARANTIAS,MASS2050,MICROFONO KARAOKE PLATA 4 EN 1,U001,Ubicacion principal,PRO-17,AUDIO Y VIDEO,Unid,                               1.00,                               2.86,                               0.00,                               0.00,                               0.00,                               0.00,                               1.00,                               2.86,                               0.00,                               1.00,                               2.86,ACTIVO
Sede PGR 2023 - 006,GARANTIAS,ALMACEN GARANTIAS,MASS2056,BOMBILLOS VINTAGE5 METERS 20 LIGHTS,U001,Ubicacion principal,PRO-14,ILUMINACION,Unid,                               1.00,                               5.57,                               0.00,                               0.00,                               0.00,                               0.00,                               1.00,                               5.57,                               0.00,                               1.00,                               5.57,ACTIVO
Sede PGR 2023 - 006,GARANTIAS,ALMACEN GARANTIAS,MASS2118,MINI AFEITADORA ELECTRICA,U001,Ubicacion principal,PRO-05,ESTETICA Y BELLEZA,Unid,                               2.00,                               2.56,                               0.00,                               0.00,                               0.00,                               0.00,                               2.00,                               2.56,                               0.00,                               2.00,                               1.28,ACTIVO
Sede PGR 2023 - 006,GARANTIAS,ALMACEN GARANTIAS,MASS2294,RELOJ INTELIGENTE S9 ROSADO INCLUYE 3 CORREAS,U001,Ubicacion principal,PRO-07,RELOJES INTELIGENTES,Unid,                               1.00,                               3.75,                               0.00,                               0.00,                               0.00,                               0.00,                               1.00,                               3.75,                               0.00,                               1.00,                               3.75,ACTIVO
Sede PGR 2023 - 006,GARANTIAS,ALMACEN GARANTIAS,MASS2659,LAPTOP DELL LATITUDE E6540 CORE i5 4TA GENERACION 4GB RAM DDR3 320GB HDD,U001,Ubicacion principal,PRO-15,COMPUTACION,Unid,                               1.00,                             109.00,                               0.00,                               0.00,                               0.00,                               0.00,                               1.00,                             109.00,                               0.00,                               1.00,                             109.00,ACTIVO
Sede PGR 2023 - 006,GARANTIAS,ALMACEN GARANTIAS,MASS2667,LAPTOP DELL LATITUDE E7440 CORE i7 4TA GENERACION 16GB RAM DDR3 256GB SSD,U001,Ubicacion principal,PRO-15,COMPUTACION,Unid,                               1.00,                             119.00,                               0.00,                               0.00,                               0.00,                               0.00,                               1.00,                             119.00,                               0.00,                               1.00,                             119.00,ACTIVO
Sede PGR 2023 - 006,GARANTIAS,ALMACEN GARANTIAS,MASS2671,LAPTOP DELL LATITUDE 5540 CORE i5 13RA GENERACION 16GB RAM DDR4 512GB SSD,U001,Ubicacion principal,PRO-15,COMPUTACION,Unid,                               1.00,                             379.00,                               0.00,                               0.00,                               0.00,                               0.00,                               1.00,                             379.00,                               0.00,                               1.00,                             379.00,ACTIVO
Sede PGR 2023 - 006,GARANTIAS,ALMACEN GARANTIAS,MASS2672,LAPTOP DELL LATITUDE E6540 CORE i7 4TA GENERACION 8GB RAM DDR3 320GB HDD,U001,Ubicacion principal,PRO-15,COMPUTACION,Unid,                               1.00,                             119.00,                               0.00,                               0.00,                               0.00,                               0.00,                               1.00,                             119.00,                               0.00,                               1.00,                             119.00,ACTIVO
Sede PGR 2023 - 006,GARANTIAS,ALMACEN GARANTIAS,MASS2673,LAPTOP DELL LATITUDE E7440 CORE i7 4TA GENERACION 8GB RAM DDR3 320GB HDD,U001,Ubicacion principal,PRO-15,COMPUTACION,Unid,                               1.00,                             119.00,                               0.00,                               0.00,                               0.00,                               0.00,                               1.00,                             119.00,                               0.00,                               1.00,                             119.00,ACTIVO
Sede PGR 2023 - 006,GARANTIAS,ALMACEN GARANTIAS,MASS2674,LAPTOP HP PROBOOK 440 G8 CORE i5 11VA GENERACION 8GB RAM DDR4 256GB SSD,U001,Ubicacion principal,PRO-15,COMPUTACION,Unid,                               1.00,                             219.00,                               0.00,                               0.00,                               0.00,                               0.00,                               1.00,                             219.00,                               0.00,                               1.00,                             219.00,ACTIVO
Sede PGR 2023 - 006,GARANTIAS,ALMACEN GARANTIAS,MASS2676,LAPTOP DELL LATITUDE E6540 CORE i7 4TA GENERACION 4GB RAM DDR3 320GB HDD,U001,Ubicacion principal,PRO-15,COMPUTACION,Unid,                               1.00,                             119.00,                               0.00,                               0.00,                               0.00,                               0.00,                               1.00,                             119.00,                               0.00,                               1.00,                             119.00,ACTIVO
Sede PGR 2023 - 006,ALM-AUDITAR,ALMACEN AUDITAR,MASS0040,AUDIFONOS INALAMBRICO F9,U001,Ubicación Principal,PRO-06,AUDIFONOS,Unid,                               4.00,                               8.28,                               0.00,                               0.00,                               0.00,                               0.00,                               4.00,                               8.28,                               0.00,                               4.00,                               2.07,ACTIVO
Sede PGR 2023 - 006,ALM-AUDITAR,ALMACEN AUDITAR,MASS0058,BALANZA PERSONAL 180 KG,U001,Ubicación Principal,PRO-18,SALUD,Unid,                               0.00,                               0.00,                               1.00,                               4.42,                               0.00,                               0.00,                               1.00,                               4.42,                               0.00,                               1.00,                               4.42,ACTIVO
Sede PGR 2023 - 006,ALM-AUDITAR,ALMACEN AUDITAR,MASS0292,PISTOLA MASAJEADORA ELECTRICA SY-720 NEGRO,U001,Ubicación Principal,PRO-18,SALUD,Unid,                               1.00,                               3.19,                               0.00,                               0.00,                               0.00,                               0.00,                               1.00,                               3.19,                               0.00,                               1.00,                               3.19,ACTIVO
Sede PGR 2023 - 006,ALM-AUDITAR,ALMACEN AUDITAR,MASS0327,MOUSE INALAMBRICO RECARGABLE BLUETOOH 2.4G CAJA 2514 NEGRO,U001,Ubicación Principal,PRO-15,COMPUTACION,Unid,                               6.00,                               8.64,                               0.00,                               0.00,                               0.00,                               0.00,                               6.00,                               8.64,                               0.00,                               6.00,                               1.44,ACTIVO
Sede PGR 2023 - 006,ALM-AUDITAR,ALMACEN AUDITAR,MASS0388,PLUG ANAL TALLA S ROJO,U001,Ubicación Principal,PRO-08,ADULTOS,Unid,                               0.00,                               0.00,                               1.00,                               0.79,                               0.00,                               0.00,                               1.00,                               0.79,                               0.00,                               1.00,                               0.79,ACTIVO
Sede PGR 2023 - 006,ALM-AUDITAR,ALMACEN AUDITAR,MASS0405,VIBRADOR RABBIT PUNTO G MORADO RABBITB001,U001,Ubicación Principal,PRO-08,ADULTOS,Unid,                               0.00,                               0.00,                               1.00,                               1.64,                               0.00,                               0.00,                               1.00,                               1.64,                               0.00,                               1.00,                               1.64,ACTIVO
Sede PGR 2023 - 006,ALM-AUDITAR,ALMACEN AUDITAR,MASS0518,SPRAY RETARDANTE STUD 100 MASCULINO,U001,Ubicación Principal,PRO-08,ADULTOS,Unid,                               0.00,                               0.00,                               1.00,                               0.90,                               0.00,                               0.00,                               1.00,                               0.90,                               0.00,                               1.00,                               0.90,ACTIVO
Sede PGR 2023 - 006,ALM-AUDITAR,ALMACEN AUDITAR,MASS0536,TARJETA DE SONIDO 7.1,U001,Ubicación Principal,PRO-17,AUDIO Y VIDEO,Unid,                               0.00,                               0.00,                               1.00,                               1.02,                               0.00,                               0.00,                               1.00,                               1.02,                               0.00,                               1.00,                               1.02,ACTIVO
Sede PGR 2023 - 006,ALM-AUDITAR,ALMACEN AUDITAR,MASS0586,VARITA MAGICA 10 VELOCIDADES AV MORADO,U001,Ubicación Principal,PRO-08,ADULTOS,Unid,                               2.00,                               7.70,                               0.00,                               0.00,                               0.00,                               0.00,                               2.00,                               7.70,                               0.00,                               2.00,                               3.85,ACTIVO
Sede PGR 2023 - 006,ALM-AUDITAR,ALMACEN AUDITAR,MASS0700,LUBRICANTE PRIVATE LIFE 100ML FRESA XZLSG100ML,U001,Ubicación Principal,PRO-08,ADULTOS,Unid,                               0.00,                               0.00,                               1.00,                               0.78,                               0.00,                               0.00,                               1.00,                               0.78,                               0.00,                               1.00,                               0.78,ACTIVO
Sede PGR 2023 - 006,ALM-AUDITAR,ALMACEN AUDITAR,MASS0737,ONN ANDROID TV FULL HD,U001,Ubicación Principal,PRO-21,ELECTRONICA,Unid,                               1.00,                              23.42,                               1.00,                              23.42,                               0.00,                               0.00,                               2.00,                              46.84,                               0.00,                               2.00,                              23.42,ACTIVO
Sede PGR 2023 - 006,ALM-AUDITAR,ALMACEN AUDITAR,MASS0786,RODILLERA AJUSTABLE L,U001,Ubicación Principal,PRO-18,SALUD,Unid,                               0.00,                               0.00,                               3.00,                               2.97,                               0.00,                               0.00,                               3.00,                               2.97,                               0.00,                               3.00,                               0.99,ACTIVO
Sede PGR 2023 - 006,ALM-AUDITAR,ALMACEN AUDITAR,MASS0919,REMOVEDOR DE CALLOS RECARGABLE,U001,Ubicación Principal,PRO-05,ESTETICA Y BELLEZA,Unid,                               0.00,                               0.00,                               2.00,                               4.44,                               0.00,                               0.00,                               2.00,                               4.44,                               0.00,                               2.00,                               2.22,ACTIVO
Sede PGR 2023 - 006,ALM-AUDITAR,ALMACEN AUDITAR,MASS0927,ESENCIA PURE AROMA,U001,Ubicación Principal,PRO-11,HOGAR,Unid,                               0.00,                               0.00,                               7.00,                               1.99,                               0.00,                               0.00,                               7.00,                               1.99,                               0.00,                               7.00,                               0.28,ACTIVO
Sede PGR 2023 - 006,ALM-AUDITAR,ALMACEN AUDITAR,MASS1215,PLANCHA DE CABELLO REMINTONG KERATINA,U001,Ubicación Principal,PRO-05,ESTETICA Y BELLEZA,Unid,                               3.00,                              23.01,                               0.00,                               0.00,                               0.00,                               0.00,                               3.00,                              23.01,                               0.00,                               3.00,                               7.67,ACTIVO
Sede PGR 2023 - 006,ALM-AUDITAR,ALMACEN AUDITAR,MASS1230,TENSIOMETRO DIGITAL SIN VOZ,U001,Ubicación Principal,PRO-18,SALUD,Unid,                               2.00,                               8.58,                               1.00,                               4.29,                               0.00,                               0.00,                               3.00,                              12.87,                               0.00,                               3.00,                               4.29,ACTIVO
Sede PGR 2023 - 006,ALM-AUDITAR,ALMACEN AUDITAR,MASS1282,MAQUINA LAMINADORA A4 SL299,U001,Ubicación Principal,PRO-19,OFICINA,Unid,                               0.00,                               0.00,                               1.00,                              10.37,                               0.00,                               0.00,                               1.00,                              10.37,                               0.00,                               1.00,                              10.37,ACTIVO
Sede PGR 2023 - 006,ALM-AUDITAR,ALMACEN AUDITAR,MASS1291,ASPIRADORA DE CARRO PORTATIL 12V NEGRO,U001,Ubicación Principal,PRO-01,ACCESORIOS PARA VEHICULOS,Unid,                               0.00,                               0.00,                               1.00,                               4.72,                               0.00,                               0.00,                               1.00,                               4.72,                               0.00,                               1.00,                               4.72,ACTIVO
Sede PGR 2023 - 006,ALM-AUDITAR,ALMACEN AUDITAR,MASS1307,AUDIFONO INALAMBRICO BLUETOOH P9 NEGRO,U001,Ubicación Principal,PRO-06,AUDIFONOS,Unid,                               1.00,                               4.14,                               0.00,                               0.00,                               0.00,                               0.00,                               1.00,                               4.14,                               0.00,                               1.00,                               4.14,ACTIVO
Sede PGR 2023 - 006,ALM-AUDITAR,ALMACEN AUDITAR,MASS1315,AUDIFONO INALAMBRICO RECARGABLE M90 PRO,U001,Ubicación Principal,PRO-06,AUDIFONOS,Unid,                               2.00,                               4.14,                               0.00,                               0.00,                               0.00,                               0.00,                               2.00,                               4.14,                               0.00,                               2.00,                               2.07,ACTIVO
Sede PGR 2023 - 006,ALM-AUDITAR,ALMACEN AUDITAR,MASS1409,WALL PANEL SSL AZUL 095 290*168*23,U001,Ubicación Principal,PRO-24,REVESTIMIENTO,Unid,                               0.00,                               0.00,                               8.00,                              39.60,                               0.00,                               0.00,                               8.00,                              39.60,                               0.00,                               8.00,                               4.95,ACTIVO
Sede PGR 2023 - 006,ALM-AUDITAR,ALMACEN AUDITAR,MASS1417,FOAMI 3D PLH-01 NEGRO 70CM*77CM,U001,Ubicación Principal,PRO-24,REVESTIMIENTO,Unid,                               9.00,                              12.42,                               0.00,                               0.00,                               0.00,                               0.00,                               9.00,                              12.42,                               0.00,                               9.00,                               1.38,ACTIVO
Sede PGR 2023 - 006,ALM-AUDITAR,ALMACEN AUDITAR,MASS1418,FOAMI 3D PLH-09 BLANCO 70CM*77CM,U001,Ubicación Principal,PRO-24,REVESTIMIENTO,Unid,                              18.00,                              24.12,                               0.00,                               0.00,                               0.00,                               0.00,                              18.00,                              24.12,                               0.00,                              18.00,                               1.34,ACTIVO
Sede PGR 2023 - 006,ALM-AUDITAR,ALMACEN AUDITAR,MASS1419,FOAMI 3D PLH-08 GRIS 70CM*77CM,U001,Ubicación Principal,PRO-24,REVESTIMIENTO,Unid,                              22.00,                              31.90,                               0.00,                               0.00,                               0.00,                               0.00,                              22.00,                              31.90,                               0.00,                              22.00,                               1.45,ACTIVO
Sede PGR 2023 - 006,ALM-AUDITAR,ALMACEN AUDITAR,MASS1428,PANEL DECORATIVO DE PARED HAYE-30 2MM DE GROSOR 30CM*60CM,U001,Ubicación Principal,PRO-24,REVESTIMIENTO,Unid,                               0.00,                               0.00,                              16.00,                               9.60,                               0.00,                               0.00,                              16.00,                               9.60,                               0.00,                              16.00,                               0.60,ACTIVO
Sede PGR 2023 - 006,ALM-AUDITAR,ALMACEN AUDITAR,MASS1517,MINI PROYECTOR VIDEO BEAM,U001,Ubicación Principal,PRO-17,AUDIO Y VIDEO,Unid,                               0.00,                               0.00,                               1.00,                              13.73,                               0.00,                               0.00,                               1.00,                              13.73,                               0.00,                               1.00,                              13.73,ACTIVO
Sede PGR 2023 - 006,ALM-AUDITAR,ALMACEN AUDITAR,MASS1561,WALL PANEL 3D D095 NEGRO 1MM DE GROSOR 500MM*500MM,U001,Ubicación Principal,PRO-24,REVESTIMIENTO,Unid,                               0.00,                               0.00,                              13.00,                              21.71,                               0.00,                               0.00,                              13.00,                              21.71,                               0.00,                              13.00,                               1.67,ACTIVO
Sede PGR 2023 - 006,ALM-AUDITAR,ALMACEN AUDITAR,MASS1562,WALL PANEL 3D D094 BLANCO 1MM DE GROSOR 500MM*500MM,U001,Ubicación Principal,PRO-24,REVESTIMIENTO,Unid,                              12.00,                              15.72,                               0.00,                               0.00,                               0.00,                               0.00,                              12.00,                              15.72,                               0.00,                              12.00,                               1.31,ACTIVO
Sede PGR 2023 - 006,ALM-AUDITAR,ALMACEN AUDITAR,MASS1541,HUB 7 PUERTOS,U001,Ubicación Principal,PRO-20,"CABLES, ADAPTADORES Y CONVERTIDORES",Unid,                               0.00,                               0.00,                               6.00,                              11.70,                               0.00,                               0.00,                               6.00,                              11.70,                               0.00,                               6.00,                               1.95,ACTIVO
Sede PGR 2023 - 006,ALM-AUDITAR,ALMACEN AUDITAR,MASS1693,MASTURBADOR MASCULINO BOCA,U001,Ubicación Principal,PRO-08,ADULTOS,Unid,                               5.00,                              10.20,                               0.00,                               0.00,                               0.00,                               0.00,                               5.00,                              10.20,                               0.00,                               5.00,                               2.04,ACTIVO
Sede PGR 2023 - 006,ALM-AUDITAR,ALMACEN AUDITAR,MASS1801,RELOJ INTELIGENTE S16 NEGRO + CORREA ADICIONAL,U001,Ubicación Principal,PRO-07,RELOJES INTELIGENTES,Unid,                               1.00,                               5.32,                               0.00,                               0.00,                               0.00,                               0.00,                               1.00,                               5.32,                               0.00,                               1.00,                               5.32,ACTIVO
Sede PGR 2023 - 006,ALM-AUDITAR,ALMACEN AUDITAR,MASS1806,CAMARA DE SEGURIDAD DOBLE ROBOTICA 360° GRADOS HD MICRO SD WIFFI,U001,Ubicación Principal,PRO-17,AUDIO Y VIDEO,Unid,                               0.00,                               0.00,                               1.00,                               6.36,                               0.00,                               0.00,                               1.00,                               6.36,                               0.00,                               1.00,                               6.36,ACTIVO
Sede PGR 2023 - 006,ALM-AUDITAR,ALMACEN AUDITAR,MASS1890,"ALFOMBRAS DE PELUCHE ENTRELAZADAS, GRUESAS, SUAVEZ Y LAVABLE NEGRA",U001,Ubicación Principal,PRO-24,REVESTIMIENTO,Unid,                               1.00,                               1.07,                               0.00,                               0.00,                               0.00,                               0.00,                               1.00,                               1.07,                               0.00,                               1.00,                               1.07,ACTIVO
Sede PGR 2023 - 006,ALM-AUDITAR,ALMACEN AUDITAR,MASS1905,MASAJEADOR DE CUELLO GRANDE,U001,Ubicación Principal,PRO-18,SALUD,Unid,                               1.00,                               9.63,                               0.00,                               0.00,                               0.00,                               0.00,                               1.00,                               9.63,                               0.00,                               1.00,                               9.63,ACTIVO
Sede PGR 2023 - 006,ALM-AUDITAR,ALMACEN AUDITAR,MASS1919,VIBRADOR TRIO RECARGABLE USB RABBIT CONSOLADOR ESTIMULACIÓN,U001,Ubicación Principal,PRO-08,ADULTOS,Unid,                               0.00,                               0.00,                               1.00,                               3.15,                               0.00,                               0.00,                               1.00,                               3.15,                               0.00,                               1.00,                               3.15,ACTIVO
Sede PGR 2023 - 006,ALM-AUDITAR,ALMACEN AUDITAR,MASS1978,HAMACA CHINCORRO PARA CAMPING,U001,Ubicación Principal,PRO-04,DEPORTE Y FITNESS,Unid,                               0.00,                               0.00,                               2.00,                              12.98,                               0.00,                               0.00,                               2.00,                              12.98,                               0.00,                               2.00,                               6.49,ACTIVO
Sede PGR 2023 - 006,ALM-AUDITAR,ALMACEN AUDITAR,MASS2041,ORGANIZADOR DE BAÑO ESTANTE 3 REPISAS PARA INODORO,U001,Ubicación Principal,PRO-11,HOGAR,Unid,                               1.00,                               8.22,                               0.00,                               0.00,                               0.00,                               0.00,                               1.00,                               8.22,                               0.00,                               1.00,                               8.22,ACTIVO
Sede PGR 2023 - 006,ALM-AUDITAR,ALMACEN AUDITAR,MASS2085,SET DE CABALLERO MARRON,U001,Ubicación Principal,PRO-07,RELOJES INTELIGENTES,Unid,                               2.00,                               5.93,                               0.00,                               0.00,                               0.00,                               0.00,                               2.00,                               5.93,                               0.00,                               2.00,                               2.97,ACTIVO
Sede PGR 2023 - 006,ALM-AUDITAR,ALMACEN AUDITAR,MASS2141,ROLLO PANEL DECORATIVO BD1135,U001,Ubicación Principal,PRO-24,REVESTIMIENTO,Unid,                               0.00,                               0.00,                               5.00,                              12.07,                               0.00,                               0.00,                               5.00,                              12.07,                               0.00,                               5.00,                               2.41,ACTIVO
Sede PGR 2023 - 006,ALM-AUDITAR,ALMACEN AUDITAR,MASS2166,CINTA ADHESIVA DECORATIVA GRIS 4CM X 50MTS,U001,Ubicación Principal,PRO-24,REVESTIMIENTO,Unid,                               1.00,                               2.68,                               0.00,                               0.00,                               0.00,                               0.00,                               1.00,                               2.68,                               0.00,                               1.00,                               2.68,ACTIVO
Sede PGR 2023 - 006,ALM-AUDITAR,ALMACEN AUDITAR,MASS2205,CORRECTOR DE POSTURA AJUSTABLE ESPALDA TALLA  XL,U001,Ubicación Principal,PRO-18,SALUD,Unid,                               1.00,                               2.59,                               0.00,                               0.00,                               0.00,                               0.00,                               1.00,                               2.59,                               0.00,                               1.00,                               2.59,ACTIVO
Sede PGR 2023 - 006,ALM-AUDITAR,ALMACEN AUDITAR,MASS2212,ALMOHADA DE GEL HILTON 30 x 50,U001,Ubicación Principal,PRO-11,HOGAR,Unid,                               1.00,                               5.64,                               0.00,                               0.00,                               0.00,                               0.00,                               1.00,                               5.64,                               0.00,                               1.00,                               5.64,ACTIVO
Sede PGR 2023 - 006,ALM-AUDITAR,ALMACEN AUDITAR,MASS2227,AUDIFONO INALAMBRICO P2961 Bluetooth RECARGABLE VERDE,U001,Ubicación Principal,PRO-06,AUDIFONOS,Unid,                               2.00,                               9.90,                               0.00,                               0.00,                               0.00,                               0.00,                               2.00,                               9.90,                               0.00,                               2.00,                               4.95,ACTIVO
Sede PGR 2023 - 006,ALM-AUDITAR,ALMACEN AUDITAR,MASS2237,PLUG ANAL SILICONA NEGRO,U001,Ubicación Principal,PRO-08,ADULTOS,Unid,                               0.00,                               0.00,                               1.00,                               2.72,                               0.00,                               0.00,                               1.00,                               2.72,                               0.00,                               1.00,                               2.72,ACTIVO
Sede PGR 2023 - 006,ALM-AUDITAR,ALMACEN AUDITAR,MASS2238,PLUG ANAL SILICONA  ROSA,U001,Ubicación Principal,PRO-08,ADULTOS,Unid,                               2.00,                               5.44,                               0.00,                               0.00,                               0.00,                               0.00,                               2.00,                               5.44,                               0.00,                               2.00,                               2.72,ACTIVO
Sede PGR 2023 - 006,ALM-AUDITAR,ALMACEN AUDITAR,MASS2242,CONSOLADOR DE TIGRE LARGO DRAGÓN 40 CM ANAL PLUGS,U001,Ubicación Principal,PRO-08,ADULTOS,Unid,                               0.00,                               0.00,                               1.00,                               2.84,                               0.00,                               0.00,                               1.00,                               2.84,                               0.00,                               1.00,                               2.84,ACTIVO
Sede PGR 2023 - 006,ALM-AUDITAR,ALMACEN AUDITAR,MASS2247,DILDO PVC COTUFA CARNE FLEXIBLE 20CM,U001,Ubicación Principal,PRO-08,ADULTOS,Unid,                               0.00,                               0.00,                               2.00,                               5.14,                               0.00,                               0.00,                               2.00,                               5.14,                               0.00,                               2.00,                               2.57,ACTIVO
Sede PGR 2023 - 006,ALM-AUDITAR,ALMACEN AUDITAR,MASS2257,VELAS DE MASAJE TANTRIC CON FEROMONAS AZUL,U001,Ubicación Principal,PRO-08,ADULTOS,Unid,                               1.00,                               1.98,                               0.00,                               0.00,                               0.00,                               0.00,                               1.00,                               1.98,                               0.00,                               1.00,                               1.98,ACTIVO
Sede PGR 2023 - 006,ALM-AUDITAR,ALMACEN AUDITAR,MASS2269,FUNDA DE BRAZO PARA TELEFONO UNIVERSAL ROSADO,U001,Ubicación Principal,PRO-04,DEPORTE Y FITNESS,Unid,                               0.00,                               0.00,                               1.00,                               0.66,                               0.00,                               0.00,                               1.00,                               0.66,                               0.00,                               1.00,                               0.66,ACTIVO
Sede PGR 2023 - 006,ALM-AUDITAR,ALMACEN AUDITAR,MASS2306,SILLA GAMER GM01 AZUL,U001,Ubicación Principal,PRO-15,COMPUTACION,Unid,                               0.00,                               0.00,                               6.00,                             447.18,                               0.00,                               0.00,                               6.00,                             447.18,                               0.00,                               6.00,                              74.53,ACTIVO
Sede PGR 2023 - 006,ALM-AUDITAR,ALMACEN AUDITAR,MASS2316,RETINOL SHOT TIGHTENING SERUM30ML + POTENCIADOR AJUSTADO PARA LA PIEL DEL INFIERNO REDUCE LAS LÍNEAS FINAS ARRUGAS RETINOL CREMA PARA OJOS 15ML,U001,Ubicación Principal,PRO-05,ESTETICA Y BELLEZA,Unid,                               0.00,                               0.00,                               1.00,                               1.98,                               0.00,                               0.00,                               1.00,                               1.98,                               0.00,                               1.00,                               1.98,ACTIVO
Sede PGR 2023 - 006,ALM-AUDITAR,ALMACEN AUDITAR,MASS2417,"WALL PANEL REDONDO HYYC-071 18,6CM X 2,6CM X 2,90 M",U001,Ubicación Principal,PRO-24,REVESTIMIENTO,Unid,                               0.00,                               0.00,                              13.00,                             163.28,                               0.00,                               0.00,                              13.00,                             163.28,                               0.00,                              13.00,                              12.56,ACTIVO
Sede PGR 2023 - 006,ALM-AUDITAR,ALMACEN AUDITAR,MASS2351,BATIDORA DE MANO 160W R.96633-110 BLANCO CON NEGRO RAF,U001,Ubicación Principal,PRO-26,RAF,Unid,                               1.00,                               3.56,                               1.00,                               3.56,                               0.00,                               0.00,                               2.00,                               7.12,                               0.00,                               2.00,                               3.56,ACTIVO
Sede PGR 2023 - 006,ALM-AUDITAR,ALMACEN AUDITAR,MASS2605,ZAPATERA 7 NIVELES A PRUEBA DE POLVO,U001,Ubicación Principal,PRO-11,HOGAR,Unid,                               1.00,                              10.75,                               0.00,                               0.00,                               0.00,                               0.00,                               1.00,                              10.75,                               0.00,                               1.00,                              10.75,ACTIVO
Sede PGR 2023 - 006,ALM-AUDITAR,ALMACEN AUDITAR,MASS2606,ZAPATERA 5 NIVELES A PRUEBA DE POLVO,U001,Ubicación Principal,PRO-11,HOGAR,Unid,                               0.00,                               0.00,                               2.00,                              17.62,                               0.00,                               0.00,                               2.00,                              17.62,                               0.00,                               2.00,                               8.81,ACTIVO
Sede PGR 2023 - 006,ALM-AUDITAR,ALMACEN AUDITAR,MASS2636,TERMO OWALA 30 ONZ 900 ML LILA,U001,Ubicación Principal,PRO-04,DEPORTE Y FITNESS,Unid,                               0.00,                               0.00,                               1.00,                               8.64,                               0.00,                               0.00,                               1.00,                               8.64,                               0.00,                               1.00,                               8.64,ACTIVO
Sede PGR 2023 - 006,ALM-AUDITAR,ALMACEN AUDITAR,MASS2661,LAPTOP DELL LATITUDE E5440 CORE i7 4TA GENERACION 4GB RAM DDR3 250GB HDD,U001,Ubicación Principal,PRO-15,COMPUTACION,Unid,                               1.00,                             119.00,                               0.00,                               0.00,                               0.00,                               0.00,                               1.00,                             119.00,                               0.00,                               1.00,                             119.00,ACTIVO
Sede PGR 2023 - 006,ALM-AUDITAR,ALMACEN AUDITAR,MASS2686,LAMINA PISO DE VINIL HHYM3039,U001,Ubicación Principal,PRO-24,REVESTIMIENTO,Unid,                               0.00,                               0.00,                             103.00,                              45.32,                               0.00,                               0.00,                             103.00,                              45.32,                               0.00,                             103.00,                               0.44,ACTIVO
Sede PGR 2023 - 006,ALM-AUDITAR,ALMACEN AUDITAR,MASS2732,FREIDORA DE AIRE DIGITAL AGORA CRISPY 4.5L+1.8L DOBLE VIDRIO,U001,Ubicación Principal,PRO-25,COCINA,Unid,                               1.00,                              56.26,                               0.00,                               0.00,                               0.00,                               0.00,                               1.00,                              56.26,                               0.00,                               1.00,                              56.26,ACTIVO
Sede PGR 2023 - 006,ALM-TRASLADOS,ALMACEN TRASLADOS,MASS0688,VAGINA VIBRADOR CON BASE WLLAB01,U001,Ubicación Principal,PRO-08,ADULTOS,Unid,                               0.00,                               0.00,                               1.00,                               6.26,                               0.00,                               0.00,                               1.00,                               6.26,                               0.00,                               1.00,                               6.26,ACTIVO
Sede PGR 2023 - 006,ALM-TRASLADOS,ALMACEN TRASLADOS,MASS0919,REMOVEDOR DE CALLOS RECARGABLE,U001,Ubicación Principal,PRO-05,ESTETICA Y BELLEZA,Unid,                               0.00,                               0.00,                               3.00,                               7.86,                               2.00,                               5.24,                               1.00,                               2.62,                               0.00,                               1.00,                               2.62,ACTIVO
Sede PGR 2023 - 006,ALM-TRASLADOS,ALMACEN TRASLADOS,MASS0971,CONSERVADOR PARA HIERBAS,U001,Ubicación Principal,PRO-25,COCINA,Unid,                               0.00,                               0.00,                               1.00,                               3.96,                               0.00,                               0.00,                               1.00,                               3.96,                               0.00,                               1.00,                               3.96,ACTIVO
Sede PGR 2023 - 006,ALM-TRASLADOS,ALMACEN TRASLADOS,MASS1527,MINI MOTOSIERRA INALAMBRICA PORTATIL 6 EN 1 CON 2 BATERIAS,U001,Ubicación Principal,PRO-16,FERRETERIA,Unid,                               0.00,                               0.00,                               1.00,                              15.90,                               0.00,                               0.00,                               1.00,                              15.90,                               0.00,                               1.00,                              15.90,ACTIVO
Sede PGR 2023 - 006,ALM-TRASLADOS,ALMACEN TRASLADOS,MASS1745,ROLLO PANEL DECORATIVO BD871 NEGRO CON BLANCO,U001,Ubicación Principal,PRO-24,REVESTIMIENTO,Unid,                               0.00,                               0.00,                              15.00,                              37.60,                               0.00,                               0.00,                              15.00,                              37.60,                               0.00,                              15.00,                               2.51,ACTIVO
Sede PGR 2023 - 006,ALM-TRASLADOS,ALMACEN TRASLADOS,MASS1794,REFLECTOR SOLAR RECARGABLE MULTICOLOR PORTATIL 100W,U001,Ubicación Principal,PRO-14,ILUMINACION,Unid,                               0.00,                               0.00,                               1.00,                               5.35,                               0.00,                               0.00,                               1.00,                               5.35,                               0.00,                               1.00,                               5.35,ACTIVO
Sede PGR 2023 - 006,ALM-TRASLADOS,ALMACEN TRASLADOS,MASS1891,"ALFOMBRAS DE PELUCHE ENTRELAZADAS, GRUESAS, SUAVEZ Y LAVABLE BLANCO",U001,Ubicación Principal,PRO-24,REVESTIMIENTO,Unid,                               0.00,                               0.00,                               3.00,                               4.02,                               0.00,                               0.00,                               3.00,                               4.02,                               0.00,                               3.00,                               1.34,ACTIVO
Sede PGR 2023 - 006,ALM-TRASLADOS,ALMACEN TRASLADOS,MASS2141,ROLLO PANEL DECORATIVO BD1135,U001,Ubicación Principal,PRO-24,REVESTIMIENTO,Unid,                               0.00,                               0.00,                              16.00,                              40.04,                              14.00,                              34.88,                               2.00,                               5.16,                               0.00,                               2.00,                               2.57,ACTIVO
Sede PGR 2023 - 006,ALM-TRASLADOS,ALMACEN TRASLADOS,MASS2349,BATIDORA DE MANO 800W R.6629-110 RAF,U001,Ubicación Principal,PRO-26,RAF,Unid,                               0.00,                               0.00,                               1.00,                               7.23,                               0.00,                               0.00,                               1.00,                               7.23,                               0.00,                               1.00,                               7.23,ACTIVO
