CODIGO,NOMBRE,IMAGEN,CODIGO INTEGRATUM
MASS2320,Máquina De Depilacion 3 En 1 Láser Diodo Lpl Profesional - Color: Blanco,http://http2.mlstatic.com/D_967675-MLV104121030558_012026-O.webp,MASS2320
MASS2016,Grabadora Cortador Láser Omtech K40 40w Para Sello Acrílico,https://http2.mlstatic.com/D_666452-MLV91269878285_082025-O.webp,MASS2016
MASS2015,Mesa De Ping Pong Dixson Pro Indoor Plegable Azul - Color: Azul oscuro,http://http2.mlstatic.com/D_696809-MLV88033942851_072025-O.webp,MASS2015
MASS2664,Laptop Dell Latitude 5540 Core I5 13 Gen 16gb Ram 256gb Ssd (Usado),https://i.postimg.cc/Gp7Kmwsz/Captura-de-pantalla-2026-07-07-094951.png,MASS2664
MASS2432,Pisos Vinil Pvc Spc Tipo Clip Alto Trafico 5mm - Color: Gris oscuro - Nombre del diseño: CBS18036,http://http2.mlstatic.com/D_742855-MLA104563556015_012026-O.webp,MASS2432
MASS2698,Laptop Asus Vivobook 15.6 Intel Celeron 4gb 128gb Ssd Win11,https://i.postimg.cc/jjWT6fpH/Captura-de-pantalla-2026-07-21-111331.png,MASS2698
MASS2073,Grabadora De Torno Broca Oem 3018 24w Portátil 30x18 Cm,https://http2.mlstatic.com/D_764464-MLV95099332865_102025-O.webp,MASS2073
30920704-893677,Reloj Inteligente Smartwatch Lamborghini Metal Cerchio - Color de la caja: Negro - Color de la malla: Gris oscuro - Color del bisel: Gris oscuro - Diseño de la malla: Mesh,http://http2.mlstatic.com/D_935438-MLV82599747318_032025-O.webp,MASS1846
MASS2328,Caminadora Trotadora Electrica 3 En 1 320lbs 10km/h - Color: Negro,http://http2.mlstatic.com/D_853508-MLV104131797492_012026-O.webp,MASS2328
MASS2221,"Lampara Led Colgante Tipo Riel Hexagonal 4,8m X 2,4m - Color de la estructura: Blanco",http://http2.mlstatic.com/D_927897-MLV100382863609_122025-O.webp,MASS2221
MASS2318,Dermapen Lápiz De Micro Agujas Hydra Pen H5 Ems,https://http2.mlstatic.com/D_801333-MLV104027762724_012026-O.webp,MASS2318
MASS2678,Computadora Dell Optiplex 5060 Core i5 8va Generacion 8gb RAM 128gb SSD,https://i.postimg.cc/wBvnjJzX/Captura-de-pantalla-2026-06-05-115932.png,MASS2678
MASS1493,Computadora HP ProDesk 400 G5 Intel Core i5 8va Generacion 8gb Ram DDR4 128gb SSD,https://i.postimg.cc/pdxsCwmR/D-NQ-NP-2X-945257-MLV108596457591-032026-F.jpg,MASS1493
MASS2195,Coche Para Bebe Liviano Plegable Compacto Baobaohao A2 - Color: Negro - Color de la estructura: Negro,http://http2.mlstatic.com/D_643898-MLV94805548884_102025-O.webp,MASS2195
MASS2662,Laptop Dell Latitude 3480 I5 6ta Gen 8gb Ram 500gb Hdd,https://i.postimg.cc/wMj5LW8Z/Captura-de-pantalla-2026-07-07-090208.png,MASS2662
MASS2309,Silla Ejecutiva Siberiana Ergonomica Se02 - Color: Negro - Material del tapizado: Cuero sintético,http://http2.mlstatic.com/D_711353-MLV102280986584_122025-O.webp,MASS2309
MASS2219,Ejercitador Pedal Plegable Electrico Piernas Silla,https://http2.mlstatic.com/D_770632-MLV94921376588_102025-O.webp,MASS2219
MASS2217,Escaladora Vertical Ejercicio Aerobico Y Cardio Blanco - Color: Blanco,http://http2.mlstatic.com/D_842905-MLV100369555701_122025-O.webp,MASS2217
MASS2704,Coche Para Bebe Liviano Plegable Compacto Baobaohao A2 - Azul,https://i.postimg.cc/q7BdDKhp/Captura-de-pantalla-2026-06-29-111759.png,MASS2704
MASS2703,Coche Para Bebe Liviano Plegable Compacto Baobaohao A2 - Blanco,https://i.postimg.cc/9QGShf5c/Captura-de-pantalla-2026-06-29-111702.png,MASS2703
MASS2307,Silla De Oficina Ejecutiva Ergonómica Reclinable Sp01 - Color: Negro - Material del tapizado: Cuero sintético,http://http2.mlstatic.com/D_989062-MLV102278592754_122025-O.webp,MASS2307
MASS2663,Laptop Dell Alienware Core I7 4ta Gen 8gb Ram 500gb Hdd,https://i.postimg.cc/t4j3zCjd/Captura-de-pantalla-2026-07-07-090532.png,MASS2663
MASS2661,Laptop Dell Latitude E5440 Core I7 4ta Gen 4gb Ram 250gb Hdd,https://i.postimg.cc/SxS48CJj/Captura-de-pantalla-2026-07-07-085759.png,MASS2661
MASS2660,Laptop Dell Latitude E6440 Core I7 4ta Gen 4gb Ram 750gb Hdd,https://i.postimg.cc/yddC5H0Q/Captura-de-pantalla-2026-07-07-085508.png,MASS2660
MASS2658,Laptop Dell Latitude E7440 Core I7 4ta Gen 8gb Ram 500gb Hdd,https://i.postimg.cc/G2cmmVG5/Captura-de-pantalla-2026-07-07-085132.png,MASS2658
MASS2218,Banco Ajustable De Pesas Ejercicio Abdominales Gym - Color: Negro,http://http2.mlstatic.com/D_642693-MLV99778933434_122025-O.webp,MASS2218
30834012-873065,Maquina De Soldar Inverter Makete Yb1200h 140a Portátil - Color: Negro,http://http2.mlstatic.com/D_930613-MLV96283700204_102025-O.webp,MASS1877
MASS3064,Caja de Barajitas de 104 Sobres Panini Copa Mundial FIFA 2026,,MASS3064
31087545-905756,Alexa Amazon Echo Spot Con Reloj Nuevo 2024 Pantalla Táctil - Color: Blanco,http://http2.mlstatic.com/D_928595-MLV83647045480_042025-O.webp,MASS2004
31087545-905755,Alexa Amazon Echo Spot Con Reloj Nuevo 2024 Pantalla Táctil - Color: Azul,http://http2.mlstatic.com/D_983600-MLV86905011267_062025-O.webp,MASS2003
31087545-905754,Alexa Amazon Echo Spot Con Reloj Nuevo 2024 Pantalla Táctil - Color: Negro,http://http2.mlstatic.com/D_707105-MLV83939930691_042025-O.webp,MASS2005
30834005-873070,Maquina Fabricador De Hielo Gsn-z6y1 120w Cubos - Color: Blanco,http://http2.mlstatic.com/D_732116-MLV82237777825_022025-O.webp,MASS1876
MASS2306,Silla Gamer Gaming Ergonomica Reclinable Varios Colores - Color: Azul - Material del tapizado: Cuero sintético,http://http2.mlstatic.com/D_701262-MLV102281226776_122025-O.webp,MASS2306
MASS2305,Silla Gamer Gaming Ergonomica Reclinable Varios Colores - Color: Rojo - Material del tapizado: Cuero sintético,http://http2.mlstatic.com/D_928985-MLV102789421641_122025-O.webp,MASS2305
MASS2699,Silla Gamer Gaming Ergonomica Reclinable Varios Colores - Color: Negro - Material del tapizado: Cuero sintético,https://i.postimg.cc/GmDRkK2X/Captura-de-pantalla-2026-06-17-085550.png,MASS2699
30947021-896608,Impresora Termica De Etiqueta 4x6 - Color: Blanco,http://http2.mlstatic.com/D_972478-MLV82795510020_032025-O.webp,MASS1454
MASS2782,Maquina Sodastream Gaia Para Hacer Agua Con Gas En Casa,https://i.postimg.cc/FK2wsftS/Captura-de-pantalla-2026-07-24-094600.png,MASS2782
MASS1362,Toldo Plegable 3x3 Metros Lona Impermeable Camping Playa,https://http2.mlstatic.com/D_639537-MLV73225924219_122023-O.webp,MASS1362
MASS1853,Juego De Ollas Y Sartenes 13 Piezas Ceramica Antiadherentes - Color: Blanco,http://http2.mlstatic.com/D_809723-MLV80659223478_112024-O.webp,MASS1853
27714314-666417,Set Juego De Olla Acero Inoxidable 52 Pcs Mainstays Cocina - Color: Plateado,http://http2.mlstatic.com/D_601863-MLV54149302837_032023-O.webp,MASS0898
MASS2034,Cerradura Digital Inteligente Huella Dactilar Wifi App Tuya - Color: Negro,http://http2.mlstatic.com/D_754283-MLV95795936530_102025-O.webp,MASS2034
MASS2733,Maquina Cafetera Espresso Raf Electrica Espumador R.136,https://i.postimg.cc/Sx47SY1w/Captura-de-pantalla-2026-08-03-084825.png,MASS2733
MASS2033,Calentador De Agua Eléctrico Instantáneo Digital 110v 3000w - Color: Blanco,http://http2.mlstatic.com/D_947053-MLV93732473901_092025-O.webp,MASS2033
MASS0506,Juego de Ollas Tramontina Provence 9 piezas Gris,https://storage.mercas.ist/cashea/new_6a184215dd49e0.71079470.png,MASS0506
MASS0507,Juego de Ollas Tramontina Provence 9 piezas Azul,https://storage.mercas.ist/cashea/new_6a18374ee87262.94228700.webp,MASS0507
23478978-489735,Set Juego De Ollas 18 Pieza Cocina Tramontina Antiadherente - Color: Gris,http://http2.mlstatic.com/D_871643-MLV47528923308_092021-O.webp,MASS0505
MASS2732,Freidora De Aire Digital Agora Crispy 4.5l+1.8l Doble Vidrio,https://i.postimg.cc/8frdwwyX/Captura-de-pantalla-2026-07-29-152304.png,MASS2732
MASS2582,Incubadora De Huevos 48pz Verde 50w Con Rotación Automática,https://i.postimg.cc/ZRYWwKcG/Captura-de-pantalla-2026-07-02-154710.png,MASS2582
28268679,Maquina De Boxeo Con Bluetooth Entrenamiento Musica Deporte,https://http2.mlstatic.com/D_607564-MLV80911396533_112024-O.webp,
MASS2343,Rebanadora Electrica 130w Raf R.98800-110 - Color: Plateado,http://http2.mlstatic.com/D_991654-MLV104854832857_012026-O.webp,MASS2343
21738558-455266,Amazon Alexa Echo Show Altavoz Inteligente 5ta Generación - Color: Negro,http://http2.mlstatic.com/D_687740-MLV46194561257_052021-O.webp,MASS1246
31029167-900482,Estabilizador Gimbal Para Celular 3 Ejes Giratorio F6 - Color: Negro,http://http2.mlstatic.com/D_947000-MLV83087196996_032025-O.webp,MASS1982
MASS1396,Switch Cudy 16 Puertos Gigabit Rj45 Cable Red Ethernet,https://http2.mlstatic.com/D_899312-MLV76709801319_052024-O.webp,MASS1396
MASS2339,Extractor Eléctrico De Jugo Frutas Verduras Raf R.92831-110 - Color: Rojo,http://http2.mlstatic.com/D_850191-MLV104108754162_012026-O.webp,MASS2339
28588040-786398,"Tablet Vortex T10m Pro+ 4/64 Gb Lte 10,1 Pulgadas Android 12 - Color: Azul marino",http://http2.mlstatic.com/D_975893-MLV95796000270_102025-O.webp,MASS2006
MASS2463,Juego De Mancuernas Ajustables Discos Entrenamiento 40 Kg - Color: Negro,http://http2.mlstatic.com/D_835948-MLV107529001618_032026-O.webp,MASS2463
MASS1844,Tablet Surf Onn 3 Gen 7  32gb 2gb Ram Android 12 Playstore - Color: Negro,http://http2.mlstatic.com/D_976353-MLV101663009099_122025-O.webp,MASS1844
MASS2197,Impresora Térmica Papel 80mm Comandera Tickera Usb Lan - Color: Negro,http://http2.mlstatic.com/D_653483-MLV97651050281_112025-O.webp,MASS2197
MASS1551,Maquina De Soldar Portatil 110v Gran Potencia - Color: Naranja oscuro,http://http2.mlstatic.com/D_714871-MLV80919563737_112024-O.webp,MASS1551
MASS2616,Freidora De Aire Air Fryer Raf 6 Litros R.5010-110v,https://i.postimg.cc/gJrmjp4V/Captura-de-pantalla-2026-06-29-105725.png,MASS2616
MASS2437,Lámpara De Techo Led Colgante Moderna Inteligente Sala - Color de la estructura: Dorado,http://http2.mlstatic.com/D_617371-MLV107425364875_022026-O.webp,MASS2437
MASS2436,Lámpara De Techo Led Colgante Moderna Inteligente Sala - Color de la estructura: Negro,http://http2.mlstatic.com/D_917704-MLV107425244293_022026-O.webp,MASS2436
30836127-873285,Carrito Plegable Playero Camping Todo Terreno Soporta 130 Kg - Color: Negro,http://http2.mlstatic.com/D_743215-MLV81956965030_022025-O.webp,MASS1899
30686611-861648,Carote Juego De Ollas Carote 5 Pcs Acero Inoxidable - Color: Plateado,http://http2.mlstatic.com/D_914027-MLV80659190406_112024-O.webp,MASS1851
MASS0533,Taladro Inalámbrico 3/8 Hyper Tough Kit 50 Piezas,https://storage.mercas.ist/cashea/new_6a1844bdb60815.95175601.webp,MASS0533
MASS2573,Perfume Original Orientica Royal Amber - Eau de Parfum (2.7 oz - 80 ml) Unisex,https://storage.mercas.ist/cashea/new_69ca9f8c843837.74659461.webp,MASS2573
MASS2572,Perfume Original Orientica Amber Rouge - Eau de Parfum (2.7 oz - 80 ml) Unisex,https://storage.mercas.ist/cashea/new_69ca9ebb9d3333.20078774.jpg,MASS2572
MASS2308,Silla Ejecutiva De Escritorio Oficina Brazo Nylon Se01 - Color: Negro - Material del tapizado: Malla,http://http2.mlstatic.com/D_789736-MLV102278734184_122025-O.webp,MASS2308
MASS1376,Mesa Rectangular Plegable Plastico Duro 1.80 Metros Hogar,https://http2.mlstatic.com/D_613031-MLV73006512403_112023-O.webp,MASS1376
MASS2338,Picadora De Carne Eléctrica Multifuncional 1200w Raf,https://http2.mlstatic.com/D_918610-MLV104105998396_012026-O.webp,MASS2338
MASS2014,Camara Robotica Ezviz Ip H8c 1080p - Color: Blanco,http://http2.mlstatic.com/D_731846-MLV86344632841_062025-O.webp,MASS2014
MASS2785,Camara Seguridad Tp-link Tapo C402 Kit Inalambrica Wifi,https://i.postimg.cc/GpJ0mFRY/Captura-de-pantalla-2026-07-24-100655.png,MASS2785
MASS2525,Perfume Original Bharara King - Eau De Parfum 100ml (3.4 oz) Para Caballero,https://storage.mercas.ist/cashea/new_69c4039d605181.21949570.webp,MASS2525
MASS2508,Perfume Original Ariana Grande Cloud Intense (2.0) - Eau De Parfum 100ml (3.4 oz) Para Dama,https://storage.mercas.ist/cashea/new_69c3dcef9dffb6.69207951.jpg,MASS2508
MASS2213,Maquina De Boxeo Bluetooth Entrenamiento Gimnasio Ejercicio - Color: Negro,http://http2.mlstatic.com/D_824833-MLV99010996614_112025-O.webp,MASS2213
MASS1897,Bañera De Hielo Terapia De Agua Fria Inmersión Tina Plegable,https://http2.mlstatic.com/D_786218-MLV81956789072_022025-O.webp,MASS1897
23644346-497544,Esmeril 6 Amp 4-1/2 Angle Grinder Hyper Tough - Color: Negro con Rojo,http://http2.mlstatic.com/D_822819-MLV47872485951_102021-O.webp,MASS0206
23417915-485336,Set De Herramientas 107 Piezas Hyper Tough Mecanico  - Color: Negro,http://http2.mlstatic.com/D_656874-MLV47327924669_092021-O.webp,MASS0500
22524962-460553,Set De Herramientas 113 Piezas Hyper Tough Mecanico  - Color: Negro,http://http2.mlstatic.com/D_685813-MLV80919604291_112024-O.webp,MASS0501
26849605-618711,Escritorio Gaming Tribesigns Soportes De Monitor Pc Laptop - Color: Negro,http://http2.mlstatic.com/D_662360-MLV91816283954_092025-O.webp,MASS1346
MASS2261,Satisfyer Pro 3+ Succionador De Clitoris Recargable - Color: Negro,http://http2.mlstatic.com/D_600834-MLV98731982310_112025-O.webp,MASS2261
MASS2012,Router Mercusys AX3000 Dual Band 4 Antenas Wi-Fi 6 MR80X,https://storage.mercas.ist/cashea/new_68235b31639c86.25070824.jpg,MASS2012
MASS2578,Perfume Original Ralph Lauren Polo Blue  - Eau de Toilette (4.2 oz - 125 ml) Para Caballero,https://storage.mercas.ist/cashea/new_69ca8e2c3475e3.14110401.webp,MASS2578
MASS2579,Perfume Original Ralph Lauren Polo Red  - Eau de Toilette (4.2 oz - 125 ml) Para Caballero,https://storage.mercas.ist/cashea/edit_69d92e0f5c11e5.27038625.webp,MASS2579
MASS2502,Perfume Original Al Haramain Amber Oud Gold Edition - Eau De Parfum 120ml (4.0 oz) Unisex,https://storage.mercas.ist/cashea/new_69c2953dd8e1e9.89564957.jpg,MASS2502
MASS1858,Tablet Sky Pad 8 Pro 3gb Ram 64gb 8 Pulgadas - Color: Negro,http://http2.mlstatic.com/D_883041-MLV101665540309_122025-O.webp,MASS1858
MASS1768,Cámara Robotica Ezviz Robotica Wifi Con Doble Lente H7c - Color: Blanco,http://http2.mlstatic.com/D_684871-MLV86027084578_062025-O.webp,MASS1768
MASS2621,Olla De Presión Eléctrica Raf 6l Multifunción Antiadherente,https://i.postimg.cc/qRmccs8j/Captura-de-pantalla-2026-06-29-110832.png,MASS2621
23479284-639113,Juego De Ollas 9 Pieza De Cocina Tramontina  Antiadherentes  - Color: Gris,http://http2.mlstatic.com/D_910922-MLV80659631484_112024-O.webp,MASS0506
MASS2510,Perfume Original Armaf Club De Nuit Precieux 1 - Extrait De Parfum 55ml (1.85 oz) Unisex,https://storage.mercas.ist/cashea/new_69c3dfab0b13d1.26062176.webp,MASS2510
MASS2361,Aspiradora 3 En 1 Raf 600w Filtro Lavable Ciclónico R.98672 - Color: Negro,http://http2.mlstatic.com/D_767928-MLV104868206063_012026-O.webp,MASS2361
MASS2336,Olla Eléctrica Multifuncional 6l Antiadherente 1300w Raf - Color: Negro - Frecuencia: 50HZ / 60HZ,http://http2.mlstatic.com/D_809279-MLV104102319282_012026-O.webp,MASS2336
MASS0474,Router Mercusys AX1800 Dual Band MR70X 4 Antenas WiFi 6,https://storage.mercas.ist/cashea/new_682356fa484fa0.97990609.jpg,MASS0474
30840274-874699,Dildo Consolador Cojin Inflable Con Asiento Removible - Color: Negro,http://http2.mlstatic.com/D_803608-MLV82272423035_022025-O.webp,MASS1936
MASS1805,Camara 360 De Seguridad Ptz Ip66 Exteriores Con Panel Solar - Color: Blanco,http://http2.mlstatic.com/D_644361-MLV78213537398_082024-O.webp,MASS1805
MASS1537,Lampara Media Luna Profesional Maquillaje Cejas Pestañas - Color de la estructura: Blanco,http://http2.mlstatic.com/D_649987-MLV76153032864_052024-O.webp,MASS1537
MASS2683,Juego De Ollas Carote Acero Inoxidable 6 Piezas A14037,https://i.postimg.cc/NMv0bKCk/Captura-de-pantalla-2026-06-05-110659.png,MASS2683
MASS2618,Freidora De Aire Airfryer Raf 5l Antiadherente Digital 1500w - Blanco,https://i.postimg.cc/T2gYDdf3/Captura-de-pantalla-2026-06-29-110100.png,MASS2618
MASS2617,Freidora De Aire Airfryer Raf 5l Antiadherente Digital 1500w - Negro,https://i.postimg.cc/HnwYD2BS/Captura-de-pantalla-2026-06-29-110052.png,MASS2617
MASS1383,Router Deco Cudy Mesh Ac1200 Gibabit Doble Banda Wifi 150 M2,https://http2.mlstatic.com/D_946042-MLV74251815808_022024-O.webp,MASS1383
MASS1852,Juego De Ollas Y Sartenes Caroteno 5 Piezas Granito - Color: Cerámica Blanca,http://http2.mlstatic.com/D_898048-MLV80659182466_112024-O.webp,MASS1852
MASS2568,Perfume Original Messi (The Fragrance) - Eau de Parfum (3.4 oz - 100 ml) Para Caballero,https://storage.mercas.ist/cashea/new_69ca9d08b93345.39992027.webp,MASS2568
MASS2530,Perfume Original Fragrance World Liquid Brun - Eau De Parfum 100ml (3.4 oz) Para Caballero,https://storage.mercas.ist/cashea/new_69c40e247985f2.10526135.jpg,MASS2530
MASS2364,Parrillera Grill Raf 1500w Doble Cara R.92601-110 - Color: Plateado,http://http2.mlstatic.com/D_738069-MLV104866117897_012026-O.webp,MASS2364
MASS2303,Silla Ejecutiva Ergonomica Deluxe A6p - Color: Negro - Material del tapizado: Malla,http://http2.mlstatic.com/D_639464-MLV102788195391_122025-O.webp,MASS2303
11519707-905743,Amazon Alexa Echo Dot Altavoz Inteligente 3era Generacion - Color: Gris,http://http2.mlstatic.com/D_676239-MLV83647051576_042025-O.webp,MASS2009
11519707-905742,Amazon Alexa Echo Dot Altavoz Inteligente 3era Generacion - Color: Blanco,http://http2.mlstatic.com/D_915523-MLV83646892834_042025-O.webp,MASS2008
11519707-642711,Amazon Alexa Echo Dot Altavoz Inteligente 3era Generacion - Color: Negro,http://http2.mlstatic.com/D_635179-MLV42372860508_062020-O.webp,MASS0011
MASS2684,Juego De Sartenes Carote 4 Piezas Colores Mango Removible - Rosa - A14310,https://i.postimg.cc/VsB3JJq0/Captura-de-pantalla-2026-06-05-113232.png,MASS2684
MASS2685,Juego De Sartenes Carote 4 Piezas Colores Mango Removible - Azul - A14309,https://i.postimg.cc/kMbgzvPh/Captura-de-pantalla-2026-06-05-113126.png,MASS2685
MASS2682,Set De Termos Carote Acero Inoxidable Termicos - Azul,https://i.postimg.cc/KzSskq5w/Captura-de-pantalla-2026-06-05-104858.png,MASS2682
MASS2681,Set De Termos Carote Acero Inoxidable Termicos - Rosado,https://i.postimg.cc/RhPRRXcX/Captura-de-pantalla-2026-06-05-103937.png,MASS2681
MASS2211,Proyector Hy300 Wifi Bluetooth Con Android 4k - Color: Blanco,http://http2.mlstatic.com/D_611314-MLV95346567307_102025-O.webp,MASS2211
MASS0487,Router Mercusys AC1900 Dual Band Gigabit MR50G,https://storage.mercas.ist/cashea/new_682354b99e4aa1.47133647.jpg,MASS0487
21424572-611947,Amazon Fire Tv Stick Streaming Hd Smart Netflix Youtube Hbo - Color: Negro - Tipo de control remoto: De voz,http://http2.mlstatic.com/D_606022-MLV80658667340_112024-O.webp,MASS0013
MASS1680,Camara Vigilancia Vision Nocturna Wifi Deteccion Ezviz H3c - Color: Blanco,http://http2.mlstatic.com/D_819830-MLV77412902975_072024-O.webp,MASS1680
MASS1845,Auricular Bud Inalámbrico Lamborghini Huracan 700 Amarillo,https://http2.mlstatic.com/D_950616-MLV82884894487_032025-O.webp,MASS1845
28595986-787141,Mini Motosierra Inalambrica Portatil 6 En 1 Con 2 Baterias - Color: Negro,http://http2.mlstatic.com/D_812114-MLV80656636468_112024-O.webp,MASS1527
MASS2342,Freidora Eléctrica Profesional Raf R.5220 5.5l 21600w,https://i.postimg.cc/vHVdPrZr/Captura-de-pantalla-2026-07-31-133543.png,MASS2342
MASS2586,Perchero Doble De Hierro Rejilla Lateral Estantes Y Ruedas - Color: Negro,http://http2.mlstatic.com/D_726402-MLV110949573573_042026-O.webp,MASS2586
MASS2460,Rodillo De Entrenamiento Abdominal Con Temporizador - Color: Negro,http://http2.mlstatic.com/D_894997-MLV107526234890_032026-O.webp,MASS2460
MASS2362,Aspiradora Eléctrica 2 En 1 Raf 600w Filtro Lavable R.8708 - Color: Negro,http://http2.mlstatic.com/D_819099-MLV104315231060_012026-O.webp,MASS2362
MASS2431,Pisos Vinil Pvc Spc Tipo Clip Alto Trafico 5mm - Color: Gris claro - Nombre del diseño: CBS9300,http://http2.mlstatic.com/D_969345-MLA104023474312_012026-O.webp,MASS2431
MASS2430,Pisos Vinil Pvc Spc Tipo Clip Alto Trafico 5mm - Color: Madera - Nombre del diseño: CBS1025-5,http://http2.mlstatic.com/D_791628-MLA104024030432_012026-O.webp,MASS2430
MASS2429,Pisos Vinil Pvc Spc Tipo Clip Alto Trafico 5mm - Color: Madera Clara - Nombre del diseño: CBS9304,http://http2.mlstatic.com/D_927133-MLA104024028900_012026-O.webp,MASS2429
30982297-898947,Pisos Vinil Pvc Autoadhesivo Alto Trafico 2.0mm Por Caja - Color: HM3015,http://http2.mlstatic.com/D_629784-MLV73225237653_122023-O.webp,MASS1403
30982297-898953,Pisos Vinil Pvc Autoadhesivo Alto Trafico 2.0mm Por Caja - Color: HM3041,http://http2.mlstatic.com/D_794257-MLV73331087018_122023-O.webp,MASS1327
30982297-898951,Pisos Vinil Pvc Autoadhesivo Alto Trafico 2.0mm Por Caja - Color: HM3038,http://http2.mlstatic.com/D_908891-MLV72959059847_112023-O.webp,MASS1325
30982297-898950,Pisos Vinil Pvc Autoadhesivo Alto Trafico 2.0mm Por Caja - Color: HM3027,http://http2.mlstatic.com/D_889310-MLV72959004019_112023-O.webp,MASS1326
30982297-898954,Pisos Vinil Pvc Autoadhesivo Alto Trafico 2.0mm Por Caja - Color: HM3054,http://http2.mlstatic.com/D_739270-MLV72881392720_112023-O.webp,MASS1323
30982297-898949,Pisos Vinil Pvc Autoadhesivo Alto Trafico 2.0mm Por Caja - Color: HM3023,http://http2.mlstatic.com/D_944919-MLV73331007454_122023-O.webp,MASS1404
30982297-898960,Pisos Vinil Pvc Autoadhesivo Alto Trafico 2.0mm Por Caja - Color: Hm6602,http://http2.mlstatic.com/D_761522-MLV73141115088_122023-O.webp,MASS1399
30982297-898959,Pisos Vinil Pvc Autoadhesivo Alto Trafico 2.0mm Por Caja - Color: Hm6601,http://http2.mlstatic.com/D_627717-MLV73141066676_122023-O.webp,MASS1398
30982297-898961,Pisos Vinil Pvc Autoadhesivo Alto Trafico 2.0mm Por Caja - Color: Hm7712,,MASS1400
30982297-898955,Pisos Vinil Pvc Autoadhesivo Alto Trafico 2.0mm Por Caja - Color: Hm3017,http://http2.mlstatic.com/D_889833-MLV77109721113_062024-O.webp,MASS1737
MASS2580,Perfume Original Rasasi Hawas Tropical 100 Ml Edp Para Caballero,https://storage.mercas.ist/cashea/new_69ca797d614fd8.36158067.webp,MASS2580
MASS2531,Perfume Original French Avenue Vulcan Feu - Extrait De Parfum 100ml (3.4 oz) Unisex,https://storage.mercas.ist/cashea/new_69c410e57c5168.28577050.webp,MASS2531
MASS2501,Perfume Original Afnan 9PM Rebel (Red Edition) - Eau De Parfum 100ml (3.4 oz) Unisex,https://storage.mercas.ist/cashea/new_69c293df98d0d8.17719416.jpg,MASS2501
MASS2499,Perfume Original Afnan 9PM Elixir - Parfum Intense 100ml (3.4 oz) Unisex,https://storage.mercas.ist/cashea/new_69c291a7be6a11.58111383.jpg,MASS2499
MASS2462,Juego De Mancuernas Ajustables Discos Entrenamiento 20 Kg - Color: Negro,http://http2.mlstatic.com/D_708027-MLV108254947343_032026-O.webp,MASS2462
MASS2304,Silla De Oficina Ergonómica 9050n Transpirable Con Soporte - Color: Negro - Material del tapizado: Malla,http://http2.mlstatic.com/D_657582-MLV110792394299_042026-O.webp,MASS2304
MASS2235,Maquina De Cafe Portatil Viaje Espresso Recargable - Color: Negro,http://http2.mlstatic.com/D_816969-MLV98967177825_112025-O.webp,MASS2235
MASS1679,Cámara Inteligente Wi-fi Con Batería Hogar Ezviz Cb1 - Color: Blanco,http://http2.mlstatic.com/D_920373-MLV96201095220_102025-O.webp,MASS1679
MASS1879,Pistola Paint Zoom 650w Hvlp 800ml Pinta Fácil,https://http2.mlstatic.com/D_815959-MLV84427559619_052025-O.webp,MASS1879
31029166-900456,Barril Ahumador Parrillera Portatil Carbon Asador - Color: Negro,http://http2.mlstatic.com/D_601984-MLV83086664448_032025-O.webp,MASS1981
MASS2620,Freidora De Aire Air Fryer 3 Litros Raf 1300w R.95237-110 - Negro,https://i.postimg.cc/ydTQM30f/Captura-de-pantalla-2026-06-29-110512.png,MASS2620
MASS2619,Freidora De Aire Air Fryer 3 Litros Raf 1300w R.95237-110 - Blanco,https://i.postimg.cc/2SPKhDzj/Captura-de-pantalla-2026-06-29-110445.png,MASS2619
MAS2580,Perfume Original Rasasi Hawas Tropical 100 Ml Edp,https://i.postimg.cc/ZY2nPggZ/Screenshot-2026-05-28-150659.png,MASS2580
MASS2122,Router Ezviz Ax3000 Mesh Wifi 6 Hasta 3000mbps Dual Band,https://http2.mlstatic.com/D_873967-MLV95794699346_102025-O.webp,MASS2122
MASS2013,Router Mercusys AX1500 Dual Band 4 Antenas Wi-Fi 6 MR60X,https://storage.mercas.ist/cashea/new_68235e9629b8c5.42565053.jpg,MASS2013
27559228-652259,Alexa Echo Dot 5ta Gen Año 2022 Corneta Altavoz Inteligente - Color: Negro,http://http2.mlstatic.com/D_656438-MLV53101441283_122022-O.webp,MASS0009
27559228-790398,Alexa Echo Dot 5ta Gen Año 2022 Corneta Altavoz Inteligente - Color: Blanco,http://http2.mlstatic.com/D_958069-MLV75020013126_032024-O.webp,27559228-790398
27559228-790397,Alexa Echo Dot 5ta Gen Año 2022 Corneta Altavoz Inteligente - Color: Azul oscuro,http://http2.mlstatic.com/D_880476-MLV75019924028_032024-O.webp,27559228-790397
MASS2552,Perfume Original Lattafa His Confession - Eau de Parfum (3.4 oz - 100 ml) Para Caballero,https://storage.mercas.ist/cashea/new_69ca940f2b6c32.79523554.webp,MASS2552
MASS2551,Perfume Original Lattafa Her Confession - Eau de Parfum (3.4 oz - 100 ml) Para Dama,https://storage.mercas.ist/cashea/new_69ca93ab7a8898.38078167.webp,MASS2551
MASS2533,Perfume Original Hugo Boss Green (The Cantimplora) - Eau De Toilette 125ml (4.2 oz) Para Caballero,https://storage.mercas.ist/cashea/new_69c412de8a22c4.86049541.webp,MASS2533
MASS2529,Perfume Original Dumont Nitro Red - Eau De Parfum 100ml (3.4 oz) Para Caballero,https://storage.mercas.ist/cashea/new_69c40bdc76e487.80179959.webp,MASS2529
MASS2456,Radio Reproductor Pantalla 7 Pulgadas Bluetooth Mp5 Carro - Color: Blanco,http://http2.mlstatic.com/D_730034-MLV106964270114_022026-O.webp,MASS2456
MASS1569,Camara Vigilancia Smart Wifi 360 Vision Nocturna Ezviz H6c - Color: Blanco,http://http2.mlstatic.com/D_725781-MLV75053746105_032024-O.webp,MASS1569
MASS3067,Album Panini Tapa Dura Gold Mundial 2026 Dorado,https://i.postimg.cc/c6yKyM5p/Captura-de-pantalla-2026-07-13-100231.png,MASS3067
MASS2603,Estante Metálico 5 Niveles Galvanizado Repisas Estantería Agora,https://storage.mercas.ist/cashea/new_6a184d3f163872.59473861.webp,MASS2603
MASS2653,Mini Ups 20000mah Modem Router  NIU Telecom,https://storage.mercas.ist/cashea/new_6a023a655e1cb6.77216579.webp,MASS2653
28692913-798588,Maquina Sexual Femenina Pistola Recargable Vibrador  - Color: Rojo,http://http2.mlstatic.com/D_615387-MLV76126342452_052024-O.webp,MASS1724
MASS1989,Pisos Vinil Pvc Autoadhesivo Alto Trafico 2.0mm Por Caja - Color: HM3043,http://http2.mlstatic.com/D_993507-MLV97456387941_112025-O.webp,MASS1989
30982297-898948,Pisos Vinil Pvc Autoadhesivo Alto Trafico 2.0mm Resistente - Color: HM3018,http://http2.mlstatic.com/D_757284-MLV72881485618_112023-O.webp,MASS1328
30982297-898946,Pisos Vinil Pvc Autoadhesivo Alto Trafico 2.0mm Por Caja - Color: HM3013,http://http2.mlstatic.com/D_948887-MLV83203544727_032025-O.webp,MASS1402
30982297-898958,Pisos Vinil Pvc Autoadhesivo Alto Trafico 2.0mm Por Caja - Color: Hm3036,,MASS1918
30982297-898957,Pisos Vinil Pvc Autoadhesivo Alto Trafico 2.0mm Por Caja - Color: Hm3026,http://http2.mlstatic.com/D_687758-MLV82914718234_032025-O.webp,MASS1918
30982297-898956,Pisos Vinil Pvc Autoadhesivo Alto Trafico 2.0mm Por Caja - Color: Hm3024,http://http2.mlstatic.com/D_953756-MLV82914520996_032025-O.webp,MASS1736
30982297-898945,Pisos Vinil Pvc Autoadhesivo Alto Trafico 2.0mm Por Caja - Color: Hm3020,http://http2.mlstatic.com/D_898971-MLV83203320431_032025-O.webp,MASS1917
30982297-898952,Pisos Vinil Pvc Autoadhesivo Alto Trafico 2.0mm Resistente - Color: HM3039,http://http2.mlstatic.com/D_922839-MLV73331116856_122023-O.webp,MASS1324
MASS1402,Pisos Vinil Pvc Autoadhesivo Alto Trafico 2.0mm Resistente - Color: HM3013,http://http2.mlstatic.com/D_721270-MLV73331126886_122023-O.webp,MASS1402
28286130-728887,Pisos Vinil Pvc Autoadhesivo Alto Trafico 2.0mm Resistente - Color: HM3054,http://http2.mlstatic.com/D_739270-MLV72881392720_112023-O.webp,MASS1323
MASS1324,Pisos Vinil Pvc Autoadhesivo Alto Trafico 2.0mm Resistente - Color: HM3039,http://http2.mlstatic.com/D_922839-MLV73331116856_122023-O.webp,MASS1324
MASS1738,Pisos Vinil Pvc Autoadhesivo Alto Trafico 2.0mm Resistente - Color: Hm3036,,MASS1738
28286130-804344,Pisos Vinil Pvc Autoadhesivo Alto Trafico 2.0mm Resistente - Color: Hm017,http://http2.mlstatic.com/D_889833-MLV77109721113_062024-O.webp,MASS1737
MASS1736,Pisos Vinil Pvc Autoadhesivo Alto Trafico 2.0mm Resistente - Color: Hm024,http://http2.mlstatic.com/D_837060-MLV76901498400_062024-O.webp,MASS1736
MASS1328,Pisos Vinil Pvc Autoadhesivo Alto Trafico 2.0mm Resistente - Color: HM3018,http://http2.mlstatic.com/D_757284-MLV72881485618_112023-O.webp,MASS1328
MASS0704,Maquina Sexual Masturbadora Consolador Automatica Vibrador,https://http2.mlstatic.com/D_639015-MLV80656635804_112024-O.webp,MASS0704
MASS2556,Perfume Original Lattafa Musamam White Intense - Eau de Parfum (3.4 oz - 100 ml) Unisex,https://storage.mercas.ist/cashea/new_69ca95b7942730.02395031.webp,MASS2556
MASS1073,Estante De 3 Niveles Organizador De Utensilio De Cocina Rack,https://http2.mlstatic.com/D_882426-MLV80922192581_112024-O.webp,MASS1073
MASS2564,Perfume Original Lattafa Yara Elixir - Eau de Parfum (3.4 oz - 100 ml) Para Dama,https://storage.mercas.ist/cashea/new_69ca9a4aba8293.19667984.webp,MASS2564
MASS2543,Perfume Original Lattafa Asad Elixir - Eau de Parfum (3.4 oz - 100 ml) Para Caballero,https://storage.mercas.ist/cashea/edit_69d92d6fcb4050.13984239.webp,MASS2543
MASS2528,Perfume Original Davidoff Cool Water - Eau De Toilette 200ml (6.7 oz) Para Dama,https://storage.mercas.ist/cashea/new_69c40a78808a94.33526557.webp,MASS2528
MASS2344,Extractor De Jugos Raf 1000w Profesional R.92817s-110 - Color: Negro,http://http2.mlstatic.com/D_819049-MLV104654385431_012026-O.webp,MASS2344
MASS2340,Sartén Eléctrico Olla 6l Multiuso Tapa De Vidrio 1100w Raf - Color: Blanco - Frecuencia: 50 Hz / 60 Hz,http://http2.mlstatic.com/D_846086-MLV104105741002_012026-O.webp,MASS2340
23479299-489769,"Juego De Sarten De Hierro Fundido, Come Sano. 3 Sartenes. - Color: Negro",,MASS1265
MASS2622,Maquina Yogurt Digital Raf Vidrio Acero Inoxidable 25w,https://i.postimg.cc/4x55PHRx/Captura-de-pantalla-2026-06-29-111203.png,MASS2622
MASS2604,Estante Organizador Plastico 5 Niveles Armable Negro Agora,https://storage.mercas.ist/cashea/new_6a184cc3ec6d86.57838567.webp,MASS2604
30830227-870872,Secadora Portátil Folding Gyj-002 Eléctrica 9.97 Kg Interior - Color: Beige,http://http2.mlstatic.com/D_906415-MLV86402487336_062025-O.webp,MASS1859
28596281-787405,Set Juego De Ollas 13 Pieza Cocina Antiadherente - Color: Negro,http://http2.mlstatic.com/D_801419-MLV93309244770_092025-O.webp,MASS1896
MASS2731MASS3068,Combo de Kit de Actualizacion Panini Mundial 2026 + Balon,https://i.postimg.cc/YSHxYHvM/escena-Whats-App-Image-2026-07-31-at-2-11-39-PM-(1)-jpeg.jpg,MASS3068
MASS2541,Perfume Original Lattafa Angham  - Eau de Parfum (3.4 oz - 100 ml) Para Dama,https://storage.mercas.ist/cashea/new_69ca8f3d4d06a5.16603888.webp,MASS2541
MASS2577,Perfume Original Ralph Lauren Polo Big Pony 2 (Pink) - Eau de Toilette (3.4 oz - 100 ml) Para Dama,https://storage.mercas.ist/cashea/new_69ca8e87c81aa2.87905198.jpg,MASS2577
MASS2514,Perfume Original Armaf Odyssey Mandarin Sky - Eau De Parfum 100ml (3.4 oz) Para Caballero,https://storage.mercas.ist/cashea/new_69c3e54369edd3.39452298.webp,MASS2514
MASS2500,Perfume Original Afnan 9PM - Eau De Parfum 100ml (3.4 oz) Para Caballero,https://storage.mercas.ist/cashea/new_69c292c72e4701.36246170.jpg,MASS2500
MASS2498,Perfume Original Afnan 9AM Dive - Eau De Parfum 100ml (3.4 oz) Unisex,https://storage.mercas.ist/cashea/new_69c28f7bb02f32.99864961.jpg,MASS2498
MASS2347,Licuadora De Vaso Vidrio Raf 300w 1.5l Picatodo R.9295-110 - Color: Plateado,http://http2.mlstatic.com/D_641884-MLV104134137396_012026-O.webp,MASS2347
MASS2434,Kit De Yoga Pilates 7 En 1 Completo Mat Pelota Rodillo Aro - Color: Morado,http://http2.mlstatic.com/D_708526-MLV105575201645_012026-O.webp,MASS2434
MASS2233,Cámara De Seguridad Wifi 8mp 4k Ptz Dual Zoom App Icsee - Color: Negro,http://http2.mlstatic.com/D_748763-MLV99028181130_112025-O.webp,MASS2233
MASS2214,Mini Aire Portátil De Pared Frio Calefaccion - Color: Blanco,http://http2.mlstatic.com/D_771729-MLV99008179948_112025-O.webp,MASS2214
30833608-871751,Maquina De Coser Domestica 12 Puntadas Multifuncion - Color: Blanco,http://http2.mlstatic.com/D_615499-MLV82237776937_022025-O.webp,MASS1873
MASS1041,Limpiador A Vapor Portatil De 1200w 350ml Limpieza Profunda,https://http2.mlstatic.com/D_624638-MLV80655598662_112024-O.webp,MASS1041
26849250-618710,Aspiradora Automatica Xtremepowerus Limpiador De Psicinas - Color: Azul,http://http2.mlstatic.com/D_935772-MLV50998255925_082022-O.webp,MASS0723
MASS0550,Termo De Agua Contigo Fit De 2 Litros Negro Fitness,https://storage.mercas.ist/cashea/new_6a18474ebaaf61.62673758.webp,MASS0550
MASS2322,Kit De Yoga Pilates 7 En 1 Completo Mat Pelota Rodillo Aro - Color: Rosa,http://http2.mlstatic.com/D_796206-MLV105576365495_012026-O.webp,MASS2322
30838738-874079,Satisfyer Recargable Plug Ilicious Vibrador Anal - Color: Rosa,http://http2.mlstatic.com/D_689939-MLV87342850899_072025-O.webp,MASS1921
22706508-668538,Vibrador Consolador Stretch 12 Funciones 25mm Silicon  - Color: Fucsia,http://http2.mlstatic.com/D_896300-MLV80658668294_112024-O.webp,MASS0599
28644577-790162,Mini Impresora Termica Portatil 58 Mm Usb Bluetooth De Mano - Color: Negro,http://http2.mlstatic.com/D_744314-MLV75101845157_032024-O.webp,MASS1571
MASS2576,Perfume Original Perry Ellis 360 Red  - Eau de Parfum (3.4 oz - 100 ml) Para Dama,https://storage.mercas.ist/cashea/new_69caa09b36b955.49067472.webp,MASS2576
MASS2575,Perfume Original Perry Ellis 360 Red - Eau de Toilette (3.4 oz - 100 ml) Para Caballero,https://storage.mercas.ist/cashea/new_69caa053e2a269.82845474.webp,MASS2575
MASS2567,Perfume Original Lattafa Yara (Pink) - Eau de Parfum (3.4 oz - 100 ml) Para Dama,https://storage.mercas.ist/cashea/new_69ca9c2865fb74.81000556.webp,MASS2567
MASS2566,Perfume Original Lattafa Yara Tous (Mango Edition) - Eau de Parfum (3.4 oz - 100 ml) Para Dama,https://storage.mercas.ist/cashea/new_69ca9b7743ca79.15058082.webp,MASS2566
MASS2563,Perfume Original Lattafa Yara Candy - Eau de Parfum (3.4 oz - 100 ml) Para Dama,https://storage.mercas.ist/cashea/new_69ca997be91105.96226434.webp,MASS2563
MASS2558,Perfume Original Lattafa Pride Vintage Radio - Eau de Parfum (3.4 oz - 100 ml) Unisex,https://storage.mercas.ist/cashea/new_69ca968a0e0a26.17937452.webp,MASS2558
MASS2557,Perfume Original Lattafa Pride Nebras - Eau de Parfum (3.4 oz - 100 ml) Unisex,https://storage.mercas.ist/cashea/new_69ca96159c0902.45325999.webp,MASS2557
MASS2555,Perfume Original Lattafa Khamrah Original - Eau de Parfum (3.4 oz - 100 ml) Unisex,https://storage.mercas.ist/cashea/new_69ca955f635a17.31951306.webp,MASS2555
MASS2554,Perfume Original Lattafa Khamrah Qahwa - Eau de Parfum (3.4 oz - 100 ml) Unisex,https://storage.mercas.ist/cashea/new_69ca9518a42160.05530939.webp,MASS2554
MASS2553,Perfume Original Lattafa Khamrah Dukhan - Eau de Parfum (3.4 oz - 100 ml) Unisex,https://storage.mercas.ist/cashea/new_69ca94c45016c9.97332901.webp,MASS2553
MASS2545,Perfume Original Lattafa Atlas - Eau de Parfum (1.85 oz - 55 ml) Unisex,https://storage.mercas.ist/cashea/edit_69d92fb0930592.71718532.webp,MASS2545
MASS2544,Perfume Original Lattafa Asad - Eau de Parfum (3.4 oz - 100 ml) Para Caballero,https://storage.mercas.ist/cashea/new_69ca90de65e373.84125849.webp,MASS2544
MASS2535,Perfume Original Hugo Boss XY  - Eau de Toilette (3.4 oz - 100 ml) Para Caballero,https://storage.mercas.ist/cashea/new_69c7efc655d1b6.45069414.png,MASS2535
MASS2534,Perfume Original Hugo Boss XX  - Eau de Toilette (3.4 oz - 100 ml) Para Dama,https://storage.mercas.ist/cashea/new_69c6d5d04d0785.23445098.png,MASS2534
MASS2524,Perfume Original Bharara Gorgeous - Eau De Parfum 100ml (3.4 oz) Para Dama,https://storage.mercas.ist/cashea/new_69c3f8edb0e758.64589575.webp,MASS2524
MASS2523,Perfume Original Bharara Gorgeous Blush - Eau De Parfum 100ml (3.4 oz) Para Dama,https://storage.mercas.ist/cashea/edit_69d92e6ea6ca84.27774849.webp,MASS2523
MASS2522,Perfume Original  Bharara Rome Pour Femme - Eau De Parfum 100ml (3.4 oz) Para Dama,https://storage.mercas.ist/cashea/new_69c3f176809800.26779262.webp,MASS2522
MASS2516,Perfume Original Armaf Odyssey White Edition - Eau De Parfum 100ml (3.4 oz) Para Caballero,https://storage.mercas.ist/cashea/new_69c3e803278ab3.62179007.webp,MASS2516
MASS2459,Teléfono Inalámbrico Digital Recargable Daerxin Pantalla Lcd - Color: Blanco,http://http2.mlstatic.com/D_969286-MLV106964276838_022026-O.webp,MASS2459
MASS2458,Teléfono Inalámbrico Digital Recargable Daerxin Pantalla Lcd - Color: Negro,http://http2.mlstatic.com/D_835164-MLV107649661349_022026-O.webp,MASS2458
MASS2346,Licuadora Industrial Raf R.92809-110 3l 500w - Color: Rojo,http://http2.mlstatic.com/D_934969-MLV104657002911_012026-O.webp,MASS2346
MASS2345,Licuadora Industrial Raf R.92809-110 3l 500w - Color: Negro,http://http2.mlstatic.com/D_727651-MLV104657002711_012026-O.webp,MASS2345
MASS2341,Cocina Eléctrica Digital Raf R.98029-110 Vitro 1 Hornalla - Color: Marrón,http://http2.mlstatic.com/D_693505-MLV104113965232_012026-O.webp,MASS2341
MASS2335,Maquina Yogurt Digital Raf Vidrio Acero Inoxidable 20w - Color: Blanco,http://http2.mlstatic.com/D_604501-MLV105659653118_012026-O.webp,MASS2335
MASS2177,Consolador De Caballo Realista 9 Pulgadas De Silicona - Color: Rosa y Gris,http://http2.mlstatic.com/D_837226-MLV95217565325_102025-O.webp,MASS2177
MASS1005,Vagina Masturbador Sensacion Real Con App Mando A Distancia  - Color: blanco y negro - Tipo de orificio: Vagina,http://http2.mlstatic.com/D_886140-MLV84474965473_052025-O.webp,MASS1005
MASS1662,Control De Asistencia Biometrico Capta Huella En Español,,MASS0759
MASS2607,Máquina De Afeitar Barba Recargable Wahl Color Trim,https://i.postimg.cc/SKFLtzSm/Captura-de-pantalla-2026-07-22-093319.png,MASS2607
MASS2150,Closet Armario Grande Organizador Portatil Vestier Ropa - Color: Negro,http://http2.mlstatic.com/D_987676-MLV91983609656_092025-O.webp,MASS2150
MASS2057,Esmeril Inalambrico Portatil Baterias Recargable 12v - Color: Azul - Frecuencia: 50 hz,http://http2.mlstatic.com/D_851085-MLV90936000132_082025-O.webp,MASS2057
MASS1784,Closet Armario Grande Organizador Portatil Vestier Ropa - Color: Plateado,http://http2.mlstatic.com/D_883950-MLV79743197096_102024-O.webp,MASS1784
22706508-812417,Vibrador Consolador Stretch 12 Funciones 25mm Silicon  - Color: Violeta,http://http2.mlstatic.com/D_940457-MLV77982421517_072024-O.webp,MASS0599
22706508-812416,Vibrador Consolador Stretch 12 Funciones 25mm Silicon  - Color: Rosa,http://http2.mlstatic.com/D_799445-MLV80922021335_112024-O.webp,MASS0600
MASS2542,Perfume Original Lattafa Asad Bourbon - Eau de Parfum (3.4 oz - 100 ml) Para Caballero,https://storage.mercas.ist/cashea/new_69ca8fa8853c80.39938274.webp,MASS2542
MASS2536,Perfume Original Lattafa Hayaati Al Maleky - Eau de Parfum (3.4 oz - 100 ml) Para Cabellero,https://storage.mercas.ist/cashea/new_69c7f164d13161.98732002.webp,MASS2536
MASS2527,Perfume Original Davidoff Cool Water - Eau De Toilette 125ml (4.2 oz) Para Caballero,https://storage.mercas.ist/cashea/new_69c4098f9032d9.29165270.webp,MASS2527
MASS2114,Telefono Celular Niño Inteligente A16 Pantalla Tactil Camara - Color: Negro,http://http2.mlstatic.com/D_884554-MLV88699497657_072025-O.webp,MASS2114
MASS2115,Telefono Infantil A16 Pantalla Tactil Portable - Color: Blanco,http://http2.mlstatic.com/D_989597-MLV88353970602_072025-O.jpg,MASS2115
MASS2113,Telefono Celular Niño Inteligente A16 Pantalla Tactil Camara - Color: Azul,http://http2.mlstatic.com/D_808669-MLV88354435668_072025-O.webp,MASS2113
MASS2112,Telefono Celular Niño Inteligente A16 Pantalla Tactil Camara - Color: Rosa,http://http2.mlstatic.com/D_810882-MLV88353544266_072025-O.webp,MASS2112
MASS1767,Router Gigabit Wifi 6 Ax1500 Cudy 4 Antenas Fibra Optica,https://http2.mlstatic.com/D_623381-MLV76567132946_062024-O.webp,MASS1767
1551886-491607,Router Inalámbrico Tp-link Tl-mr3420 300mbps Usb 3g/4g Wifi - Color: Blanco,http://http2.mlstatic.com/D_623032-MLV31370471065_072019-O.webp,MASS0480
MASS0904,Masturbador Vibrador Rotativo 360  Mamada Sensacion Real Sex,https://http2.mlstatic.com/D_773062-MLV80922325349_112024-O.webp,MASS0904
MASS2591,Kit Gamer Teclado Mouse Audífono Pad Tf240 4 En 1 T-wolf - Color del mouse: Negro - Color del teclado: Negro,http://http2.mlstatic.com/D_620260-MLV110320594287_042026-O.webp,MASS2591
MASS2532,Perfume Original Hugo Boss Energise - Eau De Toilette 75ml (2.5 oz) Para Caballero,https://storage.mercas.ist/cashea/new_69c411dfd911e5.65507959.webp,MASS2532
MASS2295,Cepillo Electrico Alisador Recargable Portatil Con Pantalla - Color: Rosa,http://http2.mlstatic.com/D_894316-MLV99024353730_112025-O.webp,MASS2295
MASS2220,Cepillo Electrico Alisador Recargable Portatil Con Pantalla - Color: Negro,http://http2.mlstatic.com/D_773024-MLV99024611456_112025-O.webp,MASS2220
MASS1266,Máquina Selladora Al Vacío De Alimentos Cortador Zk-8815 - Color: Plateado,http://http2.mlstatic.com/D_624079-MLV95204340643_102025-O.webp,MASS1266
MASS1077,Estante Organizador Para Utensilion De Cocina Cuchillos  - Color: Plateado,http://http2.mlstatic.com/D_601010-MLV77169457278_072024-O.webp,MASS1077
28074414-807235,Estante Organizador Para Utensilion De Cocina Cuchillos  - Color: Negro,http://http2.mlstatic.com/D_845550-MLV70057913699_062023-O.webp,MASS1078
MASS1264,Parrillera Plancha De Hierro Portatil Reversible Ozark Trail - Color: Negro,http://http2.mlstatic.com/D_674771-MLV80655892820_112024-O.webp,MASS1264
MASS2588,Zapatera Perchero Multifuncional 5 Niveles Diseño Antipolvo - Color: Negro,http://http2.mlstatic.com/D_992657-MLV110284452241_042026-O.webp,MASS2588
MASS2548,Perfume Original Lattafa Fakhar (Rose Gold) - Eau de Parfum (3.4 oz - 100 ml) Para Dama,https://storage.mercas.ist/cashea/new_69ca92892b7347.45555935.webp,MASS2548
MASS2526,Perfume Original Britney Spears Fantasy - Eau De Parfum 100ml (3.4 oz) Para Dama,https://storage.mercas.ist/cashea/new_69c405564c1e99.07715608.webp,MASS2526
MASS2515,Perfume Original Armaf Odyssey Spectra - Eau De Parfum 100ml (3.4 oz) Para Caballero,https://storage.mercas.ist/cashea/new_69c3e6b37253e4.74769674.webp,MASS2515
MASS2512,Perfume Original Armaf Odyssey Candee - Eau De Parfum 100ml (3.4 oz) Para Dama,https://storage.mercas.ist/cashea/new_69c3e22c521453.93027373.webp,MASS2512
MASS2511,Perfume Original Armaf Odyssey Homme (Black Edition) - Eau De Parfum 100ml (3.4 oz) Para Caballero,https://storage.mercas.ist/cashea/new_69c3e11c556b62.49043244.webp,MASS2511
MASS2509,Perfume Original Armaf Club De Nuit Intense - Eau De Toilette 105ml (3.6 oz) Para Caballero,https://storage.mercas.ist/cashea/new_69c3dddd8bfec5.19337474.webp,MASS2509
MASS0484,Router Mercusys AC1200 Dual Band Gigabit MR30G,https://storage.mercas.ist/cashea/new_68235a1fb68db6.57784756.jpg,MASS0484
MASS0485,Router Mercusys AC1300 Dual Band Gigabit AC12G,https://storage.mercas.ist/cashea/new_68224be973b103.76903687.jpg,MASS0485
30833942-873076,Lampara Led Ventilador C/control Remoto 30w Plastico - Cantidad de aspas: 5 - Color de la estructura: Blanco - Color de las aspas: Blanco - Diámetro: 43 cm - Frecuencia: 50 - Material de las aspas: Plástico,http://http2.mlstatic.com/D_865230-MLV96508040681_102025-O.webp,MASS1902
30935996,Zapatillas Altas de Lona Zara,https://mercasist-ml-items-pics.s3.us-east-2.amazonaws.com/538d31b2677f5279f9e2b466c17b5ecd,
30935982,Zapaatos Nauticos de Lona Zara,https://mercasist-ml-items-pics.s3.us-east-2.amazonaws.com/25a89ad0bed01887d9b190754f439493,
30935967,Mocasines Nauticos Pull and Bear Beige con Suela Tipo Alpargata,https://mercasist-ml-items-pics.s3.us-east-2.amazonaws.com/9852a2a759cd679a1fda7930b91ada06,
1551801-491467,Router Tp-link Wr 940n 3 Antenas 450 Mbps Inalambrico Wiffi - Color: Negro,http://http2.mlstatic.com/D_733669-MLV31370493328_072019-O.webp,MASS0473
23020052-472393,Router Inalambrico Tp-link Ac750 Doble Banda Archer C20  - Color: Negro,http://http2.mlstatic.com/D_637145-MLV46856653636_072021-O.webp,MASS0471
MASS0410,Ducha Regadera Con Altavoz Bluetooth Inalámbrico Llamadas,https://http2.mlstatic.com/D_791781-MLV80922462933_112024-O.webp,MASS0410
25975842-566015,Alexa Echo Auto Para Vehículo Carro Parlante Inteligente - Color: Negro,http://http2.mlstatic.com/D_938765-MLV49210969963_022022-O.webp,MASS0007
27766503-668706,Vibrador Masajeador De Clitoris 10v Rabbit 2 Cabezas Recarga - Color: Azul marino,http://http2.mlstatic.com/D_984928-MLV96178340124_102025-O.webp,MASS0908
MASS1676,Mini Ups Para Modem Router Telefono 10000 Mah Marsriva KP3,https://mercasist-ml-items-pics.s3.us-east-2.amazonaws.com/a130cb01120671052f0d682e42d59820,MASS1676
28595966-787191,Cajas Organizadoras Apilables Robustas Para Zapatos 12 Pcs  - Color: Blanco,http://http2.mlstatic.com/D_678059-MLV74632652529_022024-O.webp,MASS1526
MASS0302,Memoria 4gb Ddr4 Kingston Pc4-2400  260pines Sodimm Laptop,https://http2.mlstatic.com/D_943356-MLV49547356916_042022-O.webp,MASS0302
MASS1438,Camara Tp-link Tapo C200 Wifi 360 Inalambrica Fhd Alexa,https://i.postimg.cc/tTZhz5g3/Captura-de-pantalla-2026-07-24-113348.png,MASS1438
28595689-826528,Mini Lavadora Portátil Automática 3kg Plegable - Color: Naranja,http://http2.mlstatic.com/D_822300-MLV78740074180_092024-O.webp,MASS1622
MASS2123,Lamina Pvc Marmolizada Decorativa 2.44m X 1.22m X 3mm - Color: HYDY-2001,http://http2.mlstatic.com/D_706592-MLV107530935190_032026-O.webp,MASS2123
MASS2574,Perfume Original Paris Hilton (Original) - Eau de Parfum (3.4 oz - 100 ml) Para Dama,https://storage.mercas.ist/cashea/new_69caa010324de9.32711486.jpg,MASS2574
MASS2565,Perfume Original Lattafa Yara Moi (White) - Eau de Parfum (3.4 oz - 100 ml) Para Dama,https://storage.mercas.ist/cashea/new_69ca9abc9c25b2.47497297.webp,MASS2565
MASS2562,Perfume Original Lattafa Rave Now (Black) - Eau de Parfum (3.4 oz - 100 ml) Para Caballero,https://storage.mercas.ist/cashea/new_69ca9900aaf996.95000740.webp,MASS2562
MASS2547,Perfume Original Lattafa Fakhar Extrait (Gold) - Eau de Parfum (3.4 oz - 100 ml) Unisex,https://storage.mercas.ist/cashea/new_69ca9215cf9a44.08067317.webp,MASS2547
MASS2546,Perfume Original Lattafa Badee Al Oud (Oud for Glory) - Eau de Parfum (3.4 oz - 100 ml) Unisex,https://storage.mercas.ist/cashea/new_69ca91a52817a0.67594804.webp,MASS2546
MASS2539,Perfume Original Lattafa Al Noble Wazeer - Eau de Parfum (3.4 oz - 100 ml) Unisex,https://storage.mercas.ist/cashea/new_69ca7af327a748.88426917.jpg,MASS2539
MASS2538,Perfume Original Lattafa Al Noble Safeer - Eau de Parfum (3.4 oz - 100 ml) Unisex,https://storage.mercas.ist/cashea/new_69ca7a89e8d721.27172816.webp,MASS2538
MASS2537,Perfume Original Lattafa Al Noble Ameer - Eau de Parfum (3.4 oz - 100 ml) Unisex,https://storage.mercas.ist/cashea/new_69ca7869ed2bd3.11188367.webp,MASS2537
MASS2513,Perfume Original Armaf Odyssey Limoni - Eau De Parfum 100ml (3.4 oz) Para Caballero,https://storage.mercas.ist/cashea/new_69c3e3081d69b8.72055377.webp,MASS2513
MASS2507,Perfume Original Antonio Banderas Power of Seduction - Eau De Toilette 100ml (3.4 oz) Para Caballero,https://storage.mercas.ist/cashea/new_69c3db6f50f5f8.31734199.jpg,MASS2507
MASS2435,Tabla Multifuncional Flexiones Push Up Board Con Ligas Gym - Color: Blanco,http://http2.mlstatic.com/D_770829-MLV106924418179_022026-O.webp,MASS2435
MASS2234,Teclado Plegable Recargable Usb Bluetooth Laptop Inalambrico - Color del teclado: Negro - Idioma: Español Latinoamérica,http://http2.mlstatic.com/D_953132-MLV99499704499_112025-O.webp,MASS2234
MASS2176,Consolador De Perro Con Eyaculador Femenino - Color: Rosa chicle,http://http2.mlstatic.com/D_711775-MLV94781056840_102025-O.jpg,MASS2176
MASS2127,Lamina Pvc Marmolizada Decorativa 2.44m X 1.22m X 3mm - Color: HYLJ-80008T,http://http2.mlstatic.com/D_931763-MLV91823792049_092025-O.webp,MASS2127
MASS2126,Lamina Pvc Marmolizada Decorativa 2.44m X 1.22m X 3mm - Color: HYLJ-80007T,http://http2.mlstatic.com/D_983033-MLV91824015199_092025-O.webp,MASS2126
MASS2125,Lamina Pvc Marmolizada Decorativa 2.44m X 1.22m X 3mm - Color: HYDY-2006,http://http2.mlstatic.com/D_706646-MLV91822949323_092025-O.webp,MASS2125
MASS2124,Lamina Pvc Marmolizada Decorativa 2.44m X 1.22m X 3mm - Color: HYDY-2002,http://http2.mlstatic.com/D_853144-MLV91425416534_092025-O.webp,MASS2124
MASS2128,Lamina Pvc Marmolizada Decorativa 2.44m X 1.22m X 3mm - Color: HYLJ-80001T,http://http2.mlstatic.com/D_853058-MLV91423617726_092025-O.webp,MASS2128
30840346-874704,Vibrador Consolador Recargable Punto G Lengua Orgasmo - Color: Violeta oscuro,http://http2.mlstatic.com/D_665547-MLV82274456065_022025-O.webp,MASS1954
30840346-874703,Vibrador Consolador Recargable Punto G Lengua Orgasmo - Color: Rojo,http://http2.mlstatic.com/D_832404-MLV81992284176_022025-O.webp,MASS1953
25899677-801944,Vibrador Consolador Rabbit Con Calefacción 12 Funciones - Color: Violeta oscuro,http://http2.mlstatic.com/D_918960-MLV76794551681_062024-O.webp,MASS0604
25899677-801943,Vibrador Consolador Rabbit Con Calefacción 12 Funciones - Color: Fucsia,http://http2.mlstatic.com/D_715283-MLV76794686759_062024-O.webp,MASS0605
MASS0730,Cargador De Bateria Inteligente Carro Moto 12v 10a / 24v 5a,https://http2.mlstatic.com/D_841842-MLV78759549739_082024-O.webp,MASS0730
MASS1039,Laminadora Térmica Gs818 Sl299 A4 260w,https://http2.mlstatic.com/D_882098-MLV72316715372_102023-O.webp,MASS1039
23417797-485307,Set De Herramientas 11 Piezas Hyper Tough 24801 - Color: Negro,http://http2.mlstatic.com/D_871868-MLV70562654815_072023-O.webp,MASS1106
MASS0409,Radio Baofeng Bf-888s Punto A Punto  Uhf 400-470 Mhz Nuevo,https://http2.mlstatic.com/D_992144-MLV74517421381_022024-O.webp,MASS0409
MASS1719,Masturbador Vibrador Masajeador De Pene Estimulacion 360 - Color: Negro,http://http2.mlstatic.com/D_857290-MLV76296216627_052024-O.webp,MASS1719
23589487-806812,Vibrador Con Rotacion Hailey Dibe Sumergible 7 Velocidades - Color: Negro,http://http2.mlstatic.com/D_652870-MLV77323618913_062024-O.webp,MASS1469
23589487-656223,Vibrador Con Rotacion Hailey Dibe Sumergible 7 Velocidades - Color: Rosado,http://http2.mlstatic.com/D_903802-MLV77110474312_062024-O.webp,MASS0596
MASS2325,Reloj Despertador Cargador Inalámbrico Magnético Giratorio - Color: Gris,http://http2.mlstatic.com/D_806019-MLV104671836925_012026-O.webp,MASS2325
30836154-873288,Masajeador Cuello Espalda Grande Con Calor Eléctrico Malla - Color: Blanco,http://http2.mlstatic.com/D_668004-MLV81956947722_022025-O.webp,MASS1905
MASS0737,Onn Tv Stick Android Tv 2k Fhd Straming Chromecast Netflix  - Color: Negro - Tipo de control remoto: De voz,http://http2.mlstatic.com/D_967403-MLV51327858496_082022-O.webp,MASS0737
30844002-874798,Consolador Masturbador De Avion Telescopico De Mano - Color: Blanco - Tipo de orificio: Vagina,http://http2.mlstatic.com/D_865822-MLV95798380986_102025-O.webp,MASS1958
MASS1829,Glucometro Digital Sinocare 50 Tiras Reactivas + 50 Lancetas - Color: Blanco,http://http2.mlstatic.com/D_894498-MLV78301144480_082024-O.webp,MASS1829
MASS1707,Bomba Extensora De Pene Hidroterapia Calientes Sensaciones - Color: Rojo,http://http2.mlstatic.com/D_659134-MLV96270305658_102025-O.webp,MASS1707
MASS1570,Camara Vigilancia Smart Wifi 360 Vision Nocturna Ezviz H1c - Color: Blanco,http://http2.mlstatic.com/D_920672-MLV74917191020_032024-O.webp,MASS1570
28234163-716554,Plancha De Hierro Portatil Parrillera Reversible Cocina   - Color: Negro,http://http2.mlstatic.com/D_914417-MLV80919939597_112024-O.webp,MASS1264
28598532-793411,Ventilador Portátil Recargable Con Linterna Led - Cantidad de aspas: 3 - Color de la estructura: Verde oscuro - Color de las aspas: Negro - Diámetro: 27.94 cm - Frecuencia: 50 - Material de las aspas: Plástico,http://http2.mlstatic.com/D_999523-MLV86581165986_062025-O.webp,MASS1545
MASS1620,Ventilador Portátil Recargable Con Linterna Led - Cantidad de aspas: 3 - Color de la estructura: Naranja - Color de las aspas: Negro - Diámetro: 27.94 cm - Frecuencia: 50 - Material de las aspas: Plástico,http://http2.mlstatic.com/D_903896-MLV74679440491_022024-O.webp,MASS1620
30833968-873078,Aerografo Inalambrico Recargable Uñas Reposte Maquillaje - Color: Negro,http://http2.mlstatic.com/D_846412-MLV82238087545_022025-O.webp,MASS1900
MASS1517,Mini Proyector Video Beam Portatil Peliculas Juegos Videos - Color: Amarillo,http://http2.mlstatic.com/D_772404-MLV80919423679_112024-O.webp,MASS1517
28287598-793562,Hidrojet Recargable Inalambrico Portátil De Alta Presión 48 - Color: Negro,http://http2.mlstatic.com/D_885629-MLV80911826931_112024-O.webp,MASS1377
MASS1449,Impresora Termica Tickera Para Loteria Parley Usb Tienda - Color: Negro,http://http2.mlstatic.com/D_663018-MLV82052473450_022025-O.jpg,MASS1449
MASS2236,Rosa Succionadora Lengua Vibradora Recargable - Color: Rojo,http://http2.mlstatic.com/D_659903-MLV98656700168_112025-O.webp,MASS2236
MASS2571,Perfume Original Nautica Voyage Sport - Eau de Toilette (3.4 oz - 100 ml) Para Caballero,https://storage.mercas.ist/cashea/new_69ca9e4e0f2a51.29256831.webp,MASS2571
MASS2570,Perfume Original Nautica Voyage N83 - Eau de Toilette (3.4 oz - 100 ml) Para Caballero,https://storage.mercas.ist/cashea/new_69ca9de19a3c84.18184536.webp,MASS2570
MASS2518,Perfume Original Benetton Colors Blue - Eau De Toilette 100ml (3.4 oz) Para Caballero,https://storage.mercas.ist/cashea/new_69c3ea988c44d7.36569356.webp,MASS2518
MASS2504,Perfume Original Antonio Banderas Blue Seduction - Eau De Toilette 80ml (2.7 oz) Para Dama,https://storage.mercas.ist/cashea/new_69c3d455b6f843.05534361.webp,MASS2504
MASS2503,Perfume Original Antonio Banderas The Icon Splendid - Eau De Parfum 100ml (3.4 oz) Para Dama,https://storage.mercas.ist/cashea/new_69c3d2ea2a1103.74914660.webp,MASS2503
MASS2363,Parrilla Eléctrica Bbq Grill 2000w Raf R.5301 Ajustable - Color: Negro,http://http2.mlstatic.com/D_880213-MLV104139500816_012026-O.webp,MASS2363
MASS2337,Panquequera Eléctrica Raf R.95210-110 800w Antiadherente - Color: Rojo,http://http2.mlstatic.com/D_998990-MLV104648072713_012026-O.webp,MASS2337
MASS2081,Reloj Inteligente Qx11 Bluetooth Silicon Infantil Smartwatch - Color de la caja: Blanco - Color de la malla: Blanco - Color del bisel: Blanco - Diseño de la malla: Mesh,http://http2.mlstatic.com/D_909090-MLV95198701543_102025-O.webp,MASS2081
MASS2080,Reloj Inteligente Qx11 Bluetooth Silicon Infantil Smartwatch - Color de la caja: Negro - Color de la malla: Negro - Color del bisel: Negro - Diseño de la malla: Mesh,http://http2.mlstatic.com/D_937533-MLV95197830835_102025-O.webp,MASS2080
MASS2178,"Consolador Realista Con Tentaculos 8,7 Pulgadas - Color: Degradado",http://http2.mlstatic.com/D_955300-MLV95216782505_102025-O.webp,MASS2178
MASS2151,Zapatera Organizador Almacenamiento De Zapatos 36 Pares - Color: Gris,,MASS2151
MASS2020,Maquina Afeitar Kemei 5031 Nariz Barba Cuerpo Portatil - Color: Plateado,http://http2.mlstatic.com/D_801010-MLV88036964201_072025-O.webp,MASS2020
31175338-908455,Pene Artificial Hermoso Capa De Cuero Cabelludo - Color: Carne,http://http2.mlstatic.com/D_862937-MLV95797689490_102025-O.webp,MASS1972
30834869-873074,Radio Baofeng Uv-5r Portátil 128 Canales 8 Km - Bandas de frecuencia: 144-148 420-450MHz - Color: Negro,http://http2.mlstatic.com/D_877181-MLV96279214540_102025-O.webp,MASS1885
31029165-900801,Parrillera Portatil De Carbon  Exterior Para Camping - Color: Negro,http://http2.mlstatic.com/D_619426-MLV83377190553_032025-O.webp,MASS1980
MASS0640,Tapiz Colgante De Pared Luna Para Decorar,,MASS0640
MASS1785,Zapatera Organizador Almacenamiento De Zapatos 36 Pares - Color: Negro,http://http2.mlstatic.com/D_907685-MLV78211964168_082024-O.webp,MASS1785
MASS0607,Bala Vibradora Mignon Fun Mates  Bluetooth  Android Ios - Color: Fucsia,http://http2.mlstatic.com/D_947092-MLV97916781384_112025-O.webp,MASS0607
MASS1282,Plastificadora Laminadora Térmica Frio Y Caliente 115c A4,https://http2.mlstatic.com/D_882098-MLV72316715372_102023-O.jpg,MASS1282
MASS2216,Masajeador De Pies Termico Alivio De Dolor Control Remoto,https://i.postimg.cc/fLY5xt8P/Captura-de-pantalla-2026-06-29-105046.png,MASS2216
MASS2329,Tabla Multifuncional Flexiones Push Up Board Con Ligas Gym - Color: Gris,,MASS2329
MASS1556,Cargador De Bateria Inteligente Carro O Moto 12v 6a Portatil,https://http2.mlstatic.com/D_633127-MLV76881845234_062024-O.webp,MASS1556
30539856-856227,Mini Ups Para Modem Router Telefono 12000 Mah G-power - Color: Blanco,http://http2.mlstatic.com/D_733679-MLV80277316285_102024-O.webp,MASS1849
28737492-804638,Mini Ups Smart Marsriva Kp1 Ec 8000mah Modem Router Telefono - Color: Negro,http://http2.mlstatic.com/D_755953-MLV77139474923_062024-O.webp,MASS1363
MASS1395,Switch Cudy 8 Puertos Gigabit Rj45 Cable Red Ethernet Camara,https://http2.mlstatic.com/D_973178-MLV74369117215_022024-O.webp,MASS1395
28324053-735509,Mini Ups Para Modem Router 10000 Mah Olax Poe D3 Antenas  - Color: Blanco,http://http2.mlstatic.com/D_747481-MLV80656280070_112024-O.webp,MASS1462
MASS1558,Aspiradora De Mano Domestica 3en1 Multifuncional Carro Casa - Color: Verde,http://http2.mlstatic.com/D_727355-MLV75549587198_042024-O.webp,MASS1558
MASS0544,Telefono Inalambrico Vtech Cs6114 Identificador 6.0 - Color: Blanco,http://http2.mlstatic.com/D_702551-MLV80923043297_112024-O.webp,MASS0544
MASS2550,Perfume Original Lattafa Hayaati  - Eau de Parfum (3.4 oz - 100 ml) Para Caballero,https://storage.mercas.ist/cashea/new_69ca93470f3d10.69664695.jpg,MASS2550
MASS0359,Plancha De Cabello Remington Flat Iron Cerámica S5500,,MASS0359
30833989-873069,Bolso Termico Tipo Cava Camping Playa Impermeable Aire Libre - Color: Gris,http://http2.mlstatic.com/D_634639-MLV84131731296_052025-O.webp,MASS1883
30833989-873068,Bolso Termico Tipo Cava Camping Playa Impermeable Aire Libre - Color: Camuflaje,http://http2.mlstatic.com/D_783990-MLV84132125000_052025-O.webp,MASS1884
30833989-873067,Bolso Termico Tipo Cava Camping Playa Impermeable Aire Libre - Color: Azul petróleo,,MASS1882
30833989-873066,Bolso Termico Tipo Cava Camping Playa Impermeable Aire Libre - Color: Negro,http://http2.mlstatic.com/D_689824-MLV82237632759_022025-O.webp,MASS1881
30543357-856601,Reloj Inteligente Smartwatch H92 Ultra 3 Audifono Corneta - Color de la caja: Blanco - Color de la malla: Variado,http://http2.mlstatic.com/D_955003-MLV83739742798_042025-O.jpg,MASS1820
30698294-862203,Reloj Inteligente Smartwatch Sport P89 Bluetooth Ios Android - Color de la caja: Rosa claro,http://http2.mlstatic.com/D_782395-MLV80685640672_112024-O.webp,MASS1825
MASS1823,Reloj Inteligente Smartwatch Sport P89 Bluetooth Ios Android - Color de la caja: Negro,http://http2.mlstatic.com/D_826119-MLV80904646165_112024-O.webp,MASS1823
30698294-862204,Reloj Inteligente Smartwatch Sport P89 Bluetooth Ios Android - Color de la caja: Gris,http://http2.mlstatic.com/D_678191-MLV80685640768_112024-O.webp,MASS1824
MASS2702,Estante Portatil 6 Niveles 1 Columna Tela Negro Nuevo,https://i.postimg.cc/HkxBKxy7/Captura-de-pantalla-2026-06-30-110424.png,MASS2702
MASS2311,Pluma Laser Plasma Cuidado Piel Quita Manchas Lunares,https://http2.mlstatic.com/D_915856-MLV102991886323_122025-O.webp,MASS2311
30833366-934525,Vaso Stanley Termico Quencher H2.0 40oz  Frio Y Calor - Color: Fucsia,http://http2.mlstatic.com/D_779073-MLV88181953645_072025-O.webp,MASS1869
MASS1468,Vibrador Masajeador Estimulador De Pene Para Hombres Usb,https://http2.mlstatic.com/D_917985-MLV49211351947_022022-O.webp,MASS1468
28663045-793197,Mini Ups Smart Marsriva Kp2 Ec 8000ma Modem Router Telefono  - Color: Negro,http://http2.mlstatic.com/D_648494-MLV75593274081_042024-O.webp,MASS1677
MASS1820,Reloj Inteligente Smartwatch H92 Ultra 3 Audifono Corneta - Color de la caja: Blanco - Color de la malla: Variado - Color del bisel: Dorado - Diseño de la malla: variado,http://http2.mlstatic.com/D_837920-MLV107417310773_022026-O.webp,MASS1820
MASS2423,Wall Panel Redondo Pvc Revestimiento Decorativo Paredes - Nombre del diseño: HYYC-074,http://http2.mlstatic.com/D_896670-MLV104553616407_012026-O.webp,MASS2423
MASS2422,Wall Panel Redondo Pvc Revestimiento Decorativo Paredes - Nombre del diseño: HYYC-069,http://http2.mlstatic.com/D_832252-MLV104554689553_012026-O.webp,MASS2422
MASS2421,Wall Panel Redondo Pvc Revestimiento Decorativo Paredes - Nombre del diseño: HYYC-065,http://http2.mlstatic.com/D_946134-MLV104556865379_012026-O.webp,MASS2421
MASS2420,Wall Panel Redondo Pvc Revestimiento Decorativo Paredes - Nombre del diseño: HYYC-064,http://http2.mlstatic.com/D_637222-MLV104012442784_012026-O.webp,MASS2420
MASS2419,Wall Panel Redondo Pvc Revestimiento Decorativo Paredes - Nombre del diseño: HYYC-063,http://http2.mlstatic.com/D_626799-MLV104555431029_012026-O.webp,MASS2419
MASS2418,Wall Panel Redondo Pvc Revestimiento Decorativo Paredes - Nombre del diseño: HYYC-070,http://http2.mlstatic.com/D_772044-MLV104011842458_012026-O.webp,MASS2418
MASS2417,Wall Panel Redondo Pvc Revestimiento Decorativo Paredes - Nombre del diseño: HYYC-071,http://http2.mlstatic.com/D_726016-MLV105878468407_012026-O.webp,MASS2417
MASS2416,Wall Panel Redondo Pvc Revestimiento Decorativo Paredes - Nombre del diseño: HYYC-080,http://http2.mlstatic.com/D_893599-MLV104011839764_012026-O.webp,MASS2416
MASS2415,Wall Panel Redondo Pvc Revestimiento Decorativo Paredes - Nombre del diseño: HYYC-078,http://http2.mlstatic.com/D_775520-MLV104549864635_012026-O.webp,MASS2415
MASS2231,Lampara Led Con Panel Solar Sensor Movimiento Control Ip65 - Color de la carcasa: Negro - Color de la luz: Blanco,http://http2.mlstatic.com/D_740053-MLV99028911018_112025-O.webp,MASS2231
MASS2038,Reloj Olevs Acero Inoxidable Hombre 30m Resistente - Color de la correa: Plateado - Color del bisel: Dorado - Color del fondo: Negro,http://http2.mlstatic.com/D_669604-MLV91275773147_082025-O.webp,MASS2038
MASS2037,Reloj Olevs Acero Inoxidable Hombre 30m Resistente - Color de la correa: Plateado - Color del bisel: Dorado - Color del fondo: Azul,http://http2.mlstatic.com/D_799636-MLV90885380012_082025-O.webp,MASS2037
MASS2036,Reloj Olevs Acero Inoxidable Hombre 30m Resistente - Color de la correa: Plateado - Color del bisel: Plateado - Color del fondo: Verde,http://http2.mlstatic.com/D_611451-MLV90885403054_082025-O.webp,MASS2036
MASS2035,Reloj Olevs Acero Inoxidable Hombre 30m Resistente - Color de la correa: Plateado - Color del bisel: Plateado - Color del fondo: Negro,http://http2.mlstatic.com/D_962199-MLV90885530218_082025-O.webp,MASS2035
30833654-871211,Maquina Para Hacer Pasta Acero Inoxidable Color Plateado - Color: Plateado,http://http2.mlstatic.com/D_659453-MLV82188072201_012025-O.webp,MASS1875
MASS1072,Estante De 2 Niveles Organizador De Utensilio De Cocina Rack,https://http2.mlstatic.com/D_824879-MLV70059815288_062023-O.webp,MASS1072
MAS0907,Vibrador Rotativo 360g 2 Cabezas Lengua Estimuladora Punto G - Color: Morado,http://http2.mlstatic.com/D_734512-MLV54437201104_032023-O.webp,MASS0907
MASS0906,Vibrador Rotativo 360g 2 Cabezas Lengua Estimuladora Punto G - Color: Fucsia,http://http2.mlstatic.com/D_726053-MLV54433798792_032023-O.webp,MASS0906
MASS1472,Masajeador Estimulador Clítoris Varita Mágica Graceful  10v,https://http2.mlstatic.com/D_712552-MLV80922256219_112024-O.webp,MASS1472
26719107-610562,Base Soporte Para Laptop Brada Base Ergonomica 17 Pulgadas  - Color: Negro,http://http2.mlstatic.com/D_621021-MLV50649175708_072022-O.webp,MASS0685
27767139-668939,Vibrador Rotativo 360g 2 Cabezas Lengua Estimuladora Punto G - Color: Negro,http://http2.mlstatic.com/D_928280-MLV96623525547_102025-O.webp,MASS0905
MASS2587,Tendedero Plegable Portátil Extensible Espacios Pequeños - Color: Negro,http://http2.mlstatic.com/D_807065-MLV110313560781_042026-O.webp,MASS2587
MASS2569,Perfume Original Nautica Classic - Eau de Toilette (3.4 oz - 100 ml) Para Caballero,https://storage.mercas.ist/cashea/new_69ca9d82ed0833.57925738.webp,MASS2569
MASS2561,Perfume Original Lattafa Ramz Silver - Eau de Parfum (3.4 oz - 100 ml) Para Caballero,https://storage.mercas.ist/cashea/new_69ca988c354c16.12926276.webp,MASS2561
MASS2560,Perfume Original Lattafa Qaed Al Fursan Untamed - Eau de Parfum (3.0 oz - 90 ml) Unisex,https://storage.mercas.ist/cashea/new_69ca9734e8d984.98200266.webp,MASS2560
MASS2559,Perfume Original Lattafa Qaed Al Fursan Unlimited - Eau de Parfum (3.0 oz - 90 ml) Unisex,https://storage.mercas.ist/cashea/new_69ca96d13ac546.23139897.webp,MASS2559
MASS2549,Perfume Original Lattafa Hayaati Florence - Eau de Parfum (3.4 oz - 100 ml) Para Dama,https://storage.mercas.ist/cashea/new_69ca92ec0bc548.40369161.webp,MASS2549
MASS2521,Perfume Original Benetton Sisterland Pink Raspberry - Eau De Toilette 80ml (2.7 oz) Para Dama,https://storage.mercas.ist/cashea/new_69c3f04d92c9b5.51711289.webp,MASS2521
MASS2520,Perfume Original Benetton Sisterland Green Jasmine - Eau De Toilette 80ml (2.7 oz) Para Dama,https://storage.mercas.ist/cashea/new_69c3eebcbff127.80811779.webp,MASS2520
MASS2505,Perfume Original Antonio Banderas Her Secret Desire - Eau De Toilette 80ml (2.7 oz) Para Dama,https://storage.mercas.ist/cashea/new_69c3d5a6dc94d6.19984028.webp,MASS2505
MASS2371,Máquina De Afeitar Recargable 10w Usb Raf R.476 - Color: Dorado,http://http2.mlstatic.com/D_759485-MLV104879863401_012026-O.webp,MASS2371
MASS2365,Maquina De Dona 7 Piezas Electrica 1000w R.92210-110 Raf - Color: Negro,http://http2.mlstatic.com/D_925456-MLV104866216983_012026-O.webp,MASS2365
MASS2350,Batidora De Pedestal 200w Raf R.96637-110 - Color: Rojo - Frecuencia: 50Hz / 60 Hz,http://http2.mlstatic.com/D_760412-MLV104854849505_012026-O.webp,MASS2350
MASS2330,Barra De Dominadas Metal Para Puerta 150 Kg Ajustable - Color: Negro,http://http2.mlstatic.com/D_830479-MLV104133391326_012026-O.webp,MASS2330
MASS2248,Copa Masturbadora Vibracion Pene Recargable - Color: Azul oscuro - Tipo de orificio: Circular,http://http2.mlstatic.com/D_879536-MLV99224233269_112025-O.webp,MASS2248
MASS1964,Masturbador De Torso Corporal Vagina Ano Senos - Tipo de orificio: Vagina,http://http2.mlstatic.com/D_758074-MLV91946843423_092025-O.webp,MASS1964
MASS2068,Masajeador Oem Terapia Ventosas 1 Unidad Celulitis,https://http2.mlstatic.com/D_968899-MLV90894628164_082025-O.webp,MASS2068
1551832-906501,Tickera Termica Impresora Loteria Parley Comanda Usb Y Lpt1 - Color: Negro,http://http2.mlstatic.com/D_663048-MLV84031289983_042025-O.jpg,MASS1449
11685101-701138,Lengua Vibradora Estimulador De Clítoris Punto G Tienda - Color: Variado,http://http2.mlstatic.com/D_693745-MLV84013356016_052025-O.webp,MASS0264
30838732-874698,Satisfyer Recargable Pinguino Estimulador De Clitoris Ondas - Color: Negro,http://http2.mlstatic.com/D_820083-MLV96064028014_102025-O.webp,MASS1920
30832065-871165,Bolso Tipo Pañalera Cambiador Morral Viaje Cuna - Color: Gris oscuro,http://http2.mlstatic.com/D_943334-MLV85705431437_062025-O.webp,MASS1864
30832065-871164,Bolso Tipo Pañalera Cambiador Morral Viaje Cuna - Color: Negro,http://http2.mlstatic.com/D_789381-MLV85705462767_062025-O.webp,MASS1862
30832065-871163,Bolso Tipo Pañalera Cambiador Morral Viaje Cuna - Color: Azul oscuro,http://http2.mlstatic.com/D_897318-MLV85399645942_062025-O.webp,MASS1863
28022430-682010,Lengua Vibradora Recargable Masturbadora Punto G Clitoris - Color: Rojo,http://http2.mlstatic.com/D_602956-MLV69439023301_052023-O.webp,MASS1008
20238516-489721,Cuchillos Cuisinart De Chef Cerámica Antiadherente Set 12 Pz - Color: Varios,http://http2.mlstatic.com/D_637741-MLV80919561247_112024-O.webp,MASS0499
28594842-786890,Maquina Para Hacer Mini Donas 6 Und Placa Antihadherente - Color: Negro,http://http2.mlstatic.com/D_953063-MLV74449104516_022024-O.webp,MASS1312
MASS1716,Vibrador Recargable Con Control Doble Estimulacion Discreto  - Color: Azul claro,http://http2.mlstatic.com/D_985811-MLV76955856048_062024-O.webp,MASS1716
MASS1668,Lampara De Plasma Bola Magica 5 Pulgadas Sensible Al Tacto,https://http2.mlstatic.com/D_992329-MLV75018783416_032024-O.webp,MASS1668
MASS1267,Maquina Para Hacer Mini Donas 7 Und Placa Antihadherente - Color: Negro,http://http2.mlstatic.com/D_653864-MLV80656584974_112024-O.webp,MASS1267
MASS2701,Estante Portatil 5 Niveles 2 Columnas Tela Negro Nuevo,https://i.postimg.cc/tgryb7rN/Captura-de-pantalla-2026-06-30-110152.png,MASS2701
MASS2652,Masajeador Oem Terapia Ventosas 1 Unidad Celulitis - Blanco,,MASS2652
MASS2651,Masajeador Oem Terapia Ventosas 1 Unidad Celulitis - Negro,,MASS2651
MASS0649,Vaso Contigo 24oz Byron Snapseal Plateado,https://storage.mercas.ist/cashea/new_6a1840ab7a8e58.86123438.webp,MASS0649
MASS2109,Anillo Inteligente Salud Deporte Acero Inoxidable - Color y Talla: Dorado - talla 11,http://http2.mlstatic.com/D_710688-MLV98091261739_112025-O.webp,MASS2109
MASS2074,Blanqueador Dental Smilekit Luz Uv Para Aplicar En Casa,https://http2.mlstatic.com/D_844811-MLV88503078579_072025-O.jpg,MASS2074
MASS2048,Lámpara De Lava Volcano Usb Led Nocturna - Color de la estructura: Negro - Color de la pantalla: Rojo,http://http2.mlstatic.com/D_812103-MLV90889291560_082025-O.webp,MASS2048
MASS1942,Vibrador Anal De Empuje Masajeador De Próstata Con 1 Anillo,https://http2.mlstatic.com/D_924649-MLV88702118625_072025-O.webp,MASS1942
28649085-790187,Drone Con Control Remoto Grabacion Hd Modo Altitud Giro 360 - Color: Negro,http://http2.mlstatic.com/D_908961-MLV80912089597_112024-O.webp,MASS1655
MASS2506,Perfume Original Antonio Banderas Her Secret Temptation - Eau De Toilette 80ml (2.7 oz) Para Dama,https://storage.mercas.ist/cashea/new_69c3d6f3e64a16.25244005.webp,MASS2506
30539881-856115,Mini Ups Para Modem Router Telefono 10000 Mah G-power - Color: Blanco,http://http2.mlstatic.com/D_772433-MLV84311091090_052025-O.webp,MASS1676
MASS1653,Pistola De Agua Rifle Blaster 180cc M416 7 Metros De Alcance - Color: Dorado,http://http2.mlstatic.com/D_790735-MLV77999675323_072024-O.webp,MASS1653
MASS1654,Pistola De Agua Rifle Blaster 180cc M416 7 Metros De Alcance - Color: Azul,http://http2.mlstatic.com/D_764444-MLV75109391527_032024-O.jpg,MASS1654
11520656-252213,Disco Duro Solido Kingston Ssd 120gb 2.5 Sata A400 Laptop  - Color: Negro,http://http2.mlstatic.com/D_619539-MLV69759741106_062023-O.webp,MASS0196
MASS2589,Estante Portatil 6 Niveles 2 Columnas Tela Negro - Color: Negro,http://http2.mlstatic.com/D_710568-MLV110805579579_042026-O.webp,MASS2589
MASS2381,Kit Afeitadora Profesional 19 En 1 Raf R.4021 Recargable Usb - Color: Rose gold,http://http2.mlstatic.com/D_611230-MLV104679979419_012026-O.webp,MASS2381
MASS2368,Sandwichera Electrica Parrillera 750w Raf  R.9207t-110 - Color: Negro,http://http2.mlstatic.com/D_601749-MLV104328499806_012026-O.webp,MASS2368
MASS2280,Bolso Impermeable Bolsillo Vertical Puerto Usb - Color: Gris - Diseño de la tela: Satin,http://http2.mlstatic.com/D_976601-MLV97104085164_112025-O.webp,MASS2280
MASS2279,Bolso Impermeable Bolsillo Vertical Puerto Usb - Color: Azul - Diseño de la tela: Satin,http://http2.mlstatic.com/D_711477-MLV97102964510_112025-O.webp,MASS2279
MASS2192,Bolso Impermeable Bolsillo Vertical Puerto Usb - Color: Negro - Diseño de la tela: Satin,http://http2.mlstatic.com/D_840235-MLV97561970585_112025-O.webp,MASS2192
30833366-934526,Vaso Stanley Termico Quencher H2.0 40oz  Frio Y Calor - Color: Verde con Fucsia,http://http2.mlstatic.com/D_889809-MLV87846025044_072025-O.webp,MASS1867
MASS1602,Rollo De Plastico Envoplast Elastico Film Negro Industrial,https://http2.mlstatic.com/D_865661-MLV74649250105_022024-O.webp,MASS1602
MASS0339,Panties Vibrador Succionador Joypark Recargable Bluetooth,,MASS0339
MASS1476,Consolador Realístico Extra Grande Goma Pene Venoso,https://http2.mlstatic.com/D_773930-MLV96643508941_102025-O.webp,MASS1476
31095556-905753,Pendrive 256gb Kingston Exodia M Usb 3.2 - Color: Negro - Nombre del diseño: exodia,http://http2.mlstatic.com/D_902709-MLV86525105998_062025-O.webp,MASS2007
MASS1903,Juego De Escoba Y Pala Gruesa Antihaderente Para Interiores,https://http2.mlstatic.com/D_966601-MLV86525495474_062025-O.webp,MASS1903
30852019-877410,Anillos Para Pene Control Remoto Vibrador De 7 Frecuencias - Color: Negro,http://http2.mlstatic.com/D_737037-MLV82316850469_022025-O.webp,MASS1944
MASS1806,Camara De Seguridad Doble Robotica 360 Hd Micro Sd Wifi - Color: Blanco,http://http2.mlstatic.com/D_726281-MLV78214435588_082024-O.webp,MASS1806
MASS1011,Depilador Laser Ipl Semi-permanente Axilas Piernas Bello F - Color: Blanco,http://http2.mlstatic.com/D_667628-MLV75505242726_042024-O.webp,MASS1011
27995531-730449,Depilador Laser Ipl Semi-permanente Axilas Piernas Bello F - Color: Rosado,http://http2.mlstatic.com/D_739458-MLV73052502146_112023-O.webp,MASS1010
27995531-793518,Depilador Laser Ipl Semi-permanente Axilas Piernas Bello F - Color: Negro,http://http2.mlstatic.com/D_999195-MLV75663816161_042024-O.webp,MASS1009
MASS11173,Silla Para Camping Plegable Ozark Trail Con Portavasos  - Color: Azul oscuro,http://http2.mlstatic.com/D_878252-MLV73141481442_122023-O.webp,MASS11173
30833366-871168,Vaso Stanley Termico Quencher H2.0 40oz  Frio Y Calor - Color: Negro,http://http2.mlstatic.com/D_785385-MLV82184331873_012025-O.webp,MASS1866
30833366-871171,Vaso Stanley Termico Quencher H2.0 40oz  Frio Y Calor - Color: Azul,http://http2.mlstatic.com/D_880288-MLV82253473783_022025-O.webp,MASS1962
30833366-871170,Vaso Stanley Termico Quencher H2.0 40oz  Frio Y Calor - Color: Jade,http://http2.mlstatic.com/D_647302-MLV82027440082_022025-O.jpg,30833366-871170
30833366-871169,Vaso Stanley Termico Quencher H2.0 40oz  Frio Y Calor - Color: Purpura,http://http2.mlstatic.com/D_741548-MLV82184333187_012025-O.jpg,MASS1869
30833366-873400,Vaso Stanley Termico Quencher H2.0 40oz  Frio Y Calor - Color: Azul claro,http://http2.mlstatic.com/D_947623-MLV81969700094_022025-O.webp,MASS1868
30833366-871172,Vaso Stanley Termico Quencher H2.0 40oz  Frio Y Calor - Color: Rosa claro,http://http2.mlstatic.com/D_813790-MLV96287380118_102025-O.webp,MASS1870
30833366-873333,Vaso Stanley Termico Quencher H2.0 40oz  Frio Y Calor - Color: Cuarzo,http://http2.mlstatic.com/D_704135-MLV82026582104_022025-O.webp,MASS1963
30833366-871173,Vaso Stanley Termico Quencher H2.0 40oz  Frio Y Calor - Color: Blanco,http://http2.mlstatic.com/D_615587-MLV82184707849_012025-O.webp,MASS1871
30833366-871174,Vaso Stanley Termico Quencher H2.0 40oz  Frio Y Calor - Color: Lila,http://http2.mlstatic.com/D_746360-MLV82184963341_012025-O.webp,MASS1872
30833366-873401,Vaso Stanley Termico Quencher H2.0 40oz  Frio Y Calor - Color: Verde Manzana,http://http2.mlstatic.com/D_703594-MLV81969593626_022025-O.webp,MASS1961
26471380-731157,Silla Para Camping Plegable Ozark Trail Con Portavasos  - Color: Azul,http://http2.mlstatic.com/D_600607-MLV73141528128_122023-O.webp,MASS0648
26471380-731158,Silla Para Camping Plegable Ozark Trail Con Portavasos  - Color: Rojo,http://http2.mlstatic.com/D_749711-MLV73141567742_122023-O.webp,MASS1457
26471380-666306,Silla Para Camping Plegable Ozark Trail Con Portavasos  - Color: Negro,http://http2.mlstatic.com/D_865273-MLV73141519174_122023-O.webp,MASS1124
MASS2461,Termo Owala Freesip Acero Inoxidable 32oz - Uva Morado,https://i.postimg.cc/dtN3jWZL/Captura-de-pantalla-2026-06-29-104115.png,MASS2461
MASS2631,Termo Owala Freesip Acero Inoxidable 32oz - Fantasma Brillante,https://i.postimg.cc/mkJxtFhR/Captura-de-pantalla-2026-06-29-104438.png,MASS2631
MASS2630,Termo Owala Freesip Acero Inoxidable 32oz - Leopardo Rosa,https://i.postimg.cc/RVYCHN2M/Captura-de-pantalla-2026-06-29-102206.png,MASS2630
MASS2628,Termo Owala Freesip Acero Inoxidable 32oz - Negro con gris,https://i.postimg.cc/Hxb8SQDR/Captura-de-pantalla-2026-06-29-103845.png,MASS2628
MASS2627,Termo Owala Freesip Acero Inoxidable 32oz - Blanco Puro,https://i.postimg.cc/yNbTqhGC/Captura-de-pantalla-2026-06-29-103611.png,MASS2627
MASS2626,Termo Owala Freesip Acero Inoxidable 32oz - Blanquecino,https://i.postimg.cc/TwsgSRhN/Captura-de-pantalla-2026-06-29-103426.png,MASS2626
MASS2625,Termo Owala Freesip Acero Inoxidable 32oz - Azul claro,https://i.postimg.cc/7YfQf6gK/Captura-de-pantalla-2026-06-29-103107.png,MASS2625
MASS2624,Termo Owala Freesip Acero Inoxidable 32oz - Morado,https://i.postimg.cc/Sshw9hyz/Captura-de-pantalla-2026-06-29-102911.png,MASS2624
MASS2694,Termo Deportivo Carote 34 Oz 1 Litro Con Pitillo - Rosado,https://i.postimg.cc/CMqXP8yz/Captura-de-pantalla-2026-06-24-091348.png,MASS2694
MASS2697,Termo Deportivo Carote 34 Oz 1 Litro Con Pitillo - Azul,https://i.postimg.cc/hv6YjS7f/Captura-de-pantalla-2026-06-24-091207.png,MASS2697
MASS2693,Termo Deportivo Carote 24 Oz 710ml Con Pitillo - Rosado,https://i.postimg.cc/7hnCPLR6/Captura-de-pantalla-2026-06-24-092156.png,MASS2693
MASS2696,Termo Deportivo Carote 24 Oz 710ml Con Pitillo - Azul,https://i.postimg.cc/PrnztpCK/Captura-de-pantalla-2026-06-24-092033.png,MASS2696
MASS2680,Termo Deportivo Carote 26 Oz 770ml Hermético Antiderrame - Azul,,MASS2680
MASS2679,Termo Deportivo Carote 26 Oz 770ml Hermético Antiderrame - Rosado,,MASS2679
28595689-826531,Mini Lavadora Portátil Automática 3kg Plegable - Color: Azul acero,http://http2.mlstatic.com/D_796706-MLV78740437706_092024-O.webp,MASS1621
28595689-826530,Mini Lavadora Portátil Automática 3kg Plegable - Color: Violeta,http://http2.mlstatic.com/D_673934-MLV78740084446_092024-O.webp,MASS1550
28595689-826529,Mini Lavadora Portátil Automática 3kg Plegable - Color: Verde claro,http://http2.mlstatic.com/D_778000-MLV78740084596_092024-O.webp,MASS1623
28595689-787088,Mini Lavadora Portátil Automática 3kg Plegable - Color: Rosa,http://http2.mlstatic.com/D_882980-MLV78740083912_092024-O.webp,MASS1624
28599068-793672,Mini Lavadora Portatil Automatica 3kg Plegable Viajera - Color: Verde claro,http://http2.mlstatic.com/D_714684-MLV75525138886_042024-O.webp,MASS1623
28599068-793671,Mini Lavadora Portatil Automatica 3kg Plegable Viajera - Color: Rosa chicle,http://http2.mlstatic.com/D_801525-MLV75684073407_042024-O.webp,MASS1624
MASS2585,Zapatera Perchero Organizador Multifuncional 4 Niveles - Color: Negro,http://http2.mlstatic.com/D_661215-MLV109418823082_042026-O.webp,MASS2585
MASS2540,Perfume Original Lattafa Ana Abiyedh (Blanco) - Eau de Parfum (2.0 oz - 60 ml) Unisex,https://storage.mercas.ist/cashea/new_69ca8eeb1e6236.26151838.webp,MASS2540
MASS2372,Maquina De Afeitar Raf Recargable Ajustable R.467 - Color: Rose gold,http://http2.mlstatic.com/D_652899-MLV104878269153_012026-O.webp,MASS2372
MASS2367,Sandwichera Electrica Raf 750w R.9207s-110 - Color: Negro,http://http2.mlstatic.com/D_807925-MLV104327809062_012026-O.webp,MASS2367
MASS2366,Máquina Waflera Electrica Cuadrada 750w R.9207h-110 Raf - Color: Negro,http://http2.mlstatic.com/D_913775-MLV104327776348_012026-O.webp,MASS2366
MASS2354,Plancha De Ropa A Vapor Raf R.91234g-110 1000w Verde - Color: Verde,http://http2.mlstatic.com/D_787620-MLV104310643536_012026-O.webp,MASS2354
MASS2348,Procesador De Alimentos 3l 1000w Raf R.97030 - Color: Plateado,http://http2.mlstatic.com/D_854173-MLV104853321765_012026-O.webp,MASS2348
MASS2222,Lámpara Led De Techo 9 Pulgadas 18w Redonda - Color de la estructura: Negro,http://http2.mlstatic.com/D_874531-MLV99027787204_112025-O.webp,MASS2222
MASS2223,Ejercitador 3 En 1 Expansor De Pecho Con Resorte - Color: Negro,http://http2.mlstatic.com/D_602777-MLV99511118879_112025-O.webp,MASS2223
MASS2215,Fomentera Eléctrica Plegable Manta Térmica Para Calor Local - Color: Gris,http://http2.mlstatic.com/D_787641-MLV99014100372_112025-O.webp,MASS2215
MASS2108,Anillo Inteligente Salud Deporte Acero Inoxidable - Color y Talla: Dorado - talla 10,http://http2.mlstatic.com/D_613634-MLV98091271085_112025-O.webp,MASS2108
MASS2107,Anillo Inteligente Salud Deporte Acero Inoxidable - Color y Talla: Dorado - talla 9,http://http2.mlstatic.com/D_965501-MLV97626732318_112025-O.webp,MASS2107
MASS2106,Anillo Inteligente Salud Deporte Acero Inoxidable - Color y Talla: Dorado - talla 8,http://http2.mlstatic.com/D_979014-MLV97626732244_112025-O.webp,MASS2106
MASS2105,Anillo Inteligente Salud Deporte Acero Inoxidable - Color y Talla: Negro - Talla 11,http://http2.mlstatic.com/D_870345-MLV88287308444_072025-O.webp,MASS2105
MASS2104,Anillo Inteligente Salud Deporte Acero Inoxidable - Color y Talla: Negro - Talla 10,http://http2.mlstatic.com/D_987591-MLV88286734660_072025-O.webp,MASS2104
MASS2103,Anillo Inteligente Salud Deporte Acero Inoxidable - Color y Talla: Negro - Talla 9,http://http2.mlstatic.com/D_647880-MLV88631588007_072025-O.webp,MASS2103
MASS2102,Anillo Inteligente Salud Deporte Acero Inoxidable - Color y Talla: Negro - Talla 8,http://http2.mlstatic.com/D_894530-MLV88570908883_072025-O.webp,MASS2102
MASS2082,Hub Adaptador 11 En 1 Multipuertos Usb Tipo C - Color: Plateado,http://http2.mlstatic.com/D_608594-MLV88633696085_072025-O.webp,MASS2082
MASS2063,Mini Impresora Térmica Print Pods Wi-fi Monocromática - Color: Blanco,http://http2.mlstatic.com/D_784924-MLV91330148125_082025-O.webp,MASS2063
11684932-668532,Vibrador Succionador Estimulador De Clitoris Mujeres Control - Color: Morado,http://http2.mlstatic.com/D_660336-MLV42921033357_072020-O.webp,MASS0210
30840369-874147,Plug Anal Matrix Con Aro Tornasol Blush - Color: Tornasol,http://http2.mlstatic.com/D_947136-MLV81993207356_022025-O.webp,MASS1951
27958674-677149,Pistola Masajeadora Fisioterapia Profesional Recargable  - Color: Negro y Plateado,http://http2.mlstatic.com/D_927749-MLV54957041697_042023-O.webp,MASS0943
28006959-680544,Camara De Seguridad Wifi 360 Nocturna Control Remoto V380   - Color: Blanco,http://http2.mlstatic.com/D_684963-MLV69249296077_052023-O.webp,MASS1354
28021922-681687,Camara De Seguridad Wifi Ptz Vision Nocturna De Exterior - Color: Blanco,http://http2.mlstatic.com/D_682389-MLV69424363875_052023-O.webp,MASS0992
MASS1651,Organizador De Baño Repisa Resistente Agua Toallas - Color: Negro,http://http2.mlstatic.com/D_804131-MLV74968442270_032024-O.webp,MASS1651
MASS0548,Temporizador Digital Ipower Intertek Bnd 60/u6n,https://http2.mlstatic.com/D_644930-MLV54646093056_032023-O.webp,MASS0548
MASS2613,Kit Facial 10 En 1 Rodillo De Jade Y Cepillo Limpieza,https://i.postimg.cc/3R7yznmv/Captura-de-pantalla-2026-06-26-164221.png,MASS2613
MASS2602,Flat Wall Panel Pvc Revestimiento Decorativo Paredes - HYC053 - Marrón claro,https://storage.mercas.ist/cashea/new_6a05d9006f41d7.18043897.webp,MASS2602
MASS2601,Flat Wall Panel Pvc Revestimiento Decorativo Paredes - HYC015 - Marrón,https://storage.mercas.ist/cashea/new_6a05d8b87ecf99.03643375.webp,MASS2601
MASS2600,Flat Wall Panel Pvc Revestimiento Decorativo Paredes - HYC070 - Gris Claro,https://storage.mercas.ist/cashea/new_6a05d84ee77f64.64925422.webp,MASS2600
MASS2598,Flat Wall Panel Pvc Revestimiento Decorativo Paredes - HYC032 - Marrón oscuro,https://storage.mercas.ist/cashea/new_6a05d8000213f4.38126812.webp,MASS2598
MASS2599,Flat Wall Panel Pvc Revestimiento Decorativo Paredes - HYC080 - Gris oscuro,https://storage.mercas.ist/cashea/new_6a05d7685cde73.60861282.webp,MASS2599
MASS2648,Termo Owala Freesip Acero Inoxidable 24oz Nuevo - Flor Negro,https://i.postimg.cc/j2WMBtc8/Captura-de-pantalla-2026-06-30-160557.png,MASS2648
MASS2645,Termo Owala Freesip Acero Inoxidable 24oz Nuevo - Azul Marino,https://i.postimg.cc/rF3BVYtW/Captura-de-pantalla-2026-06-30-160447.png,MASS2645
MASS2644,Termo Owala Freesip Acero Inoxidable 24oz Nuevo - Flor Rosa,https://i.postimg.cc/sDxzDh6L/Captura-de-pantalla-2026-06-30-160326.png,MASS2644
MASS2692,Termo Deportivo Carote 24 Oz 710ml Sin Pitillo - Rosado,https://i.postimg.cc/k4VG3Gnc/Captura-de-pantalla-2026-06-24-092716.png,MASS2692
MASS2695,Termo Deportivo Carote 24 Oz 710ml Sin Pitillo - Azul,https://i.postimg.cc/YqFrzT9v/Captura-de-pantalla-2026-06-24-092535.png,MASS2695
MASS2414,Termo Owala Freesip Acero Inoxidable 32oz - Color: Cherry Blue Sky,http://http2.mlstatic.com/D_966528-MLV102485011778_122025-O.webp,MASS2414
MASS2413,Termo Owala Freesip Acero Inoxidable 32oz - Color: Violeta,http://http2.mlstatic.com/D_908294-MLV102995102135_122025-O.webp,MASS2413
MASS2412,Termo Owala Freesip Acero Inoxidable 32oz - Color: Fucsia,http://http2.mlstatic.com/D_637843-MLV102485437726_122025-O.webp,MASS2412
MASS2411,Termo Owala Freesip Acero Inoxidable 32oz - Color: Aguamarina,http://http2.mlstatic.com/D_965689-MLV102485437250_122025-O.webp,MASS2411
MASS2410,Termo Owala Freesip Acero Inoxidable 32oz - Color: Verde menta,http://http2.mlstatic.com/D_706212-MLV102995100375_122025-O.webp,MASS2410
MASS2409,Termo Owala Freesip Acero Inoxidable 32oz - Color: Rosa,http://http2.mlstatic.com/D_737358-MLV102484292964_122025-O.webp,MASS2409
MASS2408,Termo Owala Freesip Acero Inoxidable 32oz - Color: Negro con Flores,http://http2.mlstatic.com/D_778397-MLV102484291918_122025-O.webp,MASS2408
MASS2407,Termo Owala Freesip Acero Inoxidable 32oz - Color: Flores,,MASS2407
MASS2406,Termo Owala Freesip Acero Inoxidable 32oz - Color: Azul marino,http://http2.mlstatic.com/D_646449-MLV102485004884_122025-O.webp,MASS2406
MASS2405,Termo Owala Freesip Acero Inoxidable 32oz - Color: Negro,http://http2.mlstatic.com/D_880449-MLV102993611551_122025-O.webp,MASS2405
MASS2044,Humidificador Difusor Fuego Chimenea Led Aromas - Color: Negro,http://http2.mlstatic.com/D_935538-MLV88043926027_072025-O.webp,MASS2044
MASS0064,Base Para  Tv Inclinación 32 - 55 Pulgada Ht-002  - Color: Negro,http://http2.mlstatic.com/D_933788-MLV52488093019_112022-O.webp,MASS0064
MASS1979,Cuchillo Táctico Con Kit Supervivencia Navaja Combo Militar - Color: Negro,http://http2.mlstatic.com/D_836450-MLV83337594479_032025-O.webp,MASS1979
11520455-252123,Plancha Cabello Remington S9960 Shine Aguacate Macadamia - Color: Verde,http://http2.mlstatic.com/D_989999-MLV93723858615_092025-O.webp,MASS1214
MASS1564,Vaso Contigo Huron Textured Camo Acero Inoxidable 591ml Frio,https://http2.mlstatic.com/D_618034-MLV46569755645_062021-O.webp,MASS1564
MASS1787,Consola De Videojuegos Retro Game Stick M8 1000 Juegos,https://i.postimg.cc/RVKKRrKG/Captura-de-pantalla-2026-07-14-121345.png,MASS1787
MASS2592,Kit Teclado Y Mouse T-wolf Tf270 Gamer Usb Retroiluminado - Color del teclado: Negro - Idioma: Español Latinoamérica,http://http2.mlstatic.com/D_832643-MLV109454216624_042026-O.webp,MASS2592
MASS1762,Vibrador Consolador Triple Penetracion Estimulativa Lesbica - Color: Violeta oscuro,http://http2.mlstatic.com/D_928423-MLV76811172700_062024-O.webp,MASS1762
MASS2457,Masajeador Corporal Anticelulitis Infrarrojo Body Innovation - Color: Blanco,http://http2.mlstatic.com/D_846377-MLV107646938171_022026-O.webp,MASS2457
MASS2468,Separador De Ambientes Panel Pvc Wpc 2.9m X 10cm - Color: Blanco - Nombre del diseño: Lisa,http://http2.mlstatic.com/D_693757-MLV107518430429_022026-O.webp,MASS2468
MASS2467,Separador De Ambientes Panel Pvc Wpc 2.9m X 10cm - Color: Gris oscuro - Nombre del diseño: Lisa,http://http2.mlstatic.com/D_828218-MLV106843330968_022026-O.webp,MASS2467
MASS2466,Separador De Ambientes Panel Pvc Wpc 2.9m X 10cm - Color: Marrón claro - Nombre del diseño: Lisa,http://http2.mlstatic.com/D_601083-MLV107519883421_022026-O.webp,MASS2466
MASS2465,Separador De Ambientes Panel Pvc Wpc 2.9m X 10cm - Color: Gris - Nombre del diseño: Lisa,http://http2.mlstatic.com/D_721503-MLV107518490615_022026-O.webp,MASS2465
MASS2464,Separador De Ambientes Panel Pvc Wpc 2.9m X 10cm - Color: Negro - Nombre del diseño: Lisa,http://http2.mlstatic.com/D_955700-MLV106844098156_022026-O.webp,MASS2464
MASS2373,Máquina De Afeitar Recargable Pantalla Lcd 6w R.470 Raf - Color: Rose gold,http://http2.mlstatic.com/D_972997-MLV104994694479_012026-O.webp,MASS2373
MASS2276,Lámpara Libro De Escritorio Led Noche Mesa - Color de la estructura: Caoba - Color de la pantalla: Amarillo,http://http2.mlstatic.com/D_623784-MLV97577378557_112025-O.webp,MASS2276
MASS2275,Lámpara Libro De Escritorio Led Noche Mesa - Color de la estructura: Marrón oscuro - Color de la pantalla: Amarillo,http://http2.mlstatic.com/D_727385-MLV99385084019_112025-O.webp,MASS2275
MASS2120,Lámpara Libro De Escritorio Led Noche Mesa - Color de la estructura: Marrón claro - Color de la pantalla: Amarillo,http://http2.mlstatic.com/D_921849-MLV97116971168_112025-O.webp,MASS2120
11680780-735847,Vibrador Pantys Mando A Distancia Estimulacion Del Clitoris - Color: Fucsia,,MASS0337
11680780-668526,Vibrador Pantys Mando A Distancia Estimulacion Del Clitoris - Color: Morado,http://http2.mlstatic.com/D_748993-MLV42901228585_072020-O.webp,MASS0338
27782694-733052,Mini Impresora Bluetooth Portatil Recargable Termica App Ios - Color: Rosa,http://http2.mlstatic.com/D_704067-MLV73367720125_122023-O.webp,MASS1138
27782694-693996,Mini Impresora Bluetooth Portatil Recargable Termica App Ios - Color: Celeste,http://http2.mlstatic.com/D_823082-MLV54766558104_032023-O.webp,MASS1107
MASS1206,Set De Ligas De Entrenamiento De Ejercicio Resistencia Gym,https://http2.mlstatic.com/D_891360-MLV70437583214_072023-O.webp,MASS1206
MASS1874,Cepillo Secador Eléctrico 5 En 1 Génerico Secador/alisador,https://http2.mlstatic.com/D_980430-MLV81907700948_012025-O.webp,MASS1874
30836046-873283,Juego De Platos Vajillas Cuencas Tazas Negro - Color: Negro - Nombre del diseño: Lisa,http://http2.mlstatic.com/D_873729-MLV82237813305_022025-O.webp,MASS1895
MASS0149,Consolador Realístico Contra Agua Flexible Arcoiris - Color: ARCOIRIS,http://http2.mlstatic.com/D_927157-MLV80656637498_112024-O.webp,MASS0149
MASS2605,Zapatera Armable 7 Niveles Portatil Zapatos Organizador,https://i.postimg.cc/PJJjNH7q/Captura-de-pantalla-2026-06-30-105854.png,MASS2605
28692441-798425,Vibrador Consolador Triple Penetracion Estimulativa Lesbica - Color: Negro,http://http2.mlstatic.com/D_891411-MLV96721620481_102025-O.webp,MASS1717
MASS2639,Termo Owala Freesip Sway 30oz Acero Inoxidable - Morado,https://i.postimg.cc/rzXrgK3C/Captura-de-pantalla-2026-06-29-085109.png,MASS2639
MASS2638,Termo Owala Freesip Sway 30oz Acero Inoxidable - Azul claro,https://i.postimg.cc/ZYfsjZwQ/Gemini-Generated-Image-kc3qutkc3qutkc3q.png,MASS2638
MASS2637,Termo Owala Freesip Sway 30oz Acero Inoxidable - Marfil,https://i.postimg.cc/MpwBQf1t/Captura-de-pantalla-2026-06-29-084018.png,MASS2637
MASS2636,Termo Owala Freesip Sway 30oz Acero Inoxidable - Lila,https://i.postimg.cc/SNJC4pkr/Captura-de-pantalla-2026-06-29-083658.png,MASS2636
MASS2635,Termo Owala Freesip Sway 30oz Acero Inoxidable - Verde,https://i.postimg.cc/qMs0zNJX/Captura-de-pantalla-2026-06-29-082913.png,MASS2635
MASS2634,Termo Owala Freesip Sway 30oz Acero Inoxidable - Rosa Claro,https://i.postimg.cc/Hk81Cm93/Captura-de-pantalla-2026-06-26-171201.png,MASS2634
MASS2633,Termo Owala Freesip Sway 30oz Acero Inoxidable - Naranja,https://i.postimg.cc/2ynLtMXL/Captura-de-pantalla-2026-06-26-170506.png,MASS2633
MASS2632,Termo Owala Freesip Sway 30oz Acero Inoxidable - Negro,https://i.postimg.cc/J4T2nFh8/Captura-de-pantalla-2026-06-26-165349.png,MASS2632
19754769-786004,Reloj Inteligente Xiaomi Amazfit Band 5 Original Tienda - Color de la caja: Negro,,MASS1512
19754769-786005,Reloj Inteligente Xiaomi Amazfit Band 5 Original Tienda - Color de la caja: Naranja,,MASS1514
19754769-786006,Reloj Inteligente Xiaomi Amazfit Band 5 Original Tienda - Color de la caja: Verde musgo,,MASS1513
28650600-790562,Audifonos Inalambricos AirPods Max Audio Espacial Inmersivo - Color: Azul,,MASS1850
28650600-790565,Audifonos Inalambricos AirPods Max Audio Espacial Inmersivo - Color: Negro,,MASS1588
28650600-790564,Audifonos Inalambricos AirPods Max Audio Espacial Inmersivo - Color: Rojo,,MASS1589
MASS1590,Audifonos Inalambricos AirPods Max Audio Espacial Inmersivo - Color: Blanco,,MASS1590
26552409-601357,Regulador De Voltaje Explore 600w 8 Tomas Pc Tv Deco Router - Color: Negro,http://http2.mlstatic.com/D_743637-MLV72381223605_102023-O.webp,MASS0663
MASS1969,Mascara Sexy De Perro Neopreno Para Cosplay - Color: Rojo - Talle de la máscara BDSM: XL,http://http2.mlstatic.com/D_627990-MLV96287382676_102025-O.webp,MASS1969
30840284-874109,Mascara Sexy De Perro Neopreno Para Cosplay - Color: Violeta oscuro - Talle de la máscara BDSM: XL,http://http2.mlstatic.com/D_934305-MLV84431889223_052025-O.webp,MASS1967
30840284-874108,Mascara Sexy De Perro Neopreno Para Cosplay - Color: Negro - Talle de la máscara BDSM: XL,http://http2.mlstatic.com/D_886742-MLV84431808835_052025-O.webp,MASS1968
30840284-874105,Mascara Sexy De Perro Neopreno Para Cosplay - Color: Fucsia - Talle de la máscara BDSM: XL,http://http2.mlstatic.com/D_668795-MLV84135049012_052025-O.webp,MASS1971
30840284-874107,Mascara Sexy De Perro Neopreno Para Cosplay - Color: Gris oscuro - Talle de la máscara BDSM: XL,http://http2.mlstatic.com/D_829222-MLV84134972628_052025-O.jpg,30840284-874107
30840284-874106,Mascara Sexy De Perro Neopreno Para Cosplay - Color: Camuflaje - Talle de la máscara BDSM: XL,http://http2.mlstatic.com/D_602059-MLV84431430203_052025-O.webp,MASS1970
MASS1054,Plug Anal Iniciador Recargable Silicon Vibracion Control,https://http2.mlstatic.com/D_958096-MLV69805835856_062023-O.webp,MASS1054
MASS0902,Maquina De Coser Portatil Con Pedal,https://http2.mlstatic.com/D_789918-MLV54338404134_032023-O.jpg,MASS0902
MASS1786,Almohada Latex Natural Pillow Elastica Buen Descanso 55 X 30 - Color: Blanco,http://http2.mlstatic.com/D_738983-MLV80659250150_112024-O.webp,MASS1786
MASS1393,Switch  Cudy 5 Puertos Gigabit Rj45 Cable Red Ethernet,https://http2.mlstatic.com/D_833068-MLV74253789776_022024-O.webp,MASS1393
MASS2186,Lampara De Lava Vintage 10 Pulgadas Colores - Color de la estructura: Plateado - Color de la pantalla: Azul,http://http2.mlstatic.com/D_842479-MLV97100491836_112025-O.webp,MASS2186
MASS0688,Vagina Masturbador Realista Con Base Vibrador Anal Ajustable,https://http2.mlstatic.com/D_668617-MLV80919557673_112024-O.webp,MASS0688
15545438-328561,Base Para Tv Inclinación 15-42 Pulgadas Ht-001  - Color: Negro,http://http2.mlstatic.com/D_932986-MLV85352365518_062025-O.webp,MASS0065
28820257-816213,Lampara  Astronauta Proyector De Estrellas Nebulosa Rgb Led - Color de la estructura: Blanco - Color de la pantalla: Negro,http://http2.mlstatic.com/D_621795-MLV80918714315_112024-O.webp,MASS1788
28312134-733041,Maquina Cotufera De Aire Electrica  1200w 110v Cotufas - Color: Rojo,http://http2.mlstatic.com/D_836708-MLV80919521995_112024-O.webp,MASS1335
MASS0286,Vibrador Satisfyer Succionador Estimulador De Clitoris Sexo  - Color: Violeta,http://http2.mlstatic.com/D_777084-MLV76987338171_062024-O.webp,MASS0286
21514663-737443,Vibrador Satisfyer Succionador Estimulador De Clitoris Sexo  - Color: Fucsia,http://http2.mlstatic.com/D_680842-MLV80922062051_112024-O.webp,MASS0285
MASS2736,Cepillo Masajeador De Cuero Cabelludo Electrico Recargable - Negro,https://i.postimg.cc/GB4yzWyf/Captura-de-pantalla-2026-07-29-124056.png,MASS2736
MASS2710,Cepillo Masajeador De Cuero Cabelludo Electrico Recargable - Rojo,https://i.postimg.cc/TyKDQzDS/Captura-de-pantalla-2026-07-29-124318.png,MASS2710
MASS2709,Cepillo Masajeador De Cuero Cabelludo Electrico Recargable - Blanco,https://i.postimg.cc/678vzkZw/Captura-de-pantalla-2026-07-29-124429.png,MASS2709
MASS2784,Creatina Monohidratada Venture Pal Micronizada 60 Servicios,https://i.postimg.cc/wxSdFTwY/Captura-de-pantalla-2026-07-24-102147.png,MASS2784
MASS2395,"Rollo Panel Decorativo Vinil Autoadhesivo 1,2m X 3m - Nombre del diseño: JQ-YP-158",http://http2.mlstatic.com/D_989938-MLA104529892015_012026-O.webp,MASS2395
MASS2394,"Rollo Panel Decorativo Vinil Autoadhesivo 1,2m X 3m - Nombre del diseño: JQ-YP-117",http://http2.mlstatic.com/D_932805-MLA103993975762_012026-O.webp,MASS2394
MASS2393,"Rollo Panel Decorativo Vinil Autoadhesivo 1,2m X 3m - Nombre del diseño: JQ-YSZ-3755",http://http2.mlstatic.com/D_913663-MLA104534097577_012026-O.webp,MASS2393
MASS2392,"Rollo Panel Decorativo Vinil Autoadhesivo 1,2m X 3m - Nombre del diseño: 048",http://http2.mlstatic.com/D_910405-MLA104529916727_012026-O.webp,MASS2392
MASS2391,"Rollo Panel Decorativo Vinil Autoadhesivo 1,2m X 3m - Nombre del diseño: JQ-H-047",http://http2.mlstatic.com/D_852888-MLA104529433829_012026-O.webp,MASS2391
31742481-954056,"Rollo Panel Decorativo Vinil Autoadhesivo 1,2m X 3m - Nombre del diseño: JQ-F-014",http://http2.mlstatic.com/D_763825-MLV91239568700_092025-O.webp,MASS1838
31742481-954050,"Rollo Panel Decorativo Vinil Autoadhesivo 1,2m X 3m - Nombre del diseño: JQ-YP-160",http://http2.mlstatic.com/D_600342-MLV91598451091_092025-O.webp,MASS1841
31742481-954049,"Rollo Panel Decorativo Vinil Autoadhesivo 1,2m X 3m - Nombre del diseño: JQ-YP-164",http://http2.mlstatic.com/D_862928-MLV91598550011_092025-O.webp,MASS1843
31742481-954048,"Rollo Panel Decorativo Vinil Autoadhesivo 1,2m X 3m - Nombre del diseño: JQ-YP-162",http://http2.mlstatic.com/D_912068-MLV91598786143_092025-O.webp,MASS1842
31742481-954047,"Rollo Panel Decorativo Vinil Autoadhesivo 1,2m X 3m - Nombre del diseño: JQ-YP-03",http://http2.mlstatic.com/D_991664-MLV91203732828_092025-O.webp,MASS1840
31742481-954046,"Rollo Panel Decorativo Vinil Autoadhesivo 1,2m X 3m - Nombre del diseño: JQ-H-002",http://http2.mlstatic.com/D_765201-MLV91598508351_092025-O.webp,MASS1839
31742481-954045,"Rollo Panel Decorativo Vinil Autoadhesivo 1,2m X 3m - Nombre del diseño: JQ-F-008",http://http2.mlstatic.com/D_725777-MLV91598104061_092025-O.webp,MASS1837
31742481-954044,"Rollo Panel Decorativo Vinil Autoadhesivo 1,2m X 3m - Nombre del diseño: JQ-90527D1",http://http2.mlstatic.com/D_868638-MLV91598507331_092025-O.webp,MASS1836
31742481-953984,"Rollo Panel Decorativo Vinil Autoadhesivo 1,2m X 3m - Nombre del diseño: JQ-YP-165",http://http2.mlstatic.com/D_946393-MLV91414404246_092025-O.webp,MASS2129
MASS2606,Zapatera Armable 5 Niveles Portatil Zapatos Organizador,https://i.postimg.cc/XqpR48ZC/Captura-de-pantalla-2026-06-30-110015.png,MASS2606
MASS2650,Taza De Café Térmica Owala Smoothsip 20oz - Estrellas,https://i.postimg.cc/9fx59kNB/Captura-de-pantalla-2026-06-29-093531.png,MASS2650
MASS2649,Taza De Café Térmica Owala Smoothsip 20oz - Rosa,https://i.postimg.cc/5y6r8NF8/Captura-de-pantalla-2026-06-29-093320.png,MASS2649
MASS2647,Taza De Café Térmica Owala Smoothsip 20oz - Amarillo,https://i.postimg.cc/CKCpK1jh/Captura-de-pantalla-2026-06-29-090051.png,MASS2647
MASS2646,Taza De Café Térmica Owala Smoothsip 20oz - Blanco con Rosado,https://i.postimg.cc/T1N6X4nm/Captura-de-pantalla-2026-06-29-090417.png,MASS2646
MASS2643,Taza De Café Térmica Owala Smoothsip 20oz - Azul,https://i.postimg.cc/rsVVT4bn/Captura-de-pantalla-2026-06-29-092903.png,MASS2643
MASS2642,Taza De Café Térmica Owala Smoothsip 20oz - Blanquecino,https://i.postimg.cc/Cx1RD3cW/Captura-de-pantalla-2026-06-29-092650.png,MASS2642
MASS2641,Taza De Café Térmica Owala Smoothsip 20oz - Gris Oscuro con Verde,https://i.postimg.cc/jqPPSY1c/Captura-de-pantalla-2026-06-29-092456.png,MASS2641
MASS2640,Taza De Café Térmica Owala Smoothsip 20oz - Violeta,https://i.postimg.cc/gJ5xgnQD/Captura-de-pantalla-2026-06-29-092133.png,MASS2640
21514663-668517,Vibrador Satisfyer Succionador Estimulador De Clitoris Sexo  - Color: Rosa,http://http2.mlstatic.com/D_872266-MLV73830319227_012024-O.webp,MASS0287
MASS2593,Kit Teclado Y Mouse Combo Inalámbrico Negro 8875 - Color del mouse: Negro - Color del teclado: Negro,http://http2.mlstatic.com/D_624345-MLV109860977208_042026-O.webp,MASS2593
MASS2581,Perfume Original Revlon Ciara - Eau de Parfum (2.5 oz - 75 ml) Para Dama,https://storage.mercas.ist/cashea/edit_69d92e3c294057.29266590.webp,MASS2581
MASS2519,Perfume Original Benetton Hot Gold - Eau De Toilette 100ml (3.4 oz) Para Dama,https://storage.mercas.ist/cashea/new_69c3ec37489c18.60157268.webp,MASS2519
MASS2376,Máquina De Afeitar Recargable 6w Usb Raf R.472 - Color: Azul,http://http2.mlstatic.com/D_980406-MLV105981148861_012026-O.webp,MASS2376
MASS2357,Plancha De Ropa A Vapor Raf R.1246-110 2200w - Color: Rosa,http://http2.mlstatic.com/D_940728-MLV104313935520_012026-O.webp,MASS2357
MASS2356,Plancha De Ropa A Vapor Raf R.1246-110 2200w - Color: Verde,http://http2.mlstatic.com/D_868069-MLV104862705409_012026-O.webp,MASS2356
MASS2355,Plancha De Ropa A Vapor Raf R.1246-110 2200w - Color: Azul,http://http2.mlstatic.com/D_878777-MLV104862525501_012026-O.webp,MASS2355
32278206-1003117,Caja Sorpresa Mystery Obsequio Navidad - Color: Variado,,32278206-1003117
MASS2055,Cámara Digital Gopro Compacta Batería Recargable - Color: Rosa chicle,http://http2.mlstatic.com/D_938869-MLV88047256881_072025-O.webp,MASS2055
MASS2054,Cámara Digital Gopro Compacta Batería Recargable - Color: Azul,http://http2.mlstatic.com/D_940589-MLV88046643449_072025-O.webp,MASS2054
MASS2053,Cámara Digital Gopro Compacta Batería Recargable - Color: Blanco,http://http2.mlstatic.com/D_646704-MLV90939982164_082025-O.webp,MASS2053
MASS2052,Cámara Digital Gopro Compacta Batería Recargable - Color: Negro,http://http2.mlstatic.com/D_774853-MLV91332304889_082025-O.webp,MASS2052
MASS2041,Estante Organizador De Baño 3 Repisas - Color: Negro,http://http2.mlstatic.com/D_840888-MLV95207165421_102025-O.webp,MASS2041
31056825-903817,Set 3 Plug Anal De Metal Con Luces Led Control Remoto - Color: Transparente,http://http2.mlstatic.com/D_630211-MLV83332571078_042025-O.webp,MASS1952
31222680-911193,Pene Realista Para Mujeres De Silicona Prepucio - Color: Piel,http://http2.mlstatic.com/D_961700-MLV84479711053_052025-O.webp,MASS1973
MASS1089,Difusor De Aceite Humidificador Innogear Aromaterapia Led,https://http2.mlstatic.com/D_706991-MLV54990042866_052023-O.webp,MASS1089
30840355-874142,Set 3 Plug Anal De Metal Con Luces Led Control Remoto - Color: Transparente,http://http2.mlstatic.com/D_630211-MLV83332571078_042025-O.webp,MASS1952
MASS1709,Arnes Strap On Doble Penetracion Estimulador Anal Vaginal - Color: Violeta oscuro,http://http2.mlstatic.com/D_608929-MLV76296518437_052024-O.webp,MASS1709
28692721-803756,Arnes Strap On Doble Penetracion Estimulador Anal Vaginal - Color: Coral claro,http://http2.mlstatic.com/D_660002-MLV77035415097_062024-O.webp,MASS1710
MASS1708,Arnes Strap On Doble Penetracion Estimulador Anal Vaginal - Color: Negro,http://http2.mlstatic.com/D_914275-MLV76827974348_062024-O.webp,MASS1708
28601811-788038,Tensiometro Digital Electronico Usb  De Brazo Arm Style - Color: Blanco,http://http2.mlstatic.com/D_649622-MLV80919937241_112024-O.webp,MASS1320
MASS1365,Extensor De Pene Maquina Para Alargado Resultados En 1 Mes,https://http2.mlstatic.com/D_971404-MLV80919597957_112024-O.webp,MASS1365
MASS0448,Aceites Esenciales Para Humificadores Difusor Combo 5und  - Color: VARIADO,,MASS0448
21315172-662138,Vibrador Consolador Recargable Usb Punto G Resistente Agua  - Color: Rosado,http://http2.mlstatic.com/D_781652-MLV80918949755_112024-O.webp,MASS1470
21315172-702989,Vibrador Consolador Recargable Usb Punto G Resistente Agua  - Color: Morado,http://http2.mlstatic.com/D_994004-MLV70981124873_082023-O.webp,MASS0593
MASS0592,Vibrador Consolador Recargable Usb Punto G Resistente Agua  - Color: Negro,http://http2.mlstatic.com/D_956698-MLV80918763867_112024-O.webp,MASS0592
MASS0295,Memoria Micro Sd Kingston 64gb Clase 10 Original Certificada,https://http2.mlstatic.com/D_611990-MLV41579528602_042020-O.webp,MASS0295
MASS1215,Plancha Remington Keratina S-8590 Cerámica - Color: Dorado,http://http2.mlstatic.com/D_735413-MLV96632905987_102025-O.jpg,MASS1215
28665770-793693,Control Playstation 4 Ps4 Dualshock Inalambrico  - Color: Negro,,MASS0167
MASS2331,Ejercitador De Músculos Suelo Pélvico Postparto Aparato - Color: Blanco,http://http2.mlstatic.com/D_638387-MLV102628421478_122025-O.webp,MASS2331
MASS2321,Masajeador Facial Ems Forma V Microcorriente Reafirmante,https://http2.mlstatic.com/D_989542-MLV104670146657_012026-O.webp,MASS2321
28355228-784275,Base Fan Cooler 6 Ventilador Usb Laptop 14/17 Pulgadas - Color: Negro - Color del LED: Azul,http://http2.mlstatic.com/D_760279-MLV74304602755_012024-O.webp,MASS1351
MASS2727,Lampara De Mesa Led Media Luna Para Uñas Manicura Spa,https://i.postimg.cc/G8mqPFwH/Captura-de-pantalla-2026-07-29-151318.png,MASS2727
MASS2724,Humidificador Difusor De Aceites Esenciales Diamante - Madera Oscura,https://i.postimg.cc/2bpVGVm4/Captura-de-pantalla-2026-07-29-125034.png,MASS2724
MASS2723,Humidificador Difusor De Aceites Esenciales Diamante - Madera,https://i.postimg.cc/r0SzPMFC/Captura-de-pantalla-2026-07-29-125144.png,MASS2723
MASS2590,Kit Gamer Teclado Y Mouse Tf200 Retroiluminado Led T-wolf - Color del teclado: Negro - Idioma: Español,http://http2.mlstatic.com/D_915231-MLV110320593439_042026-O.webp,MASS2590
MASS1721,Vibrador Rabbit Recargable Estimulador Punto G Clitoris - Color: Rosa,http://http2.mlstatic.com/D_807451-MLV76297799371_052024-O.webp,MASS1721
MASS2517,Perfume Original Benetton Hot - Eau De Toilette 100ml (3.4 oz) Para Dama,https://storage.mercas.ist/cashea/new_69c3e9b4d6a1c9.65834859.webp,MASS2517
MASS2293,Reloj Inteligente Para Niños Q19 Gps Localizador Rastreador - Color de la correa: Turquesa y Gris Oscuro - Color del bisel: Turquesa - Color del fondo: Turquesa,http://http2.mlstatic.com/D_843142-MLV100257258113_122025-O.webp,MASS2293
MASS21155,Reloj Inteligente Para Niños Q19 Gps Localizador Rastreador - Color de la correa: Morado Y Gris Oscuro - Color del bisel: Morado - Color del fondo: Morado,http://http2.mlstatic.com/D_835026-MLV100002738294_122025-O.webp,MASS2115
MASS2117,Reloj Inteligente Para Niños Q19 Gps Localizador Rastreador - Color de la correa: Rosa y morado - Color del bisel: Morado - Color del fondo: Rosa,http://http2.mlstatic.com/D_703478-MLV95081981195_102025-O.webp,MASS2117
MASS2116,Reloj Inteligente Para Niños Q19 Gps Localizador Rastreador - Color de la correa: Azul y Morado - Color del bisel: Morado - Color del fondo: Azul,http://http2.mlstatic.com/D_790554-MLV95082117523_102025-O.webp,MASS2116
MASS2274,Lampara De Lava Vintage 10 Pulgadas Colores - Color de la estructura: Plateado - Color de la pantalla: Morado,http://http2.mlstatic.com/D_642560-MLV95225652001_102025-O.jpg,MASS2274
31607938-936411,Reloj Inteligente Smartwatch Big 2.01 Ultra 2 Set - Color de la caja: Naranja - Color de la malla: Naranja - Color del bisel: Plateado - Diseño de la malla: Deportivo,http://http2.mlstatic.com/D_903274-MLV88534135608_072025-O.webp,MASS1995
31607938-936412,Reloj Inteligente Smartwatch Big 2.01 Ultra 2 Set - Color de la caja: Naranja - Color de la malla: Azul oscuro - Color del bisel: Plateado - Diseño de la malla: Deportivo,http://http2.mlstatic.com/D_628244-MLV88882728467_072025-O.webp,MASS1994
31607938-936413,Reloj Inteligente Smartwatch Big 2.01 Ultra 2 Set - Color de la caja: Naranja - Color de la malla: Negro - Color del bisel: Plateado - Diseño de la malla: Deportivo,http://http2.mlstatic.com/D_994644-MLV88534295226_072025-O.webp,MASS1993
28692747-798549,Vibrador Rabbit Recargable Estimulador Punto G Clitoris - Color: Azul petróleo,http://http2.mlstatic.com/D_766991-MLV76297769091_052024-O.webp,MASS1722
30994613-899555,Maquina De Afeitar Kemei 1071 Inalámbrica Profesional - Color: Negro,http://http2.mlstatic.com/D_904603-MLV83268918201_032025-O.webp,MASS1976
MASS0620,Ducha Portátil Para Camping De 20 Litros 5 Galones,https://http2.mlstatic.com/D_790509-MLV49646068428_042022-O.webp,MASS0620
MASS1720,Vibrador Anal Flexible 10 Velocidades Silencioso Recargable - Color: Negro,http://http2.mlstatic.com/D_696207-MLV76112153454_052024-O.webp,MASS1720
28596115-787228,Bolso Para Laptop Thimkpad Lenovo Gamer Impermeable - Color: Negro - Diseño de la tela: Liso,http://http2.mlstatic.com/D_654618-MLV80655893018_112024-O.webp,MASS1528
11519696-632256,Audífonos Xiaomi Earbuds Basic Tws Mi Bluetooth Somos Tienda - Color: Negro - Color de la luz: Azul,http://http2.mlstatic.com/D_822906-MLV42302447914_062020-O.webp,MASS0045
26334559-630439,Pendrive Kingston 128 Gb Data Traveler Exodia Usb 3.2  - Color: Negro - Nombre del diseño: exodia,http://http2.mlstatic.com/D_998988-MLV49666798433_042022-O.jpg,MASS0622
15545470-328565,Base Tv Fija 26 - 63 Pulgadas - Color: Negro,http://http2.mlstatic.com/D_686562-MLV85350756774_062025-O.webp,MASS0063
MASS2615,Maquina De Cotufas Raf 1000w 2.0l R.99014-110,https://i.postimg.cc/1tMVhyX0/Captura-de-pantalla-2026-06-29-105433.png,MASS2615
28692598-798492,Consolador Realistico Curvo Venoso Largo Y Grueso Con Base  - Color: Violeta oscuro,http://http2.mlstatic.com/D_747602-MLV96715793975_102025-O.webp,MASS1694
MASS2022,Bolso Deportivo Para Gimnasio Bandolero Maleta De Viaje Gym - Color: Azul oscuro - Nombre del diseño: Lisa,http://http2.mlstatic.com/D_911884-MLV88039165251_072025-O.webp,MASS2022
30830258-870874,Secador De Zapatos Portátil Inteligente De Botas Plegable - Color: Blanco,http://http2.mlstatic.com/D_627834-MLV82183486891_012025-O.webp,MASS1860
MASS0399,Vibrador Rabbit Consolador Estimulación 36 Funciones Tienda  - Color: Rosado,http://http2.mlstatic.com/D_633012-MLV80918619981_112024-O.webp,MASS0399
28599123-787771,Timbre Inalambrico Alcance 200 Mts Con Boton De Panico Sos - Color: Blanco,http://http2.mlstatic.com/D_657860-MLV77413426004_072024-O.webp,MASS1557
MASS1557,Timbre Inalambrico Alcance 200 Mts Con Boton De Panico Sos - Color: Negro,http://http2.mlstatic.com/D_728617-MLV77413189662_072024-O.webp,MASS1557
MASS2726,Rizador De Cabello Inalambrico Recargable Usb Pantalla Lcd - Blanco con Dorado,https://i.postimg.cc/rKhGJCHq/Captura-de-pantalla-2026-07-29-130248.png,MASS2726
MASS2725,Rizador De Cabello Inalambrico Recargable Usb Pantalla Lcd - Negro con Fucsia,https://i.postimg.cc/1fW0HcdZ/Captura-de-pantalla-2026-07-29-130124.png,MASS2725
MASS2263,Vibrador Satisfyer Succionador Estimulador De Clitoris Sexo  - Color: Negro,http://http2.mlstatic.com/D_791978-MLV98391735367_112025-O.webp,MASS2263
MASS2400,Wall Panel Plano Pvc Revestimiento Decorativo 2.9m X 30 Cm - Color: CM302-10,http://http2.mlstatic.com/D_786295-MLV107120021308_022026-O.webp,MASS2400
MASS2399,Wall Panel Plano Pvc Revestimiento Decorativo 2.9m X 30 Cm - Color: CM302-2,http://http2.mlstatic.com/D_669477-MLV107815332513_022026-O.webp,MASS2399
MASS2398,Wall Panel Plano Pvc Revestimiento Decorativo 2.9m X 30 Cm - Color: CM302-1,http://http2.mlstatic.com/D_777247-MLV107814501085_022026-O.webp,MASS2398
MASS2382,Maquina De Afeitar Shaver Recargable Usb R.11204 Raf - Color: Azul,http://http2.mlstatic.com/D_752210-MLV104880871665_012026-O.webp,MASS2382
MASS2360,Plancha De Ropa Vertical A Vapor Raf 800w R.91313-110 - Color: Blanco,http://http2.mlstatic.com/D_616428-MLV104866170505_012026-O.webp,MASS2360
MASS2359,Plancha De Ropa Vertical A Vapor Raf 800w R.91313-110 - Color: Gris oscuro,http://http2.mlstatic.com/D_848932-MLV104318534942_012026-O.webp,MASS2359
MASS2358,Plancha De Ropa Vertical A Vapor Raf 800w R.91313-110 - Color: Negro,http://http2.mlstatic.com/D_623134-MLV104862681457_012026-O.webp,MASS2358
MASS2428,Wall Panel Pvc Marmolizado Revestimiento Decorativo Interior - Nombre del diseño: XMY011,http://http2.mlstatic.com/D_972143-MLV104020156692_012026-O.webp,MASS2428
MASS2427,Wall Panel Pvc Marmolizado Revestimiento Decorativo Interior - Nombre del diseño: XMY004,http://http2.mlstatic.com/D_774249-MLV104559385449_012026-O.webp,MASS2427
MASS2426,Wall Panel Pvc Marmolizado Revestimiento Decorativo Interior - Nombre del diseño: XMY001,http://http2.mlstatic.com/D_826573-MLV104019616398_012026-O.webp,MASS2426
MASS2334,Rueda Abdominal Entrenamiento Con Mango Antideslizante - Color: Rojo,http://http2.mlstatic.com/D_774267-MLV105904566795_012026-O.webp,MASS2334
MASS2332,Rueda Abdominal Entrenamiento Con Mango Antideslizante - Color: Negro,,MASS2332
MASS2333,Rueda Abdominal Entrenamiento Con Mango Antideslizante - Color: Azul,,MASS2333
MASS2324,Microfono Inalambrico Doble Q8 Tipo C 2 En 1 Estuche - Color: Azul,http://http2.mlstatic.com/D_791343-MLV104670103261_012026-O.webp,MASS2324
MASS2201,Humidificador Difusor Vaporizador Esencias Redondo Grande - Color: Marrón claro,http://http2.mlstatic.com/D_687406-MLV93144320922_092025-O.webp,MASS2201
MASS2202,Humidificador Difusor Vaporizador Esencias Redondo Grande - Color: Madera Oscura,http://http2.mlstatic.com/D_866596-MLV93561068637_092025-O.webp,MASS2202
MASS2153,Humidificador Difusor Vaporizador Esencias Redondo Grande - Color: Madera Blanca,http://http2.mlstatic.com/D_709394-MLV93145882190_092025-O.webp,MASS2153
MASS2065,Ventosa De Succión Anticelulitis Vacio Vacumterapia Manual,https://http2.mlstatic.com/D_802287-MLV90893817674_082025-O.webp,MASS2065
MASS2060,Rasuradora Maquina De Afeitar Eléctrica Mujer Zona Intima - Color: Azul,http://http2.mlstatic.com/D_779888-MLV91281432051_082025-O.webp,MASS2060
MASS2059,Rasuradora Maquina De Afeitar Eléctrica Mujer Zona Intima - Color: Rosa,http://http2.mlstatic.com/D_917464-MLV90891039092_082025-O.webp,MASS2059
31610508-937502,Mastubador Corporal Realista Vagina Ano De Mano Cheap Trills - Tipo de orificio: Vagina,http://http2.mlstatic.com/D_678920-MLV88713388582_072025-O.webp,MASS1947
MASS1948,Mastubador Corporal Realista Vagina Ano De Mano Cheap Trills - Tipo de orificio: Ano,http://http2.mlstatic.com/D_693224-MLV88713156624_072025-O.webp,MASS1948
11682778-668720,Panties Vibrador Bragas De Control Remoto Inalámbrico Tienda - Color: Negro,http://http2.mlstatic.com/D_769969-MLV84463363959_052025-O.webp,MASS1275
MASS1943,Anillo Vibrador Para Pene Con Estimulador De Clítoris Rosa - Color: Fucsia,http://http2.mlstatic.com/D_722234-MLV96243892313_102025-O.webp,MASS1943
28073300-692100,Vibrador Panty Con Control  Estimulador De Clitoris Punto G - Color: Fucsia,http://http2.mlstatic.com/D_657407-MLV69983732269_062023-O.webp,MASS0608
28644581-790166,Base Enfriadora Fan Cooler 17 PuLG Laptop N99 Reclinable  - Color: Azul - Color del LED: Azul,http://http2.mlstatic.com/D_943535-MLV86845034521_062025-O.webp,MASS1991
30543304-862128,Reloj Inteligente 7 En 1 Smartwatch S100 Incluye 7 Correas - Color de la caja: Rosa claro,http://http2.mlstatic.com/D_886287-MLV81297429652_122024-O.webp,MASS1854
MASS1830,Juego De Dados Maleta  53 Piezas Con Llave De 1/4 Mecanicos - Color: Naranja,http://http2.mlstatic.com/D_730236-MLV85251601476_062025-O.webp,MASS1830
30543304-856649,Reloj Inteligente 7 En 1 Smartwatch S100 Incluye 7 Correas - Color de la caja: Negro,http://http2.mlstatic.com/D_739879-MLV84201142747_042025-O.webp,MASS1819
27970746-677492,Audifonos AirPods Pro 2 (segunda Generacion) Audio Espacial - Color: Blanco,http://http2.mlstatic.com/D_638092-MLV54967392058_042023-O.webp,MASS0942
30838601-874720,Timbre Inalambrico Intercomunicador Wiffi Camara Inteligente - Color: Blanco,http://http2.mlstatic.com/D_719695-MLV82266530213_022025-O.webp,MASS1878
30927518,TAZA DE CAFÉ DE ACERO INOXIDABLE DE 12 OZ OUTDOOR REVIVAL,,
28598505-787513,Molino Rallador Cortador Vegetales Queso Rebanador Alimentos - Color: Verde,http://http2.mlstatic.com/D_912961-MLV74552848718_022024-O.webp,MASS1619
28598505-813544,Molino Rallador Cortador Vegetales Queso Rebanador Alimentos - Color: Rojo,http://http2.mlstatic.com/D_692375-MLV86901524539_062025-O.webp,MASS1544
28598505-813542,Molino Rallador Cortador Vegetales Queso Rebanador Alimentos - Color: Azul claro,http://http2.mlstatic.com/D_859073-MLV77916488932_082024-O.webp,MASS1618
MASS0309,Memoria Microsd Kingston 128gb 100mb/s Con Adaptador,https://http2.mlstatic.com/D_822622-MLV49294611334_032022-O.webp,MASS0309
28599047-793547,Coleto Magico Trapeador Exprimidor Super Absorbente - Color: Beige,http://http2.mlstatic.com/D_763517-MLV77380325829_072024-O.webp,MASS1626
MASS1625,Coleto Magico Trapeador Exprimidor Super Absorbente - Color: Azul,http://http2.mlstatic.com/D_894729-MLV77380295267_072024-O.webp,MASS1625
28599047-793548,Coleto Magico Trapeador Exprimidor Super Absorbente - Color: Blanco,http://http2.mlstatic.com/D_941665-MLV77167084840_072024-O.webp,MASS1548
MASS1471,Masajeador Estimulador Clítoris Varita Mágica Lengua Doble,https://http2.mlstatic.com/D_709450-MLV46011736863_052021-O.webp,MASS1471
11519628-650671,Audífonos Con Micrófonos Ps4 Gaming Headphones Xboox Pc  - Color: Negro - Color de la luz: RGB,http://http2.mlstatic.com/D_879771-MLV54946073802_042023-O.webp,MASS1314
MASS1794,Reflector Lampara Led Genérica 50w Ip65 Inalámbrico - Color de la carcasa: Amarillo - Color de la luz: Blanco frío,http://http2.mlstatic.com/D_737992-MLV80919604667_112024-O.webp,MASS1794
MASS1801,Reloj Inteligente Smartwatch S16 + Correa De Obsequio - Color de la malla: Negro,http://http2.mlstatic.com/D_730664-MLV80659110546_112024-O.webp,MASS1801
MASS1322,Marcadores Doble Punta Permanente Touch 80 Piezas Colores,https://http2.mlstatic.com/D_892032-MLV69706132296_052023-O.webp,MASS1322
MASS1057,Humificador Difusor De Esencia 3 Litros Usb C Vaporizador - Color: Blanco,http://http2.mlstatic.com/D_724654-MLV69704021824_052023-O.webp,MASS1057
MASS0834,Pistola Semiautomatica Esferas De Hidrogel Gel Blaster Toys,https://http2.mlstatic.com/D_689494-MLV80655054264_112024-O.webp,MASS0834
26850139-618913,Cable Cargador iPhone Original Lightning A Usb 2m iPad Apple - Color: Blanco,http://http2.mlstatic.com/D_709919-MLV51012382562_082022-O.webp,MASS0720
MASS1563,Vaso Contigo Huron Licorice Acero Inoxidable 473 Ml Frio Hot,https://http2.mlstatic.com/D_904792-MLV75081241137_032024-O.webp,MASS1563
MASS2454,Plancha De Ropa Vertical A Vapor Raf 800w R.91313-110 - Rojo,https://i.postimg.cc/fWXsQ1ch/Captura-de-pantalla-2026-06-09-120803.png,MASS2454
28692977-803779,Funda Extensora Para Pene Manga Con Vibracion Doble Punto G - Color: Transparente,http://http2.mlstatic.com/D_666608-MLV76831117868_062024-O.webp,MASS1733
MASS3066,Album Tapa Dura Mundial Panini 2026,,MASS3066
MASS1391,Switch Cudy 8 Puertos 10/100 Rj45 Cable Red Ethernet,https://http2.mlstatic.com/D_683928-MLV74267129098_022024-O.webp,MASS1391
27627069-733586,Vibrador Succionador De Clitoris Punto G Rosa Sucker Pezones - Color: Morado,,MASS0847
27627069-733587,Vibrador Succionador De Clitoris Punto G Rosa Sucker Pezones - Color: Negro,,MASS0849
MASS1040,Picatodo Cortador Ayudante De Cocina 17 En 1  Profesional,https://http2.mlstatic.com/D_607474-MLV69523403899_052023-O.webp,MASS1040
21514684-812986,Kit Adulto Juego Sexual Bondage Para Cama Amarre Sado Fetich - Color: Rojo,http://http2.mlstatic.com/D_996400-MLV80658638156_112024-O.webp,MASS0254
21514684-812987,Kit Adulto Juego Sexual Bondage Para Cama Amarre Sado Fetich - Color: Rosado,http://http2.mlstatic.com/D_912246-MLV80658483110_112024-O.webp,MASS0252
MASS1334,Toner Compatible Samsung 101 Mlt-d101s Ml-2165 Scx-3405 2160 - Color de la tinta: Negro,http://http2.mlstatic.com/D_636885-MLV72917097070_112023-O.webp,MASS1334
MASS0953,Bolso Para Laptop Organizador Con Puerto Usb Impermeable  - Color: Gris,http://http2.mlstatic.com/D_960559-MLV54968085748_042023-O.webp,MASS0953
21514684-812985,Kit Adulto Juego Sexual Bondage Para Cama Amarre Sado Fetich - Color: Negro,http://http2.mlstatic.com/D_957739-MLV80658658128_112024-O.webp,MASS0253
MASS2212,Almohada Hilton Gel Quality 30 X 50 Cm Rectangular - Color: Blanco,http://http2.mlstatic.com/D_686237-MLV99485138067_112025-O.webp,MASS2212
28590949-903948,Tensiometro Manual Estetoscopio Kit Completo Aneroid Tension - Color: Negro,http://http2.mlstatic.com/D_683772-MLV83645786571_042025-O.webp,MASS1099
MASS2737,Interruptor Wifi Inteligente 2 Botones Doble Sin Neutro,https://i.postimg.cc/G4nKgwn4/Captura-de-pantalla-2026-07-29-151947.png,MASS2737
MASS2734,Cepillo Alisador De Cabello Inalámbrico Portátil Recargable,https://i.postimg.cc/N97mr1XV/Captura-de-pantalla-2026-07-29-130651.png,MASS2734
MASS2584,Perchero Resistente Multifuncional 3 Patas Negro - Color: Negro,http://http2.mlstatic.com/D_886292-MLV109418880504_042026-O.webp,MASS2584
MASS2480,Rollo Panel Para Pared Piedra Suave Autoadhsivo 2.8m X 60cm - Color: Beige - Nombre del diseño: 03-115,http://http2.mlstatic.com/D_991278-MLV107115287336_022026-O.webp,MASS2480
MASS2479,Rollo Panel Para Pared Piedra Suave Autoadhsivo 2.8m X 60cm - Color: Gris - Nombre del diseño: 04-115,http://http2.mlstatic.com/D_676993-MLV107665320751_022026-O.webp,MASS2479
MASS2478,Rollo Panel Para Pared Piedra Suave Autoadhsivo 2.8m X 60cm - Color: Blanco - Nombre del diseño: 01-115,http://http2.mlstatic.com/D_907392-MLV107663023403_022026-O.webp,MASS2478
MASS2477,Rollo Panel Para Pared Piedra Suave Autoadhsivo 2.8m X 60cm - Color: Blanco - Nombre del diseño: 440-106,http://http2.mlstatic.com/D_840360-MLV107721693361_022026-O.webp,MASS2477
MASS2476,Rollo Panel Para Pared Piedra Suave Autoadhsivo 2.8m X 60cm - Color: Blanco - Nombre del diseño: 441-106,http://http2.mlstatic.com/D_849175-MLV107662925797_022026-O.webp,MASS2476
MASS2475,Rollo Panel Para Pared Piedra Suave Autoadhsivo 2.8m X 60cm - Color: Beige - Nombre del diseño: 442-106,http://http2.mlstatic.com/D_705018-MLV107113981668_022026-O.webp,MASS2475
MASS2474,Lamina Para Techo Pvc Machihembrado 2.9m X 21.5 Cm - Color: HYYC032,http://http2.mlstatic.com/D_641225-MLV107808997919_022026-O.webp,MASS2474
MASS2473,Lamina Para Techo Pvc Machihembrado 2.9m X 21.5 Cm - Color: HYYC017,http://http2.mlstatic.com/D_689332-MLV107114583122_022026-O.webp,MASS2473
MASS2472,Lamina Para Techo Pvc Machihembrado 2.9m X 21.5 Cm - Color: HYYC014,http://http2.mlstatic.com/D_819032-MLV107809058395_022026-O.webp,MASS2472
MASS2471,Lamina Para Techo Pvc Machihembrado 2.9m X 21.5 Cm - Color: HYYC013,http://http2.mlstatic.com/D_686540-MLV107113958624_022026-O.webp,MASS2471
MASS2470,Lamina Para Techo Pvc Machihembrado 2.9m X 21.5 Cm - Color: HYYC010,http://http2.mlstatic.com/D_608833-MLV106907445564_022026-O.webp,MASS2470
MASS2352,Batidora De Inmersión 4 Cuchillas Raf 300w R.9266-110 - Color: Blanco,http://http2.mlstatic.com/D_700723-MLV104856321235_012026-O.webp,MASS2352
MASS2349,Batidora De Mano Raf 5 Velocidades 800w R.6629-110 - Color: Negro y Plateado - Frecuencia: 50 hz / 60 hz,http://http2.mlstatic.com/D_870269-MLV104137370608_012026-O.webp,MASS2349
MASS2327,Corneta Portátil Bluetooth 5.0 Rgb 10w 1800mah Altavoces V8 - Color: Negro,http://http2.mlstatic.com/D_745271-MLV104131909836_012026-O.webp,MASS2327
MASS2224,Ejercitador Auxiliar Para Abdominales Ventosa Autosuccion - Color: Negro,http://http2.mlstatic.com/D_702115-MLV99026117148_112025-O.webp,MASS2224
MASS2287,Disfraz Bdsm De Conejita Lenceria Cuero Erotico Para Mujer - Color: Rojo - Talla: Unica,http://http2.mlstatic.com/D_911773-MLV98904608670_112025-O.webp,MASS2287
MASS2250,Disfraz Bdsm De Conejita Lenceria Cuero Erotico Para Mujer - Color: Negro - Talla: Unica,http://http2.mlstatic.com/D_875273-MLV99383919971_112025-O.webp,MASS2250
MASS2191,Humidificador Grande Aromatizador Difusor Led 500ml - Color: Blanco,http://http2.mlstatic.com/D_758316-MLV107177466895_022026-O.webp,MASS2191
MASS2185,Cinturón De Castidad Metal Pene Con 3 Anillos Y Candado - Color: Plateado,http://http2.mlstatic.com/D_996102-MLV95224962959_102025-O.webp,MASS2185
MASS2062,Maquina De Afeitar Uso Intimo Unisex Corporal Depilacion - Color: Blanco,http://http2.mlstatic.com/D_786371-MLV92696012323_092025-O.webp,MASS2062
MASS2061,Maquina De Afeitar Uso Intimo Unisex Corporal Depilacion - Color: Negro,http://http2.mlstatic.com/D_678725-MLV92695561649_092025-O.webp,MASS2061
MASS2024,Bolso Deportivo Para Gimnasio Bandolero Maleta De Viaje Gym - Color: Rojo - Nombre del diseño: Lisa,,MASS2024
MASS2023,Bolso Deportivo Para Gimnasio Bandolero Maleta De Viaje Gym - Color: Caqui - Nombre del diseño: Lisa,http://http2.mlstatic.com/D_764800-MLV88038867233_072025-O.webp,MASS2023
MASS2021,Bolso Deportivo Para Gimnasio Bandolero Maleta De Viaje Gym - Color: Negro - Nombre del diseño: Lisa,http://http2.mlstatic.com/D_882716-MLV88038698975_072025-O.webp,MASS2021
MASS2018,Bolso Kennel Para Transporte De Mascotas Perros Gatos - Color: Rosa,http://http2.mlstatic.com/D_952607-MLV90881669336_082025-O.webp,MASS2018
MASS2017,Bolso Kennel Para Transporte De Mascotas Perros Gatos - Color: Azul,http://http2.mlstatic.com/D_983080-MLV90881816702_082025-O.webp,MASS2017
30833956-873075,Bombillo Led Ventilador E27 30w Control Remoto Luz Blanca - Cantidad de aspas: 3 - Color de la estructura: Blanco - Color de las aspas: Blanco - Diámetro: 25 cm - Frecuencia: 50 - Material de las aspas: Plástico,http://http2.mlstatic.com/D_620192-MLV96508958919_102025-O.webp,MASS1901
MASS1732,Funda Extensora Para Pene Manga Con Vibracion Doble Punto G - Color: Gris oscuro,http://http2.mlstatic.com/D_952788-MLV76128380826_052024-O.webp,MASS1732
28312464-733143,Secador De Cabello Pelo Hair Drye Deliya 3000w Profesional - Color: Negro,http://http2.mlstatic.com/D_630645-MLV73373299185_122023-O.webp,MASS1355
27627069-654996,Vibrador Succionador De Clitoris Punto G Rosa Sucker Pezones - Color: Variado,http://http2.mlstatic.com/D_721759-MLV53340080820_012023-O.webp,MASS0846
30838697-905890,Vibrador Trio Recargable Usb Rabbit Consolador Estimulación - Color: Rosa chicle,http://http2.mlstatic.com/D_987391-MLV82269114493_022025-O.webp,MASS1919
28287601-729353,Maquina De Afeitar Cabello Shaver Kemei Km-2024 Inalambrica - Color: Negro,http://http2.mlstatic.com/D_941894-MLV73006523971_112023-O.webp,MASS1378
30836160-873291,Masajeador Facial Ems De Estiramiento Antiarrugas 7 Modos - Color: Blanco,http://http2.mlstatic.com/D_637500-MLV82238070419_022025-O.webp,MASS1906
MASS0025,Arne Consolador Masturbador Lesbico Orgasmico Anal Vaginal,https://http2.mlstatic.com/D_773006-MLV80922950177_112024-O.webp,MASS0025
MASS0610,Consolador Dildo Eyaculador Realistico Nuevo,https://http2.mlstatic.com/D_915082-MLV80659521868_112024-O.webp,MASS0610
30845715-875078,Bombillo Led Ventilador E27 30w Control Remoto Luz Blanca - Cantidad de aspas: 3 - Color de la estructura: Blanco - Color de las aspas: Blanco - Diámetro: 25 cm - Frecuencia: 50 Hz - Material de las aspas: Plástico,http://http2.mlstatic.com/D_954099-MLV82767137570_032025-O.webp,MASS1901
31029164-900800,Hamaca De Camping Portatil Ligera Mochila Para Viajes - Color: Azul - Nombre del diseño: Hamaca,http://http2.mlstatic.com/D_705847-MLV83376779447_032025-O.webp,MASS1978
11519660-251132,Base Ventilador Fan Cooler Usb Para Laptop Ergostand - Color: Negro - Color del LED: Azul,http://http2.mlstatic.com/D_890443-MLV85654412773_062025-O.webp,MASS0061
27971435-793517,Bolso Impermeable Para Laptop Super Ergonomico Y Ligero Usb - Color: Rojo,http://http2.mlstatic.com/D_768570-MLV75663036629_042024-O.webp,MASS1600
27971435-793522,Bolso Impermeable Para Laptop Super Ergonomico Y Ligero Usb - Color: Gris,http://http2.mlstatic.com/D_842736-MLV75505161506_042024-O.webp,MASS1601
27971435-677636,Bolso Impermeable Para Laptop Super Ergonomico Y Ligero Usb - Color: Negro,http://http2.mlstatic.com/D_628764-MLV54969224516_042023-O.webp,MASS0951
27971435-677635,Bolso Impermeable Para Laptop Super Ergonomico Y Ligero Usb - Color: Azul,http://http2.mlstatic.com/D_636192-MLV96625428955_102025-O.webp,MASS0950
MASS1941,Juguete Niñas Magic Jewel Lentejuelas Cabello Pelo Decorador,https://http2.mlstatic.com/D_794835-MLV54339136448_032023-O.webp,
28008066-680604,Aro De Luz Lampara Led Rgb Multicolor 12  30cm Tripode De 2m - Color de la estructura: Negro,http://http2.mlstatic.com/D_664480-MLV69262016606_052023-O.webp,MASS1002
15535536-677362,Licuadora Portatil Recargable Batidora Jugos Mini Fit  - Color: Blanco,http://http2.mlstatic.com/D_778056-MLV54959306357_042023-O.webp,MASS0946
15535536-327429,Licuadora Portatil Recargable Batidora Jugos Mini Fit  - Color: Rosa,http://http2.mlstatic.com/D_850751-MLV54964651132_042023-O.webp,MASS0945
MASS0398,Vibrador Rabbit Consolador Estimulación 36 Funciones Tienda  - Color: Morado,http://http2.mlstatic.com/D_925944-MLV96159981747_102025-O.webp,MASS0398
MASS1813,Masajeador Menstrual Genérico Con Regulador De Velocidad - Color: Blanco,http://http2.mlstatic.com/D_728769-MLV78188611696_082024-O.webp,MASS1813
MASS1802,Masajeador Menstrual Genérico Con Regulador De Velocidad - Color: Rosa,http://http2.mlstatic.com/D_966768-MLV78417614749_082024-O.webp,MASS1802
MASS1714,Masturbador Succionador Pretty Love Ano Boca Vagina Realista - Color: Negro - Tipo de orificio: Boca,http://http2.mlstatic.com/D_875532-MLV96720392421_102025-O.webp,MASS1714
MASS1715,Masturbador Succionador Pretty Love Ano Boca Vagina Realista - Color: Negro - Tipo de orificio: Vagina,http://http2.mlstatic.com/D_834156-MLV76290133193_052024-O.webp,MASS1715
MASS1713,Masturbador Succionador Pretty Love Ano Boca Vagina Realista - Color: Negro - Tipo de orificio: Ano,http://http2.mlstatic.com/D_699865-MLV96721467703_102025-O.webp,MASS1713
MASS1260,Taza De Cafe Con Base Termica Calentador 55 Grados Ceramica - Color: Rojo,http://http2.mlstatic.com/D_961893-MLV77573608617_072024-O.webp,MASS1260
MASS1262,Taza De Cafe Con Base Termica Calentador 55 Grados Ceramica - Color: Blanco,http://http2.mlstatic.com/D_862731-MLV77247689078_072024-O.webp,MASS1262
28162195-700475,Taza De Cafe Con Base Termica Calentador 55 Grados Ceramica - Color: Verde,http://http2.mlstatic.com/D_858253-MLV70675677628_072023-O.webp,MASS1261
28017283-793680,Termo Motivacional Vaso Cooler Botella Grande De 2 Litros - Color: Rosado,http://http2.mlstatic.com/D_977042-MLV75685426567_042024-O.webp,MASS1237
MASS1235,Termo Motivacional Vaso Cooler Botella Grande De 2 Litros - Color: Azul oscuro,http://http2.mlstatic.com/D_778863-MLV75525979830_042024-O.webp,MASS1235
MASS1234,Termo Motivacional Vaso Cooler Botella Grande De 2 Litros - Color: Negro,http://http2.mlstatic.com/D_735853-MLV69393395263_052023-O.webp,MASS1234
MASS1236,Termo Motivacional Vaso Cooler Botella Grande De 2 Litros - Color: Azul claro,http://http2.mlstatic.com/D_963856-MLV75525594378_042024-O.webp,MASS1236
MASS0957,Bolso Morral Para Laptop Organizador Puerto Usb Power Bank - Color: Gris,http://http2.mlstatic.com/D_979043-MLV80655423250_112024-O.webp,MASS0957
MASS0956,Bolso Morral Para Laptop Organizador Puerto Usb Power Bank - Color: Negro,http://http2.mlstatic.com/D_673531-MLV80655676158_112024-O.webp,MASS0956
MASS0958,Bolso Morral Para Laptop Organizador Puerto Usb Power Bank - Color: Azul oscuro,http://http2.mlstatic.com/D_762805-MLV80655695150_112024-O.webp,MASS0958
MASS0959,Bolso Morral Para Laptop Organizador Puerto Usb Power Bank - Color: Rojo,http://http2.mlstatic.com/D_993164-MLV80655598262_112024-O.webp,MASS0959
26577167-907493,Vibrador Consolador Doble Punto G Silicona De 10 Velocidades - Color: Morado,http://http2.mlstatic.com/D_802144-MLV83809917078_042025-O.webp,MASS1162
26577167-907494,Vibrador Consolador Doble Punto G Silicona De 10 Velocidades - Color: Negro,http://http2.mlstatic.com/D_826088-MLV83809878850_042025-O.webp,MASS0690
MASS2611,Mini Ventilador De Alta Velocidad Turbo Potencia Recargable,https://i.postimg.cc/d06NTSsY/Captura-de-pantalla-2026-06-26-162116.png,MASS2611
MASS2271,Reloj Despertador Cargador Inalámbrico Sz-01 - Color: Blanco,http://http2.mlstatic.com/D_812124-MLV97902997652_112025-O.webp,MASS2271
MASS1042,Aspiradora Portatil Para Carro 12v Alta Potencia 2 En 1 - Color: Azul,http://http2.mlstatic.com/D_882249-MLV80918949125_112024-O.jpg,MASS1042
26582390-602301,Kit Fetichismo Barra Vara Separadora Esposas Bondage Bdsm - Color: Negro,http://http2.mlstatic.com/D_648587-MLV84178369912_052025-O.jpg,MASS0695
26582397-645360,Arnes Bdsm Cinturon Correas Cuero Cadenas Bondage Dominacion - Color: Negro - Nombre del diseño: N/A,http://http2.mlstatic.com/D_975391-MLV80922374693_112024-O.webp,MASS0689
11520820-702286,Vibrador Rabbit Consolador Rotativo Punto G 36 Funciones - Color: Morado,http://http2.mlstatic.com/D_943233-MLV70888532169_082023-O.webp,MASS0400
11520820-702285,Vibrador Rabbit Consolador Rotativo Punto G 36 Funciones - Color: Rosado,http://http2.mlstatic.com/D_743847-MLV70888725999_082023-O.webp,MASS0401
MASS2728,Base Soporte Para Laptop Ajustable Plegable Aluminio,https://i.postimg.cc/ZBsjwW4Q/Captura-de-pantalla-2026-07-29-151623.png,MASS2728
MASS2711,Masajeador Electrico Cabeza Cuero Cabelludo Antiestres,https://i.postimg.cc/sBbZLTYq/Captura-de-pantalla-2026-07-29-124535.png,MASS2711
MASS2482,Rollo Wall Panel 3d Autoadhesivo De Espuma Texturizado 3m - Nombre del diseño: JQ-3472-3Y4,http://http2.mlstatic.com/D_662106-MLV106842429520_022026-O.webp,MASS2482
MASS2481,Rollo Wall Panel 3d Autoadhesivo De Espuma Texturizado 3m - Nombre del diseño: JQ-3129-2Y6,http://http2.mlstatic.com/D_980427-MLV106844091090_022026-O.webp,MASS2481
MASS2397,Rollo Wall Panel 3d Autoadhesivo De Espuma Texturizado 3m - Nombre del diseño: JQ-372Y4,,MASS2397
MASS2396,Rollo Wall Panel 3d Autoadhesivo De Espuma Texturizado 3m - Nombre del diseño: JQ-3472-4Y4,http://http2.mlstatic.com/D_644960-MLA104534512435_012026-O.webp,MASS2396
MASS2323,Microfono Balita Inalámbrico Lavalier Tipo C Lightning - Color: Negro,http://http2.mlstatic.com/D_981005-MLV104670090933_012026-O.webp,MASS2323
MASS2056,Extension Luces Led Vintage Waterproof Jardin 5m - Color de la luz: Blanco cálido,http://http2.mlstatic.com/D_632316-MLV96176062033_102025-O.webp,MASS2056
31740713-953150,Rollo Wall Panel 3d Autoadhesivo De Espuma Texturizado 3m - Nombre del diseño: JQ-3481-1Y12,http://http2.mlstatic.com/D_631561-MLV91184562078_092025-O.webp,MASS2137
31740713-953149,Rollo Wall Panel 3d Autoadhesivo De Espuma Texturizado 3m - Nombre del diseño: JQ-3472-1Y4,http://http2.mlstatic.com/D_669192-MLV91184233964_092025-O.webp,MASS2138
31740713-953148,Rollo Wall Panel 3d Autoadhesivo De Espuma Texturizado 3m - Nombre del diseño: JQ-3403-6Y49,http://http2.mlstatic.com/D_995062-MLV91184680388_092025-O.webp,MASS2136
31740713-953147,Rollo Wall Panel 3d Autoadhesivo De Espuma Texturizado 3m - Nombre del diseño: JQ-3403-5Y49,http://http2.mlstatic.com/D_789371-MLV91184490316_092025-O.webp,MASS2133
31740713-953146,Rollo Wall Panel 3d Autoadhesivo De Espuma Texturizado 3m - Nombre del diseño: JQ-3403-3,,MASS2135
31740713-953145,Rollo Wall Panel 3d Autoadhesivo De Espuma Texturizado 3m - Nombre del diseño: JQ-3403-2,http://http2.mlstatic.com/D_686579-MLV91184638256_092025-O.webp,MASS2139
31740713-953144,Rollo Wall Panel 3d Autoadhesivo De Espuma Texturizado 3m - Nombre del diseño:  JQ-3403-Y13 - MASS2134,http://http2.mlstatic.com/D_869640-MLV90948362880_082025-O.webp,MASS2134
31740713-953143,Rollo Wall Panel 3d Autoadhesivo De Espuma Texturizado 3m - Nombre del diseño: JQ-3103-1Y13,http://http2.mlstatic.com/D_872274-MLV91812882587_092025-O.webp,MASS2131
31740713-953141,Rollo Wall Panel 3d Autoadhesivo De Espuma Texturizado 3m - Nombre del diseño: JQ-3129-4Y6,http://http2.mlstatic.com/D_624933-MLV90948370496_082025-O.webp,MASS2130
31740713-953142,Rollo Wall Panel 3d Autoadhesivo De Espuma Texturizado 3m - Nombre del diseño: 3419-6Y49,http://http2.mlstatic.com/D_899512-MLV91812681591_092025-O.webp,MASS2132
28073334-692102,Mouse Vertical Recargable Ergonomico 2.4ghz Raton Pc Gamer - Color: Negro,http://http2.mlstatic.com/D_712531-MLV80659648542_112024-O.webp,MASS1071
11680792-815660,Kit Adulto Juego Sexual Bondage Látigo Esposa Mordaza Mascar - Color: Negro,http://http2.mlstatic.com/D_666653-MLV78360625591_082024-O.webp,MASS0497
MASS0498,Kit Adulto Juego Sexual Bondage Látigo Esposa Mordaza Mascar - Color: Rojo,http://http2.mlstatic.com/D_764433-MLV42901650510_072020-O.webp,MASS0498
28649119-790198,Maquina De Afeitar 4 En 1 Kemei Km-6630 Nariz Barba Oido  - Color: Negro,http://http2.mlstatic.com/D_826501-MLV74987913940_032024-O.webp,MASS1657
28312371-733142,Esterilla Mat Alfombra Yoga Pilates Grande  Ejercicios - Color: Rosa,http://http2.mlstatic.com/D_842460-MLV73371769299_122023-O.webp,MASS1430
28312371-733141,Esterilla Mat Alfombra Yoga Pilates Grande  Ejercicios - Color: Azul,http://http2.mlstatic.com/D_778983-MLV73284485732_122023-O.webp,MASS1429
28312371-733140,Esterilla Mat Alfombra Yoga Pilates Grande  Ejercicios - Color: Negro,http://http2.mlstatic.com/D_876902-MLV86897121381_062025-O.webp,MASS1356
MASS0850,Bala Vibradora Huevo Bluetooth Chat Musica Smart App Punto G - Color: Fucsia,http://http2.mlstatic.com/D_694903-MLV80648588362_112024-O.jpg,MASS0850
MASS2614,Cortador Manual De Papas Fritas Picadora Francesa,https://i.postimg.cc/PNGnFFv2/Captura-de-pantalla-2026-06-26-164740.png,MASS2614
MASS2597,Arnes Strap On Con Cinturon Y Vibrador Rosado - Color: Rosa,http://http2.mlstatic.com/D_803040-MLV110088017328_042026-O.webp,MASS2597
MASS2493,Wall Panel Pvc Revestimiento Decorativo Paredes Interior - Color: Marrón claro,,MASS2493
MASS2369,Mini Wafflera Redonda Antiadherentes 500w R.591-110 Raf - Color: Rojo,http://http2.mlstatic.com/D_610263-MLV104325485278_012026-O.webp,MASS2369
MASS2230,Audífono Inalámbrico Recargable Bluetooth P2961 Hi-fi - Color: Rosa,http://http2.mlstatic.com/D_614618-MLV98950041961_112025-O.webp,MASS2230
MASS2229,Audífono Inalámbrico Recargable Bluetooth P2961 Hi-fi - Color: Blanco,http://http2.mlstatic.com/D_685724-MLV98950044367_112025-O.webp,MASS2229
MASS2228,Audífono Inalámbrico Recargable Bluetooth P2961 Hi-fi - Color: Azul claro,http://http2.mlstatic.com/D_796541-MLV98475076188_112025-O.webp,MASS2228
MASS2227,Audífono Inalámbrico Recargable Bluetooth P2961 Hi-fi - Color: Verde claro,http://http2.mlstatic.com/D_692867-MLV98950889977_112025-O.webp,MASS2227
MASS2226,Audífono Inalámbrico Recargable Bluetooth P2961 Hi-fi - Color: Negro,http://http2.mlstatic.com/D_742095-MLV98950021575_112025-O.webp,MASS2226
MASS2253,Tapon Anal De Metal Con Forma De Pene Rojo Talla L - Color: Rojo,http://http2.mlstatic.com/D_739029-MLV99223008693_112025-O.webp,MASS2253
MASS2243,Masturbador Masculino Silicon 3 En 1 Ano Boca Vagina - Color: Carrne - Tipo de orificio: 3 EN 1,http://http2.mlstatic.com/D_995056-MLV98745846842_112025-O.webp,MASS2243
MASS2241,Plug Anal Vibrador Hush 2 Recargable Aplicacion - Color: Negro,http://http2.mlstatic.com/D_606915-MLV98736648168_112025-O.webp,MASS2241
MASS2098,Reloj Despertador Cargador Inalámbrico Sz-01 - Color: Negro,http://http2.mlstatic.com/D_751815-MLV88887930567_072025-O.webp,MASS2098
MASS2183,Columpio De Puerta Bdsm Fetiche Colgante Mujer - Color: Negro - Nombre del diseño: De Puerta,http://http2.mlstatic.com/D_892277-MLV95224592435_102025-O.webp,MASS2183
31956227-986861,Kit Retardante Brocha China Y Stud 100 Originales Promocion - Sabor: RETARDANTE,http://http2.mlstatic.com/D_675719-MLV95735400472_102025-O.webp,31956227-986861
MASS2210,Lampara Escritorio Arte Arena Movil Decoracion Reloj Liquido - Color de la estructura: Verde - Color de la pantalla: Transparente,http://http2.mlstatic.com/D_643660-MLV95729337184_102025-O.webp,MASS2210
MASS2209,Lampara Escritorio Arte Arena Movil Decoracion Reloj Liquido - Color de la estructura: Rojo - Color de la pantalla: Transparente,http://http2.mlstatic.com/D_847714-MLV93142672868_092025-O.webp,MASS2209
MASS2208,Lampara Escritorio Arte Arena Movil Decoracion Reloj Liquido - Color de la estructura: Negro - Color de la pantalla: Transparente,http://http2.mlstatic.com/D_805606-MLV95730078658_102025-O.webp,MASS2208
MASS2071,Lampara Escritorio Arte Arena Movil Decoracion Reloj Liquido - Color de la estructura: Lila - Color de la pantalla: Transparente,http://http2.mlstatic.com/D_939157-MLV95731397558_102025-O.webp,MASS2071
MASS2277,Lampara Escritorio Arte Arena Movil Decoracion Reloj Liquido - Color de la estructura: Azul - Color de la pantalla: Transparente,http://http2.mlstatic.com/D_785463-MLV96170749355_102025-O.webp,MASS2277
31187527-909007,Dildo Consolador Fluorescente Neon Realista - Color: Azul,http://http2.mlstatic.com/D_899332-MLV84012436614_052025-O.webp,MASS2010
31187527-909008,Dildo Consolador Fluorescente Neon Realista - Color: Naranja claro,,MASS1935
31187527-909010,Dildo Consolador Fluorescente Neon Realista - Color: Rosa chicle,,MASS1932
31187527-909009,Dildo Consolador Fluorescente Neon Realista - Color: Púrpura,,MASS1933
31187527-909011,Dildo Consolador Fluorescente Neon Realista - Color: Verde lima,,MASS1934
30836241-873294,Dispensador De Masa Panquecas Para Reposteria - Color: Fucsia,http://http2.mlstatic.com/D_749909-MLV84075001241_042025-O.webp,MASS1913
MASS1966,Látigo Bdsm Color Negro Ajustable Sexual Para Parejas,https://http2.mlstatic.com/D_815182-MLV84430754271_052025-O.webp,MASS1966
28597010-793402,Termo Cooler Acero Inoxidable Fitness Gym 1.1 Litros - Color: Azul oscuro,http://http2.mlstatic.com/D_796523-MLV75646219145_042024-O.webp,MASS1615
28597010-793403,Termo Cooler Acero Inoxidable Fitness Gym 1.1 Litros - Color: Blanco,http://http2.mlstatic.com/D_745827-MLV75646257577_042024-O.webp,MASS1614
28597010-787316,Termo Cooler Acero Inoxidable Fitness Gym 1.1 Litros - Color: Negro,http://http2.mlstatic.com/D_696353-MLV86580776404_062025-O.webp,MASS1536
28275653-726915,Tendedero Para Ropa Plegable Retractil Pared Compacto  - Color: Blanco,http://http2.mlstatic.com/D_948624-MLV72625489264_112023-O.webp,MASS1295
30584877-858395,Wall Panel Pvc Revestimiento Decorativo Paredes Interior - Color: Purpura,,MASS1831
30584877-858393,Wall Panel Pvc Revestimiento Decorativo Paredes Interior - Color: Negro,http://http2.mlstatic.com/D_670986-MLV97546410047_112025-O.webp,MASS1410
30584877-858392,Wall Panel Pvc Revestimiento Decorativo Paredes Interior - Color: Azul,http://http2.mlstatic.com/D_806694-MLV80922634439_112024-O.webp,MASS1409
30584877-858394,Wall Panel Pvc Revestimiento Decorativo Paredes Interior - Color: Gris oscuro,,MASS1777
30584877-902959,Wall Panel Pvc Revestimiento Decorativo Paredes Interior - Color: Madera Cobrizo,http://http2.mlstatic.com/D_967937-MLV97551478467_112025-O.webp,MASS1835
30584877-902957,Wall Panel Pvc Revestimiento Decorativo Paredes Interior - Color: Blanco,,MASS1743
30584877-902956,Wall Panel Pvc Revestimiento Decorativo Paredes Interior - Color: Beige,http://http2.mlstatic.com/D_790574-MLV97091175896_112025-O.webp,MASS1408
30584877-902955,Wall Panel Pvc Revestimiento Decorativo Paredes Interior - Color: Gris,,MASS1407
30584877-902954,Wall Panel Pvc Revestimiento Decorativo Paredes Interior - Color: Marrón oscuro,,MASS1406
30584877-902953,Wall Panel Pvc Revestimiento Decorativo Paredes Interior - Color: Marrón,,MASS1405
30584877-902933,Wall Panel Pvc Revestimiento Decorativo Paredes Interior - Color: Madera,http://http2.mlstatic.com/D_937172-MLV97550525717_112025-O.webp,MASS1778
28640875-789974,Cortinas Blackout 100% Diversos Colores  132 X 214 Cm - Color: Negro,,MASS1631
28640875-800390,Cortinas Blackout 100% Diversos Colores  132 X 214 Cm - Color: Azul oscuro,,MASS1634
27959131-677360,Dispensador De Agua De Mesa Recargable Con Base Electrico - Color: Negro,http://http2.mlstatic.com/D_808841-MLV54958779927_042023-O.webp,MASS0940
28073194-692101,Vibrador Plug Anal Iniciador Recargable Con Bala Vibradora - Color: Negro,,MASS1053
28640875-816615,Cortinas Blackout 100% Diversos Colores  132 X 214 Cm - Color: Beige,,MASS1636
28640875-800393,Cortinas Blackout 100% Diversos Colores  132 X 214 Cm - Color: Terracota,,MASS1635
28640875-800391,Cortinas Blackout 100% Diversos Colores  132 X 214 Cm - Color: Gris,,MASS1633
28640875-800392,Cortinas Blackout 100% Diversos Colores  132 X 214 Cm - Color: Gris oscuro,,MASS1632
MASS1099,Tensiometro Manual Estetoscopio Kit Completo Aneroid Tension - Color: Azul oscuro,http://http2.mlstatic.com/D_698355-MLV83645480123_042025-O.webp,MASS1099
MASS0304,Memoria Ram De 2gb Ddr3 1333 Mhz Pc3-10600 Kingston Para Pc,,MASS0304
MASS0283,Máquina Selladora  Al Vacío De Alimentos Automatica 120w  - Color: Negro,http://http2.mlstatic.com/D_930214-MLV93489242922_102025-O.webp,MASS0283
1551773-806804,Vibrador Masajeador Estimulador De Clitoris Varita Mágica - Color: Dorado oscuro,http://http2.mlstatic.com/D_646730-MLV77321454963_062024-O.jpg,MASS1480
30584877-858397,Wall Panel Pvc Revestimiento Decorativo Paredes Interior - Color: Verde Pastel,,MASS1833
30584877-858396,Wall Panel Pvc Revestimiento Decorativo Paredes Interior - Color: Azul Pastel,,MASS1832
30584877-858398,Wall Panel Pvc Revestimiento Decorativo Paredes Interior - Color: Rosa pastel,,MASS1834
MASS1723,Vibrador Estimulador Punto G Calefaccion Clitoris Pezon Dedo - Color: Rosa,http://http2.mlstatic.com/D_985747-MLV111000081939_042026-O.webp,MASS1723
MASS1807,Ventilador Portatil 3 En 1 Enfriador Humidificador Luz Led - Cantidad de aspas: 3 - Color de la estructura: Blanco - Color de las aspas: Blanco - Diámetro: 15 cm - Material de las aspas: Plástico,http://http2.mlstatic.com/D_903557-MLV78217315434_082024-O.webp,MASS1807
MASS1808,Ventilador Portatil 3 En 1 Enfriador Humidificador Luz Led - Cantidad de aspas: 3 - Color de la estructura: Negro - Color de las aspas: Negro - Diámetro: 15 cm - Material de las aspas: Plástico,http://http2.mlstatic.com/D_958958-MLV78216863626_082024-O.webp,MASS1808
MASS1809,Ventilador Portatil 3 En 1 Enfriador Humidificador Luz Led - Cantidad de aspas: 3 - Color de la estructura: Verde - Color de las aspas: Verde - Diámetro: 15 cm - Material de las aspas: Plástico,http://http2.mlstatic.com/D_965972-MLV78446198549_082024-O.webp,MASS1809
MASS1647,Lampara De Mesa Portatil Touch Recargable 3 Niveles De Color - Color de la estructura: Dorado oscuro - Color de la pantalla: Blanco,http://http2.mlstatic.com/D_775364-MLV80919601745_112024-O.webp,MASS1647
MASS1646,Lampara De Mesa Portatil Touch Recargable 3 Niveles De Color - Color de la estructura: Blanco - Color de la pantalla: Blanco,http://http2.mlstatic.com/D_684820-MLV80919601649_112024-O.webp,MASS1646
MASS1525,Zapatera Practica 21 Pares Armable 6 Niveles Organizador - Color: Plateado,http://http2.mlstatic.com/D_951706-MLV94782575024_102025-O.webp,MASS1525
MASS1053,Vibrador Plug Anal Iniciador Con Bala Vibradora Estimuladora - Color: Negro,,MASS1053
MASS1390,Switch Cudy 5 Puertos Rj45 Cable Red Ethernet Fs105d,https://http2.mlstatic.com/D_895721-MLV74473080505_022024-O.webp,MASS1390
28286920-729022,Toner Compatible Hp Q2612a (12a) Para 1010 1012 1018 1020 - Color de la tinta: Negro,http://http2.mlstatic.com/D_636885-MLV72917097070_112023-O.webp,MASS1331
MASS1064,Base Organizador De Baño De 2 Niveles Esquinero Estante,https://http2.mlstatic.com/D_701054-MLV80655416188_112024-O.webp,MASS1064
MASS1061,Marcadores Doble Punta Permanente Touch 60 Piezas Colores,https://http2.mlstatic.com/D_771020-MLV80911731091_112024-O.webp,MASS1061
28034224-683903,Aspiradora Portatil Para Carro 12v Alta Potencia 2 En 1  - Color: Azul,http://http2.mlstatic.com/D_882249-MLV80918949125_112024-O.webp,MASS1042
MASS1291,Aspiradora Portatil Para Carro 12v Alta Potencia 2 En 1  - Color: Negro,http://http2.mlstatic.com/D_731528-MLV80655596186_112024-O.webp,MASS1291
28034224-683902,Aspiradora Portatil Para Carro 12v Alta Potencia 2 En 1  - Color: ANARANJADO,http://http2.mlstatic.com/D_850175-MLV69555127250_052023-O.webp,MASS1043
MASS0995,Abrelatas Destapador Inalambrico Eléctrico Portátil Cocina - Color: Blanco,http://http2.mlstatic.com/D_964494-MLV80659176786_112024-O.webp,MASS0995
MASS0954,Bolso Para Laptop Organizador Con Puerto Usb Impermeable  - Color: Azul,http://http2.mlstatic.com/D_673457-MLV80919251949_112024-O.webp,MASS0954
MASS0955,Bolso Para Laptop Organizador Con Puerto Usb Impermeable  - Color: Rojo,http://http2.mlstatic.com/D_904105-MLV54968098364_042023-O.webp,MASS0955
MASS0952,Bolso Para Laptop Organizador Con Puerto Usb Impermeable  - Color: Negro,http://http2.mlstatic.com/D_862196-MLV80919514793_112024-O.webp,MASS0952
27785908-672492,Vibrador Punto G Clitoris Pezones Juguete Sexual Orgasmico - Color: Fucsia,http://http2.mlstatic.com/D_817351-MLV96625165681_102025-O.webp,MASS0930
27785908-672491,Vibrador Punto G Clitoris Pezones Juguete Sexual Orgasmico - Color: Negro,http://http2.mlstatic.com/D_874727-MLV54819831872_042023-O.webp,MASS0929
27785908-672490,Vibrador Punto G Clitoris Pezones Juguete Sexual Orgasmico - Color: Azul,http://http2.mlstatic.com/D_779375-MLV84179450158_052025-O.webp,MASS0931
MASS0793,Humificador Difusor De Aceites Esenciales Chimenea Luz Led - Color: Negro,http://http2.mlstatic.com/D_626262-MLV73372549437_122023-O.webp,MASS0793
MASS1065,Organizador De Ollas Y Sartenes Para Gabinete De 5 Niveles,https://http2.mlstatic.com/D_647217-MLV80919557795_112024-O.webp,MASS1065
MASS0367,Set 3 Plug Anal Joya De Diamante  - Color: Violeta oscuro,http://http2.mlstatic.com/D_833819-MLV78022493586_082024-O.webp,MASS0367
MASS0365,Set 3 Plug Anal Joya De Diamante  - Color: Negro,http://http2.mlstatic.com/D_882179-MLV78248285317_082024-O.webp,MASS0365
MASS0361,Set 3 Plug Anal Joya De Diamante  - Color: Rojo,http://http2.mlstatic.com/D_795085-MLV78022386554_082024-O.webp,MASS0361
MASS1199,Set 3 Plug Anal Joya De Diamante  - Color: Fucsia,http://http2.mlstatic.com/D_844926-MLV78022492796_082024-O.webp,MASS1199
MASS0297,Memoria 2gb Ddr3 1333 Mhz Kingston Pc3-10600 Nuevas Para Pc,,MASS0297
26582458-708719,Vibrador Consolador Recargable Inalámbrico Con Agarre - Color: Violeta,http://http2.mlstatic.com/D_808674-MLV76781840784_062024-O.webp,MASS1090
26582458-803251,Vibrador Consolador Recargable Inalámbrico Con Agarre - Color: Rosa,http://http2.mlstatic.com/D_946572-MLV76987684683_062024-O.webp,MASS0692
28736293-803669,Funda Forro Flexible Texturizado Vibrador Con Soporte Bolas - Color: Transparente,http://http2.mlstatic.com/D_787668-MLV77019473931_062024-O.webp,MASS1731
21171657-560686,Mini Aire Acondicionado Portátil Arctic Air Ultra Enfriador  - Color: Blanco,http://http2.mlstatic.com/D_838564-MLV72332980445_102023-O.webp,MASS1283
24006157-908280,Set 3 Plug Anal Joya De Diamante  - Color: Blanco,,MASS0363
24006157-814096,Set 3 Plug Anal Joya De Diamante  - Color: Rosa,http://http2.mlstatic.com/D_751719-MLV78247952473_082024-O.webp,MASS0364
24006157-814097,Set 3 Plug Anal Joya De Diamante  - Color: Verde,http://http2.mlstatic.com/D_762795-MLV78022392762_082024-O.webp,MASS0368
24006157-814092,Set 3 Plug Anal Joya De Diamante  - Color: Colorful,http://http2.mlstatic.com/D_875922-MLV78247973059_082024-O.webp,MASS0369
27310936-733081,Humificador Difusor De Aceites Esenciales Chimenea Luz Led - Color: Blanco,http://http2.mlstatic.com/D_732094-MLV73372570155_122023-O.webp,MASS1441
24006157-814091,Set 3 Plug Anal Joya De Diamante  - Color: Azul oscuro,http://http2.mlstatic.com/D_779841-MLV78022317314_082024-O.webp,MASS0366
MASS1161,Vibrador Consolador Doble Punto G Silicona De 10 Velocidades - Color: Fucsia,http://http2.mlstatic.com/D_784687-MLV109534476945_032026-O.webp,MASS1161
MAS0062,Base Tv Fija 14-42 Pulgadas  - Color: Negro,http://http2.mlstatic.com/D_784915-MLV80919556339_112024-O.webp,MAS0062
15545563-328570,Base Tv Movible 14-42 Universal Plasma - Color: Negro,http://http2.mlstatic.com/D_952102-MLV85656095265_062025-O.webp,15545563-328570
MASS2735,Interruptor Wifi Inteligente 1 Boton Sin Neutro,https://i.postimg.cc/JsCxYVVf/Captura-de-pantalla-2026-07-29-151910.png,MASS2735
MASS2384,Plancha De Pelo Cerámica Liso Ondulado R.422 Raf 45w - Color: Gris con Fucsia,http://http2.mlstatic.com/D_895415-MLV104996588981_012026-O.webp,MASS2384
MASS2383,Plancha De Pelo Cerámica Liso Ondulado R.422 Raf 45w - Color: Negro,http://http2.mlstatic.com/D_927070-MLV110169012575_042026-O.webp,MASS2383
MASS2194,Caja Organizadora Porta Zapatos Negro Plastico - Color: Negro,http://http2.mlstatic.com/D_909000-MLV98102953395_112025-O.webp,MASS2194
31187534-909091,Mini Batidor Eléctrico Recargable Portatil Reposteria Cafe - Color: Negro - Frecuencia: 1200mAh,http://http2.mlstatic.com/D_692920-MLV84308279569_052025-O.jpg,MASS1019
MASS1907,Irrigador Bucal Portátil Limpiador Dental Hilo De Agua 220ml - Color: Blanco,http://http2.mlstatic.com/D_672237-MLV82268564025_022025-O.webp,MASS1907
11520668-706246,Balanza Peso Digital Cocina 5kg X 1gr Bateria Portatil Lujo - Capacidad máxima: 5 g - Color: Plateado,http://http2.mlstatic.com/D_714021-MLV80923097525_112024-O.webp,MASS1125
28287175-729140,Kit Grabacion Led Creacion Contenido Microfono Estabilizador - Color: Negro,http://http2.mlstatic.com/D_839172-MLV84132386060_052025-O.webp,MASS1344
MASS0584,Vagina Masturbador Sensación Realista Interior,https://http2.mlstatic.com/D_731220-MLV80659522072_112024-O.webp,MASS0584
28007981-680599,Base Para Tv Brazo Movible 14-55 Universal Televisor Plasma  - Color: Negro,http://http2.mlstatic.com/D_922580-MLV85658425483_062025-O.webp,MASS0066
MASS1810,Set De Cuchillos De Cocina 5 Piezas Practico Para Carne - Color: Negro,http://http2.mlstatic.com/D_838655-MLV78218076762_082024-O.webp,MASS1810
MASS1674,Batidora Recargable De Mano 3 Velocidades Huevo Torta Mixer - Color: Negro,http://http2.mlstatic.com/D_678584-MLV75014437180_032024-O.jpg,MASS1674
MASS0560,Tester Multimetro Digital Dt-9205a 10v Incluye Baterias,https://http2.mlstatic.com/D_795812-MLV80658659932_112024-O.webp,MASS0560
MASS2284,Set 3 Plug Anal Alargado Joya Diamante - Color: Morado,http://http2.mlstatic.com/D_866634-MLV99211534617_112025-O.webp,MASS2284
MASS2283,Set 3 Plug Anal Alargado Joya Diamante - Color: Rosado,http://http2.mlstatic.com/D_946616-MLV99212338725_112025-O.webp,MASS2283
MASS2240,Set 3 Plug Anal Alargado Joya Diamante - Color: Negro,http://http2.mlstatic.com/D_890330-MLV99212337187_112025-O.webp,MASS2240
MASS1924,Set 3 Bolas Chinas Joy Kegel Erotico Bo Wa Ejercicio Pelvico - Color: Violeta,http://http2.mlstatic.com/D_870171-MLV96062853816_102025-O.webp,MASS1924
MASS1610,Alfombra De Ejercicios Fitness Yoga Pilates Comoda Acolchada - Color: Rosa,http://http2.mlstatic.com/D_920289-MLV80658745036_112024-O.webp,MASS1610
MASS1389,Antena Cudy 5 Dbi Wifi Usb 3.0 Ac1300 Doble Banda Alto Poder,https://http2.mlstatic.com/D_607074-MLV74250742952_022024-O.webp,MASS1389
26199570-579243,Cable Lightning A Usb De 1 Metro Certificado Apple iPhone - Color: Blanco,http://http2.mlstatic.com/D_909580-MLV49511201312_032022-O.webp,MASS0104
MASS2282,Corneta Karaoke K-12 Bluetooth 2 Micrófonos Recargable - Color: Azul claro,http://http2.mlstatic.com/D_678133-MLV100261947771_122025-O.webp,MASS2282
MASS2294,Reloj Inteligente Smartwatch Bluetooth S9 Ultra 3 Correas - Color de la caja: Rosa,http://http2.mlstatic.com/D_987115-MLV100258760773_122025-O.webp,MASS2294
MASS1931,Vibrador Consolador Realistico Pene Base Control - Color: Carne,http://http2.mlstatic.com/D_723573-MLV99396596881_112025-O.webp,MASS1931
MASS2200,Rodillera Electrica 3 Niveles De Calor Para Dolores Artritis - Color: Negro - Talle: Ajustable,http://http2.mlstatic.com/D_891228-MLV94903693396_102025-O.webp,MASS2200
MASS2099,Reloj Despertador Negro Cable Modelo Vst-711 - Color: Negro,http://http2.mlstatic.com/D_843870-MLV97567234275_112025-O.webp,MASS2099
MASS2199,Set Viaje Organizador Maleta Equipaje Ropa Zapatos Espacio - Color: Negro,http://http2.mlstatic.com/D_819875-MLV97574471877_112025-O.webp,MASS2199
32084023-990651,Set Viaje Organizador Maleta Equipaje Ropa Zapatos Espacio - Color: Azul oscuro,http://http2.mlstatic.com/D_650674-MLV97115930810_112025-O.webp,MASS2277
MASS2278,Set Viaje Organizador Maleta Equipaje Ropa Zapatos Espacio - Color: Gris,http://http2.mlstatic.com/D_980438-MLV97115621468_112025-O.webp,MASS2278
MASS2047,Lámpara De Mesa Usb Inalámbrica Táctil Inteligente - Color de la estructura: Bronce - Color de la pantalla: Blanco,http://http2.mlstatic.com/D_891060-MLV90889109248_082025-O.webp,MASS2047
MASS2046,Lámpara De Mesa Usb Inalámbrica Táctil Inteligente - Color de la estructura: Plata - Color de la pantalla: Blanco,http://http2.mlstatic.com/D_622174-MLV88043929163_072025-O.webp,MASS2046
MASS2045,Lámpara De Mesa Usb Inalámbrica Táctil Inteligente - Color de la estructura: Oro - Color de la pantalla: Blanco,http://http2.mlstatic.com/D_785202-MLV91279112533_082025-O.webp,MASS2045
MASS2019,Corneta Karaoke K-12 Bluetooth 2 Micrófonos Recargable - Color: Rosa,http://http2.mlstatic.com/D_776066-MLV100261042351_122025-O.webp,MASS2019
30946960-896726,Balanza Cocina Recargable Elegante Digital  Hasta 5kg X 1g - Capacidad máxima: 5 kg - Color: Plateado,http://http2.mlstatic.com/D_992990-MLV86583351424_062025-O.webp,MASS1686
31140279-907051,Bandas Elásticas Tubulares Fortalecimiento Ejercicio - Color: Variado,http://http2.mlstatic.com/D_726568-MLV84429034881_052025-O.webp,MASS1990
MASS1439,Balanza Cocina Recargable Elegante Digital  Hasta 10kg X 1g  - Capacidad máxima: 10 g - Color: Plateado,http://http2.mlstatic.com/D_836578-MLV76953873496_062024-O.webp,MASS1439
28286229-728914,Mouse Vertical Alambrico Optico Ergonomico Usb - Color: Negro,http://http2.mlstatic.com/D_861434-MLV80919421083_112024-O.webp,MASS1343
30845734-877432,Cámara Ip Cloud Storage Ptz 2mp Hd E27 Wifi - Color: Blanco,http://http2.mlstatic.com/D_708059-MLV82310883263_022025-O.webp,MASS1904
21546053-803500,Consolador Realístico Masturbador Flexible Contra Agua - Color: Transparente,http://http2.mlstatic.com/D_800314-MLV77166167855_062024-O.jpg,MASS2302
21546053-803501,Consolador Realístico Masturbador Flexible Contra Agua - Color: Rosa,http://http2.mlstatic.com/D_922287-MLV77166158145_062024-O.webp,MASS1473
21546053-803499,Consolador Realístico Masturbador Flexible Contra Agua - Color: Violeta oscuro,http://http2.mlstatic.com/D_788056-MLV77166079821_062024-O.jpg,21546053-803499
MASS1522,Cuchillo Tactico Navaja Suiza Multiherramienta Acero Caza - Color: Negro,http://http2.mlstatic.com/D_762195-MLV80659627104_112024-O.webp,MASS1522
MASS0635,Cámara Para Endoscopia Limpia Oídos Visual Earwax Clean Tool,https://http2.mlstatic.com/D_601938-MLV80655890672_112024-O.jpg,MASS0635
MASS0137,Cepillo Secador Brush Buddies One Step Con Aire Frío,https://http2.mlstatic.com/D_947882-MLV80648373366_112024-O.webp,MASS0137
30543129-862270,Reloj Inteligente Smartwatch Bluetooth S9 Ultra 3 Correas - Color de la caja: Gris,http://http2.mlstatic.com/D_691771-MLV83544812345_042025-O.webp,MASS1856
MASS1650,Juego De Destornilladores 8 En 1 Puntas Intercambiables,https://http2.mlstatic.com/D_972727-MLV80659188552_112024-O.webp,MASS1650
MASS1552,Pistola Dispensadora De Billetes Portatil Juegos Fiestas - Color: Rojo,http://http2.mlstatic.com/D_748988-MLV86525192830_062025-O.webp,MASS1552
28595873-787193,Cuchillo Tactico Navaja Suiza Multiherramienta Acero Caza - Color: Negro,http://http2.mlstatic.com/D_762195-MLV80659627104_112024-O.webp,MASS1522
28596293-793535,Termo De Agua Cooler Deportivo Fitness 400 Ml Alta Calidad - Color: Violeta oscuro,http://http2.mlstatic.com/D_918609-MLV75506369764_042024-O.webp,MASS1530
28596293-793533,Termo De Agua Cooler Deportivo Fitness 400 Ml Alta Calidad - Color: Azul acero,http://http2.mlstatic.com/D_771319-MLV75506388130_042024-O.webp,MASS1530
28596293-793534,Termo De Agua Cooler Deportivo Fitness 400 Ml Alta Calidad - Color: Rosa,http://http2.mlstatic.com/D_746475-MLV75506507706_042024-O.webp,MASS1530
MASS1530,Termo De Agua Cooler Deportivo Fitness 400 Ml Alta Calidad - Color: Negro,http://http2.mlstatic.com/D_987542-MLV74654068617_022024-O.webp,MASS1530
MASS1329,Toner Compatible Canon Crg-128 Para Mf4770 D550 Mf4450 - Color de la tinta: Negro,http://http2.mlstatic.com/D_636885-MLV72917097070_112023-O.webp,MASS1329
MASS1330,Toner Compatible Hp Ce285a 85a Para P1102 P1102w M1132 M1212 - Color de la tinta: Negro,http://http2.mlstatic.com/D_623522-MLV80656303706_112024-O.webp,MASS1330
MASS1281,Tabla De Picar 4en1 Placa De Descongelacion Afilador Rayador - Nombre del diseño: FAST THAW CHOPPING,http://http2.mlstatic.com/D_619501-MLV80922059897_112024-O.webp,MASS1281
28286923-729023,Toner Compatible Hp Ce278a (78a) Para P1566 P1606 - Color de la tinta: Negro,http://http2.mlstatic.com/D_636885-MLV72917097070_112023-O.webp,MASS1332
27959037-677342,Humificador Difusor Recargable Led Rgb Portatil Esencias - Color: Rosado,http://http2.mlstatic.com/D_928376-MLV54963984874_042023-O.webp,MASS0981
MASS0982,Humificador Difusor Recargable Led Rgb Portatil Esencias - Color: Blanco,http://http2.mlstatic.com/D_908330-MLV54963983408_042023-O.webp,MASS0982
27959037-677340,Humificador Difusor Recargable Led Rgb Portatil Esencias - Color: Negro,http://http2.mlstatic.com/D_740079-MLV54958677283_042023-O.webp,MASS0980
11520670-397305,Peso Balanza Digital Personal 180 Kg Vidrio Templado Bascul - Color: Transparente,http://http2.mlstatic.com/D_640523-MLV85347261716_062025-O.webp,MASS0058
MASS0817,Reloj Inteligente Smartwatch Kd99 Ultra Bluetooth Serie 8 - Color de la malla: Naranja,http://http2.mlstatic.com/D_992870-MLV70820323363_082023-O.webp,MASS0817
MASS0820,Reloj Inteligente Smartwatch Kd99 Ultra Bluetooth Serie 8 - Color de la malla: Gris,http://http2.mlstatic.com/D_769074-MLV70820848639_082023-O.webp,MASS0820
28736293-803668,Funda Forro Flexible Texturizado Vibrador Con Soporte Bolas - Color: Negro,http://http2.mlstatic.com/D_829751-MLV77019522083_062024-O.webp,MASS1730
30543129-862271,Reloj Inteligente Smartwatch Bluetooth S9 Ultra 3 Correas - Color de la caja: Naranja,http://http2.mlstatic.com/D_854892-MLV80959848565_112024-O.webp,MASS1857
30543129-856645,Reloj Inteligente Smartwatch Bluetooth S9 Ultra 3 Correas - Color de la caja: Negro,http://http2.mlstatic.com/D_932369-MLV80686409500_112024-O.webp,MASS1818
28692428-804663,Vibrador Brocha Maquillaje Multiples Velocidades Clitoris  - Color: Negro,http://http2.mlstatic.com/D_819762-MLV77165148339_062024-O.webp,MASS1695
28692428-798427,Vibrador Brocha Maquillaje Multiples Velocidades Clitoris  - Color: Azul petróleo,http://http2.mlstatic.com/D_935336-MLV76955213488_062024-O.webp,MASS1697
28692428-804662,Vibrador Brocha Maquillaje Multiples Velocidades Clitoris  - Color: Chocolate,http://http2.mlstatic.com/D_818544-MLV77164961985_062024-O.webp,MASS1696
21514949-803476,Consolador Realístico Contra Agua Flexible - Color: Chocolate,http://http2.mlstatic.com/D_699121-MLV77013387039_062024-O.webp,MASS1687
21546053-803498,Consolador Realístico Masturbador Flexible Contra Agua - Color: Negro,http://http2.mlstatic.com/D_937956-MLV77166157799_062024-O.webp,MASS1474
MASS0318,Pimentero Molino Eléctrico Pimenta Acero Inoxidable Pepper,https://http2.mlstatic.com/D_794247-MLV46156075248_052021-O.webp,MASS0318
27494766-648260,Maquina De Afeitar 3en1 Trimmer Shaver Rasuradora Nariz Oido - Color: Negro,http://http2.mlstatic.com/D_803879-MLV52755635920_122022-O.webp,MASS0825
MASS0245,Keratina Capilar Bellafemme 500ml Tienda Fisica,https://http2.mlstatic.com/D_865224-MLV88497272047_072025-O.webp,MASS0245
MASS0143,Cirugia Plastica Capilar Bellafemm 5 En 1 Original 500ml,https://http2.mlstatic.com/D_671604-MLV88497977477_072025-O.webp,MASS0143
MASS1075,Repisa Base Organizadora De Utensilios De Cocina Con Ganchos,https://http2.mlstatic.com/D_808066-MLV80918947827_112024-O.webp,MASS1075
28665553-793564,Carpeta A4 Tabla Apoyo Con Deposito Plastica Portadocumentos - Color: Negro,http://http2.mlstatic.com/D_786401-MLV75507689824_042024-O.webp,MASS1560
MASS2731,Balon De Futbol Del Mundial 2026 Trionda #5,https://i.postimg.cc/tZcth8zG/Captura-de-pantalla-2026-07-29-152147.png,MASS2731
MASS2730,Audifonos Bluetooth Clip Oido Inalambricos Deportivos Md,https://i.postimg.cc/pmMCcbMj/Captura-de-pantalla-2026-07-29-152031.png,MASS2730
MASS2722,Taza Batidora Automatica Vaso Termico Cafe Electrica Digital - Blanco,https://i.postimg.cc/vcXxyYLs/Captura-de-pantalla-2026-07-29-124840.png,MASS2722
MASS2721,Taza Batidora Automatica Vaso Termico Cafe Electrica Digital - Negro,https://i.postimg.cc/vcXxyYLs/Captura-de-pantalla-2026-07-29-124840.png,MASS2721
MASS2708,Masajeador Adelgazante Cintura Electrico Quema Grasa Abdomen,https://i.postimg.cc/gnK80qpB/Captura-de-pantalla-2026-07-29-123855.png,MASS2708
MASS2707,Pastillero Organizador De Pastillas Inteligente 7 Dias,https://i.postimg.cc/qzGy7Xrb/Captura-de-pantalla-2026-07-29-121755.png,MASS2707
MASS2450,Plancha De Pelo Cerámica Liso Ondulado R.422 Raf 45w - Color: Blanco con Dorado,http://http2.mlstatic.com/D_974472-MLV109558631693_032026-O.webp,MASS2450
MASS2455,Kit De Teclado Mouse Inalámbrico Bluetooth Recargable Pc - Color del mouse: Negro - Color del teclado: Negro,http://http2.mlstatic.com/D_782253-MLV107638640009_022026-O.webp,MASS2455
MASS2378,Maquina De Afeitar Patillera Recargable R.4008 Raf 3w - Color: Azul,http://http2.mlstatic.com/D_935618-MLV104996519671_012026-O.webp,MASS2378
MASS2377,Maquina De Afeitar Perros Mascotas R.436 Raf - Color: Dorado,http://http2.mlstatic.com/D_745433-MLV104913027998_012026-O.webp,MASS2377
MASS2353,Molino Eléctrico De Cafe Raf R.7113 300w Acero Inox Plateado - Color: Plateado,http://http2.mlstatic.com/D_674355-MLV104862715649_012026-O.webp,MASS2353
MASS2387,Plancha De Cabello Ceramica Profesional Raf R.9454-110 - Color: R.9454R-110,http://http2.mlstatic.com/D_847477-MLV104444039748_012026-O.webp,MASS2387
MASS2386,Plancha De Cabello Ceramica Profesional Raf R.9454-110 - Color: R.9454P-110,http://http2.mlstatic.com/D_808522-MLV104447625672_012026-O.webp,MASS2386
MASS2385,Plancha De Cabello Ceramica Profesional Raf R.9454-110 - Color: R.9454G-110,http://http2.mlstatic.com/D_856352-MLV104444039782_012026-O.webp,MASS2385
MASS2256,Extensor De Pene 3 Bola De Metal Simple Medicinal - Color: Triple,http://http2.mlstatic.com/D_970663-MLV98739509136_112025-O.webp,MASS2256
MASS2042,Masajeador Facial 4 En 1  Led Radiofrecuencia Recargable,https://http2.mlstatic.com/D_626160-MLV96503394105_102025-O.webp,MASS2042
MASS0616,Rabbit Vibrador Consolador Punto G 2 Motores Recargable 30v - Color: Morado,http://http2.mlstatic.com/D_867222-MLV96163196997_102025-O.webp,MASS0616
21514633-956007,Rabbit Vibrador Consolador Punto G 2 Motores Recargable 30v - Color: Rosado,http://http2.mlstatic.com/D_796446-MLV96162580217_102025-O.webp,MASS0615
MASS2067,Juego De Dados Milimétricos De 12 Piezas Con Rachet Grande,https://http2.mlstatic.com/D_800359-MLV91284910105_082025-O.webp,MASS2067
MASS1965,Latigo De Cuero Bdsm Erotico Sexual Fusta,https://http2.mlstatic.com/D_879702-MLV84431160081_052025-O.webp,MASS1965
28597017-793399,Termo Cooler Acero Inoxidable Fitness Gym 540 Ml - Color: Azul oscuro,http://http2.mlstatic.com/D_896800-MLV76956618920_062024-O.webp,MASS1612
28597017-787400,Termo Cooler Acero Inoxidable Fitness Gym 540 Ml - Color: Negro,http://http2.mlstatic.com/D_951392-MLV86901518725_062025-O.webp,MASS1535
30834028-873077,Balanza Digital Health Scale Vidrio Templado 180kg - Color: Negro,http://http2.mlstatic.com/D_754220-MLV82293033233_022025-O.webp,MASS1880
MASS1477,Set De Arte 150 Piezas Colores Marcadores Crayones + Maleta,https://http2.mlstatic.com/D_926650-MLV80919234521_112024-O.webp,MASS1477
MASS1861,Batería Hidrojet Portátil 48v 3500mah Taladro,https://http2.mlstatic.com/D_701886-MLV84093312156_052025-O.webp,MASS1861
MASS1821,Audifonos Inalambricos Bluetooth Gq11 Tws Recargables - Color: Plateado,http://http2.mlstatic.com/D_685504-MLV80364550762_112024-O.webp,MASS1821
MASS1799,Cargador Panel Solar 6w 6v Para Telefonos Usb Camping - Color: Blanco - Voltaje de circuito abierto: 6V - Voltaje máximo del sistema: 6V,http://http2.mlstatic.com/D_898828-MLV78411728267_082024-O.webp,MASS1799
MASS1664,Pistola Lanzador De Burbujas Para Niños Niñas Bubble Gun Toy - Color: Verde claro,http://http2.mlstatic.com/D_749088-MLV86583131126_062025-O.webp,MASS1664
MASS1665,Pistola Lanzador De Burbujas Para Niños Niñas Bubble Gun Toy - Color: Amarillo,http://http2.mlstatic.com/D_623317-MLV75017762684_032024-O.jpg,MASS1665
28692417-803761,Cinturon Jaula Castidad Para Pene Con Llave Y Candado Bdsm - Color: Negro,http://http2.mlstatic.com/D_816670-MLV77573828963_072024-O.webp,MASS1705
MASS1706,Cinturon Jaula Castidad Para Pene Con Llave Y Candado Bdsm - Color: Transparente,http://http2.mlstatic.com/D_798467-MLV77573945711_072024-O.webp,MASS1706
MASS1780,Cinturon Jaula Castidad Para Pene Con Llave Y Candado Bdsm - Color: Rojo,http://http2.mlstatic.com/D_715911-MLV77573945607_072024-O.webp,MASS1780
MASS1656,Maquina Afeitar Recargable  Patillera Kemei Km-032 Barberia  - Color: Plateado,http://http2.mlstatic.com/D_825192-MLV80656303458_112024-O.webp,MASS1656
MASS1614,Termo Cooler Acero Inoxidable Fitness Gym 540 Ml - Color: Blanco,http://http2.mlstatic.com/D_730084-MLV76956619146_062024-O.webp,MASS1614
MASS1613,Termo Cooler Acero Inoxidable Fitness Gym 540 Ml - Color: Rojo,http://http2.mlstatic.com/D_657206-MLV76956727534_062024-O.webp,MASS1613
28344684-783728,Pisos Vinil Pvc Autoadhesivo Alto Trafico 2.0mm Resistente  - Color: Hm6602,http://http2.mlstatic.com/D_761522-MLV73141115088_122023-O.jpg,MASS1399
28344684-783727,Pisos Vinil Pvc Autoadhesivo Cuadrado Alto Trafico 2.0mm  - Color: Hm6601,http://http2.mlstatic.com/D_627717-MLV73141066676_122023-O.jpg,MASS1398
28344684-783729,Pisos Vinil Pvc Autoadhesivo Cuadrado Alto Trafico 2.0mm  - Color: Hm7712,,MASS1400
MASS0334,Nebulizador Portatil Bateria O A Usb Terapia Para El Asma,https://http2.mlstatic.com/D_745569-MLV80655423472_112024-O.webp,MASS0334
MASS0621,Kit De Maquina De Afeitar Perros Gatos Mascotas Inalambrica - Color: Dorado,http://http2.mlstatic.com/D_673547-MLV80918616571_112024-O.webp,MASS0621
MASS0948,Vibrador Succionador De Clitori Masajeador Satisfayer Climax - Color: Morado,http://http2.mlstatic.com/D_654489-MLV76988399861_062024-O.webp,MASS0948
MASS0949,Vibrador Succionador De Clitori Masajeador Satisfayer Climax - Color: Rosa chicle,http://http2.mlstatic.com/D_680944-MLV76988399663_062024-O.webp,MASS0949
MASS0947,Vibrador Succionador De Clitori Masajeador Satisfayer Climax - Color: Rosa pálido,http://http2.mlstatic.com/D_633431-MLV76988379907_062024-O.webp,MASS0947
MASS0918,Taza Termica Batidora De Cafe 380ml Usb Recargable Portatil,https://http2.mlstatic.com/D_789314-MLV80655418042_112024-O.webp,MASS0918
MASS0541,Kit Teclado Y Mouse T-wolf Tf270 Gamer Usb Retroiluminado - Color del teclado: Negro - Idioma: Español Latinoamérica,http://http2.mlstatic.com/D_832643-MLV109454216624_042026-O.webp,MASS0541
MASS0296,Memoria 2gb Ddr2 800 Kingston Pc Compatible 667 / 533 Nuevas,https://http2.mlstatic.com/D_736066-MLV49536141351_032022-O.webp,MASS0296
MASS0158,Control Ps3 Playstation3 Dualshock Inalambrico Sony Bluetooh - Color: Negro,http://http2.mlstatic.com/D_754290-MLV80911911053_112024-O.webp,MASS0158
16652163-806806,Vibrador Masajeador Estimulador De Clitoris Varita Silicon  - Color: Negro,http://http2.mlstatic.com/D_847152-MLV77109274034_062024-O.webp,MASS1779
21514633-803250,Rabbit Vibrador Consolador Punto G 2 Motores Recargable 30v - Color: Negro,http://http2.mlstatic.com/D_648794-MLV76781847424_062024-O.webp,MASS1171
16652163-804666,Vibrador Masajeador Estimulador De Clitoris Varita Silicon  - Color: Violeta,http://http2.mlstatic.com/D_712446-MLV76956075234_062024-O.webp,MASS0589
16652163-804665,Vibrador Masajeador Estimulador De Clitoris Varita Silicon  - Color: Fucsia,http://http2.mlstatic.com/D_772486-MLV77165766513_062024-O.webp,MASS1757
27500420-650643,Maquina De Afeitar Kemei 3 En 1 Inalambrica Trimmer Shaver - Color: Negro,http://http2.mlstatic.com/D_755618-MLV80655054670_112024-O.webp,MASS0825
15545540-328567,Base Tv Movible 14-55 Pulgadas Led Plasma 3d 4k Universal  - Color: Negro,http://http2.mlstatic.com/D_885012-MLV52487454288_112022-O.webp,MASS0066
MASS2193,Desmechador De Carne Pollo Plato Desmenuzador Mechar Cocina,https://http2.mlstatic.com/D_899308-MLV95228839921_102025-O.webp,MASS2193
MASS2190,Cepillo Electrico Recargable Usb Limpieza Cocina Baño Carro - Color: Blanco,http://http2.mlstatic.com/D_686880-MLV94794042036_102025-O.webp,MASS2190
28274207-726671,Aundifono Bluetooth 5.0 Inalambrico P9 Apple Android Microsd - Color: Negro - Color de la luz: Azul,,MASS1307
27981963-706250,Balanza Lujosa Peso Digital De Cocina Hasta 10kg Precisa - Capacidad máxima: 10 g - Color: Plateado,http://http2.mlstatic.com/D_776021-MLV80919421825_112024-O.webp,MASS0994
MASS1974,Transmisor Y Receptor De Bluetooth 2 En 1,https://http2.mlstatic.com/D_622370-MLV83254866770_042025-O.webp,MASS1974
28286130-728884,Pisos Vinil Pvc Autoadhesivo Alto Trafico 2.0mm Resistente - Color: HM3038,http://http2.mlstatic.com/D_908891-MLV72959059847_112023-O.webp,MASS1325
28286130-728886,Pisos Vinil Pvc Autoadhesivo Alto Trafico 2.0mm Resistente - Color: HM3041,http://http2.mlstatic.com/D_794257-MLV73331087018_122023-O.webp,MASS1327
28286130-728883,Pisos Vinil Pvc Autoadhesivo Alto Trafico 2.0mm Resistente - Color: HM3027,http://http2.mlstatic.com/D_889310-MLV72959004019_112023-O.webp,MASS1326
28286130-731154,Pisos Vinil Pvc Autoadhesivo Alto Trafico 2.0mm Resistente - Color: Hm6602,http://http2.mlstatic.com/D_761522-MLV73141115088_122023-O.webp,MASS1399
28286130-731153,Pisos Vinil Pvc Autoadhesivo Alto Trafico 2.0mm Resistente - Color: Hm6601,http://http2.mlstatic.com/D_627717-MLV73141066676_122023-O.webp,MASS1398
28286130-731152,Pisos Vinil Pvc Autoadhesivo Alto Trafico 2.0mm Resistente - Color: HM3023,http://http2.mlstatic.com/D_944919-MLV73331007454_122023-O.webp,MASS1404
28286130-731155,Pisos Vinil Pvc Autoadhesivo Alto Trafico 2.0mm Resistente - Color: Hm7712,,MASS1400
28286130-731151,Pisos Vinil Pvc Autoadhesivo Alto Trafico 2.0mm Resistente - Color: HM3015,http://http2.mlstatic.com/D_629784-MLV73225237653_122023-O.webp,MASS1403
MASS2729,Bolso Impermeable Dry Bag 10l Playa Piscina Camping,https://i.postimg.cc/tsGkvQGQ/Captura-de-pantalla-2026-07-29-151835.png,MASS2729
MASS2375,Maquina De Afeitar Patillera Pantalla Raf 5w R.432 R.431 - Color: R.432,http://http2.mlstatic.com/D_920326-MLV104441044598_012026-O.webp,MASS2375
MASS2374,Maquina De Afeitar Patillera Pantalla Raf 5w R.432 R.431 - Color: R.431,http://http2.mlstatic.com/D_851890-MLV104442591172_012026-O.webp,MASS2374
MASS2281,Corneta Karaoke K-12 Bluetooth 2 Micrófonos Recargable - Color: Beige,http://http2.mlstatic.com/D_816392-MLV100261489777_122025-O.webp,MASS2281
MASS2169,Consolador Vibrador Pene Doble Penetracion Estimulador - Color: Violeta oscuro,http://http2.mlstatic.com/D_814304-MLV95201779243_102025-O.webp,MASS2169
MASS2168,Consolador Vibrador Pene Doble Penetracion Estimulador - Color: Rosa,http://http2.mlstatic.com/D_886854-MLV95202337181_102025-O.webp,MASS2168
MASS2167,Consolador Vibrador Pene Doble Penetracion Estimulador - Color: Negro,http://http2.mlstatic.com/D_733765-MLV95201777457_102025-O.webp,MASS2167
MASS2064,Sacapuntas Electrico Oem Portátil Con Depósito. - Color: Negro,http://http2.mlstatic.com/D_875832-MLV90893714882_082025-O.webp,MASS2064
MASS0140,Cera Fria Capilar 500ml Bellafemme  Hair Tienda Fisica,https://http2.mlstatic.com/D_918990-MLV80922456127_112024-O.webp,MASS0140
MASS0132,Celulas Madres Hidratacion Original 500ml Bellafemme,,MASS0132
28007052-680594,Maquina De Afeitar Vintage T9 Patillera Barba Kit Barberia - Color: Dorado oscuro,http://http2.mlstatic.com/D_688204-MLV83710129292_042025-O.webp,MASS0993
12658433-702638,Bomba Agranda Pene Succionadora Engrosa Big Retardante Sex - Color: NEGRO/TRANSPARENTE,http://http2.mlstatic.com/D_786580-MLV80659615550_112024-O.webp,MASS0519
MASS0889,Peso Balanza Corporal Digital Recargable Imc Mide Grasa Agua - Color: Negro,http://http2.mlstatic.com/D_971574-MLV53753024533_022023-O.webp,MASS0889
11683004-660358,Vibrador Consolador Con Base Giratorio De Goma De Pene Tiend - Color: Piel,http://http2.mlstatic.com/D_645292-MLV80922842357_112024-O.webp,MASS0609
30836188-873297,Licuadora Portátil Camping Playa Batidos Recargable M1 - Color: Rosa,http://http2.mlstatic.com/D_781432-MLV83902246056_042025-O.webp,MASS1916
30836188-873296,Licuadora Portátil Camping Playa Batidos Recargable M1 - Color: Azul,http://http2.mlstatic.com/D_682101-MLV81956990364_022025-O.webp,MASS1915
30836188-873295,Licuadora Portátil Camping Playa Batidos Recargable M1 - Color: Blanco,http://http2.mlstatic.com/D_632745-MLV83902186062_042025-O.webp,MASS1914
MASS1444,Lampara Proyector De Estrellas Rotativa 360 Grados - Color de la estructura: Azul - Color de la pantalla: Negro,http://http2.mlstatic.com/D_988881-MLV79544081765_092024-O.webp,MASS1444
11520705-706245,Balanza Peso Digital De Cocina Hasta 10kg X 1g Somos Tienda - Capacidad máxima: 10 g - Color: Plateado,http://http2.mlstatic.com/D_959529-MLV80655596782_112024-O.webp,MASS0994
28640995-789973,Colador Secador De Verduras Y Frutas Plastico Antiderrame - Color: Verde claro,http://http2.mlstatic.com/D_617114-MLV75076112951_032024-O.webp,MASS1641
28640995-800403,Colador Secador De Verduras Y Frutas Plastico Antiderrame - Color: Azul oscuro,http://http2.mlstatic.com/D_961995-MLV76516545541_052024-O.webp,MASS1642
MASS1640,Mini Picador Electrico De Verduras Frutas 4 En 1 Usb  - Color: Verde claro,http://http2.mlstatic.com/D_689308-MLV86847845493_062025-O.webp,MASS1640
MASS1670,Juego De Destornilladores Precision Magnetico 115 Piezas  - Color: Negro,,MASS1670
MASS1553,Set De Maleta 2 En 1  Juguete Para  Niños Niñas Variado - Version: Niña Belleza,http://http2.mlstatic.com/D_618486-MLV80656283632_112024-O.webp,MASS1553
MASS1347,Juegos Dados Anton Tools 46 Piezas Con Rache,https://http2.mlstatic.com/D_869903-MLV82887670845_032025-O.webp,MASS1347
28146673-697808,Difusor De Alcohol Y Esencia Recargable 600ml Desinfectante - Color: Verde,http://http2.mlstatic.com/D_671459-MLV80922458051_112024-O.webp,MASS1208
MASS1014,Maquina De Afeitar Kemei De Cable Cabello Barba Kit Barbero - Color: Negro y Plateado,http://http2.mlstatic.com/D_989936-MLV80918624485_112024-O.webp,MASS1014
27767163-793529,Lampara Proyector De Estrellas Rotativa 360 Grados - Color de la estructura: Azul - Color de la pantalla: Negro,http://http2.mlstatic.com/D_988881-MLV79544081765_092024-O.webp,MASS1443
27767163-793531,Lampara Proyector De Estrellas Rotativa 360 Grados - Color de la estructura: Violeta - Color de la pantalla: Negro,http://http2.mlstatic.com/D_709707-MLV79544261409_092024-O.webp,MASS1445
MASS1443,Lampara Proyector De Estrellas Rotativa 360 Grados - Color de la estructura: Negro - Color de la pantalla: Negro,http://http2.mlstatic.com/D_604002-MLV79544272771_092024-O.webp,MASS1443
27767163-708699,Lampara Proyector De Estrellas Rotativa 360 Grados - Color de la estructura: Rosa chicle - Color de la pantalla: NA,http://http2.mlstatic.com/D_736699-MLV79544072821_092024-O.webp,MASS0920
MASS0776,Control Remoto Para Roku Tv Smart Inteligente Tcl Roku Tv In,https://http2.mlstatic.com/D_816536-MLV80919521361_112024-O.webp,MASS0776
MASS1230,Tensiometro Digital Electronico Usb Tensiometro De Brazo,https://http2.mlstatic.com/D_668474-MLV80648588966_112024-O.jpg,MASS1230
MASS0290,Celulas Madres Hidratacion Original 1000ml Bellafemme,https://http2.mlstatic.com/D_769508-MLV46768010881_072021-O.webp,MASS0290
11682836-675010,Vibrador Con Bolas Anales  Masaje Prostata Silicon Punto G - Color: Negro,http://http2.mlstatic.com/D_651325-MLV80923098635_112024-O.webp,MASS0606
28736416-803795,Funda Forro Texturizado Vibratorio De Aspecto Atractivo - Color: Transparente,http://http2.mlstatic.com/D_602935-MLV76831646448_062024-O.webp,MASS1734
MASS2441,Consolador Realistico De Gelatina Grande 9 Pulgadas - Color: Rosado,http://http2.mlstatic.com/D_801148-MLV108728657612_032026-O.webp,MASS2441
MASS2440,Consolador Realistico De Gelatina Grande 9 Pulgadas - Color: Morado,http://http2.mlstatic.com/D_636577-MLV108728447864_032026-O.webp,MASS2440
MASS0151,Consolador Realistico De Gelatina Grande 9 Pulgadas - Color: Marrón oscuro,http://http2.mlstatic.com/D_934112-MLV109538775951_032026-O.webp,MASS0151
MASS0150,Consolador Realistico De Gelatina Grande 9 Pulgadas - Color: Negro,http://http2.mlstatic.com/D_893506-MLV109537372347_032026-O.webp,MASS0150
MASS1475,Consolador Realistico De Gelatina Grande 9 Pulgadas - Color: Marrón,http://http2.mlstatic.com/D_839246-MLV109540151313_032026-O.webp,MASS1475
MASS2252,Tapon Anal De Metal Con Forma De Pene Blanco Talla M - Color: Blanco,http://http2.mlstatic.com/D_983966-MLV98744283400_112025-O.webp,MASS2252
MASS2242,Consolador Anal Tigre Largo Dragón 40cm Con Ventosa - Color: Negro,http://http2.mlstatic.com/D_827505-MLV99381311497_112025-O.webp,MASS2242
MASS2189,Shampoo Meidu Cubre Canas 3 En 1 500 Ml Color Coffee - Color: Rojo Vino,http://http2.mlstatic.com/D_783357-MLV94793970536_102025-O.webp,MASS2189
MASS2188,Shampoo Meidu Cubre Canas 3 En 1 500 Ml Color Coffee - Color: Marron,http://http2.mlstatic.com/D_615587-MLV94793532842_102025-O.webp,MASS2188
MASS2187,Shampoo Meidu Cubre Canas 3 En 1 500 Ml Color Coffee - Color: Negro,http://http2.mlstatic.com/D_623479-MLV95226312545_102025-O.webp,MASS2187
MASS2070,Limpiador Para Brochas Maquillaje Esponjas Electrico - Color: Blanco,http://http2.mlstatic.com/D_630106-MLV88107590475_072025-O.webp,MASS2070
MASS2051,Micrófono Portátil Karaoke Bluetooth 4 En 1 Recargable - Color: Naranja oscuro,http://http2.mlstatic.com/D_945373-MLV88046597595_072025-O.webp,MASS2051
MASS2050,Micrófono Portátil Karaoke Bluetooth 4 En 1 Recargable - Color: Plateado,http://http2.mlstatic.com/D_968111-MLV88046905043_072025-O.webp,MASS2050
MASS2049,Micrófono Portátil Karaoke Bluetooth 4 En 1 Recargable - Color: Negro,http://http2.mlstatic.com/D_949146-MLV90889878554_082025-O.webp,MASS2049
28274207-726674,Aundifono Bluetooth 5.0 Inalambrico P9 Apple Android Microsd - Color: Blanco - Color de la luz: Azul,,MASS1308
MASS1783,Memoria Microsd Kingston 64gb 100mb/s Con Adaptador,https://http2.mlstatic.com/D_711178-MLV80658641368_112024-O.webp,MASS1783
MASS0745,Consolador Dildo De Cristal Plug Anal Corazon Juego Sexual  - Color: trasnsparente,http://http2.mlstatic.com/D_975311-MLV80918711523_112024-O.webp,MASS0745
MASS1310,Audifono Bluetooth 5.0 Inalambrico P9 iPhone Android - Color: Rojo - Color de la luz: Azul,,MASS1310
MASS1800,Audifono Inalambrico Recargable M41 Powerbank Gamer Ipx7 - Color: Negro,http://http2.mlstatic.com/D_819799-MLV78414488331_082024-O.webp,MASS1800
MASS1648,Organizador Soporte De Limpieza Escobas Coletos Araganes,https://http2.mlstatic.com/D_639844-MLV80655677258_112024-O.webp,MASS1648
MASS1060,Marcadores Doble Punta Permanente 48 Piezas Diseño Touch,https://http2.mlstatic.com/D_909240-MLV80911905697_112024-O.webp,MASS1060
MASS0941,Audifonos Bluetooth Gamer Inalambricos X15 Tws 5.0 - Color: Negro,http://http2.mlstatic.com/D_634362-MLV54958504802_042023-O.webp,MASS0941
27497332-649053,Cinta Led 2835 Rgb Bluetooth 5 Metros Control Ir Bt App Kit - Color de la luz: RGB,http://http2.mlstatic.com/D_744473-MLV52857241846_122022-O.webp,MASS0828
MASS0741,Lentes Realidad Virtual 3d Vr Box 2.0 Tienda Garantia,https://http2.mlstatic.com/D_627147-MLV80655417302_112024-O.webp,MASS0741
MASS0818,Reloj Inteligente Smartwatch Kd99 Ultra Bluetooth Serie 8 - Color de la malla: Negro,http://http2.mlstatic.com/D_935107-MLV70820954919_082023-O.webp,MASS0818
28751967-807384,Audifono Bluetooth 5.0 Inalambrico P9 iPhone Android - Color: Negro - Color de la luz: Azul,,MASS1307
28751967-807383,Audifono Bluetooth 5.0 Inalambrico P9 iPhone Android - Color: Azul - Color de la luz: Azul,,MASS1309
28751967-807386,Audifono Bluetooth 5.0 Inalambrico P9 iPhone Android - Color: Blanco - Color de la luz: Azul,,MASS1308
MASS0971,Conservador De Hierbas Para Nevera Almacenamiento Envase  - Color: Blanco,http://http2.mlstatic.com/D_842158-MLV80656587762_112024-O.webp,MASS0971
MASS2453,Plancha Cepillo Secador Alisador Raf R.9412-110 - Color: Azul,http://http2.mlstatic.com/D_680206-MLV108248203629_032026-O.webp,MASS2453
MASS2452,Plancha Cepillo Secador Alisador Raf R.9412-110 - Color: Rojo,http://http2.mlstatic.com/D_639326-MLV108249810197_032026-O.webp,MASS2452
MASS2451,Plancha Cepillo Secador Alisador Raf R.9412-110 - Color: Verde,http://http2.mlstatic.com/D_893073-MLV108248381771_032026-O.webp,MASS2451
MASS2389,Plancha Cepillo Secador Alisador Raf R.9412-110 - Color: Negro,http://http2.mlstatic.com/D_697187-MLV107462504942_032026-O.webp,MASS2389
MASS2370,Removedor De Pelusa 5w Recargable Quitapelusas R.4100 Raf - Color: Blanco,http://http2.mlstatic.com/D_792698-MLV104878259917_012026-O.webp,MASS2370
MASS2351,Batidora De Mano Electrica 7 Velocidades 250w Raf R.96633 - Color: Rojo - Frecuencia: 50 hz - 60 hz,http://http2.mlstatic.com/D_870239-MLV104310622450_012026-O.jpg,MASS2351
MASS2315,Serum Facial Ampolla Madagascar Centella Asiatica Skin1004 - Momento de aplicación: Noche - Tipo de piel: Todo tipo de piel,http://http2.mlstatic.com/D_847325-MLV103001203557_122025-O.webp,MASS2315
MASS2225,Escalera De Agilidad Coordinacion Entrenamiento 6 Metros - Color: Amarillo,http://http2.mlstatic.com/D_913252-MLV95362639505_102025-O.webp,MASS2225
MASS2289,Consolador Realista Maiz Texturizado 20 Cm - Color: Azul,http://http2.mlstatic.com/D_776732-MLV99225389367_112025-O.webp,MASS2289
MASS2288,Consolador Realista Maiz Texturizado 20 Cm - Color: Negro,http://http2.mlstatic.com/D_962667-MLV98746912496_112025-O.webp,MASS2288
MASS2247,Consolador Realista Maiz Texturizado 20 Cm - Color: Beige,http://http2.mlstatic.com/D_725037-MLV99225359517_112025-O.webp,MASS2247
MASS2285,Kit Bondage Bdsm Con Amarre Cintura Muslos Cuero - Color: Rojo,http://http2.mlstatic.com/D_873581-MLV99379640139_112025-O.webp,MASS2285
MASS2245,Kit Bondage Bdsm Con Amarre Cintura Muslos Cuero - Color: Negro,http://http2.mlstatic.com/D_818310-MLV99379639475_112025-O.webp,MASS2245
MASS2239,Set 3 Plug Anal Silicon Diamante - Color: Morado,http://http2.mlstatic.com/D_888406-MLV98659737616_112025-O.webp,MASS2239
MASS2238,Set 3 Plug Anal Silicon Diamante - Color: Fucsia,http://http2.mlstatic.com/D_715261-MLV99135540061_112025-O.webp,MASS2238
MASS2237,Set 3 Plug Anal Silicon Diamante - Color: Negro,http://http2.mlstatic.com/D_808925-MLV98659646154_112025-O.webp,MASS2237
MASS2173,Masturbador Femino Con 10 Modos De Vibracion Lilo Animales - Color: Blanco,http://http2.mlstatic.com/D_807741-MLV95210398723_102025-O.webp,MASS2173
MASS2172,Masturbador Femino Con 10 Modos De Vibracion Lilo Animales - Color: Amarillo,http://http2.mlstatic.com/D_687812-MLV94777976894_102025-O.webp,MASS2172
MASS2171,Masturbador Femino Con 10 Modos De Vibracion Lilo Animales - Color: Rosa,http://http2.mlstatic.com/D_747808-MLV95210746171_102025-O.webp,MASS2171
MASS2170,Masturbador Femino Con 10 Modos De Vibracion Lilo Animales - Color: Azul,http://http2.mlstatic.com/D_914862-MLV94776907024_102025-O.webp,MASS2170
MASS2058,Filtro Para Lavaplatos Cocina Tipo Regadera 3 Modos 360o - Acabado: Brillante - Color: Plateado,http://http2.mlstatic.com/D_956676-MLV87766751368_072025-O.webp,MASS2058
MASS1910,Portacepillos Con Esterilizador Y Dispensador De Crema Uv - Color: Blanco,http://http2.mlstatic.com/D_615756-MLV84391758947_052025-O.webp,MASS1910
MASS1898,Cinta Impermeable Oem Genérica 1m X 1m Para Techos,https://http2.mlstatic.com/D_904434-MLV84159453249_042025-O.jpg,MASS1898
MASS1923,Estimulante Sexual Femenino Minilove Sensibilizador Femenino,https://http2.mlstatic.com/D_829724-MLV96063073656_102025-O.webp,MASS1923
MASS1539,Apuntador Laser Puntero Usb Recargable De Alto Alcance,https://http2.mlstatic.com/D_989451-MLV74675426619_022024-O.webp,MASS1539
MASS0122,Cargador Laptop Universal De 12 A 24v Hp Sony Lenovo,https://http2.mlstatic.com/D_782512-MLV84133715562_052025-O.webp,MASS0122
30836221-873292,Portacepillos Con Esterilizador Y Dispensador De Crema Uv - Color: Negro,http://http2.mlstatic.com/D_752982-MLV92502703053_092025-O.webp,MASS2152
MASS1908,Espatula Skin Scrubber Peeling Ultrasónico Inalámbrico,https://http2.mlstatic.com/D_720562-MLV82238149551_022025-O.webp,MASS1908
30834917-873073,Lonchera  Termica Con Compartimiento Para Alimentos - Color: Blanco - Nombre del diseño: ACSONS,,MASS1889
30834917-873072,Lonchera  Termica Con Compartimiento Para Alimentos - Color: Azul - Nombre del diseño: ACSONS,,MASS1887
30834917-873071,Lonchera  Termica Con Compartimiento Para Alimentos - Color: Verde - Nombre del diseño: ACSONS,http://http2.mlstatic.com/D_696640-MLV96729166381_102025-O.webp,MASS1888
30540914-905531,Reloj Inteligente Smartwatch T900 Ultra Ios Android - Color de la caja: Negro - Color de la malla: Blanco - Color del bisel: Plateado,http://http2.mlstatic.com/D_721458-MLV83605725072_042025-O.webp,MASS1817
MASS0830,Masajeador Electroestimulador Muscular Tens 4 Pads Terapia,https://http2.mlstatic.com/D_617805-MLV40520676146_012020-O.webp,MASS0830
28268715-725678,Extensor De Señal 2.4ghz 300mbps Enrutador Amplificador - Color: Blanco,http://http2.mlstatic.com/D_868791-MLV72461145010_102023-O.webp,MASS1301
30659372-860551,Audífonos Inalámbricos Bluetooth Gq09 Tws Recargables - Color: Negro,http://http2.mlstatic.com/D_701893-MLV80365809858_112024-O.webp,MASS1822
MASS1207,Corrector De Espalda Lumbar Descomprimidor De Vertebras,https://http2.mlstatic.com/D_634937-MLV70377026631_072023-O.webp,MASS1207
MASS0176,Convertidor Av2 Hdmi  Monitor Audio Video Full Hd 1080p,https://http2.mlstatic.com/D_737593-MLV46751408480_072021-O.webp,MASS0176
MASS1554,Corrector De Postura Y Espalda Ajustable Inteligente - Talla: Unica,http://http2.mlstatic.com/D_640545-MLV86902487353_062025-O.webp,MASS1554
MASS0251,Kit Bondage Adulto Juego Sexual Amarre Cama Sado Fetiche,https://http2.mlstatic.com/D_690247-MLV80656298410_112024-O.webp,MASS0251
11680763-702964,Vibrador Consolador Estimulador De Clitoris Mujeres Tienda - Color: Negro,http://http2.mlstatic.com/D_908235-MLV70942180910_082023-O.webp,MASS1164
11680763-702963,Vibrador Consolador Estimulador De Clitoris Mujeres Tienda - Color: Fucsia,http://http2.mlstatic.com/D_855529-MLV70977334125_082023-O.webp,MASS1163
MASS0597,Vibrador Consolador Estimulador De Clitoris Mujeres Tienda - Color: Rosado,http://http2.mlstatic.com/D_701772-MLV70977485863_082023-O.webp,MASS0597
MASS1822,Audífonos Inalámbricos Bluetooth Gq09 Tws Recargables - Color: Negro,http://http2.mlstatic.com/D_701893-MLV80365809858_112024-O.jpg,MASS1822
MASS1781,Dildo Consolador Inflable Con Bomba Nuevas Sensaciones - Color: Chocolate,http://http2.mlstatic.com/D_633572-MLV80656297616_112024-O.webp,MASS1781
30540914-856646,Reloj Inteligente Smartwatch T900 Ultra Ios Android - Color de la caja: Negro - Color de la malla: Negro - Color del bisel: Plateado,http://http2.mlstatic.com/D_979378-MLV80327087447_102024-O.webp,MASS1815
30540914-856648,Reloj Inteligente Smartwatch T900 Ultra Ios Android - Color de la caja: Negro - Color de la malla: Gris - Color del bisel: Plateado,http://http2.mlstatic.com/D_725332-MLV83898656737_042025-O.webp,MASS1817
30540914-862277,Reloj Inteligente Smartwatch T900 Ultra Ios Android - Color de la caja: Negro - Color de la malla: Verde oscuro - Color del bisel: Plateado,,MASS1816
MASS1607,Termo Deportivo Plegable Agua Silicon 600 Ml Fitness - Color: Rosa,http://http2.mlstatic.com/D_662490-MLV75526124782_042024-O.webp,MASS1607
MASS1348,Juego De Dados Aiwa 40piezas Tamaño Metrico 1/4 3/8 - Color: Plateado,http://http2.mlstatic.com/D_824820-MLV80918705381_112024-O.webp,MASS1348
MASS1074,Repisa Base Organizadora De Utensilios De Cocina Con Ganchos,https://http2.mlstatic.com/D_945965-MLV100272441000_122025-O.webp,MASS1074
MASS1063,Base Organizador De Baño De 1 Nivel Esquinero Estante Cocina,https://http2.mlstatic.com/D_878573-MLV69948920500_062023-O.webp,MASS1063
27676047-703745,Lapiz Infinito Sin Tinta Y Eterno Con Borrador - Color: Blanco,http://http2.mlstatic.com/D_755323-MLV70836753800_082023-O.webp,MASS0873
27676047-703744,Lapiz Infinito Sin Tinta Y Eterno Con Borrador - Color: Gris,http://http2.mlstatic.com/D_977006-MLV70836903754_082023-O.webp,MASS1122
27676047-703743,Lapiz Infinito Sin Tinta Y Eterno Con Borrador - Color: Negro,http://http2.mlstatic.com/D_977006-MLV70836903754_082023-O.webp,MASS1123
MASS0288,Masajeador Cervical Inteligente Pulso Electrico + 2 Parches - Color: Blanco,http://http2.mlstatic.com/D_823782-MLV80655675564_112024-O.webp,MASS0288
MASS0351,Pizarra Tablero Mágico Magic Pad Brilla Glow Neon,https://http2.mlstatic.com/D_991436-MLV80919559433_112024-O.webp,MASS0351
MASS0292,Pistola De Masaje Recargable Muscular Tejido Profundo Sy-720 - Color: Negro,http://http2.mlstatic.com/D_625116-MLV80911503835_112024-O.webp,MASS0292
MASS0461,Removedor De Puntos Negros Acné Recargable Xn-8030,https://http2.mlstatic.com/D_739042-MLV83707615164_042025-O.webp,MASS0461
11680763-702965,Vibrador Consolador Estimulador De Clitoris Mujeres Tienda - Color: Morado,http://http2.mlstatic.com/D_642508-MLV70942276282_082023-O.webp,MASS0598
MASS1231,Balanza Digital Joyero 500g Oro Portátil - Precisión 0.1g,https://http2.mlstatic.com/D_709684-MLV80654941140_112024-O.webp,MASS1231
23728236-793527,Pistola De Masaje Recargable Muscular Tejido Profundo Sy-720 - Color: Verde,http://http2.mlstatic.com/D_695048-MLV86722555671_062025-O.jpg,MASS0290
21371362-443088,Mousepad Gaming Gamer Xl Usb Rgb Led Pc Alfombrilla Juegos - Color: Negro,http://http2.mlstatic.com/D_702170-MLV73799299465_012024-O.webp,MASS1379
30540914-856647,Reloj Inteligente Smartwatch T900 Ultra Ios Android - Color de la caja: Negro - Color de la malla: Naranja - Color del bisel: Plateado,http://http2.mlstatic.com/D_630831-MLV80071332436_102024-O.webp,MASS2002
23728236-793525,Pistola De Masaje Recargable Muscular Tejido Profundo Sy-720 - Color: Gris,http://http2.mlstatic.com/D_929028-MLV80648365464_112024-O.webp,MASS0291
23728236-793526,Pistola De Masaje Recargable Muscular Tejido Profundo Sy-720 - Color: Rojo,http://http2.mlstatic.com/D_712441-MLV80648132620_112024-O.webp,MASS0289
MASS2255,Extensor De Pene 2 Bola De Metal Simple Medicinal - Color: DOBLE,http://http2.mlstatic.com/D_884479-MLV98739508096_112025-O.webp,MASS2255
MASS2085,Set De 4 Piezas Para Caballero Reloj Pulseras Cuero - Color: Marrón - Diámetro: 4 cm - Largo: 22 cm,http://http2.mlstatic.com/D_606787-MLV97997076213_112025-O.webp,MASS2085
MASS2084,Set De 4 Piezas Para Caballero Reloj Pulseras Cuero - Color: Negro - Diámetro: 4 cm - Largo: 22 cm,http://http2.mlstatic.com/D_905379-MLV97532573138_112025-O.webp,MASS2084
MASS2083,Set De 4 Piezas Para Caballero Reloj Pulseras Cuero - Color: Negro y blanco - Diámetro: 4 cm - Largo: 22 cm,http://http2.mlstatic.com/D_856314-MLV97996028315_112025-O.webp,MASS2083
MASS2032,Lámpara 3d Led Cristal Y Madera 8cm Usb - Color de la estructura: Saturno - Color de la pantalla: 8 cm,http://http2.mlstatic.com/D_813120-MLV91275191373_082025-O.webp,MASS2032
MASS2031,Lámpara 3d Led Cristal Y Madera 8cm Usb - Color de la estructura: Galaxia - Color de la pantalla: 8 cm,http://http2.mlstatic.com/D_945346-MLV91274994475_082025-O.webp,MASS2031
MASS2030,Lámpara 3d Led Cristal Y Madera 8cm Usb - Color de la estructura: Sistema Solar - Color de la pantalla: 8 cm,http://http2.mlstatic.com/D_606291-MLV87706468244_072025-O.webp,MASS2030
MASS2029,Lámpara 3d Led Cristal Y Madera 8cm Usb - Color de la estructura: Luna - Color de la pantalla: 8 cm,http://http2.mlstatic.com/D_793293-MLV88040316667_072025-O.webp,MASS2029
31214066-910874,Baby Doll De Encaje Con Malla Bata Dama Lencería - Color: Negro - Diseño de la tela: Lisa - Talla: M,http://http2.mlstatic.com/D_773993-MLV84432484519_052025-O.webp,MASS1926
31214066-910875,Baby Doll De Encaje Con Malla Bata Dama Lencería - Color: Rojo - Diseño de la tela: Lisa - Talla: M,http://http2.mlstatic.com/D_970872-MLV84136458634_052025-O.webp,MASS1928
31214066-911170,Baby Doll De Encaje Con Malla Bata Dama Lencería - Color: Rojo - Diseño de la tela: Lisa - Talla: L,http://http2.mlstatic.com/D_970872-MLV84136458634_052025-O.jpg,MASS1928
31214066-911169,Baby Doll De Encaje Con Malla Bata Dama Lencería - Color: Negro - Diseño de la tela: Lisa - Talla: L,http://http2.mlstatic.com/D_773993-MLV84432484519_052025-O.jpg,MASS1926
31214066-910876,Baby Doll De Encaje Con Malla Bata Dama Lencería - Color: Violeta oscuro - Diseño de la tela: Lisa - Talla: M,,MASS1927
31214066-911171,Baby Doll De Encaje Con Malla Bata Dama Lencería - Color: Violeta oscuro - Diseño de la tela: Lisa - Talla: L,,MASS1927
28161319-700395,Filtro Purificador De Agua De Ceramica Para Lavaplatos Llave - Color: Blanco,http://http2.mlstatic.com/D_647779-MLV70680448877_072023-O.webp,MASS1299
28747705-806311,Papel Tapiz Vinil Rollo Decorativo Marmol Variedad Colores - Color: BD721,http://http2.mlstatic.com/D_655998-MLV91420509058_092025-O.webp,MASS1749
28747705-806310,Papel Tapiz Vinil Rollo Decorativo Marmol Variedad Colores - Color: BD861,,MASS1748
28747705-806306,Papel Tapiz Vinil Rollo Decorativo Marmol Variedad Colores - Color: BD691,http://http2.mlstatic.com/D_730424-MLV77011340752_062024-O.webp,MASS1744
28075730-693952,Repisa De Vidrio Para Tv De Pared Elegante Televisor Led Lcd - Color: Negro,http://http2.mlstatic.com/D_981782-MLV70107612807_062023-O.webp,MASS0462
28584691-786124,Correa Strap Reloj Inteligente Xiaomi Amazfit Band 5 Oficial - Color: Negro,http://http2.mlstatic.com/D_939863-MLV74356522596_022024-O.webp,MASS1515
15545597-328569,Repisa Para Tv Q-08  - Color: Negro,http://http2.mlstatic.com/D_981782-MLV70107612807_062023-O.webp,MASS0462
27128481-631455,Bombillo Inteligente Bluetooth Led Alexa Googlehome 10w Rgb - Color de la luz: Multicolor,http://http2.mlstatic.com/D_880035-MLV51743273060_092022-O.webp,MASS0082
24707356-534306,Secador De Cabello Remlngton Re-2008 3000w Profesional - Color: Negro,http://http2.mlstatic.com/D_765292-MLV51918993136_102022-O.webp,MASS0494
MASS0821,Humificador Difusor De Aroma Aceites Esenciales + 1 Esencia - Color: Blanco,http://http2.mlstatic.com/D_681399-MLV79818173740_102024-O.jpg,MASS0821
29670475-850315,Humidificador Difusor De Aroma Aceites Esenciales + 1esencia - Color: Madera Oscura,http://http2.mlstatic.com/D_739379-MLV80070643873_102024-O.webp,MASS0823
MASS1500,Maquina De Afeitar Trasparente Recargable Lt-808 Barbero  - Color: Blanco,http://http2.mlstatic.com/D_898009-MLV74629406383_022024-O.webp,MASS1500
MASS1501,Maquina De Afeitar Trasparente Recargable Lt-808 Barbero  - Color: Verde claro,http://http2.mlstatic.com/D_792208-MLV74504102422_022024-O.webp,MASS1501
MASS1499,Maquina De Afeitar Trasparente Recargable Lt-808 Barbero  - Color: Negro,http://http2.mlstatic.com/D_618382-MLV80919601321_112024-O.webp,MASS1499
MASS1502,Maquina De Afeitar Trasparente Recargable Lt-808 Barbero  - Color: Celeste,http://http2.mlstatic.com/D_937868-MLV74504567736_022024-O.webp,MASS1502
MASS1353,Mouse Optico Gamer K-snake Q7 Led 7 Botones Usb  - Color: Negro,http://http2.mlstatic.com/D_784236-MLV80659188012_112024-O.webp,MASS1353
28017373-681557,Batidora De Mano Recargable Portatil Reposteria Potente  - Color: Blanco,http://http2.mlstatic.com/D_776604-MLV78297983051_082024-O.webp,MASS1031
28007977-680661,Reloj Despertador Led Con Alarma Tipo Espejo Termometro  - Color: Blanco,http://http2.mlstatic.com/D_969322-MLV69265352167_052023-O.webp,MASS0998
MASS1547,Microfono Inalambrico K8 Balita iPhone Usb C Lightning  - Color: Negro,http://http2.mlstatic.com/D_735361-MLV69082077085_042023-O.webp,MASS1547
26050824-639822,Pendrive Kingston 64 Gb Data Traveler Exodia Usb 3.2 - Color: Blanco - Nombre del diseño: exodia,http://http2.mlstatic.com/D_750016-MLV49293397755_032022-O.webp,MASS0346
MASS0082,Bombillo Inteligente Wifi Led Alexa Google Home Multicolor  - Color de la luz: Multicolor,http://http2.mlstatic.com/D_955049-MLV80918946575_112024-O.webp,MASS0082
19768479-410734,Kit Cargador iPhone 12 Cable Usb 20w iPhone Original Sellado - Color: Blanco,http://http2.mlstatic.com/D_876806-MLV75179407713_032024-O.webp,MASS0246
28692683-798508,Funda De Dedos Estimuladora Punto G Con Bala Vibratoria - Color: Gris,http://http2.mlstatic.com/D_605360-MLV96272985360_102025-O.webp,MASS1712
11582513-623594,Reloj Inteligente Smartwatch Deportivo T500  Android Ios - Color de la caja: Blanco - Color del bisel: Verde,,MASS0866
MASS0440,Reloj Inteligente Smartwatch Deportivo T500  Android Ios - Color de la caja: Blanco - Color del bisel: Rosado,,MASS0440
11582513-623592,Reloj Inteligente Smartwatch Deportivo T500  Android Ios - Color de la caja: Blanco - Color del bisel: Azul marino,,MASS0866
1551812-701196,Reloj Inteligente Smartwatch Led Bluetooth Samsung iPhone - Color de la malla: Rosado,http://http2.mlstatic.com/D_638147-MLV70821836355_082023-O.webp,MASS0440
MASS0439,Reloj Inteligente Smartwatch Led Bluetooth Samsung iPhone - Color de la malla: Blanco,http://http2.mlstatic.com/D_858035-MLV80654942628_112024-O.webp,MASS0439
MASS0438,Reloj Inteligente Smartwatch Led Bluetooth Samsung iPhone - Color de la malla: Negro,,MASS0438
1551812-701197,Reloj Inteligente Smartwatch Led Bluetooth Samsung iPhone - Color de la malla: Azul,http://http2.mlstatic.com/D_962132-MLV70790015426_082023-O.webp,MASS0441
MASS0407,Rabbit Vibrador Consolador Punto G 2 Motores 10 Velocidades - Fucsia,https://i.postimg.cc/25J8HB1V/Captura-de-pantalla-2026-08-03-095313.png,MASS0407
MASS0406,Rabbit Vibrador Consolador Punto G 2 Motores 10 Velocidades - Morado,https://i.postimg.cc/25J8HB1V/Captura-de-pantalla-2026-08-03-095313.png,MASS0406
MASS2739,Esencias Aromaticas Aceites Humidificador Set X6 Rhjy,https://i.postimg.cc/ZCYFpDV2/Captura-de-pantalla-2026-07-29-130009.png,MASS2739
MASS2706,Bandeja Para Helado En Rollo Maquina Manual Con Espatulas,https://i.postimg.cc/xcQLYpwy/Captura-de-pantalla-2026-07-29-121439.png,MASS2706
MASS2319,Kit De Eliminación De Verrugas Acné Indoloro,https://http2.mlstatic.com/D_790011-MLV104660533209_012026-O.webp,MASS2319
MASS2316,Retinol Crema De Ojos Con Retinol Serum Antiarrugas 30ml - Momento de aplicación: Día/Noche - Tipo de piel: Todo tipo de piel,http://http2.mlstatic.com/D_723475-MLV104567111997_012026-O.webp,MASS2316
MASS2249,Funda Anillo Para Pene Texturizada Con Vibrador Hombres - Color: Negro,http://http2.mlstatic.com/D_756964-MLV99224981443_112025-O.webp,MASS2249
MASS0890,Dispensador Elegante De Agua Para Botellon Usb Recargable - Color: Negro,http://http2.mlstatic.com/D_884889-MLV97637270324_112025-O.webp,MASS0890
MASS2149,Zapatera Organizador Almacenamiento De Zapatos 8 Pares - Color: Blanco,http://http2.mlstatic.com/D_712624-MLV96627254415_102025-O.webp,MASS2149
MASS1203,Ligas De Resistencia 3 Niveles Set De 3 Tela Gym Fitness,https://http2.mlstatic.com/D_860525-MLV70438128616_072023-O.webp,MASS1203
28274207-726672,Aundifono Bluetooth 5.0 Inalambrico P9 Apple Android Microsd - Color: Azul - Color de la luz: Azul,,MASS1309
28274207-726673,Aundifono Bluetooth 5.0 Inalambrico P9 Apple Android Microsd - Color: Rosa - Color de la luz: Azul,,MASS1310
MASS1452,Compresa Frio/calor Para Dolor De Cabeza Y Migrañas Mascara,https://http2.mlstatic.com/D_913010-MLV73280933038_122023-O.webp,MASS1452
MASS1294,Barra Magnetica Porta Cuchillos 50cm Utensilios De Cocina,https://http2.mlstatic.com/D_947054-MLV70766159090_072023-O.webp,MASS1294
28692623-798547,Masturbador Masculino Realista Snail Cup  Ano Boca Vagina - Color: Amarillo - Tipo de orificio: Boca,http://http2.mlstatic.com/D_694369-MLV80919603259_112024-O.webp,MASS1693
28692623-798546,Masturbador Masculino Realista Snail Cup  Ano Boca Vagina - Color: Gris - Tipo de orificio: Ano,http://http2.mlstatic.com/D_980509-MLV76107783698_052024-O.webp,MASS1692
MASS1691,Masturbador Masculino Realista Snail Cup  Ano Boca Vagina - Color: Gris oscuro - Tipo de orificio: Vagina,http://http2.mlstatic.com/D_676598-MLV76292705313_052024-O.webp,MASS1691
27959141-677364,Masajeador Levanta Gluteo Electrico Realza Y Tonifica  - Color: Negro,http://http2.mlstatic.com/D_628879-MLV54964384488_042023-O.webp,MASS0944
MASS1761,Lubricante Sexual Femenino Sensacion Frio Caliente Hormigueo - Sabor: Neutro - Sensacion: Caliente,,MASS1761
27570697-736594,Vibrador Masajeador Estimulador De Clitoris Varita Mágica - Color: Dorado,http://http2.mlstatic.com/D_917341-MLV73719614026_012024-O.jpg,MASS1480
27570697-736592,Vibrador Masajeador Estimulador De Clitoris Varita Mágica - Color: Violeta,http://http2.mlstatic.com/D_945811-MLV73719554188_012024-O.jpg,MASS1481
11520654-252211,Mouse Gamer Tinji Tj-8 Optico 1600 Dpi Usb Led 6 Botones  - Color: Negro,,MASS0870
1551773-806803,Vibrador Masajeador Estimulador De Clitoris Varita Mágica - Color: Violeta oscuro,http://http2.mlstatic.com/D_630807-MLV77321464747_062024-O.jpg,MASS1481
1551773-806802,Vibrador Masajeador Estimulador De Clitoris Mágica - Color: Blanco,http://http2.mlstatic.com/D_761156-MLV77321475125_062024-O.webp,MASS1482
MASS1663,Zapatera Organizador Almacenamiento De Zapatos 8 Pares - Color: Negro,http://http2.mlstatic.com/D_738279-MLV80655675084_112024-O.webp,MASS1663
MASS1497,Juguete Sensorial Push Pop Antiestres Pop It  Niños Niñas - Color: Beige,http://http2.mlstatic.com/D_779566-MLV80919557629_112024-O.webp,MASS1497
MASS1671,Kit De Manicura En Acero Inoxidable Corta Uñas 18 Piezas,https://http2.mlstatic.com/D_864379-MLV80919596057_112024-O.webp,MASS1671
28148683-699121,Humificador Difusor De Esencias Aceites Esenciales Usb 280ml - Color: Blanco,http://http2.mlstatic.com/D_792589-MLV70485918773_072023-O.webp,MASS1210
MASS1059,Marcadores Doble Punta 36 Piezas Permanente De Diseño Touch,https://http2.mlstatic.com/D_885779-MLV69655982679_052023-O.webp,MASS1059
MASS1213,Limpiador De Vaso A Presión Automatico Para Lavaplatos Taza,https://http2.mlstatic.com/D_784159-MLV69391302747_052023-O.webp,MASS1213
MASS0919,Removedor De Callos Recargable Portatil Pedicure Pie Potente,https://http2.mlstatic.com/D_716106-MLV80655600868_112024-O.webp,MASS0919
MASS0703,Crema Para Aumento Levantamiento De Senos Pechos Reafirmante,https://http2.mlstatic.com/D_791395-MLV80656607024_112024-O.webp,MASS0703
MASS0364,Adaptador Rca A Hdmi Convertidor Mini De Video Hd 720p 1080p,https://http2.mlstatic.com/D_760958-MLV52989355937_122022-O.webp,MASS0364
22244643-458625,Plancha De Cabello Remiltong Re-2082 45w Fashion Design New - Color: Rojo,http://http2.mlstatic.com/D_893971-MLV52663039509_112022-O.webp,MASS0358
11519633-293014,Mini Teclado Inalambrico Bluetooth Portátil Tv Pc Keyboard - Color del teclado: Negro - Idioma: Español Latinoamérica,http://http2.mlstatic.com/D_801149-MLV80659635272_112024-O.webp,MASS1349
MASS0146,Conector Plug Hembra 12v Dc + Camaras De Seguridad Pack 10,,MASS0146
28692731-798513,Lubricante Sexual Femenino Sensacion Frio Caliente Hormigueo - Sabor: Neutro - Sensacion: Frio,,MASS1711
27570697-793150,Vibrador Masajeador Estimulador De Clitoris Varita Mágica - Color: Fucsia,http://http2.mlstatic.com/D_705742-MLV75440547638_042024-O.webp,27570697-793150
MASS2166,Cinta Decorativa Autoadhesiva Plateada 4cm X 50m - Color: Plateado,http://http2.mlstatic.com/D_834510-MLV97652038920_112025-O.webp,MASS2166
MASS1204,Ligas De Resistencia 3 Niveles Set X3 Tela Gym Fitness,https://http2.mlstatic.com/D_734079-MLV70438044564_072023-O.webp,MASS1204
MASS1649,Cerrador De Puertas Automatico Con Sensor Sin Perforar 500 G,https://http2.mlstatic.com/D_992454-MLV80656279670_112024-O.webp,MASS1649
MASS0237,Humidficador Difusor De Aroma Usb 150ml + 1 Esencia Obsequio - Color: Blanco,http://http2.mlstatic.com/D_691587-MLV79829510316_102024-O.webp,MASS0237
MASS2583,Kit Primeros Auxilios Bolso Portatil 32 Piezas,https://http2.mlstatic.com/D_817815-MLV109857232638_042026-O.webp,MASS2583
MASS0588,Vibrador Masajeador Estimulador De Clitoris Mágica - Color: Rosa,http://http2.mlstatic.com/D_824396-MLV109530914079_032026-O.webp,MASS0588
MASS0586,Vibrador Masajeador Estimulador De Clitoris Mágica - Color: Violeta oscuro,http://http2.mlstatic.com/D_630807-MLV77321464747_062024-O.webp,MASS0586
MASS2404,Vinilo Oem Esmerilado 60cm X 5m Para Vidrio - Color: HYTK1001 BLANCO,http://http2.mlstatic.com/D_722656-MLV104021623456_012026-O.webp,MASS2404
MASS2403,Vinilo Oem Esmerilado 60cm X 5m Para Vidrio - Color: HYTK1002 TRASPARENTE,http://http2.mlstatic.com/D_682216-MLV104561716593_012026-O.webp,MASS2403
MASS2402,Vinilo Oem Esmerilado 60cm X 5m Para Vidrio - Color: HYTK2010,http://http2.mlstatic.com/D_887247-MLV104563770235_012026-O.webp,MASS2402
MASS2401,Vinilo Oem Esmerilado 60cm X 5m Para Vidrio - Color: HYTK2029,http://http2.mlstatic.com/D_876906-MLV104021622642_012026-O.webp,MASS2401
MASS2254,Extensor De Pene 1  Bola De Metal Simple Medicinal - Color: Simple,http://http2.mlstatic.com/D_829640-MLV98953036823_112025-O.webp,MASS2254
MASS2251,Tapon Anal De Metal Con Forma De Pene Negro Talla S - Color: Negro,http://http2.mlstatic.com/D_917406-MLV98740689762_112025-O.webp,MASS2251
MASS2175,Plug Anal Cola De Perro Silicona Unisex - Color: Transparente,,MASS2175
MASS2174,Plug Anal Cola De Perro Silicona Unisex - Color: Negro,http://http2.mlstatic.com/D_769377-MLV94779180284_102025-O.webp,MASS2174
MASS2206,Corrector De Postura Ajustable Espalda Faja Hombre Mujer - Talla: XXL,http://http2.mlstatic.com/D_614376-MLV91284412579_082025-O.webp,MASS2206
MASS2205,Corrector De Postura Ajustable Espalda Faja Hombre Mujer - Talla: XL,http://http2.mlstatic.com/D_614376-MLV91284412579_082025-O.webp,MASS2205
MASS2204,Corrector De Postura Ajustable Espalda Faja Hombre Mujer - Talla: L,http://http2.mlstatic.com/D_614376-MLV91284412579_082025-O.webp,MASS2204
MASS2203,Corrector De Postura Ajustable Espalda Faja Hombre Mujer - Talla: M,http://http2.mlstatic.com/D_614376-MLV91284412579_082025-O.webp,MASS2203
MASS2066,Corrector De Postura Ajustable Espalda Faja Hombre Mujer - Talla: S,http://http2.mlstatic.com/D_614376-MLV91284412579_082025-O.webp,MASS2066
MASS2028,Lámpara 3d Led Usb Vidrio Base Madera 6cm Esfera - Color de la estructura: Saturno - Color de la pantalla: 6 cm,http://http2.mlstatic.com/D_733836-MLV90884607228_082025-O.webp,MASS2028
MASS2027,Lámpara 3d Led Usb Vidrio Base Madera 6cm Esfera - Color de la estructura: Galaxia - Color de la pantalla: 6 cm,http://http2.mlstatic.com/D_938970-MLV91275347695_082025-O.webp,MASS2027
MASS2026,Lámpara 3d Led Usb Vidrio Base Madera 6cm Esfera - Color de la estructura: Sistema Solar - Color de la pantalla: 6 cm,http://http2.mlstatic.com/D_931571-MLV88038792635_072025-O.webp,MASS2026
MASS2025,Lámpara 3d Led Usb Vidrio Base Madera 6cm Esfera - Color de la estructura: Luna - Color de la pantalla: 6 cm,http://http2.mlstatic.com/D_709792-MLV91275078949_082025-O.webp,MASS2025
MASS0173,Convertidor De Video De  Hdmi A Vga Pc Tv Laptop Ps3 Tienda,https://http2.mlstatic.com/D_854347-MLV85397766382_062025-O.webp,MASS0173
11520469-560681,Transformador Adaptador 12v 1a - Cámaras De Seguridad Pack 3 - Color: Negro,http://http2.mlstatic.com/D_843153-MLV80918711305_112024-O.webp,MASS0574
30840258-908040,Lubricante Anal Mr O 200 Ml Super Soluble - Sabor: Lubricante,http://http2.mlstatic.com/D_977389-MLV83910423090_042025-O.webp,MASS1929
28588068-786463,Masajeador De Pies  Ems Electroestimulador Alivia Dolor - Color: Negro,http://http2.mlstatic.com/D_764982-MLV74397822210_022024-O.webp,MASS1496
30994610-899556,Removedor Quita Pelusa Usb Recargable - Color: Blanco,http://http2.mlstatic.com/D_859560-MLV83268808933_032025-O.webp,MASS1975
27767384-699565,Termo Deportivo Plegable Agua Silicon 500 Ml Fitness - Color: Variado,http://http2.mlstatic.com/D_668791-MLV54450503233_032023-O.webp,MASS0909
MASS1804,Zapatera Organizador De Zapatos 4 Niveles Plegable 8 Pares - Color: Negro,http://http2.mlstatic.com/D_659011-MLV78212831262_082024-O.webp,MASS1804
28821299-816227,Zapatera Organizador De Zapatos 4 Niveles Plegable 8 Pares - Color: Negro,http://http2.mlstatic.com/D_659011-MLV78212831262_082024-O.webp,MASS1804
MASS0105,Cable Pci 24 Pines Para Fuentes De Poder,https://http2.mlstatic.com/D_774230-MLV47543434839_092021-O.webp,MASS0105
29670605-850911,Humidficador Difusor De Aroma Usb 150ml + 1 Esencia Obsequio - Color: Madera Oscura,http://http2.mlstatic.com/D_797407-MLV79829521916_102024-O.webp,MASS0238
MASS1726,Lubricante Anal Tipo Tubo Jeringa Comodo Practico Reusable - Sabor: Neutro,http://http2.mlstatic.com/D_803484-MLV76313387895_052024-O.webp,MASS1726
MASS1667,Base Para Router Estante Soporte Sin Perforaciones Hogar,https://http2.mlstatic.com/D_848053-MLV86583320512_062025-O.webp,MASS1667
28595018-813717,Vaso Termico Acero Inoxidable 600 Ml Tapa Hermetica Viajero - Color: Verde claro - Nombre del diseño: Liso,http://http2.mlstatic.com/D_970775-MLV80919520589_112024-O.webp,MASS1596
28596300-793675,Termo Deportivo Plegable Agua Silicon 600 Ml Fitness - Color: Azul claro,http://http2.mlstatic.com/D_796573-MLV75684832533_042024-O.webp,MASS1606
MASS1531,Termo Deportivo Plegable Agua Silicon 600 Ml Fitness - Color: Gris oscuro,http://http2.mlstatic.com/D_901183-MLV75488785236_042024-O.webp,MASS1531
MASS1605,Termo Deportivo Plegable Agua Silicon 600 Ml Fitness - Color: Verde claro,http://http2.mlstatic.com/D_962426-MLV74654495059_022024-O.webp,MASS1605
28595018-786928,Vaso Termico Acero Inoxidable 600 Ml Tapa Hermetica Viajero - Color: Blanco - Nombre del diseño: Liso,http://http2.mlstatic.com/D_832681-MLV80919422557_112024-O.webp,MASS1593
28595018-793396,Vaso Termico Acero Inoxidable 600 Ml Tapa Hermetica Viajero - Color: Negro - Nombre del diseño: Liso,http://http2.mlstatic.com/D_674817-MLV80919422483_112024-O.webp,MASS1521
28595018-793397,Vaso Termico Acero Inoxidable 600 Ml Tapa Hermetica Viajero - Color: Azul - Nombre del diseño: Liso,http://http2.mlstatic.com/D_758761-MLV75488004108_042024-O.webp,MASS1594
MASS1595,Vaso Termico Acero Inoxidable 600 Ml Tapa Hermetica Viajero - Color: Rojo - Nombre del diseño: Liso,http://http2.mlstatic.com/D_939686-MLV80919520403_112024-O.webp,MASS1595
MASS1523,Base Gancho De Soporte Pared Para Bicicletas Suspension  - Color: Negro,http://http2.mlstatic.com/D_827910-MLV74631473273_022024-O.webp,MASS1523
MASS1315,Audifonos Inalambricos Bluetooth 5.3 M90 Pro Tws Recargables - Color: Negro - Color de la luz: RGB,http://http2.mlstatic.com/D_884636-MLV70650149937_072023-O.webp,MASS1315
23490202-645745,Corneta Portatil 113 Usb Bluetooth Wireless Speaker  - Color: Verde,,MASS0184
23490202-654129,Corneta Portatil 113 Usb Bluetooth Wireless Speaker  - Color: Gris,,MASS0183
MASS1225,Corneta Portatil 113 Usb Bluetooth Wireless Speaker  - Color: Naranja,,MASS1225
MASS0180,Corneta Portatil 113 Usb Bluetooth Wireless Speaker  - Color: Azul,,MASS0180
MASS0181,Corneta Portatil 113 Usb Bluetooth Wireless Speaker  - Color: Rojo,,MASS0181
MASS0182,Corneta Portatil 113 Usb Bluetooth Wireless Speaker  - Color: Negro,,MASS0182
MASS0101,Cable Hdmi A Hdmi 5 Metros Full Hd 1080p 3d Ps3 Xbox Ps4,,MASS0101
11520821-786867,Rabbit Vibrador Consolador Punto G Pene 10 Velocidades Sex - Color: Negro,http://http2.mlstatic.com/D_732719-MLV74572161639_022024-O.webp,MASS0404
11520821-786866,Rabbit Vibrador Consolador Punto G Pene 10 Velocidades Sex - Color: Fucsia,http://http2.mlstatic.com/D_988551-MLV74572368171_022024-O.webp,MASS0402
11520821-786865,Rabbit Vibrador Consolador Punto G Pene 10 Velocidades Sex - Color: Amarillo,http://http2.mlstatic.com/D_801305-MLV74572328731_022024-O.webp,MASS0403
11520821-786864,Rabbit Vibrador Consolador Punto G Pene 10 Velocidades Sex - Color: Violeta oscuro,http://http2.mlstatic.com/D_811327-MLV74572191293_022024-O.webp,MASS0405
11520761-264320,Lampara Led Panel 24w Redonda Luz Blanca Techo Empotrar - Color de la estructura: Blanco,,MASS0261
MASS0249,Kit Cinta Led 5050 Rollo 5m Multicolor Control Transformador,https://http2.mlstatic.com/D_635423-MLV80919515361_112024-O.webp,MASS0249
24004790-701212,Vibrador Consolador Jelly Silicona Multivelocidad Realista - Color: Negro,http://http2.mlstatic.com/D_757151-MLV70823511789_082023-O.webp,MASS1084
24004790-701211,Vibrador Consolador Jelly Silicona Multivelocidad Realista - Color: Azul,http://http2.mlstatic.com/D_858783-MLV70791444388_082023-O.webp,24004790-701211
25829089-558637,Minicámara De Seguridad Vigilancia Inalámbrica Espía  - Color: Negro,http://http2.mlstatic.com/D_947716-MLV80918399775_112024-O.webp,MASS0634
24004790-733614,Vibrador Consolador Jelly Silicona Multivelocidad Realista - Color: Rosa,http://http2.mlstatic.com/D_652947-MLV73419295605_122023-O.webp,MASS1085
24004790-701209,Vibrador Consolador Jelly Silicona Multivelocidad Realista - Color: Rosado,http://http2.mlstatic.com/D_855856-MLV70822972007_082023-O.webp,MASS0602
24004790-701210,Vibrador Consolador Jelly Silicona Multivelocidad Realista - Color: Morado,http://http2.mlstatic.com/D_642072-MLV70822863721_082023-O.webp,MASS0601
MASS2610,Modulo Decodificador Bluetooth Mp3 Usb Sd Card Fm Cuadrado,https://i.postimg.cc/j2HRTXXb/Captura-de-pantalla-2026-06-26-161501.png,MASS2610
MASS2165,Cinta Decorativa Autoadhesiva Plateada 3cm X 50m - Color: Plateado,http://http2.mlstatic.com/D_746549-MLV97651609476_112025-O.webp,MASS2165
MASS1271,Audifono Inalambrico Bluetooth Cancelacion De Ruido Air 31 - Color: Rosa,http://http2.mlstatic.com/D_665134-MLV75530957984_042024-O.webp,MASS1271
MASS1270,Audifono Inalambrico Bluetooth Cancelacion De Ruido Air 31 - Color: Azul,http://http2.mlstatic.com/D_665645-MLV77998769709_072024-O.webp,MASS1270
MASS1760,Consolador Anal Dildo Estimulador Jelly Con Base Chupon - Color: Negro,http://http2.mlstatic.com/D_934618-MLV76809718494_062024-O.webp,MASS1760
MASS0961,Crema Depiladora De Zonas Intimas Piernas Y Cuerpo Completo  - Color: Rosa,http://http2.mlstatic.com/D_655616-MLV54967034356_042023-O.webp,MASS0961
11519630-631574,Audífono Bluetooth Hbq I7 Manos Libres AirPods Wireless 2 - Color: Negro - Color de la luz: Azul y rojo,,MASS1458
28692675-798540,Consolador Anal Dildo Estimulador Jelly Con Base Chupon - Color: Azul,http://http2.mlstatic.com/D_866782-MLV76809748070_062024-O.webp,MASS1760
MASS0274,Maquina Afeitar Patillera T9 Vintage Profesional Recargable  - Color: Bronce,http://http2.mlstatic.com/D_696262-MLV79991180459_102024-O.jpg,MASS0274
MASS2783,Plug Anal Metálico Cola Zorra Zorro Larga Acero Inoxidable - Negro con Blanco,https://i.postimg.cc/L865CS8B/Captura-de-pantalla-2026-07-31-135844.png,MASS2783
MASS2720,Guantes Para Gimnasio Fitness Pesas Antidezlizantes Crossfit - Rosado - Talla L,https://i.postimg.cc/SJVY4SL6/Captura-de-pantalla-2026-07-29-124730.png,MASS2720
MASS2719,Guantes Para Gimnasio Fitness Pesas Antidezlizantes Crossfit - Rosado - Talla M,https://i.postimg.cc/SJVY4SL6/Captura-de-pantalla-2026-07-29-124730.png,MASS2719
MASS2718,Guantes Para Gimnasio Fitness Pesas Antidezlizantes Crossfit - Rosado - Talla S,https://i.postimg.cc/SJVY4SL6/Captura-de-pantalla-2026-07-29-124730.png,MASS2718
MASS2717,Guantes Para Gimnasio Fitness Pesas Antidezlizantes Crossfit - Gris - Talla L,https://i.postimg.cc/dLJZgkCR/Captura-de-pantalla-2026-07-29-124706.png,MASS2717
MASS2716,Guantes Para Gimnasio Fitness Pesas Antidezlizantes Crossfit - Gris - Talla M,https://i.postimg.cc/dLJZgkCR/Captura-de-pantalla-2026-07-29-124706.png,MASS2716
MASS2715,Guantes Para Gimnasio Fitness Pesas Antidezlizantes Crossfit - Gris - Talla S,https://i.postimg.cc/dLJZgkCR/Captura-de-pantalla-2026-07-29-124706.png,MASS2715
MASS2714,Guantes Para Gimnasio Fitness Pesas Antidezlizantes Crossfit - Negro - Talla L,https://i.postimg.cc/d7gTf5Rw/Captura-de-pantalla-2026-07-29-124621.png,MASS2714
MASS2713,Guantes Para Gimnasio Fitness Pesas Antidezlizantes Crossfit - Negro - Talla M,https://i.postimg.cc/d7gTf5Rw/Captura-de-pantalla-2026-07-29-124621.png,MASS2713
MASS2712,Guantes Para Gimnasio Fitness Pesas Antidezlizantes Crossfit - Negro - Talla S,https://i.postimg.cc/d7gTf5Rw/Captura-de-pantalla-2026-07-29-124621.png,MASS2712
MASS0705,Bolas Iniciadoras Anales Vibratorias Silicona Multifunción  - Color: Rosa,http://http2.mlstatic.com/D_845422-MLV53895826701_022023-O.webp,MASS0705
MASS2380,Maquina De Afeitar Patillera Sin Pantalla Raf 5w R.430 R.429 - Color: R.429,http://http2.mlstatic.com/D_688538-MLV104996582747_012026-O.webp,MASS2380
MASS2379,Maquina De Afeitar Patillera Sin Pantalla Raf 5w R.430 R.429 - Color: R.430,http://http2.mlstatic.com/D_777895-MLV104994734231_012026-O.webp,MASS2379
MASS2317,Serum Facial Antiarrugas Con Vitamina C Niacinamida 30ml - Momento de aplicación: Día/Noche - Tipo de piel: Todo tipo de piel,http://http2.mlstatic.com/D_886590-MLV105410311484_012026-O.webp,MASS2317
MASS2313,Laser Para Terapia Con Pantalla Venas Varicosas - Fragancia: Blanco,http://http2.mlstatic.com/D_821574-MLV102488661910_122025-O.webp,MASS2313
MASS2079,Medidor De Ph Digital Portatil Phmetro Tester - Color: Amarillo,http://http2.mlstatic.com/D_719032-MLV88200366283_072025-O.webp,MASS2079
MASS2184,Ovulos Estrechantes Vaginal Virgin Pack De 10 - Sabor: Estrechante,http://http2.mlstatic.com/D_976287-MLV97518636726_112025-O.webp,MASS2184
MASS2262,Funda Extensora Para Pene 27cm Silicona Reutilizable - Color: Negro,http://http2.mlstatic.com/D_905021-MLV97006546146_112025-O.webp,MASS2262
MASS2180,Funda Extensora Para Pene 27cm Silicona Reutilizable - Color: Carne,http://http2.mlstatic.com/D_716547-MLV97463828187_112025-O.webp,MASS2180
MASS0603,Consolador Doble Jelly Vaginal Y Anal 2 En 1  - Color: Marrón claro,http://http2.mlstatic.com/D_659216-MLV101787986439_122025-O.webp,MASS0603
MASS1172,Consolador Doble Jelly Vaginal Y Anal 2 En 1  - Color: Transparente,,MASS1172
MASS1507,Lenceria Erotica Sexy Malla Bodystocking Modelos Variados - Color: Negro 022 - Talla: UNICA,http://http2.mlstatic.com/D_815177-MLV96503959165_102025-O.webp,MASS1507
1551779-730445,Reloj Inteligente Touch Smartwatch D20 Bluetooh Android - Color de la caja: Rosado - Color de la malla: Rosa - Color del bisel: Plateado - Diseño de la malla: Deportivo,,MASS0423
28747705-953587,Papel Tapiz Vinil Rollo Decorativo Marmol Variedad Colores - Color: BD1137,http://http2.mlstatic.com/D_851001-MLV91819949155_092025-O.webp,MASS2140
28747705-953119,Papel Tapiz Vinil Rollo Decorativo Marmol Variedad Colores - Color: BD1121,http://http2.mlstatic.com/D_737318-MLV91187123434_092025-O.webp,MASS2142
28747705-953120,Papel Tapiz Vinil Rollo Decorativo Marmol Variedad Colores - Color: BD1135,http://http2.mlstatic.com/D_773574-MLV91819968041_092025-O.webp,MASS2141
28312333-907964,Faja Moldeadora Reductora Neopreno Rudo Sport Tipo Tecnomed - Color: Negro - Talla: XXL,http://http2.mlstatic.com/D_916399-MLV86581199430_062025-O.webp,MASS1999
28312333-907963,Faja Moldeadora Reductora Neopreno Rudo Sport Tipo Tecnomed - Color: Negro - Talla: XL,http://http2.mlstatic.com/D_916399-MLV86581199430_062025-O.webp,MASS1998
28312333-907965,Faja Moldeadora Reductora Neopreno Rudo Sport Tipo Tecnomed - Color: Negro - Talla: M,http://http2.mlstatic.com/D_916399-MLV86581199430_062025-O.webp,MASS1996
MASS1358,Faja Moldeadora Reductora Neopreno Rudo Sport Tipo Tecnomed - Color: Negro - Talla: S,http://http2.mlstatic.com/D_916399-MLV86581199430_062025-O.webp,MASS1358
28312333-907962,Faja Moldeadora Reductora Neopreno Rudo Sport Tipo Tecnomed - Color: Negro - Talla: L,http://http2.mlstatic.com/D_916399-MLV86581199430_062025-O.webp,MASS1997
MASS0113,"Cactus Bailarín Canta, Baila Y Repite Lo Que Dices Tik Tok",https://http2.mlstatic.com/D_797095-MLV69950646411_062023-O.webp,MASS0113
11520822-804660,Vibrador Consolador Bala Con Funda De Dragon Masturbacion  - Color: Violeta,http://http2.mlstatic.com/D_946573-MLV77164987481_062024-O.webp,MASS0046
11520822-804659,Vibrador Consolador Bala Con Funda De Dragon Masturbacion  - Color: Rojo,http://http2.mlstatic.com/D_715014-MLV76955267270_062024-O.webp,MASS0049
11520822-804658,Vibrador Consolador Bala Con Funda De Dragon Masturbacion  - Color: Negro,http://http2.mlstatic.com/D_853460-MLV76955267124_062024-O.webp,MASS0048
11520822-804657,Vibrador Consolador Bala Con Funda De Dragon Masturbacion  - Color: Azul,http://http2.mlstatic.com/D_790155-MLV80918945599_112024-O.webp,MASS0050
11520822-804656,Vibrador Consolador Bala Con Funda De Dragon Masturbacion  - Color: Fucsia,http://http2.mlstatic.com/D_868174-MLV76955208074_062024-O.webp,MASS0047
30840325-874705,Antifaz De Gata Cuero Disfraz  Mascara Disfraz Sexy Bdsm - Color: Negro - Talla: Unica,http://http2.mlstatic.com/D_962446-MLV82274036693_022025-O.webp,MASS1955
30844243-874849,Estimulante Sexual Femenino Potenciador De Libido Orgasmo - Sabor: Frutilla,http://http2.mlstatic.com/D_870194-MLV96507836745_102025-O.webp,MASS1922
26577209-662189,Bolas Iniciadoras Anales Vibratorias Silicona Multifunción  - Color: Violeta,http://http2.mlstatic.com/D_795006-MLV53896125047_022023-O.webp,MASS1155
26577209-601985,Bolas Iniciadoras Anales Vibratorias Silicona Multifunción  - Color: Negro,http://http2.mlstatic.com/D_909898-MLV50303200847_062022-O.webp,MASS1156
28072959-691592,Cerradura De Puerta Domo Lock Con Seguro Y Llaves Kit  - Color: Plateado,http://http2.mlstatic.com/D_687599-MLV80659615158_112024-O.webp,MASS1083
30833581-871753,Cortador De Verdura Espiralizador Calabacin Pastas Fideos - Color: Blanco,http://http2.mlstatic.com/D_669584-MLV81905743806_012025-O.webp,MASS1865
MASS0614,Vibrador Consolador Realistico Contra Agua Jelly Flexible - Color: Coral claro,,MASS0614
1551760-617768,Vibrador Consolador Realistico Contra Agua Jelly Flexible - Color: Morado,http://http2.mlstatic.com/D_633462-MLV76929002252_062024-O.webp,MASS0612
MASS0611,Vibrador Consolador Realistico Contra Agua Jelly Flexible - Color: Rosado,http://http2.mlstatic.com/D_618303-MLV77138715143_062024-O.webp,MASS0611
1551760-617766,Vibrador Consolador Realistico Contra Agua Jelly Flexible - Color: Negro,http://http2.mlstatic.com/D_723004-MLV77138675903_062024-O.webp,MASS0613
28747705-806308,Papel Tapiz Vinil Rollo Decorativo Marmol Variedad Colores - Color: BD928,http://http2.mlstatic.com/D_712234-MLV91416657780_092025-O.webp,MASS1746
28747705-806307,Papel Tapiz Vinil Rollo Decorativo Marmol Variedad Colores - Color: BD871,http://http2.mlstatic.com/D_716514-MLV91582543299_092025-O.webp,MASS1745
MASS0518,Stud 100 Retardante Masculino Spray El Mejor Del Mundo!!! - TAPA: TAPA NEGRA,http://http2.mlstatic.com/D_749387-MLV80911421695_112024-O.webp,MASS0518
1551779-730444,Reloj Inteligente Touch Smartwatch D20 Bluetooh Android - Color de la caja: Blanco - Color de la malla: Blanco - Color del bisel: Plateado - Diseño de la malla: Deportivo,,MASS0427
MASS0752,Reloj Inteligente Fd68 Smartwatch Sport Bluetooth Android  - Color de la caja: Negro,http://http2.mlstatic.com/D_844968-MLV80648429236_112024-O.webp,MASS0752
MASS0753,Reloj Inteligente Fd68 Smartwatch Sport Bluetooth Android  - Color de la caja: Rojo,http://http2.mlstatic.com/D_789336-MLV78045624732_082024-O.webp,MASS0753
27120031-648743,Reloj Inteligente Fd68 Smartwatch Sport Bluetooth Android  - Color de la caja: Rosa claro,http://http2.mlstatic.com/D_738078-MLV71008136521_082023-O.webp,MASS1146
26360637-585813,Webcam Universal Usb Hd 720p Micrófono Pc Laptop Cámara - Color: Negro,http://http2.mlstatic.com/D_991620-MLV49784476688_042022-O.webp,MASS0637
30649785-859700,Cargador Taco Para Carro iPhone 13 Pro Max 20w Cigarrera - Color: Blanco,http://http2.mlstatic.com/D_651642-MLV80282049616_112024-O.webp,MASS1847
MASS1541,Hub Multipuerto 3.0 7 Puertos Pc Laptop Alta Velocidad - Color: Negro,http://http2.mlstatic.com/D_655124-MLV80919252173_112024-O.webp,MASS1541
MASS1451,"Multiherramienta De Plomeria Para Canillas, Ajuste De Tuerca",https://http2.mlstatic.com/D_877026-MLV80656283992_112024-O.webp,MASS1451
MASS1058,Marcadores De Diseño Touch Doble Punta Permanente 24 Piezas,https://http2.mlstatic.com/D_791617-MLV80911827879_112024-O.webp,MASS1058
MASS1546,Microfono Inalambrico K8 Balita Lavalier Usb C Bluetooth - Color: Negro,http://http2.mlstatic.com/D_702191-MLV80656604710_112024-O.webp,MASS1546
MASS0927,Esencias Aromaticas Aceites Humidificador Difusor Set X6,https://http2.mlstatic.com/D_992445-MLV54406527272_032023-O.webp,MASS0927
MASS0823,Humidificador Difusor De Aromas Aceites Esenciales - Color: MADERA OSCURA,http://http2.mlstatic.com/D_738503-MLV52711588623_122022-O.webp,MASS0823
MASS0822,Humidificador Difusor De Aromas Aceites Esenciales - Color: MADERA CLARA,http://http2.mlstatic.com/D_629363-MLV80647992354_112024-O.webp,MASS0822
MASS1504,Lenceria Erotica Sexy Malla Bodystocking Modelos Variados - Color: Negro 8004 - Talla: UNICA,,MASS1504
26993927-786666,Lenceria Erotica Sexy Malla Bodystocking Modelos Variados - Color: Negro 8022 - Talla: UNICA,,MASS1507
MASS1506,Lenceria Erotica Sexy Malla Bodystocking Modelos Variados - Color: Negro 8610 - Talla: UNICA,,MASS1506
MASS0733,Brocha China Potenciador Sexual Retardante Masculino Retarda,https://http2.mlstatic.com/D_901288-MLV80918713035_112024-O.webp,MASS0733
MASS1509,Lenceria Erotica Sexy Malla Bodystocking Modelos Variados - Color: Negro 8516 - Talla: UNICA,,MASS1509
1551779-797997,Reloj Inteligente Touch Smartwatch D20 Bluetooh Android - Color de la caja: Negro - Color de la malla: Negro - Color del bisel: Plateado - Diseño de la malla: Deportivo,,MASS0422
27120031-648742,Reloj Inteligente Fd68 Smartwatch Sport Bluetooth Android  - Color de la caja: Verde musgo,http://http2.mlstatic.com/D_647404-MLV70972105918_082023-O.webp,MASS1147
21678031-624430,Mouse Pad Gaming Alfombrilla Para Pc Laptop Xbox Playstation - Color: Negro - Diseño impreso: Mapa mundi,http://http2.mlstatic.com/D_946705-MLV46155639523_052021-O.webp,MASS0329
26577153-786502,Plug Anal Metálico Cola Zorra Zorro Larga Acero Inoxidable - Color: Rojo,http://http2.mlstatic.com/D_648475-MLV100471424112_122025-O.webp,MASS1463
26577153-786500,Plug Anal Metálico Cola Zorra Zorro Larga Acero Inoxidable - Color: Blanco,http://http2.mlstatic.com/D_651945-MLV74407601566_022024-O.webp,MASS1465
28747705-806309,Papel Tapiz Vinil Rollo Decorativo Marmol Variedad Colores - Color: BD771,http://http2.mlstatic.com/D_852478-MLV91816063337_092025-O.webp,MASS1747
27481794-646934,Humidificador Difusor De Aromas Aceites Esenciales - Color: MADERA BLANCA,http://http2.mlstatic.com/D_938780-MLV80911497823_112024-O.webp,MASS0821
26577153-786507,Plug Anal Metálico Cola Zorra Zorro Larga Acero Inoxidable - Color: Gris,http://http2.mlstatic.com/D_707925-MLV74408079784_022024-O.webp,MASS1467
26577153-786501,Plug Anal Metálico Cola Zorra Zorro Larga Acero Inoxidable - Color: Negro,http://http2.mlstatic.com/D_767648-MLV74407728260_022024-O.webp,MASS1464
28692675-798538,Consolador Anal Dildo Estimulador Jelly Con Base Chupon - Color: Rosa,http://http2.mlstatic.com/D_764780-MLV77016378197_062024-O.webp,MASS1760
26993927-786672,Lenceria Erotica Sexy Malla Bodystocking Modelos Variados - Color: Negro 8004 - Talla: UNICA,,MASS1504
26993927-786668,Lenceria Erotica Sexy Malla Bodystocking Modelos Variados - Color: Negro 8610 - Talla: UNICA,,MASS1506
26993927-786667,Lenceria Erotica Sexy Malla Bodystocking Modelos Variados - Color: Negro 8049 - Talla: UNICA,,MASS1511
26993927-786669,Lenceria Erotica Sexy Malla Bodystocking Modelos Variados - Color: Negro 8948 - Talla: UNICA,,MASS1505
26993927-786664,Lenceria Erotica Sexy Malla Bodystocking Modelos Variados - Color: Negro 069 - Talla: UNICA,,MASS1508
26993927-786665,Lenceria Erotica Sexy Malla Bodystocking Modelos Variados - Color: Negro 246 - Talla: UNICA,,MASS1503
26577153-786499,Plug Anal Metálico Cola Zorra Zorro Larga Acero Inoxidable - Color: Rosa,http://http2.mlstatic.com/D_742968-MLV80919232751_112024-O.webp,MASS1466
27335021-641360,Aceites Esenciales Super Concentrados Cromaromas Humificador - Color: Multicolor,http://http2.mlstatic.com/D_831988-MLV80658659676_112024-O.webp,MASS0795
27558818-651828,Lubricante Anal Olo Joker Gel Intimo Con Acido Hialuronico - Sabor: Sin sabor,,MASS0841
MASS2162,Perfil Esquinero Externo Wall Panel Wpc Pvc - Color: Azul,http://http2.mlstatic.com/D_991235-MLV97094984690_112025-O.webp,MASS2162
MASS2161,Perfil Esquinero Externo Wall Panel Wpc Pvc - Color: Madera Cobrizo,http://http2.mlstatic.com/D_922588-MLV97553088083_112025-O.webp,MASS2161
MASS2160,Perfil Esquinero Externo Wall Panel Wpc Pvc - Color: Blanco,http://http2.mlstatic.com/D_762406-MLV97092601934_112025-O.webp,MASS2160
MASS2159,Perfil Esquinero Externo Wall Panel Wpc Pvc - Color: Madera,http://http2.mlstatic.com/D_852588-MLV97092586256_112025-O.webp,MASS2159
MASS2158,Perfil Esquinero Externo Wall Panel Wpc Pvc - Color: Gris Oscuro,http://http2.mlstatic.com/D_902440-MLV97098149706_112025-O.webp,MASS2158
MASS2157,Perfil Esquinero Externo Wall Panel Wpc Pvc - Color: Gris Claro,http://http2.mlstatic.com/D_650781-MLV97554786717_112025-O.webp,MASS2157
MASS2156,Perfil Esquinero Externo Wall Panel Wpc Pvc - Color: Beige,http://http2.mlstatic.com/D_975767-MLV97547173325_112025-O.webp,MASS2156
MASS2155,Perfil Esquinero Externo Wall Panel Wpc Pvc - Color: Negro,http://http2.mlstatic.com/D_981692-MLV97547169995_112025-O.webp,MASS2155
MASS2291,Lubricante Multiorgasmico Monogatari 200ml Orgasmo Vaginal - Sabor: Cereza,http://http2.mlstatic.com/D_848613-MLV99402270841_112025-O.webp,MASS2291
MASS2164,Cinta Decorativa Autoadhesiva Plateada 2cm X 50m - Color: Plateado,http://http2.mlstatic.com/D_659969-MLV98116654811_112025-O.webp,MASS2164
MASS2100,Linterna De Mano Muntifuncional Portatil Led - Color de la linterna: Negro - Color de la luz: Blanca,http://http2.mlstatic.com/D_846520-MLV97578366221_112025-O.webp,MASS2100
MASS2273,Cepillo Dental Electrico 5 En 1 Recargable Limpieza Bucal - Color: Rosa,http://http2.mlstatic.com/D_939979-MLV94660038484_102025-O.webp,MASS2273
31596892-966538,Cepillo Dental Electrico 5 En 1 Recargable Limpieza Bucal - Color: Blanco,,MASS2119
MASS2119,Cepillo Dental Electrico 5 En 1 Recargable Limpieza Bucal - Color: Negro,http://http2.mlstatic.com/D_827021-MLV88295275588_072025-O.webp,MASS2119
MASS1272,Audifono Inalambrico Bluetooth Cancelacion De Ruido Air 31 - Color: Verde lima,http://http2.mlstatic.com/D_686085-MLV75690282893_042024-O.webp,MASS1272
MASS1269,Audifono Inalambrico Bluetooth Cancelacion De Ruido Air 31 - Color: Blanco,http://http2.mlstatic.com/D_837953-MLV70590038509_072023-O.webp,MASS1269
MASS1268,Audifono Inalambrico Bluetooth Cancelacion De Ruido Air 31 - Color: Negro,http://http2.mlstatic.com/D_669933-MLV75690527917_042024-O.webp,MASS1268
MASS2182,Juego De Atadura Bdsm Ajustable Muñeca Muslos - Color: Negro - Nombre del diseño: BDSM,http://http2.mlstatic.com/D_780725-MLV94791827490_102025-O.webp,MASS2182
MASS2043,Masajeador Rodillo Facial Efecto Frío Desinflamante Hielo - Momento de aplicación: Día/Noche - Tipo de piel: Todo tipo de piel,http://http2.mlstatic.com/D_661793-MLV91276812761_082025-O.webp,MASS2043
28820309-816214,Molde Redondo De Silicona 2.4l Antiadherente Genérica - Color: Gris,http://http2.mlstatic.com/D_978668-MLV90647111675_082025-O.webp,MASS1789
hr2013,Kit Cinta Led RGB 3 Metros USB Control Multicolor 12V Rollo,https://mercasist-ml-items-pics.s3.us-east-2.amazonaws.com/d70f03642a8d0b93b1ad554abda0b13d,hr2013
30836228-873293,Abrelatas Acero Inoxidable Manual - Color: Verde,http://http2.mlstatic.com/D_914895-MLV81956833232_022025-O.webp,MASS1911
MASS1983,Silicon De Poliuretano Global Import 300 Ml Wall Panel,https://http2.mlstatic.com/D_928471-MLV82357601186_022025-O.jpg,
28800278-814081,Mouse Pad De Cuero Alfombrilla Pc Laptop Escritorio 60 X 30 - Color: Verde claro,http://http2.mlstatic.com/D_897258-MLV78244577197_082024-O.webp,MASS0978
28800278-814082,Mouse Pad De Cuero Alfombrilla Pc Laptop Escritorio 60 X 30 - Color: Rosa,http://http2.mlstatic.com/D_780412-MLV78244508195_082024-O.webp,MASS0975
28800278-814083,Mouse Pad De Cuero Alfombrilla Pc Laptop Escritorio 60 X 30 - Color: Negro,http://http2.mlstatic.com/D_817561-MLV78019598324_082024-O.webp,MASS0973
28800278-814079,Mouse Pad De Cuero Alfombrilla Pc Laptop Escritorio 60 X 30 - Color: Azul oscuro,http://http2.mlstatic.com/D_935802-MLV78019016780_082024-O.webp,MASS0972
24006156-814138,Plug Anal Joya De Diamante Talla L - Color: Negro,http://http2.mlstatic.com/D_883534-MLV78024819610_082024-O.webp,MASS0374
MASS0963,Crema Blanqueadora De Piel Aclarador De Zonas Intimas Cuerpo,https://http2.mlstatic.com/D_804880-MLV54965299896_042023-O.webp,MASS0963
MASS0970,Molino De Pimienta Pimentero Molino De Sal Acero Inoxidable,https://http2.mlstatic.com/D_723781-MLV54956153009_042023-O.webp,MASS0970
27104781-801851,Mordaza Sexo Oral Abre Boca Dominacion Bdsm Juego Erotico  - Color: Rojo,http://http2.mlstatic.com/D_843662-MLV51603014628_092022-O.webp,MASS1143
27104781-801852,Mordaza Sexo Oral Abre Boca Dominacion Bdsm Juego Erotico  - Color: Negro,http://http2.mlstatic.com/D_646812-MLV76592739538_062024-O.webp,MASS0746
MASS0871,Extintor Carro Portatil Espuma 1000 Ml Fuego Moto Con Base,https://http2.mlstatic.com/D_973358-MLV50788426987_072022-O.webp,MASS0871
24006156-814143,Plug Anal Joya De Diamante Talla L - Color: Fucsia,http://http2.mlstatic.com/D_714327-MLV78024861370_082024-O.webp,24006156-814143
24006156-814140,Plug Anal Joya De Diamante Talla L - Color: Rosa,http://http2.mlstatic.com/D_913747-MLV78024859566_082024-O.webp,MASS0373
24006156-814142,Plug Anal Joya De Diamante Talla L - Color: Violeta oscuro,http://http2.mlstatic.com/D_678926-MLV78250362643_082024-O.webp,MASS0376
24006156-814141,Plug Anal Joya De Diamante Talla L - Color: Verde claro,http://http2.mlstatic.com/D_665228-MLV78250538981_082024-O.webp,MASS1197
MASS0374,Plug Anal Joya De Diamante Talla L - Color: Negro,http://http2.mlstatic.com/D_802415-MLV78250488369_082024-O.jpg,MASS0374
24006156-814136,Plug Anal Joya De Diamante Talla L - Color: Blanco,http://http2.mlstatic.com/D_771275-MLV78024614118_082024-O.webp,MASS0372
24006156-814134,Plug Anal Joya De Diamante Talla L - Color: Amarillo,http://http2.mlstatic.com/D_948403-MLV78024583182_082024-O.webp,MASS0371
24006156-814137,Plug Anal Joya De Diamante Talla L - Color: Colorful,http://http2.mlstatic.com/D_631043-MLV78024860678_082024-O.webp,MASS0378
24006156-814135,Plug Anal Joya De Diamante Talla L - Color: Azul oscuro,http://http2.mlstatic.com/D_716956-MLV78250774979_082024-O.webp,MASS0375
MASS1102,Tizas Para Pintar Cabello Colores Peine Temporal 8 Tonos,https://http2.mlstatic.com/D_695922-MLV52748012225_122022-O.webp,MASS1102
MASS1644,Molde Prensa Para Hacer Carne De Hamburguesas - Color: Negro,http://http2.mlstatic.com/D_822954-MLV80919517869_112024-O.webp,MASS1644
MASS1652,Ventilador Soplador Manual De Aire Para Parrilla Bbq Brasas,https://http2.mlstatic.com/D_884876-MLV80922399321_112024-O.webp,MASS1652
28640916-847135,Aislante Protector De Goma Para Puerta Evita Bichos Y Polvo - Color: Marrón - Nombre del diseño: Liso,http://http2.mlstatic.com/D_743944-MLV79990693737_102024-O.webp,MASS1793
MASS1316,Guantes Linterna Luz Led Recargable Interiores Y Exteriores - Color de la linterna: Negro - Color de la luz: Blanco,http://http2.mlstatic.com/D_819577-MLV79304656974_092024-O.webp,MASS1316
28344730-806296,Panel Decorativo 3d En Pvc Hogar Impermeable 50*50cm - Color: Blanco - Nombre del diseño: D088,http://http2.mlstatic.com/D_649504-MLV86576370244_062025-O.webp,MASS1739
28287166-729101,Termo De Agua Plegable Silicon Vaso  500 Ml Cooler - Color: Verde,http://http2.mlstatic.com/D_813514-MLV72924673594_112023-O.webp,MASS1338
28287166-729104,Termo De Agua Plegable Silicon Vaso  500 Ml Cooler - Color: Morado/blanco,,28287166-729104
28287166-729103,Termo De Agua Plegable Silicon Vaso  500 Ml Cooler - Color: Rosado,,MASS1339
28287166-729102,Termo De Agua Plegable Silicon Vaso  500 Ml Cooler - Color: Azul/Blanco,http://http2.mlstatic.com/D_839936-MLV73003769107_112023-O.webp,MASS1337
28166185-701140,Soporte Porta Cuchillos Barra Magnetica Utensilios De Cocina - Color: Negro,http://http2.mlstatic.com/D_947054-MLV70766159090_072023-O.webp,MASS1293
28053621-706251,Ducha Anal Enema Anal Limpiador Parte Intima Con Aplicador - Color: Negro,http://http2.mlstatic.com/D_862669-MLV80919224713_112024-O.webp,MASS1044
MASS1045,Ducha Anal Enema Anal Limpiador Parte Intima Con Aplicador - Color: Azul,http://http2.mlstatic.com/D_903764-MLV80918952227_112024-O.webp,MASS1045
MASS0827,Selladora De Bolsas De Baterias Aa Mini Selladora Portatil,https://http2.mlstatic.com/D_752242-MLV80922062693_112024-O.webp,MASS0827
MASS0712,Kit Rollo Cinta Led Rgb 2 Metros Usb Control Tv Multicolor  - Color de la luz: Multicolor,http://http2.mlstatic.com/D_757072-MLV50723368824_072022-O.webp,MASS0712
MASS0725,Soporte De Carro Magnetico Para Celular Sujetador Telefono,https://http2.mlstatic.com/D_648816-MLV80656587440_112024-O.webp,MASS0725
26849588-693832,"Luces De Navidad Tipo Lluvia, O Cascada 100 Leds 3,6 Metros - Color de las luces: Variado",http://http2.mlstatic.com/D_746589-MLV51002540791_082022-O.webp,MASS0272
26583352-735235,Maquina Afeitar Patillera T9 Vintage Profesional Recargable  - Color: Negro,http://http2.mlstatic.com/D_767402-MLV73649141047_122023-O.jpg,26583352-735235
26583352-602364,Maquina Afeitar Patillera T9 Vintage Profesional Recargable  - Color: Dorado,http://http2.mlstatic.com/D_838599-MLV73375374544_122023-O.jpg,26583352-602364
MASS0289,Celulas Madres Hidratacion Original 120ml Bellafemme Alizado,,MASS0289
21211868-438153,Cable Usb De Conexión De Impresora 1m A Db25 Convertidor  - Color: Negro,http://http2.mlstatic.com/D_929600-MLV80658658024_112024-O.webp,MASS0088
12568450-306254,Cable Sata A Usb  3.0 Discos De Laptop Ssd Tienda - Color: Negro,http://http2.mlstatic.com/D_886918-MLV80919940863_112024-O.webp,MASS0107
MASS0040,Audifono Inalambrico F9 Tws Bluetooth 5.0 Android Ios - Color: Negro - Color de la luz: Verde oscuro,http://http2.mlstatic.com/D_601465-MLV47258543829_082021-O.webp,MASS0040
MASS0238,Humidificador Difusor De Aroma Con Luces Led Usb 150ml - COLOR: OSCURO,http://http2.mlstatic.com/D_908470-MLV95716470006_102025-O.webp,MASS0238
MASS0234,Humidificador Difusor De Aroma Con Luces Led Usb - Color: Gris,http://http2.mlstatic.com/D_720675-MLV85704080507_062025-O.webp,MASS0234
MASS0235,Humidificador Difusor De Aroma Con Luces Led Usb - Color: Blanco,http://http2.mlstatic.com/D_634753-MLV80911303961_112024-O.webp,MASS0235
MASS0239,Humidificador Difusor De Aroma Con Luces Led Usb 150ml - COLOR: CLARO,http://http2.mlstatic.com/D_889195-MLV95716281906_102025-O.webp,MASS0239
MASS0023,Wifi Usb Antena Desmontable Adaptador 150mbps Receptor Pc,,MASS0023
MASS1352,Mouse Usb Optico Sony Acer Hp Grande Led Azul 1200dpi - Color: Negro,http://http2.mlstatic.com/D_710127-MLV80919555255_112024-O.webp,MASS1352
MASS0128,Case Externo 2.5 Disco Duro Sata Laptop Ide Usb 3.0 + Veloz,https://http2.mlstatic.com/D_691781-MLV69775926617_062023-O.webp,MASS0128
MASS0127,Case Externo 2.5 Disco Duro Laptop Sata Usb 2.0 Enclosure,https://http2.mlstatic.com/D_743174-MLV82183525507_012025-O.webp,MASS0127
25763875-624423,Mouse Inalámbrico Recargable 1200 Dpi Ergonómico 2.4g - Color: Negro,http://http2.mlstatic.com/D_612748-MLV84745391107_052025-O.webp,MASS0327
25763875-785380,Mouse Inalámbrico Recargable 1200 Dpi Ergonómico 2.4g - Color: Blanco,http://http2.mlstatic.com/D_808370-MLV84745611197_052025-O.webp,MASS1442
25763875-730472,Mouse Inalámbrico Recargable 1200 Dpi Ergonómico 2.4g - Color: Plateado,http://http2.mlstatic.com/D_821727-MLV84745612083_052025-O.webp,MASS0328
28820395-816217,Reflector Led Solar Con Sensor De Movimiento Exterior Panel - Color de la carcasa: Negro - Color de la luz: Blanco frío,http://http2.mlstatic.com/D_629600-MLV80918709695_112024-O.webp,MASS1795
28800278-814078,Mouse Pad De Cuero Alfombrilla Pc Laptop Escritorio 60 X 30 - Color: Rojo,http://http2.mlstatic.com/D_805981-MLV78244556857_082024-O.webp,MASS0977
28800278-814077,Mouse Pad De Cuero Alfombrilla Pc Laptop Escritorio 60 X 30 - Color: Chocolate,http://http2.mlstatic.com/D_689665-MLV78244509515_082024-O.webp,MASS0974
28800278-814080,Mouse Pad De Cuero Alfombrilla Pc Laptop Escritorio 60 X 30 - Color: Verde oscuro,http://http2.mlstatic.com/D_752255-MLV78244577051_082024-O.webp,MASS0976
19493230-702591,Humidificador Difusor De Aroma Con Luces Led Usb 150ml - COLOR: BLANCO,http://http2.mlstatic.com/D_927250-MLV95716467398_102025-O.webp,MASS0237
26577194-703722,Plug Anal Kit De 4 Iniciadores Dilatadores Silicona Suave - Color: Negro,,MASS1191
26577194-703721,Plug Anal Kit De 4 Iniciadores Dilatadores Silicona Suave - Color: Morado,,MASS1190
26577194-703723,Plug Anal Kit De 4 Iniciadores Dilatadores Silicona Suave - Color: Rosado,,MASS0693
24006156-814139,Plug Anal Joya De Diamante Talla L - Color: Rojo,http://http2.mlstatic.com/D_944490-MLV78250535001_082024-O.webp,MASS0370
25961956-564418,Cooler Termo Plástico De 500 Ml Agua Kids Para Niños  - Color: Varios,http://http2.mlstatic.com/D_718329-MLV80923244775_112024-O.webp,MASS1110
18666925-793440,Humidificador Difusor De Aroma Con Luces Led Usb - Color: Rosado,http://http2.mlstatic.com/D_634745-MLV80911398263_112024-O.webp,MASS0236
27495528-648374,Corrector Ortopedico De Juanetes Protector Separador Pack X2 - Color: Blanco - Talla: N/A,http://http2.mlstatic.com/D_929574-MLV80655697480_112024-O.webp,MASS0826
MASS1300,Velocimetro Odometro Para Bicicleta Impermeable Cuenta Km - Color: Negro,http://http2.mlstatic.com/D_948176-MLV70652452968_072023-O.webp,MASS1300
27766487-793446,Humidficador + 1 Esencia Difusor De Aroma Con Luces Led Usb - Color: Rosado,,MASS0236
27766487-793444,Humidficador + 1 Esencia Difusor De Aroma Con Luces Led Usb - Color: Gris Oscuro,,MASS0234
11519770-251135,Tarjeta De Sonido 7.1 Usb 2.0 Virtual 3d Tipo Pendrive - Color: Negro,http://http2.mlstatic.com/D_990294-MLV80919559211_112024-O.webp,MASS0538
27766487-793445,Humidficador + 1 Esencia Difusor De Aroma Con Luces Led Usb - Color: Blanco,,MASS0235
MASS3062,Album Mundial 2026 Tapa Blanda Panini,https://storage.mercas.ist/cashea/new_6a01e52d4f6f98.65115296.webp,MASS3062
MASS0153,Control Remoto Universal Aire Acondicionado Split Ventana,https://http2.mlstatic.com/D_682293-MLV80918707667_112024-O.webp,MASS0153
MAS0691,Extensión Forro Para Pene Funda Con Textura Super Flexible,,MASS0691
MASS1051,Plug Anal Metálico Cola De Conejo Conejita Acero Inoxidable - Color: Negro,,MASS1051
MASS1047,Plug Anal Metálico Cola De Conejo Conejita Acero Inoxidable - Color: Blanco,http://http2.mlstatic.com/D_655275-MLV99758782322_122025-O.webp,MASS1047
MASS2326,Base Celular Teléfono Soporte Magnético Carro Oficina Metal - Color: Negro,http://http2.mlstatic.com/D_697198-MLV104540643553_012026-O.webp,MASS2326
MASS2314,Mascarilla Facial Gel Enfriamiento Hidratacion Antifaz - Tipo de piel: Todo tipo de piel,,MASS2314
MASS2260,Velas De Masaje Tantrico Con Feromonas Sensual Hot - Color: Blanco,http://http2.mlstatic.com/D_987754-MLV99223832445_112025-O.webp,MASS2260
MASS2259,Velas De Masaje Tantrico Con Feromonas Sensual Hot - Color: Negro,http://http2.mlstatic.com/D_660141-MLV99223833719_112025-O.webp,MASS2259
MASS2258,Velas De Masaje Tantrico Con Feromonas Sensual Hot - Color: Rojo,http://http2.mlstatic.com/D_772352-MLV98746336236_112025-O.webp,MASS2258
MASS2257,Velas De Masaje Tantrico Con Feromonas Sensual Hot - Color: Azul,http://http2.mlstatic.com/D_991282-MLV98745920748_112025-O.webp,MASS2257
MASS2292,Lubricante Multiorgasmico Monogatari 200ml Orgasmo Vaginal - Sabor: Durazno,http://http2.mlstatic.com/D_760664-MLV98922918908_112025-O.webp,MASS2292
MASS2290,Lubricante Multiorgasmico Monogatari 200ml Orgasmo Vaginal - Sabor: Fresa,http://http2.mlstatic.com/D_715814-MLV99402190969_112025-O.webp,MASS2290
MASS2179,Funda Pene Extensor Texturizada Silicona Gladiador 16cm - Color: Carne,http://http2.mlstatic.com/D_816152-MLV97645193042_112025-O.webp,MASS2179
MASS2118,Mini Afeitadora Hombres Barbas Recargable Con Pantalla Led - Color: Plateada,http://http2.mlstatic.com/D_959294-MLV97575827349_112025-O.webp,MASS2118
MASS2096,Muñequeras Para Levantamiento De Pesas 18 Pulgadas - Color: Negro,http://http2.mlstatic.com/D_904651-MLV88539992944_072025-O.webp,MASS2096
MASS2095,Lápices Infinito Eternos Colores Mágicos Escolar Duraderos - Color de la tinta: Variado - Color del exterior: Variado,http://http2.mlstatic.com/D_700658-MLV95076204225_102025-O.webp,MASS2095
MASS2078,Tinte Cera Color Temporal Para El Cabello Unisex - Color: Morado,http://http2.mlstatic.com/D_729130-MLV98105496177_112025-O.webp,MASS2078
MASS2077,Tinte Cera Color Temporal Para El Cabello Unisex - Color: Rojo,http://http2.mlstatic.com/D_903890-MLV98105847307_112025-O.webp,MASS2077
MASS2076,Tinte Cera Color Temporal Para El Cabello Unisex - Color: Verde,http://http2.mlstatic.com/D_760383-MLV97458495349_112025-O.webp,MASS2076
MASS2069,Café Verde Natural Pérdida De Peso Slimming Tea,https://http2.mlstatic.com/D_663500-MLV96175600871_102025-O.webp,MASS2069
MAS1983,Silicon Sellador Blanco Wall Panel Secado Rápido,https://http2.mlstatic.com/D_868044-MLV91192580244_092025-O.webp,MASS1983
28736586-804191,Funda Manga Extensora Engrosadora De Pene Texturizada - Color: Coral,http://http2.mlstatic.com/D_897055-MLV76857829138_062024-O.webp,MASS1729
28736586-804193,Funda Manga Extensora Engrosadora De Pene Texturizada - Color: Transparente,http://http2.mlstatic.com/D_691973-MLV77065639767_062024-O.webp,MASS1727
27105229-735843,Esposas Para Sexo Policia Forro Dominacion Sexual Bdsm Sexy - Color: Violeta,http://http2.mlstatic.com/D_943687-MLV80919521115_112024-O.webp,MASS1167
28596306-787403,Paquete De Billetes Falsos Para Fiesta Decoracion Juegos - Color: Verde,,MASS1532
11519756-733642,Bala Vibradora Estimulador De Punto G Clítoris 7  Tienda  - Color: Plateado,http://http2.mlstatic.com/D_849420-MLV73419321345_122023-O.webp,MASS1149
11519756-733640,Bala Vibradora Estimulador De Punto G Clítoris 7  Tienda  - Color: Azul,http://http2.mlstatic.com/D_951180-MLV73419321815_122023-O.webp,MASS0052
11519756-733641,Bala Vibradora Estimulador De Punto G Clítoris 7  Tienda  - Color: Dorado,http://http2.mlstatic.com/D_707510-MLV73419312073_122023-O.webp,MASS0051
MASS0691,Extensión Forro De Pene Con Textura Super Flexible,https://http2.mlstatic.com/D_762805-MLV96163203537_102025-O.jpg,MASS0691
11519756-733638,Bala Vibradora Estimulador De Punto G Clítoris 7  Tienda  - Color: Rojo,http://http2.mlstatic.com/D_748209-MLV73419310763_122023-O.webp,MASS0054
11519756-733637,Bala Vibradora Estimulador De Punto G Clítoris 7  Tienda  - Color: Morado,http://http2.mlstatic.com/D_992898-MLV73419292367_122023-O.webp,MASS0056
11519756-733639,Bala Vibradora Estimulador De Punto G Clítoris 7  Tienda  - Color: Negro,http://http2.mlstatic.com/D_973673-MLV73419291607_122023-O.webp,MASS0055
30843879-875033,Gel Lubricante Oem Titan Rojo 50 Ml Intensidad - Sabor: Sin sabor,http://http2.mlstatic.com/D_675882-MLV95801979126_102025-O.webp,MASS1945
30836208-873289,Rizador De Pestañas Eléctrico Con Calefacción Recargable - Color: Blanco,http://http2.mlstatic.com/D_997712-MLV81956832158_022025-O.webp,MASS1909
30840308-905513,Latigo Bdsm Slut Bondage Cuero Azotes Esclavo - Color: Negro,http://http2.mlstatic.com/D_773642-MLV83585064736_042025-O.webp,MASS1956
30840308-905512,Latigo Bdsm Slut Bondage Cuero Azotes Esclavo - Color: Rojo,http://http2.mlstatic.com/D_789074-MLV96242777943_102025-O.webp,MASS1957
MASS1950,Juego De Cartas Bondage 50 Posiciones Sexuales,https://http2.mlstatic.com/D_711478-MLV83232117043_032025-O.webp,MASS1950
30843911-875037,Bolas Chinas Vaginales Kegel Con Peso Vibración En Silicona - Color: Negro,,MASS1939
30843911-875038,Bolas Chinas Vaginales Kegel Con Peso Vibración En Silicona - Color: Rosa,,MASS1937
30843911-875039,Bolas Chinas Vaginales Kegel Con Peso Vibración En Silicona - Color: Violeta,,MASS1938
30843911-875035,Bolas Chinas Vaginales Kegel Con Peso Vibración En Silicona - Color: Rojo,http://http2.mlstatic.com/D_825834-MLV82288723561_022025-O.webp,MASS1941
30843911-875036,Bolas Chinas Vaginales Kegel Con Peso Vibración En Silicona - Color: Azul,,MASS1940
30840267-874697,Pinzas Para Pezones Con Campana Bdsm - Color: Violeta,http://http2.mlstatic.com/D_976044-MLV81990660244_022025-O.webp,MASS1930
MASS1293,Barra Magnetica Porta Cuchillos 33cm Utensilios De Cocina,https://http2.mlstatic.com/D_947054-MLV70766159090_072023-O.webp,MASS1293
MASS0842,Lubricante Multiorgasmico Climax Con Acido Hialuronico  - Sabor: Herbal,http://http2.mlstatic.com/D_997019-MLV52958764149_122022-O.webp,MASS0842
MASS0960,Aceite Agranda Pene Natural De Plantas Engrosador Alargador,https://http2.mlstatic.com/D_602681-MLV76841112277_062024-O.webp,MASS0960
30835498-873195,Tope Magnetico Para Puertas Acero Inoxidable - Acabado: Mate - Color: Negro - Forma: Circular,http://http2.mlstatic.com/D_605336-MLV82237888271_022025-O.webp,MASS1886
MASS1725,Caja Caramelos Sexual Explosivo Sexo Oral Chupar Lamer Hot,https://http2.mlstatic.com/D_911165-MLV76312101805_052024-O.webp,MASS1725
31020527-900350,Repelente De Mosquitos Enchufe Zancudos Electrico - Color: Verde,http://http2.mlstatic.com/D_976198-MLV83338719501_032025-O.webp,MASS1977
27970828-677526,Bandeja Escurridor De Lavaplatos Fregadero En Silicon Cocina - Color: Celeste,http://http2.mlstatic.com/D_943499-MLV54962345415_042023-O.webp,MASS0968
27970828-677525,Bandeja Escurridor De Lavaplatos Fregadero En Silicon Cocina - Color: Blanco,http://http2.mlstatic.com/D_763630-MLV54967820962_042023-O.webp,MASS0967
27970828-677523,Bandeja Escurridor De Lavaplatos Fregadero En Silicon Cocina - Color: Verde oscuro,http://http2.mlstatic.com/D_877857-MLV54967791976_042023-O.webp,MASS0965
27970828-677524,Bandeja Escurridor De Lavaplatos Fregadero En Silicon Cocina - Color: Naranja,http://http2.mlstatic.com/D_990693-MLV54967817904_042023-O.webp,MASS0966
28649627-790461,Balance Ball Pendulo De Newton Adorno Escritorio Decorativo - Color: Negro,http://http2.mlstatic.com/D_623041-MLV80656585084_112024-O.webp,MASS1662
28075513-813929,Plug Anal Metálico Cola De Conejo Conejita Acero Inoxidable - Color: Gris,http://http2.mlstatic.com/D_799440-MLV78223620565_082024-O.jpg,MASS1052
28075513-813931,Plug Anal Metálico Cola De Conejo Conejita Acero Inoxidable - Color: Violeta oscuro,http://http2.mlstatic.com/D_796796-MLV78223777945_082024-O.jpg,MASS1049
28075513-813928,Plug Anal Metálico Cola De Conejo Conejita Acero Inoxidable - Color: Rojo,http://http2.mlstatic.com/D_910346-MLV78223856207_082024-O.jpg,MASS1050
28075513-813930,Plug Anal Metálico Cola De Conejo Conejita Acero Inoxidable - Color: Lavanda,http://http2.mlstatic.com/D_848567-MLV78223945007_082024-O.jpg,MASS1046
28598271-787765,Hub Usb Multipuerto 4 Puertos Alta Velocidad 3.0 Pc Laptop - Color: Negro,http://http2.mlstatic.com/D_728265-MLV80656584868_112024-O.webp,MASS1540
28665188-793610,Kit De Termoencogible 530 Piezas Electricidad Termoretractil - Color de la cubierta: Transparente,http://http2.mlstatic.com/D_961954-MLV86847665813_062025-O.webp,MASS1628
MASS0750,Antifaz De Conejo Mascara De Fiesta Juegos Erotico Bdsm Sexy - Color: Negro,http://http2.mlstatic.com/D_898658-MLV80918954107_112024-O.webp,MASS0750
12080239-702034,Mouse Inalámbrico Óptico Gaming Usb Raton Pc Oferta Nuevo  - Color: Rojo,http://http2.mlstatic.com/D_842891-MLV70844479897_082023-O.webp,MASS1127
12080239-702032,Mouse Inalámbrico Óptico Gaming Usb Raton Pc Oferta Nuevo  - Color: Gris,http://http2.mlstatic.com/D_974812-MLV70811800172_082023-O.webp,MASS1126
12080239-702033,Mouse Inalámbrico Óptico Gaming Usb Raton Pc Oferta Nuevo  - Color: Negro,http://http2.mlstatic.com/D_760351-MLV70812021936_082023-O.webp,MASS0326
MASS0626,Mouse Optico Hp X500 Cable Laptop Computadora Luz Led - Color: Negro,http://http2.mlstatic.com/D_643020-MLV77088820985_062024-O.webp,MASS0626
MASS1718,Funda Anillo Estimulador Para El Pene Lavable Mayor Ereccion - Color: Gris oscuro,http://http2.mlstatic.com/D_705630-MLV96721624667_102025-O.webp,MASS1718
MASS1803,Case Externo 2.0 Disco Duro Transparente Laptop Sata Usb 2.0 - Color: Transparente,http://http2.mlstatic.com/D_880670-MLV79274778360_092024-O.webp,MASS1803
MASS1797,Antorcha Solar De Llama Led Jardin Decoracion - Color: Negro,http://http2.mlstatic.com/D_886167-MLV80919559357_112024-O.webp,MASS1797
MASS1796,Lampara Solar Decorativa Exteriores Iluminacion Jardin Pared - Color de la estructura: Negro,http://http2.mlstatic.com/D_831168-MLV78161698122_082024-O.webp,MASS1796
MASS1658,Bengala Antorcha Confeti Humo Polvo Smoke Graduacion Bebe - Color: Niño,,MASS1658
MASS1660,Bengala Antorcha Confeti Humo Polvo Smoke Graduacion Bebe - Color: CONFETI,http://http2.mlstatic.com/D_983494-MLV76462343893_052024-O.webp,MASS1660
28649146-799408,Bengala Antorcha Confeti Humo Polvo Smoke Graduacion Bebe - Color: NIÑA,,MASS1659
28640916-847134,Aislante Protector De Goma Para Puerta Evita Bichos Y Polvo - Color: Gris - Nombre del diseño: Liso,http://http2.mlstatic.com/D_797425-MLV79740213074_102024-O.webp,MASS1792
MASS1638,Aislante Protector De Goma Para Puerta Evita Bichos Y Polvo - Color: Negro - Nombre del diseño: Liso,http://http2.mlstatic.com/D_837354-MLV79740014450_102024-O.webp,MASS1638
28640916-806801,Aislante Protector De Goma Para Puerta Evita Bichos Y Polvo - Color: Blanco - Nombre del diseño: Liso,http://http2.mlstatic.com/D_832979-MLV77382318469_072024-O.webp,MASS1639
28312345-733144,Hand Grip Entrenamiento Muñeca Manos Antebrazo Mancuerna Fit - Color: Negro,http://http2.mlstatic.com/D_764831-MLV80918705601_112024-O.webp,MASS1357
MASS2039,Condones Preservativos Ultrafino Y Texturizado 10 Und. Lub,https://http2.mlstatic.com/D_632168-MLV80922192353_112024-O.jpg,MASS2039
MASS0845,Adaptador De Disco Duro Second Hdd Caddy De Laptop 12.7mm,https://http2.mlstatic.com/D_879005-MLV53304527713_012023-O.webp,MASS0845
MASS0844,Adaptador De Disco Duro Caddy Second Hdd De Laptop 9.5mm,https://http2.mlstatic.com/D_921085-MLV80919520291_112024-O.webp,MASS0844
MASS0784,Medias De Compresion Unixes 20-30mmhg Color Negro Descanso - TALLA: XXL,http://http2.mlstatic.com/D_705196-MLV70908063995_082023-O.webp,MASS0784
MASS0781,Medias De Compresion Unixes 20-30mmhg Color Negro Descanso - TALLA: S/M,http://http2.mlstatic.com/D_985879-MLV70908130067_082023-O.webp,MASS0781
MASS0783,Medias De Compresion Unixes 20-30mmhg Color Negro Descanso - TALLA: L/XL,http://http2.mlstatic.com/D_879335-MLV70874399434_082023-O.webp,MASS0783
MASS0702,Lubricante Imitación De Semen Anal Vaginal Personal 200ml - Sabor: Neutro,http://http2.mlstatic.com/D_857182-MLV80918757679_112024-O.webp,MASS0702
MASS0383,Plug Anal Joya De Diamante Talla M - Color: Negro,http://http2.mlstatic.com/D_610843-MLV78249996425_082024-O.jpg,MASS0383
MASS0385,Plug Anal Joya De Diamante Talla M - Color: Violeta oscuro,http://http2.mlstatic.com/D_726352-MLV78249977103_082024-O.webp,MASS0385
MASS0189,Cronometro Digital Deportivo Zsd-009 Fitness Crossfit,,MASS0189
MASS0200,Dispensador De Agua Electrico Para Botellon Usb Recargable  - Color: Negro,http://http2.mlstatic.com/D_677773-MLV52695704276_122022-O.webp,MASS0200
11520716-699581,Cinta De Kinesiologia Vendaje Neuromuscular Kinesiotape 5mts - COLOR: FUCSIA,http://http2.mlstatic.com/D_637342-MLV70564590767_072023-O.webp,MASS1223
11520716-699580,Cinta De Kinesiologia Vendaje Neuromuscular Kinesiotape 5mts - COLOR: VIOLETA,,MASS0771
11520716-699578,Cinta De Kinesiologia Vendaje Neuromuscular Kinesiotape 5mts - COLOR: AZUL,http://http2.mlstatic.com/D_883952-MLV70537910182_072023-O.webp,MASS0768
11520716-699579,Cinta De Kinesiologia Vendaje Neuromuscular Kinesiotape 5mts - COLOR: ROJO,http://http2.mlstatic.com/D_945993-MLV70537839616_072023-O.webp,MASS0770
MASS0769,Cinta De Kinesiologia Vendaje Neuromuscular Kinesiotape 5mts - COLOR: NEGRO,http://http2.mlstatic.com/D_968307-MLV70565495045_072023-O.webp,MASS0769
11520716-699577,Cinta De Kinesiologia Vendaje Neuromuscular Kinesiotape 5mts - COLOR: VERDE MANZANA,,MASS1240
MASS0864,Lampara Led Panel 12w Redonda Luz Blanca Superficial Tienda - Color de la estructura: Blanco,http://http2.mlstatic.com/D_988400-MLV80655678282_112024-O.webp,MASS0864
MASS0559,Tester Multimetro Digital Dt-803b 600v,https://http2.mlstatic.com/D_892461-MLV80656607632_112024-O.webp,MASS0559
MASS0863,Lampara Led Panel 12w Cuadrada Luz Blanca Superficial - Color de la estructura: Blanco,http://http2.mlstatic.com/D_873778-MLV80919418931_112024-O.webp,MASS0863
MASS0171,Convertidor Hdmi A Vga Audio Video Monitor Laptop Ps3 Ps4 Tv,https://http2.mlstatic.com/D_897314-MLV85703043875_062025-O.webp,MASS0171
27105229-735840,Esposas Para Sexo Policia Forro Dominacion Sexual Bdsm Sexy - Color: Negro,http://http2.mlstatic.com/D_753421-MLV80919422975_112024-O.webp,MASS0749
24003907-896428,Bolas Chinas Vaginales Clítoris Anal Juguete Sexual - Color: Negro,,MASS1939
24003907-896429,Bolas Chinas Vaginales Clítoris Anal Juguete Sexual - Color: Rosa,,MASS1937
24003907-896427,Bolas Chinas Vaginales Clítoris Anal Juguete Sexual - Color: Azul,,MASS1940
24003907-896430,Bolas Chinas Vaginales Clítoris Anal Juguete Sexual - Color: Violeta,,MASS1938
24003907-896426,Bolas Chinas Vaginales Clítoris Anal Juguete Sexual - Color: Rojo,http://http2.mlstatic.com/D_668065-MLV83058729193_032025-O.webp,MASS1941
27198677-723629,Corrector De Postura Unisex Espalda Ajustable Ortopedia - Talla: XL,http://http2.mlstatic.com/D_855198-MLV80923039217_112024-O.webp,MASS1285
27198677-723628,Corrector De Postura Unisex Espalda Ajustable Ortopedia - Talla: L,http://http2.mlstatic.com/D_855198-MLV80923039217_112024-O.webp,MASS0780
27198677-723627,Corrector De Postura Unisex Espalda Ajustable Ortopedia - Talla: M,http://http2.mlstatic.com/D_855198-MLV80923039217_112024-O.webp,MASS0779
27198677-723626,Corrector De Postura Unisex Espalda Ajustable Ortopedia - Talla: S,http://http2.mlstatic.com/D_855198-MLV80923039217_112024-O.webp,MASS0778
MASS2623,Balanza Peso Colgante Maleta 50 Kg Raf R.10020 Digital,https://i.postimg.cc/rwn4z1Lh/Captura-de-pantalla-2026-06-29-111411.png,MASS2623
23224720-827092,Ligas Bandas Elasticas De Resistencia Ejercicios Crossfit - Color: Multicolor,http://http2.mlstatic.com/D_859200-MLV80659520712_112024-O.webp,MASS1205
23224720-794154,Ligas Bandas Elasticas De Resistencia Ejercicios Crossfit - Color: Azul acero,http://http2.mlstatic.com/D_905975-MLV75573797068_042024-O.jpg,23224720-794154
23224720-794153,Ligas Bandas Elasticas De Resistencia Ejercicios Crossfit - Color: Rosa chicle,http://http2.mlstatic.com/D_795782-MLV75573294488_042024-O.jpg,23224720-794153
24006153-814419,Plug Anal Joya De Diamante Talla M - Color: Verde claro,http://http2.mlstatic.com/D_833045-MLV78269643055_082024-O.webp,MASS0386
24006153-814122,Plug Anal Joya De Diamante Talla M - Color: Colorful,http://http2.mlstatic.com/D_637562-MLV78024564954_082024-O.webp,MASS0396
24006153-814121,Plug Anal Joya De Diamante Talla M - Color: Azul oscuro,http://http2.mlstatic.com/D_605020-MLV78250046381_082024-O.webp,MASS0384
24006153-814129,Plug Anal Joya De Diamante Talla M - Color: Blanco,http://http2.mlstatic.com/D_908938-MLV78250242451_082024-O.webp,MASS0381
24006153-814130,Plug Anal Joya De Diamante Talla M - Color: Amarillo,http://http2.mlstatic.com/D_744551-MLV78250496047_082024-O.webp,MASS0380
24006153-814125,Plug Anal Joya De Diamante Talla M - Color: Rosa,http://http2.mlstatic.com/D_950455-MLV78024032130_082024-O.webp,MASS0382
24006153-814123,Plug Anal Joya De Diamante Talla M - Color: Fucsia,http://http2.mlstatic.com/D_647024-MLV78250235389_082024-O.webp,24006153-814123
24006153-814124,Plug Anal Joya De Diamante Talla M - Color: Rojo,http://http2.mlstatic.com/D_632966-MLV78024374728_082024-O.webp,MASS0379
27105229-735841,Esposas Para Sexo Policia Forro Dominacion Sexual Bdsm Sexy - Color: Rojo,http://http2.mlstatic.com/D_844489-MLV80919560287_112024-O.webp,MASS1198
27105229-735842,Esposas Para Sexo Policia Forro Dominacion Sexual Bdsm Sexy - Color: Rosa,http://http2.mlstatic.com/D_618960-MLV80656297984_112024-O.webp,27105229-735842
28692675-803584,Consolador Anal Dildo Estimulador Jelly Con Base Chupon - Color: Coral,http://http2.mlstatic.com/D_865713-MLV76809905010_062024-O.webp,MASS1760
27104886-801064,Antifaz De Conejo Mascara De Fiesta Juegos Erotico Bdsm Sexy - Color: Blanco,http://http2.mlstatic.com/D_726494-MLV80918954183_112024-O.webp,MASS1154
MASS2609,Modulo Decodificador Bluetooth Mp3 Usb Card Fm Rectangular,https://i.postimg.cc/nzsLyBgx/Captura-de-pantalla-2026-06-26-161351.png,MASS2609
28820832-815954,Luz Disco Energía Solar Para Exteriores 12 Led Ip65 Exterior - Color de la estructura: Negro,http://http2.mlstatic.com/D_996188-MLV78180701436_082024-O.webp,MASS1797
28736586-804192,Funda Manga Extensora Engrosadora De Pene Texturizada - Color: Negro,http://http2.mlstatic.com/D_651516-MLV80919934907_112024-O.webp,MASS1728
26580317-602130,Lubricante Anal Gel A Base De Agua  200 Ml Love Monogatari - Sabor: Neutro,http://http2.mlstatic.com/D_789928-MLV80918708931_112024-O.webp,MASS0701
MASS2612,Telescopioo Monocular 25x2000 De Alta Definición,https://i.postimg.cc/dQ267x4H/Captura-de-pantalla-2026-06-26-163810.png,MASS2612
MASS2121,Tiras Nasales Anti Ronquidos Ejercicio Dilatador Respiracion,https://http2.mlstatic.com/D_619748-MLV97565629319_112025-O.webp,MASS2121
MASS1278,Crema Dental Blanqueadora Corrector Purpura Iluminador Bucal,https://http2.mlstatic.com/D_919609-MLV72320547530_102023-O.webp,MASS1278
27990402-678493,Pack Esponja Y Cepillo Con Dispensador De Jabon Incorporado - Color: Gris,http://http2.mlstatic.com/D_721100-MLV80658640148_112024-O.webp,MASS0997
MASS1212,Cinta Adhesiva Levanta Seno Busto Cubre Pezon Invisible 5 M  - COLOR: CAFE,http://http2.mlstatic.com/D_651536-MLV70587460025_072023-O.webp,MASS1212
MASS1000,Lampara Led De Mesa Escritorio Ajustable Iluminacion - Color de la estructura: Blanco,http://http2.mlstatic.com/D_821002-MLV69266568949_052023-O.webp,MASS1000
27705195-793443,Humidificador Difursor De Aroma Luces Led + 1 Esencia 15 Ml - Color: Verde claro,,MASS0765
27705195-793442,Humidificador Difursor De Aroma Luces Led + 1 Esencia 15 Ml - Color: Rosa,,MASS0764
MASS1686,Vendas Cintas Adhesivas Cohesivas 5cm X 5m Crosfit Fitness,,MASS1686
MASS1498,Juego Destornillador De 32 Piezas 6032c,https://http2.mlstatic.com/D_975723-MLV49011738936_022022-O.webp,MASS1498
MASS0204,Escanner Automotriz Elm327 Carro Automático Obdii Interfaz,https://http2.mlstatic.com/D_841332-MLV80922891681_112024-O.webp,MASS0204
MASS0392,Plug Anal Joya De Diamante Talla S - Color: Negro,http://http2.mlstatic.com/D_700215-MLV78023711746_082024-O.webp,MASS0392
MASS0394,Plug Anal Joya De Diamante Talla S - Color: Violeta oscuro,http://http2.mlstatic.com/D_987732-MLV78249417995_082024-O.webp,MASS0394
MASS0391,Plug Anal Joya De Diamante Talla S - Color: Rosa,http://http2.mlstatic.com/D_797489-MLV78249507847_082024-O.webp,MASS0391
MASS0388,Plug Anal Joya De Diamante Talla S - Color: Rojo,http://http2.mlstatic.com/D_823942-MLV78249586891_082024-O.webp,MASS0388
MASS0393,Plug Anal Joya De Diamante Talla S - Color: Azul oscuro,http://http2.mlstatic.com/D_886756-MLV78249655011_082024-O.webp,MASS0393
23695735-698780,"Luces Led De Navidad Decorativas Blanca, Azul Y Colores 10m  - Color de las luces: RGB",http://http2.mlstatic.com/D_852964-MLV80655893180_112024-O.webp,MASS1192
MASS0100,Cable Hdmi A Hdmi 3mts  Goma Blister Ps3 Xbox Ps4 Tienda,,MASS0100
MASS0247,Kit Cinta Led Multicolor 2835 Rollo 5m Control 12v Rgb,https://http2.mlstatic.com/D_716817-MLV80655051302_112024-O.webp,MASS0247
11520504-641897,Audifono iPhone iPad iPod Shuffle Earpod Somos Tienda - Color: Blanco - Color de la luz: NA,http://http2.mlstatic.com/D_946844-MLV75036837580_032024-O.webp,MASS0041
11520478-730447,Audífono Bluetooth  I7tws Mini Manos Libres AirPods Wireless - Color: Negro,,MASS1458
11520478-252130,Audífono Bluetooth  I7tws Mini Manos Libres AirPods Wireless - Color: Blanco,http://http2.mlstatic.com/D_872914-MLV32036600870_092019-O.webp,MASS0006
MASS0006,Audífono Bluetooth Hbq I7 Manos Libres AirPods Wireless 2 - Color: Blanco - Color de la luz: Azul y rojo,http://http2.mlstatic.com/D_924715-MLV80648373068_112024-O.webp,MASS0006
MASS0022,Antena Mini Usb Wifi 950mbps Receptor Adaptador Inalambrico,https://http2.mlstatic.com/D_693585-MLV80918400203_112024-O.webp,MASS0022
24006150-814128,Plug Anal Joya De Diamante Talla S - Color: Amarillo,http://http2.mlstatic.com/D_763959-MLV78024582708_082024-O.webp,MASS0389
24006150-814447,Plug Anal Joya De Diamante Talla S - Color: Verde claro,http://http2.mlstatic.com/D_658467-MLV78270852085_082024-O.webp,MASS0395
24006150-814127,Plug Anal Joya De Diamante Talla S - Color: Blanco,http://http2.mlstatic.com/D_769180-MLV78024806188_082024-O.webp,MASS0390
24006150-814114,Plug Anal Joya De Diamante Talla S - Color: Fucsia,http://http2.mlstatic.com/D_732662-MLV78249508463_082024-O.webp,24006150-814114
24006150-814113,Plug Anal Joya De Diamante Talla S - Color: Colorful,http://http2.mlstatic.com/D_924105-MLV78249644927_082024-O.webp,MASS0396
MASS2596,Rodillera Elastica De Compresion Ajustable Deportiva Unisex - TALLA: XXXL,https://i.postimg.cc/bv4hBXn3/Captura-de-pantalla-2026-06-15-125709.png,MASS2596
MASS2438,Mascarilla Facial Gel Enfriamiento Hidratacion Antifaz - Tipo de piel: Mixta,http://http2.mlstatic.com/D_886300-MLV105901736315_012026-O.webp,MASS2438
MASS2439,Mascarilla Facial Gel Enfriamiento Hidratacion Antifaz - Tipo de piel: Normal,,MASS2439
MASS1055,Condones Preservativos Ultrafino Y Texturizado 10 Und. Lub - Tipo: Ultra Fino,http://http2.mlstatic.com/D_922341-MLV96629604655_102025-O.webp,MASS1055
MASS2310,Acido Hialuronico Facial Belleza 60ml - Momento de aplicación: Noche - Tipo de piel: Mixta,http://http2.mlstatic.com/D_854326-MLV102479788688_122025-O.webp,MASS2310
MASS2001,Tobillera Deportiva Compresión Doble Soporte Rehabilitación - Talla: S,http://http2.mlstatic.com/D_610877-MLV73370330221_122023-O.webp,MASS2001
MASS2286,Cinta Bondage Bdsm Corporal Amarre Pvc - Color: Rojo,http://http2.mlstatic.com/D_749514-MLV99376879377_112025-O.webp,MASS2286
MASS2246,Cinta Bondage Bdsm Corporal Amarre Pvc - Color: Negro,http://http2.mlstatic.com/D_780577-MLV99375299251_112025-O.webp,MASS2246
MASS2163,Cinta Decorativa Autoadhesiva Plateada 1cm X 50m - Color: Plateado,http://http2.mlstatic.com/D_793104-MLV98111758137_112025-O.webp,MASS2163
MASS2110,Limpiador De Ventana Mopa Haragan Coleto Vidrios Portátil - Color: Blanco,http://http2.mlstatic.com/D_792878-MLV95079342457_102025-O.webp,MASS2110
MASS2101,Molde Rodillo Facial Hielera Cara Hieloterapia Skincare Piel - Color: Morado con Rosa,http://http2.mlstatic.com/D_940808-MLV97657022357_112025-O.webp,MASS2101
MASS2264,Cepillo Facial Exfoliador Masajeador 2 En 1 De Doble Cara - Tipo: Azul,http://http2.mlstatic.com/D_750380-MLV97656125017_112025-O.webp,MASS2264
MASS2265,Cepillo Facial Exfoliador Masajeador 2 En 1 De Doble Cara - Tipo: Rosa,http://http2.mlstatic.com/D_832348-MLV97656006317_112025-O.webp,MASS2265
MASS2094,Rodillera Compresión Elástica Deportiva Soporte Fitness - Color: Negro - Talla: XL,http://http2.mlstatic.com/D_701294-MLV97578892391_112025-O.webp,MASS2094
MASS2093,Rodillera Compresión Elástica Deportiva Soporte Fitness - Color: Negro - Talla: L,http://http2.mlstatic.com/D_701294-MLV97578892391_112025-O.webp,MASS2093
MASS2092,Rodillera Compresión Elástica Deportiva Soporte Fitness - Color: Negro - Talla: M,http://http2.mlstatic.com/D_701294-MLV97578892391_112025-O.webp,MASS2092
MASS2075,Tinte Cera Color Temporal Para El Cabello Unisex - Color: Azul,http://http2.mlstatic.com/D_978477-MLV97639718226_112025-O.webp,MASS2075
MASS2181,Anillo Retardador De Pene Kit De 3 Ereccion Potente - Color: Variado,http://http2.mlstatic.com/D_940316-MLV94789613494_102025-O.webp,MASS2181
31592828-934051,Clips Para Instalacion De Wall Panel 5 Unidades - Color: Plateado - Nombre del diseño: Wall Panel,http://http2.mlstatic.com/D_686872-MLV87765652056_072025-O.webp,MASS2072
28344730-953608,Panel Decorativo 3d En Pvc Hogar Impermeable 50*50cm - Color: Negro - Nombre del diseño: D090,,MASS2148
28344730-953605,Panel Decorativo 3d En Pvc Hogar Impermeable 50*50cm - Color: Blanco - Nombre del diseño: D090,http://http2.mlstatic.com/D_759171-MLV91585837167_092025-O.webp,MASS2147
28344730-953610,Panel Decorativo 3d En Pvc Hogar Impermeable 50*50cm - Color: Negro - Nombre del diseño: D137,,MASS2146
28344730-953607,Panel Decorativo 3d En Pvc Hogar Impermeable 50*50cm - Color: Blanco - Nombre del diseño: D137,,MASS2145
28344730-953606,Panel Decorativo 3d En Pvc Hogar Impermeable 50*50cm - Color: Blanco - Nombre del diseño: D099,,MASS2143
28344730-953609,Panel Decorativo 3d En Pvc Hogar Impermeable 50*50cm - Color: Negro - Nombre del diseño: D099,,MASS2144
28692549-908244,Huevo Tenga Masturbador De Pene Ultra Flexible Maximo Placer - Color: Blanco - Tipo de orificio: Ondulado,http://http2.mlstatic.com/D_712191-MLV84233048369_042025-O.webp,MASS1700
28692549-908242,Huevo Tenga Masturbador De Pene Ultra Flexible Maximo Placer - Color: Blanco - Tipo de orificio: SILKY,http://http2.mlstatic.com/D_761127-MLV83938030322_042025-O.webp,MASS1703
30840237-907932,Desensibilizador De Garganta Goodhead Para Garganta Profunda - Sabores: Menta,,MASS1925
MASS1474,Juego Dados Eroticos Posiciones Sexuales Retos Parejas,https://http2.mlstatic.com/D_811853-MLV84204057289_042025-O.webp,MASS1949
MASS1790,Molde Redondo De Silicona 2.4l Antiadherente Genérica - Color: Azul,http://http2.mlstatic.com/D_674570-MLV78155572320_082024-O.webp,MASS1790
30840237-907931,Desensibilizador De Garganta Goodhead Para Garganta Profunda - Sabores: Naranja,,MASS1925
27363635-803253,Bala Vibradora Estimuladora De Punto G Clitoris Pasteles - Color: Rojo,http://http2.mlstatic.com/D_655245-MLV76781964342_062024-O.webp,MASS1759
27363635-733618,Bala Vibradora Estimuladora De Punto G Clitoris Pasteles - Color: Morado,http://http2.mlstatic.com/D_864650-MLV76988416621_062024-O.webp,MASS0801
27363635-733617,Bala Vibradora Estimuladora De Punto G Clitoris Pasteles - Color: Negro,http://http2.mlstatic.com/D_942035-MLV76782201068_062024-O.webp,MASS0800
30836234-873299,Recortador De Cejas Electronico Usb Multifuncional - Color: Blanco - Nombre del diseño: Electrónico,http://http2.mlstatic.com/D_762517-MLV82238082087_022025-O.webp,MASS1912
28595887-793409,Par De Muñequera De Fitness Alta Calidad Elástico Gimnasio - Color: Gris oscuro,http://http2.mlstatic.com/D_684991-MLV84746485613_052025-O.webp,MASS1599
28599056-793665,Plantillas Ortopedicas De Gel Anti Espolon Fascitis - Color: Negro - Tamaño de la plantilla: 41-45,http://http2.mlstatic.com/D_805271-MLV77242024407_062024-O.webp,MASS1627
28599056-787768,Plantillas Ortopedicas De Gel Anti Espolon Fascitis - Color: Negro - Tamaño de la plantilla: 35-40,http://http2.mlstatic.com/D_977849-MLV77242237811_062024-O.webp,MASS1549
MASS0881,Afilador De Cuchillos Amolador Para Cocina Restaurant Chef,https://http2.mlstatic.com/D_883311-MLV80655677476_112024-O.webp,MASS0881
28312307-799399,Tobillera Deportiva Compresión Doble Soporte Rehabilitación - Talla: M,http://http2.mlstatic.com/D_610877-MLV73370330221_122023-O.webp,MASS1359
28312307-799400,Tobillera Deportiva Compresión Doble Soporte Rehabilitación - Talla: L,http://http2.mlstatic.com/D_610877-MLV73370330221_122023-O.webp,MASS1459
27313277-798935,Rodillera Elastica De Compresion Ajustable Deportiva Unisex - TALLA: S,https://i.postimg.cc/bv4hBXn3/Captura-de-pantalla-2026-06-15-125709.png,MASS1456
28595887-787134,Par De Muñequera De Fitness Alta Calidad Elástico Gimnasio - Color: Naranja,http://http2.mlstatic.com/D_817418-MLV74507367312_022024-O.webp,MASS1598
28595887-793408,Par De Muñequera De Fitness Alta Calidad Elástico Gimnasio - Color: Azul,http://http2.mlstatic.com/D_678796-MLV86900615945_062025-O.webp,MASS1524
28595887-793410,Par De Muñequera De Fitness Alta Calidad Elástico Gimnasio - Color: Rojo,http://http2.mlstatic.com/D_790626-MLV75488788740_042024-O.webp,MASS1597
MASS0208,Aceites Esencias Aromaticas Para Humidificadores,https://http2.mlstatic.com/D_776436-MLV85397838264_062025-O.webp,MASS0208
MASS1765,Cuchilla Oster Licuadora Acero Inoxidable Aro Goma Oster,https://http2.mlstatic.com/D_657419-MLV80656279706_112024-O.webp,MASS1765
11520763-252258,Fan Cooler Extractor Ventilador 8cm 80mm Pc Transparente  - Color del LED: Transparente,http://http2.mlstatic.com/D_923311-MLV40568776514_012020-O.webp,MASS0226
MASS1735,Pistola De Agua Glock M1911 De Chorro,https://http2.mlstatic.com/D_797353-MLV80918622421_112024-O.webp,MASS1735
MASS1828,Sticky Grippy Soporte Celular Chupon Ventosas Ambas Caras,https://http2.mlstatic.com/D_878614-MLV78532908433_082024-O.webp,MASS1828
MASS1701,Huevo Tenga Masturbador De Pene Ultra Flexible Maximo Placer - Color: Blanco - Tipo de orificio: TWISTER,http://http2.mlstatic.com/D_959505-MLV76830350630_062024-O.webp,MASS1701
MASS1538,Instrumento Blanqueador Limpiador Dental Led Uv,https://http2.mlstatic.com/D_996315-MLV80920194991_112024-O.webp,MASS1538
MASS1543,Parches Almohadillas De Pies Desintoxicantes Pack De 10 Unid,https://http2.mlstatic.com/D_721844-MLV86525497380_062025-O.webp,MASS1543
MASS1412,Panel Decorativo 3d En Pvc Hogar Impermeable 50*50cm - Color: Negro - Nombre del diseño: D013,http://http2.mlstatic.com/D_600525-MLV74198098765_012024-O.webp,MASS1412
28344730-783523,Panel Decorativo 3d En Pvc Hogar Impermeable 50*50cm - Color: Blanco - Nombre del diseño: D013,http://http2.mlstatic.com/D_968745-MLV86897173205_062025-O.webp,MASS1411
MASS1416,Panel Decorativo 3d En Pvc Hogar Impermeable 50*50cm - Color: Negro - Nombre del diseño: D003,http://http2.mlstatic.com/D_829580-MLV74198064575_012024-O.webp,MASS1416
MASS1562,Panel Decorativo 3d En Pvc Hogar Impermeable 50*50cm - Color: Blanco - Nombre del diseño: D094,http://http2.mlstatic.com/D_902694-MLV86897352141_062025-O.webp,MASS1562
MASS1414,Panel Decorativo 3d En Pvc Hogar Impermeable 50*50cm - Color: Negro - Nombre del diseño: D094,http://http2.mlstatic.com/D_859804-MLV74090006596_012024-O.webp,MASS1414
MASS1415,Panel Decorativo 3d En Pvc Hogar Impermeable 50*50cm - Color: Blanco - Nombre del diseño: D003,http://http2.mlstatic.com/D_781213-MLV86897351483_062025-O.webp,MASS1415
MASS1741,Panel Decorativo 3d En Pvc Hogar Impermeable 50*50cm - Color: Blanco - Nombre del diseño: D017,http://http2.mlstatic.com/D_712937-MLV86576925820_062025-O.webp,MASS1741
MASS1740,Panel Decorativo 3d En Pvc Hogar Impermeable 50*50cm - Color: Negro - Nombre del diseño: D088,http://http2.mlstatic.com/D_981685-MLV77221663283_062024-O.webp,MASS1740
MASS1742,Panel Decorativo 3d En Pvc Hogar Impermeable 50*50cm - Color: Negro - Nombre del diseño: D017,http://http2.mlstatic.com/D_648277-MLV77011058412_062024-O.webp,MASS1742
28344730-783529,Panel Decorativo 3d En Pvc Hogar Impermeable 50*50cm - Color: Negro - Nombre del diseño: D095,http://http2.mlstatic.com/D_937321-MLV74198567805_012024-O.webp,MASS1561
28344730-783528,Panel Decorativo 3d En Pvc Hogar Impermeable 50*50cm - Color: Blanco - Nombre del diseño: D095,http://http2.mlstatic.com/D_728665-MLV74090314790_012024-O.webp,MASS1413
MASS1013,Masajeador Electrico De Cuello Y Cuerpo Relajante Portatil - Color: Negro,http://http2.mlstatic.com/D_725941-MLV80918763367_112024-O.webp,MASS1013
27780553-703700,Cuerda De Saltar Ajustable Deportiva Fitness Aerobic Cardio - Color: Negro,http://http2.mlstatic.com/D_793296-MLV54737564113_032023-O.webp,MASS0934
MASS0765,Humidificador Difusor De Aroma Con Luces Led Usb Domo Usb - COLOR: Verde,http://http2.mlstatic.com/D_845182-MLV79108575833_092024-O.webp,MASS0765
MASS0633,Transmisor Receptor Bluetooth 5.0 Antena 2en1 Adaptador Aux,https://http2.mlstatic.com/D_693926-MLV50789996955_072022-O.webp,MASS0633
MASS0412,Regleta Electrónica De 6 Tomas 110v/15amp,https://http2.mlstatic.com/D_834077-MLV80658667614_112024-O.webp,MASS0412
MASS0763,Humidificador Difursor De Aroma Luces Led + 1 Esencia 15 Ml - Color: Blanco,,MASS0763
MASS0098,Cable Hdmi A Hdmi 1.5mts  Goma Blister Ps3 Xbox Ps4 Tienda,,MASS0098
26589180-793450,Humidificador Difusor De Aroma Con Luces Led Usb Colorful - COLOR: Verde,http://http2.mlstatic.com/D_726425-MLV79108044247_092024-O.webp,MASS0765
1551834-622748,Video Balun Pasivo Para Cámara De Seguridad El Par - Color: Gris,http://http2.mlstatic.com/D_614410-MLV80919419379_112024-O.webp,MASS0617
26589180-702430,Humidificador Difusor De Aroma Con Luces Led Usb Colorful - COLOR: ROSADO,http://http2.mlstatic.com/D_739095-MLV79108260265_092024-O.webp,MASS0764
28820309-816216,Molde Redondo De Silicona 2.4l Antiadherente Genérica - Color: Rosa,http://http2.mlstatic.com/D_700827-MLV78156265252_082024-O.webp,MASS1791
27363635-803254,Bala Vibradora Estimuladora De Punto G Clitoris Pasteles - Color: Azul,http://http2.mlstatic.com/D_721437-MLV76988416835_062024-O.webp,MASS1758
27363635-733620,Bala Vibradora Estimuladora De Punto G Clitoris Pasteles - Color: Rosa,http://http2.mlstatic.com/D_850468-MLV76988446091_062024-O.webp,MASS0802
27313277-646933,Rodillera Elastica De Compresion Ajustable Deportiva Unisex - TALLA: XXL,https://i.postimg.cc/bv4hBXn3/Captura-de-pantalla-2026-06-15-125709.png,MASS0788
27313277-646932,Rodillera Elastica De Compresion Ajustable Deportiva Unisex - TALLA: XL,https://i.postimg.cc/bv4hBXn3/Captura-de-pantalla-2026-06-15-125709.png,MASS0787
27313277-646931,Rodillera Elastica De Compresion Ajustable Deportiva Unisex - TALLA: L,https://i.postimg.cc/bv4hBXn3/Captura-de-pantalla-2026-06-15-125709.png,MASS0786
27313277-646930,Rodillera Elastica De Compresion Ajustable Deportiva Unisex - TALLA: M,https://i.postimg.cc/bv4hBXn3/Captura-de-pantalla-2026-06-15-125709.png,MASS0785
28692549-908243,Huevo Tenga Masturbador De Pene Ultra Flexible Maximo Placer - Color: Blanco - Tipo de orificio: STEPPER,http://http2.mlstatic.com/D_903868-MLV84233056695_042025-O.webp,MASS1702
28692549-908241,Huevo Tenga Masturbador De Pene Ultra Flexible Maximo Placer - Color: Blanco - Tipo de orificio: CLICKER,http://http2.mlstatic.com/D_895709-MLV84232544519_042025-O.webp,MASS1704
28692549-798548,Huevo Tenga Masturbador De Pene Ultra Flexible Maximo Placer - Color: Blanco - Tipo de orificio: Spider,http://http2.mlstatic.com/D_915020-MLV77037537869_062024-O.webp,MASS1700
MASS2097,Cepillo Facial Exfoliador Masajeador 2 En 1 De Doble Cara - Tipo: Dorado,http://http2.mlstatic.com/D_709629-MLV98245891059_112025-O.webp,MASS2097
MASS0510,Pito Silbato Plastico Arbitro Deportivo Fitness Crossfit,https://http2.mlstatic.com/D_902745-MLV51759478010_092022-O.webp,MASS0510
25907588-560820,Cargador Para Reloj Inteligente Smartwatch T500 - Color: Negro,http://http2.mlstatic.com/D_839085-MLV71041555767_082023-O.webp,MASS0121
11519736-251170,Lampara Panel Led 6w Superficial Techo Cuadrada  Tienda - Color de la estructura: Blanco,http://http2.mlstatic.com/D_966731-MLV42432942254_072020-O.webp,MASS0262
MASS0747,Consolador Vaso Forma Pene Despedida Shot  Juego Sexual,https://http2.mlstatic.com/D_914272-MLV51606730402_092022-O.webp,MASS0747
11520730,Linterna Led Táctica Recargable Genérica 511 Aluminio,https://http2.mlstatic.com/D_960526-MLV53005854914_122022-O.webp,
MASS1093,Base Porta Teléfono 4.7 Pulgada - 13 Pulgada Celular Mp4,https://http2.mlstatic.com/D_849281-MLV54980294768_042023-O.webp,MASS1093
28583992,Base Porta Teléfono 4.7 Pulgada - 13 Pulgada Celular,https://http2.mlstatic.com/D_784542-MLV81131093936_122024-O.webp,
MASS1811,Mascarillas Hidratantes De Arcilla Facial Para Acne Y Grasa - Tipo de piel: Mixta,http://http2.mlstatic.com/D_729315-MLV78187701334_082024-O.webp,MASS1811
MASS1812,Mascarillas Hidratantes De Arcilla Facial Para Acne Y Grasa - Tipo de piel: Grasa,http://http2.mlstatic.com/D_914292-MLV78187766726_082024-O.webp,MASS1812
28594856-793393,Juego De Pelador De Verduras Con Almacen De Plastico - Color: Verde,,MASS1519
28594856-793392,Juego De Pelador De Verduras Con Almacen De Plastico - Color: ROJO,http://http2.mlstatic.com/D_890052-MLV86899653039_062025-O.webp,MASS1519
MASS1286,Mascarilla Facial Puntos Negros Comedon Pilaten Acne Remueve - Tipo de piel: Mixta,http://http2.mlstatic.com/D_927018-MLV80911397067_112024-O.webp,MASS1286
MASS1082,Cortador De Piñas Acero Inoxidable,https://http2.mlstatic.com/D_601459-MLV80655416488_112024-O.webp,MASS1082
MASS1321,Bombillos Led Mini Party Light Fiesta Discoteca Tienda  - Color de la luz: RGB,http://http2.mlstatic.com/D_938470-MLV80918951365_112024-O.webp,MASS1321
MASS0572,Transformador Adaptador 12v 2amp Camara Decodificador,,MASS0572
MASS0172,Convertidor Hdmi A Vga Video Monitor Laptop Ps3 Ps4 Xbox,https://http2.mlstatic.com/D_770492-MLV80922949533_112024-O.webp,MASS0172
MASS0332,Mouse Usb Lenovo Optico De Cable Original Somos Tienda - Color: Negro,http://http2.mlstatic.com/D_865926-MLV80654943918_112024-O.webp,MASS0332
1551802-251095,Tarjeta De Sonido Usb 7.1 Virtual Control De Volumen  - Color: Negro,http://http2.mlstatic.com/D_901668-MLV80918622763_112024-O.webp,MASS0536
26580327-619113,Lubricante A Base De Agua Vaginal Y Anal Sexual 100 Ml - Sabor: Limón,,MASS0699
26580327-602128,Lubricante A Base De Agua Vaginal Y Anal Sexual 100 Ml - Sabor: Frutilla,,MASS0700
26580327-619114,Lubricante A Base De Agua Vaginal Y Anal Sexual 100 Ml - Sabor: Cereza,,MASS0698
MASS2244,Aceite Potenciador Viagra Agrandador Para Pene Xxxl Oil,https://http2.mlstatic.com/D_938043-MLV98739504926_112025-O.webp,MASS2244
12686037-733445,Anillo Vibrador Masajeador Retardante Estimula Clitoris - Color: Negro,http://http2.mlstatic.com/D_854191-MLV77165103257_062024-O.webp,MASS0019
12686037-508289,Anillo Vibrador Masajeador Retardante Estimula Clitoris - Color: Fucsia,http://http2.mlstatic.com/D_651818-MLV77165406309_062024-O.webp,MASS0020
12686037-733444,Anillo Vibrador Masajeador Retardante Estimula Clitoris - Color: Morado,http://http2.mlstatic.com/D_665834-MLV96150621337_102025-O.webp,MASS0018
28355194-784342,Papel Fotografico Inkjet 240 Gr. 20 Hojas - Color: Blanco,http://http2.mlstatic.com/D_601227-MLV84429147709_052025-O.webp,MASS1361
30834035-871818,Alfombra De Peluche Bebe Gruesas Suaves Lavables - Ancho: 30 cm - Color: Rosa claro - Diseño de la tela: Terciopelo - Largo: 30 cm,http://http2.mlstatic.com/D_645150-MLV96066693150_102025-O.webp,MASS1894
30834035-871816,Alfombra De Peluche Bebe Gruesas Suaves Lavables - Ancho: 30 cm - Color: Caqui - Diseño de la tela: Terciopelo - Largo: 30 cm,http://http2.mlstatic.com/D_648728-MLV96067068914_102025-O.webp,MASS1893
30834035-871817,Alfombra De Peluche Bebe Gruesas Suaves Lavables - Ancho: 30 cm - Color: Gris oscuro - Diseño de la tela: Terciopelo - Largo: 30 cm,http://http2.mlstatic.com/D_620240-MLV96066307868_102025-O.webp,MASS1892
30834035-871815,Alfombra De Peluche Bebe Gruesas Suaves Lavables - Ancho: 30 cm - Color: Blanco - Diseño de la tela: Terciopelo - Largo: 30 cm,http://http2.mlstatic.com/D_750792-MLV96510185823_102025-O.webp,MASS1891
30834035-871814,Alfombra De Peluche Bebe Gruesas Suaves Lavables - Ancho: 30 cm - Color: Negro - Diseño de la tela: Terciopelo - Largo: 30 cm,http://http2.mlstatic.com/D_754340-MLV96066305734_102025-O.webp,MASS1890
MASS0696,Lubricante A Base De Agua Vaginal Y Anal Sexual 30 Ml - Sabor: Uva,http://http2.mlstatic.com/D_698963-MLV71007686607_082023-O.webp,MASS0696
MASS0697,Lubricante A Base De Agua Vaginal Y Anal Sexual 30 Ml - Sabor: Banana,http://http2.mlstatic.com/D_961543-MLV71006953769_082023-O.webp,MASS0697
MASS1752,Panel Decorativo 3d Para Pared Autoadhesivo Forma Acanalada - Color: Coral claro - Nombre del diseño: Acanalado,http://http2.mlstatic.com/D_907775-MLV76932022330_062024-O.webp,MASS1752
28737577-813459,Panel Decorativo 3d Para Pared Autoadhesivo Forma Acanalada - Color: Amarillo - Nombre del diseño: Acanalado,http://http2.mlstatic.com/D_968680-MLV77892710068_082024-O.webp,MASS1751
MASS1753,Panel Decorativo 3d Para Pared Autoadhesivo Forma Acanalada - Color: Gris - Nombre del diseño: Acanalado,http://http2.mlstatic.com/D_851155-MLV77141687855_062024-O.webp,MASS1753
MASS1754,Panel Decorativo 3d Para Pared Autoadhesivo Forma Acanalada - Color: Negro - Nombre del diseño: Acanalado,http://http2.mlstatic.com/D_815324-MLV77141144429_062024-O.webp,MASS1754
28343343-804528,Panel Decorativo 3d Para Pared Autoadhesivo Variedad Modelos - Color: Acanalado Marron,http://http2.mlstatic.com/D_675089-MLV76933198244_062024-O.jpg,MASS1756
28343343-783229,Panel Decorativo 3d Para Pared Autoadhesivo Variedad Modelos - Color: Azul,,MASS1420
28343343-804526,Panel Decorativo 3d Para Pared Autoadhesivo Variedad Modelos - Color: Acanalado Blanco,http://http2.mlstatic.com/D_832931-MLV86576841608_062025-O.jpg,MASS1750
28343343-804527,Panel Decorativo 3d Para Pared Autoadhesivo Variedad Modelos - Color: Acanalado Coral Claro,http://http2.mlstatic.com/D_607480-MLV86898271049_062025-O.jpg,MASS1752
28343343-783228,Panel Decorativo 3d Para Pared Autoadhesivo Variedad Modelos - Color: Verde,,MASS1422
28343343-804529,Panel Decorativo 3d Para Pared Autoadhesivo Variedad Modelos - Color: Acanalado Gris,http://http2.mlstatic.com/D_930315-MLV76933030202_062024-O.jpg,MASS1753
28343343-804530,Panel Decorativo 3d Para Pared Autoadhesivo Variedad Modelos - Color: Acanalado Negro,http://http2.mlstatic.com/D_683867-MLV77142854909_062024-O.jpg,MASS1754
28343343-813460,Panel Decorativo 3d Para Pared Autoadhesivo Variedad Modelos - Color: Amarillo,http://http2.mlstatic.com/D_677803-MLV86577079952_062025-O.jpg,28343343-813460
28343343-783227,Panel Decorativo 3d Para Pared Autoadhesivo Variedad Modelos - Color: Rosa chicle,,MASS1421
28343343-783225,Panel Decorativo 3d Para Pared Autoadhesivo Variedad Modelos - Color: Negro,http://http2.mlstatic.com/D_746287-MLV80912127415_112024-O.webp,MASS1417
28343343-783226,Panel Decorativo 3d Para Pared Autoadhesivo Variedad Modelos - Color: Plateado,http://http2.mlstatic.com/D_940333-MLV80912088843_112024-O.webp,MASS1419
28343343-783224,Panel Decorativo 3d Para Pared Autoadhesivo Variedad Modelos - Color: Blanco,http://http2.mlstatic.com/D_807321-MLV80648785574_112024-O.webp,MASS1418
MASS0917,Exprimidor De Limon Manual Acrilico Tipo Taza Naranjas Fruta,https://http2.mlstatic.com/D_942796-MLV54436608397_032023-O.webp,MASS0917
28737577-804633,Panel Decorativo 3d Para Pared Autoadhesivo Forma Acanalada - Color: Marrón - Nombre del diseño: Acanalado,http://http2.mlstatic.com/D_631788-MLV76932052030_062024-O.webp,MASS1756
28737577-804637,Panel Decorativo 3d Para Pared Autoadhesivo Forma Acanalada - Color: Blanco - Nombre del diseño: Acanalado,http://http2.mlstatic.com/D_830899-MLV76932022356_062024-O.webp,MASS1750
MASS2492,Panel De Mosaico Azulejo Vinil Autoadhesivo Cocina 29x23 - Color: Marrón claro - Nombre del diseño: PDD003,http://http2.mlstatic.com/D_661994-MLV107811073419_022026-O.webp,MASS2492
MASS2491,Panel De Mosaico Azulejo Vinil Autoadhesivo Cocina 29x23 - Color: Negro - Nombre del diseño: YJC0246,http://http2.mlstatic.com/D_643270-MLV107520137641_022026-O.webp,MASS2491
MASS2490,Panel De Mosaico Azulejo Vinil Autoadhesivo Cocina 29x23 - Color: Azul - Nombre del diseño: PDD004,http://http2.mlstatic.com/D_627625-MLV106844114456_022026-O.webp,MASS2490
MASS2489,Panel De Mosaico Azulejo Vinil Autoadhesivo Cocina 29x23 - Color: Verde - Nombre del diseño: YJC0181,http://http2.mlstatic.com/D_997003-MLV107519868365_022026-O.webp,MASS2489
MASS2488,Panel De Mosaico Azulejo Vinil Autoadhesivo Cocina 29x23 - Color: Marrón - Nombre del diseño: DZ023,http://http2.mlstatic.com/D_687362-MLV107579628897_022026-O.webp,MASS2488
MASS2487,Panel De Mosaico Azulejo Vinil Autoadhesivo Cocina 29x23 - Color: Blanco - Nombre del diseño: DZ022,http://http2.mlstatic.com/D_734003-MLV106902414320_022026-O.webp,MASS2487
MASS2486,Panel De Mosaico Azulejo Vinil Autoadhesivo Cocina 29x23 - Color: Blanco - Nombre del diseño: YJCO203,http://http2.mlstatic.com/D_938740-MLV106901281458_022026-O.webp,MASS2486
MASS2485,Panel De Mosaico Azulejo Vinil Autoadhesivo Cocina 29x23 - Color: Azul - Nombre del diseño: YJC0180,http://http2.mlstatic.com/D_727421-MLV106900330974_022026-O.webp,MASS2485
MASS2484,Panel De Mosaico Azulejo Vinil Autoadhesivo Cocina 29x23 - Color: Negro - Nombre del diseño: YJC0178,http://http2.mlstatic.com/D_876036-MLV106902261848_022026-O.webp,MASS2484
MASS2483,Panel De Mosaico Azulejo Vinil Autoadhesivo Cocina 29x23 - Color: Verde - Nombre del diseño: YJC0177,http://http2.mlstatic.com/D_693945-MLV107580664833_022026-O.webp,MASS2483
MASS2111,Recolector De Polvo Para Taladro Recogedor Accesorio,https://http2.mlstatic.com/D_608065-MLV95081039223_102025-O.webp,MASS2111
MASS2269,Brazalete Funda Porta Celular Universal Gym Ejercicio Correr - Color: Rosa - Nombre del diseño: Brazalete,,MASS2269
MASS2266,Brazalete Funda Porta Celular Universal Gym Ejercicio Correr - Color: Rojo - Nombre del diseño: Brazalete,,MASS2266
MASS2270,Brazalete Funda Porta Celular Universal Gym Ejercicio Correr - Color: Naranja - Nombre del diseño: Brazalete,,MASS2270
MASS2268,Brazalete Funda Porta Celular Universal Gym Ejercicio Correr - Color: Azul oscuro - Nombre del diseño: Brazalete,,MASS2268
MASS2267,Brazalete Funda Porta Celular Universal Gym Ejercicio Correr - Color: Azul claro - Nombre del diseño: Brazalete,,MASS2267
MASS2198,Brazalete Funda Porta Celular Universal Gym Ejercicio Correr - Color: Negro - Nombre del diseño: Brazalete,http://http2.mlstatic.com/D_995229-MLV95241179301_102025-O.webp,MASS2198
25827830-635041,Manos Libres Auricular Tubo Acústico Para Radio Baofeng  - Color: Negro - Color de la luz: NO,http://http2.mlstatic.com/D_870432-MLV80918755249_112024-O.webp,MASS0273
27970739-677489,Cepillo Limpiador De Audifonos Earbud 3 En 1 Multiproposito  - Color: Blanco,http://http2.mlstatic.com/D_629522-MLV80658746146_112024-O.webp,MASS0969
28350544-783900,Panel Decorativo Autoadhesivo Marmolizado Sticker Hogar  - Color: Negro - Nombre del diseño: HAYE-09,http://http2.mlstatic.com/D_950866-MLV96642236505_102025-O.webp,MASS1423
28596339-793405,Pelador Multiuso De Verduras Frutas Vegetales Cocina Chef - Color: Rojo,http://http2.mlstatic.com/D_610251-MLV75646538479_042024-O.webp,MASS1534
28596339-793406,Pelador Multiuso De Verduras Frutas Vegetales Cocina Chef - Color: Verde,http://http2.mlstatic.com/D_725216-MLV75488412312_042024-O.webp,MASS1608
28596339-787402,Pelador Multiuso De Verduras Frutas Vegetales Cocina Chef - Color: Azul,http://http2.mlstatic.com/D_769946-MLV75488411882_042024-O.webp,MASS1609
28350544-783905,Panel Decorativo Autoadhesivo Marmolizado Sticker Hogar  - Color: Ocre - Nombre del diseño: HAYE-08,http://http2.mlstatic.com/D_817699-MLV96641805533_102025-O.webp,MASS1427
MASS1428,Panel Decorativo Autoadhesivo Marmolizado Sticker Hogar  - Color: Blanco - Nombre del diseño: HAYE-30,http://http2.mlstatic.com/D_955550-MLV74147732678_012024-O.webp,MASS1428
28350544-783904,Panel Decorativo Autoadhesivo Marmolizado Sticker Hogar  - Color: Gris - Nombre del diseño: HAYE-54,http://http2.mlstatic.com/D_943252-MLV96642356827_102025-O.webp,MASS1425
28350544-783902,Panel Decorativo Autoadhesivo Marmolizado Sticker Hogar  - Color: Negro - Nombre del diseño: HAYE-76,http://http2.mlstatic.com/D_951594-MLV74148105884_012024-O.webp,MASS1424
28350544-783901,Panel Decorativo Autoadhesivo Marmolizado Sticker Hogar  - Color: Blanco - Nombre del diseño: HAYE-05,http://http2.mlstatic.com/D_836985-MLV96642238463_102025-O.webp,MASS1426
28692657-798495,Mini Bala Vibradora Delfin Vibrador Discreto Impermeable - Color: Naranja,http://http2.mlstatic.com/D_632756-MLV77242239747_062024-O.webp,MASS1689
28692657-798494,Mini Bala Vibradora Delfin Vibrador Discreto Impermeable - Color: Azul acero,http://http2.mlstatic.com/D_835982-MLV77242278929_062024-O.webp,MASS1690
28692657-798493,Mini Bala Vibradora Delfin Vibrador Discreto Impermeable - Color: Fucsia,http://http2.mlstatic.com/D_935351-MLV77242239525_062024-O.webp,MASS1688
MASS1003,Limpia Celular Portatil 2 En 1 Para Todo Tipo De Pantallas  - Color: Gris,http://http2.mlstatic.com/D_644162-MLV54982462146_042023-O.webp,MASS1003
MASS1661,Moneda Fisica Bitcoin Brillante Decorativa Btc Crypto,https://http2.mlstatic.com/D_833394-MLV80919556535_112024-O.webp,MASS1661
MASS1211,Cinta Adhesiva Levanta Seno Busto Cubre Pezon Invisible 5 M  - COLOR: NUDE,http://http2.mlstatic.com/D_796902-MLV70587635781_072023-O.webp,MASS1211
MASS0826,Corrector Ortopedico De Juanetes Protector Separador - Color: Blanco - Talla: N A,http://http2.mlstatic.com/D_965871-MLV80918709235_112024-O.webp,MASS0826
26582415-602363,Anillo Retardante Doble Con Lengua Vibradora 10 Velocidades - Color: Rosa,http://http2.mlstatic.com/D_907583-MLV50316735498_062022-O.webp,MASS0687
MASS0120,Cargador Cable Reloj M4 Smartband Smartwatch  - Color: Negro,,MASS0120
23514452-702221,Creyones Color Swell 24 Unidades  - Color del trazo: Variado,http://http2.mlstatic.com/D_945139-MLV47602755151_092021-O.webp,MASS0188
MASS0001,Cable Adaptador 1 Plug A 2 Plug Pc Microfono Y Audio,,MASS0001
MASS0574,Transformador Adaptador 12v 1amp Camaras De Seguridad Modem,https://http2.mlstatic.com/D_944192-MLV76306240892_052024-O.webp,MASS0574
MASS0003,Adaptador Mini Bluetooth Usb Dongle Usb 2.0 Pequeño Y Rapido,https://http2.mlstatic.com/D_923564-MLV31370610598_072019-O.webp,MASS0003
1551964-396844,Cargador Universal Para Baterias Pilas De Teléfono Cámara - Color: Negro,http://http2.mlstatic.com/D_752073-MLV69775930717_062023-O.webp,MASS0123
1551775-508272,Anillo Vibrador Retardante Super Potente Estimula Clitoris - Color: Rosa,http://http2.mlstatic.com/D_856941-MLV73397716769_122023-O.webp,MASS0021
MASS0021,Anillo Vibrador Retardante Super Potente Estimula Clitoris - Color: Morado,,MASS0021
MASS2469,Kit De Eje Giratorio Para Vigas Y Separadores De Ambiente,https://http2.mlstatic.com/D_604777-MLV107729852057_022026-O.webp,MASS2469
MASS1298,Filtro Purificador De Agua Cuello Flexible Turbina Griferia  - Color: Variado,http://http2.mlstatic.com/D_815083-MLV80919424605_112024-O.webp,MASS1298
MASS1297,Filtro Purificador De Agua Multicapas Compacta Para Griferia - Color: Variado,http://http2.mlstatic.com/D_689237-MLV80919937305_112024-O.webp,MASS1297
MASS1068,Organizador De Cables Para Mesa 5 Ranuras Con Adhesivo - Color: Negro,http://http2.mlstatic.com/D_810555-MLV69947807934_062023-O.webp,MASS1068
MASS1029,Protector De Dedos Para Cortar Carne Verduras Frutas Pack 3,https://http2.mlstatic.com/D_907729-MLV69388886231_052023-O.webp,MASS1029
1551775-803246,Anillo Vibrador Retardante Super Potente Estimula Clitoris - Color: Negro,,MASS0021
MASS2691,Pisos Vinil Pvc Autoadhesivo Alto Trafico 2.0mm Por Lamina - HM3026,,MASS2691
MASS2690,Pisos Vinil Pvc Autoadhesivo Alto Trafico 2.0mm Por Lamina - HM3043,https://i.postimg.cc/kMQqpzKg/Captura-de-pantalla-2026-06-24-112437.png,MASS2690
MASS2686,Pisos Vinil Pvc Autoadhesivo Alto Trafico 2.0mm Por Lamina - HM3039,https://i.postimg.cc/kgf5hzrb/Captura-de-pantalla-2026-06-24-112238.png,MASS2686
MASS2687,Pisos Vinil Pvc Autoadhesivo Alto Trafico 2.0mm Por Lamina - HM3020,https://i.postimg.cc/k48q9hHs/Captura-de-pantalla-2026-06-24-112410.png,MASS2687
MASS2688,Pisos Vinil Pvc Autoadhesivo Alto Trafico 2.0mm Por Lamina - HM3018,https://i.postimg.cc/y8QVTR9Y/Captura-de-pantalla-2026-06-24-112337.png,MASS2688
MASS2689,Pisos Vinil Pvc Autoadhesivo Alto Trafico 2.0mm Por Lamina - HM3013,https://i.postimg.cc/NFqGHwXr/Captura-de-pantalla-2026-06-24-112310.png,MASS2689
MASS2312,Mascarilla Hidratacion Facial Rejuvenecimiento Dorada 25g - Tipo de piel: Mixta,http://http2.mlstatic.com/D_789212-MLV102482327814_122025-O.webp,MASS2312
MASS0084,Adaptador Otg Micro Usb Macho A Usb Hembra Tablet Tienda - Color: Blanco,http://http2.mlstatic.com/D_760144-MLV31370499175_072019-O.webp,MASS0084
30650674-859961,Protector Drenaje De Silicona Para Duchas Fregadero Baños - Color: Gris,,MASS1826
30650674-859960,Protector Drenaje De Silicona Para Duchas Fregadero Baños - Color: Blanco,http://http2.mlstatic.com/D_661263-MLV80298467244_112024-O.webp,MASS1827
28599932-787845,Llavero Destapador De Botellas Multiuso Acero Inoxidable - Color: Negro,http://http2.mlstatic.com/D_676543-MLV74675800041_022024-O.webp,MASS1542
MASS1617,Llavero Destapador De Botellas Multiuso Acero Inoxidable - Color: Plateado,http://http2.mlstatic.com/D_930814-MLV75667380003_042024-O.webp,MASS1617
MASS0773,Pega En Barra Elmer´s 7gr 0.24oz,https://http2.mlstatic.com/D_964848-MLV47583298868_092021-O.webp,MASS0773
MASS3063,Sobre de Barajitas Album Mundial 2026 Panini,https://storage.mercas.ist/cashea/new_6a01e94bce8fc4.24587289.png,MASS3063
MASS2797,Esencias Aromaticas Aceites Humidificador Hankey - Oceano,https://i.postimg.cc/BLxtV4QV/Captura-de-pantalla-2026-07-29-125300.png,MASS2797
MASS2796,Esencias Aromaticas Aceites Humidificador Hankey - Bambu,https://i.postimg.cc/BLxtV4QV/Captura-de-pantalla-2026-07-29-125300.png,MASS2796
MASS2795,Esencias Aromaticas Aceites Humidificador Hankey - Gardenia,https://i.postimg.cc/BLxtV4QV/Captura-de-pantalla-2026-07-29-125300.png,MASS2795
MASS2794,Esencias Aromaticas Aceites Humidificador Hankey - Sandalo,https://i.postimg.cc/BLxtV4QV/Captura-de-pantalla-2026-07-29-125300.png,MASS2794
MASS2793,Esencias Aromaticas Aceites Humidificador Hankey - Naranja,https://i.postimg.cc/BLxtV4QV/Captura-de-pantalla-2026-07-29-125300.png,MASS2793
MASS2792,Esencias Aromaticas Aceites Humidificador Hankey - Jazmin,https://i.postimg.cc/BLxtV4QV/Captura-de-pantalla-2026-07-29-125300.png,MASS2792
MASS2791,Esencias Aromaticas Aceites Humidificador Hankey - Rosa,https://i.postimg.cc/BLxtV4QV/Captura-de-pantalla-2026-07-29-125300.png,MASS2791
MASS2790,Esencias Aromaticas Aceites Humidificador Hankey - Lavanda,https://i.postimg.cc/BLxtV4QV/Captura-de-pantalla-2026-07-29-125300.png,MASS2790
MASS2789,Esencias Aromaticas Aceites Humidificador Hankey - Limon,https://i.postimg.cc/BLxtV4QV/Captura-de-pantalla-2026-07-29-125300.png,MASS2789
MASS2788,Esencias Aromaticas Aceites Humidificador Hankey - Vainilla,https://i.postimg.cc/BLxtV4QV/Captura-de-pantalla-2026-07-29-125300.png,MASS2788
MASS2787,Esencias Aromaticas Aceites Humidificador Hankey - Lirio,https://i.postimg.cc/BLxtV4QV/Captura-de-pantalla-2026-07-29-125300.png,MASS2787
MASS2786,Esencias Aromaticas Aceites Humidificador Hankey - Freesia,https://i.postimg.cc/BLxtV4QV/Captura-de-pantalla-2026-07-29-125300.png,MASS2786