Codigo Articulo,cuadrante,clase_abc,nivel_servicio,stock_actual,rop,demanda_esperada_lt,ss_empirico,mu_incondicional,mu_sba,adi,cv2,n_pos,n_semanas_historia,weeks_history,cajas_a_pedir,unidades_a_pedir,cbm_total_pedido,inversion_fob_usd,costo_final,cantidad_por_caja,CBMM,estado,requiere_pedido
MASS3063,erratic,AA,0.97,0.0,50500.11995292235,38657.99999999999,11842.119952922358,2577.1999999999994,2577.1999999999994,1.231,1.6373,13,16,14.857142857142858,4126,4126,206.3,4126.0,1.0,1.0,0.05,REORDENAR,True
MASS0927,erratic,AA,0.97,7.0,3724.8288819095337,2232.5191489361705,1492.3097329733632,148.83460992907803,148.83460992907803,1.294,1.137,109,141,140.42857142857142,35,2100,0.9528749999999999,2436.0,1.16,60.0,0.027225,REORDENAR,True
MASS0518,lumpy,AA,0.97,1.0,2246.3,1203.2913669064749,1043.008633093525,80.21942446043165,80.21942446043165,1.655,1.0403,84,139,138.14285714285714,4,1200,0.232128,1032.0,0.86,300.0,0.058032,REORDENAR,True
MASS0722,erratic,AA,0.97,0.0,2253.206081820877,1550.8186813186812,702.3874005021959,103.38791208791208,103.38791208791208,1.0,0.8027,91,91,89.85714285714286,827,827,41.35,827.0,1.0,1.0,0.05,REORDENAR,True
MASS0040,erratic,AA,0.97,4.0,1607.149941353795,777.7816901408451,829.36825121295,51.852112676056336,51.852112676056336,1.279,2.412,111,142,141.42857142857142,10,1000,0.5,1850.0,1.85,100.0,0.05,REORDENAR,True
MASS1575,lumpy,AA,0.97,3900.0,2584.0000000000014,822.9761904761905,1761.023809523811,54.86507936507937,54.86507936507937,2.25,2.7252,56,126,125.71428571428571,0,0,0.0,0.0,1.0,1.0,0.05,OK,False
MASS1983,lumpy,AA,0.97,57.0,1680.5999999999995,912.4177215189869,768.1822784810124,60.82784810126579,60.82784810126579,1.756,4.2879,45,79,78.28571428571429,33,792,0.5288456250000001,712.8000000000001,0.9,24.0,0.016025625,REORDENAR,True
MASS2072,lumpy,AA,0.97,4681.0,1395.4099999999999,1308.1470588235293,87.26294117647063,87.20980392156862,87.20980392156862,1.5,2.917,34,51,50.42857142857143,0,0,0.0,0.0,0.01,2.0,0.05,OK,False
MASS1061,lumpy,AA,0.97,331.0,745.1999999999999,408.0105633802816,337.1894366197183,27.20070422535211,27.20070422535211,1.511,2.1736,94,142,141.42857142857142,18,360,1.151334,892.8,2.48,20.0,0.063963,REORDENAR,True
MASS1418,lumpy,AA,0.97,18.0,612.0,382.4565217391304,229.54347826086962,25.49710144927536,25.49710144927536,1.725,1.9455,80,138,136.85714285714286,4,400,0.2,156.0,0.39,100.0,0.05,REORDENAR,True
MASS0274,lumpy,AA,0.97,1.0,828.9000000000001,401.4928057553957,427.4071942446044,26.76618705035971,26.76618705035971,1.527,1.3682,91,139,138.14285714285714,4,400,0.27824,320.0,0.8,100.0,0.06956,REORDENAR,True
MASS1417,lumpy,AA,0.97,9.0,564.3,347.95652173913044,216.34347826086952,23.19710144927536,23.19710144927536,1.84,2.2019,75,138,137.42857142857142,4,400,0.2,156.0,0.39,100.0,0.05,REORDENAR,True
MASS0422,lumpy,AA,0.97,2.0,574.3,336.65492957746477,237.64507042253524,22.443661971830984,22.443661971830984,1.434,1.5453,99,142,141.14285714285714,3,300,0.202272,420.0,1.4,100.0,0.067424,REORDENAR,True
MASS0634,lumpy,AA,0.97,1.0,467.9,271.3996478873239,196.50035211267607,18.093309859154928,18.093309859154928,1.578,3.6709,90,142,141.28571428571428,3,300,0.160218,540.0,1.8,100.0,0.053406,REORDENAR,True
MASS0889,lumpy,AA,0.97,0.0,808.9,322.2042253521127,486.6957746478873,21.480281690140846,21.480281690140846,2.088,0.7488,68,142,141.42857142857142,14,280,0.5436375,672.0,2.4,20.0,0.03883125,REORDENAR,True
MASS0137,lumpy,AA,0.97,1.0,390.2,272.53521126760563,117.66478873239436,18.169014084507044,18.169014084507044,1.34,3.013,106,142,141.42857142857142,8,240,1.040364,720.0,3.0,30.0,0.1300455,REORDENAR,True
MASS1904,lumpy,AA,0.97,60.0,1045.1,568.7054794520548,476.3945205479451,37.913698630136984,37.913698630136984,1.553,1.3907,47,73,71.85714285714286,10,500,0.62208,1450.0,2.9,50.0,0.062208,REORDENAR,True
MASS1230,erratic,AA,0.97,3.0,596.7914765018924,246.52816901408445,350.2633074878079,16.43521126760563,16.43521126760563,1.303,3.9431,109,142,141.28571428571428,268,268,13.4,996.96,3.72,1.0,0.05,REORDENAR,True
MASS1058,lumpy,AA,0.97,95.0,362.99999999999983,248.66197183098583,114.338028169014,16.57746478873239,16.57746478873239,1.379,3.8953,103,142,141.28571428571428,5,250,0.319815,295.0,1.18,50.0,0.063963,REORDENAR,True
MASS1315,lumpy,AA,0.97,2.0,409.9,267.306338028169,142.59366197183095,17.820422535211268,17.820422535211268,1.711,1.8673,83,142,141.14285714285714,3,300,0.15264,750.0,2.5,100.0,0.05088,REORDENAR,True
MASS1377,lumpy,AA,0.97,126.0,485.4399999999994,270.1056338028168,215.33436619718256,18.00704225352112,18.00704225352112,1.464,1.2339,97,142,141.28571428571428,24,240,2.309076,2256.0,9.4,10.0,0.0962115,REORDENAR,True
MASS0292,lumpy,AA,0.97,1.0,642.6999999999998,247.03521126760558,395.66478873239424,16.469014084507037,16.469014084507037,1.945,1.8338,73,142,141.28571428571428,11,220,0.55,858.0,3.9,20.0,0.05,REORDENAR,True
MASS0942,lumpy,AA,0.97,3.0,473.0,261.443661971831,211.55633802816902,17.429577464788732,17.429577464788732,1.495,1.3053,95,142,141.28571428571428,2,400,0.14714865,1880.0,4.7,200.0,0.073574325,REORDENAR,True
MASS0752,lumpy,AA,0.97,0.0,546.9999999999997,259.99119718309856,287.0088028169011,17.332746478873236,17.332746478873236,1.578,1.736,90,142,141.14285714285714,3,300,0.114939,480.0,1.6,100.0,0.038313,REORDENAR,True
MASS1525,erratic,AA,0.97,1.0,513.843945452224,295.68,218.16394545222408,19.712,19.712,1.238,1.4795,101,125,123.85714285714286,28,504,2.286592,1174.32,2.33,18.0,0.081664,REORDENAR,True
MASS1099,lumpy,AA,0.97,0.0,355.29999999999995,195.46478873239428,159.8352112676057,13.030985915492952,13.030985915492952,1.797,2.1345,79,142,141.28571428571428,4,200,0.331968,736.0,3.68,50.0,0.082992,REORDENAR,True
MASS0701,lumpy,AA,0.97,282.0,346.0,220.11111111111111,125.88888888888889,14.674074074074074,14.674074074074074,1.364,1.3153,99,135,134.71428571428572,2,312,0.26796,212.16000000000003,0.68,156.0,0.13398,REORDENAR,True
MASS1039,lumpy,AA,0.97,0.0,787.75,423.9554794520547,363.79452054794524,28.26369863013698,28.26369863013698,1.738,0.8018,42,73,71.85714285714286,19,380,0.9576,2964.0,7.8,20.0,0.0504,REORDENAR,True
MASS1361,lumpy,AA,0.97,1049.0,488.75,205.66901408450704,283.08098591549293,13.711267605633802,13.711267605633802,1.893,1.5418,75,142,141.28571428571428,0,0,0.0,0.0,0.5,70.0,0.05,OK,False
MASS0621,lumpy,AA,0.97,0.0,375.37,209.74647887323943,165.62352112676055,13.983098591549295,13.983098591549295,1.327,1.4947,107,142,141.14285714285714,5,200,0.25,628.0,3.14,40.0,0.05,REORDENAR,True
MASS0850,lumpy,AA,0.97,562.0,462.19999999999993,211.80851063829786,250.39148936170207,14.120567375886525,14.120567375886525,1.584,0.7569,89,141,140.28571428571428,0,0,0.0,0.0,4.5,100.0,0.058696,OK,False
MASS1410,lumpy,AA,0.97,634.0,313.68000000000023,181.8776978417266,131.80230215827365,12.125179856115105,12.125179856115105,2.439,2.0156,57,139,138.28571428571428,0,0,0.0,0.0,2.35,14.0,0.05,OK,False
MASS0021,lumpy,AA,0.97,1.0,362.6500000000002,157.6086956521739,205.04130434782627,10.507246376811594,10.507246376811594,2.091,4.7336,66,138,137.42857142857142,1,300,0.05,60.0,0.2,300.0,0.05,REORDENAR,True
MASS1419,lumpy,AA,0.97,22.0,212.8,148.8970588235294,63.90294117647062,9.926470588235293,9.926470588235293,3.091,4.1078,44,136,135.28571428571428,2,200,0.1,78.0,0.39,100.0,0.05,REORDENAR,True
MASS0733,lumpy,AA,0.97,0.0,311.9999999999999,187.97872340425522,124.02127659574464,12.531914893617015,12.531914893617015,1.584,1.4093,89,141,140.28571428571428,1,250,0.056628,400.0,1.6,250.0,0.056628,REORDENAR,True
MASS0200,lumpy,AA,0.97,252.0,374.2,179.0492957746479,195.1507042253521,11.93661971830986,11.93661971830986,2.536,1.5811,56,142,141.28571428571428,4,200,0.234784,264.0,1.32,50.0,0.058696,REORDENAR,True
MASS1205,lumpy,AA,0.97,0.0,301.6,182.00704225352112,119.59295774647887,12.133802816901408,12.133802816901408,2.119,1.4297,67,142,141.28571428571428,2,200,0.054,172.0,0.86,100.0,0.027,REORDENAR,True
MASS1820,erratic,AA,0.97,1.0,434.3493394599426,267.39130434782606,166.9580351121165,17.82608695652174,17.82608695652174,1.122,1.5416,82,92,91.14285714285714,8,272,0.7722,2230.3999999999996,8.2,34.0,0.096525,REORDENAR,True
MASS0208,lumpy,AA,0.97,1.0,320.1,176.52380952380952,143.5761904761905,11.768253968253967,11.768253968253967,2.032,1.5246,62,126,125.57142857142857,153,153,7.65,153.0,1.0,1.0,0.05,REORDENAR,True
MASS0334,lumpy,AA,0.97,90.0,167.0,125.22887323943661,41.77112676056339,8.348591549295774,8.348591549295774,1.543,7.7989,92,142,141.28571428571428,3,150,0.146205,532.5,3.55,50.0,0.048735,REORDENAR,True
MASS1414,lumpy,AA,0.97,90.0,257.3,164.8913043478261,92.40869565217393,10.992753623188406,10.992753623188406,2.875,1.7753,48,138,137.57142857142858,3,150,0.1875,135.0,0.9,50.0,0.0625,REORDENAR,True
MASS1638,lumpy,AA,0.97,0.0,496.20000000000005,203.69747899159663,292.5025210084034,13.579831932773109,13.579831932773109,1.725,0.8067,69,119,117.85714285714286,1,180,0.379962,54.0,0.3,180.0,0.379962,REORDENAR,True
MASS0918,lumpy,AA,0.97,99.0,220.5799999999999,146.3028169014084,74.27718309859151,9.75352112676056,9.75352112676056,1.449,2.8306,98,142,141.14285714285714,3,180,0.409374,503.99999999999994,2.8,60.0,0.136458,REORDENAR,True
MASS1059,lumpy,AA,0.97,0.0,313.0,154.75352112676057,158.2464788732394,10.316901408450704,10.316901408450704,2.407,1.9115,59,142,141.28571428571428,5,160,0.319815,265.59999999999997,1.66,32.0,0.063963,REORDENAR,True
MASS0687,lumpy,AA,0.97,261.0,248.50000000000003,129.20212765957447,119.29787234042556,8.613475177304965,8.613475177304965,2.765,3.4935,51,141,140.28571428571428,0,0,0.0,0.0,0.35,200.0,0.055614,OK,False
MASS0288,lumpy,AA,0.97,201.0,193.79999999999995,128.8732394366197,64.92676056338024,8.591549295774648,8.591549295774648,1.671,3.4916,85,142,141.14285714285714,0,0,0.0,0.0,2.32,60.0,0.12569825,OK,False
MASS0902,lumpy,AA,0.97,1.0,227.25,143.6436170212766,83.60638297872339,9.576241134751774,9.576241134751774,1.439,2.6038,98,141,140.42857142857142,7,140,0.88704,490.0,3.5,20.0,0.12672,REORDENAR,True
MASS1818,lumpy,AA,0.97,0.0,514.3999999999999,197.41304347826082,316.9869565217391,13.160869565217387,13.160869565217387,2.14,2.9388,43,92,91.14285714285714,4,200,0.14916,650.0,3.25,50.0,0.03729,REORDENAR,True
MASS1562,lumpy,AA,0.97,12.0,308.23999999999967,173.81896551724122,134.42103448275844,11.587931034482748,11.587931034482748,2.367,1.7571,49,116,115.28571428571429,4,200,0.2,170.0,0.85,50.0,0.05,REORDENAR,True
MASS1788,erratic,AA,0.97,0.0,387.75048631566415,196.91176470588235,190.8387216097818,13.127450980392156,13.127450980392156,1.2,3.0452,85,102,101.71428571428571,8,384,0.46008,1459.1999999999998,3.8,48.0,0.05751,REORDENAR,True
MASS1357,lumpy,AA,0.97,231.0,251.93999999999994,146.42957746478865,105.51042253521128,9.76197183098591,9.76197183098591,1.945,1.7922,73,142,141.28571428571428,2,200,0.07328475,196.0,0.98,100.0,0.036642375,REORDENAR,True
MASS1060,lumpy,AA,0.97,0.0,213.77999999999983,121.05633802816897,92.72366197183086,8.070422535211264,8.070422535211264,1.69,4.8101,84,142,141.28571428571428,5,125,0.319815,260.0,2.08,25.0,0.063963,REORDENAR,True
MASS0763,lumpy,AA,0.97,1.0,260.0,126.58273381294964,133.41726618705036,8.43884892086331,8.43884892086331,1.829,3.5004,76,139,138.14285714285714,110,110,5.5,61.60000000000001,0.56,1.0,0.05,REORDENAR,True
MASS1426,lumpy,AA,0.97,71.0,348.35000000000014,144.9908759124088,203.35912408759134,9.666058394160586,9.666058394160586,3.114,2.7038,44,137,136.28571428571428,126,126,6.300000000000001,126.0,1.0,1.0,0.05,REORDENAR,True
MASS1777,lumpy,AA,0.97,539.0,319.2,158.29565217391303,160.90434782608696,10.553043478260868,10.553043478260868,2.556,2.1019,45,115,114.57142857142857,0,0,0.0,0.0,2.35,1.0,0.05,OK,False
MASS1013,lumpy,AA,0.97,3.0,353.80999999999995,186.63235294117638,167.17764705882357,12.442156862745092,12.442156862745092,1.889,1.6612,54,102,101.71428571428571,1,200,0.08386875,130.0,0.65,200.0,0.08386875,REORDENAR,True
MASS0423,lumpy,AA,0.97,1.0,155.42,102.41197183098589,53.00802816901409,6.827464788732393,6.827464788732393,1.711,7.7371,83,142,141.14285714285714,1,100,0.067424,140.0,1.4,100.0,0.067424,REORDENAR,True
MASS0934,lumpy,AA,0.97,409.0,198.74999999999977,146.6911764705881,52.0588235294117,9.779411764705873,9.779411764705873,1.417,3.8653,84,119,117.85714285714286,0,0,0.0,0.0,0.5,100.0,0.06048,OK,False
MASS0825,lumpy,AA,0.97,263.0,269.255,139.2200704225352,130.03492957746477,9.281338028169014,9.281338028169014,2.367,1.5045,60,142,141.28571428571428,3,180,0.21573,588.6,3.27,60.0,0.07191,REORDENAR,True
MASS1402,lumpy,AA,0.97,5.0,230.40000000000003,141.70212765957447,88.69787234042556,9.446808510638299,9.446808510638299,1.741,1.5198,81,141,139.85714285714286,123,123,6.15,1377.6,11.2,1.0,0.05,REORDENAR,True
MASS0113,lumpy,AA,0.97,0.0,328.9999999999999,149.8943661971831,179.1056338028168,9.992957746478874,9.992957746478874,6.455,1.4507,22,142,141.42857142857142,2,200,0.1,332.0,1.66,100.0,0.05,REORDENAR,True
MASS0438,lumpy,AA,0.97,0.0,304.84999999999997,138.4330985915493,166.41690140845066,9.22887323943662,9.22887323943662,2.784,2.2963,51,142,141.28571428571428,2,200,0.094178,480.0,2.4,100.0,0.047089,REORDENAR,True
MASS0783,lumpy,AA,0.97,0.0,216.24999999999997,147.58333333333331,68.66666666666666,9.838888888888889,9.838888888888889,1.607,1.1545,84,135,134.57142857142858,1,200,0.1,94.0,0.47,200.0,0.1,REORDENAR,True
MASS1750,lumpy,AA,0.97,825.0,302.48000000000025,149.45689655172418,153.02310344827606,9.963793103448278,9.963793103448278,2.698,3.0162,43,116,115.28571428571429,0,0,0.0,0.0,1.0,1.0,0.05,OK,False
MASS0066,lumpy,AA,0.97,0.0,231.79999999999998,135.42253521126761,96.37746478873237,9.028169014084508,9.028169014084508,1.893,1.411,75,142,141.14285714285714,12,120,0.5656559999999999,282.0,2.35,10.0,0.047138,REORDENAR,True
MASS1522,lumpy,AA,0.97,0.0,301.49999999999994,158.27999999999997,143.21999999999997,10.551999999999998,10.551999999999998,1.866,2.0356,67,125,123.85714285714286,138,138,0.138,441.6,3.2,1.0,0.001,REORDENAR,True
MASS1322,erratic,AA,0.97,0.0,324.31669670909855,139.44,184.87669670909852,9.296,9.296,1.302,4.1939,96,125,123.85714285714286,19,304,0.9500000000000001,1003.1999999999999,3.3,16.0,0.05,REORDENAR,True
MASS1663,lumpy,AA,0.97,0.0,256.0799999999999,155.69747899159663,100.38252100840333,10.379831932773108,10.379831932773108,1.488,1.7737,80,119,117.85714285714286,4,160,0.46176,152.0,0.95,40.0,0.11544,REORDENAR,True
MASS1766,lumpy,AA,0.97,933.0,340.0,164.3008474576271,175.6991525423729,10.953389830508474,10.953389830508474,7.375,0.586,16,118,116.85714285714286,0,0,0.0,0.0,1.0,1.0,0.05,OK,False
MASS0626,lumpy,AA,0.97,186.0,220.89999999999992,119.65140845070421,101.24859154929571,7.976760563380281,7.976760563380281,2.63,2.9764,54,142,141.28571428571428,1,200,0.151998,158.0,0.79,200.0,0.151998,REORDENAR,True
MASS1657,lumpy,AA,0.97,397.0,311.4000000000001,162.95798319327733,148.44201680672273,10.863865546218488,10.863865546218488,1.608,0.9722,74,119,117.85714285714286,0,0,0.0,0.0,3.6,100.0,0.12824375,OK,False
MASS0826,lumpy,AA,0.97,688.0,201.075,116.43485915492953,84.64014084507046,7.762323943661968,7.762323943661968,1.614,3.2578,88,142,141.14285714285714,0,0,0.0,0.0,0.45,200.0,0.03009,OK,False
MASS1283,lumpy,AA,0.97,0.0,185.3,121.37323943661971,63.926760563380284,8.091549295774648,8.091549295774648,1.868,3.8529,76,142,141.42857142857142,5,120,0.6235425,330.0,2.75,24.0,0.1247085,REORDENAR,True
MASS0823,lumpy,AA,0.97,127.0,237.99999999999997,127.3943661971831,110.60563380281687,8.492957746478874,8.492957746478874,1.392,2.4229,102,142,141.42857142857142,111,111,5.550000000000001,166.5,1.5,1.0,0.05,REORDENAR,True
MASS1083,lumpy,AA,0.97,504.0,273.0,133.79562043795622,139.20437956204378,8.91970802919708,8.91970802919708,2.108,1.0239,65,137,136.57142857142858,0,0,0.0,0.0,1.2,1.0,0.001,OK,False
MASS1874,lumpy,AA,0.97,3.0,625.2499999999998,259.0669014084507,366.1830985915491,17.27112676056338,17.27112676056338,1.479,1.5896,48,71,69.85714285714286,12,240,1.28898,1017.6,4.24,20.0,0.107415,REORDENAR,True
MASS1408,lumpy,AA,0.97,209.0,245.0,130.37956204379557,114.62043795620443,8.691970802919705,8.691970802919705,3.425,1.6342,40,137,136.28571428571428,9,126,0.45,296.1,2.35,14.0,0.05,REORDENAR,True
MASS0702,lumpy,AA,0.97,502.0,176.32,128.17021276595744,48.14978723404256,8.54468085106383,8.54468085106383,1.343,1.0189,105,141,140.28571428571428,0,0,0.0,0.0,0.59,50.0,0.036465,OK,False
MASS2603,erratic,AA,0.97,1310.0,1753.2807076068498,1369.8461538461536,383.43455376069613,91.32307692307691,91.32307692307691,1.0,2.3018,13,13,12.714285714285714,532,532,26.6,3697.4,6.95,1.0,0.05,REORDENAR,True
MASS1324,lumpy,AA,0.97,0.0,167.0,113.00719424460429,53.99280575539571,7.533812949640287,7.533812949640287,2.044,4.4294,68,139,138.28571428571428,98,98,4.9,1097.6,11.2,1.0,0.05,REORDENAR,True
MASS1347,lumpy,AA,0.97,233.0,226.5,118.73239436619718,107.7676056338028,7.915492957746479,7.915492957746479,1.56,1.8694,91,142,141.14285714285714,0,0,0.0,0.0,2.35,24.0,0.05,OK,False
MASS0332,lumpy,AA,0.97,175.0,245.79999999999995,108.35915492957746,137.44084507042248,7.2239436619718305,7.2239436619718305,3.021,3.8108,47,142,141.28571428571428,1,200,0.151998,120.0,0.6,200.0,0.151998,REORDENAR,True
MASS1801,lumpy,AA,0.97,1.0,414.7699999999999,153.58823529411762,261.1817647058823,10.239215686274509,10.239215686274509,1.5,3.1518,68,102,101.71428571428571,2,200,0.112896,1090.0,5.45,100.0,0.056448,REORDENAR,True
MASS0283,erratic,AA,0.97,1.0,214.7133991300513,113.87323943661971,100.8401596934316,7.591549295774648,7.591549295774648,1.303,1.7483,109,142,141.14285714285714,8,320,0.4,832.0,2.6,40.0,0.05,REORDENAR,True
MASS1423,lumpy,AA,0.97,0.0,189.00000000000003,114.73913043478258,74.26086956521745,7.649275362318838,7.649275362318838,4.182,2.3647,33,138,137.42857142857142,100,100,5.0,100.0,1.0,1.0,0.05,REORDENAR,True
MASS1754,lumpy,AA,0.97,876.0,190.60000000000002,123.16810344827589,67.43189655172414,8.211206896551726,8.211206896551726,2.636,4.0488,44,116,115.28571428571429,0,0,0.0,0.0,1.0,1.0,0.05,OK,False
MASS0167,lumpy,AA,0.97,140.0,237.2,121.54225352112677,115.65774647887322,8.10281690140845,8.10281690140845,2.029,1.6516,70,142,141.28571428571428,106,106,5.300000000000001,689.0,6.5,1.0,0.05,REORDENAR,True
MASS0006,lumpy,AA,0.97,0.0,237.0,115.225352112676,121.774647887324,7.681690140845067,7.681690140845067,4.733,2.164,30,142,141.28571428571428,1,100,0.037241325,145.0,1.45,100.0,0.037241325,REORDENAR,True
MASS1655,lumpy,AA,0.97,2.0,471.4000000000003,149.72268907563026,321.67731092437003,9.981512605042017,9.981512605042017,3.5,0.5322,34,119,117.85714285714286,4,144,0.377784,1036.8,7.2,36.0,0.094446,REORDENAR,True
MASS0290,lumpy,AA,0.97,47.0,247.57999999999993,113.97887323943657,133.60112676056335,7.598591549295771,7.598591549295771,1.711,1.3411,83,142,141.28571428571428,5,100,0.25,390.0,3.9,20.0,0.05,REORDENAR,True
MASS0234,lumpy,AA,0.97,29.0,210.1,129.40800000000002,80.69199999999998,8.6272,8.6272,1.866,1.9261,67,125,123.85714285714286,113,113,5.65,158.2,1.4,1.0,0.05,REORDENAR,True
MASS1424,lumpy,AA,0.97,624.0,162.2,91.86131386861314,70.33868613138685,6.124087591240876,6.124087591240876,2.978,3.6394,46,137,136.28571428571428,0,0,0.0,0.0,1.0,1.0,0.05,OK,False
MASS1735,erratic,AA,0.97,0.0,285.3118338730245,109.94612068965515,175.36571318336937,7.329741379310343,7.329741379310343,1.318,5.0026,88,116,115.28571428571429,3,900,0.3444,297.0,0.33,300.0,0.1148,REORDENAR,True
MASS0128,lumpy,AA,0.97,0.0,177.3,109.33098591549292,67.96901408450708,7.288732394366194,7.288732394366194,1.919,1.718,74,142,141.14285714285714,1,100,0.06784,172.0,1.72,100.0,0.06784,REORDENAR,True
MASS1428,lumpy,AA,0.97,16.0,302.7999999999997,116.78102189781015,186.01897810218958,7.78540145985401,7.78540145985401,4.724,2.2558,29,137,136.57142857142858,102,102,5.1000000000000005,102.0,1.0,1.0,0.05,REORDENAR,True
MASS1407,lumpy,AA,0.97,461.0,249.8,114.80597014925372,134.9940298507463,7.653731343283582,7.653731343283582,3.436,1.9183,39,134,133.57142857142858,0,0,0.0,0.0,2.35,1.0,0.05,OK,False
MASS1409,lumpy,AA,0.97,8.0,150.0,91.53284671532847,58.46715328467151,6.102189781021898,6.102189781021898,4.419,3.1195,31,137,136.28571428571428,6,84,0.69513,197.4,2.35,14.0,0.115855,REORDENAR,True
MASS1231,erratic,AA,0.97,105.0,239.0182033326767,117.35294117647052,121.66526215620618,7.823529411764701,7.823529411764701,1.28,2.6044,93,119,117.85714285714286,4,400,0.132804,760.0,1.9,100.0,0.033201,REORDENAR,True
MASS0247,lumpy,AA,0.97,0.0,244.2700000000001,110.01724137931033,134.25275862068975,7.334482758620689,7.334482758620689,1.812,3.5032,64,116,115.28571428571429,96,96,4.800000000000001,96.0,1.0,1.0,0.05,REORDENAR,True
MASS0615,lumpy,AA,0.97,0.0,224.0,138.90000000000003,85.09999999999997,9.260000000000002,9.260000000000002,2.091,0.7695,55,115,114.42857142857143,2,200,0.07128,520.0,2.6,100.0,0.03564,REORDENAR,True
MASS1301,lumpy,AA,0.97,361.0,167.0,112.49999999999997,54.50000000000003,7.499999999999998,7.499999999999998,1.506,1.6134,83,125,123.85714285714286,0,0,0.0,0.0,2.55,1.0,0.05,OK,False
MASS0427,lumpy,AA,0.97,6.0,147.6,100.98591549295774,46.61408450704225,6.732394366197183,6.732394366197183,1.671,1.956,85,142,141.14285714285714,1,100,0.067424,140.0,1.4,100.0,0.067424,REORDENAR,True
MASS0842,lumpy,AA,0.97,15.0,197.60000000000002,107.09892086330936,90.50107913669065,7.139928057553957,7.139928057553957,2.397,1.0947,58,139,138.14285714285714,1,150,0.0156,127.5,0.85,150.0,0.0156,REORDENAR,True
MASS1206,lumpy,AA,0.97,0.0,196.59999999999997,105.54929577464787,91.0507042253521,7.036619718309858,7.036619718309858,2.254,0.9434,63,142,141.28571428571428,6,108,0.45599999999999996,540.0,5.0,18.0,0.076,REORDENAR,True
MASS1671,lumpy,AA,0.97,0.0,227.62999999999982,122.672268907563,104.95773109243683,8.1781512605042,8.1781512605042,1.608,0.913,74,119,117.85714285714286,2,200,0.07875,440.00000000000006,2.2,100.0,0.039375,REORDENAR,True
MASS1379,lumpy,AA,0.97,260.0,198.5,92.85211267605635,105.64788732394364,6.190140845070423,6.190140845070423,2.152,1.9415,66,142,141.28571428571428,0,0,0.0,0.0,2.45,120.0,0.083968,OK,False
MASS0616,lumpy,AA,0.97,64.0,226.19999999999993,126.59999999999997,99.59999999999997,8.439999999999998,8.439999999999998,1.949,1.0712,59,115,114.42857142857143,110,110,5.5,110.0,1.0,1.0,0.05,REORDENAR,True
MASS0818,lumpy,AA,0.97,1.0,246.29999999999995,101.39788732394365,144.9021126760563,6.759859154929576,6.759859154929576,3.381,2.6994,42,142,141.14285714285714,1,100,0.045325,362.0,3.62,100.0,0.045325,REORDENAR,True
MASS1416,lumpy,AA,0.97,264.0,272.0,112.5,159.5,7.5,7.5,5.75,0.5883,24,138,137.42857142857142,2,100,0.1,90.0,0.9,50.0,0.05,REORDENAR,True
MASS0238,lumpy,AA,0.97,0.0,194.29999999999995,101.0492957746479,93.25070422535204,6.73661971830986,6.73661971830986,1.844,2.8472,77,142,141.42857142857142,88,88,4.4,140.8,1.6,1.0,0.05,REORDENAR,True
MASS1528,lumpy,AA,0.97,0.0,182.79999999999998,104.59199999999998,78.208,6.972799999999999,6.972799999999999,1.923,2.9429,65,125,123.85714285714286,2,140,0.1,406.0,2.9,70.0,0.05,REORDENAR,True
MASS0795,lumpy,AA,0.97,0.0,173.5,119.8155737704918,53.68442622950819,7.987704918032787,7.987704918032787,2.392,1.2046,51,122,121.42857142857143,104,104,5.2,104.0,1.0,1.0,0.05,REORDENAR,True
MASS1203,lumpy,AA,0.97,0.0,203.8999999999998,95.00357142857136,108.89642857142844,6.333571428571424,6.333571428571424,2.593,2.4332,54,140,139.28571428571428,2,100,0.124416,204.99999999999997,2.05,50.0,0.062208,REORDENAR,True
MASS1348,lumpy,AA,0.97,0.0,209.89999999999992,99.82394366197184,110.07605633802807,6.654929577464789,6.654929577464789,1.527,2.1772,93,142,141.14285714285714,4,96,0.2,170.88,1.78,24.0,0.05,REORDENAR,True
MASS1745,lumpy,AA,0.97,15.0,242.60000000000002,112.24137931034483,130.3586206896552,7.482758620689655,7.482758620689655,2.275,1.9424,51,116,115.28571428571429,98,98,4.9,176.4,1.8,1.0,0.05,REORDENAR,True
MASS0781,lumpy,AA,0.97,0.0,183.0,109.1111111111111,73.8888888888889,7.274074074074074,7.274074074074074,1.667,1.4916,81,135,134.57142857142858,1,200,0.1,94.0,0.47,200.0,0.1,REORDENAR,True
MASS0721,smooth,AA,0.97,0.0,217.37680446357336,158.64130434782606,58.7355001157473,10.576086956521738,10.576086956521738,1.0,0.4815,92,92,91.42857142857143,265,265,13.25,265.0,1.0,1.0,0.05,REORDENAR,True
MASS0993,lumpy,AA,0.97,1.0,158.60000000000002,84.85251798561147,73.74748201438854,5.656834532374098,5.656834532374098,2.317,3.0182,60,139,138.14285714285714,1,100,0.06122025,195.0,1.95,100.0,0.06122025,REORDENAR,True
MASS1795,lumpy,AA,0.97,167.0,210.0,139.77941176470588,70.22058823529412,9.318627450980392,9.318627450980392,1.729,1.0374,59,102,101.71428571428571,2,200,0.175112,204.0,1.02,100.0,0.087556,REORDENAR,True
MASS2118,erratic,AA,0.97,2.0,480.5974917647597,335.3571428571429,145.2403489076168,22.357142857142858,22.357142857142858,1.167,1.3079,36,42,41.142857142857146,3,1200,0.15705675000000002,1200.0,1.0,400.0,0.05235225,REORDENAR,True
MASS1753,lumpy,AA,0.97,1091.0,128.9,96.85344827586206,32.04655172413794,6.456896551724138,6.456896551724138,3.625,4.0897,32,116,115.28571428571429,0,0,0.0,0.0,1.0,1.0,0.05,OK,False
MASS0127,lumpy,A,0.95,333.0,174.49999999999994,85.88028169014083,88.6197183098591,5.725352112676055,5.725352112676055,1.527,2.6535,93,142,141.42857142857142,0,0,0.0,0.0,1.32,100.0,0.06784,OK,False
MASS1224,lumpy,A,0.95,14.0,184.8,86.6355140186916,98.1644859813084,5.775700934579439,5.775700934579439,5.095,4.9418,21,107,106.42857142857143,76,76,3.8000000000000003,76.0,1.0,1.0,0.05,REORDENAR,True
MASS1743,lumpy,A,0.95,751.0,205.79999999999984,110.1652173913043,95.63478260869555,7.3443478260869535,7.3443478260869535,4.107,2.7447,28,115,114.57142857142857,0,0,0.0,0.0,2.35,14.0,0.05,OK,False
MASS1523,erratic,A,0.95,195.0,169.59955209015658,112.2,57.39955209015656,7.48,7.48,1.316,0.8169,95,125,123.85714285714286,0,0,0.0,0.0,3.23,50.0,0.123984,OK,False
MASS0834,lumpy,A,0.95,0.0,136.5,94.90140845070421,41.598591549295776,6.32676056338028,6.32676056338028,4.303,1.9012,33,142,141.28571428571428,83,83,4.15,83.0,1.0,1.0,0.05,REORDENAR,True
MASS1746,lumpy,A,0.95,86.0,218.125,105.09698275862067,113.02801724137932,7.006465517241378,7.006465517241378,2.231,2.1525,52,116,115.28571428571429,92,92,4.6000000000000005,165.6,1.8,1.0,0.05,REORDENAR,True
MASS1526,lumpy,A,0.95,1.0,282.0,107.88,174.12,7.192,7.192,2.273,3.2827,55,125,123.85714285714286,10,100,0.5,600.0,6.0,10.0,0.05,REORDENAR,True
MASS0786,lumpy,A,0.95,3.0,222.0250000000001,81.49456521739131,140.53043478260878,5.432971014492754,5.432971014492754,2.875,4.6942,48,138,137.57142857142858,1,200,0.11628,136.0,0.68,200.0,0.11628,REORDENAR,True
MASS0700,lumpy,A,0.95,1.0,166.0,96.44680851063829,69.55319148936171,6.429787234042553,6.429787234042553,1.808,0.6853,78,141,140.28571428571428,1,100,0.0462,54.0,0.54,100.0,0.0462,REORDENAR,True
MASS1427,lumpy,A,0.95,264.0,182.3999999999997,91.07299270072986,91.32700729926984,6.071532846715324,6.071532846715324,4.724,3.2544,29,137,136.57142857142858,0,0,0.0,0.0,1.0,1.0,0.05,OK,False
MASS1800,lumpy,A,0.95,1.0,342.54999999999995,118.78676470588235,223.76323529411764,7.919117647058823,7.919117647058823,2.217,3.9463,46,102,101.71428571428571,2,200,0.109824,790.0,3.95,100.0,0.054912,REORDENAR,True
MASS1343,lumpy,A,0.95,3.0,173.79999999999998,80.28169014084507,93.51830985915491,5.352112676056338,5.352112676056338,1.671,2.9376,85,142,141.28571428571428,1,100,0.101088,244.0,2.44,100.0,0.101088,REORDENAR,True
MASS1214,lumpy,A,0.95,0.0,196.01999999999998,85.55281690140845,110.46718309859152,5.703521126760563,5.703521126760563,3.302,2.0104,43,142,141.28571428571428,2,100,0.1,620.0,6.2,50.0,0.05,REORDENAR,True
MASS0291,lumpy,A,0.95,42.0,191.95999999999998,92.93661971830986,99.02338028169011,6.1957746478873235,6.1957746478873235,2.185,0.8958,65,142,141.28571428571428,5,100,0.25,390.0,3.9,20.0,0.05,REORDENAR,True
MASS1425,lumpy,A,0.95,348.0,220.3499999999997,96.09854014598534,124.25145985401437,6.406569343065689,6.406569343065689,5.708,2.8076,24,137,136.57142857142858,0,0,0.0,0.0,1.0,1.0,0.05,OK,False
MASS1041,lumpy,A,0.95,2.0,143.10999999999999,90.05281690140845,53.05718309859154,6.003521126760563,6.003521126760563,1.69,1.0147,84,142,141.28571428571428,10,80,1.03684,880.0,11.0,8.0,0.103684,REORDENAR,True
MASS0753,lumpy,A,0.95,0.0,161.8,89.94718309859155,71.85281690140845,5.996478873239437,5.996478873239437,1.495,1.7266,95,142,141.14285714285714,1,100,0.038313,160.0,1.6,100.0,0.038313,REORDENAR,True
MASS1415,lumpy,A,0.95,220.0,171.0,97.3913043478261,73.6086956521739,6.492753623188406,6.492753623188406,5.52,0.654,25,138,137.42857142857142,0,0,0.0,0.0,1.0,1.0,0.05,OK,False
MASS1349,lumpy,A,0.95,75.0,157.15000000000003,73.7323943661972,83.41760563380282,4.91549295774648,4.91549295774648,1.972,3.6378,72,142,141.28571428571428,1,100,0.0567,210.0,2.1,100.0,0.0567,REORDENAR,True
MASS1787,lumpy,A,0.95,12.0,208.5,105.64285714285712,102.85714285714286,7.042857142857142,7.042857142857142,3.062,2.5544,32,98,97.14285714285714,3,120,0.298716,1038.0,8.65,40.0,0.099572,REORDENAR,True
MASS1747,lumpy,A,0.95,170.0,210.8,90.22629310344827,120.57370689655174,6.015086206896552,6.015086206896552,2.071,3.0419,56,116,115.28571428571429,79,79,3.95,142.20000000000002,1.8,1.0,0.05,REORDENAR,True
MASS1906,lumpy,A,0.95,497.0,341.3999999999999,170.6619718309859,170.73802816901403,11.377464788732393,11.377464788732393,1.449,1.7159,49,71,69.85714285714286,0,0,0.0,0.0,4.4,40.0,0.0575535,OK,False
MASS0541,lumpy,A,0.95,0.0,205.77499999999995,85.0880281690141,120.68697183098585,5.672535211267606,5.672535211267606,3.737,1.4769,38,142,141.28571428571428,3,90,0.22531800000000002,198.00000000000003,2.2,30.0,0.075106,REORDENAR,True
MASS0822,lumpy,A,0.95,75.0,119.43,82.23591549295774,37.19408450704226,5.482394366197183,5.482394366197183,1.543,1.7655,92,142,141.42857142857142,72,72,3.6,108.0,1.5,1.0,0.05,REORDENAR,True
MASS1147,lumpy,A,0.95,1.0,129.37999999999994,81.76056338028167,47.61943661971828,5.450704225352111,5.450704225352111,1.711,1.619,83,142,141.14285714285714,1,100,0.038313,160.0,1.6,100.0,0.038313,REORDENAR,True
MASS0614,lumpy,A,0.95,11.0,175.0,86.77777777777777,88.22222222222223,5.785185185185185,5.785185185185185,2.015,1.0047,67,135,134.14285714285714,1,100,0.1215,150.0,1.5,100.0,0.1215,REORDENAR,True
MASS1725,lumpy,A,0.95,363.0,177.0,103.73478260869564,73.26521739130436,6.915652173913043,6.915652173913043,1.917,1.4722,60,115,114.42857142857143,0,0,0.0,0.0,1.0,96.0,0.024576,OK,False
MASS1815,lumpy,A,0.95,0.0,303.5,124.6304347826087,178.8695652173913,8.308695652173913,8.308695652173913,3.172,1.1754,29,92,91.14285714285714,2,200,0.0882,540.0,2.7,100.0,0.0441,REORDENAR,True
MASS0025,lumpy,A,0.95,1.0,185.2,83.93617021276593,101.26382978723404,5.595744680851062,5.595744680851062,2.611,0.9398,54,141,140.28571428571428,3,90,0.135,297.0,3.3,30.0,0.045,REORDENAR,True
MASS1554,lumpy,A,0.95,0.0,157.50000000000003,84.00000000000001,73.50000000000001,5.6000000000000005,5.6000000000000005,1.736,2.6529,72,125,123.85714285714286,1,120,0.10798525,261.6,2.18,120.0,0.10798525,REORDENAR,True
MASS1000,lumpy,A,0.95,3.0,179.79999999999967,66.58626760563375,113.21373239436593,4.43908450704225,4.43908450704225,2.63,4.5123,54,142,141.14285714285714,1,100,0.171864,90.0,0.9,100.0,0.171864,REORDENAR,True
MASS1014,lumpy,A,0.95,245.0,144.39999999999995,80.78571428571426,63.614285714285685,5.385714285714284,5.385714285714284,1.573,1.3518,89,140,139.28571428571428,0,0,0.0,0.0,2.95,40.0,0.07191,OK,False
MASS2141,intermittent,A,0.95,2.0,279.79999999999995,189.28969325926812,90.51030674073186,15.858823529411763,12.619312883951208,1.7,0.4085,30,51,50.42857142857143,5,250,0.3525,400.0,1.6,50.0,0.0705,REORDENAR,True
MASS1907,lumpy,A,0.95,0.0,341.0,155.49295774647888,185.50704225352112,10.366197183098592,10.366197183098592,1.543,1.516,46,71,69.85714285714286,3,180,0.18954,522.0,2.9,60.0,0.06318,REORDENAR,True
MASS1778,lumpy,A,0.95,93.0,251.5,99.78260869565217,151.7173913043478,6.6521739130434785,6.6521739130434785,3.71,1.2748,31,115,114.57142857142857,7,98,0.35000000000000003,230.3,2.35,14.0,0.05,REORDENAR,True
MASS1648,erratic,A,0.95,16.0,152.12089713489263,90.88235294117646,61.23854419371618,6.0588235294117645,6.0588235294117645,1.178,1.7094,101,119,117.85714285714286,11,330,0.9705959999999999,610.5,1.85,30.0,0.088236,REORDENAR,True
MASS0204,lumpy,A,0.95,0.0,187.6,76.90140845070422,110.69859154929577,5.126760563380282,5.126760563380282,4.581,1.0818,31,142,141.14285714285714,1,150,0.05,127.5,0.85,150.0,0.05,REORDENAR,True
MASS0881,lumpy,A,0.95,80.0,138.79999999999998,88.26050420168066,50.53949579831932,5.884033613445378,5.884033613445378,1.725,1.1125,69,119,117.85714285714286,1,144,0.141588,57.6,0.4,144.0,0.141588,REORDENAR,True
MASS1979,lumpy,A,0.95,0.0,213.00000000000006,141.36986301369865,71.63013698630141,9.424657534246576,9.424657534246576,1.78,2.143,41,73,71.85714285714286,4,160,0.24,920.0,5.75,40.0,0.06,REORDENAR,True
MASS0239,lumpy,A,0.95,4.0,157.39999999999998,77.19718309859155,80.20281690140843,5.146478873239436,5.146478873239436,1.775,1.9779,80,142,141.42857142857142,2,120,0.15246,192.0,1.6,60.0,0.07623,REORDENAR,True
MASS0519,lumpy,A,0.95,0.0,124.20000000000005,78.51063829787235,45.68936170212769,5.23404255319149,5.23404255319149,1.831,0.6403,77,141,140.28571428571428,2,80,0.117936,136.0,1.7,40.0,0.058968,REORDENAR,True
MASS2215,intermittent,A,0.95,0.0,320.6,236.91231273660338,83.68768726339661,19.96794871794872,15.794154182440225,1.95,0.418,20,39,38.714285714285715,3,300,0.135,1695.0,5.65,100.0,0.045,REORDENAR,True
MASS1742,lumpy,A,0.95,172.0,137.70000000000002,96.72413793103448,40.97586206896554,6.448275862068965,6.448275862068965,3.742,0.8041,31,116,115.28571428571429,0,0,0.0,0.0,0.9,50.0,0.05,OK,False
MASS1071,lumpy,A,0.95,159.0,180.2,74.0281690140845,106.17183098591549,4.9352112676056334,4.9352112676056334,2.582,1.1793,55,142,141.14285714285714,1,100,0.101088,355.0,3.55,100.0,0.101088,REORDENAR,True
MASS1011,lumpy,A,0.95,1.0,156.75,75.18485915492958,81.56514084507043,5.012323943661972,5.012323943661972,1.732,1.2556,82,142,141.14285714285714,3,72,0.23191875,648.0,9.0,24.0,0.07730625,REORDENAR,True
MASS1656,lumpy,A,0.95,361.0,155.2999999999998,91.89075630252096,63.40924369747886,6.126050420168064,6.126050420168064,1.526,1.4959,78,119,118.14285714285714,0,0,0.0,0.0,3.5,60.0,0.05,OK,False
MASS0058,lumpy,A,0.95,1.0,128.0,74.5774647887324,53.4225352112676,4.971830985915493,4.971830985915493,1.919,1.3044,74,142,141.28571428571428,3,90,0.38976,180.0,2.0,30.0,0.12992,REORDENAR,True
MASS1352,lumpy,A,0.95,0.0,94.14999999999998,42.75528169014085,51.39471830985913,2.8503521126760565,2.8503521126760565,2.367,8.1306,60,142,141.28571428571428,38,38,1.9000000000000001,38.0,1.0,1.0,0.05,REORDENAR,True
MASS0061,lumpy,A,0.95,83.0,134.63999999999993,80.0070422535211,54.63295774647883,5.333802816901407,5.333802816901407,1.945,1.8491,73,142,141.28571428571428,4,80,0.564096,196.0,2.45,20.0,0.141024,REORDENAR,True
MASS1620,lumpy,A,0.95,0.0,115.89999999999992,67.52399999999999,48.375999999999934,4.501599999999999,4.501599999999999,2.315,3.8923,54,125,123.85714285714286,4,64,0.47445024,544.0,8.5,16.0,0.11861256,REORDENAR,True
MASS2469,lumpy,A,0.95,1032.0,427.08,427.08,0.0,28.471999999999998,28.471999999999998,3.125,1.5824,8,25,23.857142857142858,0,0,0.0,0.0,0.65,270.0,0.05,OK,False
MASS0609,lumpy,A,0.95,13.0,129.16,76.63829787234043,52.52170212765957,5.109219858156028,5.109219858156028,2.043,1.0249,69,141,140.28571428571428,1,100,0.061152,240.0,2.4,100.0,0.061152,REORDENAR,True
MASS0158,lumpy,A,0.95,120.0,133.0,76.05633802816902,56.94366197183098,5.070422535211268,5.070422535211268,2.328,2.4211,61,142,141.28571428571428,66,66,3.3000000000000003,221.1,3.35,1.0,0.05,REORDENAR,True
MASS1413,lumpy,A,0.95,0.0,121.0,75.3478260869565,45.6521739130435,5.0231884057971,5.0231884057971,7.263,1.293,19,138,137.42857142857142,66,66,3.3000000000000003,66.0,1.0,1.0,0.05,REORDENAR,True
MASS1064,lumpy,A,0.95,0.0,117.55999999999995,77.81954887218045,39.740451127819505,5.1879699248120295,5.1879699248120295,1.583,1.2284,84,133,132.71428571428572,1,100,0.310464,265.0,2.65,100.0,0.310464,REORDENAR,True
MASS0289,lumpy,A,0.95,38.0,164.37999999999994,78.5281690140845,85.85183098591546,5.235211267605633,5.235211267605633,2.058,0.9881,69,142,141.28571428571428,4,80,0.2,312.0,3.9,20.0,0.05,REORDENAR,True
MASS1335,lumpy,A,0.95,0.0,119.0,73.40425531914893,45.59574468085107,4.8936170212765955,4.8936170212765955,2.35,2.518,60,141,140.42857142857142,6,72,0.477792,388.8,5.4,12.0,0.079632,REORDENAR,True
MASS0497,lumpy,A,0.95,215.0,120.80000000000001,77.87234042553192,42.927659574468095,5.191489361702128,5.191489361702128,1.762,0.6466,80,141,140.28571428571428,0,0,0.0,0.0,3.2,50.0,0.08064,OK,False
MASS1009,lumpy,A,0.95,106.0,167.59999999999997,80.18399999999998,87.41599999999998,5.345599999999999,5.345599999999999,1.786,1.2924,70,125,123.85714285714286,3,72,0.23191875,648.0,9.0,24.0,0.07730625,REORDENAR,True
MASS1661,lumpy,A,0.95,67.0,107.26000000000002,82.4873949579832,24.772605042016817,5.499159663865546,5.499159663865546,1.488,1.9765,80,119,117.85714285714286,1,400,0.025,72.0,0.18,400.0,0.025,REORDENAR,True
MASS0943,lumpy,A,0.95,223.0,110.89999999999998,71.42957746478872,39.470422535211256,4.761971830985915,4.761971830985915,2.254,1.3084,63,142,141.28571428571428,0,0,0.0,0.0,5.9,12.0,0.05,OK,False
MASS2294,erratic,A,0.95,1.0,368.9655231921896,281.92105263157896,87.04447056061063,18.794736842105262,18.794736842105262,1.31,0.6113,29,38,37.714285714285715,353,353,17.650000000000002,353.0,1.0,1.0,0.05,REORDENAR,True
MASS2477,lumpy,A,0.95,0.0,432.59999999999974,337.55999999999983,95.0399999999999,22.503999999999987,22.503999999999987,1.667,3.5713,15,25,23.857142857142858,19,304,0.9500000000000001,1155.2,3.8,16.0,0.05,REORDENAR,True
MASS2138,lumpy,A,0.95,23.0,263.6,202.94117647058823,60.65882352941176,13.529411764705882,13.529411764705882,1.645,1.0323,31,51,50.42857142857143,176,176,1.056,651.2,3.7,1.0,0.006,REORDENAR,True
MASS2142,erratic,A,0.95,126.0,267.8493343510636,198.82352941176472,69.02580493929888,13.254901960784315,13.254901960784315,1.133,0.7875,45,51,50.42857142857143,11,550,0.7755,880.0,1.6,50.0,0.0705,REORDENAR,True
MASS1865,lumpy,A,0.95,20.0,191.68,132.59154929577468,59.08845070422533,8.839436619718311,8.839436619718311,1.614,1.1414,44,71,69.85714285714286,1,120,0.11322675,96.0,0.8,120.0,0.11322675,REORDENAR,True
MASS1836,lumpy,A,0.95,82.0,204.0,105.74226804123711,98.25773195876289,7.049484536082474,7.049484536082474,2.939,0.7361,33,97,96.57142857142857,10,100,1.7496,500.0,5.0,10.0,0.17496,REORDENAR,True
MASS1477,lumpy,A,0.95,0.0,124.29999999999998,68.13333333333333,56.16666666666666,4.542222222222222,4.542222222222222,1.688,2.1189,80,135,134.57142857142858,3,60,0.24087,108.0,1.8,20.0,0.08029,REORDENAR,True
MASS0584,lumpy,A,0.95,39.0,108.80000000000001,65.74468085106383,43.05531914893618,4.382978723404255,4.382978723404255,1.72,1.1778,82,141,140.28571428571428,2,80,0.136,152.0,1.9,40.0,0.068,REORDENAR,True
MASS1794,lumpy,A,0.95,1.0,124.03999999999998,87.52941176470588,36.510588235294094,5.8352941176470585,5.8352941176470585,1.397,2.1852,73,102,101.71428571428571,4,80,0.25864,244.0,3.05,20.0,0.06466,REORDENAR,True
MASS1378,lumpy,A,0.95,99.0,125.3,65.80985915492954,59.49014084507046,4.387323943661969,4.387323943661969,2.491,1.4173,57,142,141.28571428571428,1,60,0.070296,306.0,5.1,60.0,0.070296,REORDENAR,True
MASS1823,lumpy,A,0.95,0.0,217.8999999999998,93.03260869565213,124.86739130434766,6.202173913043476,6.202173913043476,1.614,2.6906,57,92,91.14285714285714,1,100,0.0768,1000.0,10.0,100.0,0.0768,REORDENAR,True
MASS1358,lumpy,A,0.95,12.0,128.76999999999998,61.42934782608695,67.34065217391303,4.095289855072464,4.095289855072464,2.379,2.6517,58,138,137.42857142857142,1,100,0.134,128.0,1.28,100.0,0.134,REORDENAR,True
MASS0329,lumpy,A,0.95,326.0,150.3,66.65492957746478,83.64507042253521,4.443661971830986,4.443661971830986,2.328,1.1209,61,142,141.14285714285714,0,0,0.0,0.0,1.0,120.0,0.083968,OK,False
MASS0122,lumpy,A,0.95,113.0,106.89999999999999,67.00840336134452,39.89159663865547,4.467226890756302,4.467226890756302,1.919,4.0028,62,119,118.14285714285714,0,0,0.0,0.0,2.5,100.0,0.07930125,OK,False
MASS1644,lumpy,A,0.95,0.0,116.0,73.890756302521,42.109243697479,4.926050420168067,4.926050420168067,1.587,1.8228,75,119,117.85714285714286,1,96,0.074529,76.80000000000001,0.8,96.0,0.074529,REORDENAR,True
MASS0769,lumpy,A,0.95,0.0,100.99999999999987,57.85714285714281,43.14285714285706,3.857142857142854,3.857142857142854,2.09,3.4427,67,140,139.28571428571428,51,51,2.5500000000000003,51.0,1.0,1.0,0.05,REORDENAR,True
MASS2137,lumpy,A,0.95,76.0,262.79999999999995,192.55882352941177,70.24117647058821,12.837254901960785,12.837254901960785,1.594,1.1679,32,51,50.42857142857143,167,167,1.002,617.9,3.7,1.0,0.006,REORDENAR,True
MASS1125,lumpy,A,0.95,0.0,119.0,65.6619718309859,53.338028169014095,4.377464788732394,4.377464788732394,2.219,1.0405,64,142,141.28571428571428,2,80,0.13536,224.0,2.8,40.0,0.06768,REORDENAR,True
MASS2134,lumpy,A,0.95,679.0,386.7999999999999,193.4705882352941,193.3294117647058,12.898039215686273,12.898039215686273,1.545,1.8115,33,51,50.42857142857143,0,0,0.0,0.0,11.4,40.0,0.023896,OK,False
MASS1835,lumpy,A,0.95,38.0,225.59999999999994,81.12371134020617,144.47628865979377,5.408247422680412,5.408247422680412,2.939,4.1726,33,97,96.57142857142857,6,84,0.69513,197.4,2.35,14.0,0.115855,REORDENAR,True
MASS2139,lumpy,A,0.95,332.0,318.4,188.52941176470588,129.87058823529412,12.568627450980392,12.568627450980392,1.645,1.427,31,51,50.42857142857143,0,0,0.0,0.0,3.7,1.0,0.006,OK,False
MASS2140,erratic,A,0.95,126.0,248.87450204927478,184.86764705882354,64.00685499045125,12.324509803921568,12.324509803921568,1.159,0.7343,44,51,50.42857142857143,10,500,0.705,800.0,1.6,50.0,0.0705,REORDENAR,True
MASS0171,lumpy,A,0.95,0.0,116.0,73.23529411764707,42.76470588235293,4.882352941176471,4.882352941176471,1.566,1.7109,76,119,117.85714285714286,1,300,0.0722,255.0,0.85,300.0,0.0722,REORDENAR,True
MASS2211,erratic,A,0.95,44.0,326.1543778451135,224.28571428571428,101.86866355939925,14.952380952380953,14.952380952380953,1.312,1.9261,32,42,41.142857142857146,8,160,0.632016,3488.0,21.8,20.0,0.079002,REORDENAR,True
MASS1443,lumpy,A,0.95,0.0,117.18999999999997,65.47183098591549,51.71816901408448,4.3647887323943655,4.3647887323943655,2.219,2.0869,64,142,141.28571428571428,2,96,0.25281,172.8,1.8,48.0,0.126405,REORDENAR,True
MASS1549,lumpy,A,0.95,0.0,138.19999999999993,74.85599999999997,63.343999999999966,4.9903999999999975,4.9903999999999975,1.953,1.0911,64,125,123.85714285714286,1,220,0.09867,149.60000000000002,0.68,220.0,0.09867,REORDENAR,True
MASS0994,lumpy,A,0.95,0.0,134.14999999999995,64.79577464788733,69.35422535211262,4.319718309859155,4.319718309859155,2.088,1.7145,68,142,141.28571428571428,2,80,0.12558,176.0,2.2,40.0,0.06279,REORDENAR,True
MASS0237,lumpy,A,0.95,0.0,116.6,64.24647887323945,52.35352112676054,4.2830985915492965,4.2830985915492965,2.088,1.7224,68,142,141.42857142857142,56,56,2.8000000000000003,89.60000000000001,1.6,1.0,0.05,REORDENAR,True
MASS0607,lumpy,A,0.95,206.0,122.20000000000002,67.29787234042553,54.90212765957449,4.486524822695035,4.486524822695035,2.878,0.5972,49,141,140.28571428571428,0,0,0.0,0.0,9.5,96.0,0.0546,OK,False
MASS1421,lumpy,A,0.95,0.0,146.0,71.8014705882353,74.1985294117647,4.786764705882353,4.786764705882353,6.476,1.0223,21,136,135.28571428571428,63,63,3.1500000000000004,63.0,1.0,1.0,0.05,REORDENAR,True
MASS0407,lumpy,A,0.95,137.0,193.50000000000003,67.04255319148936,126.45744680851067,4.469503546099291,4.469503546099291,3.525,0.7322,40,141,140.28571428571428,1,100,0.05,235.0,2.35,100.0,0.05,REORDENAR,True
MASS1282,lumpy,A,0.95,1.0,154.4000000000002,57.180851063829785,97.21914893617043,3.8120567375886525,3.8120567375886525,8.812,2.0712,16,141,140.42857142857142,5,50,0.252,390.0,7.8,10.0,0.0504,REORDENAR,True
MASS0461,lumpy,A,0.95,1.0,172.57999999999998,68.42016806722687,104.1598319327731,4.561344537815125,4.561344537815125,1.919,2.9826,62,119,118.14285714285714,1,100,0.121512,188.0,1.88,100.0,0.121512,REORDENAR,True
MASS1786,lumpy,A,0.95,2.0,159.97999999999996,91.80612244897958,68.17387755102038,6.120408163265306,6.120408163265306,1.463,0.9999,67,98,97.14285714285714,1,100,0.55,200.0,2.0,100.0,0.55,REORDENAR,True
MASS0189,lumpy,A,0.95,108.0,135.99999999999994,70.15384615384613,65.84615384615381,4.676923076923075,4.676923076923075,2.653,1.694,49,130,129.42857142857142,1,300,0.120615,285.0,0.95,300.0,0.120615,REORDENAR,True
MASS0439,lumpy,A,0.95,0.0,134.89999999999995,64.22535211267605,70.6746478873239,4.28169014084507,4.28169014084507,3.838,2.6473,37,142,141.28571428571428,1,100,0.047089,240.0,2.4,100.0,0.047089,REORDENAR,True
MASS2056,lumpy,A,0.95,1.0,297.19999999999993,181.01999999999998,116.17999999999995,12.067999999999998,12.067999999999998,2.0,0.6853,25,50,48.857142857142854,157,157,0.35324999999999995,345.40000000000003,2.2,1.0,0.00225,REORDENAR,True
MASS1792,lumpy,A,0.95,0.0,170.69999999999993,91.0408163265306,79.65918367346934,6.06938775510204,6.06938775510204,1.661,1.3709,59,98,97.14285714285714,79,79,3.95,79.0,1.0,1.0,0.05,REORDENAR,True
MASS1806,lumpy,A,0.95,1.0,143.7499999999999,84.12499999999996,59.62499999999993,5.608333333333331,5.608333333333331,1.962,0.8733,52,102,101.71428571428571,2,100,0.1719747,680.0,6.8,50.0,0.08598735,REORDENAR,True
MASS0696,lumpy,A,0.95,0.0,118.68,61.63829787234042,57.04170212765958,4.1092198581560275,4.1092198581560275,2.564,1.0339,55,141,140.28571428571428,1,100,0.01875,20.0,0.2,100.0,0.01875,REORDENAR,True
MASS0698,lumpy,A,0.95,0.0,172.0,79.17391304347827,92.82608695652173,5.278260869565218,5.278260869565218,2.018,0.6965,57,115,114.42857142857143,1,100,0.0462,54.0,0.54,100.0,0.0462,REORDENAR,True
MASS1639,lumpy,A,0.95,0.0,129.62,73.99789915966386,55.62210084033616,4.933193277310924,4.933193277310924,2.204,0.9101,54,119,117.85714285714286,65,65,3.25,65.0,1.0,1.0,0.05,REORDENAR,True
MASS0327,lumpy,A,0.95,6.0,119.29999999999998,48.01056338028169,71.2894366197183,3.2007042253521125,3.2007042253521125,3.087,2.877,46,142,141.28571428571428,1,100,0.0373275,140.0,1.4,100.0,0.0373275,REORDENAR,True
MASS2068,lumpy,A,0.95,0.0,423.7999999999999,173.93999999999997,249.85999999999993,11.595999999999998,11.595999999999998,3.846,1.7012,13,50,48.857142857142854,151,151,0.45149,853.1500000000001,5.65,1.0,0.00299,REORDENAR,True
MASS1082,lumpy,A,0.95,171.0,72.80000000000001,56.860465116279066,15.939534883720942,3.7906976744186043,3.7906976744186043,1.518,3.7998,85,129,128.42857142857142,0,0,0.0,0.0,0.58,105.0,0.08424,OK,False
MASS1976,lumpy,A,0.95,136.0,167.4,119.05479452054796,48.34520547945205,7.936986301369864,7.936986301369864,1.622,0.7941,45,73,71.85714285714286,3,120,0.2459925,576.0,4.8,40.0,0.0819975,REORDENAR,True
MASS1993,lumpy,A,0.95,282.0,218.99999999999994,83.05479452054793,135.945205479452,5.536986301369862,5.536986301369862,1.521,5.5578,48,73,71.85714285714286,0,0,0.0,0.0,1.0,1.0,0.05,OK,False
MASS1291,lumpy,A,0.95,1.0,103.59999999999998,60.454225352112665,43.145774647887315,4.0302816901408445,4.0302816901408445,2.407,0.8483,59,142,141.28571428571428,3,60,0.320544,108.0,1.8,20.0,0.106848,REORDENAR,True
MASS1841,lumpy,A,0.95,238.0,248.0,90.30927835051546,157.69072164948454,6.020618556701031,6.020618556701031,4.619,1.135,21,97,96.57142857142857,8,80,1.39968,400.0,5.0,10.0,0.17496,REORDENAR,True
MASS0821,lumpy,A,0.95,0.0,109.5,58.732394366197184,50.767605633802816,3.915492957746479,3.915492957746479,2.254,2.0173,63,142,141.42857142857142,51,51,2.5500000000000003,76.5,1.5,1.0,0.05,REORDENAR,True
MASS1819,lumpy,A,0.95,3.0,167.5,94.04347826086956,73.45652173913042,6.269565217391304,6.269565217391304,2.14,0.6403,43,92,91.14285714285714,1,100,0.073765125,475.0,4.75,100.0,0.073765125,REORDENAR,True
MASS1574,lumpy,A,0.95,111.0,258.2,68.07142857142857,190.12857142857143,4.538095238095238,4.538095238095238,3.818,1.1552,33,126,125.57142857142857,1,72,0.053865,46.800000000000004,0.65,72.0,0.053865,REORDENAR,True
MASS2129,lumpy,A,0.95,149.0,234.69999999999996,156.35294117647058,78.34705882352938,10.423529411764706,10.423529411764706,1.889,1.7424,27,51,50.285714285714285,14,140,1.641388,630.0,4.5,10.0,0.117242,REORDENAR,True
MASS0440,lumpy,A,0.95,0.0,128.99999999999997,61.08802816901408,67.91197183098589,4.072535211267605,4.072535211267605,3.737,2.7656,38,142,141.28571428571428,1,100,0.047089,240.0,2.4,100.0,0.047089,REORDENAR,True
MASS2085,erratic,A,0.95,2.0,268.9406326685222,186.42857142857144,82.51206123995073,12.428571428571429,12.428571428571429,1.167,1.7906,36,42,41.142857142857146,426,426,0.426,979.8,2.3,1.0,0.001,REORDENAR,True
MASS2084,lumpy,A,0.95,0.0,383.3999999999999,179.35714285714283,204.0428571428571,11.957142857142856,11.957142857142856,1.5,1.9254,28,42,41.142857142857146,156,156,0.156,358.79999999999995,2.3,1.0,0.001,REORDENAR,True
MASS1406,lumpy,A,0.95,0.0,148.40000000000006,59.89208633093525,88.50791366906482,3.9928057553956835,3.9928057553956835,4.484,0.8604,31,139,138.28571428571428,52,52,2.6,52.0,1.0,1.0,0.05,REORDENAR,True
MASS1739,intermittent,A,0.95,8.0,134.0,56.14589400434077,77.85410599565924,4.956896551724138,3.7430596002893846,4.833,0.4898,24,116,115.28571428571429,2,100,0.1,85.0,0.85,50.0,0.05,REORDENAR,True
MASS1718,lumpy,A,0.95,1.0,145.0,71.84347826086956,73.15652173913044,4.789565217391304,4.789565217391304,1.855,0.7037,62,115,114.42857142857143,1,100,0.026488,40.0,0.4,100.0,0.026488,REORDENAR,True
MASS1420,lumpy,A,0.95,8.0,87.0,61.43382352941177,25.566176470588232,4.095588235294118,4.095588235294118,7.556,0.7103,18,136,135.28571428571428,54,54,2.7,54.0,1.0,1.0,0.05,REORDENAR,True
MASS1543,lumpy,A,0.95,50.0,83.0,60.72,22.28,4.048,4.048,1.838,1.4856,68,125,123.85714285714286,1,60,0.05,48.0,0.8,60.0,0.05,REORDENAR,True
MASS0267,lumpy,A,0.95,0.0,140.3999999999997,47.32394366197177,93.07605633802793,3.1549295774647845,3.1549295774647845,5.68,4.2172,25,142,141.14285714285714,1,240,0.062208,196.79999999999998,0.82,240.0,0.062208,REORDENAR,True
MASS1880,lumpy,A,0.95,0.0,166.4,105.63380281690141,60.76619718309859,7.042253521126761,7.042253521126761,1.392,2.0448,51,71,69.85714285714286,5,100,0.24722500000000003,180.0,1.8,20.0,0.049445,REORDENAR,True
MASS1798,lumpy,A,0.95,240.0,137.8000000000001,76.72058823529413,61.07941176470597,5.114705882352942,5.114705882352942,2.318,1.8097,44,102,101.71428571428571,0,0,0.0,0.0,0.85,96.0,0.104412,OK,False
MASS0182,lumpy,A,0.95,0.0,192.0,59.17777777777777,132.82222222222222,3.9451851851851845,3.9451851851851845,4.821,1.5482,28,135,134.57142857142858,2,100,0.138805,190.0,1.9,50.0,0.0694025,REORDENAR,True
MASS1344,lumpy,A,0.95,0.0,82.0,52.5,29.5,3.5,3.5,2.152,2.0256,66,142,141.28571428571428,2,80,0.1656,228.0,2.85,40.0,0.0828,REORDENAR,True
MASS2083,erratic,A,0.95,5.0,258.60295606791556,182.14285714285714,76.46009892505843,12.142857142857142,12.142857142857142,1.024,1.9929,41,42,41.142857142857146,421,421,0.421,968.3,2.3,1.0,0.001,REORDENAR,True
MASS0057,lumpy,A,0.95,0.0,164.2,57.61267605633803,106.58732394366196,3.840845070422535,3.840845070422535,4.897,0.6613,29,142,141.28571428571428,50,50,2.5,50.0,1.0,1.0,0.05,REORDENAR,True
MASS1328,lumpy,A,0.95,169.0,102.7,56.71739130434782,45.98260869565218,3.7811594202898546,3.7811594202898546,2.509,1.684,55,138,137.42857142857142,0,0,0.0,0.0,11.2,1.0,0.05,OK,False
MASS2080,lumpy,A,0.95,0.0,384.99999999999994,192.14285714285717,192.85714285714278,12.80952380952381,12.80952380952381,1.448,1.2248,29,42,41.142857142857146,2,200,0.0837,2130.0,10.65,100.0,0.04185,REORDENAR,True
MASS1627,lumpy,A,0.95,0.0,159.1,65.544,93.556,4.3696,4.3696,3.125,1.1909,40,125,123.85714285714286,1,220,0.09867,149.60000000000002,0.68,220.0,0.09867,REORDENAR,True
MASS1740,lumpy,A,0.95,87.0,107.0,66.20689655172414,40.79310344827586,4.413793103448276,4.413793103448276,5.273,0.7897,22,116,115.28571428571429,2,100,0.1,90.0,0.9,50.0,0.05,REORDENAR,True
MASS2132,lumpy,A,0.95,35.0,191.19999999999996,153.52941176470586,37.670588235294105,10.235294117647058,10.235294117647058,1.962,1.0957,26,51,50.42857142857143,7,140,0.578088,329.0,2.35,20.0,0.082584,REORDENAR,True
MASS0601,lumpy,A,0.95,20.0,98.80000000000001,54.361702127659576,44.438297872340435,3.624113475177305,3.624113475177305,2.82,0.9562,50,141,140.28571428571428,1,120,0.0648,150.0,1.25,120.0,0.0648,REORDENAR,True
MASS1837,lumpy,A,0.95,268.0,183.0,82.11340206185567,100.88659793814433,5.474226804123711,5.474226804123711,3.593,0.8278,27,97,96.57142857142857,0,0,0.0,0.0,5.0,10.0,0.17496,OK,False
MASS0602,lumpy,A,0.95,62.0,102.1,55.031914893617014,47.06808510638298,3.668794326241134,3.668794326241134,2.82,0.9908,50,141,140.28571428571428,1,120,0.0648,150.0,1.25,120.0,0.0648,REORDENAR,True
MASS0919,lumpy,A,0.95,1.0,116.72,66.63025210084032,50.089747899159676,4.442016806722688,4.442016806722688,1.526,1.0145,78,119,117.85714285714286,1,100,0.100566625,168.0,1.68,100.0,0.100566625,REORDENAR,True
MASS2019,erratic,A,0.95,7.0,224.0098606773205,158.4,65.60986067732048,10.56,10.56,1.087,1.7117,46,50,48.857142857142854,391,391,0.391,907.1199999999999,2.32,1.0,0.001,REORDENAR,True
MASS1269,lumpy,A,0.95,0.0,140.2,46.98591549295775,93.21408450704223,3.1323943661971834,3.1323943661971834,4.303,3.1034,33,142,141.14285714285714,1,100,0.050337,400.0,4.0,100.0,0.050337,REORDENAR,True
MASS0841,lumpy,A,0.95,0.0,98.4,64.25217391304348,34.14782608695653,4.283478260869566,4.283478260869566,1.494,1.2416,77,115,114.42857142857143,1,100,0.062868,85.0,0.85,100.0,0.062868,REORDENAR,True
MASS1268,lumpy,A,0.95,0.0,172.9399999999999,54.443661971830984,118.49633802816892,3.629577464788732,3.629577464788732,4.897,1.6961,29,142,141.14285714285714,1,100,0.050337,400.0,4.0,100.0,0.050337,REORDENAR,True
MASS1215,lumpy,A,0.95,3.0,102.3,51.76056338028169,50.53943661971831,3.4507042253521125,3.4507042253521125,2.185,2.088,65,142,141.28571428571428,1,50,0.05,310.0,6.2,50.0,0.05,REORDENAR,True
MASS1458,lumpy,A,0.95,0.0,159.19999999999996,51.90845070422534,107.29154929577462,3.4605633802816893,3.4605633802816893,6.174,1.6106,23,142,141.14285714285714,1,100,0.037241325,145.0,1.45,100.0,0.037241325,REORDENAR,True
MASS0691,lumpy,A,0.95,274.0,99.0,50.53191489361702,48.46808510638298,3.368794326241135,3.368794326241135,2.66,1.5792,53,141,140.28571428571428,0,0,0.0,0.0,0.6,120.0,0.0504,OK,False
MASS1356,lumpy,A,0.95,90.0,152.29999999999987,45.90217391304346,106.3978260869564,3.0601449275362307,3.0601449275362307,4.312,3.5162,32,138,137.42857142857142,2,50,0.3096,71.0,1.42,25.0,0.1548,REORDENAR,True
MASS2293,lumpy,A,0.95,23.0,203.8400000000001,183.2307692307692,20.609230769230898,12.215384615384613,12.215384615384613,1.773,3.2419,22,39,38.142857142857146,2,200,0.093126,900.0,4.5,100.0,0.046563,REORDENAR,True
MASS1821,lumpy,A,0.95,3.0,123.0,74.02173913043478,48.97826086956522,4.934782608695652,4.934782608695652,1.804,2.9931,51,92,91.14285714285714,1,100,0.06625,308.0,3.08,100.0,0.06625,REORDENAR,True
MASS2652,erratic,A,0.95,473.0,1041.6863365646618,923.9999999999999,117.68633656466203,61.599999999999994,61.599999999999994,1.0,0.5177,8,8,7.571428571428571,22,660,2.10936,3200.9999999999995,4.85,30.0,0.09588,REORDENAR,True
MASS0273,lumpy,A,0.95,0.0,136.60000000000002,51.63669064748201,84.963309352518,3.4424460431654675,3.4424460431654675,5.346,1.1719,26,139,138.14285714285714,45,45,2.25,45.0,1.0,1.0,0.05,REORDENAR,True
MASS1539,lumpy,A,0.95,0.0,92.79999999999998,57.86399999999999,34.93599999999999,3.8575999999999993,3.8575999999999993,1.923,1.2535,65,125,123.85714285714286,1,200,0.02025,490.00000000000006,2.45,200.0,0.02025,REORDENAR,True
MASS1842,lumpy,A,0.95,66.0,228.0,79.34536082474227,148.65463917525773,5.289690721649484,5.289690721649484,4.85,1.4103,20,97,96.57142857142857,7,70,1.22472,350.0,5.0,10.0,0.17496,REORDENAR,True
MASS1541,lumpy,A,0.95,6.0,111.0,57.239999999999995,53.760000000000005,3.816,3.816,2.049,0.8023,61,125,123.85714285714286,50,50,2.5,105.0,2.1,1.0,0.05,REORDENAR,True
MASS2123,lumpy,A,0.95,93.0,270.79999999999995,140.52941176470586,130.2705882352941,9.36862745098039,9.36862745098039,2.684,1.2023,19,51,50.285714285714285,122,122,1.0895088,1403.0,11.5,1.0,0.0089304,REORDENAR,True
MASS1898,lumpy,A,0.95,84.0,131.70000000000002,102.52816901408453,29.17183098591549,6.835211267605635,6.835211267605635,1.614,0.731,44,71,69.85714285714286,3,90,0.1452,128.7,1.43,30.0,0.0484,REORDENAR,True
MASS1355,lumpy,A,0.95,1.0,89.19999999999999,49.18309859154929,40.0169014084507,3.2788732394366193,3.2788732394366193,2.491,1.8681,57,142,141.28571428571428,1,48,0.214491,139.2,2.9,48.0,0.214491,REORDENAR,True
MASS1171,lumpy,A,0.95,101.0,168.7999999999999,57.75652173913042,111.04347826086948,3.8504347826086947,3.8504347826086947,2.875,1.4918,40,115,114.42857142857143,1,100,0.03564,260.0,2.6,100.0,0.03564,REORDENAR,True
MASS2059,lumpy,A,0.95,392.0,292.4,147.42,144.98,9.828,9.828,2.273,0.9668,22,50,48.857142857142854,0,0,0.0,0.0,4.6,50.0,0.048544,OK,False
MASS1265,lumpy,A,0.95,145.0,92.5,54.120000000000005,38.379999999999995,3.608,3.608,1.761,1.1545,71,125,123.85714285714286,0,0,0.0,0.0,10.18,5.0,0.05,OK,False
MASS1411,lumpy,A,0.95,160.0,107.0,56.417910447761194,50.582089552238806,3.7611940298507465,3.7611940298507465,6.7,1.3432,20,134,133.57142857142858,0,0,0.0,0.0,1.0,1.0,0.05,OK,False
MASS1044,intermittent,A,0.95,0.0,138.00000000000003,41.46383607046645,96.53616392953359,3.517730496453901,2.7642557380310966,3.205,0.4284,44,141,140.28571428571428,1,100,0.079335,80.0,0.8,100.0,0.079335,REORDENAR,True
MASS1422,lumpy,A,0.95,41.0,70.0,49.64028776978417,20.359712230215827,3.3093525179856114,3.3093525179856114,8.176,0.6867,17,139,138.28571428571428,44,44,2.2,44.0,1.0,1.0,0.05,REORDENAR,True
MASS0764,lumpy,A,0.95,0.0,107.0,57.87599999999999,49.12400000000001,3.8583999999999996,3.8583999999999996,3.125,1.7395,40,125,123.85714285714286,51,51,2.5500000000000003,28.560000000000002,0.56,1.0,0.05,REORDENAR,True
MASS1828,lumpy,A,0.95,35.0,46.70000000000002,26.60377358490566,20.096226415094357,1.7735849056603774,1.7735849056603774,2.409,18.181,44,106,105.42857142857143,24,24,1.2000000000000002,24.0,1.0,1.0,0.05,REORDENAR,True
MASS1756,lumpy,A,0.95,564.0,68.9,58.060344827586206,10.8396551724138,3.8706896551724137,3.8706896551724137,7.25,2.0245,16,116,115.28571428571429,0,0,0.0,0.0,1.0,1.0,0.05,OK,False
MASS1450,lumpy,A,0.95,0.0,47.228260869565204,47.228260869565204,0.0,3.1485507246376803,3.1485507246376803,13.8,1.3588,10,138,136.85714285714286,41,41,2.0500000000000003,41.0,1.0,1.0,0.05,REORDENAR,True
MASS0018,lumpy,A,0.95,237.0,95.80000000000001,48.43617021276595,47.36382978723406,3.2290780141843967,3.2290780141843967,3.0,1.3747,47,141,140.28571428571428,0,0,0.0,0.0,0.8,300.0,0.027,OK,False
MASS0785,lumpy,A,0.95,0.0,84.4,25.0,59.400000000000006,1.6666666666666667,1.6666666666666667,4.452,9.7152,31,138,137.57142857142858,1,200,0.11628,136.0,0.68,200.0,0.11628,REORDENAR,True
MASS2131,lumpy,A,0.95,256.0,217.19999999999993,133.70588235294116,83.49411764705879,8.913725490196077,8.913725490196077,1.759,1.6936,29,51,50.42857142857143,0,0,0.0,0.0,6.8,24.0,0.070602,OK,False
MASS1452,lumpy,A,0.95,0.0,110.43999999999998,44.499999999999986,65.94,2.966666666666666,2.966666666666666,2.562,3.3752,48,123,122.57142857142857,2,48,0.0513,71.03999999999999,1.48,24.0,0.02565,REORDENAR,True
MASS2061,lumpy,A,0.95,261.0,238.79999999999995,117.83999999999999,120.95999999999997,7.855999999999999,7.855999999999999,1.471,2.5221,34,50,48.857142857142854,0,0,0.0,0.0,1.0,1.0,0.05,OK,False
MASS1751,lumpy,A,0.95,1425.0,72.0,59.22413793103447,12.77586206896553,3.948275862068965,3.948275862068965,8.923,1.3099,13,116,115.28571428571429,0,0,0.0,0.0,1.0,1.0,0.05,OK,False
MASS1977,lumpy,A,0.95,245.0,86.15,85.3253424657534,0.8246575342466116,5.68835616438356,5.68835616438356,1.352,3.4174,54,73,72.14285714285714,0,0,0.0,0.0,0.95,80.0,0.06,OK,False
MASS2487,lumpy,A,0.95,520.0,377.5,280.5,97.0,18.7,18.7,4.167,0.6765,6,25,23.857142857142858,0,0,0.0,0.0,0.6,250.0,0.024986,OK,False
MASS1784,lumpy,A,0.95,0.0,158.8,71.52551020408163,87.27448979591838,4.768367346938775,4.768367346938775,1.96,0.7927,50,98,97.14285714285714,7,70,1.2811679999999999,451.5,6.45,10.0,0.183024,REORDENAR,True
MASS0765,lumpy,A,0.95,0.0,103.0,51.47999999999997,51.52000000000003,3.4319999999999977,3.4319999999999977,2.404,2.6309,52,125,123.85714285714286,45,45,2.25,25.200000000000003,0.56,1.0,0.05,REORDENAR,True
MASS1556,lumpy,A,0.95,0.0,71.4,59.198275862068954,12.201724137931052,3.9465517241379304,3.9465517241379304,2.189,2.312,53,116,115.28571428571429,2,60,0.16512,300.0,5.0,30.0,0.08256,REORDENAR,True
MASS1857,lumpy,A,0.95,0.0,152.0,76.1413043478261,75.8586956521739,5.076086956521739,5.076086956521739,2.244,0.8339,41,92,91.14285714285714,66,66,3.3000000000000003,66.0,1.0,1.0,0.05,REORDENAR,True
MASS1752,lumpy,A,0.95,559.0,57.80000000000001,56.37931034482757,1.4206896551724384,3.7586206896551717,3.7586206896551717,7.733,2.0065,15,116,115.28571428571429,0,0,0.0,0.0,1.0,1.0,0.05,OK,False
MASS1496,lumpy,A,0.95,0.0,157.59999999999997,50.044444444444444,107.55555555555551,3.3362962962962963,3.3362962962962963,2.368,1.6159,57,135,134.57142857142858,1,100,0.121136,90.0,0.9,100.0,0.121136,REORDENAR,True
MASS1307,lumpy,A,0.95,1.0,125.50000000000003,51.16810344827586,74.33189655172417,3.411206896551724,3.411206896551724,2.762,1.9015,42,116,115.28571428571429,1,100,0.293112,170.0,1.7,100.0,0.293112,REORDENAR,True
MASS0020,lumpy,A,0.95,256.0,91.0,46.70212765957447,44.29787234042553,3.1134751773049647,3.1134751773049647,2.938,1.5898,48,141,140.28571428571428,0,0,0.0,0.0,0.8,300.0,0.027,OK,False
MASS1517,lumpy,A,0.95,1.0,94.69999999999999,51.815999999999995,42.88399999999999,3.4543999999999997,3.4543999999999997,1.866,1.0772,67,125,123.85714285714286,3,60,0.15000000000000002,711.0,11.85,20.0,0.05,REORDENAR,True
MASS1912,lumpy,A,0.95,0.0,165.79999999999998,88.54225352112675,77.25774647887323,5.902816901408451,5.902816901408451,1.511,1.3506,47,71,69.85714285714286,1,200,0.129792,196.0,0.98,200.0,0.129792,REORDENAR,True
MASS2651,smooth,A,0.95,31.0,946.2209717527624,853.03125,93.18972175276241,56.86875,56.86875,1.0,0.1703,8,8,7.714285714285714,613,613,30.650000000000002,613.0,1.0,1.0,0.05,REORDENAR,True
MASS0830,intermittent,A,0.95,162.0,163.36,73.48161552985141,89.87838447014862,6.317808219178082,4.898774368656761,2.212,0.4492,33,73,71.85714285714286,2,120,0.28524925,258.0,2.15,60.0,0.142624625,REORDENAR,True
MASS1856,lumpy,A,0.95,1.0,147.5,70.59782608695652,76.90217391304348,4.706521739130435,4.706521739130435,2.968,1.3727,31,92,91.14285714285714,62,62,3.1,62.0,1.0,1.0,0.05,REORDENAR,True
MASS1412,lumpy,A,0.95,34.0,102.0,52.276119402985074,49.723880597014926,3.485074626865672,3.485074626865672,8.933,1.0167,15,134,133.57142857142858,46,46,2.3000000000000003,46.0,1.0,1.0,0.05,REORDENAR,True
MASS2133,lumpy,A,0.95,265.0,149.09999999999994,129.32352941176467,19.776470588235263,8.621568627450978,8.621568627450978,2.684,1.1401,19,51,50.42857142857143,0,0,0.0,0.0,13.25,30.0,0.1298,OK,False
MASS1102,lumpy,A,0.95,0.0,84.99999999999999,47.00704225352113,37.99295774647886,3.1338028169014085,3.1338028169014085,3.156,1.9406,45,142,141.28571428571428,41,41,2.0500000000000003,41.0,1.0,1.0,0.05,REORDENAR,True
MASS1439,lumpy,A,0.95,0.0,94.3,42.41197183098592,51.88802816901408,2.8274647887323945,2.8274647887323945,2.582,1.4155,55,142,141.28571428571428,1,40,0.06279,120.0,3.0,40.0,0.06279,REORDENAR,True
MASS0697,lumpy,A,0.95,17.0,75.85,45.95744680851064,29.892553191489363,3.0638297872340425,3.0638297872340425,2.136,1.1009,66,141,140.28571428571428,1,100,0.01875,20.0,0.2,100.0,0.01875,REORDENAR,True
MASS2126,lumpy,A,0.95,345.0,194.6,133.52941176470588,61.07058823529411,8.901960784313726,8.901960784313726,2.429,1.2686,21,51,50.285714285714285,0,0,0.0,0.0,11.5,1.0,0.0089304,OK,False
MASS0787,lumpy,A,0.95,223.0,95.0,39.30434782608695,55.69565217391305,2.6202898550724636,2.6202898550724636,3.067,3.3084,45,138,137.57142857142858,0,0,0.0,0.0,0.68,200.0,0.11628,OK,False
MASS2136,lumpy,A,0.95,328.0,164.5999999999999,125.94117647058822,38.658823529411706,8.396078431372548,8.396078431372548,2.04,1.6826,25,51,50.42857142857143,0,0,0.0,0.0,3.7,1.0,0.006,OK,False
MASS1919,lumpy,A,0.95,1.0,156.52999999999997,93.55985915492957,62.9701408450704,6.237323943661972,6.237323943661972,1.69,0.5722,42,71,70.28571428571429,1,100,0.1285551,227.99999999999997,2.28,100.0,0.1285551,REORDENAR,True
MASS2121,lumpy,A,0.95,1.0,201.89999999999998,134.35714285714283,67.54285714285713,8.957142857142856,8.957142857142856,1.4,1.8268,30,42,41.142857142857146,1,400,0.06678,500.0,1.25,400.0,0.06678,REORDENAR,True
MASS0784,lumpy,A,0.95,1.0,74.07999999999994,46.81889763779526,27.261102362204678,3.121259842519684,3.121259842519684,2.048,2.0732,62,127,126.14285714285714,1,200,0.1,94.0,0.47,200.0,0.1,REORDENAR,True
MASS2476,lumpy,A,0.95,405.0,372.4,258.84000000000003,113.55999999999995,17.256,17.256,2.083,0.5417,12,25,23.857142857142858,0,0,0.0,0.0,3.8,16.0,0.05,OK,False
MASS2303,lumpy,A,0.95,148.0,216.92000000000002,214.5,2.4200000000000124,14.3,14.3,1.55,0.5637,20,31,30.285714285714285,186,186,12.3225,1674.0,9.0,1.0,0.06625,REORDENAR,True
MASS0793,lumpy,A,0.95,0.0,96.0,44.47872340425531,51.52127659574469,2.965248226950354,2.965248226950354,3.0,1.7381,47,141,140.42857142857142,1,48,0.0814,171.84,3.58,48.0,0.0814,REORDENAR,True
MASS1545,lumpy,A,0.95,1.0,97.0,48.480000000000004,48.519999999999996,3.232,3.232,2.049,1.7092,61,125,123.85714285714286,3,48,0.35583768000000005,408.0,8.5,16.0,0.11861256,REORDENAR,True
MASS0153,lumpy,A,0.95,172.0,118.89999999999999,51.3781512605042,67.5218487394958,3.4252100840336133,3.4252100840336133,3.967,2.3245,30,119,118.14285714285714,0,0,0.0,0.0,0.8,300.0,0.05,OK,False
MASS1822,lumpy,A,0.95,0.0,171.89999999999998,70.53260869565217,101.36739130434782,4.702173913043478,4.702173913043478,2.421,1.558,38,92,91.14285714285714,1,100,0.06625,260.0,2.6,100.0,0.06625,REORDENAR,True
MASS1781,lumpy,A,0.95,245.0,97.6,51.57391304347826,46.02608695652174,3.4382608695652173,3.4382608695652173,1.769,1.6657,65,115,114.42857142857143,0,0,0.0,0.0,2.8,100.0,0.051408,OK,False
MASS3060,lumpy,A,0.95,24561.0,437.15,411.234375,25.915624999999977,27.415625,27.415625,2.0,0.5558,8,16,15.714285714285714,0,0,0.0,0.0,0.03,5000.0,0.05,OK,False
MASS1359,lumpy,A,0.95,0.0,115.97999999999999,42.18345323741006,73.79654676258993,2.812230215827338,2.812230215827338,3.658,1.93,38,139,138.14285714285714,1,200,0.04536,104.0,0.52,200.0,0.04536,REORDENAR,True
MASS1540,lumpy,A,0.95,103.0,93.0,45.24,47.76,3.016,3.016,2.604,1.1183,48,125,123.85714285714286,0,0,0.0,0.0,1.58,1.0,0.001,OK,False
MASS2304,erratic,A,0.95,0.0,268.52104605350553,208.5,60.02104605350551,13.9,13.9,1.154,0.939,26,30,29.285714285714285,189,189,12.52125,1512.0,8.0,1.0,0.06625,REORDENAR,True
MASS1126,lumpy,A,0.95,200.0,130.20000000000005,44.702127659574465,85.49787234042557,2.980141843971631,2.980141843971631,2.66,0.5036,53,141,139.85714285714286,0,0,0.0,0.0,1.23,200.0,0.084672,OK,False
MASS2244,lumpy,A,0.95,280.0,214.2,156.52499999999998,57.67500000000001,10.434999999999999,10.434999999999999,1.379,0.6051,29,40,39.285714285714285,0,0,0.0,0.0,0.45,750.0,0.0175,OK,False
MASS1089,lumpy,A,0.95,0.0,82.0,42.935999999999986,39.064000000000014,2.862399999999999,2.862399999999999,2.551,2.1389,49,125,123.85714285714286,38,38,1.9000000000000001,166.44,4.38,1.0,0.05,REORDENAR,True
MASS0409,lumpy,A,0.95,4.0,65.3,41.20588235294121,24.094117647058788,2.747058823529414,2.747058823529414,2.615,3.8162,39,102,101.71428571428571,2,60,0.17325,252.0,4.2,30.0,0.086625,REORDENAR,True
MASS0745,lumpy,A,0.95,36.0,74.60000000000002,42.97872340425531,31.62127659574471,2.8652482269503543,2.8652482269503543,1.567,1.292,90,141,140.28571428571428,1,60,0.0273,132.0,2.2,60.0,0.0273,REORDENAR,True
MASS1918,lumpy,A,0.95,78.0,113.6,78.35526315789474,35.244736842105254,5.223684210526316,5.223684210526316,1.854,1.4338,41,76,75.28571428571429,68,68,3.4000000000000004,761.5999999999999,11.2,1.0,0.05,REORDENAR,True
MASS1793,lumpy,A,0.95,0.0,139.76,63.918367346938766,75.84163265306124,4.261224489795918,4.261224489795918,2.0,0.6929,49,98,97.14285714285714,56,56,2.8000000000000003,56.0,1.0,1.0,0.05,REORDENAR,True
MASS1799,lumpy,A,0.95,1.0,58.36999999999999,46.382352941176464,11.98764705882353,3.0921568627450977,3.0921568627450977,1.457,5.5752,70,102,101.71428571428571,1,100,0.06944,320.0,3.2,100.0,0.06944,REORDENAR,True
MASS0992,lumpy,A,0.95,0.0,113.31999999999996,40.394366197183096,72.92563380281686,2.692957746478873,2.692957746478873,2.898,1.2735,49,142,141.14285714285714,2,40,0.1,196.0,4.9,20.0,0.05,REORDENAR,True
MASS2326,intermittent,A,0.95,816.0,215.8,160.07179117704902,55.72820882295099,13.548387096774194,10.671452745136602,1.824,0.4247,17,31,30.285714285714285,0,0,0.0,0.0,0.8,125.0,0.05016,OK,False
MASS1547,lumpy,A,0.95,0.0,97.0,44.519999999999996,52.480000000000004,2.9679999999999995,2.9679999999999995,3.378,1.3028,37,125,123.85714285714286,1,100,0.05,218.00000000000003,2.18,100.0,0.05,REORDENAR,True
MASS1546,lumpy,A,0.95,0.0,110.05000000000001,44.65200000000001,65.398,2.9768000000000003,2.9768000000000003,3.125,1.562,40,125,123.85714285714286,1,100,0.05,178.0,1.78,100.0,0.05,REORDENAR,True
MASS2475,lumpy,A,0.95,430.0,315.09999999999997,233.45999999999998,81.63999999999999,15.563999999999998,15.563999999999998,1.389,1.1703,18,25,23.857142857142858,0,0,0.0,0.0,3.8,16.0,0.05,OK,False
MASS0412,lumpy,A,0.95,0.0,53.0,32.26056338028165,20.739436619718347,2.15070422535211,2.15070422535211,4.176,4.1407,34,142,141.28571428571428,28,28,1.4000000000000001,28.0,1.0,1.0,0.05,REORDENAR,True
MASS1351,lumpy,A,0.95,40.0,69.19999999999999,42.12676056338028,27.07323943661971,2.808450704225352,2.808450704225352,2.958,1.5652,48,142,141.28571428571428,2,60,0.23946864,300.0,5.0,30.0,0.11973432,REORDENAR,True
MASS1647,lumpy,A,0.95,57.0,70.4,45.27731092436975,25.122689075630255,3.0184873949579836,3.0184873949579836,2.245,1.6289,53,119,117.85714285714286,40,40,2.0,40.0,1.0,1.0,0.05,REORDENAR,True
MASS0235,lumpy,A,0.95,0.0,99.89999999999999,43.16399999999999,56.736000000000004,2.8775999999999993,2.8775999999999993,2.976,2.2251,42,125,123.85714285714286,38,38,1.9000000000000001,53.199999999999996,1.4,1.0,0.05,REORDENAR,True
MASS0023,lumpy,A,0.95,124.0,101.60000000000001,60.0,41.60000000000001,4.0,4.0,1.745,1.9668,51,89,88.14285714285714,0,0,0.0,0.0,1.0,500.0,0.090901125,OK,False
MASS1649,lumpy,A,0.95,26.0,70.60000000000004,45.50420168067228,25.095798319327756,3.033613445378152,3.033613445378152,1.545,1.5974,77,119,117.85714285714286,1,200,0.043,136.0,0.68,200.0,0.043,REORDENAR,True
MASS1687,lumpy,A,0.95,0.0,103.09999999999997,51.15,51.94999999999997,3.4099999999999997,3.4099999999999997,2.13,0.7068,54,115,114.42857142857143,1,75,0.12126,225.0,3.0,75.0,0.12126,REORDENAR,True
MASS0817,lumpy,A,0.95,0.0,99.34999999999997,38.73591549295774,60.61408450704223,2.5823943661971827,2.5823943661971827,5.071,1.7147,28,142,141.14285714285714,1,100,0.045325,362.0,3.62,100.0,0.045325,REORDENAR,True
MASS1085,lumpy,A,0.95,71.0,89.08,41.34042553191489,47.73957446808511,2.756028368794326,2.756028368794326,3.133,1.011,45,141,140.28571428571428,1,120,0.0648,150.0,1.25,120.0,0.0648,REORDENAR,True
MASS1741,lumpy,A,0.95,468.0,75.0,51.206896551724135,23.793103448275865,3.413793103448276,3.413793103448276,4.462,0.8551,26,116,115.28571428571429,0,0,0.0,0.0,0.85,50.0,0.05,OK,False
MASS1885,lumpy,A,0.95,124.0,136.2,67.30985915492955,68.89014084507042,4.487323943661971,4.487323943661971,1.511,2.4827,47,71,69.85714285714286,2,100,0.218025,1000.0,10.0,50.0,0.1090125,REORDENAR,True
MASS1286,lumpy,A,0.95,0.0,117.95,43.96249999999999,73.98750000000001,2.9308333333333327,2.9308333333333327,2.5,1.03,48,120,119.71428571428571,1,100,0.040095,45.0,0.45,100.0,0.040095,REORDENAR,True
MASS0406,lumpy,A,0.95,135.0,113.08,39.40425531914893,73.67574468085107,2.626950354609929,2.626950354609929,5.222,0.8761,27,141,140.28571428571428,0,0,0.0,0.0,2.35,100.0,0.05,OK,False
MASS2135,lumpy,A,0.95,292.0,141.12999999999997,111.20588235294116,29.92411764705881,7.413725490196077,7.413725490196077,2.125,1.2661,24,51,50.42857142857143,0,0,0.0,0.0,17.0,25.0,0.0673745,OK,False
MASS1442,lumpy,A,0.95,22.0,65.19999999999997,39.25352112676055,25.94647887323942,2.6169014084507034,2.6169014084507034,3.156,1.5269,45,142,141.14285714285714,1,100,0.0373275,140.0,1.4,100.0,0.0373275,REORDENAR,True
MASS1497,lumpy,A,0.95,0.0,106.0,34.599999999999994,71.4,2.306666666666666,2.306666666666666,4.091,2.3446,33,135,134.57142857142858,30,30,1.5,30.0,1.0,1.0,0.05,REORDENAR,True
MASS1797,lumpy,A,0.95,0.0,78.17999999999998,45.647058823529406,32.53294117647058,3.0431372549019606,3.0431372549019606,2.267,2.4903,45,102,101.71428571428571,1,96,0.054756,91.19999999999999,0.95,96.0,0.054756,REORDENAR,True
MASS1908,lumpy,A,0.95,0.0,106.70999999999998,77.73591549295774,28.974084507042228,5.182394366197183,5.182394366197183,1.479,0.9624,48,71,69.85714285714286,1,120,0.07252,228.0,1.9,120.0,0.07252,REORDENAR,True
MASS1459,lumpy,A,0.95,0.0,93.88000000000002,36.679856115107896,57.20014388489213,2.445323741007193,2.445323741007193,3.31,2.2263,42,139,138.14285714285714,1,200,0.04536,104.0,0.52,200.0,0.04536,REORDENAR,True
MASS2146,lumpy,A,0.95,139.0,174.4,113.87755102040816,60.52244897959184,7.591836734693878,7.591836734693878,2.882,0.9859,17,49,48.57142857142857,2,100,0.125,90.0,0.9,50.0,0.0625,REORDENAR,True
MASS2377,erratic,A,0.95,53.0,233.55656174775498,188.6,44.95656174775499,12.573333333333332,12.573333333333332,1.034,0.6136,29,30,29.714285714285715,10,400,0.9082125000000001,1160.0,2.9,40.0,0.09082125,REORDENAR,True
MASS0956,lumpy,A,0.95,0.0,93.60000000000002,41.688,51.91200000000002,2.7792000000000003,2.7792000000000003,2.841,2.2238,44,125,123.85714285714286,1,70,0.05,164.5,2.35,70.0,0.05,REORDENAR,True
MASS1336,lumpy,A,0.95,0.0,189.7000000000002,45.581896551724135,144.11810344827606,3.038793103448276,3.038793103448276,9.667,0.9621,12,116,115.28571428571429,2,40,0.087024,312.0,7.8,20.0,0.043512,REORDENAR,True
MASS1990,erratic,A,0.95,0.0,108.84405117591177,74.3450704225352,34.49898075337657,4.9563380281690135,4.9563380281690135,1.291,0.9801,55,71,69.85714285714286,17,306,1.292,459.0,1.5,18.0,0.076,REORDENAR,True
MASS1910,lumpy,A,0.95,104.0,131.84,79.21478873239437,52.625211267605636,5.280985915492958,5.280985915492958,1.479,0.6546,48,71,69.85714285714286,2,120,0.269984,204.0,1.7,60.0,0.134992,REORDENAR,True
MASS1040,lumpy,A,0.95,1.0,83.14999999999998,41.13188976377952,42.01811023622046,2.742125984251968,2.742125984251968,2.54,1.6291,50,127,126.57142857142857,2,48,0.25727625,108.0,2.25,24.0,0.128638125,REORDENAR,True
MASS0952,lumpy,A,0.95,5.0,72.5,42.54,29.96,2.836,2.836,2.451,0.7263,51,125,123.85714285714286,1,70,0.05,154.0,2.2,70.0,0.05,REORDENAR,True
MASS1353,lumpy,A,0.95,0.0,59.3,28.996478873239422,30.303521126760575,1.9330985915492949,1.9330985915492949,4.438,4.9127,32,142,141.28571428571428,26,26,1.3,26.0,1.0,1.0,0.05,REORDENAR,True
MASS1905,erratic,A,0.95,1.0,107.4142841756564,68.61971830985914,38.794565865797274,4.574647887323943,4.574647887323943,1.246,1.5596,57,71,69.85714285714286,12,144,1.22625,1080.0,7.5,12.0,0.1021875,REORDENAR,True
MASS1662,lumpy,A,0.95,232.0,70.07999999999998,43.537815126050404,26.542184873949584,2.9025210084033604,2.9025210084033604,2.204,1.1257,54,119,117.85714285714286,0,0,0.0,0.0,0.8,288.0,0.05,OK,False
MASS1843,lumpy,A,0.95,236.0,123.59999999999997,55.36082474226804,68.23917525773193,3.6907216494845363,3.6907216494845363,4.042,1.1962,24,97,96.57142857142857,0,0,0.0,0.0,5.0,10.0,0.17496,OK,False
MASS1551,lumpy,A,0.95,7.0,55.75,41.25,14.5,2.75,2.75,1.453,0.9037,86,125,123.85714285714286,6,36,0.5307120000000001,1008.0,28.0,6.0,0.088452,REORDENAR,True
MASS1602,lumpy,A,0.95,0.0,68.0,39.24,28.759999999999998,2.616,2.616,2.119,1.4824,59,125,123.85714285714286,35,35,1.75,157.5,4.5,1.0,0.05,REORDENAR,True
MASS2353,lumpy,A,0.95,0.0,221.5,180.7,40.80000000000001,12.046666666666665,12.046666666666665,1.579,1.0084,19,30,29.428571428571427,5,180,0.38841000000000003,360.0,2.0,36.0,0.077682,REORDENAR,True
MASS0820,lumpy,A,0.95,0.0,99.0,37.2887323943662,61.7112676056338,2.4859154929577465,2.4859154929577465,5.259,1.4969,27,142,141.14285714285714,1,100,0.045325,362.0,3.62,100.0,0.045325,REORDENAR,True
MASS1211,lumpy,A,0.95,0.0,71.6,38.23943661971831,33.36056338028168,2.5492957746478875,2.5492957746478875,2.448,0.7832,58,142,141.14285714285714,34,34,1.7000000000000002,34.0,1.0,1.0,0.05,REORDENAR,True
MASS0611,lumpy,A,0.95,0.0,96.5,38.55555555555556,57.94444444444444,2.5703703703703704,2.5703703703703704,4.355,0.6263,31,135,134.14285714285714,1,100,0.1215,150.0,1.5,100.0,0.1215,REORDENAR,True
MASS1804,lumpy,A,0.95,0.0,123.9999999999998,40.9117647058823,83.0882352941175,2.7274509803921534,2.7274509803921534,3.4,3.8627,30,102,101.71428571428571,1,60,0.18054,54.0,0.9,60.0,0.18054,REORDENAR,True
MASS1838,lumpy,A,0.95,319.0,128.79999999999998,53.78350515463917,75.01649484536081,3.585567010309278,3.585567010309278,5.706,1.3101,17,97,96.57142857142857,0,0,0.0,0.0,5.0,10.0,0.17496,OK,False
MASS1975,erratic,A,0.95,1.0,98.40036954615022,61.109589041095866,37.29078050505436,4.073972602739724,4.073972602739724,1.237,1.6679,59,73,71.85714285714286,4,320,0.426755,441.59999999999997,1.38,80.0,0.10668875,REORDENAR,True
MASS0405,lumpy,A,0.95,1.0,81.98000000000002,37.12234042553192,44.85765957446811,2.4748226950354613,2.4748226950354613,3.205,0.9305,44,141,140.28571428571428,1,100,0.032448,150.0,1.5,100.0,0.032448,REORDENAR,True
MASS2042,lumpy,A,0.95,0.0,223.89999999999998,100.74000000000001,123.15999999999997,6.716,6.716,1.852,1.0584,27,50,48.857142857142854,2,100,0.133728,280.0,2.8,50.0,0.066864,REORDENAR,True
MASS0951,lumpy,A,0.95,12.0,71.69999999999996,30.68399999999999,41.01599999999997,2.0455999999999994,2.0455999999999994,4.167,3.552,30,125,123.85714285714286,1,70,0.05,192.5,2.75,70.0,0.05,REORDENAR,True
MASS1019,lumpy,A,0.95,2.0,145.3,70.95422535211267,74.34577464788732,4.730281690140845,4.730281690140845,1.69,1.1836,42,71,69.85714285714286,2,100,0.1469,340.0,3.4,50.0,0.07345,REORDENAR,True
MASS0402,lumpy,A,0.95,0.0,82.0,33.93617021276596,48.06382978723404,2.2624113475177303,2.2624113475177303,4.029,1.48,35,141,140.28571428571428,1,100,0.032448,150.0,1.5,100.0,0.032448,REORDENAR,True
MASS2474,lumpy,A,0.95,28.0,202.79999999999998,202.79999999999998,0.0,13.52,13.52,3.125,1.2881,8,25,23.857142857142858,18,180,0.9,720.0,4.0,10.0,0.05,REORDENAR,True
MASS2144,lumpy,A,0.95,366.0,155.0,99.26020408163265,55.73979591836735,6.61734693877551,6.61734693877551,8.167,1.4457,6,49,48.57142857142857,0,0,0.0,0.0,0.9,50.0,0.0625,OK,False
MASS1264,lumpy,A,0.95,178.0,54.0,36.39,17.61,2.426,2.426,1.42,1.7723,88,125,123.85714285714286,0,0,0.0,0.0,6.8,5.0,0.019292,OK,False
MASS0236,lumpy,A,0.95,2.0,75.0,39.47999999999999,35.52000000000001,2.6319999999999992,2.6319999999999992,3.378,2.2022,37,125,123.85714285714286,35,35,1.75,49.0,1.4,1.0,0.05,REORDENAR,True
MASS1803,lumpy,A,0.95,269.0,72.09999999999998,39.22794117647059,32.87205882352939,2.6151960784313726,2.6151960784313726,2.217,4.1437,46,102,101.71428571428571,0,0,0.0,0.0,1.25,100.0,0.06784,OK,False
MASS2079,erratic,A,0.95,369.0,148.31549638109394,106.67857142857142,41.63692495252253,7.111904761904761,7.111904761904761,1.05,1.2921,40,42,41.142857142857146,0,0,0.0,0.0,1.4,100.0,0.033495,OK,False
MASS1789,lumpy,A,0.95,0.0,85.04999999999995,47.55147058823527,37.498529411764686,3.170098039215685,3.170098039215685,2.429,1.35,42,102,101.71428571428571,1,120,0.061952,102.0,0.85,120.0,0.061952,REORDENAR,True
MASS1917,lumpy,A,0.95,248.0,117.89999999999998,62.40789473684209,55.49210526315789,4.160526315789473,4.160526315789473,2.171,1.6472,35,76,75.28571428571429,0,0,0.0,0.0,11.2,1.0,0.05,OK,False
MASS1996,lumpy,A,0.95,42.0,94.69999999999999,62.198630136986296,32.50136986301369,4.146575342465753,4.146575342465753,2.147,1.5158,34,73,71.85714285714286,1,100,0.07,100.0,1.0,100.0,0.07,REORDENAR,True
MASS2480,lumpy,A,0.95,147.0,269.25,205.95000000000002,63.29999999999998,13.73,13.73,2.083,0.5601,12,25,23.857142857142858,12,192,0.6000000000000001,729.5999999999999,3.8,16.0,0.05,REORDENAR,True
MASS0019,lumpy,A,0.95,0.0,88.32,33.89361702127659,54.42638297872341,2.259574468085106,2.259574468085106,3.711,1.3794,38,141,140.28571428571428,1,300,0.027,240.0,0.8,300.0,0.027,REORDENAR,True
MASS0612,lumpy,A,0.95,4.0,85.0,35.666666666666664,49.333333333333336,2.3777777777777778,2.3777777777777778,3.75,0.7337,36,135,134.14285714285714,1,100,0.1215,150.0,1.5,100.0,0.1215,REORDENAR,True
MASS1945,lumpy,A,0.95,0.0,109.0,70.10915492957746,38.89084507042254,4.673943661971831,4.673943661971831,1.69,0.6946,42,71,70.28571428571429,1,100,0.02625,60.0,0.6,100.0,0.02625,REORDENAR,True
MASS1555,lumpy,A,0.95,0.0,39.504,39.504,0.0,2.6336,2.6336,62.5,1.4808,2,125,123.85714285714286,1,50,0.0575,290.0,5.8,50.0,0.0575,REORDENAR,True
MASS1449,lumpy,A,0.95,2.0,67.0,36.259842519685044,30.740157480314956,2.4173228346456694,2.4173228346456694,2.49,1.6246,51,127,125.85714285714286,2,40,0.1,380.0,9.5,20.0,0.05,REORDENAR,True
MASS0699,lumpy,A,0.95,26.0,67.19999999999999,34.95744680851064,32.24255319148935,2.330496453900709,2.330496453900709,2.82,0.9307,50,141,140.28571428571428,1,100,0.0462,54.0,0.54,100.0,0.0462,REORDENAR,True
MASS0351,lumpy,A,0.95,0.0,27.900000000000006,10.900862068965516,16.99913793103449,0.7267241379310344,0.7267241379310344,4.143,17.1735,28,116,115.28571428571429,10,10,0.5,10.0,1.0,1.0,0.05,REORDENAR,True
MASS1922,lumpy,A,0.95,26.0,102.25,69.62323943661971,32.62676056338028,4.641549295774648,4.641549295774648,1.614,0.8722,44,71,70.28571428571429,1,128,0.075,192.0,1.5,128.0,0.075,REORDENAR,True
MASS1321,lumpy,A,0.95,11.0,89.79999999999998,36.864,52.935999999999986,2.4576,2.4576,2.358,2.1201,53,125,123.85714285714286,1,50,0.056448,21.0,0.42,50.0,0.056448,REORDENAR,True
MASS1931,lumpy,A,0.95,0.0,164.39999999999998,67.39436619718309,97.0056338028169,4.492957746478873,4.492957746478873,2.152,0.9253,33,71,70.28571428571429,2,100,0.10336,245.00000000000003,2.45,50.0,0.05168,REORDENAR,True
MASS1873,lumpy,A,0.95,57.0,88.19999999999999,68.95774647887325,19.24225352112675,4.597183098591549,4.597183098591549,1.972,1.2274,36,71,69.85714285714286,10,60,0.9020375,630.0,10.5,6.0,0.09020375,REORDENAR,True
MASS2193,lumpy,A,0.95,1.0,169.2,109.64285714285714,59.557142857142864,7.309523809523809,7.309523809523809,1.355,0.8649,31,42,41.142857142857146,3,120,0.48536175,150.0,1.25,40.0,0.16178725,REORDENAR,True
MASS1298,lumpy,A,0.95,2.0,84.18,43.49999999999999,40.68000000000001,2.8999999999999995,2.8999999999999995,2.036,0.8189,55,112,111.71428571428571,38,38,1.9000000000000001,38.0,1.0,1.0,0.05,REORDENAR,True
MASS1839,lumpy,A,0.95,241.0,120.0,50.103092783505154,69.89690721649484,3.3402061855670104,3.3402061855670104,4.619,1.3678,21,97,96.57142857142857,0,0,0.0,0.0,5.0,10.0,0.17496,OK,False
MASS2235,lumpy,A,0.95,137.0,134.36000000000007,115.46153846153845,18.898461538461603,7.697435897435897,7.697435897435897,1.345,2.4841,29,39,38.714285714285715,0,0,0.0,0.0,17.0,25.0,0.0673745,OK,False
MASS2115,lumpy,A,0.95,0.0,112.11538461538457,112.11538461538457,0.0,7.474358974358972,7.474358974358972,3.9,2.3561,10,39,38.142857142857146,2,100,0.09114,1500.0,15.0,50.0,0.04557,REORDENAR,True
MASS1805,lumpy,A,0.95,0.0,81.39999999999999,45.77941176470587,35.62058823529412,3.051960784313725,3.051960784313725,1.7,1.4313,60,102,101.71428571428571,3,48,0.258,1142.4,23.8,16.0,0.086,REORDENAR,True
MASS0172,lumpy,A,0.95,0.0,30.977112676056336,30.977112676056336,0.0,2.0651408450704225,2.0651408450704225,23.667,1.8708,6,142,141.14285714285714,27,27,1.35,27.0,1.0,1.0,0.05,REORDENAR,True
MASS1840,lumpy,A,0.95,256.0,115.0,49.414948453608254,65.58505154639175,3.294329896907217,3.294329896907217,4.85,1.4877,20,97,96.57142857142857,0,0,0.0,0.0,5.0,10.0,0.17496,OK,False
MASS2226,erratic,A,0.95,13.0,164.04506977452587,120.61538461538461,43.429685159141265,8.04102564102564,8.04102564102564,1.054,1.5126,37,39,38.714285714285715,9,360,1.6522379999999999,666.0,1.85,40.0,0.183582,REORDENAR,True
MASS0613,lumpy,A,0.95,102.0,90.4,64.51027397260273,25.889726027397273,4.300684931506849,4.300684931506849,1.46,1.5254,50,73,72.57142857142857,0,0,0.0,0.0,1.5,100.0,0.1215,OK,False
MASS1045,lumpy,A,0.95,0.0,78.0,33.340425531914896,44.659574468085104,2.222695035460993,2.222695035460993,3.615,0.8158,39,141,140.28571428571428,1,100,0.079335,80.0,0.8,100.0,0.079335,REORDENAR,True
MASS1691,lumpy,A,0.95,0.0,96.3,39.9,56.4,2.6599999999999997,2.6599999999999997,2.396,0.6291,48,115,114.42857142857143,1,150,0.175,165.0,1.1,150.0,0.175,REORDENAR,True
MASS2601,lumpy,A,0.95,141.0,298.9821428571428,298.9821428571428,0.0,19.932142857142853,19.932142857142853,1.75,2.0484,8,14,13.571428571428571,29,261,3.054135,1435.5,5.5,9.0,0.105315,REORDENAR,True
MASS1042,lumpy,A,0.95,71.0,48.0,32.85211267605633,15.14788732394367,2.190140845070422,2.190140845070422,2.491,1.334,57,142,141.28571428571428,0,0,0.0,0.0,1.8,20.0,0.106848,OK,False
MASS0610,erratic,A,0.95,80.0,89.91172635174351,62.46575342465753,27.445972927085986,4.164383561643835,4.164383561643835,1.106,1.1171,66,73,72.57142857142857,2,200,0.102816,796.0,3.98,100.0,0.051408,REORDENAR,True
MASS2396,lumpy,A,0.95,109.0,156.96774193548384,156.96774193548384,0.0,10.464516129032257,10.464516129032257,2.385,0.7325,13,31,30.571428571428573,5,150,0.25,555.0,3.7,30.0,0.05,REORDENAR,True
MASS1790,lumpy,A,0.95,3.0,55.015,39.43382352941177,15.581176470588229,2.628921568627451,2.628921568627451,1.759,2.2293,58,102,101.71428571428571,1,120,0.061952,102.0,0.85,120.0,0.061952,REORDENAR,True
MASS1127,lumpy,A,0.95,115.0,62.80000000000001,31.542553191489354,31.257446808510657,2.1028368794326235,2.1028368794326235,3.0,1.1642,47,141,139.85714285714286,0,0,0.0,0.0,1.23,200.0,0.084672,OK,False
MASS1796,lumpy,A,0.95,0.0,78.3,35.94117647058822,42.35882352941178,2.396078431372548,2.396078431372548,2.914,2.9072,35,102,101.71428571428571,1,200,0.0468,229.99999999999997,1.15,200.0,0.0468,REORDENAR,True
MASS0364,lumpy,A,0.95,5.0,51.599999999999994,33.675,17.924999999999997,2.2449999999999997,2.2449999999999997,1.6,1.4358,75,120,119.71428571428571,1,50,0.02448,151.5,3.03,50.0,0.02448,REORDENAR,True
MASS0013,lumpy,A,0.95,0.0,84.7,34.1015625,50.5984375,2.2734375,2.2734375,3.368,1.6259,38,128,127.14285714285714,30,30,1.5,30.0,1.0,1.0,0.05,REORDENAR,True
MASS1518,lumpy,A,0.95,0.0,106.69999999999999,29.807999999999996,76.892,1.9871999999999999,1.9871999999999999,5.435,2.2622,23,125,123.85714285714286,1,50,0.05,200.0,4.0,50.0,0.05,REORDENAR,True
MASS0574,lumpy,A,0.95,0.0,83.80000000000015,33.15126050420168,50.64873949579847,2.2100840336134455,2.2100840336134455,5.667,2.1483,21,119,117.85714285714286,29,29,1.4500000000000002,29.0,1.0,1.0,0.05,REORDENAR,True
MASS1628,lumpy,A,0.95,0.0,84.75,33.63,51.12,2.242,2.242,2.717,1.5155,46,125,123.85714285714286,1,100,0.05,110.00000000000001,1.1,100.0,0.05,REORDENAR,True
MASS1124,lumpy,A,0.95,22.0,49.54499999999999,28.948943661971825,20.596056338028163,1.9299295774647884,1.9299295774647884,2.731,1.4314,52,142,141.28571428571428,3,30,0.27489600000000003,96.0,3.2,10.0,0.091632,REORDENAR,True
MASS2489,lumpy,A,0.95,689.0,171.6,171.6,0.0,11.44,11.44,4.167,1.5568,6,25,23.857142857142858,0,0,0.0,0.0,0.6,250.0,0.024986,OK,False
MASS2478,lumpy,A,0.95,301.0,240.0,186.0,54.0,12.4,12.4,2.083,0.7955,12,25,23.857142857142858,0,0,0.0,0.0,3.8,16.0,0.05,OK,False
MASS2497,lumpy,A,0.95,0.0,242.0,160.05,81.94999999999999,10.67,10.67,1.786,1.1872,14,25,23.857142857142858,139,139,6.95,139.0,1.0,1.0,0.05,REORDENAR,True
MASS1063,lumpy,A,0.95,0.0,59.49999999999996,31.860902255639083,27.639097744360875,2.124060150375939,2.124060150375939,2.558,1.5267,52,133,132.71428571428572,28,28,1.4000000000000001,28.0,1.0,1.0,0.05,REORDENAR,True
MASS2184,erratic,A,0.95,145.0,155.82408672910748,101.72093023255815,54.10315649654934,6.78139534883721,6.78139534883721,1.229,3.0869,35,43,42.142857142857146,3,450,0.048,810.0,1.8,150.0,0.016,REORDENAR,True
MASS1561,lumpy,A,0.95,13.0,85.0,39.69827586206897,45.30172413793103,2.646551724137931,2.646551724137931,7.25,0.6447,16,116,115.57142857142857,35,35,1.75,35.0,1.0,1.0,0.05,REORDENAR,True
MASS2101,erratic,A,0.95,25.0,137.62852476933057,102.64285714285714,34.985667626473415,6.8428571428571425,6.8428571428571425,1.077,1.0734,39,42,41.142857142857146,3,600,0.21000000000000002,540.0,0.9,200.0,0.07,REORDENAR,True
MASS0394,lumpy,A,0.95,0.0,55.0,30.78804347826087,24.21195652173913,2.052536231884058,2.052536231884058,2.464,0.8895,56,138,137.42857142857142,1,300,0.02448,165.0,0.55,300.0,0.02448,REORDENAR,True
MASS2020,lumpy,A,0.95,0.0,111.6,80.22,31.379999999999995,5.348,5.348,1.515,0.9497,33,50,48.857142857142854,2,80,0.2684025,708.0,8.85,40.0,0.13420125,REORDENAR,True
MASS1532,lumpy,A,0.95,128.0,84.22000000000001,57.126760563380294,27.093239436619715,3.808450704225353,3.808450704225353,1.821,1.717,39,71,69.85714285714286,0,0,0.0,0.0,0.6,200.0,0.025012,OK,False
MASS1519,lumpy,A,0.95,27.0,63.0,32.760000000000005,30.239999999999995,2.184,2.184,2.049,1.4415,61,125,123.85714285714286,29,29,1.4500000000000002,8.7,0.3,1.0,0.05,REORDENAR,True
MASS2060,lumpy,A,0.95,144.0,175.34999999999997,82.90499999999999,92.44499999999998,5.526999999999999,5.526999999999999,2.778,1.1842,18,50,48.857142857142854,2,100,0.097088,480.0,4.8,50.0,0.048544,REORDENAR,True
MASS2492,intermittent,A,0.95,700.0,150.0,136.71428571428572,13.285714285714278,11.6,9.114285714285714,8.333,0.4286,3,25,23.857142857142858,0,0,0.0,0.0,0.6,250.0,0.024986,OK,False
MASS2491,intermittent,A,0.95,700.0,150.0,136.71428571428572,13.285714285714278,11.6,9.114285714285714,8.333,0.4286,3,25,23.857142857142858,0,0,0.0,0.0,0.6,250.0,0.024986,OK,False
MASS2490,intermittent,A,0.95,700.0,150.0,136.71428571428572,13.285714285714278,11.6,9.114285714285714,8.333,0.4286,3,25,23.857142857142858,0,0,0.0,0.0,0.6,250.0,0.024986,OK,False
MASS1686,lumpy,A,0.95,0.0,55.0,33.1890756302521,21.8109243697479,2.2126050420168064,2.2126050420168064,2.532,1.4092,47,119,117.85714285714286,29,29,1.4500000000000002,29.0,1.0,1.0,0.05,REORDENAR,True
MASS2116,lumpy,A,0.95,0.0,225.5,103.46428571428571,122.03571428571429,6.897619047619047,6.897619047619047,5.25,0.9285,8,42,41.142857142857146,1,100,0.046563,450.0,4.5,100.0,0.046563,REORDENAR,True
MASS1455,lumpy,A,0.95,0.0,28.76595744680851,28.76595744680851,0.0,1.9177304964539006,1.9177304964539006,28.2,1.2385,5,141,140.42857142857142,25,25,1.25,25.0,1.0,1.0,0.05,REORDENAR,True
MASS0606,lumpy,A,0.95,98.0,46.0,31.73076923076923,14.26923076923077,2.1153846153846154,2.1153846153846154,2.167,1.7378,60,130,129.14285714285714,0,0,0.0,0.0,1.8,40.0,0.066,OK,False
MASS2200,erratic,A,0.95,0.0,136.38846239640273,85.49999999999999,50.88846239640275,5.699999999999999,5.699999999999999,1.273,2.7508,33,42,41.142857142857146,2,300,0.186878,774.0,2.58,150.0,0.093439,REORDENAR,True
MASS1875,lumpy,A,0.95,70.0,87.0,59.7887323943662,27.2112676056338,3.9859154929577465,3.9859154929577465,1.543,1.2088,46,71,69.85714285714286,9,54,0.34452,345.6,6.4,6.0,0.03828,REORDENAR,True
MASS2486,lumpy,A,0.95,708.0,239.29,159.28846153846152,80.00153846153847,10.619230769230768,10.619230769230768,3.714,1.2419,7,26,25.285714285714285,0,0,0.0,0.0,0.6,250.0,0.024986,OK,False
MASS0998,lumpy,A,0.95,0.0,54.39999999999995,19.943661971830977,34.45633802816897,1.3295774647887317,1.3295774647887317,5.68,4.4132,25,142,141.14285714285714,18,18,0.9,18.0,1.0,1.0,0.05,REORDENAR,True
MASS2470,lumpy,A,0.95,188.0,180.79999999999998,168.47999999999996,12.320000000000022,11.231999999999998,11.231999999999998,3.125,0.8988,8,25,23.857142857142858,0,0,0.0,0.0,4.0,10.0,0.05,OK,False
MASS2052,erratic,A,0.95,0.0,109.965731978994,75.0,34.96573197899401,5.0,5.0,1.22,1.3936,41,50,48.857142857142854,5,200,0.39168000000000003,869.9999999999999,4.35,40.0,0.078336,REORDENAR,True
MASS1692,lumpy,A,0.95,0.0,74.89999999999999,36.352173913043465,38.547826086956526,2.4234782608695644,2.4234782608695644,2.212,0.7085,52,115,114.42857142857143,1,150,0.147,165.0,1.1,150.0,0.147,REORDENAR,True
MASS2187,erratic,A,0.95,122.0,129.60352763807657,88.99999999999999,40.603527638076585,5.933333333333333,5.933333333333333,1.273,1.5915,33,42,41.142857142857146,314,314,0.69060375,596.6,1.9,1.0,0.002199375,REORDENAR,True
MASS1573,intermittent,A,0.95,0.0,28.128726810954063,28.128726810954063,0.0,2.2109375,1.8752484540636043,25.6,0.3037,5,128,126.85714285714286,29,29,1.4500000000000002,29.0,1.0,1.0,0.05,REORDENAR,True
MASS2393,lumpy,A,0.95,118.0,127.98387096774195,127.98387096774195,0.0,8.53225806451613,8.53225806451613,3.875,0.8119,8,31,30.714285714285715,12,120,0.6000000000000001,540.0,4.5,10.0,0.05,REORDENAR,True
MASS1536,lumpy,A,0.95,0.0,66.0,32.52,33.48,2.168,2.168,2.451,0.7972,51,125,123.85714285714286,29,29,0.036801,108.75,3.75,1.0,0.001269,REORDENAR,True
MASS2319,lumpy,A,0.95,352.0,140.0999999999999,113.04999999999995,27.049999999999955,7.5366666666666635,7.5366666666666635,3.75,3.2605,8,30,29.571428571428573,0,0,0.0,0.0,1.8,100.0,0.080224125,OK,False
MASS1834,lumpy,A,0.95,0.0,133.0,44.51086956521739,88.48913043478261,2.967391304347826,2.967391304347826,15.333,0.7067,6,92,91.14285714285714,3,42,0.15000000000000002,98.7,2.35,14.0,0.05,REORDENAR,True
MASS1478,lumpy,A,0.95,0.0,90.79999999999998,31.415999999999997,59.383999999999986,2.0944,2.0944,8.929,1.4908,14,125,123.85714285714286,3,30,0.15000000000000002,182.4,6.08,10.0,0.05,REORDENAR,True
MASS1830,lumpy,A,0.95,33.0,74.45000000000005,36.04952830188679,38.40047169811326,2.4033018867924527,2.4033018867924527,1.893,1.235,56,106,104.85714285714286,3,36,0.11240625000000001,111.60000000000001,3.1,12.0,0.03746875,REORDENAR,True
MASS1861,lumpy,A,0.95,929.0,74.48,54.082191780821915,20.39780821917809,3.6054794520547944,3.6054794520547944,1.553,1.6303,47,73,71.85714285714286,0,0,0.0,0.0,3.5,100.0,0.0245,OK,False
MASS2380,smooth,A,0.95,113.0,169.02771566217712,135.2,33.827715662177134,9.013333333333332,9.013333333333332,1.111,0.4205,27,30,29.714285714285715,5,500,0.34621375000000004,890.0,1.78,100.0,0.06924275,REORDENAR,True
MASS1075,lumpy,A,0.95,0.0,58.84999999999998,26.572183098591545,32.277816901408436,1.7714788732394362,1.7714788732394362,2.84,1.1581,50,142,141.14285714285714,24,24,1.2000000000000002,24.0,1.0,1.0,0.05,REORDENAR,True
MASS1405,lumpy,B,0.9,0.0,79.60000000000001,27.9820143884892,51.617985611510804,1.8654676258992802,1.8654676258992802,7.722,1.2511,18,139,138.28571428571428,25,25,1.25,25.0,1.0,1.0,0.05,REORDENAR,True
MASS1481,lumpy,B,0.9,52.0,27.00000000000007,15.652173913043491,11.347826086956578,1.043478260869566,1.043478260869566,6.9,6.302,20,138,137.28571428571428,0,0,0.0,0.0,1.9,200.0,0.05,OK,False
MASS1476,lumpy,B,0.9,26.0,50.980000000000004,27.861702127659573,23.118297872340435,1.8574468085106381,1.8574468085106381,2.431,0.8692,58,141,140.28571428571428,1,80,0.07548,547.2,6.84,80.0,0.07548,REORDENAR,True
MASS0367,lumpy,B,0.9,12.0,68.10000000000001,39.375,28.72500000000001,2.625,2.625,1.444,0.6345,72,104,103.71428571428571,1,50,0.02448,151.5,3.03,50.0,0.02448,REORDENAR,True
MASS2323,erratic,B,0.9,237.0,151.3914599016225,117.82258064516128,33.568879256461216,7.854838709677419,7.854838709677419,1.292,1.2197,24,31,30.285714285714285,0,0,0.0,0.0,4.2,100.0,0.0736,OK,False
MASS2065,lumpy,B,0.9,42.0,78.5,69.9,8.599999999999994,4.66,4.66,1.515,2.3211,33,50,48.857142857142854,2,80,0.190624,304.0,3.8,40.0,0.095312,REORDENAR,True
MASS1831,lumpy,B,0.9,0.0,130.2,43.40217391304348,86.79782608695652,2.893478260869565,2.893478260869565,11.5,1.0552,8,92,91.14285714285714,3,42,0.15000000000000002,98.7,2.35,14.0,0.05,REORDENAR,True
MASS0960,lumpy,B,0.9,0.0,107.0,53.57746478873239,53.4225352112676,3.5718309859154926,3.5718309859154926,2.448,0.875,29,71,70.28571428571429,1,432,0.03528,280.8,0.65,432.0,0.03528,REORDENAR,True
MASS1736,lumpy,B,0.9,45.0,75.70000000000002,34.97844827586207,40.721551724137946,2.331896551724138,2.331896551724138,6.105,1.262,19,116,115.28571428571429,31,31,0.42761400000000005,347.2,11.2,1.0,0.013794,REORDENAR,True
MASS2225,erratic,B,0.9,48.0,119.03281691544412,91.34615384615384,27.68666306929028,6.089743589743589,6.089743589743589,1.083,1.3961,36,39,38.714285714285715,7,350,0.504,651.0,1.86,50.0,0.072,REORDENAR,True
MASS1760,lumpy,B,0.9,99.0,56.0,34.95652173913043,21.04347826086957,2.3304347826086955,2.3304347826086955,2.805,0.8359,41,115,114.42857142857143,0,0,0.0,0.0,0.55,150.0,0.05,OK,False
MASS2483,lumpy,B,0.9,728.0,182.0,154.2,27.80000000000001,10.28,10.28,3.571,1.4534,7,25,23.857142857142858,0,0,0.0,0.0,0.6,250.0,0.024986,OK,False
MASS1832,lumpy,B,0.9,0.0,127.59999999999998,42.815217391304344,84.78478260869564,2.8543478260869564,2.8543478260869564,13.143,0.9131,7,92,91.14285714285714,3,42,0.15000000000000002,98.7,2.35,14.0,0.05,REORDENAR,True
MASS0408,lumpy,B,0.9,0.0,80.59999999999994,26.154929577464785,54.44507042253515,1.7436619718309856,1.7436619718309856,9.467,1.0679,15,142,141.14285714285714,23,23,1.1500000000000001,23.0,1.0,1.0,0.05,REORDENAR,True
MASS2224,erratic,B,0.9,28.0,124.66935056064122,93.46153846153847,31.207812099102753,6.230769230769231,6.230769230769231,1.258,1.6783,31,39,38.714285714285715,16,320,1.706752,601.5999999999999,1.88,20.0,0.106672,REORDENAR,True
MASS0388,lumpy,B,0.9,1.0,55.34000000000001,28.28260869565218,27.05739130434783,1.8855072463768119,1.8855072463768119,3.136,0.9125,44,138,137.42857142857142,1,300,0.02448,165.0,0.55,300.0,0.02448,REORDENAR,True
MASS1266,lumpy,B,0.9,266.0,96.07999999999996,29.905511811023615,66.17448818897634,1.9937007874015744,1.9937007874015744,4.379,0.7944,29,127,126.14285714285714,0,0,0.0,0.0,10.5,20.0,0.06864,OK,False
MASS1712,lumpy,B,0.9,0.0,68.0,33.78260869565217,34.21739130434783,2.252173913043478,2.252173913043478,2.5,0.7171,46,115,114.42857142857143,30,30,1.5,30.0,1.0,1.0,0.05,REORDENAR,True
MASS0391,lumpy,B,0.9,0.0,51.76,24.630434782608692,27.129565217391306,1.642028985507246,1.642028985507246,2.816,1.4473,49,138,137.42857142857142,1,300,0.02448,165.0,0.55,300.0,0.02448,REORDENAR,True
MASS1538,lumpy,B,0.9,0.0,47.0,27.431999999999995,19.568000000000005,1.8287999999999998,1.8287999999999998,2.358,1.6853,53,125,123.85714285714286,1,250,0.05,125.0,0.5,250.0,0.05,REORDENAR,True
MASS0404,lumpy,B,0.9,0.0,77.0,28.5,48.5,1.9,1.9,3.514,0.9905,37,130,129.42857142857142,1,100,0.032448,150.0,1.5,100.0,0.032448,REORDENAR,True
MASS0246,lumpy,B,0.9,0.0,66.7,28.41796875,38.28203125,1.89453125,1.89453125,4.0,1.0609,32,128,127.14285714285714,25,25,1.25,25.0,1.0,1.0,0.05,REORDENAR,True
MASS2216,lumpy,B,0.9,45.0,118.79999999999998,99.69230769230766,19.107692307692318,6.646153846153845,6.646153846153845,1.696,1.6392,23,39,38.714285714285715,5,100,0.8325,600.0,6.0,20.0,0.1665,REORDENAR,True
MASS1295,lumpy,B,0.9,0.0,62.449999999999974,28.667999999999996,33.78199999999998,1.9111999999999998,1.9111999999999998,3.125,0.972,40,125,123.85714285714286,1,32,0.07395,92.8,2.9,32.0,0.07395,REORDENAR,True
MASS1430,lumpy,B,0.9,47.0,61.59999999999988,25.499999999999986,36.099999999999895,1.699999999999999,1.699999999999999,3.73,2.4428,37,138,137.42857142857142,1,25,0.1548,35.5,1.42,25.0,0.1548,REORDENAR,True
MASS0953,lumpy,B,0.9,14.0,52.0,27.48,24.52,1.832,1.832,3.049,2.1059,41,125,123.85714285714286,1,70,0.05,154.0,2.2,70.0,0.05,REORDENAR,True
MASS1444,lumpy,B,0.9,0.0,52.79999999999998,25.901408450704224,26.89859154929576,1.7267605633802816,1.7267605633802816,4.057,1.7421,35,142,141.42857142857142,1,48,0.126405,86.4,1.8,48.0,0.126405,REORDENAR,True
MASS2067,erratic,B,0.9,430.0,93.32427046323521,72.30000000000001,21.0242704632352,4.82,4.82,1.22,0.8806,41,50,48.857142857142854,0,0,0.0,0.0,2.65,50.0,0.0495,OK,False
MASS1785,lumpy,B,0.9,0.0,73.49999999999999,30.294117647058822,43.20588235294116,2.019607843137255,2.019607843137255,2.0,2.2995,51,102,101.71428571428571,3,30,0.211584,148.5,4.95,10.0,0.070528,REORDENAR,True
MASS1267,lumpy,B,0.9,0.0,59.0,25.644,33.356,1.7096,1.7096,2.976,1.4685,42,125,123.85714285714286,3,24,0.16553376,155.52,6.48,8.0,0.05517792,REORDENAR,True
MASS1314,lumpy,B,0.9,0.0,76.0,25.393617021276594,50.6063829787234,1.6929078014184396,1.6929078014184396,5.036,1.2688,28,141,140.42857142857142,23,23,1.1500000000000001,23.0,1.0,1.0,0.05,REORDENAR,True
MASS1749,lumpy,B,0.9,0.0,109.00000000000023,21.465517241379313,87.53448275862091,1.4310344827586208,1.4310344827586208,10.545,4.7392,11,116,115.28571428571429,19,19,0.9500000000000001,34.2,1.8,1.0,0.05,REORDENAR,True
MASS1670,lumpy,B,0.9,0.0,95.36000000000004,30.718487394957982,64.64151260504205,2.0478991596638654,2.0478991596638654,2.833,1.0492,42,119,117.85714285714286,27,27,1.35,27.0,1.0,1.0,0.05,REORDENAR,True
MASS0180,lumpy,B,0.9,0.0,86.1,27.788888888888888,58.3111111111111,1.8525925925925926,1.8525925925925926,6.75,0.7691,20,135,134.57142857142858,25,25,1.25,25.0,1.0,1.0,0.05,REORDENAR,True
MASS1827,lumpy,B,0.9,1.0,85.19999999999999,38.93478260869565,46.26521739130434,2.5956521739130434,2.5956521739130434,2.044,1.7095,45,92,91.14285714285714,34,34,1.7000000000000002,34.0,1.0,1.0,0.05,REORDENAR,True
MASS2484,lumpy,B,0.9,750.0,160.0,145.5,14.5,9.7,9.7,6.25,0.6146,4,25,23.857142857142858,0,0,0.0,0.0,0.6,250.0,0.024986,OK,False
MASS2488,lumpy,B,0.9,750.0,160.0,145.5,14.5,9.7,9.7,6.25,0.6146,4,25,23.857142857142858,0,0,0.0,0.0,0.6,250.0,0.024986,OK,False
MASS2485,lumpy,B,0.9,750.0,160.0,145.5,14.5,9.7,9.7,6.25,0.6146,4,25,23.857142857142858,0,0,0.0,0.0,0.6,250.0,0.024986,OK,False
MASS1429,lumpy,B,0.9,41.0,61.5,25.054347826086957,36.44565217391305,1.6702898550724639,1.6702898550724639,3.833,2.2667,36,138,137.42857142857142,1,25,0.1548,35.5,1.42,25.0,0.1548,REORDENAR,True
MASS1991,lumpy,B,0.9,63.0,62.3,45.105633802816904,17.194366197183093,3.007042253521127,3.007042253521127,1.543,1.7449,46,71,69.85714285714286,0,0,0.0,0.0,3.65,20.0,0.0805638,OK,False
MASS1925,lumpy,B,0.9,0.0,63.4,50.95774647887324,12.442253521126759,3.397183098591549,3.397183098591549,2.088,1.9829,34,71,70.28571428571429,1,240,0.075,156.0,0.65,240.0,0.075,REORDENAR,True
MASS2035,lumpy,B,0.9,0.0,92.09999999999997,66.77999999999999,25.31999999999998,4.451999999999999,4.451999999999999,1.429,1.9616,35,50,48.857142857142854,58,58,2.9000000000000004,58.0,1.0,1.0,0.05,REORDENAR,True
MASS0846,lumpy,B,0.9,63.0,51.8,25.34671532846715,26.45328467153285,1.68978102189781,1.68978102189781,4.029,1.0463,34,137,136.57142857142858,0,0,0.0,0.0,2.8,50.0,0.0656,OK,False
MASS1299,lumpy,B,0.9,0.0,74.20000000000002,28.27685950413223,45.923140495867784,1.8851239669421487,1.8851239669421487,3.559,0.9604,34,121,120.42857142857143,1,60,0.12,88.8,1.48,60.0,0.12,REORDENAR,True
MASS1694,lumpy,B,0.9,40.0,49.0,30.24782608695652,18.75217391304348,2.0165217391304346,2.0165217391304346,2.091,0.9754,55,115,114.42857142857143,1,60,0.038304,312.0,5.2,60.0,0.038304,REORDENAR,True
MASS0802,lumpy,B,0.9,44.0,40.0,23.085106382978722,16.914893617021278,1.5390070921985815,1.5390070921985815,5.036,1.3494,28,141,140.28571428571428,0,0,0.0,0.0,0.8,200.0,0.014112,OK,False
MASS1989,lumpy,B,0.9,111.0,63.19999999999999,42.3,20.89999999999999,2.82,2.82,3.043,2.154,23,70,68.85714285714286,0,0,0.0,0.0,11.2,1.0,0.0139392,OK,False
MASS1997,lumpy,B,0.9,71.0,71.1,40.52054794520548,30.579452054794515,2.7013698630136984,2.7013698630136984,1.825,2.2828,40,73,71.85714285714286,1,100,0.07,100.0,1.0,100.0,0.07,REORDENAR,True
MASS1320,lumpy,B,0.9,0.0,42.0,17.716535433070852,24.283464566929148,1.1811023622047234,1.1811023622047234,3.432,5.5903,37,127,126.71428571428571,16,16,0.8,16.0,1.0,1.0,0.05,REORDENAR,True
MASS1542,lumpy,B,0.9,0.0,59.8,24.407999999999998,35.391999999999996,1.6271999999999998,1.6271999999999998,2.907,2.1695,43,125,123.85714285714286,22,22,1.1,6.6,0.3,1.0,0.05,REORDENAR,True
MASS0603,lumpy,B,0.9,30.0,51.44000000000001,23.59574468085106,27.84425531914895,1.5730496453900706,1.5730496453900706,4.862,1.0189,29,141,140.28571428571428,1,150,0.057456,90.0,0.6,150.0,0.057456,REORDENAR,True
MASS0688,lumpy,B,0.9,1.0,32.400000000000006,21.648936170212764,10.751063829787242,1.4432624113475176,1.4432624113475176,2.518,1.7453,56,141,140.28571428571428,1,25,0.0484,106.25,4.25,25.0,0.0484,REORDENAR,True
MASS0593,lumpy,B,0.9,59.0,35.08,21.106382978723403,13.973617021276594,1.40709219858156,1.40709219858156,4.029,1.9519,35,141,140.28571428571428,0,0,0.0,0.0,5.1,100.0,0.06912,OK,False
MASS1365,lumpy,B,0.9,39.0,40.599999999999994,25.393700787401578,15.206299212598417,1.6929133858267718,1.6929133858267718,1.896,1.1865,67,127,126.57142857142857,1,50,0.06601,232.50000000000003,4.65,50.0,0.06601,REORDENAR,True
MASS1813,lumpy,B,0.9,0.0,68.29999999999998,32.941176470588225,35.358823529411765,2.1960784313725483,2.1960784313725483,2.757,1.1112,37,102,101.71428571428571,1,60,0.0715968,240.0,4.0,60.0,0.0715968,REORDENAR,True
MASS1722,lumpy,B,0.9,1.0,67.2,29.63478260869565,37.56521739130435,1.9756521739130435,1.9756521739130435,2.949,0.8243,39,115,114.42857142857143,1,90,0.132192,448.20000000000005,4.98,90.0,0.132192,REORDENAR,True
MASS1470,lumpy,B,0.9,71.0,41.0,20.97872340425532,20.02127659574468,1.398581560283688,1.398581560283688,4.029,1.9665,35,141,140.28571428571428,0,0,0.0,0.0,5.1,100.0,0.06912,OK,False
MASS2181,lumpy,B,0.9,0.0,118.39999999999992,76.74418604651159,41.65581395348833,5.116279069767439,5.116279069767439,1.483,1.2179,29,43,42.142857142857146,1,80,0.014,14.399999999999999,0.18,80.0,0.014,REORDENAR,True
MASS1664,lumpy,B,0.9,35.0,78.60000000000001,26.319327731092432,52.28067226890758,1.7546218487394956,1.7546218487394956,5.409,3.0035,22,119,117.85714285714286,23,23,1.1500000000000001,23.0,1.0,1.0,0.05,REORDENAR,True
MASS1652,lumpy,B,0.9,87.0,38.60000000000004,24.428571428571423,14.171428571428613,1.6285714285714283,1.6285714285714283,2.164,3.5303,55,119,118.14285714285714,0,0,0.0,0.0,1.0,1.0,0.05,OK,False
MASS0572,lumpy,B,0.9,0.0,44.83999999999999,27.630252100840327,17.209747899159662,1.8420168067226885,1.8420168067226885,4.103,1.3026,29,119,117.85714285714286,24,24,1.2000000000000002,24.0,1.0,1.0,0.05,REORDENAR,True
MASS0890,lumpy,B,0.9,0.0,110.25999999999995,22.712598425196855,87.54740157480309,1.514173228346457,1.514173228346457,6.35,2.4777,20,127,126.71428571428571,20,20,1.0,20.0,1.0,1.0,0.05,REORDENAR,True
MASS2081,lumpy,B,0.9,0.0,150.5,81.85714285714286,68.64285714285714,5.457142857142857,5.457142857142857,1.4,2.2007,30,42,41.142857142857146,1,100,0.04185,1065.0,10.65,100.0,0.04185,REORDENAR,True
MASS0326,lumpy,B,0.9,0.0,69.89999999999999,23.26056338028169,46.6394366197183,1.5507042253521126,1.5507042253521126,4.897,0.8608,29,142,141.28571428571428,21,21,1.05,21.0,1.0,1.0,0.05,REORDENAR,True
MASS1709,lumpy,B,0.9,1.0,65.89999999999999,28.813043478260866,37.086956521739125,1.920869565217391,1.920869565217391,2.396,0.7263,48,115,114.42857142857143,1,50,0.056672,172.5,3.45,50.0,0.056672,REORDENAR,True
MASS0863,lumpy,B,0.9,0.0,62.09999999999999,28.275,33.82499999999999,1.885,1.885,3.243,0.598,37,120,119.42857142857143,25,25,1.25,25.0,1.0,1.0,0.05,REORDENAR,True
MASS2600,lumpy,B,0.9,1.0,232.7678571428571,232.7678571428571,0.0,15.51785714285714,15.51785714285714,1.75,0.9072,8,14,13.571428571428571,23,207,2.422245,1138.5,5.5,9.0,0.105315,REORDENAR,True
MASS2599,lumpy,B,0.9,237.0,228.2142857142857,228.2142857142857,0.0,15.214285714285714,15.214285714285714,1.556,1.1787,9,14,13.571428571428571,0,0,0.0,0.0,5.5,9.0,0.105315,OK,False
MASS2149,lumpy,B,0.9,1.0,109.11999999999996,59.35714285714284,49.76285714285712,3.957142857142856,3.957142857142856,1.633,2.3571,30,49,48.714285714285715,2,80,0.1,68.0,0.85,40.0,0.05,REORDENAR,True
MASS1074,lumpy,B,0.9,53.0,37.3,22.6056338028169,14.694366197183097,1.5070422535211268,1.5070422535211268,2.367,1.4141,60,142,141.14285714285714,0,0,0.0,0.0,1.0,1.0,0.05,OK,False
MASS1293,lumpy,B,0.9,0.0,60.25,25.56547619047619,34.68452380952381,1.7043650793650793,1.7043650793650793,2.739,0.8724,46,126,125.57142857142857,1,100,0.03024,65.0,0.65,100.0,0.03024,REORDENAR,True
MASS1826,lumpy,B,0.9,6.0,50.82499999999999,31.67119565217391,19.15380434782608,2.1114130434782608,2.1114130434782608,2.0,1.2959,46,92,91.14285714285714,1,100,0.00495,15.0,0.15,100.0,0.00495,REORDENAR,True
MASS0944,erratic,B,0.9,1.0,61.47426964413495,36.074999999999974,25.39926964413497,2.4049999999999985,2.4049999999999985,1.296,3.3065,54,70,69.57142857142857,6,240,0.504,427.2,1.78,40.0,0.084,REORDENAR,True
MASS1802,lumpy,B,0.9,0.0,70.39999999999995,29.529411764705866,40.87058823529408,1.9686274509803912,1.9686274509803912,2.17,1.8666,47,102,101.71428571428571,1,60,0.0715968,240.0,4.0,60.0,0.0715968,REORDENAR,True
MASS2397,lumpy,B,0.9,197.0,100.88,100.74193548387095,0.13806451612904347,6.716129032258063,6.716129032258063,2.385,0.9477,13,31,30.571428571428573,0,0,0.0,0.0,3.7,30.0,0.05,OK,False
MASS1474,lumpy,B,0.9,80.0,32.3,22.542553191489358,9.75744680851064,1.502836879432624,1.502836879432624,2.938,0.7575,48,141,140.28571428571428,0,0,0.0,0.0,2.8,40.0,0.051578,OK,False
MASS2043,erratic,B,0.9,1.0,84.61950900510703,63.36,21.25950900510704,4.224,4.224,1.25,1.3973,40,50,48.857142857142854,4,400,0.462024,432.0,1.08,100.0,0.115506,REORDENAR,True
MASS2143,lumpy,B,0.9,229.0,114.00000000000001,64.68367346938774,49.31632653061227,4.312244897959182,4.312244897959182,4.9,0.8359,10,49,48.57142857142857,0,0,0.0,0.0,0.85,50.0,0.0625,OK,False
MASS2324,lumpy,B,0.9,182.0,106.3,106.3,0.0,7.086666666666667,7.086666666666667,1.765,0.9007,17,30,29.714285714285715,0,0,0.0,0.0,4.5,100.0,0.05922,OK,False
MASS1499,lumpy,B,0.9,0.0,58.599999999999994,17.13333333333333,41.46666666666667,1.142222222222222,1.142222222222222,4.091,4.6987,33,135,134.57142857142858,15,15,0.75,15.0,1.0,1.0,0.05,REORDENAR,True
MASS0062,lumpy,B,0.9,104.0,70.0,25.040322580645164,44.95967741935483,1.6693548387096775,1.6693548387096775,2.696,1.0333,46,124,122.85714285714286,0,0,0.0,0.0,1.05,20.0,0.0485625,OK,False
MASS1198,lumpy,B,0.9,0.0,41.0,22.914893617021278,18.085106382978722,1.5276595744680852,1.5276595744680852,3.615,0.861,39,141,140.28571428571428,1,40,0.010875,19.2,0.48,40.0,0.010875,REORDENAR,True
MASS2272,lumpy,B,0.9,0.0,184.10000000000002,78.03571428571429,106.06428571428572,5.2023809523809526,5.2023809523809526,2.625,0.7796,16,42,41.142857142857146,1,100,0.0795555,110.00000000000001,1.1,100.0,0.0795555,REORDENAR,True
MASS2033,lumpy,B,0.9,51.0,106.0,61.2,44.8,4.08,4.08,1.429,1.0057,35,50,48.857142857142854,54,54,0.8261999999999999,1231.2,22.8,1.0,0.0153,REORDENAR,True
MASS1829,lumpy,B,0.9,22.0,58.22999999999999,26.476415094339618,31.75358490566037,1.7650943396226413,1.7650943396226413,1.963,2.3825,54,106,105.28571428571429,1,30,0.034425,330.0,11.0,30.0,0.034425,REORDENAR,True
MASS1817,lumpy,B,0.9,1.0,84.6,34.92391304347826,49.676086956521736,2.3282608695652174,2.3282608695652174,3.68,0.9135,25,92,91.14285714285714,31,31,1.55,31.0,1.0,1.0,0.05,REORDENAR,True
MASS3062,lumpy,B,0.9,2.0,192.09999999999997,181.21874999999994,10.881250000000012,12.081249999999997,12.081249999999997,2.286,1.4291,7,16,14.857142857142858,158,158,7.9,158.0,1.0,1.0,0.05,REORDENAR,True
MASS1900,lumpy,B,0.9,1.0,68.8,42.0,26.799999999999997,2.8,2.8,1.651,1.0257,43,71,69.85714285714286,1,40,0.15128,320.0,8.0,40.0,0.15128,REORDENAR,True
MASS2145,lumpy,B,0.9,200.0,65.0,59.26530612244897,5.734693877551031,3.9510204081632647,3.9510204081632647,5.444,0.8862,9,49,48.714285714285715,0,0,0.0,0.0,0.85,50.0,0.0625,OK,False
MASS2113,lumpy,B,0.9,6.0,160.8,75.10714285714286,85.69285714285715,5.007142857142857,5.007142857142857,2.1,2.754,20,42,41.142857142857146,2,100,0.09114,1500.0,15.0,50.0,0.04557,REORDENAR,True
MASS1560,lumpy,B,0.9,8.0,42.09999999999999,24.155999999999995,17.943999999999992,1.6103999999999996,1.6103999999999996,2.907,2.4939,43,125,123.85714285714286,21,21,1.05,36.75,1.75,1.0,0.05,REORDENAR,True
MASS0864,lumpy,B,0.9,0.0,49.2,25.609756097560975,23.590243902439028,1.7073170731707317,1.7073170731707317,3.618,0.6255,34,123,122.57142857142857,23,23,1.1500000000000001,23.0,1.0,1.0,0.05,REORDENAR,True
MASS2152,lumpy,B,0.9,89.0,98.75,64.1326530612245,34.6173469387755,4.275510204081633,4.275510204081633,1.885,0.6747,26,49,48.714285714285715,1,60,0.134992,102.0,1.7,60.0,0.134992,REORDENAR,True
MASS2128,lumpy,B,0.9,8.0,65.99999999999997,55.79999999999999,10.199999999999982,3.7199999999999993,3.7199999999999993,2.941,0.977,17,50,49.285714285714285,49,49,0.43758959999999997,563.5,11.5,1.0,0.0089304,REORDENAR,True
MASS1734,lumpy,B,0.9,148.0,42.0,26.869565217391305,15.130434782608695,1.791304347826087,1.791304347826087,2.212,0.849,52,115,114.42857142857143,0,0,0.0,0.0,2.5,40.0,0.0333,OK,False
MASS1812,lumpy,B,0.9,0.0,59.79999999999992,25.235294117647037,34.56470588235288,1.682352941176469,1.682352941176469,2.757,3.9687,37,102,101.71428571428571,1,100,0.0176,50.0,0.5,100.0,0.0176,REORDENAR,True
MASS1858,lumpy,B,0.9,0.0,21.22159090909091,21.22159090909091,0.0,1.4147727272727273,1.4147727272727273,8.0,7.6705,11,88,87.57142857142857,19,19,0.9500000000000001,19.0,1.0,1.0,0.05,REORDENAR,True
MASS1431,lumpy,B,0.9,0.0,34.00000000000006,18.47826086956521,15.521739130434845,1.2318840579710142,1.2318840579710142,9.2,3.3834,15,138,137.42857142857142,1,100,0.134,128.0,1.28,100.0,0.134,REORDENAR,True
MASS1535,lumpy,B,0.9,69.0,35.949999999999996,23.381999999999998,12.567999999999998,1.5587999999999997,1.5587999999999997,2.976,0.951,42,125,123.85714285714286,0,0,0.0,0.0,3.29,1.0,0.001,OK,False
MASS0401,lumpy,B,0.9,0.0,45.05,18.73404255319149,26.315957446808508,1.248936170212766,1.248936170212766,4.406,2.0609,32,141,140.28571428571428,1,100,0.046368,295.0,2.95,100.0,0.046368,REORDENAR,True
MASS1599,intermittent,B,0.9,126.0,63.0,19.511562715041524,43.48843728495848,1.648,1.3007708476694348,2.778,0.4214,45,125,123.85714285714286,0,0,0.0,0.0,0.85,250.0,0.0882,OK,False
MASS1482,lumpy,B,0.9,84.0,29.384999999999998,17.293478260869566,12.091521739130433,1.1528985507246376,1.1528985507246376,4.6,3.4596,30,138,137.28571428571428,0,0,0.0,0.0,1.9,200.0,0.05,OK,False
MASS1896,lumpy,B,0.9,0.0,114.03999999999999,38.91549295774647,75.12450704225351,2.5943661971830982,2.5943661971830982,2.84,1.7042,25,71,69.85714285714286,4,40,0.578664,194.0,4.85,10.0,0.144666,REORDENAR,True
MASS1093,lumpy,B,0.9,0.0,73.3,25.32786885245902,47.97213114754098,1.6885245901639345,1.6885245901639345,3.812,0.7683,32,122,121.42857142857143,1,100,0.034034,55.00000000000001,0.55,100.0,0.034034,REORDENAR,True
MASS1275,lumpy,B,0.9,0.0,56.4,29.220000000000002,27.179999999999996,1.9480000000000002,1.9480000000000002,3.03,0.6709,33,100,99.14285714285714,1,100,0.0387,450.0,4.5,100.0,0.0387,REORDENAR,True
MASS1674,lumpy,B,0.9,0.0,44.0,24.327731092436974,19.672268907563026,1.6218487394957983,1.6218487394957983,2.902,1.9713,41,119,117.85714285714286,22,22,1.1,22.0,1.0,1.0,0.05,REORDENAR,True
MASS2212,lumpy,B,0.9,1.0,78.99999999999994,62.61538461538456,16.384615384615373,4.174358974358971,4.174358974358971,1.56,3.6064,25,39,38.714285714285715,1,75,0.4125,150.0,2.0,75.0,0.4125,REORDENAR,True
MASS0957,lumpy,B,0.9,0.0,39.550000000000004,20.838,18.712000000000003,1.3892,1.3892,2.841,1.8239,44,125,123.85714285714286,1,70,0.05,164.5,2.35,70.0,0.05,REORDENAR,True
MASS1308,lumpy,B,0.9,0.0,59.7,22.577586206896548,37.122413793103455,1.5051724137931033,1.5051724137931033,4.0,1.4585,29,116,115.28571428571429,1,100,0.293112,170.0,1.7,100.0,0.293112,REORDENAR,True
MASS1688,lumpy,B,0.9,0.0,83.0,23.49130434782608,59.50869565217392,1.5660869565217388,1.5660869565217388,7.667,1.0721,15,115,114.42857142857143,21,21,1.05,21.0,1.0,1.0,0.05,REORDENAR,True
MASS0705,lumpy,B,0.9,108.0,41.40000000000006,21.382978723404253,20.01702127659581,1.425531914893617,1.425531914893617,3.439,0.9655,41,141,140.28571428571428,0,0,0.0,0.0,1.4,200.0,0.065968,OK,False
MASS1172,intermittent,B,0.9,48.0,57.60000000000002,16.89182291864434,40.708177081355686,1.4326241134751774,1.1261215279096226,4.548,0.4279,31,141,140.28571428571428,1,150,0.057456,90.0,0.6,150.0,0.057456,REORDENAR,True
MASS0498,lumpy,B,0.9,61.0,68.05000000000001,21.117021276595743,46.93297872340427,1.4078014184397163,1.4078014184397163,4.406,1.2307,32,141,140.28571428571428,1,50,0.08064,160.0,3.2,50.0,0.08064,REORDENAR,True
MASS1886,lumpy,B,0.9,1.0,58.19999999999999,39.16901408450704,19.03098591549295,2.6112676056338024,2.6112676056338024,1.775,1.1757,40,71,69.85714285714286,1,100,0.0392,70.0,0.7,100.0,0.0392,REORDENAR,True
MASS2394,lumpy,B,0.9,207.0,97.5,97.5,0.0,6.5,6.5,1.875,2.0616,16,30,29.428571428571427,0,0,0.0,0.0,4.5,10.0,0.05,OK,False
MASS0801,lumpy,B,0.9,47.0,43.0,20.74468085106383,22.25531914893617,1.3829787234042554,1.3829787234042554,6.714,1.0736,21,141,140.28571428571428,0,0,0.0,0.0,0.8,200.0,0.014112,OK,False
MASS2243,lumpy,B,0.9,0.0,111.0,75.0,36.0,5.0,5.0,3.077,0.5228,13,40,39.285714285714285,2,100,0.245,265.0,2.65,50.0,0.1225,REORDENAR,True
MASS2117,lumpy,B,0.9,30.0,104.4,70.21428571428572,34.18571428571428,4.680952380952381,4.680952380952381,2.471,2.3498,17,42,41.142857142857146,1,100,0.046563,450.0,4.5,100.0,0.046563,REORDENAR,True
MASS2395,lumpy,B,0.9,147.0,102.0,92.61290322580645,9.387096774193552,6.174193548387096,6.174193548387096,6.2,0.8377,5,31,30.714285714285715,0,0,0.0,0.0,4.5,10.0,0.05,OK,False
MASS2316,lumpy,B,0.9,1.0,173.2,93.38709677419355,79.81290322580645,6.225806451612903,6.225806451612903,1.476,0.7239,21,31,29.857142857142858,1,200,0.03898125,310.0,1.55,200.0,0.03898125,REORDENAR,True
MASS2041,lumpy,B,0.9,1.0,69.94999999999999,51.56999999999999,18.379999999999995,3.4379999999999997,3.4379999999999997,1.562,1.4712,32,50,48.857142857142854,3,48,0.324945,123.84,2.58,16.0,0.108315,REORDENAR,True
MASS0907,lumpy,B,0.9,67.0,36.400000000000006,20.851063829787233,15.548936170212773,1.3900709219858156,1.3900709219858156,3.917,0.8126,36,141,140.28571428571428,0,0,0.0,0.0,7.2,40.0,0.05,OK,False
MASS0800,intermittent,B,0.9,39.0,40.0,17.442198217312132,22.557801782687868,1.4283687943262409,1.1628132144874754,5.875,0.3718,24,141,140.28571428571428,1,200,0.014112,160.0,0.8,200.0,0.014112,REORDENAR,True
MASS0730,lumpy,B,0.9,0.0,42.0,21.744,20.256,1.4496,1.4496,2.358,1.3637,53,125,123.85714285714286,1,30,0.08256,306.0,10.2,30.0,0.08256,REORDENAR,True
MASS3066,lumpy,B,0.9,5.0,191.49999999999997,191.49999999999997,0.0,12.766666666666664,12.766666666666664,3.75,1.1049,4,15,14.571428571428571,166,166,8.3,166.0,1.0,1.0,0.05,REORDENAR,True
MASS1810,lumpy,B,0.9,9.0,38.0,22.86764705882353,15.132352941176471,1.5245098039215685,1.5245098039215685,2.0,3.5135,51,102,101.71428571428571,1,50,0.1026,190.0,3.8,50.0,0.1026,REORDENAR,True
MASS0341,intermittent,B,0.9,0.0,98.8,18.847547783470706,79.9524522165293,1.5984,1.2565031855647137,9.615,0.4278,13,125,123.85714285714286,21,21,1.05,42.0,2.0,1.0,0.05,REORDENAR,True
MASS0950,lumpy,B,0.9,1.0,47.5,21.24,26.26,1.416,1.416,4.032,1.3017,31,125,123.85714285714286,1,70,0.05,192.5,2.75,70.0,0.05,REORDENAR,True
MASS1881,lumpy,B,0.9,0.0,92.5,38.45070422535211,54.04929577464789,2.563380281690141,2.563380281690141,1.972,1.956,36,71,69.85714285714286,2,40,0.3198,280.0,7.0,20.0,0.1599,REORDENAR,True
MASS1929,lumpy,B,0.9,0.0,77.4,31.65845070422533,45.74154929577467,2.1105633802816888,2.1105633802816888,3.944,2.3689,18,71,70.28571428571429,1,156,0.13398,106.08000000000001,0.68,156.0,0.13398,REORDENAR,True
MASS0047,lumpy,B,0.9,5.0,35.0,19.25531914893617,15.74468085106383,1.2836879432624113,1.2836879432624113,3.917,0.7646,36,141,140.28571428571428,1,100,0.045864,95.0,0.95,100.0,0.045864,REORDENAR,True
MASS2095,erratic,B,0.9,17.0,81.69879994548093,54.42857142857141,27.270228516909523,3.6285714285714272,3.6285714285714272,1.2,3.0581,35,42,41.142857142857146,5,400,0.21760000000000002,360.0,0.9,80.0,0.04352,REORDENAR,True
MASS0768,lumpy,B,0.9,0.0,45.400000000000006,18.130434782608692,27.269565217391314,1.2086956521739127,1.2086956521739127,3.73,2.1171,37,138,137.57142857142858,1,144,0.053312,109.44,0.76,144.0,0.053312,REORDENAR,True
MASS1988,sin_datos,B,0.9,0.0,39.473684210526315,39.473684210526315,0.0,2.6315789473684212,2.6315789473684212,76.0,,1,76,75.42857142857143,1,10,0.05,48.0,4.8,10.0,0.05,REORDENAR,True
MASS1986,sin_datos,B,0.9,0.0,39.473684210526315,39.473684210526315,0.0,2.6315789473684212,2.6315789473684212,76.0,,1,76,75.42857142857143,1,10,0.05,48.0,4.8,10.0,0.05,REORDENAR,True
MASS1987,sin_datos,B,0.9,0.0,39.473684210526315,39.473684210526315,0.0,2.6315789473684212,2.6315789473684212,76.0,,1,76,75.42857142857143,1,10,0.05,48.0,4.8,10.0,0.05,REORDENAR,True
MASS1984,sin_datos,B,0.9,0.0,39.473684210526315,39.473684210526315,0.0,2.6315789473684212,2.6315789473684212,76.0,,1,76,75.42857142857143,1,10,0.05,48.0,4.8,10.0,0.05,REORDENAR,True
MASS1985,sin_datos,B,0.9,0.0,39.473684210526315,39.473684210526315,0.0,2.6315789473684212,2.6315789473684212,76.0,,1,76,75.42857142857143,1,10,0.05,48.0,4.8,10.0,0.05,REORDENAR,True
MASS2495,lumpy,B,0.9,1.0,149.0,93.3,55.7,6.22,6.22,1.562,1.8566,16,25,23.857142857142858,81,81,4.05,81.0,1.0,1.0,0.05,REORDENAR,True
MASS2330,erratic,B,0.9,36.0,108.24529469634562,89.08064516129033,19.164649535055286,5.9387096774193555,5.9387096774193555,1.033,0.8315,30,31,30.285714285714285,13,195,1.0788959999999999,1101.75,5.65,15.0,0.082992,REORDENAR,True
MASS0400,lumpy,B,0.9,0.0,47.25,18.882978723404257,28.367021276595743,1.2588652482269505,1.2588652482269505,5.423,1.2278,26,141,140.28571428571428,1,100,0.046368,295.0,2.95,100.0,0.046368,REORDENAR,True
MASS1878,lumpy,B,0.9,4.0,49.29999999999999,38.07534246575342,11.224657534246568,2.5383561643835613,2.5383561643835613,1.553,0.9871,47,73,71.85714285714286,1,40,0.04177125,180.0,4.5,40.0,0.04177125,REORDENAR,True
MASS0693,lumpy,B,0.9,45.0,48.19999999999999,20.04255319148936,28.157446808510628,1.3361702127659574,1.3361702127659574,4.029,0.5764,35,141,140.28571428571428,1,40,0.02511,26.0,0.65,40.0,0.02511,REORDENAR,True
MASS2233,lumpy,B,0.9,163.0,73.44000000000001,73.3076923076923,0.13230769230770711,4.887179487179487,4.887179487179487,2.294,0.6945,17,39,38.714285714285715,0,0,0.0,0.0,15.25,30.0,0.1298,OK,False
MASS2471,lumpy,B,0.9,283.0,114.99999999999997,109.19999999999997,5.799999999999997,7.2799999999999985,7.2799999999999985,3.571,1.5961,7,25,23.857142857142858,0,0,0.0,0.0,4.0,10.0,0.05,OK,False
MASS2403,lumpy,B,0.9,165.0,70.35483870967738,70.35483870967738,0.0,4.690322580645159,4.690322580645159,2.583,4.5863,12,31,30.571428571428573,0,0,0.0,0.0,1.5,30.0,0.041664,OK,False
MASS0759,lumpy,B,0.9,2.0,84.1,21.677777777777777,62.42222222222222,1.4451851851851851,1.4451851851851851,7.105,1.1423,19,135,134.57142857142858,1,20,0.06765,270.0,13.5,20.0,0.06765,REORDENAR,True
MASS0749,lumpy,B,0.9,0.0,52.00000000000003,20.372340425531917,31.62765957446811,1.3581560283687943,1.3581560283687943,3.917,0.6389,36,141,140.28571428571428,1,40,0.010875,19.2,0.48,40.0,0.010875,REORDENAR,True
MASS2148,lumpy,B,0.9,203.0,131.25,58.85204081632653,72.39795918367346,3.923469387755102,3.923469387755102,12.25,0.5167,4,49,48.57142857142857,0,0,0.0,0.0,0.9,50.0,0.0625,OK,False
MASS0046,lumpy,B,0.9,0.0,34.0,18.68085106382979,15.319148936170208,1.245390070921986,1.245390070921986,3.615,1.0129,39,141,140.28571428571428,1,100,0.045864,95.0,0.95,100.0,0.045864,REORDENAR,True
MASS1950,lumpy,B,0.9,116.0,63.1,39.971830985915496,23.128169014084506,2.664788732394366,2.664788732394366,1.821,0.7958,39,71,70.28571428571429,0,0,0.0,0.0,1.5,50.0,0.0088,OK,False
MASS2130,lumpy,B,0.9,499.0,89.60000000000001,89.51612903225806,0.08387096774193914,5.967741935483871,5.967741935483871,2.818,0.7062,11,31,30.571428571428573,0,0,0.0,0.0,3.7,1.0,0.006,OK,False
MASS1473,lumpy,B,0.9,10.0,37.52000000000001,19.819148936170215,17.70085106382979,1.321276595744681,1.321276595744681,3.711,0.7195,38,141,140.28571428571428,1,40,0.051578,112.0,2.8,40.0,0.051578,REORDENAR,True
MASS2119,lumpy,B,0.9,0.0,136.95,66.19642857142857,70.75357142857143,4.413095238095238,4.413095238095238,2.333,1.2708,18,42,41.285714285714285,1,200,0.0795555,240.0,1.2,200.0,0.0795555,REORDENAR,True
MASS1043,lumpy,B,0.9,49.0,34.0,20.091549295774648,13.908450704225352,1.3394366197183099,1.3394366197183099,5.071,1.2026,28,142,141.28571428571428,0,0,0.0,0.0,1.8,20.0,0.106848,OK,False
MASS3000,lumpy,B,0.9,7.0,182.3,172.03125,10.26875,11.46875,11.46875,1.455,0.5739,11,16,15.428571428571429,15,150,0.75,711.0,4.74,10.0,0.05,REORDENAR,True
MASS1848,lumpy,B,0.9,0.0,120.70000000000002,29.874999999999996,90.82500000000002,1.9916666666666665,1.9916666666666665,7.385,0.5534,13,96,94.85714285714286,26,26,1.3,26.0,1.0,1.0,0.05,REORDENAR,True
MASS2472,lumpy,B,0.9,288.0,117.5,107.69999999999999,9.800000000000011,7.18,7.18,4.167,1.3594,6,25,23.857142857142858,0,0,0.0,0.0,4.0,10.0,0.05,OK,False
MASS0597,lumpy,B,0.9,0.0,60.60000000000001,21.348837209302324,39.251162790697684,1.4232558139534883,1.4232558139534883,3.909,0.8243,33,129,128.14285714285714,19,19,0.9500000000000001,19.0,1.0,1.0,0.05,REORDENAR,True
MASS2473,lumpy,B,0.9,288.0,117.5,107.69999999999999,9.800000000000011,7.18,7.18,4.167,1.3594,6,25,23.857142857142858,0,0,0.0,0.0,4.0,10.0,0.05,OK,False
MASS1974,erratic,B,0.9,26.0,49.863834361008415,38.83561643835617,11.028217922652244,2.589041095890411,2.589041095890411,1.281,0.4978,57,73,71.85714285714286,131,131,6.550000000000001,131.0,1.0,1.0,0.05,REORDENAR,True
MASS1693,lumpy,B,0.9,5.0,52.0,24.391304347826086,27.608695652173914,1.626086956521739,1.626086956521739,2.212,0.6813,52,115,114.42857142857143,1,50,0.062496,55.00000000000001,1.1,50.0,0.062496,REORDENAR,True
MASS0366,lumpy,B,0.9,30.0,47.0,26.71428571428571,20.28571428571429,1.7809523809523808,1.7809523809523808,1.75,0.5482,60,105,103.85714285714286,1,50,0.02448,151.5,3.03,50.0,0.02448,REORDENAR,True
MASS1601,lumpy,B,0.9,5.0,36.5,19.92,16.58,1.328,1.328,4.032,1.485,31,125,123.85714285714286,1,70,0.05,192.5,2.75,70.0,0.05,REORDENAR,True
MASS1334,lumpy,B,0.9,149.0,35.0,20.27173913043478,14.728260869565219,1.3514492753623188,1.3514492753623188,4.929,0.6071,28,138,137.42857142857142,0,0,0.0,0.0,3.5,20.0,0.085648,OK,False
MASS1811,lumpy,B,0.9,0.0,66.39999999999998,24.676470588235286,41.72352941176469,1.6450980392156858,1.6450980392156858,3.778,3.5673,27,102,101.71428571428571,1,100,0.0176,50.0,0.5,100.0,0.0176,REORDENAR,True
MASS0359,lumpy,B,0.9,0.0,59.09999999999998,20.02272727272727,39.077272727272714,1.3348484848484847,1.3348484848484847,5.5,0.9073,24,132,131.42857142857142,18,18,0.9,18.0,1.0,1.0,0.05,REORDENAR,True
MASS1640,lumpy,B,0.9,26.0,29.0,20.69747899159663,8.302521008403371,1.3798319327731086,1.3798319327731086,2.38,2.0719,50,119,117.85714285714286,18,18,0.9,18.0,1.0,1.0,0.05,REORDENAR,True
MASS0399,lumpy,B,0.9,0.0,36.80000000000001,18.085106382978715,18.714893617021296,1.2056737588652477,1.2056737588652477,4.029,1.477,35,141,140.28571428571428,1,50,0.058656,232.50000000000003,4.65,50.0,0.058656,REORDENAR,True
MASS1464,lumpy,B,0.9,26.0,40.400000000000006,19.680851063829788,20.719148936170217,1.3120567375886525,1.3120567375886525,3.917,0.8342,36,141,140.28571428571428,1,200,0.094116,229.99999999999997,1.15,200.0,0.094116,REORDENAR,True
MASS2308,erratic,B,0.9,36.0,105.55071242100192,87.09677419354838,18.45393822745353,5.806451612903226,5.806451612903226,1.148,0.6656,27,31,30.285714285714285,118,118,7.817500000000001,1062.0,9.0,1.0,0.06625,REORDENAR,True
MASS0948,lumpy,B,0.9,85.0,25.949999999999996,17.53723404255319,8.412765957446805,1.1691489361702128,1.1691489361702128,2.938,1.9169,48,141,140.28571428571428,0,0,0.0,0.0,2.5,200.0,0.05,OK,False
MASS1723,lumpy,B,0.9,75.0,42.64999999999999,23.47173913043478,19.17826086956521,1.564782608695652,1.564782608695652,2.3,0.8013,50,115,114.42857142857143,0,0,0.0,0.0,4.4,60.0,0.01875,OK,False
MASS2369,erratic,B,0.9,71.0,108.24041685745412,88.0,20.240416857454118,5.866666666666666,5.866666666666666,1.154,0.6308,26,30,29.571428571428573,10,240,0.721875,890.4,3.71,24.0,0.0721875,REORDENAR,True
MASS1297,lumpy,B,0.9,0.0,83.89999999999999,22.10176991150442,61.79823008849557,1.473451327433628,1.473451327433628,4.708,1.3395,24,113,112.57142857142857,20,20,1.0,20.0,1.0,1.0,0.05,REORDENAR,True
MASS1331,lumpy,B,0.9,159.0,44.749999999999986,19.728260869565215,25.02173913043477,1.3152173913043477,1.3152173913043477,4.6,0.7076,30,138,137.42857142857142,0,0,0.0,0.0,2.8,20.0,0.084032,OK,False
MASS0954,lumpy,B,0.9,24.0,38.0,19.92,18.08,1.328,1.328,3.472,1.4292,36,125,123.85714285714286,1,70,0.05,154.0,2.2,70.0,0.05,REORDENAR,True
MASS0287,lumpy,B,0.9,156.0,38.599999999999994,18.48936170212766,20.110638297872335,1.2326241134751772,1.2326241134751772,3.133,0.9922,45,141,140.28571428571428,0,0,0.0,0.0,5.0,40.0,0.01188,OK,False
MASS2479,lumpy,B,0.9,456.0,113.0,99.6,13.400000000000006,6.64,6.64,2.273,1.4476,11,25,24.142857142857142,0,0,0.0,0.0,3.8,16.0,0.05,OK,False
MASS2125,lumpy,B,0.9,6.0,99.3,54.779999999999994,44.52,3.6519999999999997,3.6519999999999997,2.174,0.6463,23,50,48.857142857142854,48,48,0.4286592,552.0,11.5,1.0,0.0089304,REORDENAR,True
MASS1711,lumpy,B,0.9,0.0,42.0,23.426086956521736,18.573913043478264,1.5617391304347825,1.5617391304347825,3.594,0.9366,32,115,114.42857142857143,21,21,1.05,21.0,1.0,1.0,0.05,REORDENAR,True
MASS2379,erratic,B,0.9,212.0,106.91632944204295,86.69999999999999,20.21632944204297,5.779999999999999,5.779999999999999,1.25,0.5641,24,30,29.714285714285715,0,0,0.0,0.0,1.78,100.0,0.06924275,OK,False
MASS1998,lumpy,B,0.9,67.0,52.150000000000006,29.486301369863014,22.66369863013699,1.9657534246575343,1.9657534246575343,2.028,2.3443,36,73,71.85714285714286,0,0,0.0,0.0,1.0,100.0,0.07,OK,False
MASS0393,lumpy,B,0.9,0.0,43.0,21.91304347826087,21.08695652173913,1.4608695652173913,1.4608695652173913,2.614,1.0918,44,115,114.42857142857143,1,300,0.02448,165.0,0.55,300.0,0.02448,REORDENAR,True
MASS1456,lumpy,B,0.9,0.0,38.0,13.91304347826087,24.086956521739133,0.927536231884058,0.927536231884058,12.545,4.4169,11,138,137.57142857142858,1,200,0.11628,136.0,0.68,200.0,0.11628,REORDENAR,True
MASS1665,lumpy,B,0.9,92.0,71.59999999999997,19.36134453781512,52.238655462184845,1.290756302521008,1.290756302521008,9.917,2.0412,12,119,117.85714285714286,0,0,0.0,0.0,1.0,1.0,0.05,OK,False
MASS3002,lumpy,B,0.9,20.0,178.6,167.8125,10.7875,11.1875,11.1875,1.455,0.7725,11,16,15.428571428571429,15,150,0.75,711.0,4.74,10.0,0.05,REORDENAR,True
MASS1617,lumpy,B,0.9,22.0,45.599999999999994,15.623999999999999,29.975999999999996,1.0415999999999999,1.0415999999999999,3.571,4.3216,35,125,123.85714285714286,14,14,0.7000000000000001,4.2,0.3,1.0,0.05,REORDENAR,True
MASS3028,intermittent,B,0.9,20.0,140.6,120.97411764705883,19.62588235294117,10.058823529411764,8.064941176470589,2.833,0.3964,6,17,16.428571428571427,14,140,0.7000000000000001,807.8,5.77,10.0,0.05,REORDENAR,True
MASS2070,erratic,B,0.9,2.0,67.76200222093067,50.46,17.302002220930675,3.364,3.364,1.316,1.3074,38,50,48.857142857142854,5,250,0.4375,600.0,2.4,50.0,0.0875,REORDENAR,True
MASS2232,lumpy,B,0.9,24.0,85.29999999999998,58.99999999999999,26.299999999999997,3.9333333333333327,3.9333333333333327,1.696,1.2532,23,39,38.714285714285715,52,52,2.6,52.0,1.0,1.0,0.05,REORDENAR,True
MASS2100,lumpy,B,0.9,0.0,126.5,63.12499999999999,63.375000000000014,4.208333333333333,4.208333333333333,4.2,0.5066,10,42,41.142857142857146,1,120,0.080896,162.0,1.35,120.0,0.080896,REORDENAR,True
MASS3061,erratic,B,0.9,1422.0,177.28495176642457,145.94117647058823,31.343775295836338,9.729411764705882,9.729411764705882,1.308,1.0084,13,17,16.428571428571427,0,0,0.0,0.0,2.1,20.0,0.05,OK,False
MASS1441,lumpy,B,0.9,0.0,52.5,18.404255319148938,34.09574468085106,1.2269503546099292,1.2269503546099292,5.423,0.6908,26,141,140.42857142857142,1,48,0.0814,171.84,3.58,48.0,0.0814,REORDENAR,True
MASS0779,lumpy,B,0.9,0.0,57.17999999999999,35.47183098591549,21.708169014084508,2.364788732394366,2.364788732394366,1.868,0.6827,38,71,69.85714285714286,1,200,0.135759,196.0,0.98,200.0,0.135759,REORDENAR,True
MASS1631,lumpy,B,0.9,0.0,61.749999999999986,15.5672268907563,46.18277310924368,1.03781512605042,1.03781512605042,3.5,2.8416,34,119,117.85714285714286,1,20,0.055404,81.0,4.05,20.0,0.055404,REORDENAR,True
MASS1451,lumpy,B,0.9,40.0,23.699999999999996,19.0125,4.6874999999999964,1.2674999999999998,1.2674999999999998,2.791,2.4035,43,120,119.14285714285714,0,0,0.0,0.0,1.0,1.0,0.05,OK,False
MASS1272,lumpy,B,0.9,0.0,35.89999999999999,16.56338028169014,19.33661971830985,1.104225352112676,1.104225352112676,5.071,1.5455,28,142,141.14285714285714,1,100,0.050337,400.0,4.0,100.0,0.050337,REORDENAR,True
MASS0050,lumpy,B,0.9,7.0,31.0,17.02127659574468,13.97872340425532,1.1347517730496455,1.1347517730496455,3.439,1.0797,41,141,140.28571428571428,1,100,0.045864,95.0,0.95,100.0,0.045864,REORDENAR,True
MASS0958,lumpy,B,0.9,0.0,33.0,18.96,14.04,1.264,1.264,3.676,1.4911,34,125,123.85714285714286,1,70,0.05,164.5,2.35,70.0,0.05,REORDENAR,True
MASS1270,lumpy,B,0.9,0.0,47.0,17.429577464788732,29.570422535211268,1.1619718309859155,1.1619718309859155,6.762,1.2749,21,142,141.14285714285714,1,100,0.050337,400.0,4.0,100.0,0.050337,REORDENAR,True
MASS3008,lumpy,B,0.9,24.0,171.5,171.5,0.0,11.433333333333334,11.433333333333334,1.5,1.1128,10,15,13.857142857142858,15,150,0.75,711.0,4.74,10.0,0.05,REORDENAR,True
MASS1530,lumpy,B,0.9,43.0,30.0,18.24,11.760000000000002,1.216,1.216,3.049,1.995,41,125,123.85714285714286,0,0,0.0,0.0,4.4,1.0,0.05,OK,False
MASS1475,intermittent,B,0.9,0.0,45.5,15.230042558451647,30.269957441548353,1.3146153846153845,1.0153361705634432,4.643,0.4553,28,130,129.42857142857142,18,18,0.9,18.0,1.0,1.0,0.05,REORDENAR,True
MASS1524,lumpy,B,0.9,64.0,30.0,20.1,9.899999999999999,1.34,1.34,2.451,0.5716,51,125,123.85714285714286,0,0,0.0,0.0,0.85,250.0,0.0882,OK,False
MASS1103,intermittent,B,0.9,0.0,13.639367996978473,13.639367996978473,0.0,1.196808510638298,0.9092911997985649,23.5,0.4805,6,141,140.42857142857142,16,16,0.8,16.0,1.0,1.0,0.05,REORDENAR,True
MASS1440,lumpy,B,0.9,0.0,54.47999999999999,18.316901408450708,36.16309859154928,1.2211267605633804,1.2211267605633804,8.353,0.6532,17,142,141.28571428571428,16,16,0.8,16.0,1.0,1.0,0.05,REORDENAR,True
MASS1758,lumpy,B,0.9,41.0,39.0,21.99130434782609,17.00869565217391,1.4660869565217394,1.4660869565217394,4.107,0.5833,28,115,114.42857142857143,0,0,0.0,0.0,0.8,200.0,0.014112,OK,False
MASS1759,intermittent,B,0.9,37.0,41.5,17.875147527950308,23.624852472049692,1.5130434782608695,1.191676501863354,4.423,0.4248,26,115,114.42857142857143,1,200,0.014112,160.0,0.8,200.0,0.014112,REORDENAR,True
MASS2317,erratic,B,0.9,24.0,96.32883263000461,79.89999999999999,16.428832630004624,5.326666666666666,5.326666666666666,1.071,0.649,28,30,29.571428571428573,2,400,0.125208,500.0,1.25,200.0,0.062604,REORDENAR,True
MASS2110,erratic,B,0.9,88.0,72.80021910243057,56.857142857142854,15.943076245287715,3.7904761904761903,3.7904761904761903,1.077,1.1789,39,42,41.142857142857146,0,0,0.0,0.0,0.68,120.0,0.112216,OK,False
MASS1651,lumpy,B,0.9,19.0,36.0,19.66386554621849,16.33613445378151,1.3109243697478992,1.3109243697478992,2.204,1.1073,54,119,117.85714285714286,18,18,0.9,18.0,1.0,1.0,0.05,REORDENAR,True
MASS1223,lumpy,B,0.9,14.0,26.700000000000003,15.434782608695647,11.265217391304356,1.0289855072463765,1.0289855072463765,3.943,2.3184,35,138,137.57142857142858,1,144,0.053312,109.44,0.76,144.0,0.053312,REORDENAR,True
MASS0592,lumpy,B,0.9,75.0,33.39999999999999,18.27659574468085,15.12340425531914,1.2184397163120566,1.2184397163120566,5.875,0.5907,24,141,140.28571428571428,0,0,0.0,0.0,5.1,150.0,0.08748,OK,False
MASS1597,lumpy,B,0.9,59.0,43.0,20.28,22.72,1.352,1.352,3.049,0.6754,41,125,123.85714285714286,0,0,0.0,0.0,0.85,250.0,0.0882,OK,False
MASS1271,lumpy,B,0.9,0.0,46.0,16.663732394366196,29.336267605633804,1.1109154929577465,1.1109154929577465,7.1,1.1878,20,142,141.14285714285714,1,100,0.050337,400.0,4.0,100.0,0.050337,REORDENAR,True
MASS2402,lumpy,B,0.9,160.0,68.46774193548387,68.46774193548387,0.0,4.564516129032258,4.564516129032258,2.818,3.1095,11,31,30.571428571428573,0,0,0.0,0.0,1.5,30.0,0.041664,OK,False
MASS1294,lumpy,B,0.9,0.0,39.0,18.42857142857143,20.57142857142857,1.2285714285714286,1.2285714285714286,3.231,0.9845,39,126,125.57142857142857,1,100,0.03456,95.0,0.95,100.0,0.03456,REORDENAR,True
MASS1791,lumpy,B,0.9,0.0,36.94999999999999,21.749999999999996,15.199999999999992,1.4499999999999997,1.4499999999999997,3.188,1.9128,32,102,101.71428571428571,1,120,0.061952,102.0,0.85,120.0,0.061952,REORDENAR,True
MASS1615,lumpy,B,0.9,0.0,37.0,17.927999999999994,19.072000000000006,1.1951999999999996,1.1951999999999996,2.976,1.4171,42,125,123.85714285714286,16,16,0.020304,60.0,3.75,1.0,0.001269,REORDENAR,True
MASS1757,lumpy,B,0.9,0.0,52.79999999999998,20.97391304347826,31.826086956521724,1.3982608695652172,1.3982608695652172,3.966,0.569,29,115,114.42857142857143,1,75,0.07056,221.25,2.95,75.0,0.07056,REORDENAR,True
MASS1600,lumpy,B,0.9,0.0,30.0,16.8,13.2,1.12,1.12,5.682,1.5092,22,125,123.85714285714286,1,70,0.05,192.5,2.75,70.0,0.05,REORDENAR,True
MASS1994,lumpy,B,0.9,2.0,67.4,32.87671232876712,34.523287671232886,2.191780821917808,2.191780821917808,2.028,1.3479,36,73,71.85714285714286,29,29,1.4500000000000002,29.0,1.0,1.0,0.05,REORDENAR,True
MASS1833,lumpy,B,0.9,93.0,56.0,27.211956521739125,28.788043478260875,1.8141304347826084,1.8141304347826084,23.0,0.4969,4,92,91.14285714285714,0,0,0.0,0.0,2.35,14.0,0.05,OK,False
MASS0906,lumpy,B,0.9,72.0,28.0,16.914893617021278,11.085106382978722,1.127659574468085,1.127659574468085,4.548,0.769,31,141,140.28571428571428,0,0,0.0,0.0,7.2,40.0,0.05,OK,False
MASS2427,lumpy,B,0.9,110.0,84.37499999999999,84.37499999999999,0.0,5.624999999999999,5.624999999999999,7.0,1.0335,4,28,27.285714285714285,0,0,0.0,0.0,3.1,14.0,0.05,OK,False
MASS2213,lumpy,B,0.9,30.0,63.269230769230774,63.269230769230774,0.0,4.217948717948718,4.217948717948718,2.6,1.4377,15,39,38.714285714285715,55,55,1.52064,660.0,12.0,1.0,0.027648,REORDENAR,True
MASS0358,lumpy,B,0.9,0.0,20.365853658536583,20.365853658536583,0.0,1.3577235772357723,1.3577235772357723,8.2,3.2373,15,123,122.28571428571429,18,18,0.9,18.0,1.0,1.0,0.05,REORDENAR,True
MASS1310,lumpy,B,0.9,0.0,60.8,19.448275862068957,41.35172413793104,1.2965517241379305,1.2965517241379305,3.135,1.0876,37,116,115.28571428571429,1,100,0.293112,170.0,1.7,100.0,0.293112,REORDENAR,True
MASS0328,lumpy,B,0.9,2.0,39.3,15.08450704225352,24.215492957746477,1.0056338028169014,1.0056338028169014,6.174,1.2109,23,142,141.14285714285714,1,100,0.0373275,140.0,1.4,100.0,0.0373275,REORDENAR,True
MASS0398,lumpy,B,0.9,0.0,28.64,14.170212765957443,14.469787234042556,0.9446808510638295,0.9446808510638295,4.862,2.9286,29,141,140.28571428571428,1,50,0.058656,232.50000000000003,4.65,50.0,0.058656,REORDENAR,True
MASS0049,lumpy,B,0.9,20.0,23.0,15.797872340425531,7.202127659574469,1.053191489361702,1.053191489361702,3.917,1.2153,36,141,140.28571428571428,1,100,0.045864,95.0,0.95,100.0,0.045864,REORDENAR,True
MASS1598,lumpy,B,0.9,80.0,29.0,18.96,10.04,1.264,1.264,2.841,0.7671,44,125,123.85714285714286,0,0,0.0,0.0,0.85,250.0,0.0882,OK,False
MASS2017,lumpy,B,0.9,7.0,67.0,48.6,18.4,3.24,3.24,1.613,0.6988,31,50,48.857142857142854,1,70,0.1677,213.5,3.05,70.0,0.1677,REORDENAR,True
MASS1004,lumpy,B,0.9,0.0,37.7,18.043478260869566,19.656521739130437,1.2028985507246377,1.2028985507246377,6.9,1.0545,20,138,137.42857142857142,16,16,0.8,16.0,1.0,1.0,0.05,REORDENAR,True
MASS2496,lumpy,B,0.9,4.0,69.0,65.4,3.5999999999999943,4.36,4.36,1.562,4.3444,16,25,23.857142857142858,57,57,2.85,57.0,1.0,1.0,0.05,REORDENAR,True
MASS2214,lumpy,B,0.9,0.0,80.60000000000001,59.84615384615385,20.753846153846162,3.98974358974359,3.98974358974359,1.773,1.6159,22,39,38.714285714285715,6,60,0.858624,436.8,7.28,10.0,0.143104,REORDENAR,True
MASS1553,lumpy,B,0.9,0.0,50.25,17.58,32.67,1.172,1.172,4.808,1.3608,26,125,123.85714285714286,1,72,0.21420025,162.0,2.25,72.0,0.21420025,REORDENAR,True
MASS0955,lumpy,B,0.9,1.0,36.0,17.279999999999998,18.720000000000002,1.152,1.152,4.808,1.2835,26,125,123.85714285714286,1,70,0.05,154.0,2.2,70.0,0.05,REORDENAR,True
MASS1054,lumpy,B,0.9,3.0,41.099999999999994,21.57272727272727,19.527272727272724,1.438181818181818,1.438181818181818,2.75,1.1377,40,110,109.71428571428571,1,200,0.01188,1100.0,5.5,200.0,0.01188,REORDENAR,True
MASS1173,lumpy,B,0.9,14.0,27.899999999999977,15.760563380281686,12.13943661971829,1.0507042253521124,1.0507042253521124,5.68,0.8785,25,142,141.28571428571428,2,20,0.183264,64.0,3.2,10.0,0.091632,REORDENAR,True
MASS0382,lumpy,B,0.9,0.0,30.0,15.347826086956518,14.652173913043482,1.0231884057971012,1.0231884057971012,4.182,1.7393,33,138,137.42857142857142,1,250,0.0136,220.0,0.88,250.0,0.0136,REORDENAR,True
MASS0704,lumpy,B,0.9,2.0,28.150000000000006,15.345744680851062,12.804255319148943,1.0230496453900708,1.0230496453900708,2.518,1.2244,56,141,140.28571428571428,2,24,0.2508,336.0,14.0,12.0,0.1254,REORDENAR,True
MASS1210,lumpy,B,0.9,19.0,36.0,16.77165354330708,19.22834645669292,1.118110236220472,1.118110236220472,4.233,1.3519,30,127,126.57142857142857,15,15,0.75,15.0,1.0,1.0,0.05,REORDENAR,True
MASS0920,lumpy,B,0.9,0.0,34.0,16.382978723404257,17.617021276595743,1.0921985815602837,1.0921985815602837,5.036,1.2493,28,141,139.85714285714286,1,48,0.126405,86.4,1.8,48.0,0.126405,REORDENAR,True
MASS2689,lumpy,B,0.9,20.0,440.09999999999997,440.09999999999997,0.0,29.339999999999996,29.339999999999996,1.667,2.2227,3,5,3.857142857142857,382,382,19.1,382.0,1.0,1.0,0.05,REORDENAR,True
MASS2273,lumpy,B,0.9,0.0,112.0,52.5,59.5,3.5,3.5,3.0,1.326,14,42,41.142857142857146,46,46,2.3000000000000003,46.0,1.0,1.0,0.05,REORDENAR,True
MASS1527,lumpy,B,0.9,1.0,25.999999999999957,17.279999999999987,8.71999999999997,1.1519999999999992,1.1519999999999992,3.378,1.1172,37,125,123.85714285714286,2,20,0.1,298.8,14.94,10.0,0.05,REORDENAR,True
MASS1825,lumpy,B,0.9,0.0,57.599999999999994,24.847826086956523,32.75217391304347,1.6565217391304348,1.6565217391304348,4.6,1.972,20,92,91.14285714285714,22,22,1.1,22.0,1.0,1.0,0.05,REORDENAR,True
MASS2114,lumpy,B,0.9,110.0,111.0,54.464285714285715,56.53571428571429,3.630952380952381,3.630952380952381,3.0,1.8996,14,42,41.142857142857146,1,50,0.04557,750.0,15.0,50.0,0.04557,REORDENAR,True
MASS0780,lumpy,B,0.9,0.0,46.4,31.478873239436616,14.921126760563382,2.0985915492957745,2.0985915492957745,1.614,1.2723,44,71,69.85714285714286,1,200,0.135759,196.0,0.98,200.0,0.135759,REORDENAR,True
MASS1854,lumpy,B,0.9,2.0,23.70652173913043,23.70652173913043,0.0,1.5804347826086953,1.5804347826086953,13.143,1.2162,7,92,91.14285714285714,21,21,1.05,21.0,1.0,1.0,0.05,REORDENAR,True
MASS0063,lumpy,B,0.9,0.0,39.7,19.05,20.650000000000002,1.27,1.27,3.077,0.7374,39,120,119.42857142857143,17,17,0.8500000000000001,17.0,1.0,1.0,0.05,REORDENAR,True
MASS1055,lumpy,B,0.9,160.0,23.0,15.319148936170212,7.680851063829788,1.0212765957446808,1.0212765957446808,4.548,1.5613,31,141,140.28571428571428,0,0,0.0,0.0,0.6,60.0,0.004218,OK,False
MASS0589,intermittent,B,0.9,1.0,49.599999999999994,16.364943537741375,33.23505646225862,1.3582608695652172,1.090996235849425,3.966,0.3935,29,115,114.42857142857143,1,75,0.07056,221.25,2.95,75.0,0.07056,REORDENAR,True
MASS2401,lumpy,B,0.9,172.0,65.9516129032258,65.9516129032258,0.0,4.396774193548386,4.396774193548386,3.875,2.5789,8,31,30.571428571428573,0,0,0.0,0.0,1.5,30.0,0.041664,OK,False
MASS0959,lumpy,B,0.9,0.0,32.0,16.44,15.559999999999999,1.096,1.096,3.788,1.7619,33,125,123.85714285714286,1,70,0.05,164.5,2.35,70.0,0.05,REORDENAR,True
MASS1715,lumpy,B,0.9,0.0,38.0,19.82608695652174,18.17391304347826,1.3217391304347825,1.3217391304347825,2.556,0.5251,45,115,114.42857142857143,1,40,0.055692,135.2,3.38,40.0,0.055692,REORDENAR,True
MASS1899,lumpy,B,0.9,0.0,40.699999999999996,23.88157894736842,16.818421052631574,1.5921052631578947,1.5921052631578947,1.689,1.8405,45,76,75.28571428571429,21,21,0.9009,214.2,10.2,1.0,0.0429,REORDENAR,True
MASS0648,lumpy,B,0.9,22.0,26.799999999999997,15.380281690140844,11.419718309859153,1.0253521126760563,1.0253521126760563,5.259,0.7312,27,142,141.28571428571428,2,20,0.183264,64.0,3.2,10.0,0.091632,REORDENAR,True
MASS0379,lumpy,B,0.9,6.0,28.35,15.652173913043478,12.697826086956523,1.0434782608695652,1.0434782608695652,4.452,1.3492,31,138,137.42857142857142,1,250,0.0136,220.0,0.88,250.0,0.0136,REORDENAR,True
MASS1949,lumpy,B,0.9,1.0,77.6,32.45070422535211,45.14929577464788,2.1633802816901406,2.1633802816901406,3.087,0.5359,23,71,70.28571428571429,1,500,0.0225,400.0,0.8,500.0,0.0225,REORDENAR,True
MASS1087,lumpy,B,0.9,0.0,73.80000000000004,18.285714285714285,55.514285714285755,1.219047619047619,1.219047619047619,8.4,0.8224,15,126,125.71428571428571,16,16,0.8,16.0,1.0,1.0,0.05,REORDENAR,True
MASS1992,lumpy,B,0.9,0.0,60.400000000000006,30.63698630136986,29.763013698630147,2.0424657534246573,2.0424657534246573,2.433,0.5712,30,73,71.85714285714286,27,27,1.35,27.0,1.0,1.0,0.05,REORDENAR,True
MASS1333,lumpy,B,0.9,155.0,34.0,16.086956521739133,17.913043478260867,1.0724637681159421,1.0724637681159421,9.2,0.829,15,138,137.42857142857142,0,0,0.0,0.0,3.5,20.0,0.085648,OK,False
MASS2585,erratic,B,0.9,6.0,154.3161270715006,135.22058823529414,19.095538836206458,9.014705882352942,9.014705882352942,1.062,0.5554,16,17,16.714285714285715,22,352,2.691117,732.1600000000001,2.08,16.0,0.1223235,REORDENAR,True
MASS2069,lumpy,B,0.9,125.0,52.0,40.53,11.469999999999999,2.702,2.702,1.667,1.2372,30,50,48.857142857142854,0,0,0.0,0.0,1.0,1.0,0.001,OK,False
MASS0750,lumpy,B,0.9,37.0,19.599999999999966,16.1679389312977,3.4320610687022644,1.0778625954198469,1.0778625954198469,3.541,1.3161,37,131,130.71428571428572,0,0,0.0,0.0,1.0,1.0,0.05,OK,False
MASS1463,lumpy,B,0.9,5.0,31.600000000000023,16.02127659574468,15.578723404255342,1.0680851063829786,1.0680851063829786,5.036,0.6462,28,141,140.28571428571428,1,200,0.094116,229.99999999999997,1.15,200.0,0.094116,REORDENAR,True
MASS1029,lumpy,B,0.9,0.0,45.99999999999994,18.593749999999993,27.40624999999995,1.2395833333333328,1.2395833333333328,3.429,3.591,28,96,95.71428571428571,17,17,0.8500000000000001,17.0,1.0,1.0,0.05,REORDENAR,True
MASS1107,lumpy,B,0.9,0.0,55.59999999999999,29.40845070422535,26.19154929577464,1.96056338028169,1.96056338028169,2.152,1.6306,33,71,69.85714285714286,1,100,0.088407,580.0,5.8,100.0,0.088407,REORDENAR,True
MASS2455,erratic,B,0.9,0.0,103.77706797203871,82.01999999999997,21.757067972038744,5.467999999999998,5.467999999999998,1.316,1.4375,19,25,23.857142857142858,5,250,0.1,800.0,3.2,50.0,0.02,REORDENAR,True
MASS2093,lumpy,B,0.9,0.0,80.25,52.24999999999999,28.0,3.483333333333333,3.483333333333333,1.4,0.6929,30,42,41.142857142857146,1,200,0.11628,130.0,0.65,200.0,0.11628,REORDENAR,True
MASS2457,lumpy,B,0.9,0.0,114.0,86.28000000000002,27.719999999999985,5.752000000000001,5.752000000000001,1.471,0.8775,17,25,23.857142857142858,4,96,0.525504,364.79999999999995,3.8,24.0,0.131376,REORDENAR,True
MASS2312,erratic,B,0.9,146.0,79.91790788394385,52.74999999999999,27.167907883943865,3.516666666666666,3.516666666666666,1.071,4.5473,28,30,29.571428571428573,0,0,0.0,0.0,0.15,300.0,0.023345,OK,False
MASS2188,lumpy,B,0.9,34.0,69.4,49.857142857142854,19.542857142857144,3.3238095238095235,3.3238095238095235,1.909,1.4562,22,42,41.142857142857146,44,44,0.0967725,83.6,1.9,1.0,0.002199375,REORDENAR,True
MASS1667,lumpy,B,0.9,325.0,39.599999999999994,16.915966386554622,22.684033613445372,1.1277310924369748,1.1277310924369748,3.719,2.6497,32,119,117.85714285714286,0,0,0.0,0.0,1.0,1.0,0.05,OK,False
MASS2426,lumpy,B,0.9,114.0,83.35999999999993,62.37931034482755,20.980689655172384,4.15862068965517,4.15862068965517,4.143,2.8238,7,29,28.142857142857142,0,0,0.0,0.0,3.1,14.0,0.05,OK,False
MASS1980,lumpy,B,0.9,3.0,35.2,29.58904109589041,5.610958904109594,1.9726027397260273,1.9726027397260273,1.352,0.5461,54,73,71.85714285714286,3,30,0.38404799999999994,105.0,3.5,10.0,0.128016,REORDENAR,True
MASS1068,lumpy,B,0.9,0.0,51.7,21.81,29.89,1.454,1.454,3.704,0.8496,27,100,99.28571428571429,19,19,0.9500000000000001,19.0,1.0,1.0,0.05,REORDENAR,True
MASS1326,lumpy,B,0.9,0.0,90.09999999999998,15.01079136690647,75.0892086330935,1.0007194244604314,1.0007194244604314,34.75,1.394,4,139,138.28571428571428,14,14,0.7000000000000001,14.0,1.0,1.0,0.05,REORDENAR,True
MASS2163,lumpy,B,0.9,858.0,30.261627906976745,30.261627906976745,0.0,2.0174418604651163,2.0174418604651163,2.688,6.6045,16,43,41.857142857142854,0,0,0.0,0.0,0.65,330.0,0.08505,OK,False
MASS2306,lumpy,B,0.9,6.0,108.39999999999999,72.69999999999999,35.7,4.846666666666666,4.846666666666666,2.308,0.6405,13,30,29.714285714285715,64,64,3.2,64.0,1.0,1.0,0.05,REORDENAR,True
MASS1733,lumpy,B,0.9,0.0,34.0,17.63478260869565,16.36521739130435,1.1756521739130434,1.1756521739130434,2.949,1.3445,39,115,114.42857142857143,16,16,0.8,16.0,1.0,1.0,0.05,REORDENAR,True
MASS1191,lumpy,B,0.9,59.0,42.10000000000002,15.319148936170212,26.78085106382981,1.0212765957446808,1.0212765957446808,4.548,0.5344,31,141,140.28571428571428,0,0,0.0,0.0,0.65,40.0,0.02511,OK,False
MASS1721,lumpy,B,0.9,18.0,37.0,17.73913043478261,19.26086956521739,1.182608695652174,1.182608695652174,5.476,0.8184,21,115,114.42857142857143,1,90,0.132192,373.50000000000006,4.15,90.0,0.132192,REORDENAR,True
MASS3006,lumpy,B,0.9,52.0,135.79999999999998,124.23529411764704,11.56470588235294,8.28235294117647,8.28235294117647,1.7,0.5791,10,17,16.428571428571427,11,110,0.55,521.4,4.74,10.0,0.05,REORDENAR,True
MASS0385,lumpy,B,0.9,12.0,23.999999999999986,14.239130434782606,9.76086956521738,0.9492753623188404,0.9492753623188404,4.182,1.436,33,138,137.42857142857142,1,250,0.0136,220.0,0.88,250.0,0.0136,REORDENAR,True
MASS1952,lumpy,B,0.9,4.0,37.400000000000006,29.383561643835616,8.01643835616439,1.9589041095890412,1.9589041095890412,1.872,0.9754,39,73,72.57142857142857,1,50,0.02448,254.0,5.08,50.0,0.02448,REORDENAR,True
MASS2481,lumpy,B,0.9,334.0,80.88,80.88,0.0,5.3919999999999995,5.3919999999999995,2.778,1.3782,9,25,23.857142857142858,0,0,0.0,0.0,3.7,30.0,0.05,OK,False
MASS2404,lumpy,B,0.9,157.0,61.93548387096773,61.93548387096773,0.0,4.129032258064515,4.129032258064515,2.385,2.7778,13,31,30.571428571428573,0,0,0.0,0.0,1.5,30.0,0.041664,OK,False
MASS2405,lumpy,B,0.9,106.0,73.65,67.18548387096773,6.464516129032269,4.479032258064516,4.479032258064516,2.214,0.5258,14,31,30.285714285714285,0,0,0.0,0.0,26.0,1.0,0.12544,OK,False
MASS2164,lumpy,B,0.9,471.0,26.91279069767438,26.91279069767438,0.0,1.7941860465116255,1.7941860465116255,2.389,7.5067,18,43,41.857142857142854,0,0,0.0,0.0,0.95,120.0,0.08505,OK,False
MASS1445,lumpy,B,0.9,0.0,53.0,14.577464788732396,38.4225352112676,0.971830985915493,0.971830985915493,12.909,0.771,11,142,141.42857142857142,1,48,0.126405,86.4,1.8,48.0,0.126405,REORDENAR,True
MASS1999,lumpy,B,0.9,49.0,40.1,22.35616438356164,17.74383561643836,1.4904109589041095,1.4904109589041095,2.281,2.3801,32,73,71.85714285714286,0,0,0.0,0.0,1.0,100.0,0.07,OK,False
MASS2730,smooth,B,0.9,155.0,572.0468423193321,539.8125,32.23434231933205,35.9875,35.9875,1.0,0.2128,4,4,3.4285714285714284,7,700,0.36691199999999996,2030.0,2.9,100.0,0.052416,REORDENAR,True
MASS2605,intermittent,B,0.9,1.0,233.47757134363852,233.47757134363852,0.0,17.9375,15.565171422909234,2.0,0.2645,4,8,7.428571428571429,47,235,2.0963879999999997,1057.5,4.5,5.0,0.044604,REORDENAR,True
MASS1720,lumpy,B,0.9,17.0,33.0,18.91304347826087,14.086956521739129,1.2608695652173914,1.2608695652173914,3.026,0.9573,38,115,114.42857142857143,1,50,0.03726,225.0,4.5,50.0,0.03726,REORDENAR,True
MASS1643,lumpy,B,0.9,0.0,35.95,16.626050420168067,19.323949579831936,1.1084033613445379,1.1084033613445379,5.409,0.8477,22,119,118.14285714285714,15,15,0.75,15.0,1.0,1.0,0.05,REORDENAR,True
MASS0053,lumpy,B,0.9,0.0,28.699999999999996,13.765957446808509,14.934042553191487,0.9177304964539006,0.9177304964539006,4.406,1.791,32,141,140.28571428571428,1,100,0.0175,70.0,0.7,100.0,0.0175,REORDENAR,True
MASS0947,lumpy,B,0.9,89.0,26.400000000000006,14.627659574468082,11.772340425531924,0.9751773049645388,0.9751773049645388,4.147,1.5037,34,141,140.28571428571428,0,0,0.0,0.0,2.5,100.0,0.05,OK,False
MASS2231,lumpy,B,0.9,0.0,59.2,45.84615384615383,13.35384615384617,3.0564102564102553,3.0564102564102553,2.167,1.9525,18,39,38.714285714285715,40,40,2.0,40.0,1.0,1.0,0.05,REORDENAR,True
MASS2281,lumpy,B,0.9,0.0,54.38461538461539,54.38461538461539,0.0,3.6256410256410256,3.6256410256410256,7.8,1.2944,5,39,38.142857142857146,48,48,2.4000000000000004,48.0,1.0,1.0,0.05,REORDENAR,True
MASS2063,lumpy,B,0.9,0.0,60.0,39.0,21.0,2.6,2.6,1.613,0.9749,31,50,48.857142857142854,1,60,0.043512,384.0,6.4,60.0,0.043512,REORDENAR,True
MASS2241,lumpy,B,0.9,2.0,70.69999999999999,52.64999999999999,18.049999999999997,3.5099999999999993,3.5099999999999993,1.379,0.9369,29,40,39.285714285714285,1,120,0.045696,120.0,1.0,120.0,0.045696,REORDENAR,True
MASS1240,lumpy,B,0.9,0.0,26.0,12.108695652173907,13.891304347826093,0.8072463768115938,0.8072463768115938,4.759,3.1401,29,138,137.57142857142858,1,144,0.053312,109.44,0.76,144.0,0.053312,REORDENAR,True
MASS0052,lumpy,B,0.9,2.0,30.800000000000008,13.297872340425531,17.502127659574477,0.8865248226950354,0.8865248226950354,4.273,1.4465,33,141,140.28571428571428,1,100,0.0175,70.0,0.7,100.0,0.0175,REORDENAR,True
MASS0055,lumpy,B,0.9,0.0,36.75,13.457446808510639,23.29255319148936,0.8971631205673759,0.8971631205673759,5.423,1.3979,26,141,140.28571428571428,1,100,0.0175,70.0,0.7,100.0,0.0175,REORDENAR,True
MASS1066,lumpy,B,0.9,0.0,40.0,14.698943661971832,25.301056338028168,0.9799295774647888,0.9799295774647888,7.1,0.7369,20,142,141.14285714285714,13,13,0.65,13.0,1.0,1.0,0.05,REORDENAR,True
MASS2282,lumpy,B,0.9,0.0,76.80000000000004,53.07692307692307,23.723076923076967,3.5384615384615383,3.5384615384615383,3.545,1.3567,11,39,38.142857142857146,46,46,2.3000000000000003,46.0,1.0,1.0,0.05,REORDENAR,True
MASS2124,lumpy,B,0.9,3.0,55.0,40.632352941176464,14.367647058823536,2.7088235294117644,2.7088235294117644,4.25,0.9632,12,51,50.142857142857146,36,36,0.3214944,414.0,11.5,1.0,0.0089304,REORDENAR,True
MASS0251,lumpy,B,0.9,0.0,30.0,13.936170212765958,16.06382978723404,0.9290780141843972,0.9290780141843972,3.917,1.3624,36,141,140.28571428571428,1,30,0.055,69.0,2.3,30.0,0.055,REORDENAR,True
MASS2602,lumpy,B,0.9,170.0,145.82142857142858,145.82142857142858,0.0,9.721428571428572,9.721428571428572,1.75,0.7808,8,14,13.571428571428571,0,0,0.0,0.0,5.5,9.0,0.0105315,OK,False
MASS2249,lumpy,B,0.9,3.0,66.8,51.6,15.199999999999996,3.44,3.44,1.6,0.8197,25,40,39.285714285714285,1,120,0.043472,216.0,1.8,120.0,0.043472,REORDENAR,True
MASS2391,lumpy,B,0.9,279.0,69.8,69.8,0.0,4.653333333333333,4.653333333333333,10.0,0.7406,3,30,29.428571428571427,0,0,0.0,0.0,4.5,10.0,0.05,OK,False
MASS1557,lumpy,B,0.9,60.0,31.0,15.36,15.64,1.024,1.024,4.032,1.8473,31,125,123.85714285714286,0,0,0.0,0.0,3.5,100.0,0.07107,OK,False
MASS2018,lumpy,B,0.9,20.0,55.099999999999994,39.959999999999994,15.14,2.6639999999999997,2.6639999999999997,1.667,0.8941,30,50,48.857142857142854,1,70,0.1677,213.5,3.05,70.0,0.1677,REORDENAR,True
MASS1342,lumpy,B,0.9,0.0,61.5,13.392857142857144,48.107142857142854,0.8928571428571429,0.8928571428571429,12.727,1.12,11,140,139.28571428571428,12,12,0.6000000000000001,12.0,1.0,1.0,0.05,REORDENAR,True
MASS2606,erratic,B,0.9,2.0,284.833669306555,257.90625,26.92741930655503,17.19375,17.19375,1.0,0.8574,8,8,7.571428571428571,75,375,2.747925,1380.0,3.68,5.0,0.036639,REORDENAR,True
MASS2230,lumpy,B,0.9,0.0,54.60000000000002,51.076923076923066,3.5230769230769567,3.4051282051282046,3.4051282051282046,3.0,2.2636,13,39,38.714285714285715,2,80,0.367164,148.0,1.85,40.0,0.183582,REORDENAR,True
MASS3004,erratic,B,0.9,60.0,142.9326343018408,123.00000000000001,19.93263430184079,8.200000000000001,8.200000000000001,1.308,0.6498,13,17,15.857142857142858,24,240,1.2000000000000002,1137.6000000000001,4.74,10.0,0.05,REORDENAR,True
MASS1738,lumpy,B,0.9,0.0,39.0,16.344827586206893,22.655172413793107,1.0896551724137928,1.0896551724137928,6.105,3.191,19,116,115.28571428571429,15,15,0.20691,168.0,11.2,1.0,0.013794,REORDENAR,True
MASS2150,lumpy,B,0.9,0.0,67.4,42.244897959183675,25.15510204081633,2.816326530612245,2.816326530612245,2.042,0.5495,24,49,48.714285714285715,4,40,0.732096,258.0,6.45,10.0,0.183024,REORDENAR,True
MASS0054,lumpy,B,0.9,0.0,32.0,14.01063829787234,17.98936170212766,0.9340425531914893,0.9340425531914893,7.421,1.295,19,141,140.28571428571428,13,13,0.65,13.0,1.0,1.0,0.05,REORDENAR,True
MASS2428,lumpy,B,0.9,142.0,85.17999999999995,63.775862068965495,21.404137931034455,4.251724137931033,4.251724137931033,7.25,1.6861,4,29,28.142857142857142,0,0,0.0,0.0,3.1,14.0,0.05,OK,False
MASS1654,lumpy,B,0.9,17.0,29.000000000000043,14.747899159663865,14.252100840336176,0.9831932773109243,0.9831932773109243,5.667,1.8248,21,119,118.14285714285714,13,13,0.65,13.0,1.0,1.0,0.05,REORDENAR,True
MASS2062,lumpy,B,0.9,116.0,68.99999999999997,37.79999999999999,31.19999999999998,2.519999999999999,2.519999999999999,2.174,2.1176,23,50,48.857142857142854,0,0,0.0,0.0,1.0,1.0,0.05,OK,False
MASS2166,lumpy,B,0.9,1.0,26.25,26.25,0.0,1.75,1.75,2.688,7.7121,16,43,41.857142857142854,1,60,0.08505,114.0,1.9,60.0,0.08505,REORDENAR,True
MASS1457,lumpy,B,0.9,19.0,21.19999999999999,13.246478873239434,7.953521126760554,0.8830985915492956,0.8830985915492956,5.68,0.9374,25,142,141.28571428571428,2,20,0.183264,64.0,3.2,10.0,0.091632,REORDENAR,True
MASS1860,lumpy,B,0.9,0.0,52.89999999999999,26.302816901408452,26.59718309859154,1.7535211267605635,1.7535211267605635,3.227,1.3514,22,71,69.85714285714286,1,30,0.158061,94.5,3.15,30.0,0.158061,REORDENAR,True
MASS2321,erratic,B,0.9,49.0,76.33468853397838,55.599999999999966,20.73468853397841,3.7066666666666643,3.7066666666666643,1.25,2.5141,24,30,29.571428571428573,4,184,0.219024,883.1999999999999,4.8,46.0,0.054756,REORDENAR,True
MASS2327,lumpy,B,0.9,113.0,47.149999999999956,47.149999999999956,0.0,3.1433333333333304,3.1433333333333304,1.579,5.3333,19,30,29.714285714285715,0,0,0.0,0.0,3.68,50.0,0.052668,OK,False
MASS2165,lumpy,B,0.9,56.0,28.029069767441847,28.029069767441847,0.0,1.8686046511627898,1.8686046511627898,3.071,7.0177,14,43,41.857142857142854,0,0,0.0,0.0,1.6,90.0,0.08505,OK,False
MASS0771,lumpy,B,0.9,0.0,28.199999999999974,11.507142857142853,16.69285714285712,0.7671428571428568,0.7671428571428568,5.833,2.8598,24,140,139.28571428571428,1,144,0.053312,109.44,0.76,144.0,0.053312,REORDENAR,True
MASS2098,lumpy,B,0.9,0.0,84.79999999999998,44.0,40.79999999999999,2.933333333333333,2.933333333333333,2.471,1.5872,17,42,41.142857142857146,2,60,0.051678,294.0,4.9,30.0,0.025839,REORDENAR,True
MASS2313,lumpy,B,0.9,62.0,60.00999999999999,42.24193548387096,17.76806451612903,2.816129032258064,2.816129032258064,1.409,5.8413,22,31,30.571428571428573,0,0,0.0,0.0,1.0,100.0,0.05145,OK,False
MASS2370,lumpy,B,0.9,108.0,80.85,61.900000000000006,18.949999999999996,4.126666666666667,4.126666666666667,1.364,2.4286,22,30,29.428571428571427,0,0,0.0,0.0,2.2,60.0,0.126984,OK,False
MASS2424,lumpy,B,0.9,217.0,62.303571428571416,62.303571428571416,0.0,4.153571428571428,4.153571428571428,7.0,1.9544,4,28,27.285714285714285,0,0,0.0,0.0,3.1,14.0,0.05,OK,False
MASS1923,lumpy,B,0.9,0.0,42.4,27.676056338028168,14.72394366197183,1.8450704225352113,1.8450704225352113,2.088,1.0048,34,71,70.28571428571429,1,120,0.075,240.0,2.0,120.0,0.075,REORDENAR,True
MASS1327,lumpy,B,0.9,0.0,73.00000000000003,14.043478260869565,58.956521739130466,0.936231884057971,0.936231884057971,19.714,0.5108,7,138,137.42857142857142,13,13,0.65,13.0,1.0,1.0,0.05,REORDENAR,True
MASS0608,lumpy,B,0.9,36.0,22.0,12.07446808510638,9.92553191489362,0.804964539007092,0.804964539007092,4.7,1.9187,30,141,140.28571428571428,0,0,0.0,0.0,4.35,80.0,0.028,OK,False
MASS1879,lumpy,B,0.9,15.0,57.199999999999996,25.85915492957746,31.340845070422535,1.7239436619718307,1.7239436619718307,2.63,2.2167,27,71,69.85714285714286,23,23,8.28,1380.0,60.0,1.0,0.36,REORDENAR,True
MASS1653,lumpy,B,0.9,0.0,28.0,14.974789915966385,13.025210084033615,0.9983193277310923,0.9983193277310923,6.611,1.6956,18,119,117.85714285714286,13,13,0.65,13.0,1.0,1.0,0.05,REORDENAR,True
MASS0365,lumpy,B,0.9,0.0,45.0,16.05128205128205,28.94871794871795,1.07008547008547,1.07008547008547,3.0,0.5861,39,117,115.85714285714286,14,14,0.7000000000000001,14.0,1.0,1.0,0.05,REORDENAR,True
MASS1508,lumpy,B,0.9,0.0,22.69999999999999,13.566666666666663,9.133333333333326,0.9044444444444442,0.9044444444444442,2.5,0.8888,54,135,134.42857142857142,12,12,0.6000000000000001,12.0,1.0,1.0,0.05,REORDENAR,True
MASS2416,intermittent,B,0.9,3.0,72.0,60.71988525390624,11.280114746093759,4.206666666666666,4.047992350260416,10.0,0.0754,3,30,29.428571428571427,7,56,0.35000000000000003,268.8,4.8,8.0,0.05,REORDENAR,True
MASS2190,lumpy,B,0.9,32.0,34.71000000000001,29.42857142857143,5.281428571428574,1.961904761904762,1.961904761904762,1.556,4.1161,27,42,41.142857142857146,1,48,0.168777,84.0,1.75,48.0,0.168777,REORDENAR,True
MASS1465,lumpy,B,0.9,18.0,28.0,13.202127659574469,14.797872340425531,0.8801418439716312,0.8801418439716312,4.7,0.8067,30,141,140.28571428571428,1,200,0.094116,229.99999999999997,1.15,200.0,0.094116,REORDENAR,True
MASS1472,lumpy,B,0.9,0.0,20.04,13.319148936170212,6.7208510638297865,0.8879432624113475,0.8879432624113475,4.7,0.7069,30,141,140.28571428571428,1,30,0.055692,234.0,7.8,30.0,0.055692,REORDENAR,True
MASS1571,lumpy,B,0.9,0.0,24.200000000000017,11.453488372093027,12.74651162790699,0.7635658914728685,0.7635658914728685,6.45,3.0629,20,129,127.85714285714286,10,10,0.5,10.0,1.0,1.0,0.05,REORDENAR,True
MASS1761,lumpy,B,0.9,0.0,41.55,15.534782608695654,26.015217391304343,1.0356521739130435,1.0356521739130435,4.792,0.7623,24,115,114.42857142857143,14,14,0.7000000000000001,14.0,1.0,1.0,0.05,REORDENAR,True
MASS1146,lumpy,B,0.9,0.0,16.0,13.620000000000001,2.379999999999999,0.908,0.908,11.364,1.3475,11,125,123.85714285714286,1,100,0.038313,160.0,1.6,100.0,0.038313,REORDENAR,True
MASS0285,lumpy,B,0.9,0.0,27.399999999999977,12.446808510638293,14.953191489361684,0.8297872340425528,0.8297872340425528,5.64,2.215,25,141,140.28571428571428,11,11,0.55,11.0,1.0,1.0,0.05,REORDENAR,True
MASS2597,erratic,B,0.9,293.0,119.85497546605595,98.16176470588235,21.693210760173606,6.544117647058823,6.544117647058823,1.062,1.9035,16,17,16.571428571428573,0,0,0.0,0.0,2.5,100.0,0.0825,OK,False
MASS1859,lumpy,B,0.9,2.0,28.28,23.8943661971831,4.3856338028169,1.5929577464788733,1.5929577464788733,1.614,1.1736,44,71,69.85714285714286,2,24,0.3048075,229.92000000000002,9.58,12.0,0.15240375,REORDENAR,True
MASS2410,intermittent,B,0.9,31.0,57.55,50.13422776845553,7.415772231544469,4.07258064516129,3.3422818512303687,1.938,0.3586,16,31,30.285714285714285,53,53,2.6500000000000004,53.0,1.0,1.0,0.05,REORDENAR,True
MASS2392,lumpy,B,0.9,183.0,62.75,62.75,0.0,4.183333333333334,4.183333333333334,7.5,0.7396,4,30,29.428571428571427,0,0,0.0,0.0,4.5,10.0,0.05,OK,False
MASS1330,lumpy,B,0.9,0.0,31.0,13.152173913043478,17.847826086956523,0.8768115942028986,0.8768115942028986,4.929,1.115,28,138,137.57142857142858,12,12,0.6000000000000001,12.0,1.0,1.0,0.05,REORDENAR,True
MASS2598,intermittent,B,0.9,161.0,105.03580507161016,105.03580507161016,0.0,8.75,7.00238700477401,2.333,0.3995,6,14,13.571428571428571,0,0,0.0,0.0,5.5,9.0,0.105315,OK,False
MASS2155,lumpy,B,0.9,0.0,55.099999999999994,43.98837209302325,11.111627906976743,2.9325581395348834,2.9325581395348834,4.3,0.8584,10,43,41.857142857142854,1,50,0.0376125,50.0,1.0,50.0,0.0376125,REORDENAR,True
MASS2058,lumpy,B,0.9,183.0,63.69999999999999,35.81999999999999,27.88,2.3879999999999995,2.3879999999999995,1.724,1.2989,29,50,48.857142857142854,0,0,0.0,0.0,1.6,100.0,0.1296,OK,False
MASS1467,lumpy,B,0.9,0.0,25.1,12.925531914893616,12.174468085106385,0.8617021276595744,0.8617021276595744,3.917,0.9539,36,141,140.28571428571428,1,200,0.094116,229.99999999999997,1.15,200.0,0.094116,REORDENAR,True
MASS1285,lumpy,B,0.9,0.0,31.4,24.295774647887324,7.104225352112675,1.619718309859155,1.619718309859155,1.732,1.3912,41,71,69.85714285714286,1,200,0.135759,196.0,0.98,200.0,0.135759,REORDENAR,True
MASS1696,lumpy,B,0.9,0.0,40.65,14.517391304347827,26.132608695652173,0.9678260869565218,0.9678260869565218,4.107,0.9811,28,115,114.42857142857143,1,100,0.04968,250.0,2.5,100.0,0.04968,REORDENAR,True
MASS2228,lumpy,B,0.9,0.0,65.7,48.19230769230769,17.50769230769231,3.212820512820513,3.212820512820513,2.6,1.8292,15,39,38.714285714285715,2,80,0.367164,148.0,1.85,40.0,0.183582,REORDENAR,True
MASS1612,lumpy,B,0.9,0.0,32.55,14.532,18.017999999999997,0.9688,0.9688,5.208,1.7297,24,125,123.85714285714286,13,13,0.013000000000000001,42.77,3.29,1.0,0.001,REORDENAR,True
MASS2096,lumpy,B,0.9,0.0,69.2,38.78571428571428,30.414285714285725,2.585714285714285,2.585714285714285,3.231,1.6319,13,42,41.142857142857146,1,250,0.0882,250.0,1.0,250.0,0.0882,REORDENAR,True
MASS2482,intermittent,B,0.9,205.0,69.0,56.071351481281155,12.928648518718845,4.831999999999999,3.738090098752077,6.25,0.4528,4,25,23.857142857142858,0,0,0.0,0.0,3.7,30.0,0.05,OK,False
MASS2049,lumpy,B,0.9,1.0,69.3,37.08,32.22,2.472,2.472,1.786,1.3919,28,50,48.857142857142854,33,33,1.6500000000000001,33.0,1.0,1.0,0.05,REORDENAR,True
MASS2421,intermittent,B,0.9,7.0,58.64911359999999,58.64911359999999,0.0,4.1066666666666665,3.9099409066666664,10.0,0.0958,3,30,29.428571428571427,7,56,0.35000000000000003,268.8,4.8,8.0,0.05,REORDENAR,True
MASS2082,lumpy,B,0.9,1.0,65.29999999999998,42.99999999999999,22.299999999999997,2.8666666666666663,2.8666666666666663,1.826,1.6813,23,42,41.142857142857146,1,100,0.048384,735.0,7.35,100.0,0.048384,REORDENAR,True
MASS1065,lumpy,B,0.9,0.0,30.299999999999997,12.359154929577464,17.940845070422533,0.823943661971831,0.823943661971831,4.581,0.8753,31,142,141.14285714285714,11,11,0.55,11.0,1.0,1.0,0.05,REORDENAR,True
MASS1544,lumpy,B,0.9,0.0,24.0,14.208,9.792,0.9472,0.9472,3.205,0.9209,39,125,123.85714285714286,1,24,0.05,56.400000000000006,2.35,24.0,0.05,REORDENAR,True
MASS0559,intermittent,B,0.9,0.0,41.89999999999999,11.42762859086334,30.47237140913665,0.9868852459016393,0.7618419060575561,3.697,0.4561,33,122,121.28571428571429,13,13,0.65,13.0,1.0,1.0,0.05,REORDENAR,True
MASS2127,lumpy,B,0.9,12.0,67.93999999999998,38.18749999999999,29.75249999999999,2.545833333333333,2.545833333333333,3.692,0.8452,13,48,47.714285714285715,34,34,0.3036336,391.0,11.5,1.0,0.0089304,REORDENAR,True
MASS0747,intermittent,B,0.9,77.0,26.0,10.734042553191491,15.265957446808509,0.8794326241134752,0.7156028368794327,6.714,0.3726,21,141,140.28571428571428,0,0,0.0,0.0,1.0,1.0,0.05,OK,False
MASS1462,lumpy,B,0.9,0.0,22.400000000000034,11.49999999999999,10.900000000000045,0.7666666666666659,0.7666666666666659,8.769,4.5441,13,114,113.71428571428571,10,10,0.5,10.0,1.0,1.0,0.05,REORDENAR,True
MASS0286,lumpy,B,0.9,0.0,28.999999999999986,12.234042553191488,16.7659574468085,0.8156028368794325,0.8156028368794325,6.13,2.1354,23,141,140.28571428571428,11,11,0.55,11.0,1.0,1.0,0.05,REORDENAR,True
MASS0392,lumpy,B,0.9,0.0,41.0,12.907608695652174,28.092391304347828,0.8605072463768116,0.8605072463768116,7.667,1.2327,18,138,137.42857142857142,12,12,0.6000000000000001,12.0,1.0,1.0,0.05,REORDENAR,True
MASS0949,lumpy,B,0.9,0.0,23.199999999999985,11.425531914893615,11.77446808510637,0.7617021276595743,0.7617021276595743,4.862,2.4048,29,141,140.28571428571428,10,10,0.5,10.0,1.0,1.0,0.05,REORDENAR,True
MASS1714,lumpy,B,0.9,19.0,29.0,15.521739130434783,13.478260869565217,1.0347826086956522,1.0347826086956522,2.255,0.5769,51,115,114.42857142857143,1,40,0.055692,135.2,3.38,40.0,0.055692,REORDENAR,True
MASS1504,lumpy,B,0.9,0.0,24.0,13.533333333333331,10.466666666666669,0.9022222222222221,0.9022222222222221,3.0,0.8664,45,135,134.42857142857142,12,12,0.6000000000000001,12.0,1.0,1.0,0.05,REORDENAR,True
MASS1973,lumpy,B,0.9,0.0,61.8,24.845070422535212,36.95492957746478,1.656338028169014,1.656338028169014,2.84,0.8704,25,71,70.28571428571429,2,40,0.0768,100.0,2.5,20.0,0.0384,REORDENAR,True
MASS2229,lumpy,B,0.9,0.0,50.80000000000001,45.55769230769231,5.242307692307705,3.037179487179487,3.037179487179487,2.167,1.861,18,39,38.714285714285715,1,40,0.183582,74.0,1.85,40.0,0.183582,REORDENAR,True
MASS0663,lumpy,B,0.9,0.0,42.0,12.287999999999993,29.712000000000007,0.8191999999999996,0.8191999999999996,9.615,1.8111,13,125,124.28571428571429,11,11,0.55,11.0,1.0,1.0,0.05,REORDENAR,True
MASS1807,lumpy,B,0.9,35.0,22.69999999999999,12.91176470588235,9.788235294117639,0.86078431372549,0.86078431372549,4.435,3.1107,23,102,101.71428571428571,0,0,0.0,0.0,3.2,40.0,0.102396,OK,False
MASS1332,lumpy,B,0.9,0.0,31.500000000000014,12.282608695652174,19.217391304347842,0.8188405797101449,0.8188405797101449,5.308,0.9655,26,138,137.42857142857142,11,11,0.55,11.0,1.0,1.0,0.05,REORDENAR,True
MASS2418,lumpy,B,0.9,12.0,58.65,58.65,0.0,3.9099999999999997,3.9099999999999997,7.5,0.5778,4,30,29.428571428571427,7,56,0.35000000000000003,268.8,4.8,8.0,0.05,REORDENAR,True
MASS1354,lumpy,B,0.9,0.0,28.19999999999999,9.03169014084507,19.168309859154917,0.602112676056338,0.602112676056338,8.875,3.3754,16,142,141.14285714285714,8,8,0.4,8.0,1.0,1.0,0.05,REORDENAR,True
MASS2398,intermittent,B,0.9,249.0,54.0,47.11653785774665,6.88346214225335,4.035714285714286,3.1411025238497765,3.5,0.4433,8,28,27.142857142857142,0,0,0.0,0.0,4.5,10.0,0.05,OK,False
MASS1507,lumpy,B,0.9,0.0,28.0,13.333333333333332,14.666666666666668,0.8888888888888888,0.8888888888888888,4.355,0.6974,31,135,134.42857142857142,12,12,0.6000000000000001,12.0,1.0,1.0,0.05,REORDENAR,True
MASS2204,lumpy,B,0.9,1.0,102.1,35.43,66.66999999999999,2.362,2.362,2.5,1.1172,20,50,48.857142857142854,31,31,1.55,31.0,1.0,1.0,0.05,REORDENAR,True
MASS1727,intermittent,B,0.9,0.0,41.0,11.623494729907772,29.376505270092228,1.0156521739130435,0.7748996486605182,5.0,0.4741,23,115,114.42857142857143,14,14,0.7000000000000001,14.0,1.0,1.0,0.05,REORDENAR,True
MASS2290,lumpy,B,0.9,0.0,94.0,45.0,49.0,3.0,3.0,3.333,0.5764,12,40,39.285714285714285,39,39,1.9500000000000002,39.0,1.0,1.0,0.05,REORDENAR,True
MASS2291,lumpy,B,0.9,0.0,84.5,41.8125,42.6875,2.7875,2.7875,3.636,0.6457,11,40,39.285714285714285,37,37,1.85,37.0,1.0,1.0,0.05,REORDENAR,True
MASS1505,lumpy,B,0.9,0.0,19.5,12.38888888888889,7.111111111111111,0.825925925925926,0.825925925925926,2.935,1.094,46,135,134.42857142857142,11,11,0.55,11.0,1.0,1.0,0.05,REORDENAR,True
MASS2420,intermittent,B,0.9,13.0,54.08737377303862,54.08737377303862,0.0,3.9066666666666663,3.6058249182025746,10.0,0.154,3,30,29.428571428571427,7,56,0.35000000000000003,268.8,4.8,8.0,0.05,REORDENAR,True
MASS1516,lumpy,B,0.9,0.0,52.000000000000256,13.837209302325581,38.16279069767467,0.9224806201550387,0.9224806201550387,12.9,0.8873,10,129,128.42857142857142,12,12,0.6000000000000001,12.0,1.0,1.0,0.05,REORDENAR,True
MASS2419,intermittent,B,0.9,14.0,53.268069520252794,53.268069520252794,0.0,3.873333333333333,3.5512046346835198,10.0,0.1663,3,30,29.428571428571427,7,56,0.35000000000000003,268.8,4.8,8.0,0.05,REORDENAR,True
MASS2315,erratic,B,0.9,74.0,66.89623557946918,50.25,16.646235579469177,3.35,3.35,1.154,2.2303,26,30,29.714285714285715,0,0,0.0,0.0,1.5,96.0,0.050715,OK,False
MASS1053,lumpy,B,0.9,46.0,20.0,12.631578947368421,7.368421052631579,0.8421052631578947,0.8421052631578947,4.29,1.0236,31,133,132.28571428571428,0,0,0.0,0.0,3.5,80.0,0.0387,OK,False
MASS1632,lumpy,B,0.9,0.0,36.0,9.327731092436975,26.672268907563023,0.6218487394957983,0.6218487394957983,3.839,3.089,31,119,117.85714285714286,1,20,0.055404,81.0,4.05,20.0,0.055404,REORDENAR,True
MASS2614,erratic,B,0.9,123.0,235.5066250936769,214.12499999999997,21.38162509367691,14.274999999999999,14.274999999999999,1.0,0.6692,8,8,7.428571428571429,18,432,1.3737599999999999,1157.76,2.68,24.0,0.07632,REORDENAR,True
MASS1086,lumpy,B,0.9,0.0,45.999999999999986,13.281496062992124,32.71850393700786,0.8854330708661416,0.8854330708661416,15.875,0.7346,8,127,126.14285714285714,12,12,0.6000000000000001,12.0,1.0,1.0,0.05,REORDENAR,True
MASS2417,intermittent,B,0.9,13.0,43.42251635930994,43.42251635930994,0.0,3.81,2.894834423953996,7.5,0.4804,4,30,29.428571428571427,7,56,0.35000000000000003,268.8,4.8,8.0,0.05,REORDENAR,True
MASS1050,lumpy,B,0.9,30.0,26.28,11.851063829787234,14.428936170212769,0.7900709219858156,0.7900709219858156,5.222,0.7202,27,141,140.28571428571428,0,0,0.0,0.0,0.85,150.0,0.0136,OK,False
MASS2191,lumpy,B,0.9,0.0,62.49999999999999,34.99999999999999,27.5,2.333333333333333,2.333333333333333,1.826,1.5385,23,42,41.142857142857146,2,48,0.203202,153.60000000000002,3.2,24.0,0.101601,REORDENAR,True
MASS1824,lumpy,B,0.9,0.0,46.8,17.690217391304348,29.10978260869565,1.1793478260869565,1.1793478260869565,5.75,1.5486,16,92,91.14285714285714,16,16,0.8,16.0,1.0,1.0,0.05,REORDENAR,True
MASS0184,lumpy,B,0.9,0.0,29.0,12.533333333333333,16.46666666666667,0.8355555555555555,0.8355555555555555,15.0,0.5539,9,135,134.57142857142858,11,11,0.55,11.0,1.0,1.0,0.05,REORDENAR,True
MASS2227,lumpy,B,0.9,2.0,50.0,43.69230769230769,6.307692307692307,2.9128205128205127,2.9128205128205127,2.6,2.0262,15,39,38.714285714285715,1,40,0.183582,74.0,1.85,40.0,0.183582,REORDENAR,True
MASS2038,lumpy,B,0.9,1.0,36.0,29.099999999999998,6.900000000000002,1.94,1.94,1.389,1.4325,36,50,48.857142857142854,26,26,1.3,26.0,1.0,1.0,0.05,REORDENAR,True
MASS2335,lumpy,B,0.9,85.0,54.875,54.875,0.0,3.658333333333333,3.658333333333333,1.875,0.6406,16,30,29.571428571428573,0,0,0.0,0.0,10.48,4.0,0.038895375,OK,False
MASS1325,lumpy,B,0.9,0.0,11.735294117647058,11.735294117647058,0.0,0.7823529411764705,0.7823529411764705,45.333,1.9697,3,136,135.28571428571428,11,11,0.55,11.0,1.0,1.0,0.05,REORDENAR,True
MASS0149,lumpy,B,0.9,0.0,24.299999999999997,14.034782608695652,10.265217391304345,0.9356521739130435,0.9356521739130435,4.107,0.95,28,115,114.42857142857143,1,40,0.08096,272.0,6.8,40.0,0.08096,REORDENAR,True
MASS2234,lumpy,B,0.9,32.0,46.48000000000002,42.92307692307693,3.556923076923094,2.8615384615384616,2.8615384615384616,1.696,1.667,23,39,38.714285714285715,1,40,0.023896,456.0,11.4,40.0,0.023896,REORDENAR,True
MASS2399,lumpy,B,0.9,256.0,83.19999999999999,54.310344827586206,28.889655172413782,3.6206896551724137,3.6206896551724137,3.222,0.7375,9,29,28.142857142857142,0,0,0.0,0.0,4.5,10.0,0.05,OK,False
MASS1816,lumpy,B,0.9,0.0,17.445652173913043,17.445652173913043,0.0,1.1630434782608696,1.1630434782608696,8.364,1.5599,11,92,91.14285714285714,16,16,0.8,16.0,1.0,1.0,0.05,REORDENAR,True
MASS2422,intermittent,B,0.9,18.0,48.89220769050042,48.89220769050042,0.0,3.706666666666666,3.259480512700028,10.0,0.2413,3,30,29.428571428571427,7,56,0.35000000000000003,268.8,4.8,8.0,0.05,REORDENAR,True
MASS1047,lumpy,B,0.9,9.0,31.400000000000034,11.914893617021278,19.485106382978756,0.7943262411347518,0.7943262411347518,4.7,0.6401,30,141,140.28571428571428,1,150,0.0136,127.5,0.85,150.0,0.0136,REORDENAR,True
MASS1930,lumpy,B,0.9,50.0,26.999999999999996,21.16901408450704,5.830985915492956,1.4112676056338027,1.4112676056338027,2.448,1.9238,29,71,70.28571428571429,0,0,0.0,0.0,0.35,100.0,0.03666,OK,False
MASS1897,lumpy,B,0.9,0.0,34.99999999999999,21.0,13.999999999999993,1.4,1.4,1.919,1.349,37,71,69.85714285714286,4,24,0.545688,336.0,14.0,6.0,0.136422,REORDENAR,True
MASS0812,lumpy,B,0.9,0.0,47.0,13.44,33.56,0.896,0.896,8.929,0.4928,14,125,123.85714285714286,1,100,0.067424,980.0000000000001,9.8,100.0,0.067424,REORDENAR,True
MASS1614,lumpy,B,0.9,71.0,20.0,11.88,8.12,0.792,0.792,3.571,1.3379,35,125,123.85714285714286,0,0,0.0,0.0,3.75,1.0,0.001269,OK,False
MASS1329,lumpy,B,0.9,0.0,20.0,10.94565217391304,9.05434782608696,0.7297101449275359,0.7297101449275359,4.6,1.2317,30,138,137.42857142857142,10,10,0.5,10.0,1.0,1.0,0.05,REORDENAR,True
MASS1503,lumpy,B,0.9,0.0,20.0,12.444444444444445,7.555555555555555,0.8296296296296296,0.8296296296296296,3.293,0.9784,41,135,134.42857142857142,11,11,0.55,11.0,1.0,1.0,0.05,REORDENAR,True
MASS2456,erratic,B,0.9,15.0,70.9670452402952,54.0,16.967045240295207,3.6,3.6,1.19,2.0016,21,25,23.857142857142858,5,100,0.441,1550.0,15.5,20.0,0.0882,REORDENAR,True
MASS1668,lumpy,B,0.9,0.0,26.60000000000001,13.109243697478991,13.490756302521017,0.8739495798319328,0.8739495798319328,3.839,1.3092,31,119,117.85714285714286,12,12,0.6000000000000001,12.0,1.0,1.0,0.05,REORDENAR,True
MASS0183,lumpy,B,0.9,0.0,48.0,11.933333333333332,36.06666666666667,0.7955555555555555,0.7955555555555555,13.5,1.1283,10,135,134.57142857142858,11,11,0.55,11.0,1.0,1.0,0.05,REORDENAR,True
MASS1619,lumpy,B,0.9,0.0,25.0,13.152,11.848,0.8767999999999999,0.8767999999999999,3.571,0.6111,35,125,123.85714285714286,1,24,0.05,56.400000000000006,2.35,24.0,0.05,REORDENAR,True
MASS2036,lumpy,B,0.9,26.0,44.4,32.04,12.36,2.136,2.136,1.562,1.452,32,50,48.857142857142854,28,28,1.4000000000000001,28.0,1.0,1.0,0.05,REORDENAR,True
MASS1901,lumpy,B,0.9,95.0,21.410958904109584,21.410958904109584,0.0,1.4273972602739724,1.4273972602739724,2.433,1.4365,30,73,71.85714285714286,0,0,0.0,0.0,2.45,20.0,0.101376,OK,False
MASS1713,lumpy,B,0.9,1.0,30.0,12.88695652173913,17.11304347826087,0.8591304347826086,0.8591304347826086,3.485,1.2075,33,115,114.42857142857143,1,40,0.055692,135.2,3.38,40.0,0.055692,REORDENAR,True
MASS1360,lumpy,B,0.9,1.0,33.8,11.492957746478872,22.307042253521125,0.7661971830985915,0.7661971830985915,10.923,0.7044,13,142,141.28571428571428,10,10,0.5,10.0,1.0,1.0,0.05,REORDENAR,True
MASS2359,lumpy,B,0.9,1.0,54.15,54.15,0.0,3.61,3.61,1.667,0.5604,18,30,29.571428571428573,3,60,0.305406,208.8,3.48,20.0,0.101802,REORDENAR,True
MASS2199,lumpy,B,0.9,3.0,35.800000000000004,23.249999999999996,12.550000000000008,1.5499999999999998,1.5499999999999998,1.909,3.8036,22,42,41.142857142857146,3,30,0.07875,97.5,3.25,10.0,0.02625,REORDENAR,True
MASS1893,lumpy,B,0.9,0.0,39.5,22.711267605633804,16.788732394366196,1.5140845070422535,1.5140845070422535,4.438,1.2963,16,71,69.85714285714286,20,20,1.0,20.0,1.0,1.0,0.05,REORDENAR,True
MASS0151,lumpy,B,0.9,0.0,33.35000000000001,10.877659574468083,22.472340425531925,0.7251773049645389,0.7251773049645389,14.1,1.2166,10,141,140.28571428571428,10,10,0.5,10.0,1.0,1.0,0.05,REORDENAR,True
MASS1604,lumpy,B,0.9,0.0,29.0,11.957999999999997,17.042,0.7971999999999998,0.7971999999999998,6.944,0.8293,18,125,123.85714285714286,2,20,0.1,102.4,5.12,10.0,0.05,REORDENAR,True
MASS2462,lumpy,B,0.9,0.0,72.0,54.899999999999984,17.100000000000016,3.659999999999999,3.659999999999999,1.667,1.2726,15,25,23.857142857142858,48,48,1.14777,432.0,9.0,1.0,0.023911875,REORDENAR,True
MASS1309,lumpy,B,0.9,0.0,43.0,13.325431034482756,29.674568965517246,0.8883620689655171,0.8883620689655171,6.444,0.8966,18,116,115.28571428571429,1,100,0.293112,170.0,1.7,100.0,0.293112,REORDENAR,True
MASS1509,lumpy,B,0.9,4.0,18.0,11.777777777777779,6.222222222222221,0.7851851851851852,0.7851851851851852,3.068,1.0951,44,135,134.42857142857142,11,11,0.55,11.0,1.0,1.0,0.05,REORDENAR,True
MASS1024,lumpy,B,0.9,0.0,12.605042016806722,12.605042016806722,0.0,0.8403361344537815,0.8403361344537815,19.833,1.524,6,119,118.14285714285714,11,11,0.55,11.0,1.0,1.0,0.05,REORDENAR,True
MASS2182,lumpy,B,0.9,0.0,89.8,36.13953488372093,53.66046511627907,2.409302325581395,2.409302325581395,3.583,0.6173,12,43,42.142857142857146,1,80,0.014,80.0,1.0,80.0,0.014,REORDENAR,True
MASS0363,lumpy,B,0.9,43.0,37.599999999999994,22.478873239436616,15.121126760563378,1.4985915492957744,1.4985915492957744,1.919,0.811,37,71,70.28571428571429,0,0,0.0,0.0,3.03,50.0,0.02448,OK,False
MASS1276,lumpy,B,0.9,0.0,46.0,12.636,33.364000000000004,0.8423999999999999,0.8423999999999999,6.944,0.491,18,125,123.85714285714286,2,14,0.27692,399.0,28.5,7.0,0.13846,REORDENAR,True
MASS1669,lumpy,B,0.9,178.0,23.0,11.218487394957982,11.781512605042018,0.7478991596638656,0.7478991596638656,10.818,1.8941,11,119,117.85714285714286,0,0,0.0,0.0,1.0,1.0,0.05,OK,False
MASS1855,lumpy,B,0.9,0.0,16.076086956521735,16.076086956521735,0.0,1.0717391304347823,1.0717391304347823,13.143,1.3349,7,92,91.14285714285714,14,14,0.7000000000000001,14.0,1.0,1.0,0.05,REORDENAR,True
MASS1978,intermittent,B,0.9,2.0,53.0,17.44720409249824,35.55279590750176,1.4657534246575343,1.1631469394998826,2.704,0.4129,27,73,71.85714285714286,1,20,0.045279,66.0,3.3,20.0,0.045279,REORDENAR,True
MASS1892,lumpy,B,0.9,0.0,45.19999999999995,18.422535211267597,26.777464788732356,1.2281690140845065,1.2281690140845065,5.462,3.0338,13,71,69.85714285714286,16,16,0.8,16.0,1.0,1.0,0.05,REORDENAR,True
MASS1400,lumpy,B,0.9,0.0,34.70000000000006,10.16977611940298,24.530223880597077,0.6779850746268654,0.6779850746268654,7.444,1.3733,18,134,133.57142857142858,9,9,0.45,9.0,1.0,1.0,0.05,REORDENAR,True
MASS0632,lumpy,B,0.9,0.0,32.0,12.36328125,19.63671875,0.82421875,0.82421875,11.636,0.499,11,128,127.14285714285714,11,11,0.55,11.0,1.0,1.0,0.05,REORDENAR,True
MASS2708,smooth,B,0.9,193.0,407.80329862717645,383.99999999999994,23.803298627176517,25.599999999999998,25.599999999999998,1.0,0.2435,4,4,3.4285714285714284,10,600,1.03936,1560.0,2.6,60.0,0.103936,REORDENAR,True
MASS2179,lumpy,B,0.9,1.0,44.599999999999994,36.27906976744186,8.320930232558137,2.4186046511627906,2.4186046511627906,1.654,1.116,26,43,42.142857142857146,1,80,0.035,80.0,1.0,80.0,0.035,REORDENAR,True
MASS0988,lumpy,B,0.9,0.0,34.80000000000007,12.126050420168065,22.673949579832005,0.8084033613445377,0.8084033613445377,9.917,0.8196,12,119,118.14285714285714,11,11,0.55,11.0,1.0,1.0,0.05,REORDENAR,True
MASS1926,lumpy,B,0.9,34.0,24.400000000000006,18.6,5.800000000000004,1.2400000000000002,1.2400000000000002,1.795,1.4606,39,70,69.71428571428571,0,0,0.0,0.0,1.2,100.0,0.096,OK,False
MASS1319,lumpy,B,0.9,0.0,9.946808510638299,9.946808510638299,0.0,0.6631205673758865,0.6631205673758865,23.5,2.1783,6,141,140.42857142857142,9,9,0.45,9.0,1.0,1.0,0.05,REORDENAR,True
MASS0980,lumpy,B,0.9,4.0,33.0,13.461538461538462,19.53846153846154,0.8974358974358975,0.8974358974358975,4.034,0.825,29,117,115.85714285714286,12,12,0.6000000000000001,12.0,1.0,1.0,0.05,REORDENAR,True
MASS2064,lumpy,B,0.9,44.0,36.75,27.6,9.149999999999999,1.84,1.84,1.613,1.509,31,50,48.857142857142854,0,0,0.0,0.0,2.5,72.0,0.0247,OK,False
MASS2292,intermittent,B,0.9,0.0,81.0,32.21590909090909,48.78409090909091,2.625,2.147727272727273,3.333,0.3636,12,40,39.285714285714285,35,35,1.75,35.0,1.0,1.0,0.05,REORDENAR,True
MASS2423,intermittent,B,0.9,27.0,49.166666666666664,49.166666666666664,0.0,3.6875,3.2777777777777777,14.0,0.2222,2,28,27.285714285714285,6,48,0.30000000000000004,230.39999999999998,4.8,8.0,0.05,REORDENAR,True
MASS2431,lumpy,B,0.9,48.0,52.5,52.5,0.0,3.5,3.5,3.333,0.8081,9,30,29.571428571428573,46,46,1.17852,566.72,12.32,1.0,0.02562,REORDENAR,True
MASS1521,lumpy,B,0.9,0.0,11.735999999999999,11.735999999999999,0.0,0.7823999999999999,0.7823999999999999,17.857,0.8859,7,125,123.85714285714286,1,25,0.048509375,50.0,2.0,25.0,0.048509375,REORDENAR,True
MASS1323,intermittent,B,0.9,0.0,24.500000000000085,9.017516407389403,15.482483592610684,0.7621323529411765,0.6011677604926269,13.6,0.4224,10,136,135.57142857142858,10,10,0.5,10.0,1.0,1.0,0.05,REORDENAR,True
MASS0737,lumpy,B,0.9,2.0,34.1,33.81818181818181,0.2818181818181884,2.2545454545454544,2.2545454545454544,2.588,1.3278,17,44,43.714285714285715,30,30,1.5,30.0,1.0,1.0,0.05,REORDENAR,True
MASS2464,lumpy,B,0.9,216.0,64.0,62.04,1.9600000000000009,4.136,4.136,3.571,0.6198,7,25,23.857142857142858,0,0,0.0,0.0,3.9,8.0,0.05,OK,False
MASS0622,lumpy,B,0.9,1.0,20.099999999999998,13.117021276595743,6.982978723404255,0.8744680851063829,0.8744680851063829,3.481,2.176,27,94,93.57142857142857,12,12,0.6000000000000001,12.0,1.0,1.0,0.05,REORDENAR,True
MASS2001,lumpy,B,0.9,0.0,47.8,20.87671232876712,26.923287671232877,1.391780821917808,1.391780821917808,2.92,0.8941,25,73,71.85714285714286,19,19,0.9500000000000001,19.0,1.0,1.0,0.05,REORDENAR,True
MASS0181,lumpy,B,0.9,0.0,48.0,11.244444444444444,36.75555555555556,0.7496296296296295,0.7496296296296295,16.875,0.9154,8,135,134.57142857142858,10,10,0.5,10.0,1.0,1.0,0.05,REORDENAR,True
MASS1399,lumpy,B,0.9,0.0,48.0,11.171641791044776,36.82835820895522,0.744776119402985,0.744776119402985,14.889,0.926,9,134,133.57142857142858,10,10,0.5,10.0,1.0,1.0,0.05,REORDENAR,True
MASS2002,lumpy,B,0.9,0.0,34.0,20.291095890410958,13.708904109589042,1.3527397260273972,1.3527397260273972,4.056,1.2245,18,73,71.85714285714286,18,18,0.9,18.0,1.0,1.0,0.05,REORDENAR,True
MASS1046,lumpy,B,0.9,20.0,29.200000000000003,10.914893617021276,18.285106382978725,0.727659574468085,0.727659574468085,5.64,0.5907,25,141,140.28571428571428,1,150,0.0136,127.5,0.85,150.0,0.0136,REORDENAR,True
MASS1884,lumpy,B,0.9,0.0,26.5,18.591549295774648,7.908450704225352,1.2394366197183098,1.2394366197183098,2.29,1.6004,31,71,69.85714285714286,17,17,0.8500000000000001,17.0,1.0,1.0,0.05,REORDENAR,True
MASS3025,lumpy,B,0.9,97.0,95.0,89.8125,5.187499999999997,5.9875,5.9875,1.778,1.3802,9,16,15.142857142857142,0,0,0.0,0.0,5.77,10.0,0.05,OK,False
MASS1673,lumpy,B,0.9,0.0,27.0,11.470588235294116,15.529411764705884,0.7647058823529411,0.7647058823529411,7.438,1.4542,16,119,117.85714285714286,10,10,0.5,10.0,1.0,1.0,0.05,REORDENAR,True
MASS1611,lumpy,B,0.9,17.0,30.0,11.916,18.084,0.7944,0.7944,6.579,1.115,19,125,123.85714285714286,11,11,0.011,36.19,3.29,1.0,0.001,REORDENAR,True
MASS1716,lumpy,B,0.9,0.0,34.0,13.043478260869565,20.956521739130437,0.8695652173913043,0.8695652173913043,4.6,0.8006,25,115,114.42857142857143,1,50,0.042999375,375.0,7.5,50.0,0.042999375,REORDENAR,True
MASS2378,lumpy,B,0.9,79.0,56.8,51.310344827586206,5.489655172413787,3.4206896551724135,3.4206896551724135,1.933,0.5444,15,29,28.428571428571427,0,0,0.0,0.0,3.18,60.0,0.09991,OK,False
MASS1633,lumpy,B,0.9,0.0,30.799999999999997,9.907563025210084,20.892436974789913,0.6605042016806723,0.6605042016806723,4.407,1.8611,27,119,117.85714285714286,1,20,0.055404,81.0,4.05,20.0,0.055404,REORDENAR,True
MASS1882,lumpy,B,0.9,0.0,43.099999999999994,19.90140845070422,23.198591549295774,1.3267605633802815,1.3267605633802815,2.367,1.6325,30,71,69.85714285714286,18,18,0.9,18.0,1.0,1.0,0.05,REORDENAR,True
MASS1914,lumpy,B,0.9,22.0,22.4,18.82394366197183,3.5760563380281702,1.2549295774647886,1.2549295774647886,2.219,1.6538,32,71,69.85714285714286,1,60,0.1081235,99.0,1.65,60.0,0.1081235,REORDENAR,True
MASS2092,lumpy,B,0.9,0.0,55.95,34.25000000000001,21.699999999999996,2.2833333333333337,2.2833333333333337,1.909,0.9328,22,42,41.142857142857146,1,200,0.11628,130.0,0.65,200.0,0.11628,REORDENAR,True
MASS1552,lumpy,B,0.9,55.0,29.0,11.34,17.66,0.756,0.756,7.812,2.0206,16,125,123.85714285714286,0,0,0.0,0.0,2.1,48.0,0.18772,OK,False
MASS1883,lumpy,B,0.9,0.0,33.4,19.225352112676056,14.174647887323943,1.2816901408450705,1.2816901408450705,2.29,1.504,31,71,69.85714285714286,17,17,0.8500000000000001,17.0,1.0,1.0,0.05,REORDENAR,True
MASS0633,lumpy,B,0.9,34.0,22.0,13.071428571428571,8.928571428571429,0.8714285714285714,0.8714285714285714,2.917,2.271,36,105,104.28571428571429,0,0,0.0,0.0,1.0,1.0,0.05,OK,False
MASS2582,intermittent,B,0.9,2.0,95.88,71.41077300799387,24.469226992006128,5.844117647058823,4.760718200532924,1.417,0.3708,12,17,16.714285714285715,76,76,1.53216,1584.6000000000001,20.85,1.0,0.02016,REORDENAR,True
MASS1498,lumpy,B,0.9,0.0,21.0,9.933333333333332,11.066666666666668,0.6622222222222222,0.6622222222222222,4.655,1.364,29,135,134.57142857142858,9,9,0.45,9.0,1.0,1.0,0.05,REORDENAR,True
MASS1911,lumpy,B,0.9,51.0,33.44999999999999,18.23239436619718,15.217605633802808,1.2154929577464786,1.2154929577464786,2.367,2.0628,30,71,69.85714285714286,0,0,0.0,0.0,1.45,150.0,0.104832,OK,False
MASS1460,lumpy,B,0.9,0.0,38.84000000000001,10.402877697841726,28.437122302158283,0.6935251798561151,0.6935251798561151,19.857,1.267,7,139,138.14285714285714,1,200,0.04536,104.0,0.52,200.0,0.04536,REORDENAR,True
MASS0210,lumpy,B,0.9,60.0,36.0,19.626760563380284,16.373239436619716,1.3084507042253521,1.3084507042253521,3.227,0.7639,22,71,70.28571428571429,0,0,0.0,0.0,6.0,50.0,0.068145,OK,False
MASS1943,lumpy,B,0.9,22.0,30.799999999999997,20.704225352112676,10.095774647887321,1.380281690140845,1.380281690140845,2.29,1.0296,31,71,70.28571428571429,1,150,0.05828,720.0,4.8,150.0,0.05828,REORDENAR,True
MASS1964,lumpy,B,0.9,0.0,42.449999999999996,19.00684931506849,23.443150684931506,1.2671232876712326,1.2671232876712326,2.607,0.8678,28,73,72.57142857142857,17,17,0.064515,100.30000000000001,5.9,1.0,0.003795,REORDENAR,True
MASS1737,lumpy,B,0.9,0.0,12.717672413793103,12.717672413793103,0.0,0.8478448275862068,0.8478448275862068,29.0,0.8651,4,116,115.28571428571429,12,12,0.6000000000000001,12.0,1.0,1.0,0.05,REORDENAR,True
MASS1868,lumpy,B,0.9,1.0,24.499999999999993,14.890243902439021,9.609756097560972,0.9926829268292681,0.9926829268292681,3.565,2.696,23,82,80.85714285714286,13,13,0.65,13.0,1.0,1.0,0.05,REORDENAR,True
MASS1634,lumpy,B,0.9,0.0,26.60000000000001,8.949579831932773,17.650420168067235,0.5966386554621849,0.5966386554621849,3.839,2.334,31,119,117.85714285714286,1,20,0.055404,81.0,4.05,20.0,0.055404,REORDENAR,True
MASS1149,lumpy,B,0.9,2.0,27.200000000000017,9.73404255319149,17.465957446808527,0.648936170212766,0.648936170212766,8.812,0.9937,16,141,140.28571428571428,1,100,0.0175,70.0,0.7,100.0,0.0175,REORDENAR,True
MASS1890,lumpy,B,0.9,1.0,35.0,20.915492957746476,14.084507042253524,1.3943661971830985,1.3943661971830985,4.733,0.8225,15,71,69.85714285714286,2,24,0.0252,7.4399999999999995,0.31,12.0,0.0126,REORDENAR,True
MASS2604,erratic,B,0.9,0.0,127.38075899694343,112.96153846153847,14.419220535404968,7.5307692307692315,7.5307692307692315,1.083,0.5907,12,13,12.571428571428571,142,142,7.1000000000000005,1242.5,8.75,1.0,0.05,REORDENAR,True
MASS1717,intermittent,B,0.9,0.0,25.0,9.631878159150885,15.368121840849115,0.8460869565217392,0.642125210610059,3.026,0.4821,38,115,114.42857142857143,1,40,0.044928,220.0,5.5,40.0,0.044928,REORDENAR,True
MASS2415,lumpy,B,0.9,29.0,48.599999999999994,48.599999999999994,0.0,3.2399999999999998,3.2399999999999998,10.0,0.6143,3,30,29.428571428571427,6,48,0.30000000000000004,230.39999999999998,4.8,8.0,0.05,REORDENAR,True
MASS1558,lumpy,B,0.9,0.0,24.0,10.992,13.008,0.7328,0.7328,4.464,1.2768,28,125,123.85714285714286,2,18,0.244224,168.29999999999998,9.35,9.0,0.122112,REORDENAR,True
MASS0917,lumpy,B,0.9,137.0,26.25,8.510869565217392,17.73913043478261,0.5673913043478261,0.5673913043478261,7.188,5.344,16,115,114.14285714285714,0,0,0.0,0.0,1.0,1.0,0.05,OK,False
MASS2044,lumpy,B,0.9,23.0,39.5,28.74,10.760000000000002,1.916,1.916,2.941,1.0771,17,50,48.857142857142854,1,40,0.09885375,232.0,5.8,40.0,0.09885375,REORDENAR,True
MASS1216,lumpy,B,0.9,0.0,19.0,10.76086956521739,8.23913043478261,0.717391304347826,0.717391304347826,13.8,1.2027,10,138,137.42857142857142,10,10,0.5,10.0,1.0,1.0,0.05,REORDENAR,True
MASS2374,erratic,B,0.9,89.0,58.45803470639012,43.099999999999994,15.358034706390132,2.873333333333333,2.873333333333333,1.304,1.4082,23,30,29.428571428571427,0,0,0.0,0.0,3.25,100.0,0.06122025,OK,False
MASS2314,lumpy,B,0.9,0.0,55.83999999999999,44.12903225806451,11.71096774193548,2.9419354838709673,2.9419354838709673,1.348,0.9275,23,31,30.285714285714285,1,100,0.027692,65.0,0.65,100.0,0.027692,REORDENAR,True
MASS1646,lumpy,B,0.9,0.0,28.699999999999996,11.999999999999996,16.7,0.7999999999999998,0.7999999999999998,4.958,1.173,24,119,117.85714285714286,11,11,0.55,11.0,1.0,1.0,0.05,REORDENAR,True
MASS2050,lumpy,B,0.9,1.0,58.0,29.4,28.6,1.96,1.96,2.632,1.091,19,50,48.857142857142854,26,26,1.3,26.0,1.0,1.0,0.05,REORDENAR,True
MASS2099,lumpy,B,0.9,33.0,24.885,24.249999999999996,0.6350000000000043,1.6166666666666665,1.6166666666666665,1.5,3.3853,28,42,41.142857142857146,0,0,0.0,0.0,3.7,80.0,0.105096,OK,False
MASS1398,lumpy,B,0.9,0.0,20.200000000000102,10.273381294964027,9.926618705036075,0.6848920863309351,0.6848920863309351,19.857,0.6101,7,139,138.14285714285714,9,9,0.45,9.0,1.0,1.0,0.05,REORDENAR,True
MASS1672,lumpy,B,0.9,1.0,33.0,11.57142857142857,21.42857142857143,0.7714285714285712,0.7714285714285712,9.154,1.2608,13,119,118.14285714285714,11,11,0.55,11.0,1.0,1.0,0.05,REORDENAR,True
MASS1765,lumpy,B,0.9,0.0,13.700000000000003,10.487288135593218,3.212711864406785,0.6991525423728812,0.6991525423728812,11.8,2.5854,10,118,117.28571428571429,10,10,0.5,10.0,1.0,1.0,0.05,REORDENAR,True
MASS2438,erratic,B,0.9,2.0,53.00076076371474,42.5,10.50076076371474,2.8333333333333335,2.8333333333333335,1.25,0.8478,24,30,29.571428571428573,137,137,6.8500000000000005,137.0,1.0,1.0,0.05,REORDENAR,True
MASS2589,erratic,B,0.9,43.0,85.76119410397081,72.13235294117646,13.628841162794345,4.8088235294117645,4.8088235294117645,1.062,1.0222,16,17,16.714285714285715,23,230,2.06601525,575.0,2.5,10.0,0.08982675,REORDENAR,True
MASS1891,lumpy,B,0.9,3.0,31.0,19.922535211267604,11.077464788732396,1.328169014084507,1.328169014084507,4.733,1.2382,15,71,69.85714285714286,18,18,0.9,18.0,1.0,1.0,0.05,REORDENAR,True
MASS0788,lumpy,B,0.9,154.0,28.799999999999997,17.383561643835616,11.416438356164381,1.158904109589041,1.158904109589041,3.174,1.1419,23,73,71.85714285714286,0,0,0.0,0.0,0.68,200.0,0.11628,OK,False
MASS0805,lumpy,B,0.9,0.0,30.799999999999997,11.641025641025639,19.15897435897436,0.776068376068376,0.776068376068376,29.25,1.2083,4,117,116.57142857142857,11,11,0.55,11.0,1.0,1.0,0.05,REORDENAR,True
MASS2688,lumpy,B,0.9,85.0,169.40625,169.40625,0.0,11.29375,11.29375,4.0,1.9167,2,8,7.571428571428571,147,147,7.3500000000000005,147.0,1.0,1.0,0.05,REORDENAR,True
MASS1701,lumpy,B,0.9,0.0,20.0,11.504347826086954,8.495652173913046,0.7669565217391303,0.7669565217391303,3.833,1.0322,30,115,114.42857142857143,10,10,0.5,10.0,1.0,1.0,0.05,REORDENAR,True
MASS2102,lumpy,B,0.9,3.0,38.95,26.607142857142854,12.342857142857149,1.7738095238095237,1.7738095238095237,1.615,3.3422,26,42,41.142857142857146,1,100,0.030336,695.0,6.95,100.0,0.030336,REORDENAR,True
MASS2021,intermittent,B,0.9,0.0,59.5,22.167089180624718,37.332910819375286,1.82,1.4778059453749812,1.786,0.376,28,50,48.857142857142854,24,24,1.2000000000000002,24.0,1.0,1.0,0.05,REORDENAR,True
MASS1995,lumpy,B,0.9,0.0,55.0,17.67123287671233,37.32876712328767,1.178082191780822,1.178082191780822,3.318,2.119,22,73,71.85714285714286,16,16,0.8,16.0,1.0,1.0,0.05,REORDENAR,True
MASS2074,lumpy,B,0.9,177.0,24.107142857142858,24.107142857142858,0.0,1.6071428571428572,1.6071428571428572,3.818,5.1417,11,42,41.142857142857146,0,0,0.0,0.0,8.0,54.0,0.064974,OK,False
MASS2310,erratic,B,0.9,0.0,49.289561450864326,35.849999999999994,13.439561450864332,2.3899999999999997,2.3899999999999997,1.25,2.0629,24,30,29.571428571428573,5,480,0.21658,240.0,0.5,96.0,0.043316,REORDENAR,True
MASS1501,lumpy,B,0.9,0.0,20.0,7.172222222222225,12.827777777777776,0.4781481481481483,0.4781481481481483,6.75,3.7745,20,135,134.57142857142858,7,7,0.35000000000000003,7.0,1.0,1.0,0.05,REORDENAR,True
MASS0692,lumpy,B,0.9,0.0,33.0,11.843478260869565,21.156521739130433,0.7895652173913044,0.7895652173913044,6.765,0.6424,17,115,114.42857142857143,11,11,0.55,11.0,1.0,1.0,0.05,REORDENAR,True
MASS2358,lumpy,B,0.9,11.0,47.0,47.0,0.0,3.1333333333333333,3.1333333333333333,1.429,0.4922,21,30,29.571428571428573,3,60,0.305406,208.8,3.48,20.0,0.101802,REORDENAR,True
MASS2196,lumpy,B,0.9,320.0,37.64,33.14634146341463,4.4936585365853725,2.2097560975609754,2.2097560975609754,1.464,0.7178,28,41,39.857142857142854,0,0,0.0,0.0,0.8,100.0,0.05,OK,False
MASS1138,lumpy,B,0.9,0.0,45.599999999999994,17.640845070422536,27.95915492957746,1.176056338028169,1.176056338028169,3.55,1.5932,20,71,69.85714285714286,1,100,0.088407,580.0,5.8,100.0,0.088407,REORDENAR,True
MASS2242,erratic,B,0.9,1.0,40.510072720283056,31.19999999999999,9.310072720283067,2.079999999999999,2.079999999999999,1.176,1.1239,34,40,39.285714285714285,2,200,0.1008,509.99999999999994,2.55,100.0,0.0504,REORDENAR,True
MASS2028,lumpy,B,0.9,0.0,40.05,25.83,14.219999999999999,1.722,1.722,1.667,1.079,30,50,48.857142857142854,23,23,1.1500000000000001,23.0,1.0,1.0,0.05,REORDENAR,True
MASS1105,intermittent,B,0.9,0.0,8.607456771536741,8.607456771536741,0.0,0.651063829787234,0.5738304514357827,47.0,0.2373,3,141,140.42857142857142,9,9,0.45,9.0,1.0,1.0,0.05,REORDENAR,True
MASS0827,lumpy,B,0.9,0.0,39.70000000000002,15.082417582417582,24.617582417582433,1.0054945054945055,1.0054945054945055,5.688,0.652,16,91,90.42857142857143,14,14,0.7000000000000001,14.0,1.0,1.0,0.05,REORDENAR,True
MASS2203,lumpy,B,0.9,0.0,68.2,26.76,41.44,1.784,1.784,2.5,0.6732,20,50,48.857142857142854,24,24,1.2000000000000002,24.0,1.0,1.0,0.05,REORDENAR,True
MASS1401,lumpy,B,0.9,9.0,16.0,9.134328358208954,6.865671641791046,0.608955223880597,0.608955223880597,9.571,1.3706,14,134,133.57142857142858,8,8,0.4,8.0,1.0,1.0,0.05,REORDENAR,True
MASS1894,lumpy,B,0.9,0.0,41.79999999999999,19.056338028169012,22.743661971830978,1.2704225352112675,1.2704225352112675,3.737,1.5651,19,71,69.85714285714286,17,17,0.8500000000000001,17.0,1.0,1.0,0.05,REORDENAR,True
MASS0908,intermittent,B,0.9,0.0,20.0,7.622823070425935,12.377176929574066,0.6471631205673759,0.5081882046950623,8.812,0.4295,16,141,140.28571428571428,9,9,0.45,9.0,1.0,1.0,0.05,REORDENAR,True
MASS3035,lumpy,B,0.9,229.0,106.875,106.875,0.0,7.125,7.125,4.0,1.1589,3,12,11.714285714285714,0,0,0.0,0.0,5.3,16.0,0.05,OK,False
MASS1471,lumpy,B,0.9,1.0,14.200000000000017,8.723404255319148,5.4765957446808695,0.5815602836879432,0.5815602836879432,5.423,1.7586,26,141,140.28571428571428,8,8,0.4,8.0,1.0,1.0,0.05,REORDENAR,True
MASS2103,lumpy,B,0.9,76.0,38.45,28.75,9.700000000000003,1.9166666666666667,1.9166666666666667,1.615,2.4245,26,42,41.142857142857146,0,0,0.0,0.0,6.95,100.0,0.030336,OK,False
MASS2611,erratic,B,0.9,85.0,175.50906125142401,156.18749999999997,19.321561251424043,10.412499999999998,10.412499999999998,1.0,1.2806,8,8,7.428571428571429,5,300,0.24864,1275.0,4.25,60.0,0.049728,REORDENAR,True
MASS2307,lumpy,B,0.9,33.0,42.949999999999996,42.949999999999996,0.0,2.863333333333333,2.863333333333333,1.667,1.4993,18,30,29.285714285714285,38,38,5.251125,950.0,25.0,1.0,0.1381875,REORDENAR,True
MASS0383,lumpy,B,0.9,0.0,25.0,9.456521739130435,15.543478260869565,0.6304347826086957,0.6304347826086957,8.118,1.6662,17,138,137.42857142857142,9,9,0.45,9.0,1.0,1.0,0.05,REORDENAR,True
MASS2400,lumpy,B,0.9,289.0,45.535714285714285,45.535714285714285,0.0,3.0357142857142856,3.0357142857142856,4.667,0.528,6,28,27.142857142857142,0,0,0.0,0.0,4.5,10.0,0.05,OK,False
MASS1500,lumpy,B,0.9,0.0,18.0,6.599999999999992,11.40000000000001,0.43999999999999945,0.43999999999999945,7.105,3.8321,19,135,134.57142857142858,6,6,0.30000000000000004,6.0,1.0,1.0,0.05,REORDENAR,True
MASS0695,lumpy,B,0.9,0.0,28.39999999999999,9.9390243902439,18.460975609756094,0.6626016260162599,0.6626016260162599,5.125,1.3867,24,123,122.71428571428571,1,50,0.075,140.0,2.8,50.0,0.075,REORDENAR,True
MASS2186,lumpy,B,0.9,0.0,51.6,31.857142857142858,19.742857142857144,2.123809523809524,2.123809523809524,2.471,1.6313,17,42,41.142857142857146,4,32,0.21318,153.6,4.8,8.0,0.053295,REORDENAR,True
MASS2147,intermittent,B,0.9,310.0,30.0,24.08163265306122,5.91836734693878,1.8061224489795917,1.605442176870748,24.5,0.2222,2,49,48.57142857142857,0,0,0.0,0.0,0.85,50.0,0.0625,OK,False
MASS1872,lumpy,B,0.9,0.0,40.14999999999999,12.83231707317073,27.317682926829264,0.8554878048780487,0.8554878048780487,5.857,2.2968,14,82,80.85714285714286,12,12,0.6000000000000001,12.0,1.0,1.0,0.05,REORDENAR,True
MASS1316,lumpy,B,0.9,0.0,37.0,11.426086956521738,25.573913043478264,0.7617391304347826,0.7617391304347826,7.667,0.9514,15,115,114.42857142857143,10,10,0.5,10.0,1.0,1.0,0.05,REORDENAR,True
MASS1404,lumpy,B,0.9,0.0,8.891304347826086,8.891304347826086,0.0,0.5927536231884057,0.5927536231884057,46.0,2.1728,3,138,137.42857142857142,8,8,0.4,8.0,1.0,1.0,0.05,REORDENAR,True
MASS0390,lumpy,B,0.9,31.0,48.04,30.837209302325586,17.202790697674413,2.0558139534883724,2.0558139534883724,1.593,0.9261,27,43,42.142857142857146,1,300,0.02448,165.0,0.55,300.0,0.02448,REORDENAR,True
MASS0279,lumpy,B,0.9,0.0,20.0,10.595238095238097,9.404761904761903,0.7063492063492064,0.7063492063492064,15.75,0.5297,8,126,125.57142857142857,10,10,0.5,10.0,1.0,1.0,0.05,REORDENAR,True
MASS1695,lumpy,B,0.9,0.0,52.0,11.517391304347827,40.482608695652175,0.7678260869565218,0.7678260869565218,7.667,0.5822,15,115,114.42857142857143,10,10,0.5,10.0,1.0,1.0,0.05,REORDENAR,True
MASS1005,lumpy,B,0.9,0.0,22.0,10.878260869565215,11.121739130434785,0.7252173913043477,0.7252173913043477,3.108,0.6025,37,115,114.42857142857143,1,20,0.03675,240.0,12.0,20.0,0.03675,REORDENAR,True
MASS2366,erratic,B,0.9,26.0,48.596380426633566,36.5,12.096380426633566,2.433333333333333,2.433333333333333,1.154,1.1864,26,30,29.571428571428573,13,130,0.8870875,611.0,4.7,10.0,0.0682375,REORDENAR,True
MASS0859,intermittent,B,0.9,0.0,36.999999999999986,7.994047004132231,29.005952995867755,0.6559999999999999,0.5329364669421487,9.615,0.3752,13,125,124.42857142857143,9,9,0.45,9.0,1.0,1.0,0.05,REORDENAR,True
MASS1403,lumpy,B,0.9,0.0,8.75,8.75,0.0,0.5833333333333334,0.5833333333333334,46.0,2.2388,3,138,137.42857142857142,8,8,0.4,8.0,1.0,1.0,0.05,REORDENAR,True
MASS1609,lumpy,B,0.9,25.0,19.0,10.319999999999999,8.680000000000001,0.688,0.688,4.464,0.9902,28,125,123.85714285714286,0,0,0.0,0.0,0.35,400.0,0.05,OK,False
MASS2025,lumpy,B,0.9,0.0,38.8,23.58,15.219999999999999,1.5719999999999998,1.5719999999999998,1.786,0.9953,28,50,48.857142857142854,21,21,1.05,21.0,1.0,1.0,0.05,REORDENAR,True
MASS1534,lumpy,B,0.9,30.0,22.0,10.200000000000001,11.799999999999999,0.68,0.68,5.208,0.8524,24,125,123.85714285714286,0,0,0.0,0.0,0.35,400.0,0.05,OK,False
MASS2278,lumpy,B,0.9,14.0,33.89999999999999,27.42857142857142,6.471428571428568,1.828571428571428,1.828571428571428,2.333,1.4466,18,42,41.142857142857146,24,24,1.2000000000000002,24.0,1.0,1.0,0.05,REORDENAR,True
MASS1610,lumpy,B,0.9,0.0,19.0,10.200000000000001,8.799999999999999,0.68,0.68,5.952,1.3417,21,125,123.85714285714286,1,20,0.05,60.0,3.0,20.0,0.05,REORDENAR,True
MASS1707,lumpy,B,0.9,0.0,20.0,11.086956521739129,8.913043478260871,0.7391304347826086,0.7391304347826086,5.476,0.709,21,115,114.42857142857143,10,10,0.5,10.0,1.0,1.0,0.05,REORDENAR,True
MASS2189,lumpy,B,0.9,2.0,30.500000000000004,27.982142857142854,2.5178571428571495,1.8654761904761903,1.8654761904761903,2.333,1.3207,18,42,41.142857142857146,25,25,0.054984375,47.5,1.9,1.0,0.002199375,REORDENAR,True
MASS1808,lumpy,B,0.9,0.0,26.0,10.441176470588236,15.558823529411764,0.696078431372549,0.696078431372549,3.923,1.8921,26,102,101.71428571428571,1,40,0.102396,128.0,3.2,40.0,0.102396,REORDENAR,True
MASS1956,lumpy,B,0.9,6.0,22.24,17.788732394366193,4.451267605633806,1.1859154929577462,1.1859154929577462,2.448,0.6243,29,71,70.28571428571429,1,50,0.00125,54.0,1.08,50.0,0.00125,REORDENAR,True
MASS1605,lumpy,B,0.9,1.0,21.099999999999977,9.131999999999996,11.96799999999998,0.6087999999999998,0.6087999999999998,6.579,1.065,19,125,123.85714285714286,1,72,0.05,165.6,2.3,72.0,0.05,REORDENAR,True
MASS1895,lumpy,B,0.9,0.0,25.699999999999996,12.868421052631577,12.831578947368419,0.8578947368421052,0.8578947368421052,4.471,2.1563,17,76,75.28571428571429,2,16,0.24354,48.0,3.0,8.0,0.12177,REORDENAR,True
MASS2588,erratic,B,0.9,54.0,78.35024283659239,64.67647058823529,13.673772248357093,4.311764705882353,4.311764705882353,1.214,1.2623,14,17,16.714285714285715,16,160,2.377648,736.0,4.6,10.0,0.148603,REORDENAR,True
MASS1849,lumpy,B,0.9,0.0,26.0,12.421875,13.578125,0.828125,0.828125,8.727,1.3167,11,96,94.85714285714286,11,11,0.55,11.0,1.0,1.0,0.05,REORDENAR,True
MASS2037,lumpy,B,0.9,0.0,34.999999999999986,23.999999999999993,10.999999999999993,1.5999999999999994,1.5999999999999994,2.0,1.449,25,50,48.857142857142854,21,21,1.05,21.0,1.0,1.0,0.05,REORDENAR,True
MASS1955,lumpy,B,0.9,0.0,29.799999999999997,17.873239436619716,11.926760563380281,1.1915492957746479,1.1915492957746479,2.84,0.8362,25,71,70.28571428571429,1,50,0.055,42.5,0.85,50.0,0.055,REORDENAR,True
MASS0905,lumpy,B,0.9,58.0,21.0,8.829787234042552,12.170212765957448,0.5886524822695035,0.5886524822695035,6.409,0.7228,22,141,140.28571428571428,0,0,0.0,0.0,7.2,40.0,0.05,OK,False
MASS1767,lumpy,B,0.9,0.0,26.39999999999999,10.538461538461538,15.861538461538451,0.7025641025641025,0.7025641025641025,9.0,1.8427,13,117,116.57142857142857,10,10,0.5,10.0,1.0,1.0,0.05,REORDENAR,True
MASS2160,lumpy,B,0.9,58.0,47.2,27.906976744186046,19.293023255813953,1.8604651162790697,1.8604651162790697,4.778,1.389,9,43,41.857142857142854,0,0,0.0,0.0,1.0,50.0,0.0376125,OK,False
MASS1730,lumpy,B,0.9,0.0,18.0,9.678260869565216,8.321739130434784,0.6452173913043477,0.6452173913043477,3.966,1.0756,29,115,114.42857142857143,9,9,0.45,9.0,1.0,1.0,0.05,REORDENAR,True
MASS0778,lumpy,B,0.9,0.0,46.0,16.848591549295772,29.151408450704228,1.1232394366197183,1.1232394366197183,3.944,1.0858,18,71,69.85714285714286,1,200,0.135759,196.0,0.98,200.0,0.135759,REORDENAR,True
MASS2360,erratic,B,0.9,46.0,49.966972222273,41.5,8.466972222273004,2.7666666666666666,2.7666666666666666,1.304,0.5221,23,30,29.142857142857142,8,160,0.814416,556.8,3.48,20.0,0.101802,REORDENAR,True
MASS0249,intermittent,B,0.9,0.0,35.80000000000001,7.682149483169891,28.11785051683012,0.6404761904761904,0.5121432988779927,10.5,0.4007,12,126,125.71428571428571,9,9,0.45,9.0,1.0,1.0,0.05,REORDENAR,True
MASS2198,lumpy,B,0.9,0.0,39.84000000000002,29.214285714285715,10.625714285714299,1.9476190476190476,1.9476190476190476,3.5,1.3655,12,42,41.142857142857146,1,500,0.099792,250.0,0.5,500.0,0.099792,REORDENAR,True
MASS2439,lumpy,B,0.9,13.0,40.5,38.5,2.0,2.566666666666667,2.566666666666667,1.875,0.6601,16,30,29.571428571428573,34,34,1.7000000000000002,34.0,1.0,1.0,0.05,REORDENAR,True
MASS1706,lumpy,B,0.9,0.0,24.0,10.695652173913043,13.304347826086957,0.7130434782608696,0.7130434782608696,4.423,0.7459,26,115,114.42857142857143,10,10,0.5,10.0,1.0,1.0,0.05,REORDENAR,True
MASS2047,lumpy,B,0.9,0.0,43.79999999999997,17.63999999999999,26.15999999999998,1.1759999999999993,1.1759999999999993,4.167,4.7904,12,50,48.857142857142854,16,16,0.8,16.0,1.0,1.0,0.05,REORDENAR,True
MASS2111,lumpy,B,0.9,222.0,20.2142857142857,20.2142857142857,0.0,1.3476190476190468,1.3476190476190468,3.5,4.6612,12,42,41.142857142857146,0,0,0.0,0.0,0.22,100.0,0.0432,OK,False
MASS1864,lumpy,B,0.9,0.0,36.019999999999996,15.327464788732396,20.692535211267604,1.021830985915493,1.021830985915493,3.55,1.1241,20,71,69.85714285714286,14,14,0.7000000000000001,14.0,1.0,1.0,0.05,REORDENAR,True
MASS2277,lumpy,B,0.9,20.0,35.12,27.999999999999996,7.120000000000001,1.8666666666666665,1.8666666666666665,2.211,1.8019,19,42,41.142857142857146,25,25,1.25,25.0,1.0,1.0,0.05,REORDENAR,True
MASS1010,intermittent,B,0.9,0.0,23.76000000000001,6.345588160677281,17.414411839322728,0.5595744680851065,0.4230392107118187,6.409,0.488,22,141,140.28571428571428,1,24,0.07730625,216.0,9.0,24.0,0.07730625,REORDENAR,True
MASS1948,lumpy,B,0.9,0.0,33.599999999999994,16.109589041095887,17.490410958904107,1.0739726027397258,1.0739726027397258,3.174,0.6334,23,73,72.57142857142857,1,20,0.0532,76.0,3.8,20.0,0.0532,REORDENAR,True
MASS2097,erratic,C,0.85,14.0,32.18635469016188,24.428571428571423,7.757783261590458,1.6285714285714283,1.6285714285714283,1.312,1.7876,32,42,41.142857142857146,1,400,0.18,260.0,0.65,400.0,0.18,REORDENAR,True
MASS1920,lumpy,C,0.85,0.0,21.719999999999995,16.8169014084507,4.903098591549296,1.1211267605633801,1.1211267605633801,2.63,0.7296,27,71,70.28571428571429,1,80,0.072072,416.0,5.2,80.0,0.072072,REORDENAR,True
MASS0295,lumpy,C,0.85,0.0,32.8,13.774647887323942,19.025352112676053,0.9183098591549295,0.9183098591549295,4.176,2.0145,17,71,69.85714285714286,12,12,0.6000000000000001,12.0,1.0,1.0,0.05,REORDENAR,True
MASS1867,intermittent,C,0.85,7.0,25.900000000000013,11.124549732378565,14.775450267621448,0.9768292682926829,0.7416366488252376,4.1,0.4815,20,82,80.85714285714286,13,13,0.65,13.0,1.0,1.0,0.05,REORDENAR,True
MASS1056,lumpy,C,0.85,0.0,14.0,6.6968085106382995,7.3031914893617005,0.44645390070922,0.44645390070922,7.05,2.7497,20,141,140.28571428571428,1,60,0.004218,36.0,0.6,60.0,0.004218,REORDENAR,True
MASS1618,lumpy,C,0.85,0.0,20.0,9.564,10.436,0.6376,0.6376,5.208,0.594,24,125,123.85714285714286,1,24,0.05,56.400000000000006,2.35,24.0,0.05,REORDENAR,True
MASS1924,lumpy,C,0.85,0.0,20.729999999999997,16.288732394366196,4.441267605633802,1.0859154929577464,1.0859154929577464,2.367,0.9664,30,71,70.28571428571429,1,80,0.084,214.4,2.68,80.0,0.084,REORDENAR,True
MASS0384,lumpy,C,0.85,33.0,17.0,8.739130434782608,8.260869565217392,0.5826086956521739,0.5826086956521739,5.476,1.2377,21,115,114.42857142857143,0,0,0.0,0.0,0.88,250.0,0.0136,OK,False
MASS1676,lumpy,C,0.85,0.0,37.0,9.48,27.52,0.632,0.632,11.364,2.4203,11,125,124.42857142857143,9,9,0.45,9.0,1.0,1.0,0.05,REORDENAR,True
MASS1636,lumpy,C,0.85,0.0,25.700000000000003,6.995798319327728,18.704201680672274,0.4663865546218486,0.4663865546218486,4.958,2.3001,24,119,117.85714285714286,1,20,0.055404,81.0,4.05,20.0,0.055404,REORDENAR,True
MASS0056,lumpy,C,0.85,0.0,10.0,8.333333333333334,1.666666666666666,0.5555555555555556,0.5555555555555556,45.0,1.1719,3,135,134.14285714285714,1,100,0.0175,70.0,0.7,100.0,0.0175,REORDENAR,True
MASS0174,intermittent,C,0.85,0.0,38.4,8.268750000000002,30.131249999999994,0.6272000000000001,0.5512500000000001,25.0,0.2422,5,125,123.85714285714286,1,200,0.05,200.0,1.0,200.0,0.05,REORDENAR,True
MASS1862,lumpy,C,0.85,0.0,24.219999999999963,11.556338028169002,12.663661971830962,0.7704225352112668,0.7704225352112668,3.737,2.44,19,71,69.85714285714286,1,30,0.219375,156.0,5.2,30.0,0.219375,REORDENAR,True
MASS2331,lumpy,C,0.85,78.0,37.24999999999999,37.24999999999999,0.0,2.483333333333333,2.483333333333333,1.579,1.2421,19,30,29.571428571428573,0,0,0.0,0.0,4.5,40.0,0.147784,OK,False
MASS1363,lumpy,C,0.85,0.0,8.249999999999998,8.249999999999998,0.0,0.5499999999999999,0.5499999999999999,24.0,3.6881,5,120,119.71428571428571,8,8,0.4,8.0,1.0,1.0,0.05,REORDENAR,True
MASS1292,intermittent,C,0.85,0.0,39.00000000000001,7.158230709364341,31.841769290635668,0.6047619047619047,0.4772153806242894,9.692,0.4218,13,126,125.57142857142857,8,8,0.4,8.0,1.0,1.0,0.05,REORDENAR,True
MASS1234,lumpy,C,0.85,15.0,14.0,7.536000000000001,6.463999999999999,0.5024000000000001,0.5024000000000001,6.25,2.6084,20,125,123.85714285714286,0,0,0.0,0.0,5.32,24.0,0.088452,OK,False
MASS1809,lumpy,C,0.85,0.0,17.199999999999996,9.235294117647058,7.964705882352938,0.6156862745098038,0.6156862745098038,4.435,2.0136,23,102,101.71428571428571,1,40,0.102396,128.0,3.2,40.0,0.102396,REORDENAR,True
MASS2029,lumpy,C,0.85,0.0,35.8,20.88,14.919999999999998,1.392,1.392,2.0,1.1499,25,50,48.857142857142854,19,19,0.9500000000000001,19.0,1.0,1.0,0.05,REORDENAR,True
MASS1650,lumpy,C,0.85,132.0,10.0,8.445378151260503,1.5546218487394974,0.5630252100840335,0.5630252100840335,9.917,1.7723,12,119,117.85714285714286,0,0,0.0,0.0,1.0,1.0,0.05,OK,False
MASS2342,intermittent,C,0.85,20.0,39.0,35.67548500881834,3.3245149911816583,2.6,2.378365667254556,2.0,0.1705,15,30,29.714285714285715,9,36,1.2214800000000001,439.2,12.2,4.0,0.13572,REORDENAR,True
MASS2686,intermittent,C,0.85,103.0,266.4557598391267,266.4557598391267,0.0,19.0,17.763717322608446,1.333,0.1301,3,4,3.7142857142857144,247,247,12.350000000000001,247.0,1.0,1.0,0.05,REORDENAR,True
MASS1466,lumpy,C,0.85,0.0,19.449999999999996,7.707446808510637,11.742553191489359,0.5138297872340425,0.5138297872340425,10.071,0.5938,14,141,140.28571428571428,7,7,0.35000000000000003,7.0,1.0,1.0,0.05,REORDENAR,True
MASS2222,lumpy,C,0.85,12.0,32.0,27.36538461538461,4.63461538461539,1.8243589743589739,1.8243589743589739,3.9,2.4027,10,39,38.714285714285715,3,30,0.29568,85.5,2.85,10.0,0.09856,REORDENAR,True
MASS2739,erratic,C,0.85,308.0,281.5215289284191,264.18749999999994,17.33402892841919,17.612499999999997,17.612499999999997,1.0,1.132,4,4,3.4285714285714284,0,0,0.0,0.0,2.48,48.0,0.027048,OK,False
MASS2352,lumpy,C,0.85,0.0,41.39999999999999,37.655172413793096,3.744827586206899,2.5103448275862066,2.5103448275862066,1.706,1.1828,17,29,28.571428571428573,2,48,0.10394325,159.84,3.33,24.0,0.051971625,REORDENAR,True
MASS2027,lumpy,C,0.85,7.0,27.199999999999996,20.82,6.3799999999999955,1.388,1.388,1.852,1.4468,27,50,48.857142857142854,19,19,0.9500000000000001,19.0,1.0,1.0,0.05,REORDENAR,True
MASS1869,lumpy,C,0.85,0.0,19.200000000000003,13.499999999999996,5.700000000000006,0.8999999999999998,0.8999999999999998,3.042,1.3759,24,73,71.85714285714286,12,12,0.6000000000000001,12.0,1.0,1.0,0.05,REORDENAR,True
MASS2584,erratic,C,0.85,66.0,67.16107562820503,54.88235294117644,12.278722687028578,3.658823529411763,3.658823529411763,1.308,2.2327,13,17,16.714285714285715,11,264,1.7226,382.8,1.45,24.0,0.1566,REORDENAR,True
MASS1982,lumpy,C,0.85,11.0,17.0,14.383561643835616,2.616438356164384,0.958904109589041,0.958904109589041,2.355,0.9428,31,73,71.85714285714286,2,20,0.088128,640.0,32.0,10.0,0.044064,REORDENAR,True
MASS2465,lumpy,C,0.85,221.0,42.11999999999999,42.11999999999999,0.0,2.8079999999999994,2.8079999999999994,3.571,0.9777,7,25,23.857142857142858,0,0,0.0,0.0,3.9,8.0,0.05,OK,False
MASS1281,lumpy,C,0.85,0.0,18.699999999999996,8.049999999999999,10.649999999999997,0.5366666666666666,0.5366666666666666,3.75,1.4165,32,120,119.42857142857143,7,7,0.35000000000000003,7.0,1.0,1.0,0.05,REORDENAR,True
MASS1635,lumpy,C,0.85,8.0,14.0,4.487394957983192,9.512605042016808,0.29915966386554615,0.29915966386554615,4.76,3.3348,25,119,117.85714285714286,1,20,0.055404,81.0,4.05,20.0,0.055404,REORDENAR,True
MASS2161,lumpy,C,0.85,165.0,27.0,24.41860465116279,2.5813953488372086,1.627906976744186,1.627906976744186,7.167,1.4611,6,43,41.857142857142854,0,0,0.0,0.0,1.0,50.0,0.0376125,OK,False
MASS2612,erratic,C,0.85,145.0,135.27567873903487,119.24999999999994,16.02567873903494,7.949999999999997,7.949999999999997,1.143,2.1537,7,8,7.571428571428571,0,0,0.0,0.0,1.15,500.0,0.108,OK,False
MASS1870,lumpy,C,0.85,0.0,33.300000000000004,13.536585365853659,19.763414634146343,0.9024390243902439,0.9024390243902439,3.905,0.6082,21,82,80.85714285714286,12,12,0.6000000000000001,12.0,1.0,1.0,0.05,REORDENAR,True
MASS1161,lumpy,C,0.85,1.0,27.0,12.47191011235955,14.52808988764045,0.8314606741573034,0.8314606741573034,5.235,0.8032,17,89,88.42857142857143,11,11,0.55,11.0,1.0,1.0,0.05,REORDENAR,True
MASS2194,lumpy,C,0.85,133.0,22.14285714285714,22.14285714285714,0.0,1.4761904761904758,1.4761904761904758,4.667,2.2143,9,42,41.142857142857146,0,0,0.0,0.0,1.8,20.0,0.095201,OK,False
MASS1049,lumpy,C,0.85,27.0,31.4,15.591549295774648,15.80845070422535,1.0394366197183098,1.0394366197183098,3.227,0.7033,22,71,70.28571428571429,1,150,0.0136,127.5,0.85,150.0,0.0136,REORDENAR,True
MASS1658,lumpy,C,0.85,44.0,8.634453781512605,8.634453781512605,0.0,0.5756302521008403,0.5756302521008403,9.917,1.4202,12,119,117.85714285714286,0,0,0.0,0.0,1.0,1.0,0.05,OK,False
MASS0335,lumpy,C,0.85,0.0,41.60000000000001,12.337078651685394,29.262921348314613,0.8224719101123595,0.8224719101123595,9.889,0.7831,9,89,87.85714285714286,11,11,0.55,11.0,1.0,1.0,0.05,REORDENAR,True
MASS1608,lumpy,C,0.85,38.0,21.0,8.639999999999999,12.360000000000001,0.576,0.576,5.952,0.907,21,125,123.85714285714286,0,0,0.0,0.0,0.35,400.0,0.05,OK,False
MASS1051,lumpy,C,0.85,29.0,25.199999999999996,15.25352112676056,9.946478873239435,1.016901408450704,1.016901408450704,2.448,0.6975,29,71,70.28571428571429,0,0,0.0,0.0,0.85,150.0,0.0136,OK,False
MASS2468,lumpy,C,0.85,147.0,42.48,42.48,0.0,2.832,2.832,5.0,0.5807,5,25,23.857142857142858,0,0,0.0,0.0,3.9,8.0,0.05,OK,False
MASS1057,lumpy,C,0.85,2.0,21.0,9.098360655737705,11.901639344262295,0.6065573770491803,0.6065573770491803,4.357,0.5007,28,122,121.28571428571429,8,8,0.4,8.0,1.0,1.0,0.05,REORDENAR,True
MASS0173,lumpy,C,0.85,54.0,27.0,12.176470588235293,14.823529411764707,0.8117647058823529,0.8117647058823529,4.048,1.1566,21,85,84.71428571428571,0,0,0.0,0.0,1.0,1.0,0.05,OK,False
MASS0635,lumpy,C,0.85,17.0,22.5,9.594594594594595,12.905405405405405,0.6396396396396397,0.6396396396396397,4.269,1.1875,26,111,110.14285714285714,9,9,0.45,9.0,1.0,1.0,0.05,REORDENAR,True
MASS0987,intermittent,C,0.85,0.0,25.0,8.732703749827039,16.26729625017296,0.6759259259259259,0.5821802499884692,9.0,0.2774,12,108,106.85714285714286,9,9,0.45,9.0,1.0,1.0,0.05,REORDENAR,True
MASS2180,intermittent,C,0.85,1.0,51.39999999999999,19.438077519379846,31.96192248062015,1.627906976744186,1.295871834625323,3.909,0.4079,11,43,42.142857142857146,1,100,0.0168,145.0,1.45,100.0,0.0168,REORDENAR,True
MASS1531,lumpy,C,0.85,2.0,18.0,8.639999999999999,9.360000000000001,0.576,0.576,5.952,1.0892,21,125,123.85714285714286,1,72,0.05,165.6,2.3,72.0,0.05,REORDENAR,True
MASS0982,lumpy,C,0.85,37.0,21.799999999999997,9.230769230769232,12.569230769230765,0.6153846153846154,0.6153846153846154,6.882,0.7772,17,117,115.85714285714286,0,0,0.0,0.0,1.0,1.0,0.05,OK,False
MASS0770,lumpy,C,0.85,0.0,6.862499999999998,6.862499999999998,0.0,0.45749999999999985,0.45749999999999985,35.0,2.3107,4,140,139.28571428571428,6,6,0.30000000000000004,6.0,1.0,1.0,0.05,REORDENAR,True
MASS1154,lumpy,C,0.85,86.0,13.0,8.063999999999998,4.936000000000002,0.5375999999999999,0.5375999999999999,9.615,1.052,13,125,123.85714285714286,0,0,0.0,0.0,1.0,1.0,0.05,OK,False
MASS1942,lumpy,C,0.85,11.0,20.0,15.0,5.0,1.0,1.0,2.367,0.534,30,71,70.28571428571429,1,40,0.049104,263.2,6.58,40.0,0.049104,REORDENAR,True
MASS0598,lumpy,C,0.85,63.0,26.499999999999993,7.287234042553191,19.212765957446802,0.4858156028368794,0.4858156028368794,17.625,0.5996,8,141,140.28571428571428,0,0,0.0,0.0,2.3,100.0,0.05,OK,False
MASS2192,lumpy,C,0.85,1.0,42.3,25.71428571428571,16.58571428571429,1.7142857142857142,1.7142857142857142,2.0,0.8385,21,42,41.142857142857146,23,23,0.2484,64.39999999999999,2.8,1.0,0.0108,REORDENAR,True
MASS0742,lumpy,C,0.85,0.0,19.0,9.176470588235292,9.823529411764708,0.6117647058823528,0.6117647058823528,7.846,1.215,13,102,101.14285714285714,8,8,0.4,8.0,1.0,1.0,0.05,REORDENAR,True
MASS2104,lumpy,C,0.85,19.0,31.599999999999987,23.46428571428571,8.135714285714277,1.564285714285714,1.564285714285714,2.211,2.171,19,42,41.142857142857146,1,100,0.030336,695.0,6.95,100.0,0.030336,REORDENAR,True
MASS1913,lumpy,C,0.85,171.0,17.0,10.394366197183102,6.605633802816898,0.6929577464788734,0.6929577464788734,3.55,3.2034,20,71,69.85714285714286,0,0,0.0,0.0,1.45,48.0,0.196883,OK,False
MASS2345,intermittent,C,0.85,22.0,33.8,29.5307322544464,4.269267745553599,2.353333333333333,1.96871548362976,2.0,0.3269,15,30,29.428571428571427,6,36,0.7620480000000001,288.0,8.0,6.0,0.127008,REORDENAR,True
MASS2622,erratic,C,0.85,69.0,139.74572969159036,129.1875,10.558229691590363,8.6125,8.6125,1.0,0.6908,8,8,7.571428571428571,41,164,1.594710375,1763.0,10.75,4.0,0.038895375,REORDENAR,True
MASS2623,lumpy,C,0.85,225.0,129.375,129.375,0.0,8.625,8.625,1.333,0.9524,6,8,7.285714285714286,0,0,0.0,0.0,1.2,100.0,0.060606,OK,False
MASS1480,lumpy,C,0.85,0.0,7.342391304347826,7.342391304347826,0.0,0.4894927536231884,0.4894927536231884,69.0,1.8889,2,138,137.28571428571428,7,7,0.35000000000000003,7.0,1.0,1.0,0.05,REORDENAR,True
MASS2094,lumpy,C,0.85,0.0,43.6,22.678571428571427,20.921428571428574,1.5119047619047619,1.5119047619047619,2.625,0.9816,16,42,41.142857142857146,1,200,0.11628,130.0,0.65,200.0,0.11628,REORDENAR,True
MASS1143,lumpy,C,0.85,105.0,13.0,7.935897435897434,5.064102564102566,0.529059829059829,0.529059829059829,7.8,1.5779,15,117,115.85714285714286,0,0,0.0,0.0,1.0,1.0,0.05,OK,False
MASS1502,lumpy,C,0.85,0.0,12.0,4.488888888888884,7.511111111111116,0.2992592592592589,0.2992592592592589,7.5,5.9167,18,135,134.57142857142858,4,4,0.2,4.0,1.0,1.0,0.05,REORDENAR,True
MASS1863,lumpy,C,0.85,0.0,24.0,12.084507042253518,11.915492957746482,0.8056338028169012,0.8056338028169012,3.087,1.7732,23,71,69.85714285714286,11,11,0.55,11.0,1.0,1.0,0.05,REORDENAR,True
MASS2609,erratic,C,0.85,179.0,114.850598332072,99.66666666666663,15.183931665405371,6.644444444444442,6.644444444444442,1.125,2.5807,8,9,7.857142857142857,0,0,0.0,0.0,1.25,250.0,0.096,OK,False
MASS1623,lumpy,C,0.85,0.0,19.0,8.280000000000001,10.719999999999999,0.552,0.552,5.435,0.7337,23,125,123.85714285714286,1,10,0.17856,55.0,5.5,10.0,0.17856,REORDENAR,True
MASS2158,lumpy,C,0.85,66.0,39.0,23.372093023255815,15.627906976744185,1.558139534883721,1.558139534883721,4.778,1.6689,9,43,41.857142857142854,0,0,0.0,0.0,1.0,50.0,0.0376125,OK,False
MASS1704,lumpy,C,0.85,0.0,14.95,8.204347826086957,6.745652173913042,0.5469565217391305,0.5469565217391305,5.227,1.2195,22,115,114.42857142857143,8,8,0.4,8.0,1.0,1.0,0.05,REORDENAR,True
MASS1624,lumpy,C,0.85,0.0,20.0,8.076,11.924,0.5384,0.5384,4.464,0.5037,28,125,123.85714285714286,1,10,0.17856,55.0,5.5,10.0,0.17856,REORDENAR,True
MASS2466,lumpy,C,0.85,151.0,40.08,40.08,0.0,2.6719999999999997,2.6719999999999997,5.0,0.5918,5,25,23.857142857142858,0,0,0.0,0.0,3.9,8.0,0.05,OK,False
MASS1190,lumpy,C,0.85,0.0,24.099999999999994,6.925531914893616,17.174468085106376,0.4617021276595744,0.4617021276595744,17.625,0.6297,8,141,140.28571428571428,7,7,0.35000000000000003,7.0,1.0,1.0,0.05,REORDENAR,True
MASS1167,lumpy,C,0.85,0.0,21.300000000000004,7.1010638297872335,14.198936170212772,0.4734042553191489,0.4734042553191489,10.071,0.7385,14,141,140.28571428571428,7,7,0.35000000000000003,7.0,1.0,1.0,0.05,REORDENAR,True
MASS1621,lumpy,C,0.85,0.0,22.0,8.16,13.84,0.544,0.544,5.682,0.7774,22,125,123.85714285714286,1,10,0.17856,55.0,5.5,10.0,0.17856,REORDENAR,True
MASS0550,lumpy,C,0.85,0.0,9.852941176470589,9.852941176470589,0.0,0.6568627450980392,0.6568627450980392,9.273,2.2913,11,102,101.14285714285714,9,9,0.45,9.0,1.0,1.0,0.05,REORDENAR,True
MASS2223,lumpy,C,0.85,246.0,22.230769230769223,22.230769230769223,0.0,1.4820512820512814,1.4820512820512814,3.0,3.7045,13,39,38.714285714285715,0,0,0.0,0.0,2.25,10.0,0.0812,OK,False
MASS0600,intermittent,C,0.85,0.0,18.0,6.180378647522,11.819621352478,0.5212598425196849,0.4120252431681333,6.684,0.4191,19,127,126.57142857142857,1,40,0.045,512.0,12.8,40.0,0.045,REORDENAR,True
MASS2699,lumpy,C,0.85,0.0,92.25,92.25,0.0,6.15,6.15,1.667,1.566,6,10,9.142857142857142,80,80,4.0,80.0,1.0,1.0,0.05,REORDENAR,True
MASS2026,lumpy,C,0.85,0.0,22.849999999999998,17.009999999999998,5.84,1.134,1.134,2.083,1.4045,24,50,48.857142857142854,15,15,0.75,15.0,1.0,1.0,0.05,REORDENAR,True
MASS1902,lumpy,C,0.85,41.0,16.0,12.654929577464783,3.3450704225352172,0.8436619718309856,0.8436619718309856,3.737,1.2345,19,71,69.85714285714286,0,0,0.0,0.0,9.65,16.0,0.11285,OK,False
MASS0961,lumpy,C,0.85,0.0,24.799999999999997,9.392523364485982,15.407476635514016,0.6261682242990654,0.6261682242990654,3.147,0.5455,34,107,106.42857142857143,9,9,0.45,9.0,1.0,1.0,0.05,REORDENAR,True
MASS2032,lumpy,C,0.85,6.0,25.0,17.939999999999998,7.060000000000002,1.1959999999999997,1.1959999999999997,2.632,1.156,19,50,48.857142857142854,16,16,0.8,16.0,1.0,1.0,0.05,REORDENAR,True
MASS1511,lumpy,C,0.85,42.0,11.0,7.133333333333332,3.866666666666668,0.47555555555555545,0.47555555555555545,5.0,0.7417,27,135,134.42857142857142,0,0,0.0,0.0,1.0,1.0,0.05,OK,False
MASS1659,lumpy,C,0.85,35.0,9.0,7.82142857142857,1.1785714285714297,0.5214285714285714,0.5214285714285714,9.917,0.6676,12,119,118.14285714285714,0,0,0.0,0.0,1.0,1.0,0.05,OK,False
MASS2245,lumpy,C,0.85,0.0,45.5,25.125,20.375,1.675,1.675,2.105,0.6707,19,40,39.285714285714285,1,80,0.059168,212.0,2.65,80.0,0.059168,REORDENAR,True
MASS0560,lumpy,C,0.85,2.0,23.0,7.979508196721312,15.020491803278688,0.5319672131147541,0.5319672131147541,8.133,0.7299,15,122,121.28571428571429,7,7,0.35000000000000003,7.0,1.0,1.0,0.05,REORDENAR,True
MASS2452,lumpy,C,0.85,3.0,50.79999999999999,33.93103448275861,16.868965517241378,2.262068965517241,2.262068965517241,1.933,0.5292,15,29,28.428571428571427,30,30,1.5,30.0,1.0,1.0,0.05,REORDENAR,True
MASS2162,lumpy,C,0.85,73.0,25.0,21.97674418604651,3.02325581395349,1.4651162790697674,1.4651162790697674,8.6,1.4938,5,43,41.857142857142854,0,0,0.0,0.0,1.0,50.0,0.0376125,OK,False
MASS2075,lumpy,C,0.85,0.0,42.3,22.303571428571427,19.996428571428574,1.4869047619047617,1.4869047619047617,3.0,0.9752,14,42,41.142857142857146,1,100,0.025,100.0,1.0,100.0,0.025,REORDENAR,True
MASS1570,lumpy,C,0.85,0.0,21.810000000000013,7.715116279069767,14.094883720930245,0.5143410852713178,0.5143410852713178,9.214,0.7267,14,129,127.85714285714286,7,7,0.35000000000000003,7.0,1.0,1.0,0.05,REORDENAR,True
MASS0703,lumpy,C,0.85,63.0,13.0,6.6521739130434785,6.3478260869565215,0.4434782608695652,0.4434782608695652,7.188,3.1961,16,115,114.42857142857143,0,0,0.0,0.0,1.0,1.0,0.05,OK,False
MASS0969,lumpy,C,0.85,37.0,12.0,9.176470588235295,2.8235294117647047,0.611764705882353,0.611764705882353,3.036,2.4826,28,85,84.71428571428571,0,0,0.0,0.0,1.0,1.0,0.05,OK,False
MASS1625,lumpy,C,0.85,0.0,20.0,7.68,12.32,0.512,0.512,5.952,0.6407,21,125,123.85714285714286,1,30,0.165888,55.5,1.85,30.0,0.165888,REORDENAR,True
MASS2630,smooth,C,0.85,34.0,130.54002837493053,121.78125,8.75877837493053,8.11875,8.11875,1.0,0.3306,8,8,6.857142857142857,232,232,11.600000000000001,232.0,1.0,1.0,0.05,REORDENAR,True
MASS1162,lumpy,C,0.85,0.0,31.0,10.955056179775282,20.044943820224717,0.7303370786516854,0.7303370786516854,4.238,0.8331,21,89,88.42857142857143,10,10,0.5,10.0,1.0,1.0,0.05,REORDENAR,True
MASS2034,lumpy,C,0.85,0.0,29.0,18.9,10.100000000000001,1.26,1.26,2.083,0.6804,24,50,48.857142857142854,17,17,0.323595,459.0,27.0,1.0,0.019035,REORDENAR,True
MASS2048,lumpy,C,0.85,1.0,26.5,18.539999999999996,7.960000000000004,1.2359999999999998,1.2359999999999998,3.846,0.6302,13,50,48.857142857142854,1,24,0.069509328,132.0,5.5,24.0,0.069509328,REORDENAR,True
MASS2385,lumpy,C,0.85,2.0,51.8,34.13793103448276,17.662068965517236,2.2758620689655173,2.2758620689655173,2.231,0.5914,13,29,28.714285714285715,1,60,0.098423,165.0,2.75,60.0,0.098423,REORDENAR,True
MASS1702,lumpy,C,0.85,4.0,14.0,7.747826086956521,6.252173913043479,0.5165217391304348,0.5165217391304348,6.765,0.8314,17,115,114.42857142857143,7,7,0.35000000000000003,7.0,1.0,1.0,0.05,REORDENAR,True
MASS2711,lumpy,C,0.85,235.0,233.24999999999997,233.24999999999997,0.0,15.549999999999999,15.549999999999999,1.333,0.6738,3,4,3.4285714285714284,0,0,0.0,0.0,3.45,60.0,0.0828945,OK,False
MASS1726,lumpy,C,0.85,136.0,11.0,6.326086956521739,4.673913043478261,0.4217391304347826,0.4217391304347826,7.188,3.6958,16,115,114.42857142857143,0,0,0.0,0.0,1.0,1.0,0.05,OK,False
MASS1660,lumpy,C,0.85,37.0,14.0,7.70798319327731,6.29201680672269,0.5138655462184873,0.5138655462184873,9.917,0.7155,12,119,117.85714285714286,0,0,0.0,0.0,1.0,1.0,0.05,OK,False
MASS2590,lumpy,C,0.85,173.0,52.191176470588225,52.191176470588225,0.0,3.4794117647058815,3.4794117647058815,1.7,1.3158,10,17,16.714285714285715,0,0,0.0,0.0,3.68,30.0,0.11158875,OK,False
MASS1591,lumpy,C,0.85,0.0,10.0,7.230468749999998,2.7695312500000018,0.4820312499999999,0.4820312499999999,18.286,0.7605,7,128,127.14285714285714,7,7,0.35000000000000003,7.0,1.0,1.0,0.05,REORDENAR,True
MASS1724,lumpy,C,0.85,0.0,16.0,8.347826086956522,7.6521739130434785,0.5565217391304348,0.5565217391304348,5.476,1.238,21,115,114.42857142857143,1,12,0.062832,198.0,16.5,12.0,0.062832,REORDENAR,True
MASS2467,lumpy,C,0.85,182.0,36.96,36.96,0.0,2.464,2.464,6.25,0.5,4,25,23.857142857142858,0,0,0.0,0.0,3.9,8.0,0.05,OK,False
MASS2205,lumpy,C,0.85,1.0,37.599999999999994,18.18,19.419999999999995,1.212,1.212,2.0,0.5917,25,50,48.857142857142854,16,16,0.8,16.0,1.0,1.0,0.05,REORDENAR,True
MASS2305,intermittent,C,0.85,2.0,31.799999999999997,28.86702067057292,2.932979329427077,2.0933333333333333,1.9244680447048612,2.308,0.1613,13,30,29.285714285714285,28,28,3.51232,728.0,26.0,1.0,0.12544,REORDENAR,True
MASS1626,lumpy,C,0.85,0.0,20.0,7.68,12.32,0.512,0.512,7.353,0.5338,17,125,123.85714285714286,1,30,0.165888,55.5,1.85,30.0,0.165888,REORDENAR,True
MASS2583,lumpy,C,0.85,138.0,48.176470588235276,48.176470588235276,0.0,3.2117647058823517,3.2117647058823517,2.429,2.1481,7,17,16.714285714285715,0,0,0.0,0.0,0.8,200.0,0.132,OK,False
MASS2463,lumpy,C,0.85,0.0,41.0,34.19999999999999,6.800000000000011,2.2799999999999994,2.2799999999999994,1.923,1.5602,13,25,23.857142857142858,30,30,1.3384800000000001,420.0,14.0,1.0,0.044616,REORDENAR,True
MASS1698,lumpy,C,0.85,0.0,30.0,8.217391304347824,21.782608695652176,0.5478260869565217,0.5478260869565217,6.765,0.8534,17,115,114.42857142857143,8,8,0.4,8.0,1.0,1.0,0.05,REORDENAR,True
MASS1954,lumpy,C,0.85,0.0,45.5,12.992957746478872,32.50704225352113,0.8661971830985915,0.8661971830985915,4.438,0.778,16,71,70.28571428571429,1,50,0.07326,480.0,9.6,50.0,0.07326,REORDENAR,True
MASS2632,erratic,C,0.85,37.0,113.20324599088441,100.40624999999997,12.796995990884437,6.693749999999998,6.693749999999998,1.0,2.2227,8,8,7.428571428571429,9,225,0.7731359999999999,1233.0,5.48,25.0,0.085904,REORDENAR,True
MASS1596,lumpy,C,0.85,0.0,21.0,7.572580645161291,13.427419354838708,0.5048387096774194,0.5048387096774194,13.778,0.6582,9,124,123.71428571428571,1,25,0.048509375,50.0,2.0,25.0,0.048509375,REORDENAR,True
MASS2274,lumpy,C,0.85,0.0,37.599999999999994,19.78571428571428,17.814285714285713,1.3190476190476188,1.3190476190476188,4.667,2.0561,9,42,41.142857142857146,18,18,0.9,18.0,1.0,1.0,0.05,REORDENAR,True
MASS2732,erratic,C,0.85,1.0,234.23774181308025,219.37499999999994,14.862741813080317,14.624999999999996,14.624999999999996,1.0,1.3018,4,4,3.4285714285714284,59,118,4.927031,3929.3999999999996,33.3,2.0,0.083509,REORDENAR,True
MASS1888,lumpy,C,0.85,0.0,34.4,11.8943661971831,22.5056338028169,0.7929577464788733,0.7929577464788733,3.55,0.7547,20,71,69.85714285714286,11,11,0.55,11.0,1.0,1.0,0.05,REORDENAR,True
MASS2432,lumpy,C,0.85,118.0,28.749999999999993,28.749999999999993,0.0,1.9166666666666663,1.9166666666666663,4.286,1.0514,7,30,29.571428571428573,0,0,0.0,0.0,12.32,1.0,0.02562,OK,False
MASS1296,lumpy,C,0.85,0.0,9.0,6.833333333333333,2.166666666666667,0.45555555555555555,0.45555555555555555,22.5,0.6543,6,135,134.57142857142858,6,6,0.30000000000000004,6.0,1.0,1.0,0.05,REORDENAR,True
MASS1595,lumpy,C,0.85,0.0,12.599999999999994,7.031999999999999,5.567999999999995,0.46879999999999994,0.46879999999999994,9.615,0.9945,13,125,123.85714285714286,1,25,0.048509375,50.0,2.0,25.0,0.048509375,REORDENAR,True
MASS1732,lumpy,C,0.85,33.0,16.45,7.884782608695653,8.565217391304346,0.5256521739130435,0.5256521739130435,9.583,0.5309,12,115,114.42857142857143,0,0,0.0,0.0,5.0,50.0,0.046656,OK,False
MASS2731,erratic,C,0.85,177.0,221.7253266319456,205.68749999999994,16.03782663194565,13.712499999999997,13.712499999999997,1.0,1.9303,4,4,3.4285714285714284,9,450,1.08,1237.5,2.75,50.0,0.12,REORDENAR,True
MASS0051,lumpy,C,0.85,0.0,16.7,6.117021276595744,10.582978723404256,0.40780141843971623,0.40780141843971623,9.4,0.9629,15,141,140.28571428571428,6,6,0.30000000000000004,6.0,1.0,1.0,0.05,REORDENAR,True
MASS2156,lumpy,C,0.85,70.0,20.58139534883721,20.58139534883721,0.0,1.372093023255814,1.372093023255814,8.6,1.0494,5,43,41.857142857142854,0,0,0.0,0.0,1.0,50.0,0.0376125,OK,False
MASS2051,lumpy,C,0.85,0.0,36.5,17.144999999999996,19.355000000000004,1.1429999999999998,1.1429999999999998,4.167,1.129,12,50,48.857142857142854,15,15,0.75,15.0,1.0,1.0,0.05,REORDENAR,True
MASS1916,lumpy,C,0.85,0.0,13.0,11.788732394366196,1.2112676056338039,0.7859154929577464,0.7859154929577464,2.219,0.7551,32,71,69.85714285714286,11,11,0.55,11.0,1.0,1.0,0.05,REORDENAR,True
MASS2311,lumpy,C,0.85,37.0,25.0,22.741935483870968,2.258064516129032,1.5161290322580645,1.5161290322580645,1.409,2.2166,22,31,30.142857142857142,0,0,0.0,0.0,7.5,50.0,0.0588,OK,False
MASS2268,lumpy,C,0.85,0.0,37.0,20.053571428571423,16.946428571428577,1.3369047619047616,1.3369047619047616,3.5,1.6218,12,42,41.142857142857146,18,18,0.9,18.0,1.0,1.0,0.05,REORDENAR,True
MASS2264,lumpy,C,0.85,19.0,27.3,18.03571428571429,9.264285714285712,1.2023809523809526,1.2023809523809526,2.1,1.7076,20,42,41.142857142857146,16,16,0.8,16.0,1.0,1.0,0.05,REORDENAR,True
MASS2383,lumpy,C,0.85,27.0,32.5,30.362068965517246,2.137931034482755,2.024137931034483,2.024137931034483,2.071,1.4945,14,29,28.428571428571427,1,60,0.0962,225.0,3.75,60.0,0.0962,REORDENAR,True
MASS2078,lumpy,C,0.85,0.0,38.2,19.928571428571423,18.27142857142858,1.3285714285714283,1.3285714285714283,3.231,0.9666,13,42,41.142857142857146,1,100,0.025,100.0,1.0,100.0,0.025,REORDENAR,True
MASS2413,lumpy,C,0.85,0.0,36.0,27.967741935483872,8.03225806451613,1.864516129032258,1.864516129032258,6.2,0.5382,5,31,30.285714285714285,25,25,1.25,25.0,1.0,1.0,0.05,REORDENAR,True
MASS1700,lumpy,C,0.85,6.0,13.0,7.826086956521739,5.173913043478261,0.5217391304347826,0.5217391304347826,5.75,0.924,20,115,114.42857142857143,7,7,0.35000000000000003,7.0,1.0,1.0,0.05,REORDENAR,True
MASS1889,lumpy,C,0.85,8.0,24.0,11.408450704225352,12.591549295774648,0.7605633802816901,0.7605633802816901,2.731,0.8567,26,71,69.85714285714286,10,10,0.5,10.0,1.0,1.0,0.05,REORDENAR,True
MASS0971,lumpy,C,0.85,1.0,14.799999999999997,7.692307692307692,7.1076923076923055,0.5128205128205128,0.5128205128205128,6.158,0.7717,19,117,115.85714285714286,7,7,0.35000000000000003,7.0,1.0,1.0,0.05,REORDENAR,True
MASS1588,intermittent,C,0.85,0.0,26.95000000000001,5.628289388020833,21.321710611979178,0.46484375,0.3752192925347222,11.636,0.3856,11,128,127.14285714285714,7,7,0.35000000000000003,7.0,1.0,1.0,0.05,REORDENAR,True
MASS2514,sin_datos,C,0.85,0.0,45.0,45.0,0.0,3.0,3.0,20.0,,1,20,19.428571428571427,1,1,0.05,1.0,1.0,1.0,0.05,REORDENAR,True
MASS2653,sin_datos,C,0.85,0.0,60.0,60.0,0.0,4.0,4.0,15.0,,1,15,14.714285714285714,1,1,0.05,1.0,1.0,1.0,0.05,REORDENAR,True
MASS1871,sin_datos,C,0.85,0.0,12.5,12.5,0.0,0.8333333333333334,0.8333333333333334,72.0,,1,72,71.71428571428571,1,1,0.05,1.0,1.0,1.0,0.05,REORDENAR,True
MASS2615,erratic,C,0.85,140.0,116.63437740001226,107.24999999999999,9.384377400012273,7.1499999999999995,7.1499999999999995,1.0,0.8787,8,8,7.285714285714286,0,0,0.0,0.0,5.35,20.0,0.120064,OK,False
MASS1866,sin_datos,C,0.85,0.0,12.5,12.5,0.0,0.8333333333333334,0.8333333333333334,72.0,,1,72,71.71428571428571,1,20,0.113755125,116.0,5.8,20.0,0.113755125,REORDENAR,True
MASS1953,lumpy,C,0.85,1.0,40.79999999999999,12.338028169014084,28.461971830985906,0.8225352112676056,0.8225352112676056,4.176,0.5539,17,71,70.28571428571429,1,50,0.07326,480.0,9.6,50.0,0.07326,REORDENAR,True
MASS2800,smooth,C,0.85,1.0,450.0965073361567,435.375,14.721507336156705,29.025,29.025,1.0,0.2074,2,2,0.8571428571428571,438,438,21.900000000000002,438.0,1.0,1.0,0.05,REORDENAR,True
MASS1887,lumpy,C,0.85,1.0,18.0,11.556338028169012,6.443661971830988,0.7704225352112675,0.7704225352112675,3.227,0.7578,22,71,69.85714285714286,1,60,0.1724775,87.0,1.45,60.0,0.1724775,REORDENAR,True
MASS1933,intermittent,C,0.85,29.0,21.899999999999995,10.301943616115922,11.598056383884073,0.8183098591549295,0.6867962410743949,3.737,0.3214,19,71,70.28571428571429,0,0,0.0,0.0,3.5,100.0,0.072,OK,False
MASS2022,lumpy,C,0.85,0.0,35.999999999999986,15.599999999999998,20.399999999999988,1.0399999999999998,1.0399999999999998,3.333,1.5094,15,50,48.857142857142854,14,14,0.7000000000000001,14.0,1.0,1.0,0.05,REORDENAR,True
MASS1963,lumpy,C,0.85,0.0,10.591463414634145,10.591463414634145,0.0,0.7060975609756097,0.7060975609756097,6.833,1.2294,12,82,80.85714285714286,10,10,0.5,10.0,1.0,1.0,0.05,REORDENAR,True
MASS1362,lumpy,C,0.85,0.0,13.849999999999998,6.1382978723404245,7.711702127659573,0.4092198581560283,0.4092198581560283,5.875,0.863,24,141,139.85714285714286,6,6,0.3706605,117.0,19.5,1.0,0.06177675,REORDENAR,True
MASS2054,lumpy,C,0.85,5.0,21.0,17.4,3.6000000000000014,1.16,1.16,2.174,0.7436,23,50,48.857142857142854,16,16,0.8,16.0,1.0,1.0,0.05,REORDENAR,True
MASS2454,lumpy,C,0.85,45.0,47.3,31.944444444444446,15.355555555555554,2.1296296296296298,2.1296296296296298,1.688,1.3014,16,27,26.571428571428573,28,28,1.4000000000000001,28.0,1.0,1.0,0.05,REORDENAR,True
MASS2407,lumpy,C,0.85,0.0,32.7,27.338709677419352,5.361290322580652,1.8225806451612903,1.8225806451612903,5.167,0.7422,6,31,30.571428571428573,24,24,1.2000000000000002,24.0,1.0,1.0,0.05,REORDENAR,True
MASS1928,lumpy,C,0.85,4.0,20.799999999999972,9.921428571428565,10.878571428571407,0.661428571428571,0.661428571428571,3.684,2.9866,19,70,69.71428571428571,1,100,0.096,120.0,1.2,100.0,0.096,REORDENAR,True
MASS1506,lumpy,C,0.85,0.0,16.0,6.333333333333333,9.666666666666668,0.4222222222222222,0.4222222222222222,6.429,1.1524,21,135,134.42857142857142,6,6,0.30000000000000004,6.0,1.0,1.0,0.05,REORDENAR,True
MASS0361,lumpy,C,0.85,0.0,25.199999999999996,8.028571428571428,17.171428571428567,0.5352380952380952,0.5352380952380952,5.526,0.7211,19,105,103.85714285714286,7,7,0.35000000000000003,7.0,1.0,1.0,0.05,REORDENAR,True
MASS1026,lumpy,C,0.85,0.0,6.932773109243698,6.932773109243698,0.0,0.46218487394957986,0.46218487394957986,19.833,1.1329,6,119,118.14285714285714,7,7,0.35000000000000003,7.0,1.0,1.0,0.05,REORDENAR,True
MASS2301,lumpy,C,0.85,43.0,28.25,19.6875,8.5625,1.3125,1.3125,6.667,1.698,6,40,39.285714285714285,0,0,0.0,0.0,1.0,1.0,0.05,OK,False
MASS2237,lumpy,C,0.85,1.0,30.0,21.75,8.25,1.45,1.45,1.739,0.9232,23,40,39.285714285714285,1,300,0.1225,675.0,2.25,300.0,0.1225,REORDENAR,True
MASS2381,lumpy,C,0.85,87.0,29.749999999999996,26.97413793103448,2.775862068965516,1.7982758620689654,1.7982758620689654,2.071,1.5763,14,29,28.428571428571427,0,0,0.0,0.0,8.03,36.0,0.098982,OK,False
MASS1199,intermittent,C,0.85,0.0,26.9,7.370005044499693,19.529994955500307,0.6422222222222221,0.4913336696333129,3.913,0.4699,23,90,89.57142857142857,9,9,0.45,9.0,1.0,1.0,0.05,REORDENAR,True
MASS2375,lumpy,C,0.85,127.0,33.0,26.799999999999997,6.200000000000003,1.7866666666666664,1.7866666666666664,3.333,0.67,9,30,29.428571428571427,0,0,0.0,0.0,3.25,100.0,0.06122025,OK,False
MASS2701,erratic,C,0.85,91.0,102.58589188043364,91.03124999999997,11.554641880433662,6.068749999999998,6.068749999999998,1.0,2.0968,8,8,7.428571428571429,20,200,2.75652,840.0,4.2,10.0,0.137826,REORDENAR,True
MASS1927,lumpy,C,0.85,0.0,17.599999999999987,9.471428571428566,8.128571428571421,0.6314285714285711,0.6314285714285711,2.917,3.1701,24,70,69.71428571428571,1,100,0.096,120.0,1.2,100.0,0.096,REORDENAR,True
MASS2112,lumpy,C,0.85,0.0,28.800000000000004,19.535714285714285,9.26428571428572,1.3023809523809522,1.3023809523809522,6.0,0.8095,7,42,41.142857142857146,1,50,0.04557,750.0,15.0,50.0,0.04557,REORDENAR,True
MASS0370,lumpy,C,0.85,0.0,20.0,5.923913043478261,14.076086956521738,0.39492753623188404,0.39492753623188404,12.545,2.7918,11,138,137.42857142857142,1,200,0.05,262.0,1.31,200.0,0.05,REORDENAR,True
MASS0374,lumpy,C,0.85,0.0,20.0,5.896739130434783,14.103260869565217,0.39311594202898553,0.39311594202898553,11.5,3.1116,12,138,137.42857142857142,1,200,0.05,262.0,1.31,200.0,0.05,REORDENAR,True
MASS2031,lumpy,C,0.85,15.0,24.0,15.059999999999997,8.940000000000003,1.0039999999999998,1.0039999999999998,2.778,1.3639,18,50,48.857142857142854,14,14,0.7000000000000001,14.0,1.0,1.0,0.05,REORDENAR,True
MASS1389,lumpy,C,0.85,0.0,11.0,6.435897435897435,4.564102564102565,0.42905982905982903,0.42905982905982903,13.0,1.714,9,117,116.57142857142857,6,6,0.30000000000000004,6.0,1.0,1.0,0.05,REORDENAR,True
MASS1479,lumpy,C,0.85,35.0,18.199999999999996,8.363636363636363,9.836363636363632,0.5575757575757575,0.5575757575757575,5.211,0.8284,19,99,98.14285714285714,0,0,0.0,0.0,1.0,1.0,0.05,OK,False
MASS2411,intermittent,C,0.85,94.0,35.2,21.86738227146814,13.332617728531858,1.7999999999999998,1.4578254847645427,3.444,0.3802,9,31,30.285714285714285,0,0,0.0,0.0,1.0,1.0,0.05,OK,False
MASS1225,lumpy,C,0.85,2.0,9.203804347826086,9.203804347826086,0.0,0.6135869565217391,0.6135869565217391,7.667,2.8089,12,92,91.14285714285714,8,8,0.4,8.0,1.0,1.0,0.05,REORDENAR,True
MASS2167,lumpy,C,0.85,58.0,27.0,19.534883720930235,7.465116279069765,1.302325581395349,1.302325581395349,2.263,0.5177,19,43,42.142857142857146,0,0,0.0,0.0,2.58,100.0,0.0324,OK,False
MASS2251,lumpy,C,0.85,5.0,24.099999999999994,19.162499999999998,4.9374999999999964,1.2774999999999999,1.2774999999999999,2.667,1.0297,15,40,39.285714285714285,1,50,0.01188,92.5,1.85,50.0,0.01188,REORDENAR,True
MASS2159,lumpy,C,0.85,74.0,21.0,19.011627906976745,1.988372093023255,1.2674418604651163,1.2674418604651163,10.75,0.9218,4,43,41.857142857142854,0,0,0.0,0.0,1.0,50.0,0.0376125,OK,False
MASS3009,lumpy,C,0.85,144.0,55.2,55.2,0.0,3.68,3.68,3.0,1.1376,5,15,14.571428571428571,0,0,0.0,0.0,4.74,10.0,0.05,OK,False
MASS2157,lumpy,C,0.85,95.0,20.0,19.011627906976745,0.9883720930232549,1.2674418604651163,1.2674418604651163,10.75,0.9218,4,43,41.857142857142854,0,0,0.0,0.0,1.0,50.0,0.0376125,OK,False
MASS2266,lumpy,C,0.85,0.0,22.3,17.857142857142854,4.442857142857147,1.1904761904761902,1.1904761904761902,3.231,1.8627,13,42,41.142857142857146,16,16,0.8,16.0,1.0,1.0,0.05,REORDENAR,True
MASS1163,intermittent,C,0.85,131.0,4.467666155557968,4.467666155557968,0.0,0.39290780141843973,0.29784441037053117,28.2,0.4839,5,141,140.28571428571428,0,0,0.0,0.0,2.3,100.0,0.05,OK,False
MASS2628,smooth,C,0.85,44.0,109.99137618703956,103.03125,6.960126187039568,6.86875,6.86875,1.0,0.1574,8,8,7.0,213,213,10.65,213.0,1.0,1.0,0.05,REORDENAR,True
MASS3001,intermittent,C,0.85,145.0,58.07969485060395,58.07969485060395,0.0,4.184615384615385,3.87197965670693,3.25,0.1494,4,13,12.142857142857142,0,0,0.0,0.0,4.74,10.0,0.05,OK,False
MASS0605,lumpy,C,0.85,26.0,16.199999999999996,6.263999999999999,9.935999999999996,0.41759999999999997,0.41759999999999997,8.333,1.0697,15,125,124.71428571428571,0,0,0.0,0.0,9.5,40.0,0.08976,OK,False
MASS2408,lumpy,C,0.85,0.0,37.650000000000006,25.766129032258064,11.883870967741938,1.717741935483871,1.717741935483871,3.875,0.5467,8,31,30.428571428571427,23,23,1.1500000000000001,23.0,1.0,1.0,0.05,REORDENAR,True
MASS2329,lumpy,C,0.85,46.0,21.5,19.52499999999999,1.9750000000000085,1.301666666666666,1.301666666666666,2.5,2.7675,12,30,29.571428571428573,0,0,0.0,0.0,5.0,10.0,0.13545,OK,False
MASS2594,lumpy,C,0.85,67.0,42.0,41.25,0.75,2.75,2.75,2.0,0.6556,10,20,19.571428571428573,0,0,0.0,0.0,0.85,100.0,0.062868,OK,False
MASS2238,lumpy,C,0.85,2.0,28.0,20.25,7.75,1.35,1.35,1.905,0.844,21,40,39.285714285714285,1,300,0.1225,675.0,2.25,300.0,0.1225,REORDENAR,True
MASS2046,lumpy,C,0.85,0.0,20.0,16.215,3.785,1.081,1.081,2.5,0.6385,20,50,48.857142857142854,15,15,0.75,15.0,1.0,1.0,0.05,REORDENAR,True
MASS2790,smooth,C,0.85,17.0,213.8770986876372,204.0,9.87709868763719,13.6,13.6,1.0,0.2094,4,4,3.4285714285714284,5,2160,0.25992000000000004,280.8,0.13,432.0,0.051984,REORDENAR,True
MASS1128,lumpy,C,0.85,0.0,5.539285714285714,5.539285714285714,0.0,0.3692857142857143,0.3692857142857143,70.0,1.4513,2,140,139.28571428571428,5,5,0.25,5.0,1.0,1.0,0.05,REORDENAR,True
MASS2169,lumpy,C,0.85,71.0,21.549999999999997,18.540697674418603,3.0093023255813947,1.236046511627907,1.236046511627907,2.389,0.6013,18,43,42.142857142857146,0,0,0.0,0.0,2.58,100.0,0.0324,OK,False
MASS2700,sin_datos,C,0.85,180.0,115.71428571428572,115.71428571428572,0.0,7.714285714285714,7.714285714285714,7.0,,1,7,6.428571428571429,0,0,0.0,0.0,1.0,1.0,0.05,OK,False
MASS1548,lumpy,C,0.85,0.0,18.0,6.263999999999999,11.736,0.41759999999999997,0.41759999999999997,9.615,0.6264,13,125,123.85714285714286,1,30,0.165888,55.5,1.85,30.0,0.165888,REORDENAR,True
MASS0604,lumpy,C,0.85,27.0,15.0,5.976,9.024000000000001,0.3984,0.3984,8.333,1.2654,15,125,124.71428571428571,0,0,0.0,0.0,9.5,40.0,0.08976,OK,False
MASS2406,lumpy,C,0.85,0.0,36.400000000000006,25.74193548387097,10.658064516129034,1.7161290322580647,1.7161290322580647,3.444,0.6528,9,31,30.285714285714285,23,23,1.1500000000000001,23.0,1.0,1.0,0.05,REORDENAR,True
MASS0376,lumpy,C,0.85,0.0,20.0,5.570652173913043,14.429347826086957,0.3713768115942029,0.3713768115942029,17.25,2.2324,8,138,137.42857142857142,1,200,0.05,262.0,1.31,200.0,0.05,REORDENAR,True
MASS2365,lumpy,C,0.85,136.0,27.5,20.325000000000003,7.174999999999997,1.3550000000000002,1.3550000000000002,1.5,1.7428,20,30,29.428571428571427,0,0,0.0,0.0,6.29,10.0,0.096109548,OK,False
MASS0544,lumpy,C,0.85,0.0,21.0,6.26470588235294,14.73529411764706,0.41764705882352937,0.41764705882352937,6.0,1.6382,17,102,101.14285714285714,6,6,0.30000000000000004,6.0,1.0,1.0,0.05,REORDENAR,True
MASS1550,lumpy,C,0.85,0.0,14.599999999999994,5.951999999999999,8.647999999999996,0.39679999999999993,0.39679999999999993,6.944,0.5899,18,125,123.85714285714286,1,10,0.17856,55.0,5.5,10.0,0.17856,REORDENAR,True
MASS2412,lumpy,C,0.85,98.0,34.0,24.483870967741932,9.516129032258066,1.6322580645161289,1.6322580645161289,3.444,0.8034,9,31,30.285714285714285,0,0,0.0,0.0,1.0,1.0,0.05,OK,False
MASS2788,smooth,C,0.85,19.0,205.31316919352125,195.9375,9.37566919352125,13.0625,13.0625,1.0,0.1647,4,4,3.4285714285714284,5,2160,0.25992000000000004,280.8,0.13,432.0,0.051984,REORDENAR,True
MASS2372,lumpy,C,0.85,74.0,26.68965517241379,26.68965517241379,0.0,1.779310344827586,1.779310344827586,1.933,0.7079,15,29,28.428571428571427,0,0,0.0,0.0,6.97,40.0,0.09082125,OK,False
MASS2045,lumpy,C,0.85,0.0,19.199999999999992,13.919999999999996,5.279999999999996,0.9279999999999997,0.9279999999999997,7.143,1.8133,7,50,48.857142857142854,13,13,0.65,13.0,1.0,1.0,0.05,REORDENAR,True
MASS2267,lumpy,C,0.85,0.0,23.6,15.678571428571427,7.921428571428574,1.045238095238095,1.045238095238095,3.0,2.0415,14,42,41.142857142857146,14,14,0.7000000000000001,14.0,1.0,1.0,0.05,REORDENAR,True
MASS1512,lumpy,C,0.85,0.0,25.200000000000003,5.977443609022556,19.222556390977445,0.39849624060150374,0.39849624060150374,11.083,0.5076,12,133,132.14285714285714,6,6,0.30000000000000004,6.0,1.0,1.0,0.05,REORDENAR,True
MASS2586,lumpy,C,0.85,48.0,37.05882352941177,37.05882352941177,0.0,2.4705882352941178,2.4705882352941178,1.545,2.1953,11,17,16.714285714285715,0,0,0.0,0.0,9.9,1.0,0.017061,OK,False
MASS0373,lumpy,C,0.85,0.0,20.0,5.570652173913043,14.429347826086957,0.3713768115942029,0.3713768115942029,17.25,2.2324,8,138,137.42857142857142,1,200,0.05,262.0,1.31,200.0,0.05,REORDENAR,True
MASS0009,lumpy,C,0.85,0.0,32.699999999999996,5.308593749999999,27.391406249999996,0.3539062499999999,0.3539062499999999,16.0,2.3821,8,128,127.14285714285714,5,5,0.25,5.0,1.0,1.0,0.05,REORDENAR,True
MASS2734,lumpy,C,0.85,247.0,181.875,181.875,0.0,12.125,12.125,1.333,1.43,3,4,3.4285714285714284,0,0,0.0,0.0,4.58,50.0,0.05733,OK,False
MASS2332,lumpy,C,0.85,48.0,22.699999999999996,22.699999999999996,0.0,1.513333333333333,1.513333333333333,2.5,1.3104,12,30,29.571428571428573,0,0,0.0,0.0,2.1,20.0,0.1272375,OK,False
MASS1003,lumpy,C,0.85,0.0,10.0,7.9450549450549435,2.0549450549450565,0.5296703296703296,0.5296703296703296,3.64,1.1156,25,91,90.71428571428571,7,7,0.35000000000000003,7.0,1.0,1.0,0.05,REORDENAR,True
MASS2414,lumpy,C,0.85,0.0,31.299999999999994,23.564516129032253,7.735483870967741,1.5709677419354835,1.5709677419354835,4.429,1.1649,7,31,30.428571428571427,21,21,1.05,21.0,1.0,1.0,0.05,REORDENAR,True
MASS1380,lumpy,C,0.85,0.0,20.0,6.461538461538461,13.53846153846154,0.43076923076923074,0.43076923076923074,23.4,1.3018,5,117,116.57142857142857,6,6,0.30000000000000004,6.0,1.0,1.0,0.05,REORDENAR,True
MASS0262,lumpy,C,0.85,0.0,28.199999999999996,8.313253012048191,19.886746987951803,0.5542168674698794,0.5542168674698794,9.222,1.8855,9,83,82.57142857142857,8,8,0.4,8.0,1.0,1.0,0.05,REORDENAR,True
MASS2349,erratic,C,0.85,1.0,30.36087914857041,24.89999999999999,5.46087914857042,1.6599999999999995,1.6599999999999995,1.25,0.7623,24,30,29.428571428571427,6,120,0.44906399999999996,498.00000000000006,4.15,20.0,0.074844,REORDENAR,True
MASS1204,intermittent,C,0.85,0.0,23.19999999999999,4.898622504256307,18.30137749574368,0.36619718309859156,0.32657483361708717,17.75,0.2164,8,142,141.14285714285714,1,50,0.062208,102.49999999999999,2.05,50.0,0.062208,REORDENAR,True
MASS1313,intermittent,C,0.85,0.0,20.0,4.809206541490006,15.190793458509994,0.4094488188976378,0.32061376943266706,12.7,0.4339,10,127,126.57142857142857,6,6,0.30000000000000004,6.0,1.0,1.0,0.05,REORDENAR,True
MASS1903,lumpy,C,0.85,46.0,11.399999999999999,8.873239436619718,2.5267605633802805,0.5915492957746479,0.5915492957746479,2.958,1.5313,24,71,69.85714285714286,0,0,0.0,0.0,2.65,32.0,0.408,OK,False
MASS2409,lumpy,C,0.85,0.0,32.0,23.419354838709676,8.580645161290326,1.5612903225806452,1.5612903225806452,6.2,1.1723,5,31,30.285714285714285,21,21,1.05,21.0,1.0,1.0,0.05,REORDENAR,True
MASS2596,lumpy,C,0.85,49.0,39.52941176470587,39.52941176470587,0.0,2.635294117647058,2.635294117647058,2.429,2.2401,7,17,16.714285714285715,0,0,0.0,0.0,0.68,200.0,0.11628,OK,False
MASS1563,lumpy,C,0.85,0.0,12.0,5.174418604651163,6.825581395348837,0.3449612403100775,0.3449612403100775,11.727,1.576,11,129,127.85714285714286,5,5,0.25,5.0,1.0,1.0,0.05,REORDENAR,True
MASS2690,intermittent,C,0.85,128.0,107.95435333896873,107.95435333896873,0.0,7.371428571428572,7.196956889264582,3.5,0.0473,2,7,6.142857142857143,0,0,0.0,0.0,1.0,1.0,0.05,OK,False
MASS2030,lumpy,C,0.85,17.0,19.599999999999994,13.859999999999998,5.739999999999997,0.9239999999999998,0.9239999999999998,3.846,1.1096,13,50,48.857142857142854,13,13,0.65,13.0,1.0,1.0,0.05,REORDENAR,True
MASS1932,lumpy,C,0.85,32.0,16.0,10.774647887323944,5.225352112676056,0.7183098591549296,0.7183098591549296,3.381,0.5353,21,71,70.28571428571429,0,0,0.0,0.0,3.5,100.0,0.072,OK,False
MASS2451,intermittent,C,0.85,1.0,37.4,22.7653322992483,14.634667700751697,1.7172413793103447,1.5176888199498866,2.231,0.2324,13,29,28.428571428571427,23,23,1.1500000000000001,23.0,1.0,1.0,0.05,REORDENAR,True
MASS2389,lumpy,C,0.85,0.0,40.8,24.310344827586206,16.48965517241379,1.6206896551724137,1.6206896551724137,2.636,0.598,11,29,28.428571428571427,1,60,0.10465,132.0,2.2,60.0,0.10465,REORDENAR,True
MASS1915,lumpy,C,0.85,3.0,13.0,10.077464788732394,2.922535211267606,0.671830985915493,0.671830985915493,2.958,0.8829,24,71,69.85714285714286,9,9,0.45,9.0,1.0,1.0,0.05,REORDENAR,True
MASS2384,lumpy,C,0.85,36.0,28.4,25.75862068965517,2.641379310344826,1.7172413793103447,1.7172413793103447,2.231,1.6727,13,29,28.428571428571427,0,0,0.0,0.0,3.75,60.0,0.0962,OK,False
MASS2197,lumpy,C,0.85,45.0,29.0,18.21428571428571,10.785714285714288,1.2142857142857142,1.2142857142857142,7.0,1.0394,6,42,41.142857142857146,0,0,0.0,0.0,31.0,12.0,0.05,OK,False
MASS0904,lumpy,C,0.85,0.0,10.400000000000006,5.038167938931296,5.36183206106871,0.33587786259541974,0.33587786259541974,8.733,1.2951,15,131,130.57142857142858,5,5,0.25,5.0,1.0,1.0,0.05,REORDENAR,True
MASS0257,lumpy,C,0.85,1.0,20.879999999999995,5.598425196850393,15.281574803149605,0.37322834645669284,0.37322834645669284,9.769,0.6331,13,127,126.57142857142857,5,5,0.25,5.0,1.0,1.0,0.05,REORDENAR,True
MASS2220,lumpy,C,0.85,0.0,18.538461538461537,18.538461538461537,0.0,1.2358974358974357,1.2358974358974357,4.875,1.9259,8,39,38.714285714285715,1,30,0.0559845,450.0,15.0,30.0,0.0559845,REORDENAR,True
MASS0048,lumpy,C,0.85,0.0,15.560000000000008,5.148936170212766,10.411063829787242,0.3432624113475177,0.3432624113475177,15.667,0.6894,9,141,140.28571428571428,5,5,0.25,5.0,1.0,1.0,0.05,REORDENAR,True
MASS3007,intermittent,C,0.85,150.0,47.58,47.58,0.0,3.4857142857142853,3.1719999999999997,2.8,0.18,5,14,14.571428571428571,0,0,0.0,0.0,4.74,10.0,0.05,OK,False
MASS3020,lumpy,C,0.85,150.0,49.5,49.5,0.0,3.3,3.3,2.5,0.688,6,15,14.428571428571429,0,0,0.0,0.0,5.77,10.0,0.05,OK,False
MASS1847,lumpy,C,0.85,1.0,15.0,6.968749999999997,8.031250000000004,0.4645833333333332,0.4645833333333332,9.6,1.1111,10,96,94.85714285714286,7,7,0.35000000000000003,7.0,1.0,1.0,0.05,REORDENAR,True
MASS1844,lumpy,C,0.85,0.0,17.0,7.147959183673468,9.852040816326532,0.47653061224489784,0.47653061224489784,14.0,0.6679,7,98,97.42857142857143,7,7,0.35000000000000003,7.0,1.0,1.0,0.05,REORDENAR,True
MASS2644,intermittent,C,0.85,0.0,78.17437500000001,78.17437500000001,0.0,6.025,5.211625000000001,1.6,0.27,5,8,7.571428571428571,79,79,3.95,79.0,1.0,1.0,0.05,REORDENAR,True
MASS2461,erratic,C,0.85,0.0,101.21848479847839,93.1875,8.030984798478393,6.2125,6.2125,1.143,0.7345,7,8,6.857142857142857,8,200,0.5952,1050.0,5.25,25.0,0.0744,REORDENAR,True
MASS2348,intermittent,C,0.85,0.0,26.95,18.82395488989473,8.12604511010527,1.6316666666666668,1.2549303259929818,3.75,0.4618,8,30,29.571428571428573,2,32,0.22790625,179.2,5.6,16.0,0.113953125,REORDENAR,True
MASS2441,lumpy,C,0.85,0.0,35.599999999999994,25.603448275862068,9.99655172413793,1.706896551724138,1.706896551724138,2.636,0.6908,11,29,28.714285714285715,23,23,1.1500000000000001,23.0,1.0,1.0,0.05,REORDENAR,True
MASS2429,lumpy,C,0.85,57.0,23.125,23.125,0.0,1.5416666666666667,1.5416666666666667,5.0,1.192,6,30,29.571428571428573,0,0,0.0,0.0,12.32,1.0,0.02562,OK,False
MASS1593,intermittent,C,0.85,0.0,5.2824,5.2824,0.0,0.3968,0.35216,25.0,0.225,5,125,123.85714285714286,1,25,0.048509375,50.0,2.0,25.0,0.048509375,REORDENAR,True
MASS2239,lumpy,C,0.85,2.0,22.5,18.15,4.350000000000001,1.21,1.21,2.353,0.6137,17,40,39.285714285714285,1,300,0.1225,675.0,2.25,300.0,0.1225,REORDENAR,True
MASS2797,smooth,C,0.85,22.0,190.85964831653848,181.875,8.984648316538495,12.125,12.125,1.0,0.2112,4,4,3.4285714285714284,5,2160,0.25992000000000004,280.8,0.13,432.0,0.051984,REORDENAR,True
MASS0212,sin_datos,C,0.85,0.0,5.555555555555555,5.555555555555555,0.0,0.37037037037037035,0.37037037037037035,135.0,,1,135,134.42857142857142,1,1,0.05,1.0,1.0,1.0,0.05,REORDENAR,True
MASS2637,erratic,C,0.85,0.0,97.56841579116943,89.81249999999999,7.755915791169439,5.987499999999999,5.987499999999999,1.143,0.6104,7,8,7.428571428571429,199,199,9.950000000000001,199.0,1.0,1.0,0.05,REORDENAR,True
MASS1744,lumpy,C,0.85,0.0,6.012931034482759,6.012931034482759,0.0,0.40086206896551724,0.40086206896551724,19.333,1.3171,6,116,115.28571428571429,6,6,0.30000000000000004,6.0,1.0,1.0,0.05,REORDENAR,True
MASS1748,lumpy,C,0.85,0.0,6.1034482758620685,6.1034482758620685,0.0,0.4068965517241379,0.4068965517241379,23.2,0.955,5,116,115.28571428571429,6,6,0.30000000000000004,6.0,1.0,1.0,0.05,REORDENAR,True
MASS2634,lumpy,C,0.85,0.0,92.34375,92.34375,0.0,6.15625,6.15625,1.333,0.649,6,8,7.428571428571429,81,81,4.05,81.0,1.0,1.0,0.05,REORDENAR,True
MASS2624,smooth,C,0.85,0.0,99.93168605156127,93.75,6.181686051561267,6.25,6.25,1.0,0.1445,8,8,7.571428571428571,204,204,10.200000000000001,204.0,1.0,1.0,0.05,REORDENAR,True
MASS1622,intermittent,C,0.85,0.0,16.0,4.89585,11.10415,0.4,0.32639,7.353,0.368,17,125,123.85714285714286,1,10,0.17856,55.0,5.5,10.0,0.17856,REORDENAR,True
MASS1594,lumpy,C,0.85,0.0,17.299999999999994,5.675999999999999,11.623999999999995,0.37839999999999996,0.37839999999999996,17.857,0.9893,7,125,123.85714285714286,1,25,0.048509375,50.0,2.0,25.0,0.048509375,REORDENAR,True
MASS2636,intermittent,C,0.85,1.0,73.70580000000001,73.70580000000001,0.0,6.125,4.9137200000000005,1.333,0.3955,6,8,7.428571428571429,80,80,4.0,80.0,1.0,1.0,0.05,REORDENAR,True
MASS1155,lumpy,C,0.85,0.0,25.0,10.014084507042254,14.985915492957746,0.6676056338028169,0.6676056338028169,7.889,0.6335,9,71,70.28571428571429,9,9,0.45,9.0,1.0,1.0,0.05,REORDENAR,True
MASS1935,intermittent,C,0.85,34.0,13.489999999999998,8.411774712759494,5.078225287240504,0.678169014084507,0.5607849808506329,3.944,0.3462,18,71,70.28571428571429,0,0,0.0,0.0,3.5,100.0,0.072,OK,False
MASS1937,lumpy,C,0.85,0.0,21.4,10.352112676056338,11.04788732394366,0.6901408450704225,0.6901408450704225,4.438,1.0729,16,71,70.28571428571429,1,100,0.0375,75.0,0.75,100.0,0.0375,REORDENAR,True
MASS1008,lumpy,C,0.85,0.0,12.0,7.272727272727273,4.727272727272727,0.48484848484848486,0.48484848484848486,4.304,0.7872,23,99,97.85714285714286,7,7,0.35000000000000003,7.0,1.0,1.0,0.05,REORDENAR,True
MASS2168,intermittent,C,0.85,43.0,28.199999999999996,13.63407688656858,14.565923113431415,1.1395348837209303,0.908938459104572,2.688,0.4047,16,43,42.142857142857146,0,0,0.0,0.0,2.58,100.0,0.0324,OK,False
MASS2270,lumpy,C,0.85,0.0,23.0,13.553571428571427,9.446428571428573,0.9035714285714285,0.9035714285714285,3.0,2.1695,14,42,41.142857142857146,12,12,0.6000000000000001,12.0,1.0,1.0,0.05,REORDENAR,True
MASS0065,intermittent,C,0.85,121.0,20.0,5.251438026948231,14.74856197305177,0.42342342342342343,0.3500958684632154,10.091,0.3464,11,111,110.14285714285714,0,0,0.0,0.0,1.0,1.0,0.05,OK,False
MASS1703,lumpy,C,0.85,10.0,13.0,5.765217391304347,7.234782608695653,0.38434782608695645,0.38434782608695645,8.846,0.9638,13,115,114.42857142857143,5,5,0.25,5.0,1.0,1.0,0.05,REORDENAR,True
MASS2610,lumpy,C,0.85,201.0,77.62499999999999,77.62499999999999,0.0,5.174999999999999,5.174999999999999,1.6,3.3913,5,8,7.428571428571429,0,0,0.0,0.0,2.0,500.0,0.14256,OK,False
MASS2153,lumpy,C,0.85,0.0,25.39999999999999,12.719999999999999,12.679999999999993,0.8479999999999999,0.8479999999999999,4.167,1.3962,12,50,48.857142857142854,12,12,0.6000000000000001,12.0,1.0,1.0,0.05,REORDENAR,True
MASS2023,lumpy,C,0.85,0.0,26.0,13.739999999999998,12.260000000000002,0.9159999999999999,0.9159999999999999,2.174,0.5068,23,50,48.857142857142854,12,12,0.6000000000000001,12.0,1.0,1.0,0.05,REORDENAR,True
MASS1339,lumpy,C,0.85,0.0,15.199999999999989,4.948905109489051,10.251094890510938,0.32992700729927005,0.32992700729927005,15.222,0.5995,9,137,136.57142857142858,5,5,0.25,5.0,1.0,1.0,0.05,REORDENAR,True
MASS0150,lumpy,C,0.85,0.0,16.0,4.723404255319149,11.27659574468085,0.3148936170212766,0.3148936170212766,15.667,1.4678,9,141,140.28571428571428,1,40,0.04565356,108.0,2.7,40.0,0.04565356,REORDENAR,True
MASS0586,intermittent,C,0.85,2.0,18.560000000000002,6.590584337349398,11.969415662650606,0.5686746987951807,0.4393722891566265,4.882,0.4547,17,83,82.71428571428571,8,8,0.4,8.0,1.0,1.0,0.05,REORDENAR,True
MASS2542,sin_datos,C,0.85,0.0,36.0,36.0,0.0,2.4,2.4,20.0,,1,20,19.428571428571427,1,1,0.05,1.0,1.0,1.0,0.05,REORDENAR,True
MASS1510,lumpy,C,0.85,2.0,10.0,4.683333333333332,5.316666666666668,0.3122222222222221,0.3122222222222221,13.5,1.2423,10,135,134.42857142857142,5,5,0.25,5.0,1.0,1.0,0.05,REORDENAR,True
MASS2499,sin_datos,C,0.85,0.0,36.0,36.0,0.0,2.4,2.4,20.0,,1,20,19.428571428571427,1,1,0.05,1.0,1.0,1.0,0.05,REORDENAR,True
MASS1699,intermittent,C,0.85,0.0,18.0,4.727053140096618,13.272946859903382,0.41739130434782606,0.3151368760064412,11.5,0.49,10,115,114.42857142857143,6,6,0.30000000000000004,6.0,1.0,1.0,0.05,REORDENAR,True
MASS2055,lumpy,C,0.85,17.0,16.95,14.069999999999999,2.880000000000001,0.938,0.938,2.273,0.6729,22,50,48.857142857142854,0,0,0.0,0.0,1.0,1.0,0.05,OK,False
MASS2639,erratic,C,0.85,2.0,94.19737000088381,86.62499999999999,7.5723700008838195,5.7749999999999995,5.7749999999999995,1.143,0.5918,7,8,7.571428571428571,196,196,9.8,196.0,1.0,1.0,0.05,REORDENAR,True
MASS2010,lumpy,C,0.85,31.0,12.599999999999994,9.422535211267604,3.17746478873239,0.628169014084507,0.628169014084507,3.944,0.7445,18,71,70.28571428571429,0,0,0.0,0.0,1.0,1.0,0.05,OK,False
MASS1606,lumpy,C,0.85,0.0,10.399999999999999,5.568,4.831999999999999,0.3712,0.3712,9.615,0.8102,13,125,123.85714285714286,1,72,0.05,165.6,2.3,72.0,0.05,REORDENAR,True
MASS2105,lumpy,C,0.85,0.0,30.999999999999996,15.607142857142854,15.392857142857142,1.0404761904761903,1.0404761904761903,3.5,1.3977,12,42,41.142857142857146,1,100,0.030336,695.0,6.95,100.0,0.030336,REORDENAR,True
MASS1569,intermittent,C,0.85,0.0,15.299999999999999,4.6386415283895985,10.6613584716104,0.3589147286821705,0.30924276855930655,16.125,0.2768,8,129,127.85714285714286,5,5,0.25,5.0,1.0,1.0,0.05,REORDENAR,True
MASS2631,smooth,C,0.85,3.0,92.42102130814983,86.15625,6.264771308149839,5.74375,5.74375,1.0,0.343,8,8,6.857142857142857,195,195,9.75,195.0,1.0,1.0,0.05,REORDENAR,True
MASS2706,lumpy,C,0.85,273.0,161.25,161.25,0.0,10.75,10.75,1.333,2.287,3,4,3.4285714285714284,0,0,0.0,0.0,1.1,40.0,0.09,OK,False
MASS1461,lumpy,C,0.85,0.0,15.149999999999986,4.822265624999998,10.327734374999988,0.3214843749999999,0.3214843749999999,12.8,1.4994,10,128,127.14285714285714,5,5,0.25,5.0,1.0,1.0,0.05,REORDENAR,True
MASS2382,lumpy,C,0.85,73.0,22.96551724137931,22.96551724137931,0.0,1.5310344827586206,1.5310344827586206,2.071,1.1413,14,29,28.428571428571427,0,0,0.0,0.0,4.92,60.0,0.14259375,OK,False
MASS2707,lumpy,C,0.85,193.0,161.62499999999997,161.62499999999997,0.0,10.774999999999999,10.774999999999999,1.333,2.12,3,4,3.4285714285714284,0,0,0.0,0.0,3.35,120.0,0.05472,OK,False
MASS0588,intermittent,C,0.85,0.0,13.0,5.215988980588347,7.784011019411653,0.39786324786324784,0.3477325987058898,11.7,0.252,10,117,115.85714285714286,6,6,0.30000000000000004,6.0,1.0,1.0,0.05,REORDENAR,True
MASS0499,lumpy,C,0.85,0.0,13.0,4.795454545454544,8.204545454545457,0.3196969696969696,0.3196969696969696,10.154,0.8994,13,132,131.42857142857142,5,5,0.25,5.0,1.0,1.0,0.05,REORDENAR,True
MASS2252,lumpy,C,0.85,4.0,16.299999999999983,14.549999999999994,1.7499999999999893,0.9699999999999995,0.9699999999999995,2.105,1.9774,19,40,39.285714285714285,1,50,0.031768,120.0,2.4,50.0,0.031768,REORDENAR,True
MASS2077,lumpy,C,0.85,8.0,21.900000000000002,15.178571428571427,6.721428571428575,1.0119047619047619,1.0119047619047619,3.818,1.4504,11,42,41.142857142857146,1,100,0.025,100.0,1.0,100.0,0.025,REORDENAR,True
MASS2057,lumpy,C,0.85,153.0,19.75,13.125,6.625,0.875,0.875,3.125,1.2401,16,50,48.857142857142854,0,0,0.0,0.0,8.0,1.0,0.0096,OK,False
MASS1947,lumpy,C,0.85,27.0,11.0,9.143835616438356,1.8561643835616444,0.6095890410958904,0.6095890410958904,4.562,0.5303,16,73,72.57142857142857,0,0,0.0,0.0,3.8,20.0,0.0532,OK,False
MASS2713,smooth,C,0.85,35.0,175.7994522510715,167.625,8.174452251071498,11.175,11.175,1.0,0.2443,4,4,3.4285714285714284,2,700,0.136344,1400.0,2.0,350.0,0.068172,REORDENAR,True
MASS3054,lumpy,C,0.85,515.0,39.30882352941177,39.30882352941177,0.0,2.6205882352941177,2.6205882352941177,1.7,1.3964,10,17,16.285714285714285,0,0,0.0,0.0,1.1,70.0,0.05,OK,False
MASS2453,lumpy,C,0.85,2.0,30.69999999999999,21.214285714285708,9.485714285714282,1.414285714285714,1.414285714285714,2.154,1.1796,13,28,27.714285714285715,19,19,0.9500000000000001,19.0,1.0,1.0,0.05,REORDENAR,True
MASS2328,lumpy,C,0.85,0.0,20.999999999999996,20.999999999999996,0.0,1.3999999999999997,1.3999999999999997,2.308,1.1074,13,30,29.571428571428573,19,19,1.8253053000000001,1178.0,62.0,1.0,0.0960687,REORDENAR,True
MASS1934,intermittent,C,0.85,33.0,12.399999999999999,7.545271629778673,4.854728370221325,0.6338028169014085,0.5030181086519115,4.733,0.4127,15,71,70.28571428571429,0,0,0.0,0.0,3.5,100.0,0.072,OK,False
MASS2024,lumpy,C,0.85,0.0,21.199999999999996,12.959999999999997,8.239999999999998,0.8639999999999999,0.8639999999999999,2.632,0.9153,19,50,48.857142857142854,12,12,0.6000000000000001,12.0,1.0,1.0,0.05,REORDENAR,True
MASS0339,lumpy,C,0.85,0.0,18.0,6.681818181818181,11.31818181818182,0.4454545454545454,0.4454545454545454,5.211,1.158,19,99,98.14285714285714,1,80,0.08928,576.0,7.2,80.0,0.08928,REORDENAR,True
MASS1489,lumpy,C,0.85,1.0,32.0,5.3999999999999995,26.6,0.36,0.36,16.667,3.9733,6,100,98.85714285714286,5,5,0.25,5.0,1.0,1.0,0.05,REORDENAR,True
MASS1537,lumpy,C,0.85,0.0,10.0,4.8599999999999985,5.1400000000000015,0.3239999999999999,0.3239999999999999,6.579,1.3709,19,125,123.85714285714286,1,8,0.10472,160.0,20.0,8.0,0.10472,REORDENAR,True
MASS2269,lumpy,C,0.85,1.0,14.3,10.607142857142845,3.6928571428571555,0.7071428571428563,0.7071428571428563,2.211,2.7618,19,42,41.142857142857146,10,10,0.5,10.0,1.0,1.0,0.05,REORDENAR,True
MASS2627,smooth,C,0.85,105.0,88.52775714940185,82.125,6.4027571494018565,5.475,5.475,1.143,0.3376,7,8,7.714285714285714,0,0,0.0,0.0,1.0,1.0,0.05,OK,False
MASS2430,lumpy,C,0.85,70.0,20.5,20.5,0.0,1.3666666666666667,1.3666666666666667,6.0,1.2363,5,30,29.571428571428573,0,0,0.0,0.0,12.32,1.0,0.02562,OK,False
MASS0381,lumpy,C,0.85,36.0,22.299999999999997,14.75581395348837,7.544186046511626,0.983720930232558,0.983720930232558,2.389,0.7526,18,43,42.142857142857146,0,0,0.0,0.0,0.88,250.0,0.0136,OK,False
MASS1941,lumpy,C,0.85,0.0,12.179999999999998,8.757042253521124,3.422957746478873,0.5838028169014083,0.5838028169014083,3.944,0.9888,18,71,70.28571428571429,1,100,0.0375,75.0,0.75,100.0,0.0375,REORDENAR,True
MASS2362,intermittent,C,0.85,0.0,33.0,18.597178683385575,14.402821316614423,1.4603448275862068,1.239811912225705,2.417,0.302,12,29,28.428571428571427,4,24,0.312,248.39999999999998,10.35,6.0,0.078,REORDENAR,True
MASS1590,lumpy,C,0.85,0.0,21.0,4.8046875,16.1953125,0.3203125,0.3203125,11.636,0.6342,11,128,127.14285714285714,5,5,0.25,5.0,1.0,1.0,0.05,REORDENAR,True
MASS2592,lumpy,C,0.85,193.0,28.7205882352941,28.7205882352941,0.0,1.9147058823529401,1.9147058823529401,1.417,3.1902,12,17,16.714285714285715,0,0,0.0,0.0,4.35,30.0,0.11158875,OK,False
MASS2066,lumpy,C,0.85,0.0,27.299999999999997,12.239999999999998,15.059999999999999,0.816,0.816,4.167,0.5021,12,50,48.857142857142854,1,100,0.104676,140.0,1.4,100.0,0.104676,REORDENAR,True
MASS1939,lumpy,C,0.85,0.0,12.0,7.880281690140846,4.119718309859154,0.5253521126760564,0.5253521126760564,3.55,0.9399,20,71,70.28571428571429,1,100,0.0375,75.0,0.75,100.0,0.0375,REORDENAR,True
MASS1965,intermittent,C,0.85,39.0,16.549999999999997,8.122418665590079,8.427581334409918,0.5992957746478873,0.5414945777060053,7.1,0.1929,10,71,70.28571428571429,0,0,0.0,0.0,2.5,80.0,0.080325,OK,False
MASS1607,lumpy,C,0.85,1.0,10.0,5.04,4.96,0.336,0.336,8.333,0.5503,15,125,123.85714285714286,1,72,0.05,165.6,2.3,72.0,0.05,REORDENAR,True
MASS2638,erratic,C,0.85,8.0,80.69578695764316,74.24999999999999,6.445786957643181,4.949999999999999,4.949999999999999,1.143,0.5741,7,8,7.428571428571429,181,181,9.05,181.0,1.0,1.0,0.05,REORDENAR,True
MASS1972,intermittent,C,0.85,0.0,17.16,7.4089716872664555,9.751028312733544,0.5830985915492958,0.4939314458177637,5.462,0.3058,13,71,70.28571428571429,1,30,0.067116,306.0,10.2,30.0,0.067116,REORDENAR,True
MASS2794,erratic,C,0.85,30.0,163.25002829055518,154.6875,8.562528290555187,10.3125,10.3125,1.0,0.644,4,4,3.4285714285714284,4,1728,0.207936,224.64000000000001,0.13,432.0,0.051984,REORDENAR,True
MASS2793,smooth,C,0.85,30.0,162.10590512690257,154.6875,7.418405126902568,10.3125,10.3125,1.0,0.1602,4,4,3.4285714285714284,4,1728,0.207936,224.64000000000001,0.13,432.0,0.051984,REORDENAR,True
MASS0098,intermittent,C,0.85,0.0,16.0,5.097938144329897,10.902061855670103,0.4268041237113402,0.3398625429553264,13.857,0.4074,7,97,96.71428571428571,6,6,0.30000000000000004,6.0,1.0,1.0,0.05,REORDENAR,True
MASS1207,lumpy,C,0.85,0.0,12.5,4.665354330708661,7.834645669291339,0.3110236220472441,0.3110236220472441,11.545,1.3409,11,127,126.57142857142857,5,5,0.25,5.0,1.0,1.0,0.05,REORDENAR,True
MASS2625,erratic,C,0.85,8.0,83.96352173585018,77.625,6.338521735850178,5.175,5.175,1.143,0.5185,7,8,6.857142857142857,185,185,9.25,185.0,1.0,1.0,0.05,REORDENAR,True
MASS1566,lumpy,C,0.85,0.0,12.600000000000009,4.186046511627906,8.413953488372101,0.2790697674418604,0.2790697674418604,14.333,1.3546,9,129,127.85714285714286,4,4,0.2,4.0,1.0,1.0,0.05,REORDENAR,True
MASS1677,lumpy,C,0.85,0.0,5.0,4.848,0.15200000000000014,0.3232,0.3232,62.5,1.161,2,125,124.42857142857143,5,5,0.25,5.0,1.0,1.0,0.05,REORDENAR,True
MASS2262,lumpy,C,0.85,0.0,20.399999999999995,14.651162790697674,5.748837209302321,0.9767441860465116,0.9767441860465116,3.909,0.5737,11,43,42.142857142857146,13,13,0.65,13.0,1.0,1.0,0.05,REORDENAR,True
MASS0596,intermittent,C,0.85,4.0,9.199999999999996,4.484029802397149,4.7159701976028465,0.38285714285714284,0.29893532015980995,10.5,0.4384,10,105,103.85714285714286,1,90,0.1598,990.0,11.0,90.0,0.1598,REORDENAR,True
MASS1164,intermittent,C,0.85,63.0,12.6,3.7418825686302895,8.85811743136971,0.29503546099290784,0.24945883790868598,28.2,0.309,5,141,140.28571428571428,0,0,0.0,0.0,2.3,100.0,0.05,OK,False
MASS1235,lumpy,C,0.85,4.0,10.0,4.644,5.356,0.3096,0.3096,10.417,0.7941,12,125,123.85714285714286,1,24,0.088452,127.68,5.32,24.0,0.088452,REORDENAR,True
MASS1940,lumpy,C,0.85,0.0,11.0,8.598591549295774,2.401408450704226,0.5732394366197183,0.5732394366197183,5.071,0.8205,14,71,70.28571428571429,1,100,0.0375,75.0,0.75,100.0,0.0375,REORDENAR,True
MASS1938,lumpy,C,0.85,0.0,14.0,8.18661971830986,5.81338028169014,0.545774647887324,0.545774647887324,4.438,1.1162,16,71,70.28571428571429,1,100,0.0375,75.0,0.75,100.0,0.0375,REORDENAR,True
MASS1312,lumpy,C,0.85,0.0,5.0,4.8425196850393695,0.15748031496063053,0.3228346456692913,0.3228346456692913,11.545,0.8795,11,127,126.57142857142857,5,5,0.25,5.0,1.0,1.0,0.05,REORDENAR,True
MASS2201,lumpy,C,0.85,0.0,17.0,11.625,5.375,0.775,0.775,3.125,0.6168,16,50,48.857142857142854,11,11,0.55,990.0,90.0,1.0,0.05,REORDENAR,True
MASS2236,intermittent,C,0.85,0.0,29.0,12.337331639886578,16.662668360113422,1.0125,0.8224887759924385,3.636,0.3753,11,40,39.285714285714285,1,40,0.05,560.0,14.0,40.0,0.05,REORDENAR,True
MASS2635,erratic,C,0.85,9.0,79.69135991582925,72.9375,6.753859915829259,4.8625,4.8625,1.0,1.0925,8,8,7.428571428571429,180,180,9.0,180.0,1.0,1.0,0.05,REORDENAR,True
MASS2626,smooth,C,0.85,59.0,81.8791236519889,76.3125,5.56662365198891,5.0875,5.0875,1.143,0.2082,7,8,6.857142857142857,184,184,9.200000000000001,184.0,1.0,1.0,0.05,REORDENAR,True
MASS1565,lumpy,C,0.85,0.0,12.0,4.238372093023254,7.761627906976746,0.2825581395348836,0.2825581395348836,16.125,1.2666,8,129,127.85714285714286,4,4,0.2,4.0,1.0,1.0,0.05,REORDENAR,True
MASS1697,intermittent,C,0.85,0.0,19.0,3.962055453534386,15.037944546465614,0.34347826086956523,0.26413703023562574,10.455,0.462,11,115,114.42857142857143,5,5,0.25,5.0,1.0,1.0,0.05,REORDENAR,True
MASS1876,lumpy,C,0.85,5.0,10.0,6.916666666666664,3.0833333333333357,0.46111111111111097,0.46111111111111097,4.0,1.3629,18,72,71.71428571428571,6,6,0.18413208,216.0,36.0,1.0,0.03068868,REORDENAR,True
MASS1376,lumpy,C,0.85,0.0,12.0,4.021739130434783,7.978260869565217,0.26811594202898553,0.26811594202898553,8.625,0.9387,16,138,137.57142857142858,4,4,0.2,4.0,1.0,1.0,0.05,REORDENAR,True
MASS0803,lumpy,C,0.85,0.0,4.92391304347826,4.92391304347826,0.0,0.32826086956521733,0.32826086956521733,28.75,1.14,4,115,114.42857142857143,5,5,0.25,5.0,1.0,1.0,0.05,REORDENAR,True
MASS0494,lumpy,C,0.85,0.0,21.999999999999996,4.319999999999999,17.679999999999996,0.288,0.288,25.0,1.625,5,125,124.42857142857143,4,4,0.2,4.0,1.0,1.0,0.05,REORDENAR,True
MASS1616,intermittent,C,0.85,0.0,14.0,4.140098181818183,9.859901818181818,0.31560000000000005,0.2760065454545455,10.417,0.2509,12,125,123.85714285714286,5,5,0.006345,18.75,3.75,1.0,0.001269,REORDENAR,True
MASS2613,sin_datos,C,0.85,160.0,75.0,75.0,0.0,5.0,5.0,8.0,,1,8,7.428571428571429,0,0,0.0,0.0,7.8,100.0,0.094392,OK,False
MASS1090,lumpy,C,0.85,0.0,24.95,5.3113636363636365,19.638636363636362,0.3540909090909091,0.3540909090909091,13.75,0.8457,8,110,109.28571428571429,5,5,0.25,5.0,1.0,1.0,0.05,REORDENAR,True
MASS1603,intermittent,C,0.85,0.0,18.6,4.1773050000000005,14.422695000000001,0.3168,0.27848700000000004,13.889,0.2419,9,125,123.85714285714286,5,5,0.25,9.0,1.8,1.0,0.05,REORDENAR,True
MASS1529,intermittent,C,0.85,0.0,9.0,3.8653625,5.1346375,0.3056,0.2576908333333333,17.857,0.3135,7,125,123.85714285714286,4,4,0.2,4.0,1.0,1.0,0.05,REORDENAR,True
MASS2388,intermittent,C,0.85,0.0,29.419999999999995,16.975172413793103,12.444827586206893,1.3689655172413795,1.1316781609195403,7.25,0.3467,4,29,28.428571428571427,1,60,0.10465,132.0,2.2,60.0,0.10465,REORDENAR,True
MASS1213,lumpy,C,0.85,15.0,10.0,5.628571428571428,4.371428571428572,0.3752380952380952,0.3752380952380952,8.077,0.6509,13,105,104.28571428571429,0,0,0.0,0.0,1.0,1.0,0.05,OK,False
MASS3024,lumpy,C,0.85,160.0,36.0,34.23529411764706,1.7647058823529398,2.2823529411764705,2.2823529411764705,3.4,0.54,5,17,16.285714285714285,0,0,0.0,0.0,5.77,10.0,0.05,OK,False
MASS2721,lumpy,C,0.85,137.0,145.875,145.875,0.0,9.725,9.725,1.333,0.6206,3,4,3.4285714285714284,3,180,0.408618,513.0,2.85,60.0,0.136206,REORDENAR,True
MASS1957,lumpy,C,0.85,21.0,12.0,8.32394366197183,3.67605633802817,0.5549295774647887,0.5549295774647887,5.462,0.5539,13,71,70.28571428571429,0,0,0.0,0.0,1.08,50.0,0.00125,OK,False
MASS0253,lumpy,C,0.85,0.0,7.0,3.619565217391304,3.380434782608696,0.24130434782608695,0.24130434782608695,7.188,2.8614,16,115,114.42857142857143,4,4,0.2,4.0,1.0,1.0,0.05,REORDENAR,True
MASS2593,lumpy,C,0.85,110.0,25.23529411764705,25.23529411764705,0.0,1.68235294117647,1.68235294117647,1.889,4.2071,9,17,16.714285714285715,0,0,0.0,0.0,4.35,50.0,0.16875,OK,False
MASS1642,lumpy,C,0.85,41.0,4.61344537815126,4.61344537815126,0.0,0.307563025210084,0.307563025210084,13.222,1.2115,9,119,117.85714285714286,0,0,0.0,0.0,1.0,1.0,0.05,OK,False
MASS2265,lumpy,C,0.85,18.0,13.3,11.142857142857137,2.1571428571428637,0.7428571428571424,0.7428571428571424,3.231,2.4074,13,42,41.142857142857146,0,0,0.0,0.0,1.0,1.0,0.05,OK,False
MASS1981,intermittent,C,0.85,0.0,19.200000000000003,6.586406743940991,12.613593256059012,0.5342465753424658,0.4390937829293994,3.476,0.3562,21,73,71.85714285714286,2,12,0.289304,86.4,7.2,6.0,0.144652,REORDENAR,True
MASS0104,lumpy,C,0.85,0.0,4.306640624999999,4.306640624999999,0.0,0.28710937499999994,0.28710937499999994,32.0,0.8652,4,128,127.14285714285714,4,4,0.2,4.0,1.0,1.0,0.05,REORDENAR,True
MASS0963,intermittent,C,0.85,0.0,17.400000000000006,5.611540087131802,11.788459912868204,0.47307692307692306,0.3741026724754535,5.2,0.4184,15,78,77.57142857142857,7,7,0.35000000000000003,7.0,1.0,1.0,0.05,REORDENAR,True
MASS2722,erratic,C,0.85,81.0,145.896934903976,137.24999999999997,8.64693490397601,9.149999999999999,9.149999999999999,1.0,0.9985,4,4,3.4285714285714284,6,360,0.817236,1026.0,2.85,60.0,0.136206,REORDENAR,True
MASS2728,erratic,C,0.85,160.0,143.3194350863257,133.31249999999997,10.00693508632575,8.887499999999998,8.887499999999998,1.0,1.7769,4,4,3.4285714285714284,0,0,0.0,0.0,3.3,40.0,0.056,OK,False
MASS2076,lumpy,C,0.85,13.0,17.900000000000002,13.285714285714283,4.614285714285719,0.8857142857142856,0.8857142857142856,6.0,1.2227,7,42,41.142857142857146,1,100,0.025,100.0,1.0,100.0,0.025,REORDENAR,True
MASS2361,lumpy,C,0.85,0.0,25.375,17.875,7.5,1.1916666666666667,1.1916666666666667,2.143,0.8896,14,30,29.428571428571427,4,16,0.3858992,240.0,15.0,4.0,0.0964748,REORDENAR,True
MASS0594,lumpy,C,0.85,0.0,18.499999999999996,3.9893617021276597,14.510638297872337,0.26595744680851063,0.26595744680851063,35.25,0.6478,4,141,140.28571428571428,1,150,0.08748,765.0,5.1,150.0,0.08748,REORDENAR,True
MASS2719,smooth,C,0.85,11.0,151.5747510432823,144.5625,7.012251043282292,9.6375,9.6375,1.0,0.213,4,4,3.4285714285714284,2,700,0.136344,1400.0,2.0,350.0,0.068172,REORDENAR,True
MASS2206,intermittent,C,0.85,0.0,15.0,9.734871794871795,5.265128205128205,0.78,0.648991452991453,3.125,0.3359,16,50,48.857142857142854,11,11,0.55,11.0,1.0,1.0,0.05,REORDENAR,True
MASS2170,lumpy,C,0.85,19.0,16.599999999999994,12.418604651162788,4.181395348837206,0.8279069767441859,0.8279069767441859,3.308,0.7502,13,43,42.142857142857146,0,0,0.0,0.0,2.35,240.0,0.091834,OK,False
MASS2296,lumpy,C,0.85,1.0,13.7,13.275,0.42499999999999893,0.885,0.885,13.333,1.4044,3,40,39.285714285714285,12,12,0.6000000000000001,12.0,1.0,1.0,0.05,REORDENAR,True
MASS0264,lumpy,C,0.85,0.0,18.000000000000043,5.606060606060606,12.393939393939437,0.37373737373737376,0.37373737373737376,9.0,0.4921,11,99,98.42857142857143,5,5,0.25,5.0,1.0,1.0,0.05,REORDENAR,True
MASS2202,lumpy,C,0.85,0.0,17.0,10.979999999999999,6.020000000000001,0.7319999999999999,0.7319999999999999,3.333,0.6426,15,50,48.857142857142854,10,10,0.5,10.0,1.0,1.0,0.05,REORDENAR,True
MASS2288,lumpy,C,0.85,0.0,21.799999999999997,13.799999999999999,7.999999999999998,0.9199999999999999,0.9199999999999999,3.077,0.7112,13,40,39.285714285714285,12,12,0.6000000000000001,12.0,1.0,1.0,0.05,REORDENAR,True
MASS2373,intermittent,C,0.85,90.0,24.0,15.300751879699249,8.699248120300751,1.2666666666666666,1.0200501253132832,3.75,0.3894,8,30,29.714285714285715,0,0,0.0,0.0,5.76,60.0,0.060372,OK,False
MASS2440,lumpy,C,0.85,0.0,27.599999999999998,19.396551724137932,8.203448275862065,1.293103448275862,1.293103448275862,3.625,0.7832,8,29,28.714285714285715,1,40,0.04565356,108.0,2.7,40.0,0.04565356,REORDENAR,True
MASS2178,lumpy,C,0.85,0.0,13.0,12.906976744186046,0.09302325581395365,0.8604651162790697,0.8604651162790697,3.308,0.5935,13,43,42.142857142857146,1,30,0.04032,204.0,6.8,30.0,0.04032,REORDENAR,True
MASS2172,lumpy,C,0.85,17.0,17.35,12.680232558139535,4.669767441860467,0.8453488372093023,0.8453488372093023,3.071,0.564,14,43,42.142857142857146,1,240,0.091834,564.0,2.35,240.0,0.091834,REORDENAR,True
MASS2591,lumpy,C,0.85,200.0,27.882352941176457,27.882352941176457,0.0,1.8588235294117639,1.8588235294117639,2.429,2.0898,7,17,16.714285714285715,0,0,0.0,0.0,6.35,10.0,0.112518,OK,False
MASS2177,lumpy,C,0.85,0.0,13.699999999999996,11.75581395348837,1.944186046511625,0.7837209302325581,0.7837209302325581,3.583,1.1754,12,43,42.142857142857146,1,30,0.03132,435.0,14.5,30.0,0.03132,REORDENAR,True
MASS3058,lumpy,C,0.85,523.0,33.599999999999994,29.999999999999993,3.6,1.9999999999999996,1.9999999999999996,2.429,1.2971,7,17,16.428571428571427,0,0,0.0,0.0,1.1,70.0,0.05,OK,False
MASS1073,lumpy,C,0.85,0.0,9.0,3.8374999999999977,5.162500000000002,0.2558333333333332,0.2558333333333332,6.316,1.1273,19,120,119.14285714285714,4,4,0.2,4.0,1.0,1.0,0.05,REORDENAR,True
MASS2368,lumpy,C,0.85,72.0,16.0,16.0,0.0,1.0666666666666667,1.0666666666666667,2.727,1.4775,11,30,29.428571428571427,0,0,0.0,0.0,4.55,10.0,0.0682375,OK,False
MASS2735,erratic,C,0.85,113.0,136.02776970163703,126.37499999999996,9.652769701637064,8.424999999999997,8.424999999999997,1.0,1.8807,4,4,3.4285714285714284,3,300,0.14112,1260.0,4.2,100.0,0.04704,REORDENAR,True
MASS2376,intermittent,C,0.85,84.0,16.4,14.793103448275865,1.6068965517241338,1.213793103448276,0.9862068965517243,3.222,0.375,9,29,28.428571428571427,0,0,0.0,0.0,4.62,60.0,0.11709775,OK,False
MASS2529,sin_datos,C,0.85,0.0,27.0,27.0,0.0,1.8,1.8,20.0,,1,20,19.428571428571427,1,1,0.05,1.0,1.0,1.0,0.05,REORDENAR,True
MASS2650,erratic,C,0.85,14.0,67.85458808560581,62.24999999999999,5.604588085605821,4.1499999999999995,4.1499999999999995,1.0,0.8607,8,8,7.428571428571429,166,166,8.3,166.0,1.0,1.0,0.05,REORDENAR,True
MASS1468,lumpy,C,0.85,6.0,11.0,3.829787234042553,7.170212765957447,0.2553191489361702,0.2553191489361702,17.625,0.6914,8,141,140.28571428571428,4,4,0.2,4.0,1.0,1.0,0.05,REORDENAR,True
MASS2512,sin_datos,C,0.85,0.0,27.0,27.0,0.0,1.8,1.8,20.0,,1,20,19.428571428571427,1,1,0.05,1.0,1.0,1.0,0.05,REORDENAR,True
MASS2554,sin_datos,C,0.85,0.0,27.0,27.0,0.0,1.8,1.8,20.0,,1,20,19.428571428571427,1,1,0.05,1.0,1.0,1.0,0.05,REORDENAR,True
MASS2555,sin_datos,C,0.85,0.0,27.0,27.0,0.0,1.8,1.8,20.0,,1,20,19.428571428571427,1,1,0.05,1.0,1.0,1.0,0.05,REORDENAR,True
MASS2581,sin_datos,C,0.85,0.0,27.0,27.0,0.0,1.8,1.8,20.0,,1,20,19.428571428571427,1,1,0.05,1.0,1.0,1.0,0.05,REORDENAR,True
MASS2256,lumpy,C,0.85,20.0,19.45,13.293750000000001,6.156249999999998,0.8862500000000001,0.8862500000000001,3.333,0.8081,12,40,39.285714285714285,0,0,0.0,0.0,2.8,50.0,0.028,OK,False
MASS1564,lumpy,C,0.85,0.0,6.0,3.348837209302325,2.651162790697675,0.2232558139534883,0.2232558139534883,14.333,2.9219,9,129,127.85714285714286,3,3,0.15000000000000002,3.0,1.0,1.0,0.05,REORDENAR,True
MASS2309,intermittent,C,0.85,17.0,16.6,14.281818181818181,2.3181818181818183,1.1733333333333333,0.9521212121212121,6.0,0.3771,5,30,29.285714285714285,0,0,0.0,0.0,25.4,1.0,0.19836,OK,False
MASS2351,intermittent,C,0.85,2.0,20.0,14.43205128205128,5.56794871794872,1.1699999999999997,0.962136752136752,1.579,0.3553,19,30,29.571428571428573,1,24,0.053157,58.800000000000004,2.45,24.0,0.053157,REORDENAR,True
MASS2705,intermittent,C,0.85,114.0,63.55794270833333,63.55794270833333,0.0,4.4375,4.237196180555555,2.667,0.0903,3,8,7.714285714285714,0,0,0.0,0.0,1.0,1.0,0.05,OK,False
MASS2567,sin_datos,C,0.85,0.0,27.0,27.0,0.0,1.8,1.8,20.0,,1,20,19.428571428571427,1,1,0.05,1.0,1.0,1.0,0.05,REORDENAR,True
MASS3050,lumpy,C,0.85,525.0,33.49999999999999,31.499999999999993,2.0000000000000013,2.0999999999999996,2.0999999999999996,2.0,0.835,8,16,15.428571428571429,0,0,0.0,0.0,1.1,70.0,0.05,OK,False
MASS0847,sin_datos,C,0.85,0.0,3.8321167883211684,3.8321167883211684,0.0,0.25547445255474455,0.25547445255474455,137.0,,1,137,136.57142857142858,1,1,0.05,1.0,1.0,1.0,0.05,REORDENAR,True
MASS2151,lumpy,C,0.85,0.0,19.6,10.46938775510204,9.13061224489796,0.6979591836734694,0.6979591836734694,5.444,1.1976,9,49,48.714285714285715,1,10,0.05,49.5,4.95,10.0,0.05,REORDENAR,True
MASS2702,lumpy,C,0.85,96.0,55.12499999999999,55.12499999999999,0.0,3.6749999999999994,3.6749999999999994,1.6,3.3776,5,8,7.428571428571429,0,0,0.0,0.0,5.0,10.0,0.137826,OK,False
MASS2176,lumpy,C,0.85,2.0,14.0,12.209302325581396,1.7906976744186043,0.813953488372093,0.813953488372093,4.3,0.4943,10,43,42.142857142857146,1,30,0.02376,315.0,10.5,30.0,0.02376,REORDENAR,True
MASS1338,intermittent,C,0.85,0.0,15.199999999999989,3.2093952033368085,11.990604796663181,0.24781021897810215,0.2139596802224539,34.25,0.2732,4,137,136.57142857142858,4,4,0.2,4.0,1.0,1.0,0.05,REORDENAR,True
MASS2357,lumpy,C,0.85,4.0,20.6,16.034482758620687,4.565517241379313,1.0689655172413792,1.0689655172413792,1.706,1.1409,17,29,28.714285714285715,2,20,0.110577,97.0,4.85,10.0,0.0552885,REORDENAR,True
MASS1719,lumpy,C,0.85,25.0,9.0,4.108695652173912,4.891304347826088,0.27391304347826084,0.27391304347826084,10.455,1.1027,11,115,114.42857142857143,0,0,0.0,0.0,1.0,1.0,0.05,OK,False
MASS2247,intermittent,C,0.85,2.0,21.0,10.225502077562329,10.774497922437671,0.875,0.6817001385041552,3.636,0.4418,11,40,39.285714285714285,1,80,0.053248,176.0,2.2,80.0,0.053248,REORDENAR,True
MASS2297,lumpy,C,0.85,29.0,11.699999999999996,11.024999999999997,0.6749999999999989,0.7349999999999998,0.7349999999999998,5.0,2.1784,8,40,39.285714285714285,0,0,0.0,0.0,1.0,1.0,0.05,OK,False
MASS2107,lumpy,C,0.85,0.0,13.3,10.178571428571429,3.121428571428572,0.6785714285714286,0.6785714285714286,3.818,2.1695,11,42,41.142857142857146,1,100,0.030336,695.0,6.95,100.0,0.030336,REORDENAR,True
MASS2011,intermittent,C,0.85,12.0,18.0,6.014285714285714,11.985714285714286,0.5,0.40095238095238095,4.375,0.3962,16,70,69.71428571428571,7,7,0.35000000000000003,7.0,1.0,1.0,0.05,REORDENAR,True
MASS2053,lumpy,C,0.85,0.0,14.5,10.139999999999999,4.360000000000001,0.6759999999999999,0.6759999999999999,3.846,0.9976,13,50,48.857142857142854,9,9,0.45,9.0,1.0,1.0,0.05,REORDENAR,True
MASS2712,erratic,C,0.85,1.0,132.48719364729146,125.81249999999999,6.674693647291481,8.3875,8.3875,1.0,0.5029,4,4,3.4285714285714284,2,700,0.136344,1400.0,2.0,350.0,0.068172,REORDENAR,True
MASS2386,lumpy,C,0.85,25.0,17.586206896551722,17.586206896551722,0.0,1.1724137931034482,1.1724137931034482,2.636,1.0562,11,29,28.428571428571427,0,0,0.0,0.0,2.75,60.0,0.098423,OK,False
MASS2295,lumpy,C,0.85,51.0,10.875,10.875,0.0,0.725,0.725,3.636,2.2076,11,40,39.285714285714285,0,0,0.0,0.0,1.0,1.0,0.05,OK,False
MASS2343,lumpy,C,0.85,0.0,18.5,15.299999999999997,3.200000000000003,1.0199999999999998,1.0199999999999998,1.667,0.8946,18,30,29.428571428571427,7,14,0.578592,375.34,26.81,2.0,0.082656,REORDENAR,True
MASS1966,lumpy,C,0.85,46.0,14.5,6.654929577464789,7.845070422535211,0.44366197183098594,0.44366197183098594,11.833,0.955,6,71,70.28571428571429,0,0,0.0,0.0,2.15,40.0,0.12,OK,False
MASS2279,intermittent,C,0.85,0.0,19.0,11.280544570769486,7.719455429230514,0.805952380952381,0.7520363047179657,10.5,0.1338,4,42,41.142857142857146,11,11,0.55,11.0,1.0,1.0,0.05,REORDENAR,True
MASS0254,intermittent,C,0.85,0.0,13.200000000000001,2.738640825541731,10.46135917445827,0.23049645390070922,0.1825760550361154,20.143,0.4158,7,141,140.28571428571428,3,3,0.15000000000000002,3.0,1.0,1.0,0.05,REORDENAR,True
MASS2460,sin_datos,C,0.85,80.0,20.400000000000002,20.400000000000002,0.0,1.36,1.36,25.0,,1,25,23.857142857142858,0,0,0.0,0.0,8.0,6.0,0.14332575,OK,False
MASS2646,erratic,C,0.85,16.0,64.03261839088593,58.49999999999999,5.5326183908859345,3.8999999999999995,3.8999999999999995,1.0,1.04,8,8,7.428571428571429,161,161,8.05,161.0,1.0,1.0,0.05,REORDENAR,True
MASS0725,intermittent,C,0.85,0.0,8.0,3.290477901545095,4.709522098454904,0.28304347826086956,0.21936519343633967,11.5,0.45,10,115,114.14285714285714,4,4,0.2,4.0,1.0,1.0,0.05,REORDENAR,True
MASS0045,lumpy,C,0.85,0.0,7.0,3.7045454545454546,3.2954545454545454,0.24696969696969698,0.24696969696969698,14.667,0.9483,9,132,131.28571428571428,4,4,0.2,4.0,1.0,1.0,0.05,REORDENAR,True
MASS0100,lumpy,C,0.85,0.0,6.0,4.994845360824742,1.0051546391752577,0.33298969072164947,0.33298969072164947,12.125,1.1156,8,97,96.71428571428571,5,5,0.25,5.0,1.0,1.0,0.05,REORDENAR,True
MASS1641,lumpy,C,0.85,46.0,3.932773109243697,3.932773109243697,0.0,0.2621848739495798,0.2621848739495798,17.0,1.2706,7,119,117.85714285714286,0,0,0.0,0.0,1.0,1.0,0.05,OK,False
MASS1209,intermittent,C,0.85,0.0,12.249999999999996,3.4084702468304844,8.841529753169512,0.2920560747663551,0.22723134978869897,13.375,0.4439,8,107,106.42857142857143,4,4,0.2,4.0,1.0,1.0,0.05,REORDENAR,True
MASS2171,intermittent,C,0.85,20.0,13.399999999999999,9.30232558139535,4.097674418604649,0.7441860465116279,0.6201550387596899,2.688,0.3333,16,43,42.142857142857146,0,0,0.0,0.0,2.35,240.0,0.091834,OK,False
MASS2649,erratic,C,0.85,18.0,58.624568740199756,52.78124999999999,5.84331874019976,3.5187499999999994,3.5187499999999994,1.0,1.5893,8,8,7.428571428571429,153,153,7.65,153.0,1.0,1.0,0.05,REORDENAR,True
MASS2786,erratic,C,0.85,40.0,121.93879152787625,115.49999999999999,6.438791527876263,7.699999999999999,7.699999999999999,1.0,0.5937,4,4,3.4285714285714284,4,1728,0.207936,224.64000000000001,0.13,432.0,0.051984,REORDENAR,True
MASS1710,lumpy,C,0.85,0.0,12.0,3.9652173913043476,8.034782608695652,0.2643478260869565,0.2643478260869565,12.778,0.7537,9,115,114.42857142857143,4,4,0.2,4.0,1.0,1.0,0.05,REORDENAR,True
MASS2258,lumpy,C,0.85,0.0,18.9,11.774999999999999,7.125,0.7849999999999999,0.7849999999999999,3.077,0.512,13,40,39.285714285714285,1,100,0.036,145.0,1.45,100.0,0.036,REORDENAR,True
MASS2280,intermittent,C,0.85,0.0,20.0,9.419921875,10.580078125,0.7583333333333334,0.6279947916666667,10.5,0.3438,4,42,41.142857142857146,10,10,0.5,10.0,1.0,1.0,0.05,REORDENAR,True
MASS1337,lumpy,C,0.85,0.0,11.0,3.312043795620438,7.687956204379562,0.2208029197080292,0.2208029197080292,22.833,1.0219,6,137,136.57142857142858,3,3,0.15000000000000002,3.0,1.0,1.0,0.05,REORDENAR,True
MASS1944,lumpy,C,0.85,0.0,11.200000000000003,6.575342465753424,4.6246575342465785,0.4383561643835616,0.4383561643835616,4.562,0.7667,16,73,72.57142857142857,1,30,0.0108,234.0,7.8,30.0,0.0108,REORDENAR,True
MASS2322,lumpy,C,0.85,0.0,21.5,15.500000000000002,5.999999999999998,1.0333333333333334,1.0333333333333334,2.727,0.507,11,30,29.714285714285715,3,18,0.16848000000000002,180.0,10.0,6.0,0.05616,REORDENAR,True
MASS2183,lumpy,C,0.85,11.0,13.0,11.162790697674419,1.837209302325581,0.7441860465116279,0.7441860465116279,3.583,0.6041,12,43,42.142857142857146,1,40,0.014,140.0,3.5,40.0,0.014,REORDENAR,True
MASS2737,lumpy,C,0.85,119.0,106.5,106.5,0.0,7.1,7.1,1.333,2.1946,3,4,3.4285714285714284,0,0,0.0,0.0,4.65,100.0,0.04704,OK,False
MASS2263,lumpy,C,0.85,1.0,16.0,10.116279069767442,5.883720930232558,0.6744186046511628,0.6744186046511628,3.909,0.6,11,43,42.142857142857146,9,9,0.45,9.0,1.0,1.0,0.05,REORDENAR,True
MASS1779,lumpy,C,0.85,0.0,3.9130434782608696,3.9130434782608696,0.0,0.2608695652173913,0.2608695652173913,38.333,0.846,3,115,114.42857142857143,4,4,0.2,4.0,1.0,1.0,0.05,REORDENAR,True
MASS2442,intermittent,C,0.85,8.0,17.6,11.947579843296344,5.652420156703656,1.0379310344827586,0.796505322886423,2.9,0.4652,10,29,28.714285714285715,1,16,0.1170675,90.4,5.65,16.0,0.1170675,REORDENAR,True
MASS1731,intermittent,C,0.85,0.0,3.1710288196172467,3.1710288196172467,0.0,0.26304347826086955,0.21140192130781643,28.75,0.3926,4,115,114.42857142857143,4,4,0.2,4.0,1.0,1.0,0.05,REORDENAR,True
MASS1110,intermittent,C,0.85,0.0,8.0,3.413514901678273,4.586485098321727,0.2547008547008547,0.22756766011188487,13.0,0.2131,9,117,116.14285714285714,4,4,0.2,4.0,1.0,1.0,0.05,REORDENAR,True
MASS2789,erratic,C,0.85,41.0,116.39676467281258,109.49999999999999,6.896764672812596,7.299999999999999,7.299999999999999,1.0,1.0142,4,4,3.4285714285714284,4,1728,0.207936,224.64000000000001,0.13,432.0,0.051984,REORDENAR,True
MASS2458,lumpy,C,0.85,49.0,11.24999999999999,11.24999999999999,0.0,0.7499999999999993,0.7499999999999993,3.125,4.4434,8,25,23.857142857142858,0,0,0.0,0.0,14.5,40.0,0.09441144,OK,False
MASS3052,lumpy,C,0.85,530.0,28.9,27.1875,1.7125,1.8125,1.8125,1.455,0.5671,11,16,15.428571428571429,0,0,0.0,0.0,1.1,70.0,0.05,OK,False
MASS2729,lumpy,C,0.85,116.0,107.625,107.625,0.0,7.175,7.175,2.0,1.5022,2,4,3.4285714285714284,0,0,0.0,0.0,2.3,75.0,0.0594,OK,False
MASS1962,lumpy,C,0.85,0.0,5.359756097560975,5.359756097560975,0.0,0.3573170731707317,0.3573170731707317,10.25,0.8889,8,82,80.85714285714286,5,5,0.25,5.0,1.0,1.0,0.05,REORDENAR,True
MASS2710,erratic,C,0.85,60.0,113.55664140264712,107.4375,6.119141402647122,7.1625,7.1625,1.0,0.6459,4,4,3.4285714285714284,4,240,0.287976,1560.0,6.5,60.0,0.071994,REORDENAR,True
MASS2727,lumpy,C,0.85,150.0,107.8125,107.8125,0.0,7.1875,7.1875,2.0,1.3007,2,4,3.4285714285714284,0,0,0.0,0.0,3.9,45.0,0.102336,OK,False
MASS1388,lumpy,C,0.85,0.0,13.0,3.5365853658536586,9.463414634146341,0.23577235772357724,0.23577235772357724,20.5,1.264,6,123,122.57142857142857,4,4,0.2,4.0,1.0,1.0,0.05,REORDENAR,True
MASS2641,lumpy,C,0.85,20.0,52.5,52.5,0.0,3.5,3.5,1.333,0.88,6,8,7.428571428571429,2,50,0.105984,275.0,5.5,25.0,0.052992,REORDENAR,True
MASS1613,lumpy,C,0.85,0.0,3.3659999999999997,3.3659999999999997,0.0,0.2244,0.2244,31.25,1.0963,4,125,123.85714285714286,3,3,0.003,9.870000000000001,3.29,1.0,0.001,REORDENAR,True
MASS2071,intermittent,C,0.85,2.0,9.225,7.485654545454546,1.7393454545454539,0.589,0.49904363636363636,4.167,0.3055,12,50,48.857142857142854,1,48,0.13284,114.24,2.38,48.0,0.13284,REORDENAR,True
MASS2791,smooth,C,0.85,42.0,113.25016378570527,107.4375,5.812663785705262,7.1625,7.1625,1.0,0.4563,4,4,3.4285714285714284,4,1728,0.207936,224.64000000000001,0.13,432.0,0.051984,REORDENAR,True
MASS2792,erratic,C,0.85,42.0,111.08593170895803,104.06249999999997,7.023431708958058,6.937499999999998,6.937499999999998,1.0,1.2622,4,4,3.4285714285714284,4,1728,0.207936,224.64000000000001,0.13,432.0,0.051984,REORDENAR,True
MASS2787,erratic,C,0.85,42.0,112.68773480532583,106.31249999999997,6.375234805325863,7.087499999999999,7.087499999999999,1.0,0.8119,4,4,3.4285714285714284,4,1728,0.207936,224.64000000000001,0.13,432.0,0.051984,REORDENAR,True
MASS0804,intermittent,C,0.85,0.0,3.1914893617021276,3.1914893617021276,0.0,0.2127659574468085,0.2127659574468085,70.5,0.0,2,141,140.28571428571428,3,3,0.15000000000000002,3.0,1.0,1.0,0.05,REORDENAR,True
MASS0844,lumpy,C,0.85,0.0,10.100000000000009,4.362244897959184,5.737755102040825,0.29081632653061223,0.29081632653061223,8.909,0.8898,11,98,96.85714285714286,4,4,0.2,4.0,1.0,1.0,0.05,REORDENAR,True
MASS2642,lumpy,C,0.85,20.0,52.03125,52.03125,0.0,3.46875,3.46875,1.333,0.912,6,8,7.428571428571429,46,46,2.3000000000000003,46.0,1.0,1.0,0.05,REORDENAR,True
MASS0746,lumpy,C,0.85,1.0,7.399999999999999,3.5128205128205128,3.887179487179486,0.2341880341880342,0.2341880341880342,8.357,1.5029,14,117,115.85714285714286,4,4,0.2,4.0,1.0,1.0,0.05,REORDENAR,True
MASS0403,intermittent,C,0.85,0.0,3.025641025641025,3.025641025641025,0.0,0.22692307692307692,0.2017094017094017,65.0,0.2222,2,130,129.42857142857142,3,3,0.15000000000000002,3.0,1.0,1.0,0.05,REORDENAR,True
MASS2371,lumpy,C,0.85,48.0,15.155172413793101,15.155172413793101,0.0,1.0103448275862068,1.0103448275862068,3.625,0.5232,8,29,28.428571428571427,0,0,0.0,0.0,9.54,40.0,0.06185875,OK,False
MASS2724,erratic,C,0.85,31.0,110.15449192813138,104.24999999999999,5.904491928131395,6.949999999999999,6.949999999999999,1.0,0.6389,4,4,3.4285714285714284,12,216,1.1104559999999999,1036.8,4.8,18.0,0.092538,REORDENAR,True
MASS2587,lumpy,C,0.85,131.0,21.705882352941174,21.705882352941174,0.0,1.4470588235294115,1.4470588235294115,3.4,3.0826,5,17,16.714285714285715,0,0,0.0,0.0,5.8,16.0,0.07710625,OK,False
MASS2246,lumpy,C,0.85,49.0,10.125,10.125,0.0,0.675,0.675,4.444,1.1475,9,40,39.285714285714285,0,0,0.0,0.0,0.45,150.0,0.069888,OK,False
MASS2007,lumpy,C,0.85,0.0,8.0,5.302816901408448,2.6971830985915517,0.35352112676056324,0.35352112676056324,10.143,1.6397,7,71,69.85714285714286,5,5,0.25,5.0,1.0,1.0,0.05,REORDENAR,True
MASS3021,lumpy,C,0.85,171.0,41.85,41.85,0.0,2.79,2.79,3.333,0.7955,3,10,9.428571428571429,0,0,0.0,0.0,5.77,10.0,0.05,OK,False
MASS1383,lumpy,C,0.85,0.0,7.0,3.333333333333333,3.666666666666667,0.2222222222222222,0.2222222222222222,10.636,1.7056,11,117,116.57142857142857,3,3,0.15000000000000002,3.0,1.0,1.0,0.05,REORDENAR,True
MASS2435,lumpy,C,0.85,20.0,16.199999999999996,11.099999999999998,5.099999999999998,0.7399999999999999,0.7399999999999999,6.0,2.7485,5,30,29.571428571428573,0,0,0.0,0.0,5.0,10.0,0.1521856,OK,False
MASS2633,lumpy,C,0.85,21.0,49.6875,49.6875,0.0,3.3125,3.3125,1.333,1.1543,6,8,7.428571428571429,44,44,2.2,44.0,1.0,1.0,0.05,REORDENAR,True
MASS1114,lumpy,C,0.85,0.0,13.599999999999994,3.2177419354838706,10.382258064516124,0.21451612903225803,0.21451612903225803,17.714,0.7658,7,124,122.85714285714286,3,3,0.15000000000000002,3.0,1.0,1.0,0.05,REORDENAR,True
MASS0346,intermittent,C,0.85,0.0,4.0,2.6478801278240187,1.3521198721759813,0.21562499999999998,0.17652534185493457,25.6,0.3627,5,128,126.85714285714286,3,3,0.15000000000000002,3.0,1.0,1.0,0.05,REORDENAR,True
MASS2643,erratic,C,0.85,21.0,53.9109257584761,48.749999999999986,5.1609257584761075,3.249999999999999,3.249999999999999,1.143,1.1542,7,8,7.428571428571429,147,147,7.3500000000000005,147.0,1.0,1.0,0.05,REORDENAR,True
MASS2260,intermittent,C,0.85,0.0,17.0,8.48243162901308,8.51756837098692,0.71,0.5654954419342053,3.077,0.4071,13,40,39.285714285714285,1,100,0.036,145.0,1.45,100.0,0.036,REORDENAR,True
MASS2325,lumpy,C,0.85,52.0,14.1,14.1,0.0,0.94,0.94,10.0,0.7741,3,30,29.571428571428573,0,0,0.0,0.0,10.5,50.0,0.040774,OK,False
MASS2334,lumpy,C,0.85,21.0,13.149999999999997,13.149999999999997,0.0,0.8766666666666665,0.8766666666666665,3.0,1.2562,10,30,29.571428571428573,0,0,0.0,0.0,2.1,20.0,0.1272375,OK,False
MASS1237,lumpy,C,0.85,1.0,6.0,3.1559999999999993,2.8440000000000007,0.21039999999999995,0.21039999999999995,12.5,0.9103,10,125,123.85714285714286,1,24,0.088452,127.68,5.32,24.0,0.088452,REORDENAR,True
MASS3038,intermittent,C,0.85,291.0,32.250297265160526,32.250297265160526,0.0,2.379166666666667,2.1500198176773684,6.0,0.1926,2,12,11.714285714285714,0,0,0.0,0.0,5.3,16.0,0.05,OK,False
MASS0337,lumpy,C,0.85,13.0,7.0,2.8829787234042548,4.117021276595745,0.19219858156028366,0.19219858156028366,20.143,0.7708,7,141,140.28571428571428,0,0,0.0,0.0,1.0,1.0,0.05,OK,False
MASS2250,lumpy,C,0.85,35.0,11.5,10.5,1.0,0.7,0.7,4.444,0.8897,9,40,39.285714285714285,0,0,0.0,0.0,4.0,80.0,0.129688,OK,False
MASS1729,intermittent,C,0.85,0.0,3.431832298136646,3.431832298136646,0.0,0.24173913043478262,0.2287888198757764,38.333,0.1071,3,115,114.42857142857143,4,4,0.2,4.0,1.0,1.0,0.05,REORDENAR,True
MASS0338,lumpy,C,0.85,14.0,6.0,2.792553191489361,3.207446808510639,0.1861702127659574,0.1861702127659574,17.625,0.8397,8,141,140.28571428571428,0,0,0.0,0.0,1.0,1.0,0.05,OK,False
MASS1384,lumpy,C,0.85,0.0,6.0,3.2435897435897427,2.7564102564102573,0.2162393162393162,0.2162393162393162,16.714,1.3333,7,117,116.57142857142857,3,3,0.15000000000000002,3.0,1.0,1.0,0.05,REORDENAR,True
MASS2173,intermittent,C,0.85,21.0,12.0,8.59278595158994,3.4072140484100597,0.6511627906976745,0.5728523967726626,2.867,0.2405,15,43,42.142857142857146,0,0,0.0,0.0,2.35,240.0,0.091834,OK,False
MASS1262,lumpy,C,0.85,0.0,7.0,3.2244094488188977,3.7755905511811023,0.21496062992125983,0.21496062992125983,8.467,0.5275,15,127,126.57142857142857,3,3,0.15000000000000002,3.0,1.0,1.0,0.05,REORDENAR,True
MASS2298,lumpy,C,0.85,43.0,9.299999999999999,9.299999999999999,0.0,0.6199999999999999,0.6199999999999999,4.444,1.3029,9,40,39.285714285714285,0,0,0.0,0.0,1.0,1.0,0.05,OK,False
MASS1208,lumpy,C,0.85,1.0,12.999999999999998,3.6111111111111107,9.388888888888888,0.24074074074074073,0.24074074074074073,12.0,0.9672,9,108,106.85714285714286,4,4,0.2,4.0,1.0,1.0,0.05,REORDENAR,True
MASS2289,intermittent,C,0.85,0.0,20.0,7.738392857142857,12.261607142857143,0.675,0.5158928571428572,6.667,0.4714,6,40,39.285714285714285,9,9,0.45,9.0,1.0,1.0,0.05,REORDENAR,True
MASS2285,intermittent,C,0.85,0.0,19.4,8.24140625,11.158593749999998,0.6849999999999999,0.5494270833333333,5.714,0.3958,7,40,39.285714285714285,9,9,0.45,9.0,1.0,1.0,0.05,REORDENAR,True
MASS1587,lumpy,C,0.85,0.0,5.0,2.9999999999999996,2.0000000000000004,0.19999999999999998,0.19999999999999998,25.6,0.5247,5,128,127.14285714285714,3,3,0.15000000000000002,3.0,1.0,1.0,0.05,REORDENAR,True
MASS2640,lumpy,C,0.85,23.0,46.875,46.875,0.0,3.125,3.125,1.333,1.2198,6,8,7.428571428571429,41,41,2.0500000000000003,41.0,1.0,1.0,0.05,REORDENAR,True
MASS1289,lumpy,C,0.85,0.0,2.8477443609022552,2.8477443609022552,0.0,0.18984962406015035,0.18984962406015035,16.625,0.5001,8,133,132.14285714285714,3,3,0.15000000000000002,3.0,1.0,1.0,0.05,REORDENAR,True
MASS2387,intermittent,C,0.85,32.0,12.799999999999997,10.900383141762452,1.899616858237545,0.9310344827586207,0.7266922094508301,5.8,0.439,5,29,28.428571428571427,0,0,0.0,0.0,2.75,60.0,0.098423,OK,False
MASS0972,intermittent,C,0.85,0.0,9.35,2.5363168724279834,6.813683127572016,0.2225,0.1690877914951989,17.143,0.4801,7,120,119.42857142857143,3,3,0.15000000000000002,3.0,1.0,1.0,0.05,REORDENAR,True
MASS0813,lumpy,C,0.85,0.0,3.0599999999999996,3.0599999999999996,0.0,0.20399999999999996,0.20399999999999996,17.857,0.6818,7,125,123.85714285714286,1,100,0.067424,980.0000000000001,9.8,100.0,0.067424,REORDENAR,True
MASS3026,intermittent,C,0.85,173.0,25.80790711346267,25.80790711346267,0.0,1.907142857142857,1.7205271408975114,3.5,0.1957,4,14,13.714285714285714,0,0,0.0,0.0,5.77,10.0,0.05,OK,False
MASS3022,lumpy,C,0.85,173.0,27.749999999999996,27.749999999999996,0.0,1.8499999999999999,1.8499999999999999,4.667,0.6049,3,14,12.857142857142858,0,0,0.0,0.0,5.77,10.0,0.05,OK,False
MASS2347,lumpy,C,0.85,88.0,15.0,11.924999999999997,3.075000000000003,0.7949999999999998,0.7949999999999998,3.0,0.7922,10,30,29.428571428571427,0,0,0.0,0.0,7.15,6.0,0.09713925,OK,False
MASS2253,lumpy,C,0.85,15.0,9.6375,9.6375,0.0,0.6425,0.6425,2.857,0.6397,14,40,39.285714285714285,0,0,0.0,0.0,3.58,40.0,0.031768,OK,False
MASS1116,intermittent,C,0.85,0.0,4.0,2.5666898977830885,1.4333101022169115,0.21451612903225808,0.1711126598522059,24.8,0.4047,5,124,122.85714285714286,3,3,0.15000000000000002,3.0,1.0,1.0,0.05,REORDENAR,True
MASS2248,lumpy,C,0.85,15.0,9.61875,9.61875,0.0,0.64125,0.64125,4.0,1.0075,10,40,39.285714285714285,0,0,0.0,0.0,7.0,40.0,0.055575,OK,False
MASS2363,lumpy,C,0.85,46.0,14.799999999999997,13.96551724137931,0.8344827586206875,0.9310344827586207,0.9310344827586207,4.833,0.7259,6,29,28.428571428571427,0,0,0.0,0.0,5.3,12.0,0.153076,OK,False
MASS0506,intermittent,C,0.85,1.0,4.0,2.284364298253188,1.715635701746812,0.19962121212121214,0.1522909532168792,9.429,0.4742,14,132,131.42857142857142,3,3,0.15000000000000002,3.0,1.0,1.0,0.05,REORDENAR,True
MASS0082,intermittent,C,0.85,0.0,9.0,3.856410256410256,5.143589743589743,0.28444444444444444,0.2570940170940171,18.0,0.1923,5,90,89.14285714285714,4,4,0.2,4.0,1.0,1.0,0.05,REORDENAR,True
MASS1387,intermittent,C,0.85,0.0,12.7,2.717294416628736,9.982705583371263,0.21965811965811965,0.1811529611085824,39.0,0.3506,3,117,116.57142857142857,3,3,0.15000000000000002,3.0,1.0,1.0,0.05,REORDENAR,True
MASS0375,lumpy,C,0.85,0.0,2.8043478260869565,2.8043478260869565,0.0,0.18695652173913044,0.18695652173913044,19.167,3.1456,6,115,114.42857142857143,3,3,0.15000000000000002,3.0,1.0,1.0,0.05,REORDENAR,True
MASS1454,lumpy,C,0.85,1.0,7.0,2.9200819672131146,4.079918032786885,0.19467213114754098,0.19467213114754098,7.625,0.6501,16,122,121.28571428571429,3,3,0.15000000000000002,3.0,1.0,1.0,0.05,REORDENAR,True
MASS2725,erratic,C,0.85,94.0,96.47927280352064,90.74999999999999,5.729272803520665,6.049999999999999,6.049999999999999,1.0,0.9704,4,4,3.4285714285714284,5,200,0.2709,1096.0,5.48,40.0,0.05418,REORDENAR,True
MASS2108,lumpy,C,0.85,0.0,8.392857142857142,8.392857142857142,0.0,0.5595238095238095,0.5595238095238095,7.0,1.5692,6,42,41.142857142857146,1,100,0.030336,695.0,6.95,100.0,0.030336,REORDENAR,True
MASS1961,lumpy,C,0.85,0.0,4.628048780487804,4.628048780487804,0.0,0.3085365853658536,0.3085365853658536,10.25,0.6154,8,82,80.85714285714286,5,5,0.25,5.0,1.0,1.0,0.05,REORDENAR,True
MASS2736,erratic,C,0.85,94.0,96.78998328450518,90.74999999999999,6.039983284505202,6.049999999999999,6.049999999999999,1.0,1.2229,4,4,3.4285714285714284,3,180,0.215982,1170.0,6.5,60.0,0.071994,REORDENAR,True
MASS2174,intermittent,C,0.85,35.0,10.399999999999999,6.829941860465117,3.570058139534882,0.5906976744186047,0.4553294573643411,3.308,0.4583,13,43,42.142857142857146,0,0,0.0,0.0,1.2,100.0,0.018,OK,False
MASS1469,lumpy,C,0.85,0.0,7.0,2.542553191489361,4.457446808510639,0.16950354609929075,0.16950354609929075,20.143,1.1529,7,141,140.28571428571428,3,3,0.15000000000000002,3.0,1.0,1.0,0.05,REORDENAR,True
MASS2275,lumpy,C,0.85,38.0,15.6,9.142857142857144,6.4571428571428555,0.6095238095238096,0.6095238095238096,4.667,0.7023,9,42,41.142857142857146,0,0,0.0,0.0,1.0,1.0,0.05,OK,False
MASS1514,lumpy,C,0.85,0.0,8.099999999999998,2.8308270676691727,5.269172932330825,0.18872180451127818,0.18872180451127818,13.3,0.8246,10,133,132.14285714285714,3,3,0.15000000000000002,3.0,1.0,1.0,0.05,REORDENAR,True
MASS1572,intermittent,C,0.85,0.0,6.0,2.753467085798816,3.246532914201184,0.1984375,0.18356447238658774,32.0,0.1499,4,128,127.28571428571429,3,3,0.15000000000000002,3.0,1.0,1.0,0.05,REORDENAR,True
MASS2106,lumpy,C,0.85,0.0,7.910714285714285,7.910714285714285,0.0,0.5273809523809523,0.5273809523809523,5.25,1.8659,8,42,41.142857142857146,1,100,0.030336,695.0,6.95,100.0,0.030336,REORDENAR,True
MASS2515,sin_datos,C,0.85,0.0,19.5,19.5,0.0,1.3,1.3,20.0,,1,20,19.428571428571427,1,1,0.05,1.0,1.0,1.0,0.05,REORDENAR,True
MASS2257,lumpy,C,0.85,1.0,10.5,9.5625,0.9375,0.6375,0.6375,3.636,0.6428,11,40,39.285714285714285,1,100,0.036,145.0,1.45,100.0,0.036,REORDENAR,True
MASS2346,lumpy,C,0.85,0.0,11.875,11.875,0.0,0.7916666666666666,0.7916666666666666,5.0,0.816,6,30,29.571428571428573,2,12,0.254016,96.0,8.0,6.0,0.127008,REORDENAR,True
MASS0344,lumpy,C,0.85,32.0,15.299999999999999,4.993421052631579,10.30657894736842,0.33289473684210524,0.33289473684210524,5.067,0.5452,15,76,74.85714285714286,0,0,0.0,0.0,1.0,1.0,0.05,OK,False
MASS2647,lumpy,C,0.85,25.0,43.125,43.125,0.0,2.875,2.875,1.333,1.5533,6,8,7.428571428571429,38,38,1.9000000000000001,38.0,1.0,1.0,0.05,REORDENAR,True
MASS2718,intermittent,C,0.85,0.0,88.40129999999999,88.40129999999999,0.0,6.175,5.89342,1.333,0.0912,3,4,3.4285714285714284,1,350,0.068172,700.0,2.0,350.0,0.068172,REORDENAR,True
MASS1728,lumpy,C,0.85,0.0,3.1565217391304348,3.1565217391304348,0.0,0.21043478260869564,0.21043478260869564,38.333,0.5376,3,115,114.42857142857143,3,3,0.15000000000000002,3.0,1.0,1.0,0.05,REORDENAR,True
MASS1762,lumpy,C,0.85,0.0,4.0,3.1565217391304348,0.8434782608695652,0.21043478260869564,0.21043478260869564,12.778,0.6084,9,115,114.42857142857143,3,3,0.15000000000000002,3.0,1.0,1.0,0.05,REORDENAR,True
MASS1236,lumpy,C,0.85,6.0,4.0,2.7479999999999998,1.2520000000000002,0.18319999999999997,0.18319999999999997,17.857,0.9371,7,125,123.85714285714286,0,0,0.0,0.0,5.32,24.0,0.088452,OK,False
MASS1708,lumpy,C,0.85,0.0,5.0,3.1304347826086953,1.8695652173913047,0.20869565217391303,0.20869565217391303,19.167,0.6547,6,115,114.42857142857143,3,3,0.15000000000000002,3.0,1.0,1.0,0.05,REORDENAR,True
MASS1533,lumpy,C,0.85,0.0,2.856,2.856,0.0,0.19039999999999999,0.19039999999999999,31.25,0.7915,4,125,123.85714285714286,1,20,0.05,60.0,3.0,20.0,0.05,REORDENAR,True
MASS1576,lumpy,C,0.85,0.0,10.0,2.952755905511811,7.047244094488189,0.1968503937007874,0.1968503937007874,25.4,0.84,5,127,126.14285714285714,3,3,0.15000000000000002,3.0,1.0,1.0,0.05,REORDENAR,True
MASS1589,intermittent,C,0.85,0.0,9.0,2.4375,6.5625,0.1953125,0.1625,18.286,0.336,7,128,127.14285714285714,3,3,0.15000000000000002,3.0,1.0,1.0,0.05,REORDENAR,True
MASS1515,lumpy,C,0.85,0.0,3.0,2.5939849624060147,0.4060150375939853,0.17293233082706766,0.17293233082706766,22.167,0.6547,6,133,132.14285714285714,3,3,0.15000000000000002,3.0,1.0,1.0,0.05,REORDENAR,True
MASS1259,lumpy,C,0.85,0.0,13.85,12.853448275862071,0.9965517241379285,0.856896551724138,0.856896551724138,7.25,0.9451,4,29,28.714285714285715,1,40,0.04565356,108.0,2.7,40.0,0.04565356,REORDENAR,True
MASS0985,lumpy,C,0.85,0.0,5.0,2.7656249999999996,2.2343750000000004,0.18437499999999998,0.18437499999999998,25.6,0.66,5,128,127.14285714285714,3,3,0.15000000000000002,3.0,1.0,1.0,0.05,REORDENAR,True
MASS1366,lumpy,C,0.85,0.0,2.6503759398496234,2.6503759398496234,0.0,0.17669172932330823,0.17669172932330823,19.0,0.4928,7,133,132.14285714285714,3,3,0.15000000000000002,3.0,1.0,1.0,0.05,REORDENAR,True
MASS2459,lumpy,C,0.85,54.0,12.249999999999991,12.249999999999991,0.0,0.8166666666666661,0.8166666666666661,3.429,3.6288,7,24,23.428571428571427,0,0,0.0,0.0,14.5,40.0,0.09441144,OK,False
MASS1290,lumpy,C,0.85,0.0,2.6503759398496234,2.6503759398496234,0.0,0.17669172932330823,0.17669172932330823,19.0,0.4928,7,133,132.14285714285714,3,3,0.15000000000000002,3.0,1.0,1.0,0.05,REORDENAR,True
MASS0871,intermittent,C,0.85,0.0,7.0,2.2427446569178855,4.7572553430821145,0.1968503937007874,0.14951631046119238,15.875,0.4809,8,127,126.57142857142857,3,3,0.15000000000000002,3.0,1.0,1.0,0.05,REORDENAR,True
MASS0814,lumpy,C,0.85,0.0,2.928,2.928,0.0,0.19519999999999998,0.19519999999999998,25.0,0.54,5,125,123.85714285714286,1,100,0.067424,980.0000000000001,9.8,100.0,0.067424,REORDENAR,True
MASS1678,sin_datos,C,0.85,0.0,2.88,2.88,0.0,0.192,0.192,125.0,,1,125,124.42857142857143,1,1,0.05,1.0,1.0,1.0,0.05,REORDENAR,True
MASS2502,sin_datos,C,0.85,0.0,18.0,18.0,0.0,1.2,1.2,20.0,,1,20,19.428571428571427,1,1,0.05,1.0,1.0,1.0,0.05,REORDENAR,True
MASS2507,sin_datos,C,0.85,0.0,18.0,18.0,0.0,1.2,1.2,20.0,,1,20,19.428571428571427,1,1,0.05,1.0,1.0,1.0,0.05,REORDENAR,True
MASS2544,sin_datos,C,0.85,0.0,18.0,18.0,0.0,1.2,1.2,20.0,,1,20,19.428571428571427,1,1,0.05,1.0,1.0,1.0,0.05,REORDENAR,True
MASS2286,intermittent,C,0.85,53.0,7.95234375,7.95234375,0.0,0.585,0.53015625,13.333,0.1875,3,40,39.285714285714285,0,0,0.0,0.0,1.0,1.0,0.05,OK,False
MASS2519,sin_datos,C,0.85,0.0,18.0,18.0,0.0,1.2,1.2,20.0,,1,20,19.428571428571427,1,1,0.05,1.0,1.0,1.0,0.05,REORDENAR,True
MASS2530,sin_datos,C,0.85,0.0,18.0,18.0,0.0,1.2,1.2,20.0,,1,20,19.428571428571427,1,1,0.05,1.0,1.0,1.0,0.05,REORDENAR,True
MASS2548,sin_datos,C,0.85,0.0,18.0,18.0,0.0,1.2,1.2,20.0,,1,20,19.428571428571427,1,1,0.05,1.0,1.0,1.0,0.05,REORDENAR,True
MASS2543,sin_datos,C,0.85,0.0,18.0,18.0,0.0,1.2,1.2,20.0,,1,20,19.428571428571427,1,1,0.05,1.0,1.0,1.0,0.05,REORDENAR,True
MASS2556,sin_datos,C,0.85,0.0,18.0,18.0,0.0,1.2,1.2,20.0,,1,20,19.428571428571427,1,1,0.05,1.0,1.0,1.0,0.05,REORDENAR,True
MASS2550,sin_datos,C,0.85,0.0,18.0,18.0,0.0,1.2,1.2,20.0,,1,20,19.428571428571427,1,1,0.05,1.0,1.0,1.0,0.05,REORDENAR,True
MASS2564,sin_datos,C,0.85,0.0,18.0,18.0,0.0,1.2,1.2,20.0,,1,20,19.428571428571427,1,1,0.05,1.0,1.0,1.0,0.05,REORDENAR,True
MASS2276,lumpy,C,0.85,50.0,11.6,8.428571428571429,3.171428571428571,0.5619047619047619,0.5619047619047619,8.4,0.6597,5,42,41.142857142857146,0,0,0.0,0.0,1.0,1.0,0.05,OK,False
MASS2509,sin_datos,C,0.85,0.0,18.0,18.0,0.0,1.2,1.2,20.0,,1,20,19.428571428571427,1,1,0.05,1.0,1.0,1.0,0.05,REORDENAR,True
MASS2513,sin_datos,C,0.85,0.0,18.0,18.0,0.0,1.2,1.2,20.0,,1,20,19.428571428571427,1,1,0.05,1.0,1.0,1.0,0.05,REORDENAR,True
MASS2516,sin_datos,C,0.85,0.0,18.0,18.0,0.0,1.2,1.2,20.0,,1,20,19.428571428571427,1,1,0.05,1.0,1.0,1.0,0.05,REORDENAR,True
MASS2517,sin_datos,C,0.85,0.0,18.0,18.0,0.0,1.2,1.2,20.0,,1,20,19.428571428571427,1,1,0.05,1.0,1.0,1.0,0.05,REORDENAR,True
MASS2254,intermittent,C,0.85,29.0,12.0,7.82099609375,4.17900390625,0.595,0.5213997395833333,8.0,0.2474,5,40,39.285714285714285,0,0,0.0,0.0,1.8,50.0,0.0252,OK,False
MASS2255,intermittent,C,0.85,29.0,12.0,7.82099609375,4.17900390625,0.595,0.5213997395833333,8.0,0.2474,5,40,39.285714285714285,0,0,0.0,0.0,2.25,50.0,0.028,OK,False
MASS1345,intermittent,C,0.85,0.0,2.4154589371980677,2.4154589371980677,0.0,0.17391304347826086,0.1610305958132045,34.5,0.1481,4,138,137.28571428571428,3,3,0.15000000000000002,3.0,1.0,1.0,0.05,REORDENAR,True
MASS0741,lumpy,C,0.85,0.0,15.399999999999999,2.9999999999999987,12.4,0.1999999999999999,0.1999999999999999,14.143,2.6331,7,99,98.28571428571429,3,3,0.15000000000000002,3.0,1.0,1.0,0.05,REORDENAR,True
MASS2501,sin_datos,C,0.85,0.0,18.0,18.0,0.0,1.2,1.2,20.0,,1,20,19.428571428571427,1,1,0.05,1.0,1.0,1.0,0.05,REORDENAR,True
MASS1386,lumpy,C,0.85,0.0,2.9487179487179485,2.9487179487179485,0.0,0.19658119658119658,0.19658119658119658,58.5,1.3889,2,117,116.57142857142857,3,3,0.15000000000000002,3.0,1.0,1.0,0.05,REORDENAR,True
MASS2500,sin_datos,C,0.85,0.0,18.0,18.0,0.0,1.2,1.2,20.0,,1,20,19.428571428571427,1,1,0.05,1.0,1.0,1.0,0.05,REORDENAR,True
MASS2208,lumpy,C,0.85,17.0,9.099999999999998,6.93,2.169999999999998,0.46199999999999997,0.46199999999999997,5.0,1.088,10,50,48.857142857142854,0,0,0.0,0.0,1.0,1.0,0.05,OK,False
MASS0970,intermittent,C,0.85,0.0,13.400000000000034,2.7805836139169475,10.619416386083087,0.24242424242424243,0.1853722409277965,9.9,0.4707,10,99,98.28571428571429,4,4,0.2,4.0,1.0,1.0,0.05,REORDENAR,True
MASS2006,lumpy,C,0.85,0.0,8.0,4.880281690140844,3.119718309859156,0.3253521126760563,0.3253521126760563,10.143,1.1019,7,71,69.85714285714286,5,5,0.25,5.0,1.0,1.0,0.05,REORDENAR,True
MASS2287,lumpy,C,0.85,0.0,8.2875,8.2875,0.0,0.5525,0.5525,4.0,0.6322,10,40,39.285714285714285,8,8,0.4,8.0,1.0,1.0,0.05,REORDENAR,True
MASS1513,intermittent,C,0.85,0.0,7.0,1.961241038052869,5.038758961947131,0.17030075187969923,0.13074940253685793,16.625,0.4645,8,133,132.14285714285714,3,3,0.15000000000000002,3.0,1.0,1.0,0.05,REORDENAR,True
MASS2219,lumpy,C,0.85,0.0,7.600000000000001,7.307692307692307,0.2923076923076948,0.4871794871794871,0.4871794871794871,4.333,1.9565,9,39,38.714285714285715,7,7,0.410263,290.5,41.5,1.0,0.058609,REORDENAR,True
MASS1048,lumpy,C,0.85,0.0,6.800000000000011,2.287234042553191,4.51276595744682,0.15248226950354607,0.15248226950354607,20.143,1.0101,7,141,140.28571428571428,2,2,0.1,2.0,1.0,1.0,0.05,REORDENAR,True
MASS2259,lumpy,C,0.85,0.0,8.6,8.475000000000001,0.12499999999999822,0.5650000000000001,0.5650000000000001,4.444,0.5402,9,40,39.285714285714285,1,100,0.036,145.0,1.45,100.0,0.036,REORDENAR,True
MASS2195,intermittent,C,0.85,6.0,9.0,6.689350976685571,2.3106490233144292,0.5333333333333333,0.44595673177903805,3.231,0.3277,13,42,41.142857142857146,7,7,0.35000000000000003,315.0,45.0,1.0,0.05,REORDENAR,True
MASS1814,lumpy,C,0.85,0.0,2.775700934579439,2.775700934579439,0.0,0.1850467289719626,0.1850467289719626,21.4,2.6607,5,107,106.28571428571429,3,3,0.15000000000000002,3.0,1.0,1.0,0.05,REORDENAR,True
MASS2709,lumpy,C,0.85,67.0,82.875,82.875,0.0,5.525,5.525,1.333,0.7543,3,4,3.4285714285714284,2,120,0.143988,780.0,6.5,60.0,0.071994,REORDENAR,True
MASS2715,intermittent,C,0.85,2.0,84.22967863894141,84.22967863894141,0.0,5.7125,5.61531190926276,2.0,0.034,2,4,3.4285714285714284,1,350,0.068172,700.0,2.0,350.0,0.068172,REORDENAR,True
MASS2648,erratic,C,0.85,77.0,61.84590860846108,57.5,4.345908608461078,3.8333333333333335,3.8333333333333335,1.0,1.1002,6,6,5.428571428571429,0,0,0.0,0.0,1.0,1.0,0.05,OK,False
MASS0995,lumpy,C,0.85,2.0,6.0,3.3030303030303028,2.6969696969696972,0.22020202020202018,0.22020202020202018,14.143,1.0451,7,99,98.28571428571429,3,3,0.15000000000000002,3.0,1.0,1.0,0.05,REORDENAR,True
MASS2716,intermittent,C,0.85,27.0,68.09936200378073,68.09936200378073,0.0,5.725,4.539957466918715,1.333,0.414,3,4,3.4285714285714284,1,350,0.068172,700.0,2.0,350.0,0.068172,REORDENAR,True
MASS2300,lumpy,C,0.85,7.0,9.0,7.875,1.125,0.525,0.525,6.667,1.1819,6,40,39.285714285714285,7,7,0.35000000000000003,7.0,1.0,1.0,0.05,REORDENAR,True
MASS0931,lumpy,C,0.85,0.0,9.399999999999999,4.098591549295774,5.3014084507042245,0.2732394366197183,0.2732394366197183,5.071,0.7298,14,71,70.28571428571429,4,4,0.2,4.0,1.0,1.0,0.05,REORDENAR,True
MASS2344,lumpy,C,0.85,14.0,9.799999999999997,9.799999999999997,0.0,0.6533333333333331,0.6533333333333331,2.308,0.8567,13,30,29.714285714285715,0,0,0.0,0.0,10.8,8.0,0.15845425,OK,False
MASS3067,lumpy,C,0.85,0.0,22.5,22.5,0.0,1.5,1.5,2.8,0.6095,5,14,13.714285714285714,20,20,1.0,20.0,1.0,1.0,0.05,REORDENAR,True
MASS2723,lumpy,C,0.85,98.0,79.87499999999999,79.87499999999999,0.0,5.324999999999999,5.324999999999999,1.333,0.7872,3,4,3.4285714285714284,0,0,0.0,0.0,4.8,18.0,0.092538,OK,False
MASS0967,lumpy,C,0.85,0.0,7.0,4.230769230769231,2.769230769230769,0.28205128205128205,0.28205128205128205,6.0,0.6043,13,78,77.28571428571429,4,4,0.2,4.0,1.0,1.0,0.05,REORDENAR,True
MASS1346,lumpy,C,0.85,0.0,12.849999999999996,2.4488636363636362,10.40113636363636,0.16325757575757574,0.16325757575757574,13.2,1.0927,10,132,131.42857142857142,3,3,0.15000000000000002,3.0,1.0,1.0,0.05,REORDENAR,True
MASS0272,intermittent,C,0.85,0.0,12.400000000000006,2.7763429752066116,9.623657024793394,0.22395833333333334,0.18508953168044076,16.0,0.3471,6,96,95.42857142857143,3,3,0.15000000000000002,3.0,1.0,1.0,0.05,REORDENAR,True
MASS0505,lumpy,C,0.85,0.0,4.0,2.3124999999999996,1.6875000000000004,0.15416666666666665,0.15416666666666665,11.0,0.6942,12,132,131.42857142857142,3,3,0.15000000000000002,3.0,1.0,1.0,0.05,REORDENAR,True
MASS2595,intermittent,C,0.85,27.0,16.0,13.881818181818183,2.1181818181818173,1.1,0.9254545454545455,3.333,0.3174,6,20,19.571428571428573,0,0,0.0,0.0,0.85,100.0,0.062868,OK,False
MASS2000,lumpy,C,0.85,25.0,4.0,2.876712328767122,1.123287671232878,0.19178082191780813,0.19178082191780813,8.111,2.7243,9,73,71.85714285714286,0,0,0.0,0.0,1.0,1.0,0.05,OK,False
MASS2434,intermittent,C,0.85,0.0,10.9,8.281973140495868,2.6180268595041323,0.7266666666666667,0.5521315426997245,6.0,0.4804,5,30,29.571428571428573,10,10,0.5,10.0,1.0,1.0,0.05,REORDENAR,True
MASS2120,lumpy,C,0.85,42.0,7.178571428571428,7.178571428571428,0.0,0.47857142857142854,0.47857142857142854,6.0,0.7407,7,42,41.142857142857146,0,0,0.0,0.0,5.8,500.0,0.6,OK,False
MASS0930,intermittent,C,0.85,0.0,9.0,4.1415157612340705,4.8584842387659295,0.29577464788732394,0.27610105074893804,4.438,0.133,16,71,70.28571428571429,4,4,0.2,4.0,1.0,1.0,0.05,REORDENAR,True
MASS2333,lumpy,C,0.85,29.0,8.999999999999996,8.999999999999996,0.0,0.5999999999999998,0.5999999999999998,4.286,2.2222,7,30,29.571428571428573,0,0,0.0,0.0,2.1,20.0,0.1272375,OK,False
MASS1112,lumpy,C,0.85,0.0,2.340725806451612,2.340725806451612,0.0,0.15604838709677415,0.15604838709677415,31.0,1.2426,4,124,122.85714285714286,3,3,0.15000000000000002,3.0,1.0,1.0,0.05,REORDENAR,True
MASS0712,intermittent,C,0.85,0.0,10.7,2.8403614457831328,7.8596385542168665,0.24939759036144576,0.1893574297188755,11.857,0.4815,7,83,82.57142857142857,4,4,0.2,4.0,1.0,1.0,0.05,REORDENAR,True
MASS2299,lumpy,C,0.85,38.0,7.424999999999999,7.424999999999999,0.0,0.49499999999999994,0.49499999999999994,10.0,0.8073,4,40,39.285714285714285,0,0,0.0,0.0,1.0,1.0,0.05,OK,False
MASS2726,erratic,C,0.85,99.0,77.46003851184297,72.56249999999997,4.897538511842993,4.837499999999999,4.837499999999999,1.0,1.2426,4,4,3.4285714285714284,0,0,0.0,0.0,5.48,40.0,0.05418,OK,False
MASS1705,lumpy,C,0.85,0.0,2.7195652173913047,2.7195652173913047,0.0,0.18130434782608698,0.18130434782608698,28.75,0.8798,4,115,114.42857142857143,3,3,0.15000000000000002,3.0,1.0,1.0,0.05,REORDENAR,True
MASS1951,intermittent,C,0.85,29.0,6.0,3.6569416498993967,2.3430583501006033,0.29577464788732394,0.24379610999329313,14.2,0.3515,5,71,70.28571428571429,0,0,0.0,0.0,8.0,50.0,0.027,OK,False
MASS1072,lumpy,C,0.85,0.0,7.700000000000003,3.145161290322581,4.554838709677422,0.20967741935483872,0.20967741935483872,8.455,0.6834,11,93,92.57142857142857,3,3,0.15000000000000002,3.0,1.0,1.0,0.05,REORDENAR,True
MASS2350,lumpy,C,0.85,0.0,9.599999999999998,9.599999999999998,0.0,0.6399999999999999,0.6399999999999999,4.286,0.7541,7,30,29.571428571428573,1,12,0.1327185,62.400000000000006,5.2,12.0,0.1327185,REORDENAR,True
MASS1921,intermittent,C,0.85,19.0,4.03420523138833,4.03420523138833,0.0,0.29577464788732394,0.26894701542588867,14.2,0.1814,5,71,70.28571428571429,0,0,0.0,0.0,11.0,40.0,0.010125,OK,False
MASS2185,lumpy,C,0.85,29.0,7.325581395348837,7.325581395348837,0.0,0.4883720930232558,0.4883720930232558,6.143,0.5185,7,43,42.142857142857146,0,0,0.0,0.0,4.88,100.0,0.06,OK,False
MASS2337,lumpy,C,0.85,128.0,8.399999999999997,8.399999999999997,0.0,0.5599999999999998,0.5599999999999998,3.75,1.9417,8,30,29.714285714285715,0,0,0.0,0.0,5.47,16.0,0.19095,OK,False
MASS1971,lumpy,C,0.85,1.0,5.649999999999997,3.940140845070422,1.7098591549295747,0.26267605633802815,0.26267605633802815,7.1,0.6111,10,71,70.28571428571429,4,4,0.2,4.0,1.0,1.0,0.05,REORDENAR,True
MASS1279,intermittent,C,0.85,0.0,10.0,1.9416503906250002,8.058349609375,0.15625,0.129443359375,14.222,0.3431,9,128,127.28571428571429,3,3,0.15000000000000002,3.0,1.0,1.0,0.05,REORDENAR,True
MASS2795,erratic,C,0.85,52.0,72.56727906823782,67.12499999999999,5.442279068237838,4.474999999999999,4.474999999999999,1.0,2.16,4,4,3.4285714285714284,3,1296,0.155952,168.48000000000002,0.13,432.0,0.051984,REORDENAR,True
MASS2436,lumpy,C,0.85,0.0,10.0,9.0,1.0,0.6,0.6,2.727,0.6545,11,30,29.571428571428573,2,10,0.374616,170.0,17.0,5.0,0.187308,REORDENAR,True
MASS1156,intermittent,C,0.85,0.0,7.0,1.804960106382979,5.195039893617021,0.1397163120567376,0.12033067375886526,47.0,0.2775,3,141,140.28571428571428,2,2,0.1,2.0,1.0,1.0,0.05,REORDENAR,True
MASS0064,intermittent,C,0.85,0.0,2.3255813953488373,2.3255813953488373,0.0,0.15503875968992248,0.15503875968992248,64.5,0.0,2,129,128.42857142857142,3,3,0.15000000000000002,3.0,1.0,1.0,0.05,REORDENAR,True
MASS1364,lumpy,C,0.85,0.0,2.111999999999999,2.111999999999999,0.0,0.14079999999999995,0.14079999999999995,31.25,2.303,4,125,124.42857142857143,2,2,0.1,2.0,1.0,1.0,0.05,REORDENAR,True
MASS1958,intermittent,C,0.85,0.0,7.699999999999999,3.5307394366197173,4.169260563380282,0.27746478873239433,0.23538262910798116,10.143,0.3033,7,71,70.28571428571429,1,20,0.030096,170.0,8.5,20.0,0.030096,REORDENAR,True
MASS0828,lumpy,C,0.85,0.0,3.469879518072289,3.469879518072289,0.0,0.23132530120481926,0.23132530120481926,16.6,0.9688,5,83,82.57142857142857,4,4,0.2,4.0,1.0,1.0,0.05,REORDENAR,True
MASS0252,lumpy,C,0.85,0.0,6.0,2.063829787234042,3.936170212765958,0.13758865248226948,0.13758865248226948,35.25,0.6133,4,141,140.28571428571428,2,2,0.1,2.0,1.0,1.0,0.05,REORDENAR,True
MASS2621,intermittent,C,0.85,22.0,29.583984375000004,29.583984375000004,0.0,2.475,1.9722656250000001,1.6,0.4062,5,8,7.285714285714286,9,36,1.444608,747.0,20.75,4.0,0.160512,REORDENAR,True
MASS2207,lumpy,C,0.85,18.0,5.799999999999999,5.639999999999999,0.16000000000000014,0.37599999999999995,0.37599999999999995,5.556,0.8494,9,50,48.857142857142854,0,0,0.0,0.0,1.0,1.0,0.05,OK,False
MASS1578,intermittent,C,0.85,0.0,10.8,2.244236680327869,8.555763319672131,0.16229508196721312,0.1496157786885246,24.4,0.1563,5,122,121.42857142857143,3,3,0.15000000000000002,3.0,1.0,1.0,0.05,REORDENAR,True
MASS1084,lumpy,C,0.85,0.0,5.0,2.0744680851063833,2.9255319148936167,0.13829787234042554,0.13829787234042554,70.5,0.5,2,141,140.28571428571428,2,2,0.1,2.0,1.0,1.0,0.05,REORDENAR,True
MASS1232,intermittent,C,0.85,0.0,2.501953125,2.501953125,0.0,0.17500000000000002,0.166796875,22.4,0.0937,5,112,111.28571428571429,3,3,0.15000000000000002,3.0,1.0,1.0,0.05,REORDENAR,True
MASS2210,lumpy,C,0.85,19.0,8.2,5.76,2.4399999999999995,0.384,0.384,5.556,1.0012,9,50,48.857142857142854,0,0,0.0,0.0,1.0,1.0,0.05,OK,False
MASS1104,sin_datos,C,0.85,0.0,2.127659574468085,2.127659574468085,0.0,0.14184397163120568,0.14184397163120568,141.0,,1,141,140.42857142857142,1,1,0.05,1.0,1.0,1.0,0.05,REORDENAR,True
MASS2261,intermittent,C,0.85,0.0,6.5,6.023093749999999,0.47690625000000075,0.485,0.4015395833333333,5.714,0.3442,7,40,39.285714285714285,1,20,0.027,580.0,29.0,20.0,0.027,REORDENAR,True
MASS0016,intermittent,C,0.85,0.0,2.2275,2.2275,0.0,0.1546875,0.1485,64.0,0.08,2,128,127.14285714285714,3,3,0.15000000000000002,3.0,1.0,1.0,0.05,REORDENAR,True
MASS0280,lumpy,C,0.85,0.0,2.136363636363636,2.136363636363636,0.0,0.1424242424242424,0.1424242424242424,26.4,0.7813,5,132,131.42857142857142,2,2,0.1,2.0,1.0,1.0,0.05,REORDENAR,True
MASS2364,intermittent,C,0.85,22.0,10.087758620689655,10.087758620689655,0.0,0.6827586206896552,0.6725172413793103,9.667,0.03,3,29,28.428571428571427,0,0,0.0,0.0,13.98,6.0,0.16274412,OK,False
MASS2367,lumpy,C,0.85,91.0,7.999999999999998,7.999999999999998,0.0,0.5333333333333332,0.5333333333333332,6.0,1.237,5,30,29.428571428571427,0,0,0.0,0.0,4.55,10.0,0.0682375,OK,False
MASS1390,lumpy,C,0.85,0.0,4.0,2.128205128205128,1.8717948717948718,0.14188034188034188,0.14188034188034188,13.0,1.1468,9,117,116.57142857142857,2,2,0.1,2.0,1.0,1.0,0.05,REORDENAR,True
MASS1680,intermittent,C,0.85,0.0,5.299999999999997,1.8004026459591602,3.499597354040837,0.1557377049180328,0.12002684306394401,12.2,0.4586,10,122,120.85714285714286,3,3,0.15000000000000002,3.0,1.0,1.0,0.05,REORDENAR,True
MASS1967,lumpy,C,0.85,2.0,5.0,3.6760563380281686,1.3239436619718314,0.24507042253521125,0.24507042253521125,7.889,0.5298,9,71,70.28571428571429,4,4,0.2,4.0,1.0,1.0,0.05,REORDENAR,True
MASS3065,lumpy,C,0.85,10.0,18.099999999999998,18.099999999999998,0.0,1.2066666666666666,1.2066666666666666,3.75,0.5725,4,15,14.571428571428571,16,16,0.8,16.0,1.0,1.0,0.05,REORDENAR,True
MASS2354,intermittent,C,0.85,31.0,8.399999999999999,7.761151972490208,0.6388480275097903,0.6448275862068965,0.5174101314993472,7.25,0.3952,4,29,28.428571428571427,0,0,0.0,0.0,5.7,10.0,0.05952,OK,False
MASS3051,lumpy,C,0.85,541.0,19.28571428571429,19.28571428571429,0.0,1.2857142857142858,1.2857142857142858,2.8,0.6717,5,14,13.714285714285714,0,0,0.0,0.0,1.1,70.0,0.05,OK,False
MASS1877,lumpy,C,0.85,30.0,3.538732394366197,3.538732394366197,0.0,0.23591549295774647,0.23591549295774647,11.833,1.4925,6,71,69.85714285714286,0,0,0.0,0.0,40.0,4.0,0.061408,OK,False
MASS0599,intermittent,C,0.85,0.0,6.699999999999999,2.0659039849935654,4.634096015006434,0.14724409448818898,0.13772693233290437,31.75,0.1293,4,127,126.57142857142857,1,40,0.045,512.0,12.8,40.0,0.045,REORDENAR,True
MASS2443,intermittent,C,0.85,15.0,11.0,7.758620689655173,3.2413793103448274,0.646551724137931,0.5172413793103449,4.833,0.4,6,29,28.714285714285715,0,0,0.0,0.0,5.65,16.0,0.1170675,OK,False
MASS1968,lumpy,C,0.85,1.0,4.799999999999999,3.760563380281689,1.0394366197183098,0.2507042253521126,0.2507042253521126,7.889,0.5859,9,71,70.28571428571429,4,4,0.2,4.0,1.0,1.0,0.05,REORDENAR,True
MASS0617,lumpy,C,0.85,8.0,4.581818181818181,4.581818181818181,0.0,0.3054545454545454,0.3054545454545454,7.857,0.6986,7,55,54.57142857142857,0,0,0.0,0.0,1.0,1.0,0.05,OK,False
MASS1629,intermittent,C,0.85,0.0,2.104644326866549,2.104644326866549,0.0,0.14206349206349206,0.14030962179110326,63.0,0.0247,2,126,125.57142857142857,2,2,0.1,2.0,1.0,1.0,0.05,REORDENAR,True
MASS0136,intermittent,C,0.85,0.0,6.0,1.9831932773109244,4.016806722689076,0.14873949579831933,0.13221288515406163,59.5,0.2222,2,119,118.14285714285714,2,2,0.1,2.0,1.0,1.0,0.05,REORDENAR,True
MASS2714,erratic,C,0.85,17.0,67.85454134048081,64.12499999999999,3.7295413404808233,4.2749999999999995,4.2749999999999995,1.0,0.7078,4,4,3.4285714285714284,1,350,0.068172,700.0,2.0,350.0,0.068172,REORDENAR,True
MASS1317,intermittent,C,0.85,0.0,1.6815077488836352,1.6815077488836352,0.0,0.125531914893617,0.11210051659224235,35.25,0.214,4,141,140.42857142857142,2,2,0.1,2.0,1.0,1.0,0.05,REORDENAR,True
MASS1969,lumpy,C,0.85,5.0,4.159999999999998,3.4647887323943656,0.6952112676056332,0.23098591549295772,0.23098591549295772,7.889,0.625,9,71,70.28571428571429,0,0,0.0,0.0,1.0,1.0,0.05,OK,False
MASS2733,erratic,C,0.85,22.0,68.82305455515642,65.25,3.573054555156417,4.35,4.35,1.0,0.5432,4,4,3.4285714285714284,14,56,1.5966719999999999,2576.0,46.0,4.0,0.114048,REORDENAR,True
MASS2271,lumpy,C,0.85,0.0,5.5357142857142865,5.5357142857142865,0.0,0.36904761904761907,0.36904761904761907,7.0,2.1778,6,42,41.142857142857146,5,5,0.25,5.0,1.0,1.0,0.05,REORDENAR,True
MASS0297,intermittent,C,0.85,0.0,4.0,2.5523261212740276,1.4476738787259724,0.20224719101123595,0.17015507475160183,14.833,0.3174,6,89,88.28571428571429,3,3,0.15000000000000002,3.0,1.0,1.0,0.05,REORDENAR,True
MASS2109,lumpy,C,0.85,0.0,9.0,6.339285714285714,2.6607142857142856,0.4226190476190476,0.4226190476190476,7.0,0.8444,6,42,41.142857142857146,1,100,0.030336,695.0,6.95,100.0,0.030336,REORDENAR,True
MASS2221,intermittent,C,0.85,0.0,11.0,5.254510921177589,5.745489078822411,0.45128205128205134,0.35030072807850593,7.8,0.4475,5,39,38.714285714285715,6,6,0.33915,372.0,62.0,1.0,0.056525,REORDENAR,True
MASS2645,erratic,C,0.85,82.0,33.393259040271936,30.374999999999993,3.018259040271942,2.0249999999999995,2.0249999999999995,1.143,0.9002,7,8,7.0,0,0,0.0,0.0,1.0,1.0,0.05,OK,False
MASS2785,erratic,C,0.85,13.0,54.36292994050323,51.0,3.3629299405032267,3.4,3.4,1.0,0.9343,5,5,3.857142857142857,150,150,7.5,150.0,1.0,1.0,0.05,REORDENAR,True
MASS1111,intermittent,C,0.85,0.0,6.0,1.881404174573055,4.1185958254269455,0.13709677419354838,0.125426944971537,20.667,0.1702,6,124,122.85714285714286,2,2,0.1,2.0,1.0,1.0,0.05,REORDENAR,True
MASS1115,lumpy,C,0.85,1.0,1.9899193548387097,1.9899193548387097,0.0,0.13266129032258064,0.13266129032258064,62.0,0.8374,2,124,122.85714285714286,2,2,0.1,2.0,1.0,1.0,0.05,REORDENAR,True
MASS2355,lumpy,C,0.85,16.0,6.499999999999998,6.499999999999998,0.0,0.43333333333333324,0.43333333333333324,3.333,1.897,9,30,29.428571428571427,0,0,0.0,0.0,4.85,10.0,0.0552885,OK,False
MASS3032,lumpy,C,0.85,303.0,17.785714285714285,17.785714285714285,0.0,1.1857142857142857,1.1857142857142857,4.667,0.6332,3,14,13.714285714285714,0,0,0.0,0.0,5.3,16.0,0.05,OK,False
MASS2448,intermittent,C,0.85,2.0,12.399999999999999,7.002318168646768,5.39768183135323,0.5862068965517241,0.4668212112431179,3.625,0.4073,8,29,28.428571428571427,8,8,0.4,8.0,1.0,1.0,0.05,REORDENAR,True
MASS2796,lumpy,C,0.85,55.0,61.31250000000001,61.31250000000001,0.0,4.0875,4.0875,2.0,1.1696,2,4,3.4285714285714284,1,432,0.051984,56.160000000000004,0.13,432.0,0.051984,REORDENAR,True
MASS2341,lumpy,C,0.85,23.0,6.699999999999996,6.699999999999996,0.0,0.4466666666666664,0.4466666666666664,4.286,1.698,7,30,29.428571428571427,0,0,0.0,0.0,9.7,8.0,0.119349,OK,False
MASS1783,intermittent,C,0.85,0.0,7.0,2.1670698471996817,4.832930152800318,0.14911504424778763,0.14447132314664546,56.5,0.0623,2,113,112.14285714285714,2,2,0.1,2.0,1.0,1.0,0.05,REORDENAR,True
MASS0838,lumpy,C,0.85,0.0,2.521978021978022,2.521978021978022,0.0,0.16813186813186812,0.16813186813186812,45.5,1.5312,2,91,90.57142857142857,3,3,0.15000000000000002,3.0,1.0,1.0,0.05,REORDENAR,True
MASS3059,lumpy,C,0.85,544.0,13.799999999999997,13.799999999999997,0.0,0.9199999999999998,0.9199999999999998,3.0,2.3633,5,15,14.571428571428571,0,0,0.0,0.0,1.1,70.0,0.05,OK,False
MASS2616,lumpy,C,0.85,33.0,29.4375,29.4375,0.0,1.9625,1.9625,2.0,0.7917,4,8,7.285714285714286,0,0,0.0,0.0,23.7,2.0,0.10819575,OK,False
MASS0966,lumpy,C,0.85,2.0,6.0,2.8846153846153846,3.1153846153846154,0.19230769230769232,0.19230769230769232,13.0,1.1625,6,78,77.71428571428571,3,3,0.15000000000000002,3.0,1.0,1.0,0.05,REORDENAR,True
MASS1850,lumpy,C,0.85,0.0,7.120000000000038,2.46875,4.651250000000038,0.16458333333333333,0.16458333333333333,19.2,0.8984,5,96,94.85714285714286,3,3,0.15000000000000002,3.0,1.0,1.0,0.05,REORDENAR,True
MASS1845,lumpy,C,0.85,0.0,2.204081632653061,2.204081632653061,0.0,0.14693877551020407,0.14693877551020407,19.6,1.4355,5,98,97.42857142857143,2,2,0.1,2.0,1.0,1.0,0.05,REORDENAR,True
MASS1446,sin_datos,C,0.85,0.0,1.777777777777778,1.777777777777778,0.0,0.11851851851851852,0.11851851851851852,135.0,,1,135,134.42857142857142,1,1,0.05,1.0,1.0,1.0,0.05,REORDENAR,True
MASS0170,intermittent,C,0.85,0.0,3.0,2.351485691713483,0.6485143082865168,0.17640449438202246,0.15676571278089887,29.667,0.2227,3,89,87.85714285714286,3,3,0.15000000000000002,3.0,1.0,1.0,0.05,REORDENAR,True
MASS1109,lumpy,C,0.85,0.0,1.76008064516129,1.76008064516129,0.0,0.11733870967741934,0.11733870967741934,62.0,0.72,2,124,122.85714285714286,2,2,0.1,2.0,1.0,1.0,0.05,REORDENAR,True
MASS3045,intermittent,C,0.85,625.0,14.6,13.9375,0.6625000000000001,0.9375,0.9291666666666667,4.0,0.0178,4,16,15.142857142857142,0,0,0.0,0.0,1.67,80.0,0.05,OK,False
MASS2450,intermittent,C,0.85,68.0,6.700000000000001,6.3,0.40000000000000124,0.5357142857142857,0.42,4.667,0.432,6,28,27.714285714285715,0,0,0.0,0.0,1.0,1.0,0.05,OK,False
MASS2445,intermittent,C,0.85,0.0,11.6,7.2796934865900385,4.320306513409961,0.5172413793103449,0.48531289910600256,2.9,0.1235,10,29,28.428571428571427,7,7,0.35000000000000003,7.0,1.0,1.0,0.05,REORDENAR,True
MASS1382,lumpy,C,0.85,0.0,1.7499999999999996,1.7499999999999996,0.0,0.11666666666666664,0.11666666666666664,29.25,1.677,4,117,116.57142857142857,2,2,0.1,2.0,1.0,1.0,0.05,REORDENAR,True
MASS3034,intermittent,C,0.85,305.0,17.87878787878788,17.87878787878788,0.0,1.3409090909090908,1.1919191919191918,5.5,0.2222,2,11,10.428571428571429,0,0,0.0,0.0,5.3,16.0,0.05,OK,False
MASS3029,lumpy,C,0.85,185.0,19.636363636363633,19.636363636363633,0.0,1.3090909090909089,1.3090909090909089,3.667,0.84,3,11,10.142857142857142,0,0,0.0,0.0,5.77,10.0,0.05,OK,False
MASS0304,intermittent,C,0.85,1.0,8.25,1.7381552419354838,6.511844758064516,0.1532258064516129,0.11587701612903226,15.5,0.4875,6,93,92.57142857142857,2,2,0.1,2.0,1.0,1.0,0.05,REORDENAR,True
MASS2620,intermittent,C,0.85,45.0,26.729999999999997,26.729999999999997,0.0,1.85625,1.7819999999999998,4.0,0.08,2,8,7.285714285714286,0,0,0.0,0.0,14.75,2.0,0.0697376,OK,False
MASS0775,sin_datos,C,0.85,0.0,1.8907563025210083,1.8907563025210083,0.0,0.12605042016806722,0.12605042016806722,119.0,,1,119,118.14285714285714,1,1,0.05,1.0,1.0,1.0,0.05,REORDENAR,True
MASS3055,intermittent,C,0.85,545.0,14.194444444444443,14.194444444444443,0.0,1.2166666666666666,0.9462962962962962,2.4,0.4444,5,12,11.285714285714286,0,0,0.0,0.0,1.1,70.0,0.05,OK,False
MASS2618,intermittent,C,0.85,26.0,25.53061224489796,25.53061224489796,0.0,1.7375,1.7020408163265306,4.0,0.0408,2,8,7.285714285714286,0,0,0.0,0.0,20.7,2.0,0.0716875,OK,False
MASS2617,intermittent,C,0.85,26.0,25.53061224489796,25.53061224489796,0.0,1.7375,1.7020408163265306,4.0,0.0408,2,8,7.285714285714286,0,0,0.0,0.0,20.7,2.0,0.0716875,OK,False
MASS1396,lumpy,C,0.85,0.0,3.0,1.6987179487179487,1.3012820512820513,0.11324786324786325,0.11324786324786325,19.5,0.7102,6,117,116.57142857142857,2,2,0.1,2.0,1.0,1.0,0.05,REORDENAR,True
MASS0748,intermittent,C,0.85,0.0,1.1897524967433781,1.1897524967433781,0.0,0.09716312056737589,0.07931683311622521,70.5,0.3673,2,141,140.28571428571428,2,2,0.1,2.0,1.0,1.0,0.05,REORDENAR,True
MASS1970,lumpy,C,0.85,6.0,6.099999999999998,2.7676056338028165,3.3323943661971813,0.1845070422535211,0.1845070422535211,10.143,0.5,7,71,70.28571428571429,3,3,0.15000000000000002,3.0,1.0,1.0,0.05,REORDENAR,True
MASS2356,lumpy,C,0.85,18.0,5.689655172413793,5.689655172413793,0.0,0.3793103448275862,0.3793103448275862,4.833,2.472,6,29,28.714285714285715,0,0,0.0,0.0,4.85,10.0,0.0552885,OK,False
MASS2783,intermittent,C,0.85,16.0,51.06122448979592,51.06122448979592,0.0,3.475,3.404081632653061,2.0,0.0408,2,4,3.2857142857142856,1,200,0.094116,229.99999999999997,1.15,200.0,0.094116,REORDENAR,True
MASS3005,lumpy,C,0.85,187.0,37.95,37.95,0.0,2.5300000000000002,2.5300000000000002,2.5,0.5799,2,5,4.571428571428571,0,0,0.0,0.0,4.74,10.0,0.05,OK,False
MASS1675,sin_datos,C,0.85,0.0,1.5599999999999998,1.5599999999999998,0.0,0.104,0.104,125.0,,1,125,124.42857142857143,1,1,0.05,1.0,1.0,1.0,0.05,REORDENAR,True
MASS1577,intermittent,C,0.85,0.0,5.0,1.41078184110971,3.58921815889029,0.10655737704918032,0.09405212274064734,17.429,0.2347,7,122,121.57142857142857,2,2,0.1,2.0,1.0,1.0,0.05,REORDENAR,True
MASS0143,intermittent,C,0.85,0.0,7.399999999999999,1.6867764342680727,5.713223565731926,0.13478260869565215,0.11245176228453818,13.143,0.3314,7,92,91.42857142857143,2,2,0.1,2.0,1.0,1.0,0.05,REORDENAR,True
MASS1192,lumpy,C,0.85,0.0,5.0,0.8828124999999981,4.117187500000002,0.05885416666666654,0.05885416666666654,12.0,2.3518,8,96,95.71428571428571,1,1,0.05,1.0,1.0,1.0,0.05,REORDENAR,True
MASS1495,intermittent,C,0.85,0.0,4.0,1.405086848635236,2.5949131513647643,0.10483870967741936,0.09367245657568239,31.0,0.213,4,124,123.28571428571429,2,2,0.1,2.0,1.0,1.0,0.05,REORDENAR,True
MASS2619,intermittent,C,0.85,47.0,24.13757396449704,24.13757396449704,0.0,1.61875,1.609171597633136,4.0,0.0118,2,8,7.285714285714286,0,0,0.0,0.0,14.75,2.0,0.0697376,OK,False
MASS1096,intermittent,C,0.85,0.0,4.6,1.2253721338757397,3.3746278661242597,0.0984375,0.08169147559171598,25.6,0.3402,5,128,127.28571428571429,2,2,0.1,2.0,1.0,1.0,0.05,REORDENAR,True
MASS2444,intermittent,C,0.85,1.0,6.6,5.692945317282187,0.9070546827178125,0.43448275862068964,0.37952968781881247,3.222,0.253,9,29,28.428571428571427,6,6,0.30000000000000004,6.0,1.0,1.0,0.05,REORDENAR,True
MASS2217,lumpy,C,0.85,0.0,4.519230769230769,4.519230769230769,0.0,0.30128205128205127,0.30128205128205127,6.5,1.2284,6,39,38.714285714285715,4,4,0.3267,118.0,29.5,1.0,0.081675,REORDENAR,True
MASS3031,lumpy,C,0.85,307.0,13.07142857142857,13.07142857142857,0.0,0.8714285714285713,0.8714285714285713,4.667,1.2959,3,14,13.714285714285714,0,0,0.0,0.0,5.3,16.0,0.05,OK,False
MASS1113,intermittent,C,0.85,1.0,6.85,1.5360397976713112,5.313960202328689,0.10362903225806451,0.10240265317808742,31.0,0.0237,4,124,122.85714285714286,2,2,0.1,2.0,1.0,1.0,0.05,REORDENAR,True
MASS1261,intermittent,C,0.85,0.0,5.0,1.2265293761356753,3.7734706238643247,0.10236220472440945,0.08176862507571168,31.75,0.4024,4,127,126.57142857142857,2,2,0.1,2.0,1.0,1.0,0.05,REORDENAR,True
MASS0533,intermittent,C,0.85,3.0,14.100000000000001,14.100000000000001,0.0,1.175,0.9400000000000001,1.667,0.4,6,10,9.142857142857142,16,16,0.8,16.0,1.0,1.0,0.05,REORDENAR,True
MASS0001,lumpy,C,0.85,0.0,4.0,1.8965517241379313,2.1034482758620685,0.12643678160919541,0.12643678160919541,14.5,1.0,6,87,85.85714285714286,2,2,0.1,2.0,1.0,1.0,0.05,REORDENAR,True
MASS0107,lumpy,C,0.85,0.0,3.0,1.7396907216494841,1.2603092783505159,0.11597938144329895,0.11597938144329895,24.25,0.8148,4,97,95.85714285714286,2,2,0.1,2.0,1.0,1.0,0.05,REORDENAR,True
MASS2505,sin_datos,C,0.85,0.0,9.0,9.0,0.0,0.6,0.6,20.0,,1,20,19.428571428571427,1,1,0.05,1.0,1.0,1.0,0.05,REORDENAR,True
MASS2511,sin_datos,C,0.85,0.0,9.0,9.0,0.0,0.6,0.6,20.0,,1,20,19.428571428571427,1,1,0.05,1.0,1.0,1.0,0.05,REORDENAR,True
MASS2506,sin_datos,C,0.85,0.0,9.0,9.0,0.0,0.6,0.6,20.0,,1,20,19.428571428571427,1,1,0.05,1.0,1.0,1.0,0.05,REORDENAR,True
MASS0990,lumpy,C,0.85,0.0,3.0,1.4743589743589742,1.5256410256410258,0.09829059829059829,0.09829059829059829,19.5,0.5467,6,117,115.85714285714286,2,2,0.1,2.0,1.0,1.0,0.05,REORDENAR,True
MASS2503,sin_datos,C,0.85,0.0,9.0,9.0,0.0,0.6,0.6,20.0,,1,20,19.428571428571427,1,1,0.05,1.0,1.0,1.0,0.05,REORDENAR,True
MASS2493,sin_datos,C,0.85,16.0,25.71428571428571,25.71428571428571,0.0,1.7142857142857142,1.7142857142857142,7.0,,1,7,6.571428571428571,1,1,0.05,1.0,1.0,1.0,0.05,REORDENAR,True
MASS0250,intermittent,C,0.85,0.0,2.1967299578059074,2.1967299578059074,0.0,0.15063291139240506,0.14644866385372715,39.5,0.0556,2,79,78.28571428571429,2,2,0.1,2.0,1.0,1.0,0.05,REORDENAR,True
MASS2498,sin_datos,C,0.85,0.0,9.0,9.0,0.0,0.6,0.6,20.0,,1,20,19.428571428571427,1,1,0.05,1.0,1.0,1.0,0.05,REORDENAR,True
MASS2523,sin_datos,C,0.85,0.0,9.0,9.0,0.0,0.6,0.6,20.0,,1,20,19.428571428571427,1,1,0.05,1.0,1.0,1.0,0.05,REORDENAR,True
MASS2522,sin_datos,C,0.85,0.0,9.0,9.0,0.0,0.6,0.6,20.0,,1,20,19.428571428571427,1,1,0.05,1.0,1.0,1.0,0.05,REORDENAR,True
MASS2521,sin_datos,C,0.85,0.0,9.0,9.0,0.0,0.6,0.6,20.0,,1,20,19.428571428571427,1,1,0.05,1.0,1.0,1.0,0.05,REORDENAR,True
MASS2520,sin_datos,C,0.85,0.0,9.0,9.0,0.0,0.6,0.6,20.0,,1,20,19.428571428571427,1,1,0.05,1.0,1.0,1.0,0.05,REORDENAR,True
MASS2557,sin_datos,C,0.85,0.0,9.0,9.0,0.0,0.6,0.6,20.0,,1,20,19.428571428571427,1,1,0.05,1.0,1.0,1.0,0.05,REORDENAR,True
MASS2553,sin_datos,C,0.85,0.0,9.0,9.0,0.0,0.6,0.6,20.0,,1,20,19.428571428571427,1,1,0.05,1.0,1.0,1.0,0.05,REORDENAR,True
MASS1108,sin_datos,C,0.85,0.0,1.3043478260869565,1.3043478260869565,0.0,0.08695652173913043,0.08695652173913043,138.0,,1,138,137.14285714285714,1,1,0.05,1.0,1.0,1.0,0.05,REORDENAR,True
MASS2536,sin_datos,C,0.85,0.0,9.0,9.0,0.0,0.6,0.6,20.0,,1,20,19.428571428571427,1,1,0.05,1.0,1.0,1.0,0.05,REORDENAR,True
MASS2570,sin_datos,C,0.85,0.0,9.0,9.0,0.0,0.6,0.6,20.0,,1,20,19.428571428571427,1,1,0.05,1.0,1.0,1.0,0.05,REORDENAR,True
MASS2562,sin_datos,C,0.85,0.0,9.0,9.0,0.0,0.6,0.6,20.0,,1,20,19.428571428571427,1,1,0.05,1.0,1.0,1.0,0.05,REORDENAR,True
MASS2559,sin_datos,C,0.85,0.0,9.0,9.0,0.0,0.6,0.6,20.0,,1,20,19.428571428571427,1,1,0.05,1.0,1.0,1.0,0.05,REORDENAR,True
MASS3056,intermittent,C,0.85,548.0,9.8,9.529411764705884,0.270588235294116,0.7058823529411765,0.6352941176470589,2.833,0.2,6,17,16.428571428571427,0,0,0.0,0.0,1.1,70.0,0.05,OK,False
MASS2566,sin_datos,C,0.85,0.0,9.0,9.0,0.0,0.6,0.6,20.0,,1,20,19.428571428571427,1,1,0.05,1.0,1.0,1.0,0.05,REORDENAR,True
MASS2565,sin_datos,C,0.85,0.0,9.0,9.0,0.0,0.6,0.6,20.0,,1,20,19.428571428571427,1,1,0.05,1.0,1.0,1.0,0.05,REORDENAR,True
MASS2571,sin_datos,C,0.85,0.0,9.0,9.0,0.0,0.6,0.6,20.0,,1,20,19.428571428571427,1,1,0.05,1.0,1.0,1.0,0.05,REORDENAR,True
MASS2540,sin_datos,C,0.85,0.0,9.0,9.0,0.0,0.6,0.6,20.0,,1,20,19.428571428571427,1,1,0.05,1.0,1.0,1.0,0.05,REORDENAR,True
MASS2525,sin_datos,C,0.85,0.0,9.0,9.0,0.0,0.6,0.6,20.0,,1,20,19.428571428571427,1,1,0.05,1.0,1.0,1.0,0.05,REORDENAR,True
MASS1097,lumpy,C,0.85,0.0,4.8,1.3828125,3.4171875,0.0921875,0.0921875,25.6,0.6597,5,128,127.28571428571429,2,2,0.1,2.0,1.0,1.0,0.05,REORDENAR,True
MASS2531,sin_datos,C,0.85,0.0,9.0,9.0,0.0,0.6,0.6,20.0,,1,20,19.428571428571427,1,1,0.05,1.0,1.0,1.0,0.05,REORDENAR,True
MASS2526,sin_datos,C,0.85,0.0,9.0,9.0,0.0,0.6,0.6,20.0,,1,20,19.428571428571427,1,1,0.05,1.0,1.0,1.0,0.05,REORDENAR,True
MASS2575,sin_datos,C,0.85,0.0,9.0,9.0,0.0,0.6,0.6,20.0,,1,20,19.428571428571427,1,1,0.05,1.0,1.0,1.0,0.05,REORDENAR,True
MASS2574,sin_datos,C,0.85,0.0,9.0,9.0,0.0,0.6,0.6,20.0,,1,20,19.428571428571427,1,1,0.05,1.0,1.0,1.0,0.05,REORDENAR,True
MASS2546,sin_datos,C,0.85,0.0,9.0,9.0,0.0,0.6,0.6,20.0,,1,20,19.428571428571427,1,1,0.05,1.0,1.0,1.0,0.05,REORDENAR,True
MASS2549,sin_datos,C,0.85,0.0,9.0,9.0,0.0,0.6,0.6,20.0,,1,20,19.428571428571427,1,1,0.05,1.0,1.0,1.0,0.05,REORDENAR,True
MASS2576,sin_datos,C,0.85,0.0,9.0,9.0,0.0,0.6,0.6,20.0,,1,20,19.428571428571427,1,1,0.05,1.0,1.0,1.0,0.05,REORDENAR,True
MASS2563,sin_datos,C,0.85,0.0,9.0,9.0,0.0,0.6,0.6,20.0,,1,20,19.428571428571427,1,1,0.05,1.0,1.0,1.0,0.05,REORDENAR,True
MASS1077,intermittent,C,0.85,0.0,5.0,1.361815754339119,3.638184245660881,0.11214953271028037,0.09078771695594126,13.375,0.381,8,107,106.42857142857143,2,2,0.1,2.0,1.0,1.0,0.05,REORDENAR,True
MASS0132,lumpy,C,0.85,0.0,9.399999999999999,3.42,5.979999999999999,0.22799999999999998,0.22799999999999998,16.667,0.75,3,50,49.57142857142857,3,3,0.15000000000000002,3.0,1.0,1.0,0.05,REORDENAR,True
MASS2510,sin_datos,C,0.85,0.0,9.0,9.0,0.0,0.6,0.6,20.0,,1,20,19.428571428571427,1,1,0.05,1.0,1.0,1.0,0.05,REORDENAR,True
MASS2209,lumpy,C,0.85,29.0,5.0,3.5999999999999996,1.4000000000000004,0.24,0.24,12.5,0.5926,4,50,48.857142857142854,0,0,0.0,0.0,1.0,1.0,0.05,OK,False
MASS0245,lumpy,C,0.85,1.0,4.0,1.721938775510204,2.2780612244897958,0.11479591836734694,0.11479591836734694,16.333,0.6,6,98,97.42857142857143,2,2,0.1,2.0,1.0,1.0,0.05,REORDENAR,True
MASS0740,intermittent,C,0.85,0.0,1.5367222828629346,1.5367222828629346,0.0,0.10330188679245282,0.1024481521908623,53.0,0.0165,2,106,105.57142857142857,2,2,0.1,2.0,1.0,1.0,0.05,REORDENAR,True
MASS1584,intermittent,C,0.85,0.0,1.1718811491538765,1.1718811491538765,0.0,0.08531746031746032,0.07812540994359177,21.0,0.1686,6,126,125.57142857142857,2,2,0.1,2.0,1.0,1.0,0.05,REORDENAR,True
MASS2687,sin_datos,C,0.85,174.0,165.0,165.0,0.0,11.0,11.0,1.0,,1,1,0.42857142857142855,0,0,0.0,0.0,1.0,1.0,0.05,OK,False
MASS1078,lumpy,C,0.85,0.0,4.0,1.7710843373493972,2.2289156626506026,0.11807228915662647,0.11807228915662647,11.857,0.9256,7,83,82.57142857142857,2,2,0.1,2.0,1.0,1.0,0.05,REORDENAR,True
MASS1246,lumpy,C,0.85,0.0,2.154929577464789,2.154929577464789,0.0,0.14366197183098592,0.14366197183098592,14.2,0.9711,5,71,69.85714285714286,2,2,0.1,2.0,1.0,1.0,0.05,REORDENAR,True
MASS2284,lumpy,C,0.85,34.0,5.0,3.75,1.25,0.25,0.25,6.5,1.2397,6,39,38.714285714285715,0,0,0.0,0.0,4.55,50.0,0.031768,OK,False
MASS2717,lumpy,C,0.85,14.0,38.99999999999999,38.99999999999999,0.0,2.5999999999999996,2.5999999999999996,1.333,1.0661,3,4,3.4285714285714284,1,350,0.068172,700.0,2.0,350.0,0.068172,REORDENAR,True
MASS2340,lumpy,C,0.85,19.0,4.749999999999998,4.749999999999998,0.0,0.31666666666666654,0.31666666666666654,7.5,1.1733,4,30,29.428571428571427,0,0,0.0,0.0,9.39,6.0,0.1428,OK,False
MASS0983,intermittent,C,0.85,0.0,5.95,1.428882122662027,4.521117877337973,0.09605263157894736,0.09525880817746846,57.0,0.0165,2,114,113.14285714285714,2,2,0.1,2.0,1.0,1.0,0.05,REORDENAR,True
MASS0121,lumpy,C,0.85,0.0,4.799999999999997,1.4299065420560746,3.3700934579439226,0.09532710280373831,0.09532710280373831,21.4,0.9711,5,107,106.57142857142857,2,2,0.1,2.0,1.0,1.0,0.05,REORDENAR,True
MASS0996,intermittent,C,0.85,0.0,8.7,1.4794977749523204,7.220502225047679,0.11758241758241758,0.09863318499682136,30.333,0.3223,3,91,90.57142857142857,2,2,0.1,2.0,1.0,1.0,0.05,REORDENAR,True
MASS2437,lumpy,C,0.85,0.0,5.0,4.549999999999999,0.45000000000000107,0.3033333333333333,0.3033333333333333,4.286,0.63,7,30,29.571428571428573,4,4,0.2,4.0,1.0,1.0,0.05,REORDENAR,True
MASS2073,lumpy,C,0.85,13.0,3.392857142857143,3.392857142857143,0.0,0.2261904761904762,0.2261904761904762,7.0,0.528,6,42,41.142857142857146,0,0,0.0,0.0,1.0,1.0,0.05,OK,False
MASS2678,intermittent,C,0.85,0.0,9.949090909090907,9.949090909090907,0.0,0.8727272727272727,0.6632727272727271,3.667,0.48,3,11,10.285714285714286,12,12,0.6000000000000001,12.0,1.0,1.0,0.05,REORDENAR,True
MASS2283,lumpy,C,0.85,36.0,3.6000000000000014,3.4615384615384617,0.13846153846153975,0.23076923076923078,0.23076923076923078,7.8,1.25,5,39,38.714285714285715,0,0,0.0,0.0,4.55,50.0,0.031768,OK,False
MASS2240,intermittent,C,0.85,40.0,3.5639999999999996,3.5639999999999996,0.0,0.2475,0.23759999999999998,20.0,0.08,2,40,39.285714285714285,0,0,0.0,0.0,4.55,50.0,0.031768,OK,False
MASS0010,lumpy,C,0.85,0.0,1.093984962406015,1.093984962406015,0.0,0.07293233082706767,0.07293233082706767,44.333,0.57,3,133,132.14285714285714,1,1,0.05,1.0,1.0,1.0,0.05,REORDENAR,True
MASS1780,sin_datos,C,0.85,0.0,1.3043478260869565,1.3043478260869565,0.0,0.08695652173913043,0.08695652173913043,115.0,,1,115,114.42857142857143,1,1,0.05,1.0,1.0,1.0,0.05,REORDENAR,True
MASS2004,intermittent,C,0.85,0.0,3.0,1.9678068410462775,1.0321931589537225,0.14084507042253522,0.1311871227364185,8.875,0.1371,8,71,69.85714285714286,2,2,0.1,2.0,1.0,1.0,0.05,REORDENAR,True
MASS0706,sin_datos,C,0.85,0.0,1.0869565217391304,1.0869565217391304,0.0,0.07246376811594203,0.07246376811594203,138.0,,1,138,137.42857142857142,1,1,0.05,1.0,1.0,1.0,0.05,REORDENAR,True
MASS0849,sin_datos,C,0.85,0.0,1.094890510948905,1.094890510948905,0.0,0.072992700729927,0.072992700729927,137.0,,1,137,136.57142857142858,1,1,0.05,1.0,1.0,1.0,0.05,REORDENAR,True
MASS0187,sin_datos,C,0.85,0.0,1.6666666666666665,1.6666666666666665,0.0,0.1111111111111111,0.1111111111111111,90.0,,1,90,89.28571428571429,1,1,0.05,1.0,1.0,1.0,0.05,REORDENAR,True
MASS3068,lumpy,C,0.85,2.0,35.81249999999999,35.81249999999999,0.0,2.3874999999999997,2.3874999999999997,2.0,1.3388,2,4,3.2857142857142856,32,32,1.6,32.0,1.0,1.0,0.05,REORDENAR,True
MASS3010,sin_datos,C,0.85,190.0,30.0,30.0,0.0,2.0,2.0,5.0,,1,5,4.142857142857143,0,0,0.0,0.0,5.62,10.0,0.05,OK,False
MASS1853,lumpy,C,0.85,0.0,3.4000000000000057,1.5322580645161292,1.8677419354838765,0.10215053763440861,0.10215053763440861,15.5,0.528,6,93,92.14285714285714,2,2,0.1,2.0,1.0,1.0,0.05,REORDENAR,True
MASS2336,lumpy,C,0.85,44.0,4.324999999999998,4.324999999999998,0.0,0.2883333333333332,0.2883333333333332,7.5,1.0748,4,30,29.428571428571427,0,0,0.0,0.0,12.25,6.0,0.186048,OK,False
MASS2122,lumpy,C,0.85,0.0,2.171052631578947,2.171052631578947,0.0,0.14473684210526314,0.14473684210526314,14.25,1.2346,4,57,56.57142857142857,2,2,0.1,2.0,1.0,1.0,0.05,REORDENAR,True
MASS2016,intermittent,C,0.85,2.0,3.0,2.5055555555555555,0.49444444444444446,0.18,0.16703703703703704,7.143,0.144,7,50,48.857142857142854,3,3,0.736155,840.0,280.0,1.0,0.245385,REORDENAR,True
MASS3046,intermittent,C,0.85,631.0,9.000000000000002,9.000000000000002,0.0,0.6428571428571429,0.6000000000000001,2.333,0.1333,6,14,13.714285714285714,0,0,0.0,0.0,1.67,80.0,0.05,OK,False
MASS1391,lumpy,C,0.85,0.0,2.0,1.303030303030303,0.696969696969697,0.08686868686868686,0.08686868686868686,33.0,0.7778,3,99,98.42857142857143,2,2,0.1,2.0,1.0,1.0,0.05,REORDENAR,True
MASS1852,lumpy,C,0.85,0.0,4.0,1.3306451612903227,2.669354838709677,0.08870967741935484,0.08870967741935484,15.5,0.6667,6,93,92.14285714285714,2,2,0.1,2.0,1.0,1.0,0.05,REORDENAR,True
MASS2218,lumpy,C,0.85,12.0,3.3653846153846154,3.3653846153846154,0.0,0.22435897435897437,0.22435897435897437,19.5,0.6173,2,39,38.714285714285715,0,0,0.0,0.0,22.5,1.0,0.08428875,OK,False
MASS1567,lumpy,C,0.85,0.0,1.0058139534883719,1.0058139534883719,0.0,0.06705426356589146,0.06705426356589146,64.5,1.2099,2,129,127.85714285714286,1,1,0.05,1.0,1.0,1.0,0.05,REORDENAR,True
MASS0940,intermittent,C,0.85,0.0,3.0,0.8346883468834688,2.165311653116531,0.07154471544715447,0.05564588979223126,41.0,0.4444,3,123,122.71428571428571,1,1,0.05,1.0,1.0,1.0,0.05,REORDENAR,True
MASS2720,lumpy,C,0.85,16.0,32.43749999999999,32.43749999999999,0.0,2.1624999999999996,2.1624999999999996,2.0,1.2099,2,4,3.4285714285714284,1,350,0.068172,700.0,2.0,350.0,0.068172,REORDENAR,True
MASS1679,intermittent,C,0.85,0.0,3.6999999999999993,0.9023982999392834,2.797601700060716,0.07131147540983605,0.06015988666261889,30.5,0.3128,4,122,120.85714285714286,1,1,0.05,1.0,1.0,1.0,0.05,REORDENAR,True
MASS2009,intermittent,C,0.85,0.0,3.0,1.5633802816901408,1.4366197183098592,0.11267605633802817,0.10422535211267606,11.833,0.15,6,71,69.85714285714286,2,2,0.1,2.0,1.0,1.0,0.05,REORDENAR,True
MASS0462,intermittent,C,0.85,0.0,4.9,1.269981971153846,3.6300180288461545,0.10128205128205128,0.08466546474358974,26.0,0.3281,3,78,77.28571428571429,1,60,0.140562,58.8,0.98,60.0,0.140562,REORDENAR,True
MASS2685,intermittent,C,0.85,4.0,17.989583333333336,17.989583333333336,0.0,1.3083333333333333,1.1993055555555556,1.5,0.1667,4,6,5.428571428571429,18,18,0.9,18.0,1.0,1.0,0.05,REORDENAR,True
MASS2318,lumpy,C,0.85,6.0,3.75,3.75,0.0,0.25,0.25,10.0,1.1719,3,30,29.571428571428573,0,0,0.0,0.0,59.0,10.0,0.032,OK,False
MASS2339,lumpy,C,0.85,27.0,3.4749999999999988,3.4749999999999988,0.0,0.23166666666666658,0.23166666666666658,7.5,1.1156,4,30,29.428571428571427,0,0,0.0,0.0,26.14,4.0,0.124488,OK,False
MASS2175,intermittent,C,0.85,32.0,2.583575581395349,2.583575581395349,0.0,0.18372093023255814,0.17223837209302326,21.5,0.125,2,43,42.142857142857146,0,0,0.0,0.0,1.2,100.0,0.018,OK,False
MASS1936,intermittent,C,0.85,12.0,1.6901408450704225,1.6901408450704225,0.0,0.11267605633802817,0.11267605633802817,35.5,0.0,2,71,70.28571428571429,0,0,0.0,0.0,7.5,1.0,0.03626,OK,False
MASS1260,intermittent,C,0.85,0.0,4.0,1.1099999999999999,2.89,0.08,0.074,16.667,0.15,6,100,98.85714285714286,2,2,0.1,2.0,1.0,1.0,0.05,REORDENAR,True
MASS2338,lumpy,C,0.85,49.0,3.5,3.5,0.0,0.23333333333333334,0.23333333333333334,6.0,0.932,5,30,29.428571428571427,0,0,0.0,0.0,22.88,6.0,0.143842,OK,False
MASS0003,intermittent,C,0.85,0.0,4.85,1.1361842105263158,3.713815789473684,0.08263157894736842,0.07574561403508771,23.75,0.1667,4,95,94.71428571428571,2,2,0.1,2.0,1.0,1.0,0.05,REORDENAR,True
MASS1851,lumpy,C,0.85,0.0,3.0,1.193548387096774,1.806451612903226,0.07956989247311827,0.07956989247311827,18.6,0.7031,5,93,92.14285714285714,2,2,0.1,2.0,1.0,1.0,0.05,REORDENAR,True
MASS0517,intermittent,C,0.85,2.0,3.0,0.9544154110242228,2.0455845889757773,0.06495327102803738,0.06362769406828152,53.5,0.0408,2,107,106.57142857142857,1,1,0.05,1.0,1.0,1.0,0.05,REORDENAR,True
MASS1395,lumpy,C,0.85,0.0,1.0,0.846153846153846,0.15384615384615397,0.056410256410256404,0.056410256410256404,39.0,0.9796,3,117,116.57142857142857,1,1,0.05,1.0,1.0,1.0,0.05,REORDENAR,True
MASS0991,intermittent,C,0.85,0.0,0.9369032016476315,0.9369032016476315,0.0,0.06376146788990826,0.062460213443175434,54.5,0.0408,2,109,108.28571428571429,1,1,0.05,1.0,1.0,1.0,0.05,REORDENAR,True
MASS0941,intermittent,C,0.85,0.0,4.0,1.131621187800963,2.868378812199037,0.07865168539325842,0.0754414125200642,22.25,0.0816,4,89,88.28571428571429,2,2,0.1,2.0,1.0,1.0,0.05,REORDENAR,True
MASS0773,lumpy,C,0.85,0.0,1.0,0.9462616822429906,0.053738317757009435,0.0630841121495327,0.0630841121495327,53.5,1.0204,2,107,106.57142857142857,1,1,0.05,1.0,1.0,1.0,0.05,REORDENAR,True
MASS0012,intermittent,C,0.85,0.0,1.0,0.6071428571428572,0.3928571428571428,0.051515151515151514,0.04047619047619048,44.0,0.4286,3,132,131.57142857142858,1,1,0.05,1.0,1.0,1.0,0.05,REORDENAR,True
MASS1768,intermittent,C,0.85,0.0,4.0500000000000025,0.7732075130937329,3.2767924869062695,0.06061946902654867,0.051547167539582196,28.25,0.2993,4,113,112.14285714285714,1,1,0.05,1.0,1.0,1.0,0.05,REORDENAR,True
MASS1300,intermittent,C,0.85,0.0,2.9,1.0134508348794062,1.8865491651205937,0.0696969696969697,0.06756338899196042,33.0,0.0612,3,99,98.14285714285714,1,1,0.05,1.0,1.0,1.0,0.05,REORDENAR,True
MASS0965,intermittent,C,0.85,9.0,2.0,1.1666666666666667,0.8333333333333333,0.07777777777777778,0.07777777777777778,12.857,0.0,7,90,89.57142857142857,0,0,0.0,0.0,1.0,1.0,0.05,OK,False
MASS2703,intermittent,C,0.85,3.0,10.921556122448978,10.921556122448978,0.0,0.85625,0.7281037414965985,2.0,0.2993,4,8,7.285714285714286,12,12,0.6000000000000001,540.0,45.0,1.0,0.05,REORDENAR,True
MASS0188,intermittent,C,0.85,0.0,3.0,1.3020687727145652,1.6979312272854348,0.09246575342465753,0.08680458484763769,12.167,0.1224,6,73,72.42857142857143,2,2,0.1,2.0,1.0,1.0,0.05,REORDENAR,True
MASS3044,intermittent,C,0.85,633.0,6.4,5.420168067226891,0.9798319327731091,0.4117647058823529,0.36134453781512604,5.667,0.2449,3,17,16.285714285714285,0,0,0.0,0.0,1.67,80.0,0.05,OK,False
MASS1393,sin_datos,C,0.85,1.0,0.8974358974358975,0.8974358974358975,0.0,0.05982905982905983,0.05982905982905983,117.0,,1,117,116.57142857142857,0,0,0.0,0.0,1.0,1.0,0.05,OK,False
MASS0647,intermittent,C,0.85,0.0,3.95,1.3092621664050235,2.6407378335949767,0.0891025641025641,0.08728414442700157,39.0,0.0408,2,78,77.28571428571429,2,2,0.1,2.0,1.0,1.0,0.05,REORDENAR,True
MASS2008,intermittent,C,0.85,0.0,3.0,1.1402582159624413,1.8597417840375587,0.08169014084507042,0.07601721439749608,14.2,0.1389,5,71,69.85714285714286,2,2,0.1,2.0,1.0,1.0,0.05,REORDENAR,True
MASS0978,intermittent,C,0.85,0.0,3.0,0.992063492063492,2.007936507936508,0.07142857142857142,0.06613756613756613,21.0,0.1481,4,84,83.57142857142857,1,1,0.05,1.0,1.0,1.0,0.05,REORDENAR,True
MASS2005,intermittent,C,0.85,0.0,1.1402582159624413,1.1402582159624413,0.0,0.08169014084507042,0.07601721439749608,14.2,0.1389,5,71,69.85714285714286,2,2,0.1,2.0,1.0,1.0,0.05,REORDENAR,True
MASS3048,intermittent,C,0.85,634.0,5.53125,5.53125,0.0,0.42142857142857143,0.36875,4.667,0.25,3,14,13.571428571428571,0,0,0.0,0.0,1.67,80.0,0.05,OK,False
MASS2446,intermittent,C,0.85,9.0,3.5999999999999996,2.873563218390805,0.7264367816091948,0.20689655172413793,0.19157088122605365,7.25,0.1481,4,29,28.428571428571427,0,0,0.0,0.0,1.0,1.0,0.05,OK,False
MASS2447,intermittent,C,0.85,11.0,3.5999999999999996,2.8659394792399717,0.7340605207600279,0.20689655172413793,0.19106263194933146,5.8,0.1531,5,29,28.428571428571427,0,0,0.0,0.0,1.0,1.0,0.05,OK,False
MASS1302,intermittent,C,0.85,0.0,3.0,1.4516129032258065,1.5483870967741935,0.0967741935483871,0.0967741935483871,10.333,0.0,6,62,61.57142857142857,2,2,0.1,2.0,1.0,1.0,0.05,REORDENAR,True
MASS1397,intermittent,C,0.85,0.0,3.4999999999999964,0.5683760683760684,2.9316239316239283,0.04871794871794871,0.03789173789173789,29.25,0.4444,4,117,116.57142857142857,1,1,0.05,1.0,1.0,1.0,0.05,REORDENAR,True
MASS1438,intermittent,C,0.85,34.0,22.5,22.5,0.0,1.5,1.5,2.0,0.0,2,4,3.2857142857142856,0,0,0.0,0.0,1.0,1.0,0.05,OK,False
MASS0484,lumpy,C,0.85,0.0,1.2573529411764706,1.2573529411764706,0.0,0.0838235294117647,0.0838235294117647,22.667,0.75,3,68,67.71428571428571,2,2,0.1,2.0,1.0,1.0,0.05,REORDENAR,True
MASS0926,sin_datos,C,0.85,0.0,0.8333333333333333,0.8333333333333333,0.0,0.05555555555555555,0.05555555555555555,108.0,,1,108,106.85714285714286,1,1,0.05,1.0,1.0,1.0,0.05,REORDENAR,True
MASS0123,intermittent,C,0.85,1.0,2.0,1.1732954545454548,0.8267045454545452,0.0893939393939394,0.07821969696969698,22.0,0.25,3,66,65.42857142857143,2,2,0.1,2.0,1.0,1.0,0.05,REORDENAR,True
MASS2518,sin_datos,C,0.85,0.0,4.5,4.5,0.0,0.3,0.3,20.0,,1,20,19.428571428571427,1,1,0.05,1.0,1.0,1.0,0.05,REORDENAR,True
MASS2508,sin_datos,C,0.85,0.0,4.5,4.5,0.0,0.3,0.3,20.0,,1,20,19.428571428571427,1,1,0.05,1.0,1.0,1.0,0.05,REORDENAR,True
MASS0507,intermittent,C,0.85,17.0,15.487500000000002,15.487500000000002,0.0,1.1800000000000002,1.0325000000000002,1.667,0.25,3,5,4.428571428571429,0,0,0.0,0.0,1.0,1.0,0.05,OK,False
MASS2578,sin_datos,C,0.85,0.0,4.5,4.5,0.0,0.3,0.3,20.0,,1,20,19.428571428571427,1,1,0.05,1.0,1.0,1.0,0.05,REORDENAR,True
MASS2572,sin_datos,C,0.85,0.0,4.5,4.5,0.0,0.3,0.3,20.0,,1,20,19.428571428571427,1,1,0.05,1.0,1.0,1.0,0.05,REORDENAR,True
MASS2528,sin_datos,C,0.85,0.0,4.5,4.5,0.0,0.3,0.3,20.0,,1,20,19.428571428571427,1,1,0.05,1.0,1.0,1.0,0.05,REORDENAR,True
MASS2527,sin_datos,C,0.85,0.0,4.5,4.5,0.0,0.3,0.3,20.0,,1,20,19.428571428571427,1,1,0.05,1.0,1.0,1.0,0.05,REORDENAR,True
MASS2573,sin_datos,C,0.85,0.0,4.5,4.5,0.0,0.3,0.3,20.0,,1,20,19.428571428571427,1,1,0.05,1.0,1.0,1.0,0.05,REORDENAR,True
MASS2538,sin_datos,C,0.85,0.0,4.5,4.5,0.0,0.3,0.3,20.0,,1,20,19.428571428571427,1,1,0.05,1.0,1.0,1.0,0.05,REORDENAR,True
MASS2539,sin_datos,C,0.85,0.0,4.5,4.5,0.0,0.3,0.3,20.0,,1,20,19.428571428571427,1,1,0.05,1.0,1.0,1.0,0.05,REORDENAR,True
MASS2541,sin_datos,C,0.85,0.0,4.5,4.5,0.0,0.3,0.3,20.0,,1,20,19.428571428571427,1,1,0.05,1.0,1.0,1.0,0.05,REORDENAR,True
MASS2545,sin_datos,C,0.85,0.0,4.5,4.5,0.0,0.3,0.3,20.0,,1,20,19.428571428571427,1,1,0.05,1.0,1.0,1.0,0.05,REORDENAR,True
MASS2547,sin_datos,C,0.85,0.0,4.5,4.5,0.0,0.3,0.3,20.0,,1,20,19.428571428571427,1,1,0.05,1.0,1.0,1.0,0.05,REORDENAR,True
MASS2551,sin_datos,C,0.85,0.0,4.5,4.5,0.0,0.3,0.3,20.0,,1,20,19.428571428571427,1,1,0.05,1.0,1.0,1.0,0.05,REORDENAR,True
MASS2552,sin_datos,C,0.85,0.0,4.5,4.5,0.0,0.3,0.3,20.0,,1,20,19.428571428571427,1,1,0.05,1.0,1.0,1.0,0.05,REORDENAR,True
MASS2524,sin_datos,C,0.85,0.0,4.5,4.5,0.0,0.3,0.3,20.0,,1,20,19.428571428571427,1,1,0.05,1.0,1.0,1.0,0.05,REORDENAR,True
MASS2537,sin_datos,C,0.85,0.0,4.5,4.5,0.0,0.3,0.3,20.0,,1,20,19.428571428571427,1,1,0.05,1.0,1.0,1.0,0.05,REORDENAR,True
MASS2534,sin_datos,C,0.85,0.0,4.5,4.5,0.0,0.3,0.3,20.0,,1,20,19.428571428571427,1,1,0.05,1.0,1.0,1.0,0.05,REORDENAR,True
MASS2535,sin_datos,C,0.85,0.0,4.5,4.5,0.0,0.3,0.3,20.0,,1,20,19.428571428571427,1,1,0.05,1.0,1.0,1.0,0.05,REORDENAR,True
MASS2569,sin_datos,C,0.85,0.0,4.5,4.5,0.0,0.3,0.3,20.0,,1,20,19.428571428571427,1,1,0.05,1.0,1.0,1.0,0.05,REORDENAR,True
MASS2560,sin_datos,C,0.85,0.0,4.5,4.5,0.0,0.3,0.3,20.0,,1,20,19.428571428571427,1,1,0.05,1.0,1.0,1.0,0.05,REORDENAR,True
MASS2561,sin_datos,C,0.85,0.0,4.5,4.5,0.0,0.3,0.3,20.0,,1,20,19.428571428571427,1,1,0.05,1.0,1.0,1.0,0.05,REORDENAR,True
MASS2568,sin_datos,C,0.85,0.0,4.5,4.5,0.0,0.3,0.3,20.0,,1,20,19.428571428571427,1,1,0.05,1.0,1.0,1.0,0.05,REORDENAR,True
MASS2558,sin_datos,C,0.85,0.0,4.5,4.5,0.0,0.3,0.3,20.0,,1,20,19.428571428571427,1,1,0.05,1.0,1.0,1.0,0.05,REORDENAR,True
MASS0011,intermittent,C,0.85,0.0,2.0,0.9426760563380281,1.057323943661972,0.06830985915492957,0.0628450704225352,17.75,0.16,4,71,69.85714285714286,1,1,0.05,1.0,1.0,1.0,0.05,REORDENAR,True
MASS0022,intermittent,C,0.85,0.0,0.8008988764044944,0.8008988764044944,0.0,0.05561797752808989,0.053393258426966295,44.5,0.08,2,89,88.14285714285714,1,1,0.05,1.0,1.0,1.0,0.05,REORDENAR,True
MASS2003,intermittent,C,0.85,0.0,1.0,0.9426760563380281,0.05732394366197191,0.06830985915492957,0.0628450704225352,17.75,0.16,4,71,69.85714285714286,1,1,0.05,1.0,1.0,1.0,0.05,REORDENAR,True
MASS1098,intermittent,C,0.85,0.0,0.556875,0.556875,0.0,0.038671875,0.037125,64.0,0.08,2,128,127.28571428571429,1,1,0.05,1.0,1.0,1.0,0.05,REORDENAR,True
MASS1568,lumpy,C,0.85,0.0,1.0,0.5639534883720929,0.4360465116279071,0.0375968992248062,0.0375968992248062,64.5,0.72,2,129,127.85714285714286,1,1,0.05,1.0,1.0,1.0,0.05,REORDENAR,True
MASS1493,intermittent,C,0.85,0.0,5.875000000000001,5.875000000000001,0.0,0.4166666666666667,0.3916666666666667,4.0,0.12,3,12,11.142857142857142,6,6,0.30000000000000004,6.0,1.0,1.0,0.05,REORDENAR,True
MASS0659,lumpy,C,0.85,0.0,0.8174157303370786,0.8174157303370786,0.0,0.05449438202247191,0.05449438202247191,44.5,0.72,2,89,88.28571428571429,1,1,0.05,1.0,1.0,1.0,0.05,REORDENAR,True
MASS0776,intermittent,C,0.85,0.0,1.0,0.6148314606741573,0.3851685393258427,0.05393258426966292,0.040988764044943816,29.667,0.48,3,89,87.85714285714286,1,1,0.05,1.0,1.0,1.0,0.05,REORDENAR,True
MASS0624,sin_datos,C,0.85,0.0,0.7575757575757576,0.7575757575757576,0.0,0.050505050505050504,0.050505050505050504,99.0,,1,99,97.85714285714286,1,1,0.05,1.0,1.0,1.0,0.05,REORDENAR,True
MASS0774,sin_datos,C,0.85,0.0,0.7009345794392523,0.7009345794392523,0.0,0.04672897196261682,0.04672897196261682,107.0,,1,107,106.57142857142857,1,1,0.05,1.0,1.0,1.0,0.05,REORDENAR,True
MASS0925,sin_datos,C,0.85,0.0,0.6944444444444444,0.6944444444444444,0.0,0.046296296296296294,0.046296296296296294,108.0,,1,108,106.85714285714286,1,1,0.05,1.0,1.0,1.0,0.05,REORDENAR,True
MASS0105,sin_datos,C,0.85,0.0,0.9615384615384615,0.9615384615384615,0.0,0.0641025641025641,0.0641025641025641,78.0,,1,78,77.71428571428571,1,1,0.05,1.0,1.0,1.0,0.05,REORDENAR,True
MASS0140,intermittent,C,0.85,0.0,3.0,1.4100000000000001,1.5899999999999999,0.1,0.09400000000000001,16.667,0.12,3,50,49.57142857142857,2,2,0.1,2.0,1.0,1.0,0.05,REORDENAR,True
MASS0176,intermittent,C,0.85,0.0,0.8692682926829268,0.8692682926829268,0.0,0.06036585365853659,0.057951219512195125,41.0,0.08,2,82,81.71428571428571,1,1,0.05,1.0,1.0,1.0,0.05,REORDENAR,True
MASS2684,intermittent,C,0.85,5.0,11.154999999999998,11.154999999999998,0.0,0.8083333333333332,0.7436666666666665,1.5,0.16,4,6,5.428571428571429,11,11,0.55,11.0,1.0,1.0,0.05,REORDENAR,True
MASS0536,intermittent,C,0.85,1.0,1.7999999999999998,0.6907216494845361,1.1092783505154638,0.049484536082474224,0.046048109965635735,19.4,0.1389,5,97,96.28571428571429,1,1,0.05,1.0,1.0,1.0,0.05,REORDENAR,True
MASS0595,sin_datos,C,0.85,4.0,18.75,18.75,0.0,1.25,1.25,4.0,,1,4,3.2857142857142856,1,90,0.1598,990.0,11.0,90.0,0.1598,REORDENAR,True
MASS2680,sin_datos,C,0.85,20.0,6.25,6.25,0.0,0.4166666666666667,0.4166666666666667,12.0,,1,12,11.285714285714286,0,0,0.0,0.0,1.0,1.0,0.05,OK,False
MASS2662,lumpy,C,0.85,0.0,10.392857142857142,10.392857142857142,0.0,0.6928571428571428,0.6928571428571428,3.5,0.72,2,7,6.142857142857143,10,10,0.5,10.0,1.0,1.0,0.05,REORDENAR,True
MASS0432,sin_datos,C,0.85,0.0,0.75,0.75,0.0,0.05,0.05,80.0,,1,80,79.14285714285714,1,1,0.05,1.0,1.0,1.0,0.05,REORDENAR,True
MASS2433,lumpy,C,0.85,5.0,1.9500000000000002,1.9500000000000002,0.0,0.13,0.13,15.0,0.5,2,30,29.571428571428573,0,0,0.0,0.0,1.0,1.0,0.05,OK,False
MASS0223,sin_datos,C,0.85,0.0,0.75,0.75,0.0,0.05,0.05,80.0,,1,80,79.28571428571429,1,1,0.05,1.0,1.0,1.0,0.05,REORDENAR,True
MASS1002,intermittent,C,0.85,0.0,2.0,0.5639960106382977,1.4360039893617023,0.04148936170212766,0.037599734042553186,31.333,0.1875,3,94,93.57142857142857,1,1,0.05,1.0,1.0,1.0,0.05,REORDENAR,True
MASS0975,intermittent,C,0.85,0.0,2.0,0.6,1.4,0.04,0.04,25.0,0.0,4,100,99.14285714285714,1,1,0.05,1.0,1.0,1.0,0.05,REORDENAR,True
MASS0244,lumpy,C,0.85,0.0,1.0,0.5909090909090908,0.40909090909090917,0.03939393939393939,0.03939393939393939,49.5,0.5,2,99,98.57142857142857,1,1,0.05,1.0,1.0,1.0,0.05,REORDENAR,True
MASS1034,lumpy,C,0.85,0.0,1.0,0.6573033707865169,0.3426966292134831,0.043820224719101124,0.043820224719101124,44.5,0.5,2,89,88.28571428571429,1,1,0.05,1.0,1.0,1.0,0.05,REORDENAR,True
MASS2302,sin_datos,C,0.85,0.0,1.5,1.5,0.0,0.1,0.1,40.0,,1,40,39.285714285714285,1,40,0.04565356,108.0,2.7,40.0,0.04565356,REORDENAR,True
MASS0263,sin_datos,C,0.85,26.0,5.0,5.0,0.0,0.3333333333333333,0.3333333333333333,12.0,,1,12,11.428571428571429,0,0,0.0,0.0,1.0,1.0,0.05,OK,False
MASS0760,sin_datos,C,0.85,0.0,0.46875,0.46875,0.0,0.03125,0.03125,128.0,,1,128,127.57142857142857,1,1,0.05,1.0,1.0,1.0,0.05,REORDENAR,True
MASS0685,intermittent,C,0.85,0.0,0.7142857142857142,0.7142857142857142,0.0,0.047619047619047616,0.047619047619047616,42.0,0.0,2,84,83.57142857142857,1,1,0.05,1.0,1.0,1.0,0.05,REORDENAR,True
MASS0649,lumpy,C,0.85,0.0,4.875,4.875,0.0,0.325,0.325,6.0,0.5,2,12,11.142857142857142,5,5,0.25,5.0,1.0,1.0,0.05,REORDENAR,True
MASS0981,lumpy,C,0.85,0.0,1.0,0.7597402597402597,0.24025974025974028,0.050649350649350645,0.050649350649350645,38.5,0.5,2,77,75.85714285714286,1,1,0.05,1.0,1.0,1.0,0.05,REORDENAR,True
MASS0026,intermittent,C,0.85,0.0,0.6741573033707865,0.6741573033707865,0.0,0.0449438202247191,0.0449438202247191,44.5,0.0,2,89,88.14285714285714,1,1,0.05,1.0,1.0,1.0,0.05,REORDENAR,True
MASS0929,lumpy,C,0.85,0.0,0.740506329113924,0.740506329113924,0.0,0.049367088607594936,0.049367088607594936,39.5,0.5,2,79,78.28571428571429,1,1,0.05,1.0,1.0,1.0,0.05,REORDENAR,True
MASS0997,sin_datos,C,0.85,0.0,0.9090909090909092,0.9090909090909092,0.0,0.06060606060606061,0.06060606060606061,66.0,,1,66,65.71428571428571,1,1,0.05,1.0,1.0,1.0,0.05,REORDENAR,True
MASS1846,intermittent,C,0.85,0.0,2.0,0.5409757653061225,1.4590242346938775,0.03979591836734694,0.03606505102040816,32.667,0.1875,3,98,97.42857142857143,1,1,0.05,1.0,1.0,1.0,0.05,REORDENAR,True
MASS3057,intermittent,C,0.85,556.0,6.0,6.0,0.0,0.4,0.4,5.0,0.0,2,10,14.571428571428571,0,0,0.0,0.0,1.1,70.0,0.05,OK,False
MASS0976,intermittent,C,0.85,0.0,1.0,0.53015625,0.46984375,0.039,0.03534375,33.333,0.1875,3,100,99.14285714285714,1,1,0.05,1.0,1.0,1.0,0.05,REORDENAR,True
MASS2784,intermittent,C,0.85,66.0,20.0,20.0,0.0,1.3333333333333333,1.3333333333333333,1.5,0.0,2,3,2.7142857142857144,0,0,0.0,0.0,1.0,1.0,0.05,OK,False
MASS3003,sin_datos,C,0.85,196.0,5.0,5.0,0.0,0.3333333333333333,0.3333333333333333,12.0,,1,12,11.285714285714286,0,0,0.0,0.0,4.74,10.0,0.05,OK,False
MASS2015,intermittent,C,0.85,6.0,1.2,1.2,0.0,0.08,0.08,12.5,0.0,4,50,48.857142857142854,0,0,0.0,0.0,77.0,1.0,0.05,OK,False
MASS2607,smooth,C,0.85,37.0,15.579297059671488,15.0,0.5792970596714881,1.0,1.0,1.0,0.0,3,3,2.7142857142857144,0,0,0.0,0.0,1.0,1.0,0.05,OK,False
MASS0772,sin_datos,C,0.85,0.0,0.4639175257731959,0.4639175257731959,0.0,0.030927835051546393,0.030927835051546393,97.0,,1,97,95.85714285714286,1,1,0.05,1.0,1.0,1.0,0.05,REORDENAR,True
MASS0690,intermittent,C,0.85,0.0,2.0,0.6521739130434783,1.3478260869565217,0.043478260869565216,0.043478260869565216,23.0,0.0,3,69,68.28571428571429,1,1,0.05,1.0,1.0,1.0,0.05,REORDENAR,True
MASS1772,intermittent,C,0.85,0.0,1.95,0.3480825958702065,1.6019174041297934,0.02610619469026549,0.0232055063913471,56.5,0.2222,2,113,112.14285714285714,1,1,0.05,1.0,1.0,1.0,0.05,REORDENAR,True
MASS2013,intermittent,C,0.85,0.0,0.5784313725490197,0.5784313725490197,0.0,0.043382352941176476,0.038562091503267976,34.0,0.2222,2,68,67.71428571428571,1,1,0.05,1.0,1.0,1.0,0.05,REORDENAR,True
MASS0974,intermittent,C,0.85,0.0,1.0,0.4736842105263158,0.5263157894736842,0.031578947368421054,0.031578947368421054,31.667,0.0,3,95,94.57142857142857,1,1,0.05,1.0,1.0,1.0,0.05,REORDENAR,True
MASS2012,intermittent,C,0.85,0.0,0.5784313725490197,0.5784313725490197,0.0,0.043382352941176476,0.038562091503267976,34.0,0.2222,2,68,67.71428571428571,1,1,0.05,1.0,1.0,1.0,0.05,REORDENAR,True
MASS1394,intermittent,C,0.85,0.0,1.0,0.33618233618233617,0.6638176638176638,0.025213675213675214,0.02241215574548908,58.5,0.2222,2,117,116.57142857142857,1,1,0.05,1.0,1.0,1.0,0.05,REORDENAR,True
MASS0638,sin_datos,C,0.85,0.0,0.44999999999999996,0.44999999999999996,0.0,0.03,0.03,100.0,,1,100,99.42857142857143,1,1,0.05,1.0,1.0,1.0,0.05,REORDENAR,True
MASS0487,intermittent,C,0.85,0.0,0.5784313725490197,0.5784313725490197,0.0,0.043382352941176476,0.038562091503267976,34.0,0.2222,2,68,67.71428571428571,1,1,0.05,1.0,1.0,1.0,0.05,REORDENAR,True
MASS2014,intermittent,C,0.85,0.0,1.0,0.6344086021505376,0.3655913978494624,0.047580645161290326,0.04229390681003584,31.0,0.2222,2,62,60.857142857142854,1,1,0.05,1.0,1.0,1.0,0.05,REORDENAR,True
MASS0720,intermittent,C,0.85,0.0,0.5244444444444445,0.5244444444444445,0.0,0.03933333333333334,0.034962962962962967,37.5,0.2222,2,75,73.85714285714286,1,1,0.05,1.0,1.0,1.0,0.05,REORDENAR,True
MASS2679,intermittent,C,0.85,19.0,3.277777777777778,3.277777777777778,0.0,0.24583333333333335,0.21851851851851853,6.0,0.2222,2,12,11.285714285714286,0,0,0.0,0.0,1.0,1.0,0.05,OK,False
MASS0500,intermittent,C,0.85,0.0,2.0,0.5625,1.4375,0.0375,0.0375,26.667,0.0,3,80,79.71428571428571,1,1,0.05,1.0,1.0,1.0,0.05,REORDENAR,True
MASS0501,intermittent,C,0.85,0.0,1.0,0.6145833333333334,0.38541666666666663,0.04609375,0.04097222222222222,32.0,0.2222,2,64,63.714285714285715,1,1,0.05,1.0,1.0,1.0,0.05,REORDENAR,True
MASS0474,intermittent,C,0.85,0.0,0.5784313725490197,0.5784313725490197,0.0,0.043382352941176476,0.038562091503267976,34.0,0.2222,2,68,67.71428571428571,1,1,0.05,1.0,1.0,1.0,0.05,REORDENAR,True
MASS3041,sin_datos,C,0.85,637.0,6.428571428571428,6.428571428571428,0.0,0.42857142857142855,0.42857142857142855,7.0,,1,7,6.142857142857143,0,0,0.0,0.0,1.67,80.0,0.05,OK,False
MASS1484,intermittent,C,0.85,0.0,1.0,0.46825396825396826,0.5317460317460317,0.03511904761904762,0.031216931216931216,42.0,0.2222,2,84,82.85714285714286,1,1,0.05,1.0,1.0,1.0,0.05,REORDENAR,True
MASS0313,sin_datos,C,0.85,0.0,0.5056179775280899,0.5056179775280899,0.0,0.033707865168539325,0.033707865168539325,89.0,,1,89,88.28571428571429,1,1,0.05,1.0,1.0,1.0,0.05,REORDENAR,True
MASS2577,sin_datos,C,0.85,0.0,2.25,2.25,0.0,0.15,0.15,20.0,,1,20,19.428571428571427,1,1,0.05,1.0,1.0,1.0,0.05,REORDENAR,True
MASS2533,sin_datos,C,0.85,0.0,2.25,2.25,0.0,0.15,0.15,20.0,,1,20,19.428571428571427,1,1,0.05,1.0,1.0,1.0,0.05,REORDENAR,True
MASS2532,sin_datos,C,0.85,0.0,2.25,2.25,0.0,0.15,0.15,20.0,,1,20,19.428571428571427,1,1,0.05,1.0,1.0,1.0,0.05,REORDENAR,True
MASS2579,sin_datos,C,0.85,0.0,2.25,2.25,0.0,0.15,0.15,20.0,,1,20,19.428571428571427,1,1,0.05,1.0,1.0,1.0,0.05,REORDENAR,True
MASS0372,intermittent,C,0.85,0.0,1.0,0.6,0.4,0.04,0.04,25.0,0.0,3,75,74.42857142857143,1,1,0.05,1.0,1.0,1.0,0.05,REORDENAR,True
MASS0436,sin_datos,C,0.85,0.0,0.5056179775280899,0.5056179775280899,0.0,0.033707865168539325,0.033707865168539325,89.0,,1,89,87.85714285714286,1,1,0.05,1.0,1.0,1.0,0.05,REORDENAR,True
MASS1682,sin_datos,C,0.85,0.0,0.39473684210526316,0.39473684210526316,0.0,0.02631578947368421,0.02631578947368421,114.0,,1,114,113.14285714285714,1,1,0.05,1.0,1.0,1.0,0.05,REORDENAR,True
MASS1067,intermittent,C,0.85,0.0,1.0,0.3061224489795918,0.6938775510204083,0.02040816326530612,0.02040816326530612,49.0,0.0,2,98,96.85714285714286,1,1,0.05,1.0,1.0,1.0,0.05,REORDENAR,True
MASS0430,sin_datos,C,0.85,0.0,0.375,0.375,0.0,0.025,0.025,80.0,,1,80,79.14285714285714,1,1,0.05,1.0,1.0,1.0,0.05,REORDENAR,True
MASS0007,sin_datos,C,0.85,0.0,0.4,0.4,0.0,0.02666666666666667,0.02666666666666667,75.0,,1,75,74.42857142857143,1,1,0.05,1.0,1.0,1.0,0.05,REORDENAR,True
MASS0101,sin_datos,C,0.85,0.0,0.33707865168539325,0.33707865168539325,0.0,0.02247191011235955,0.02247191011235955,89.0,,1,89,88.14285714285714,1,1,0.05,1.0,1.0,1.0,0.05,REORDENAR,True
MASS0146,sin_datos,C,0.85,0.0,0.3191489361702128,0.3191489361702128,0.0,0.02127659574468085,0.02127659574468085,94.0,,1,94,93.57142857142857,1,1,0.05,1.0,1.0,1.0,0.05,REORDENAR,True
MASS0909,intermittent,C,0.85,0.0,0.38961038961038963,0.38961038961038963,0.0,0.025974025974025976,0.025974025974025976,38.5,0.0,2,77,75.85714285714286,1,1,0.05,1.0,1.0,1.0,0.05,REORDENAR,True
MASS0734,sin_datos,C,0.85,0.0,0.8571428571428571,0.8571428571428571,0.0,0.05714285714285714,0.05714285714285714,35.0,,1,35,34.285714285714285,1,1,0.05,1.0,1.0,1.0,0.05,REORDENAR,True
MASS1782,sin_datos,C,0.85,0.0,0.2654867256637168,0.2654867256637168,0.0,0.017699115044247787,0.017699115044247787,113.0,,1,113,112.14285714285714,1,1,0.05,1.0,1.0,1.0,0.05,REORDENAR,True
MASS0860,sin_datos,C,0.85,0.0,0.6818181818181819,0.6818181818181819,0.0,0.045454545454545456,0.045454545454545456,44.0,,1,44,43.42857142857143,1,1,0.05,1.0,1.0,1.0,0.05,REORDENAR,True
MASS0756,intermittent,C,0.85,0.0,1.0,0.3488372093023256,0.6511627906976745,0.023255813953488372,0.023255813953488372,43.0,0.0,2,86,85.28571428571429,1,1,0.05,1.0,1.0,1.0,0.05,REORDENAR,True
MASS2664,intermittent,C,0.85,0.0,5.0,5.0,0.0,0.3333333333333333,0.3333333333333333,3.0,0.0,2,6,5.0,5,5,0.25,5.0,1.0,1.0,0.05,REORDENAR,True
MASS2681,sin_datos,C,0.85,7.0,7.5,7.5,0.0,0.5,0.5,4.0,,1,4,3.2857142857142856,1,1,0.05,1.0,1.0,1.0,0.05,REORDENAR,True
MASS2504,sin_datos,C,0.85,0.0,1.5,1.5,0.0,0.1,0.1,20.0,,1,20,19.428571428571427,1,1,0.05,1.0,1.0,1.0,0.05,REORDENAR,True
MASS0308,sin_datos,C,0.85,0.0,0.3191489361702128,0.3191489361702128,0.0,0.02127659574468085,0.02127659574468085,94.0,,1,94,93.57142857142857,1,1,0.05,1.0,1.0,1.0,0.05,REORDENAR,True
MASS0302,intermittent,C,0.85,0.0,1.0,0.3061224489795918,0.6938775510204083,0.02040816326530612,0.02040816326530612,49.0,0.0,2,98,97.57142857142857,1,1,0.05,1.0,1.0,1.0,0.05,REORDENAR,True
MASS0431,sin_datos,C,0.85,0.0,0.33707865168539325,0.33707865168539325,0.0,0.02247191011235955,0.02247191011235955,89.0,,1,89,87.85714285714286,1,1,0.05,1.0,1.0,1.0,0.05,REORDENAR,True
MASS0510,intermittent,C,0.85,0.0,0.6000000000000014,0.43478260869565216,0.16521739130434931,0.028985507246376812,0.028985507246376812,34.5,0.0,2,69,68.28571428571429,1,1,0.05,1.0,1.0,1.0,0.05,REORDENAR,True
MASS1486,intermittent,C,0.85,0.0,1.0,0.3571428571428571,0.6428571428571429,0.023809523809523808,0.023809523809523808,42.0,0.0,2,84,82.85714285714286,1,1,0.05,1.0,1.0,1.0,0.05,REORDENAR,True
MASS0120,intermittent,C,0.85,0.0,1.0,0.3061224489795918,0.6938775510204083,0.02040816326530612,0.02040816326530612,49.0,0.0,2,98,97.42857142857143,1,1,0.05,1.0,1.0,1.0,0.05,REORDENAR,True
MASS3042,intermittent,C,0.85,638.0,1.9,1.875,0.025000000000000022,0.125,0.125,8.0,0.0,2,16,15.428571428571429,0,0,0.0,0.0,1.67,80.0,0.05,OK,False
MASS3040,intermittent,C,0.85,638.0,1.9,1.875,0.025000000000000022,0.125,0.125,8.0,0.0,2,16,15.428571428571429,0,0,0.0,0.0,1.67,80.0,0.05,OK,False
MASS1052,sin_datos,C,0.85,0.0,0.34090909090909094,0.34090909090909094,0.0,0.022727272727272728,0.022727272727272728,88.0,,1,88,87.42857142857143,1,1,0.05,1.0,1.0,1.0,0.05,REORDENAR,True
MASS2449,intermittent,C,0.85,9.0,1.0344827586206897,1.0344827586206897,0.0,0.06896551724137931,0.06896551724137931,14.5,0.0,2,29,28.428571428571427,0,0,0.0,0.0,1.0,1.0,0.05,OK,False
MASS2682,sin_datos,C,0.85,7.0,7.5,7.5,0.0,0.5,0.5,4.0,,1,4,3.2857142857142856,1,1,0.05,1.0,1.0,1.0,0.05,REORDENAR,True
MASS1144,sin_datos,C,0.85,0.0,0.375,0.375,0.0,0.025,0.025,80.0,,1,80,79.14285714285714,1,1,0.05,1.0,1.0,1.0,0.05,REORDENAR,True
MASS0558,sin_datos,C,0.85,1.0,2.307692307692308,2.307692307692308,0.0,0.15384615384615385,0.15384615384615385,13.0,,1,13,11.857142857142858,1,1,0.05,1.0,1.0,1.0,0.05,REORDENAR,True
MASS1771,sin_datos,C,0.85,0.0,0.2654867256637168,0.2654867256637168,0.0,0.017699115044247787,0.017699115044247787,113.0,,1,113,112.14285714285714,1,1,0.05,1.0,1.0,1.0,0.05,REORDENAR,True
MASS0226,sin_datos,C,0.85,1.0,0.3846153846153846,0.3846153846153846,0.0,0.02564102564102564,0.02564102564102564,78.0,,1,78,77.42857142857143,0,0,0.0,0.0,1.0,1.0,0.05,OK,False
MASS0485,sin_datos,C,0.85,0.0,0.4411764705882353,0.4411764705882353,0.0,0.029411764705882353,0.029411764705882353,68.0,,1,68,67.71428571428571,1,1,0.05,1.0,1.0,1.0,0.05,REORDENAR,True
MASS0473,sin_datos,C,0.85,0.0,0.34090909090909094,0.34090909090909094,0.0,0.022727272727272728,0.022727272727272728,88.0,,1,88,87.71428571428571,1,1,0.05,1.0,1.0,1.0,0.05,REORDENAR,True
MASS0294,sin_datos,C,0.85,0.0,0.32258064516129037,0.32258064516129037,0.0,0.021505376344086023,0.021505376344086023,93.0,,1,93,92.28571428571429,1,1,0.05,1.0,1.0,1.0,0.05,REORDENAR,True
MASS0444,sin_datos,C,0.85,0.0,0.33707865168539325,0.33707865168539325,0.0,0.02247191011235955,0.02247191011235955,89.0,,1,89,88.28571428571429,1,1,0.05,1.0,1.0,1.0,0.05,REORDENAR,True
MASS0410,intermittent,C,0.85,0.0,1.0,0.33333333333333337,0.6666666666666666,0.022222222222222223,0.022222222222222223,45.0,0.0,2,90,89.57142857142857,1,1,0.05,1.0,1.0,1.0,0.05,REORDENAR,True
MASS0989,sin_datos,C,0.85,0.0,0.2884615384615385,0.2884615384615385,0.0,0.019230769230769232,0.019230769230769232,104.0,,1,104,103.57142857142857,1,1,0.05,1.0,1.0,1.0,0.05,REORDENAR,True
MASS2704,intermittent,C,0.85,3.0,10.0,10.0,0.0,0.6666666666666666,0.6666666666666666,1.5,0.0,2,3,2.7142857142857144,9,9,0.45,405.0,45.0,1.0,0.05,REORDENAR,True
MASS0548,intermittent,C,0.85,1.0,0.33333333333333337,0.33333333333333337,0.0,0.022222222222222223,0.022222222222222223,45.0,0.0,2,90,89.57142857142857,0,0,0.0,0.0,1.0,1.0,0.05,OK,False
MASS0471,intermittent,C,0.85,0.0,1.0,0.34090909090909094,0.6590909090909091,0.022727272727272728,0.022727272727272728,44.0,0.0,2,88,87.71428571428571,1,1,0.05,1.0,1.0,1.0,0.05,REORDENAR,True
MASS1001,sin_datos,C,0.85,0.0,0.1595744680851064,0.1595744680851064,0.0,0.010638297872340425,0.010638297872340425,94.0,,1,94,93.57142857142857,1,1,0.05,1.0,1.0,1.0,0.05,REORDENAR,True
MASS0898,sin_datos,C,0.85,0.0,0.19736842105263158,0.19736842105263158,0.0,0.013157894736842105,0.013157894736842105,76.0,,1,76,74.85714285714286,1,1,0.05,1.0,1.0,1.0,0.05,REORDENAR,True
MASS0371,sin_datos,C,0.85,0.0,0.23809523809523808,0.23809523809523808,0.0,0.015873015873015872,0.015873015873015872,63.0,,1,63,61.857142857142854,1,1,0.05,1.0,1.0,1.0,0.05,REORDENAR,True
MASS1145,sin_datos,C,0.85,0.0,0.1875,0.1875,0.0,0.0125,0.0125,80.0,,1,80,79.14285714285714,1,1,0.05,1.0,1.0,1.0,0.05,REORDENAR,True
MASS0360,sin_datos,C,0.85,0.0,0.1744186046511628,0.1744186046511628,0.0,0.011627906976744186,0.011627906976744186,86.0,,1,86,85.28571428571429,1,1,0.05,1.0,1.0,1.0,0.05,REORDENAR,True
MASS1218,sin_datos,C,0.85,0.0,0.16853932584269662,0.16853932584269662,0.0,0.011235955056179775,0.011235955056179775,89.0,,1,89,88.28571428571429,1,1,0.05,1.0,1.0,1.0,0.05,REORDENAR,True
MASS3053,sin_datos,C,0.85,559.0,1.25,1.25,0.0,0.08333333333333333,0.08333333333333333,12.0,,1,12,11.285714285714286,0,0,0.0,0.0,1.1,70.0,0.05,OK,False
MASS1485,sin_datos,C,0.85,0.0,0.17857142857142855,0.17857142857142855,0.0,0.011904761904761904,0.011904761904761904,84.0,,1,84,82.85714285714286,1,1,0.05,1.0,1.0,1.0,0.05,REORDENAR,True
MASS2580,sin_datos,C,0.85,0.0,0.75,0.75,0.0,0.05,0.05,20.0,,1,20,19.428571428571427,1,1,0.05,1.0,1.0,1.0,0.05,REORDENAR,True
MASS3049,sin_datos,C,0.85,639.0,1.25,1.25,0.0,0.08333333333333333,0.08333333333333333,12.0,,1,12,10.857142857142858,0,0,0.0,0.0,1.67,80.0,0.05,OK,False
MASS2660,sin_datos,C,0.85,0.0,2.5,2.5,0.0,0.16666666666666666,0.16666666666666666,6.0,,1,6,5.714285714285714,1,1,0.05,1.0,1.0,1.0,0.05,REORDENAR,True
MASS2658,sin_datos,C,0.85,0.0,2.142857142857143,2.142857142857143,0.0,0.14285714285714285,0.14285714285714285,7.0,,1,7,5.857142857142857,1,1,0.05,1.0,1.0,1.0,0.05,REORDENAR,True
MASS1494,sin_datos,C,0.85,0.0,0.17857142857142855,0.17857142857142855,0.0,0.011904761904761904,0.011904761904761904,84.0,,1,84,83.57142857142857,1,1,0.05,1.0,1.0,1.0,0.05,REORDENAR,True
MASS1770,sin_datos,C,0.85,0.0,0.1327433628318584,0.1327433628318584,0.0,0.008849557522123894,0.008849557522123894,113.0,,1,113,112.14285714285714,1,1,0.05,1.0,1.0,1.0,0.05,REORDENAR,True
MASS1690,sin_datos,C,0.85,0.0,0.24193548387096775,0.24193548387096775,0.0,0.016129032258064516,0.016129032258064516,62.0,,1,62,61.714285714285715,1,1,0.05,1.0,1.0,1.0,0.05,REORDENAR,True
MASS0268,sin_datos,C,0.85,0.0,0.16853932584269662,0.16853932584269662,0.0,0.011235955056179775,0.011235955056179775,89.0,,1,89,88.14285714285714,1,1,0.05,1.0,1.0,1.0,0.05,REORDENAR,True
MASS0437,sin_datos,C,0.85,0.0,0.16853932584269662,0.16853932584269662,0.0,0.011235955056179775,0.011235955056179775,89.0,,1,89,87.85714285714286,1,1,0.05,1.0,1.0,1.0,0.05,REORDENAR,True
MASS0451,sin_datos,C,0.85,0.0,0.1923076923076923,0.1923076923076923,0.0,0.01282051282051282,0.01282051282051282,78.0,,1,78,77.28571428571429,1,1,0.05,1.0,1.0,1.0,0.05,REORDENAR,True
MASS0455,sin_datos,C,0.85,0.0,0.16853932584269662,0.16853932584269662,0.0,0.011235955056179775,0.011235955056179775,89.0,,1,89,87.85714285714286,1,1,0.05,1.0,1.0,1.0,0.05,REORDENAR,True
MASS0458,sin_datos,C,0.85,0.0,0.1875,0.1875,0.0,0.0125,0.0125,80.0,,1,80,79.14285714285714,1,1,0.05,1.0,1.0,1.0,0.05,REORDENAR,True
MASS0378,sin_datos,C,0.85,0.0,0.21739130434782608,0.21739130434782608,0.0,0.014492753623188406,0.014492753623188406,69.0,,1,69,68.71428571428571,1,1,0.05,1.0,1.0,1.0,0.05,REORDENAR,True
MASS1630,sin_datos,C,0.85,0.0,0.13636363636363635,0.13636363636363635,0.0,0.00909090909090909,0.00909090909090909,110.0,,1,110,109.28571428571429,1,1,0.05,1.0,1.0,1.0,0.05,REORDENAR,True
MASS1385,sin_datos,C,0.85,0.0,0.15151515151515152,0.15151515151515152,0.0,0.010101010101010102,0.010101010101010102,99.0,,1,99,98.42857142857143,1,1,0.05,1.0,1.0,1.0,0.05,REORDENAR,True
MASS2654,sin_datos,C,0.85,1.0,1.5,1.5,0.0,0.1,0.1,10.0,,1,10,9.714285714285714,1,1,0.05,1.0,1.0,1.0,0.05,REORDENAR,True
MASS0269,sin_datos,C,0.85,0.0,0.16853932584269662,0.16853932584269662,0.0,0.011235955056179775,0.011235955056179775,89.0,,1,89,88.14285714285714,1,1,0.05,1.0,1.0,1.0,0.05,REORDENAR,True
MASS1773,sin_datos,C,0.85,0.0,0.1327433628318584,0.1327433628318584,0.0,0.008849557522123894,0.008849557522123894,113.0,,1,113,112.14285714285714,1,1,0.05,1.0,1.0,1.0,0.05,REORDENAR,True
MASS1769,sin_datos,C,0.85,0.0,0.1327433628318584,0.1327433628318584,0.0,0.008849557522123894,0.008849557522123894,113.0,,1,113,112.14285714285714,1,1,0.05,1.0,1.0,1.0,0.05,REORDENAR,True
MASS0206,intermittent,C,0.85,1.0,0.32608695652173914,0.32608695652173914,0.0,0.021739130434782608,0.021739130434782608,23.0,0.0,2,46,45.57142857142857,0,0,0.0,0.0,1.0,1.0,0.05,OK,False
MASS1122,sin_datos,C,0.85,0.0,0.2272727272727273,0.2272727272727273,0.0,0.015151515151515152,0.015151515151515152,66.0,,1,66,65.28571428571429,1,1,0.05,1.0,1.0,1.0,0.05,REORDENAR,True
MASS1106,sin_datos,C,0.85,0.0,0.23076923076923078,0.23076923076923078,0.0,0.015384615384615385,0.015384615384615385,65.0,,1,65,64.14285714285714,1,1,0.05,1.0,1.0,1.0,0.05,REORDENAR,True
MASS1350,sin_datos,C,0.85,0.0,0.1744186046511628,0.1744186046511628,0.0,0.011627906976744186,0.011627906976744186,86.0,,1,86,85.28571428571429,1,1,0.05,1.0,1.0,1.0,0.05,REORDENAR,True
MASS2663,sin_datos,C,0.85,0.0,2.5,2.5,0.0,0.16666666666666666,0.16666666666666666,6.0,,1,6,5.714285714285714,1,1,0.05,1.0,1.0,1.0,0.05,REORDENAR,True
MASS2683,sin_datos,C,0.85,11.0,5.0,5.0,0.0,0.3333333333333333,0.3333333333333333,3.0,,1,3,2.7142857142857144,0,0,0.0,0.0,1.0,1.0,0.05,OK,False
MASS1121,sin_datos,C,0.85,0.0,0.24590163934426232,0.24590163934426232,0.0,0.01639344262295082,0.01639344262295082,61.0,,1,61,59.857142857142854,1,1,0.05,1.0,1.0,1.0,0.05,REORDENAR,True
MASS1197,sin_datos,C,0.85,0.0,0.20270270270270271,0.20270270270270271,0.0,0.013513513513513514,0.013513513513513514,74.0,,1,74,73.42857142857143,1,1,0.05,1.0,1.0,1.0,0.05,REORDENAR,True
MASS1123,sin_datos,C,0.85,0.0,0.1923076923076923,0.1923076923076923,0.0,0.01282051282051282,0.01282051282051282,78.0,,1,78,76.85714285714286,1,1,0.05,1.0,1.0,1.0,0.05,REORDENAR,True
MASS1277,sin_datos,C,0.85,0.0,0.3,0.3,0.0,0.02,0.02,50.0,,1,50,48.714285714285715,1,1,0.05,1.0,1.0,1.0,0.05,REORDENAR,True
MASS0196,sin_datos,C,0.85,0.0,0.1744186046511628,0.1744186046511628,0.0,0.011627906976744186,0.011627906976744186,86.0,,1,86,85.28571428571429,1,1,0.05,1.0,1.0,1.0,0.05,REORDENAR,True
MASS1775,sin_datos,C,0.85,0.0,0.1327433628318584,0.1327433628318584,0.0,0.008849557522123894,0.008849557522123894,113.0,,1,113,112.14285714285714,1,1,0.05,1.0,1.0,1.0,0.05,REORDENAR,True
MASS0689,sin_datos,C,0.85,0.0,0.3571428571428571,0.3571428571428571,0.0,0.023809523809523808,0.023809523809523808,42.0,,1,42,40.857142857142854,1,1,0.05,1.0,1.0,1.0,0.05,REORDENAR,True
MASS0620,sin_datos,C,0.85,0.0,0.19480519480519481,0.19480519480519481,0.0,0.012987012987012988,0.012987012987012988,77.0,,1,77,76.57142857142857,1,1,0.05,1.0,1.0,1.0,0.05,REORDENAR,True
MASS0729,sin_datos,C,0.85,0.0,0.21428571428571427,0.21428571428571427,0.0,0.014285714285714285,0.014285714285714285,70.0,,1,70,69.28571428571429,1,1,0.05,1.0,1.0,1.0,0.05,REORDENAR,True
MASS0636,sin_datos,C,0.85,0.0,0.16129032258064518,0.16129032258064518,0.0,0.010752688172043012,0.010752688172043012,93.0,,1,93,92.57142857142857,1,1,0.05,1.0,1.0,1.0,0.05,REORDENAR,True
MASS2692,sin_datos,C,0.85,2.0,2.142857142857143,2.142857142857143,0.0,0.14285714285714285,0.14285714285714285,7.0,,1,7,6.714285714285714,1,1,0.05,1.0,1.0,1.0,0.05,REORDENAR,True
MASS1774,sin_datos,C,0.85,0.0,0.1327433628318584,0.1327433628318584,0.0,0.008849557522123894,0.008849557522123894,113.0,,1,113,112.14285714285714,1,1,0.05,1.0,1.0,1.0,0.05,REORDENAR,True
MASS1248,sin_datos,C,0.85,0.0,1.5,1.5,0.0,0.1,0.1,10.0,,1,10,9.714285714285714,1,1,0.05,1.0,1.0,1.0,0.05,REORDENAR,True
MASS2798,sin_datos,C,0.85,50.0,15.0,15.0,0.0,1.0,1.0,1.0,,1,1,0.7142857142857143,0,0,0.0,0.0,1.0,1.0,0.05,OK,False
MASS0845,sin_datos,C,0.85,0.0,0.36585365853658536,0.36585365853658536,0.0,0.024390243902439025,0.024390243902439025,41.0,,1,41,40.714285714285715,1,1,0.05,1.0,1.0,1.0,0.05,REORDENAR,True
MASS3033,sin_datos,C,0.85,319.0,1.875,1.875,0.0,0.125,0.125,8.0,,1,8,7.285714285714286,0,0,0.0,0.0,5.3,16.0,0.05,OK,False
MASS0924,sin_datos,C,0.85,0.0,0.1764705882352941,0.1764705882352941,0.0,0.011764705882352941,0.011764705882352941,85.0,,1,85,84.71428571428571,1,1,0.05,1.0,1.0,1.0,0.05,REORDENAR,True
MASS0901,sin_datos,C,0.85,0.0,0.16129032258064518,0.16129032258064518,0.0,0.010752688172043012,0.010752688172043012,93.0,,1,93,92.71428571428571,1,1,0.05,1.0,1.0,1.0,0.05,REORDENAR,True
MASS3030,sin_datos,C,0.85,319.0,1.0714285714285714,1.0714285714285714,0.0,0.07142857142857142,0.07142857142857142,14.0,,1,14,13.714285714285714,0,0,0.0,0.0,5.3,16.0,0.05,OK,False
MASS2320,sin_datos,C,0.85,4.0,0.5,0.5,0.0,0.03333333333333333,0.03333333333333333,30.0,,1,30,29.571428571428573,0,0,0.0,0.0,790.0,1.0,0.215424,OK,False
MASS1959,sin_datos,C,0.85,0.0,0.33333333333333337,0.33333333333333337,0.0,0.022222222222222223,0.022222222222222223,45.0,,1,45,44.42857142857143,1,1,0.003795,5.9,5.9,1.0,0.003795,REORDENAR,True
MASS1252,sin_datos,C,0.85,0.0,0.17857142857142855,0.17857142857142855,0.0,0.011904761904761904,0.011904761904761904,84.0,,1,84,83.14285714285714,1,1,0.05,1.0,1.0,1.0,0.05,REORDENAR,True
MASS0922,sin_datos,C,0.85,0.0,0.1388888888888889,0.1388888888888889,0.0,0.009259259259259259,0.009259259259259259,108.0,,1,108,106.85714285714286,1,1,0.05,1.0,1.0,1.0,0.05,REORDENAR,True
MASS0923,sin_datos,C,0.85,0.0,0.1388888888888889,0.1388888888888889,0.0,0.009259259259259259,0.009259259259259259,108.0,,1,108,106.85714285714286,1,1,0.05,1.0,1.0,1.0,0.05,REORDENAR,True
MASS0977,sin_datos,C,0.85,0.0,0.16304347826086957,0.16304347826086957,0.0,0.010869565217391304,0.010869565217391304,92.0,,1,92,91.42857142857143,1,1,0.05,1.0,1.0,1.0,0.05,REORDENAR,True
MASS0309,sin_datos,C,0.85,0.0,0.0,0.0,0.0,0.0,0.0,0.0,,0,0,88.28571428571429,1,1,0.05,1.0,1.0,1.0,0.05,REORDENAR,True
MASS2661,sin_datos,C,0.85,1.0,0.0,0.0,0.0,0.0,0.0,0.0,,0,0,5.571428571428571,0,0,0.0,0.0,1.0,1.0,0.05,OK,False
MASS0296,sin_datos,C,0.85,4.0,0.0,0.0,0.0,0.0,0.0,0.0,,0,0,11.285714285714286,0,0,0.0,0.0,1.0,1.0,0.05,OK,False
