CBM_cost,Estado,fecha_de_salida,fecha_de_llegada,contenedor,codigo,producto,cantidad,costo,cantidad_por_caja,cantidad_de_cajass,cm_a,cm_l,cm_p,CBMM,CBM_TOTAL,costo_caja,costo_total_envio,costo_envio_unit,costo_unitario_prod,costo_total,,,,
500,En transito,8/18/2026,,CONTENEDOR SEPTIEMBRE,,Mochila Antirrobo Impermeable para Portátil de Negocios con Cuero PU y Forro de Poliéster para Viajes de Oficina,200.00,$5.20,20,10,46,35,35,$0.056,$0.56,$28.18,$281.75,$1.41,$6.61,1321.75,,,codigo,COUNTA of codigo
500,En transito,8/18/2026,,CONTENEDOR SEPTIEMBRE,,Cafetera Tipo Greca Para 6 Tazas Coffee Maker,288.00,$3.30,36,8,65,45,41.5,$0.121,$0.97,$60.69,$485.55,$1.69,$4.99,1435.95,,,MASS2215,5
500,En transito,8/18/2026,,CONTENEDOR SEPTIEMBRE,,Soporte de teléfono portátil para iPhone Anillo magnético dotado para la caja del teléfono Mini altavoz con luz nocturna RGB,300.00,$1.35,100,3,43,,26,,,,,,,,,,MASS1039,3
500,En transito,8/18/2026,,CONTENEDOR SEPTIEMBRE,MASS1976,MAQUINA AFEITAR KEMEI KM-1071 RECARGABLE,200.00,$4.80,40,5,65,29,43.5,$0.082,$0.41,$41.00,$204.99,$1.02,$5.82,1164.99375,,,MASS0889,3
500,En transito,8/18/2026,,CONTENEDOR SEPTIEMBRE,,Limpiador Vaporizador Alta Temperatura 2500w 1.2lts,144.00,$11.00,12,12,67,57,29,$0.111,$1.33,$55.38,$664.51,$4.61,$15.61,2248.506,,,MASS0518,3
500,En transito,8/18/2026,,CONTENEDOR SEPTIEMBRE,MASS0830,ESTIMULADOR ELECTROTERAPIA PORTATIL TENNS,60.00,$2.15,60,1,50.5,39.5,71.5,$0.143,$0.14,$71.31,$71.31,$1.19,$3.34,200.3123125,,,MASS2778,2
500,En transito,8/18/2026,,CONTENEDOR SEPTIEMBRE,,Cepillo Eléctrico para Parrilla de Uso Doméstico,120.00,$8.70,20,6,50,26,57.5,$0.075,$0.45,$37.38,$224.25,$1.87,$10.57,1268.25,,,MASS2776,2
500,En transito,8/18/2026,,CONTENEDOR SEPTIEMBRE,MASS2621,Olla a presion 6L R.9177-110,42.00,$20.75,4,10.5,64,33,76,$0.161,$1.69,$80.26,$842.69,$20.06,$40.81,1714.188,,,MASS2775,2
500,En transito,8/18/2026,,CONTENEDOR SEPTIEMBRE,MASS2330,EQUIPO DE FITNESS DE BARRA DE DOMINADAS INDIVIDUAL DE USO DOMÉSTICO CON ANILLOS PARA NIÑOS OPCIÓN DE PUERTA DE PARED DE ACERO SIN TALADRO PARA EJERCICIO EN INTERIORES,75.00,$6.65,10,7.5,84,26,38,$0.083,$0.62,$41.50,$311.22,$4.15,$10.80,809.97,,,MASS2774,2
500,En transito,8/18/2026,,CONTENEDOR SEPTIEMBRE,,Vibrador de conejo Romeo,150.00,$5.20,100,1.5,50,38.5,34.5,$0.066,$0.10,$33.21,$49.81,$0.33,$5.53,829.809375,,,MASS2769,2
500,En transito,8/18/2026,,CONTENEDOR SEPTIEMBRE,,Cafetera Tipo Greca De Acero Inoxidable 9 Tazas,192.00,$4.20,24,8,57.5,35,49,$0.099,$0.79,$49.31,$394.45,$2.05,$6.25,1200.85,,,MASS2768,2
500,En transito,8/18/2026,,CONTENEDOR SEPTIEMBRE,,Proyector Inteligente Ultra HD de Alto Brillo con Enfoque Automático 1080P,180.00,$42.00,20,9,81,,43.5,,,,,,,,,,MASS2767,2
500,En transito,8/18/2026,,CONTENEDOR SEPTIEMBRE,,"Soldado Rey oscilante L-19 cm
Modelo oscilante a pilas",300.00,$2.00,100,3,25,46,38,$0.044,$0.13,$21.85,$65.55,$0.22,$2.22,665.55,,,MASS2582,2
500,En transito,8/18/2026,,CONTENEDOR SEPTIEMBRE,,Masajeador vibrador succionador de clítoris,100.00,$6.50,50,2,58,48,33,$0.092,$0.18,$45.94,$91.87,$0.92,$7.42,741.872,,,MASS2455,2
500,En transito,8/18/2026,,CONTENEDOR SEPTIEMBRE,MASS1378,Maquina Kemei De Afeitar Cabello Shaiver Kemei Km-2024,120.00,$5.00,60,2,43.5,32,50.5,$0.070,$0.14,$35.15,$70.30,$0.59,$5.59,670.296,,,MASS2388,2
500,En transito,8/18/2026,,CONTENEDOR SEPTIEMBRE,MASS1527,MINI MOTOSIERRA INALAMBRICA PORTATIL 6 EN 1 CON2 BATERIAS,80.00,$8.50,10,8,59.5,38,42,$0.095,$0.76,$47.48,$379.85,$4.75,$13.25,1059.848,,,MASS2302 MASS0150 MASS2440 MASS1259,2
500,En transito,8/18/2026,,CONTENEDOR SEPTIEMBRE,MASS1452,COMPRESA PARA FRIO/CALOR PARA DOLOR DE CABEZA MIGRAÑA,48.00,$1.25,24,2,38,27,25,$0.026,$0.05,$12.83,$25.65,$0.53,$1.78,85.65,,,MASS2068,2
500,En transito,8/18/2026,,CONTENEDOR SEPTIEMBRE,MASS2195 MASS2703 MASS2704,"COCHE PARA BEBE VIAJERO YOYO (15 negro, 10 blanquecino, 5 Azul)",30.00,$45.00,1,30,38,,67.5,,,,,,,,,,MASS2059/MASS2060,2
500,En transito,8/18/2026,,CONTENEDOR SEPTIEMBRE,,"Nuevas gafas AI con cámara de 800W para hombres, gafas de traducción inteligentes que cambian de Color, grabación de fotos y vídeos, gafas de sol inteligentes impermeables para llamadas",120.00,$37.50,40,3,50,30,38,$0.057,$0.17,$28.50,$85.50,$0.71,$38.21,4585.5,,,MASS2056,2
500,En transito,8/18/2026,,CONTENEDOR SEPTIEMBRE,MASS2651,MASAJEADOR REDUCTOR DE CELULITIS TERAPIA INFRAROJO (720Negro),720.00,$4.85,30,24,51,47,40,$0.096,$2.30,$47.94,"$1,150.56",$1.60,$6.45,4642.56,,,MASS1904,2
500,En transito,8/18/2026,,CONTENEDOR SEPTIEMBRE,,"Bastidor principal de cinco capas y una cara
(main frame) 90*76*180",15.00,,14,1.071428571,,,,,,,,,,,,,"MASS1813 BLANCA
MASS1802 ROSADO",2
500,En transito,8/18/2026,,CONTENEDOR SEPTIEMBRE,MASS2582,INCUBADORA DE HUEVOS 48 PZ 110V/220V,100.00,$20.85,1,100,40,42,12,$0.020,$2.02,$10.08,"$1,008.00",$10.08,$30.93,3093,,,MASS1806,2
500,En transito,8/18/2026,,CONTENEDOR SEPTIEMBRE,,REPOSICION,,,,,,,,,,,,,,,,,MASS1692,2
500,En transito,8/18/2026,,CONTENEDOR SEPTIEMBRE,MASS2769,Mini Cámara Deportiva De Acción 4K WiFi Pantalla Giratoria,100.00,$16.00,100,1,39,,63,,,,,,,,,,MASS1574,2
500,En transito,8/18/2026,,CONTENEDOR SEPTIEMBRE,MASS2733,MAQUINA CAFE R.9136-110,120.00,$46.00,4,30,64,54,33,$0.114,$3.42,$57.02,"$1,710.72",$14.26,$60.26,7230.72,,,MASS1551,2
500,En transito,8/18/2026,,CONTENEDOR SEPTIEMBRE,,Vibrador tipo conejo recargable con estimulador de clítoris por lamido,300.00,$2.35,100,3,48,46,23,$0.051,$0.15,$25.39,$76.18,$0.25,$2.60,781.176,,,MASS1452,2
500,En transito,8/18/2026,,CONTENEDOR SEPTIEMBRE,MASS0615 MASS0616 MASS1171,"VIBRADOR RECARGABLE 30 VELOCIDADES YCYY3001U (100MORADO,300ROSADO,100NEGRO)",500.00,$2.60,100,5,40,27,33,$0.036,$0.18,$17.82,$89.10,$0.18,$2.78,1389.1,,,MASS1282,2
500,En transito,8/18/2026,,CONTENEDOR SEPTIEMBRE,MASS2324,Q8 AURICULAR TOTALMENTE COMPATIBLE CON EL ADAPTADOR TIPO C + APPLE UNO A DOS,200.00,$4.50,100,2,52.5,48,24,$0.060,$0.12,$30.24,$60.48,$0.30,$4.80,960.48,,,MASS1206,2
500,En transito,8/18/2026,,CONTENEDOR SEPTIEMBRE,,Radio Frecuencia Facial Electroporador 5en1 Estética Fototer,150.00,$6.50,30,5,47,44.5,44.5,$0.093,$0.47,$46.54,$232.68,$1.55,$8.05,1207.679375,,,"MASS1009 NEGRO
MASS1011 BLANCO",2
500,En transito,8/18/2026,,CONTENEDOR SEPTIEMBRE,,"Intercomunicador y auriculares BT para casco de motocicleta Y20 MAX con mezcla de audio, V5.3",200.00,$7.50,50,4,42,28,60,$0.071,$0.28,$35.28,$141.12,$0.71,$8.21,1641.12,,,MASS0621,2
500,En transito,8/18/2026,,CONTENEDOR SEPTIEMBRE,,Sobre personalizado para embalar 38 x 52cm rollo 100,210.00,$5.50,14,15,40,,25,,,,,,,,,,MASS0292 Negro,2
500,En transito,8/18/2026,,CONTENEDOR SEPTIEMBRE,,"Lonchera Táctica para Hombre, Resistente, Hermética",160.00,$7.88,16,10,60,40,40,$0.096,$0.96,$48.00,$480.00,$3.00,$10.88,1740.8,,,MASS0128,2
500,En transito,8/18/2026,,CONTENEDOR SEPTIEMBRE,MASS2456,Radio Reproductor Pantalla Equipo Sonido Bluetooth Auto,120.00,$15.50,20,6,42,60,35,$0.088,$0.53,$44.10,$264.60,$2.21,$17.71,2124.6,,,MASS0040,2
500,En transito,8/18/2026,,CONTENEDOR SEPTIEMBRE,,Juguete tipo giroscopio o bola de descompresión impreso en 3d con mecanismo de empuje y giro ,576.00,$0.40,288,2,51,40,42,$0.086,$0.17,$42.84,$85.68,$0.15,$0.55,316.08,,,R.9132-110 1.2L,1
500,En transito,8/18/2026,,CONTENEDOR SEPTIEMBRE,,"Dildo realista de silicona líquida ""Emperador Romano""",90.00,$6.45,30,3,38,35.5,50,$0.067,$0.20,$33.73,$101.18,$1.12,$7.57,681.675,,,R.9100-110 0.6L,1
500,En transito,8/18/2026,,CONTENEDOR SEPTIEMBRE,MASS2342,"Freidora de aceite 5,5L R.5220-110V",60.00,$12.65,4,15,58,45,52,$0.136,$2.04,$67.86,"$1,017.90",$16.97,$29.62,1776.9,,,MASSS2080 MASS2081,1
500,En transito,8/18/2026,,CONTENEDOR SEPTIEMBRE,"MASS0292
MASS0291
MASS0289
MASS0290",PISTOLA MASAJEADORA RECARGABLE SY-720 (NEGRO 360/ GRIS 80/ ROJO 80/ VERDE 80),600.00,$2.45,40,15,69.5,30.5,30.5,$0.065,$0.97,$32.33,$484.89,$0.81,$3.26,1954.892813,,,MASS2781,1
500,En transito,8/18/2026,,CONTENEDOR SEPTIEMBRE,MASS1648,ORGANIZADOR DE LIMPIEZA,150.00,$1.85,30,5,54,,35.5,,,,,,,,,,MASS2780,1
500,En transito,8/18/2026,,CONTENEDOR SEPTIEMBRE,,"Mini Plancha de Pelo Recargable Portátil, Cepillo Alisador Inalámbrico con Carcasa Anti-Quemaduras",400.00,$3.75,80,5,45,30,44,$0.059,$0.30,$29.70,$148.50,$0.37,$4.12,1648.5,,,MASS2779,1
500,En transito,8/18/2026,,CONTENEDOR SEPTIEMBRE,,Varita de succión Kaili,130.00,$5.20,65,2,54,45,27,$0.066,$0.13,$32.81,$65.61,$0.50,$5.70,741.61,,,MASS2777,1
500,En transito,8/18/2026,,CONTENEDOR SEPTIEMBRE,MASS2192,BOLSO DE LAPTOP CON USB Negro60/Azul30/Gris30,120.00,$2.80,1,120,45,30,8,$0.011,$1.30,$5.40,$648.00,$5.40,$8.20,984,,,MASS2773,1
500,En transito,8/18/2026,,CONTENEDOR SEPTIEMBRE,,Falo de cristal de L-19 cm,300.00,$2.00,150,2,45,25,58.5,$0.066,$0.13,$32.91,$65.81,$0.22,$2.22,665.8125,,,MASS2772,1
500,En transito,8/18/2026,,CONTENEDOR SEPTIEMBRE,,"Masajeador de Cuello y Hombros 3D con Calor, Masaje Shiatsu 4D",240.00,$8.00,24,10,53,41.5,60,$0.132,$1.32,$65.99,$659.85,$2.75,$10.75,2579.85,,,MASS2771,1
500,En transito,8/18/2026,,CONTENEDOR SEPTIEMBRE,,"Juguete sexual 3 en 1 con función de golpeteo para el punto G
Vibrador masajeador",100.00,$7.25,50,2,53,43,30,$0.068,$0.14,$34.19,$68.37,$0.68,$7.93,793.37,,,MASS2770,1
500,En transito,8/18/2026,,CONTENEDOR SEPTIEMBRE,MASS1904,CAMARA TIPO BOMBILLO BASE E27 1080P,800.00,$2.90,100,8,73,41,41.5,$0.124,$0.99,$62.10,$496.84,$0.62,$3.52,2816.838,,,MASS2766,1
500,En transito,8/18/2026,,CONTENEDOR SEPTIEMBRE,MASS0943,PISTOLA MASAJEADORA GRANDE GRIS,260.00,$4.50,20,13,64,38,46,$0.112,$1.45,$55.94,$727.17,$2.80,$7.30,1897.168,,,MASS2765,1
500,En transito,8/18/2026,,CONTENEDOR SEPTIEMBRE,,AGORA,,,,,,,,,,,,,,,,,MASS2764,1
500,En transito,8/18/2026,,CONTENEDOR SEPTIEMBRE,,Vibrador telescópico tipo consolador,68.00,$9.00,34,2,56,41,33,$0.076,$0.15,$37.88,$75.77,$1.11,$10.11,687.768,,,MASS2763,1
500,En transito,8/18/2026,,CONTENEDOR SEPTIEMBRE,MASS2775,Lentes Inteligentes Bluetooth F06 Con Auriculares Manos Libres,250.00,$2.88,50,5,36.5,,28,,,,,,,,,,MASS2762,1
500,En transito,8/18/2026,,CONTENEDOR SEPTIEMBRE,MASS2774,Pulsera Inteligente Smart Band H59 Monitor Actividad Fitness,200.00,$10.50,100,2,45.5,,36,,,,,,,,,,MASS2733,1
500,En transito,8/18/2026,,CONTENEDOR SEPTIEMBRE,MASS0881,AMOLADOR DE CUCHILLO,288.00,$0.40,144,2,57,46,54,$0.142,$0.28,$70.79,$141.59,$0.49,$0.89,256.788,,,MASS2730,1
500,En transito,8/18/2026,,CONTENEDOR SEPTIEMBRE,MASS1265,SET DE SARTENES HIERRO FUNDIDO,120.00,$9.35,5,24,47,40,35,$0.066,$1.58,$32.90,$789.60,$6.58,$15.93,1911.6,,,"MASS2651
MASS2068",1
500,En transito,8/18/2026,,CONTENEDOR SEPTIEMBRE,MASS1039,MAQUINA PLASTIFICADORA LAMINADORA (10 HOJAS),300.00,$7.80,10,30,42,40,30,$0.050,$1.51,$25.20,$756.00,$2.52,$10.32,3096,,,MASS2651,1
500,En transito,8/18/2026,,CONTENEDOR SEPTIEMBRE,MASS2767,Cámara Digital Infantil Para Niños Fotos Video Pantalla LCD,400.00,$2.50,100,4,44,,63,,,,,,,,,,MASS2650,1
500,En transito,8/18/2026,,CONTENEDOR SEPTIEMBRE,MASS2335,MAQ. YOGURT MAKER REDONDA R.914404-110 RAF,100.00,$6.65,4,25,51.5,27,35,$0.049,$1.22,$24.33,$608.34,$6.08,$12.73,1273.34375,,,MASS2649,1
500,En transito,8/18/2026,,CONTENEDOR SEPTIEMBRE,MASS2606,"Zapatero a prueba de polvo, 5 capas",180.00,$3.68,5,36,59,27,23,$0.037,$1.32,$18.32,$659.50,$3.66,$7.34,1321.902,,,MASS2647,1
500,En transito,8/18/2026,,CONTENEDOR SEPTIEMBRE,MASS2605,ZAPATERA 7 NIVELES A PRUEBA DE POLVO,180.00,$4.50,5,36,59,27,28,$0.045,$1.61,$22.30,$802.87,$4.46,$8.96,1612.872,,,MASS2646,1
500,En transito,8/18/2026,,CONTENEDOR SEPTIEMBRE,MASS2345,Licuadora Electrica negra R.92809B-110,60.00,$8.63,6,10,63,56,36,$0.127,$1.27,$63.50,$635.04,$10.58,$19.21,1152.84,,,MASS2643,1
500,En transito,8/18/2026,,CONTENEDOR SEPTIEMBRE,,Potente Vibrador de Punto G y Clítoris Recargable calefacción,160.00,$4.50,80,2,52,47,36,$0.088,$0.18,$43.99,$87.98,$0.55,$5.05,807.984,,,MASS2642,1
500,En transito,8/18/2026,,CONTENEDOR SEPTIEMBRE,,PRODUCTOS NUEVOS,,,,,,,,,,,,,,,,,MASS2641,1
500,En transito,8/18/2026,,CONTENEDOR SEPTIEMBRE,,"Masajeador de ojo con carlo a 46grados, vibracion compresa termica y musica",150.00,$16.50,30,5,48,,46,,,,,,,,,,MASS2640,1
500,En transito,8/18/2026,,CONTENEDOR SEPTIEMBRE,,mini ups AGORA 30.000 mah POE830P,500.00,$20.00,40,12.5,37.3,33,40.5,$0.050,$0.62,$24.93,$311.57,$0.62,$20.62,10311.57156,,,MASS2639,1
500,En transito,8/18/2026,,CONTENEDOR SEPTIEMBRE,,Corneta Bluetooh Compacto y Potente ,400.00,$3.35,100,4,41,41,48,$0.081,$0.32,$40.34,$161.38,$0.40,$3.75,1501.376,,,MASS2638,1
500,En transito,8/18/2026,,CONTENEDOR SEPTIEMBRE,MASS2589,ESTANTE PORTATIL 6 NIVELES 2 COLUMNAS DE TELA NEGRO 1.5M,140.00,$2.50,10,14,58.5,41.5,37,$0.090,$1.26,$44.91,$628.79,$4.49,$6.99,978.78725,,,MASS2637,1
500,En transito,8/18/2026,,CONTENEDOR SEPTIEMBRE,,Cepillo Limpiador de Película de Aceite para Automóviles,420.00,$0.28,60,7,49,,25,,,,,,,,,,MASS2636,1
500,En transito,8/18/2026,,CONTENEDOR SEPTIEMBRE,MASS0621,MAQUINA PARA AFEITAR PERRO,70.00,$2.90,70,1,58.5,45,34.5,$0.091,$0.09,$45.41,$45.41,$0.65,$3.55,248.410625,,,MASS2635,1
500,En transito,8/18/2026,,CONTENEDOR SEPTIEMBRE,R.9100-110 0.6L,Cafetera raf 6 tazas,144.00,$6.65,12,12,51.5,44.5,55,$0.126,$1.51,$63.02,$756.28,$5.25,$11.90,1713.8775,,,MASS2634,1
500,En transito,8/18/2026,,CONTENEDOR SEPTIEMBRE,,Varilla de vibración de segunda generación de Inspur,150.00,$4.50,100,1.5,49.5,39.5,34,$0.066,$0.10,$33.24,$49.86,$0.33,$4.83,724.858875,,,MASS2633,1
500,En transito,8/18/2026,,CONTENEDOR SEPTIEMBRE,,Varita vibradora de tres puntas con función de calentamiento,70.00,$4.80,70,1,55,38,33,$0.069,$0.07,$34.49,$34.49,$0.49,$5.29,370.485,,,MASS2632,1
500,En transito,8/18/2026,,CONTENEDOR SEPTIEMBRE,,AFFARI,,,,,,,,,,,,,,,,,MASS2631,1
500,En transito,8/18/2026,,CONTENEDOR SEPTIEMBRE,,Auriculares Bluetooth De Conducción Ósea Inalámbricos Deportivos,120.00,$2.50,120,1,50.5,,33,,,,,,,,,,MASS2630,1
500,En transito,8/18/2026,,CONTENEDOR SEPTIEMBRE,MASS0701,LUBRICANTE ANAL LOVE MONOGATARI 200ML ZTAO01,328.00,$0.68,164,2,58,66,35,$0.134,$0.27,$66.99,$133.98,$0.41,$1.09,357.02,,,MASS2628,1
500,En transito,8/18/2026,,CONTENEDOR SEPTIEMBRE,,"Masajeador de Cabeza Automático Inteligente con Diseño de Cabeza de Pulpo, Material ABS+PP
(bateria 500mah, )",240.00,$2.00,40,6,78,,64,,,,,,,,,,MASS2627,1
500,En transito,8/18/2026,,CONTENEDOR SEPTIEMBRE,,"Ventilador de Techo Portátil Recargable 2026, Ventilador USB Inalámbrico Colgante Dormitorio de Estudiantes, Camping y Exteriores",240.00,$5.68,60,4,45.5,,42,,,,,,,,,,MASS2626,1
500,En transito,8/18/2026,,CONTENEDOR SEPTIEMBRE,MASS1873,Mini Maquina De Coser 12 Puntadas,180.00,$10.00,6,30,45.5,32.5,61,$0.090,$2.71,$45.10,"$1,353.06",$7.52,$17.52,3153.05625,,,MASS2625,1
500,En transito,8/18/2026,,CONTENEDOR SEPTIEMBRE,,Juguete Sensorial Antiestrés de Peluche con Forma de Dumpling Glitter Mystery,432.00,$0.45,144,3,62,32,50.5,$0.100,$0.30,$50.10,$150.29,$0.35,$0.80,344.688,,,MASS2624,1
500,En transito,8/18/2026,,CONTENEDOR SEPTIEMBRE,,Tanga sexy sin entrepierna,400.00,$0.55,100,4,15,,50,,,,,,,,,,MASS2622,1
500,En transito,8/18/2026,,CONTENEDOR SEPTIEMBRE,R.9132-110 1.2L,Cafetera raf 12 tazas,160.00,$7.65,8,20,47.5,38,63,$0.114,$2.27,$56.86,"$1,137.15",$7.11,$14.76,2361.15,,,MASS2621,1
500,En transito,8/18/2026,,CONTENEDOR SEPTIEMBRE,MASS0518,STUD 100,100.00,$0.79,300,0.3333333333,48,31,39,$0.058,$0.02,$29.02,$9.67,$0.10,$0.89,88.672,,,MASS2614,1
500,En transito,8/18/2026,,CONTENEDOR SEPTIEMBRE,MASS2067,Juego De Dados Milimétricos De 12 Piezas Con Rachet Grande,200.00,$2.85,40,5,53,50,30,$0.080,$0.40,$39.75,$198.75,$0.99,$3.84,768.75,,,MASS2606,1
500,En transito,8/18/2026,,CONTENEDOR SEPTIEMBRE,,Juego de 24 Llaves de Impacto Universales de Alta Resistencia con Enchufe de 1/2,120.00,$12.50,1,120,44,19,5,$0.004,$0.50,$2.09,$250.80,$2.09,$14.59,1750.8,,,MASS2605,1
500,En transito,8/18/2026,,CONTENEDOR SEPTIEMBRE,,Cinturón Corrector de postura ajustable Lumbar para hombro,200.00,$2.65,100,2,50,,50,,,,,,,,,,MASS2602,1
500,En transito,8/18/2026,,CONTENEDOR SEPTIEMBRE,,"Bolsa Impermeable de PVC para Deportes, con Cinturón Ajustable, Correa de Hombro Curva, Bolsillo Interior con Cremallera, 25L",210.00,$8.00,15,14,46,35,35,$0.056,$0.79,$28.18,$394.45,$1.88,$9.88,2074.45,,,MASS2601,1
500,En transito,8/18/2026,,CONTENEDOR SEPTIEMBRE,MASS2244,Aceite de masaje corporal Aumento de pene xxxl 10 ml,400.00,$0.45,800,0.5,54,40,40,$0.086,$0.04,$43.20,$21.60,$0.05,$0.50,201.6,,,MASS2600,1
500,En transito,8/18/2026,,CONTENEDOR SEPTIEMBRE,MASS1806,CAMARA DE SEGURIDAD DOBLE ROBOTICA 360° GRADOS HD MICRO SD WIFFI,250.00,$5.50,50,5,56.5,28.5,53.4,$0.086,$0.43,$42.99,$214.97,$0.86,$6.36,1589.968375,,,MASS2599,1
500,En transito,8/18/2026,,CONTENEDOR SEPTIEMBRE,,Lápiz De Acupuntura 5 Cabezales Recargable Fisioterapia,200.00,$2.40,100,2,42,32,45,$0.060,$0.12,$30.24,$60.48,$0.30,$2.70,540.48,,,MASS2598,1
500,En transito,8/18/2026,,CONTENEDOR SEPTIEMBRE,MASS2768,Cámara Infantil Digital Con Impresora Térmica Instantánea,90.00,$10.50,30,3,35.5,,34,,,,,,,,,,MASS2589,1
500,En transito,8/18/2026,,CONTENEDOR SEPTIEMBRE,MASS2730,Audifonos Inalambricos Recargables Bluetooth Md,100.00,$2.90,100,1,28,36,52,$0.052,$0.05,$26.21,$26.21,$0.26,$3.16,316.208,,,MASS2588,1
500,En transito,8/18/2026,,CONTENEDOR SEPTIEMBRE,,"ENZO 6 en 1, Marca OEM, Multi-Styler Iónico, Secador de Pelo, Cepillo para Cabello Lacio y Rizado, Set de Belleza",120.00,$31.50,12,10,34,68,40,$0.092,$0.92,$46.24,$462.40,$3.85,$35.35,4242.4,,,MASS2587,1
500,En transito,8/18/2026,,CONTENEDOR SEPTIEMBRE,,Dispositivo Multifuncional de Limpieza de Puntos Negros con 6 Cabezales de Succión Compatibles,200.00,$5.50,50,4,51,33,60,$0.101,$0.40,$50.49,$201.96,$1.01,$6.51,1301.96,,,MASS2585,1
500,En transito,8/18/2026,,CONTENEDOR SEPTIEMBRE,MASS2215,FOMENTERA ESTERILLA ELECTRICA,390.00,$5.25,30,13,56,47,32,$0.084,$1.09,$42.11,$547.46,$1.40,$6.65,2594.956,,,MASS2477,1
500,En transito,8/18/2026,,CONTENEDOR SEPTIEMBRE,,Corneta de alta potencia altavoz portátil con luces RGB multicolor,300.00,$6.50,50,6,41,38,44,$0.069,$0.41,$34.28,$205.66,$0.69,$7.19,2155.656,,,MASS2474,1
500,En transito,8/18/2026,,CONTENEDOR SEPTIEMBRE,,Vibrador Portátil con Control Remoto por Aplicación,432.00,$2.50,432,1,50,40,30,$0.060,$0.06,$30.00,$30.00,$0.07,$2.57,1110,,,MASS2470,1
500,En transito,8/18/2026,,CONTENEDOR SEPTIEMBRE,MASS1301,EXTENSOR DE SEÑAL 300 MBPS BLANCOS,300.00,$2.55,100,3,58,38,44,$0.097,$0.29,$48.49,$145.46,$0.48,$3.03,910.464,,,MASS2463,1
500,En transito,8/18/2026,,CONTENEDOR SEPTIEMBRE,MASS2455,Teclado Y Mouse Inalambrico Bluetooth Recargable,100.00,$3.20,50,2,25,16,50,$0.020,$0.04,$10.00,$20.00,$0.20,$3.40,340,,,MASS2462,1
500,En transito,8/18/2026,,CONTENEDOR SEPTIEMBRE,MASS2187,"Champu Meidu Cubre Canas 3 En 1 500 Ml Ojo Original
(180 black)",64.00,$1.80,8,8,71.5,48,27,$0.093,$0.74,$46.33,$370.66,$5.79,$7.59,485.856,,,MASS2461,1
500,En transito,8/18/2026,,CONTENEDOR SEPTIEMBRE,,"Vibrador de Succión, Juguetes Sexuales, Estimulador de Clítoris con Pulsaciones Recargable",200.00,$9.00,50,4,52,49,38,$0.097,$0.39,$48.41,$193.65,$0.97,$9.97,1993.648,,,MASS2457,1
500,En transito,8/18/2026,,CONTENEDOR SEPTIEMBRE,MASS0850,"VIBRADOR POR APLICACION REMOTO YPM
(ROSADO)",400.00,$2.45,100,4,58,46,22,$0.059,$0.23,$29.35,$117.39,$0.29,$2.74,1097.392,,,MASS2456,1
500,En transito,8/18/2026,,CONTENEDOR SEPTIEMBRE,,Mini Vibrador Recargable con Forma de Huevo recargable,200.00,$1.95,400,0.5,51,34,35,$0.061,$0.03,$30.35,$15.17,$0.08,$2.03,405.1725,,,MASS2423,1
500,En transito,8/18/2026,,CONTENEDOR SEPTIEMBRE,,MIni ups AGORA 20.000 mah POE-632E,500.00,$13.50,40,12.5,37.3,33,40.5,$0.050,$0.62,$24.93,$311.57,$0.62,$14.12,7061.571563,,,MASS2422,1
500,En transito,8/18/2026,,CONTENEDOR SEPTIEMBRE,MASS2588,ESTANTE PARA ZAPATOS Y SOMBREROS 5 NIVELES 1.65M X 79CM X 30CM,140.00,$4.60,10,14,80.5,52,35.5,$0.149,$2.08,$74.30,"$1,040.22",$7.43,$12.03,1684.221,,,MASS2421,1
500,En transito,8/18/2026,,CONTENEDOR SEPTIEMBRE,,Molde de bola de hielo grande,200.00,$2.65,40,5,40,28,60,$0.067,$0.34,$33.60,$168.00,$0.84,$3.49,698,,,MASS2420,1
500,En transito,8/18/2026,,CONTENEDOR SEPTIEMBRE,,Apilador Electrico 3000 kg 3metros,1.00,"$1,700.00",1,1,90,,200,,,,,,,,,,MASS2419,1
500,En transito,8/18/2026,,CONTENEDOR SEPTIEMBRE,,Monitor de frecuencia cardiaca fetal T502 (estetoscopio doppler),180.00,$3.15,60,3,54,,38,,,,,,,,,,MASS2418,1
500,En transito,8/18/2026,,CONTENEDOR SEPTIEMBRE,,Pelota giratoria con luz antiestres ,576.00,$0.65,288,2,58,26,55,$0.083,$0.17,$41.47,$82.94,$0.14,$0.79,457.34,,,MASS2417,1
500,En transito,8/18/2026,,CONTENEDOR SEPTIEMBRE,MASS2778,Audífonos Bluetooth A9 Inalámbricos Con Pantalla Táctil ANC,240.00,$4.35,120,2,61.5,,24,,,,,,,,,,MASS2416,1
500,En transito,8/18/2026,,CONTENEDOR SEPTIEMBRE,MASS0288,MASAJEADOR DE CUELLO RECARGABLE CON 4 ELECTRODOS,240.00,$2.32,60,4,,,,,,,,,,,,,MASS2415,1
500,En transito,8/18/2026,,CONTENEDOR SEPTIEMBRE,MASS0040,AUDIFONO INALAMBRICO F9,200.00,$1.45,100,2,48,49,24,$0.056,$0.11,$28.22,$56.45,$0.28,$1.73,346.448,,,MASS2410,1
500,En transito,8/18/2026,,CONTENEDOR SEPTIEMBRE,,Juego de llaves de carraca de 12 piezas Caja de hierro,150.00,$5.50,1,150,44,19,6,$0.005,$0.75,$2.51,$376.20,$2.51,$8.01,1201.2,,,MASS2405,1
500,En transito,8/18/2026,,CONTENEDOR SEPTIEMBRE,MASS2776,Audífonos Bluetooth JM19 Traductor IA Con Pantalla Táctil,200.00,$6.90,100,2,49,,43,,,,,,,,,,MASS2389,1
500,En transito,8/18/2026,,CONTENEDOR SEPTIEMBRE,MASS2622,MAQ. YOGURT MAKER CUADRADA R.914400-110 RAF,140.00,$10.75,4,35,51.5,26.5,28.5,$0.039,$1.36,$19.45,$680.67,$4.86,$15.61,2185.669063,,,MASS2377,1
500,En transito,8/11/2026,,CONTENEDOR  REVESTIMIENTO ,MASS2138,ROLLO DE ESPUMA 3D AUTOADHESIVA JQ-3472-1Y4 40 CM X 3M DE 3MM,180.00,$3.70,30,6,74,,42,,,,,,,,,,MASS2362,1
500,En transito,8/11/2026,,CONTENEDOR  REVESTIMIENTO ,MASS2419,"WALL PANEL REDONDO HYYC-063 18,6CM X 2,6CM X 2,90 M",160.00,$4.80,8,20,,,,,,,,,,,,,MASS2361,1
500,En transito,8/11/2026,,CONTENEDOR  REVESTIMIENTO ,MASS2123,"LAMINA DE PVC MARMOLIZADA HYDY2001 2,44 M X 1,22M DE 3MM",120.00,$11.50,1,120,,,,,,,,,,,,,MASS2353,1
500,En transito,8/11/2026,,CONTENEDOR  REVESTIMIENTO ,MASS2418,"WALL PANEL REDONDO HYYC-091 (070 gris claro) 18,6CM X 2,6CM X 2,90 M",160.00,$4.80,8,20,,,,,,,,,,,,,MASS2352,1
500,En transito,8/11/2026,,CONTENEDOR  REVESTIMIENTO ,MASS2132,ROLLO DE ESPUMA 3D AUTOADHESIVA 3419-6Y49 40 CM X 3M DE 3MM,150.00,$3.70,30,5,74,,42,,,,,,,,,,MASS2351,1
500,En transito,8/11/2026,,CONTENEDOR  REVESTIMIENTO ,MASS2124,"LAMINA DE PVC MARMOLIZADA HYDY2002 2,44 M X 1,22M DE 3MM",50.00,$11.50,1,50,,,,,,,,,,,,,MASS2348 MASS2442 MASS2443,1
500,En transito,8/11/2026,,CONTENEDOR  REVESTIMIENTO ,MASS1418,FOAMI 3D BLANCO 70CM*77CM,500.00,$0.39,100,5,,,,,,,,,,,,,MASS2345,1
500,En transito,8/11/2026,,CONTENEDOR  REVESTIMIENTO ,MASS2477,"ROLLO PANEL DE PARED PIEDRA SUAVE AUTOHADESIVO 0,6 X 2,8M H Y R C 0 0 0 2 - 2",320.00,$3.80,16,20,,,,,,,,,,,,,MASS2343,1
500,En transito,8/11/2026,,CONTENEDOR  REVESTIMIENTO ,MASS2470,TECHO PVC DE 3 PIEZAS MACHIMBRADO HYYC010 21CMX9CMX2900MM,240.00,$4.00,10,24,,,,,,,,,,,,,MASS2342,1
500,En transito,8/11/2026,,CONTENEDOR  REVESTIMIENTO ,MASS2601,FLAT WALL PANEL LISO 015 MADERA 400*9*2900MM,450.00,$5.50,9,50,295,42,8.5,$0.105,$5.27,$52.66,"$2,632.88",$5.85,$11.35,5107.875,,,MASS2335,1
500,En transito,8/11/2026,,CONTENEDOR  REVESTIMIENTO ,MASS1324,PISO VINIL HHYM3039,200.00,$11.20,1,200,,,,,,,,,,,,,MASS2330,1
500,En transito,8/11/2026,,CONTENEDOR  REVESTIMIENTO ,MASS2125,"LAMINA DE PVC MARMOLIZADA HYDY2006 2,44 M X 1,22M DE 3MM",50.00,$11.50,1,50,,,,,,,,,,,,,MASS2328,1
500,En transito,8/11/2026,,CONTENEDOR  REVESTIMIENTO ,MASS1746,ROLLO PANEL DECORATIVO BD928,150.00,$1.60,,,32,,62,,,,,,,,,,MASS2324,1
500,En transito,8/11/2026,,CONTENEDOR  REVESTIMIENTO ,MASS2140,ROLLO PANEL DECORATIVO BD1137,100.00,$1.60,,,32,,62,,,,,,,,,,MASS2322,1
500,En transito,8/11/2026,,CONTENEDOR  REVESTIMIENTO ,MASS2415,"WALL PANEL REDONDO HYYC-078 18,6CM X 2,6CM X 2,90 M",160.00,$4.80,8,20,,,,,,,,,,,,,MASS2308,1
500,En transito,8/11/2026,,CONTENEDOR  REVESTIMIENTO ,MASS2127,"LAMINA DE PVC MARMOLIZADA HYLJ80008T 2,44 M X 1,22M DE 3MM",50.00,$11.50,1,50,,,,,,,,,,,,,MASS2307,1
500,En transito,8/11/2026,,CONTENEDOR  REVESTIMIENTO ,MASS2600,FLAT WALL PANEL LISO 089 GRIS CLARO 400*9*2900MM,450.00,$5.50,9,50,295,42,8.5,$0.105,$5.27,$52.66,"$2,632.88",$5.85,$11.35,5107.875,,,MASS2305 MASS2405 MASS2699,1
500,En transito,8/11/2026,,CONTENEDOR  REVESTIMIENTO ,MASS1983,Pegamento Silicon Blanco Extra Fuerte Wall Panel,"3,600.00",$0.90,24,150,30.5,21.5,24,$0.016,$2.36,$7.87,"$1,180.35",$0.33,$1.23,4420.35,,,MASS2304,1
500,En transito,8/11/2026,,CONTENEDOR  REVESTIMIENTO ,MASS2137,ROLLO DE ESPUMA 3D AUTOADHESIVA JQ-3481-1Y12 40 CM X 3M DE 3MM,120.00,$3.70,30,4,74,,42,,,,,,,,,,MASS2303,1
500,En transito,8/11/2026,,CONTENEDOR  REVESTIMIENTO ,MASS2416,"WALL PANEL REDONDO HYYC-080 18,6CM X 2,6CM X 2,90 M",160.00,$4.80,8,20,,,,,,,,,,,,,MASS2249,1
500,En transito,8/11/2026,,CONTENEDOR  REVESTIMIENTO ,MASS2420,"WALL PANEL REDONDO HYYC-064 18,6CM X 2,6CM X 2,90 M",160.00,$4.80,8,20,,,,,,,,,,,,,MASS2244,1
500,En transito,8/11/2026,,CONTENEDOR  REVESTIMIENTO ,MASS1745,ROLLO PANEL DECORATIVO BD871,300.00,$1.60,,,32,,62,,,,,,,,,,MASS2237 MASS2238 MASS2239,1
500,En transito,8/11/2026,,CONTENEDOR  REVESTIMIENTO ,MASS1417,FOAMI 3D NEGRO 70CM*77CM,400.00,$0.39,100,4,,,,,,,,,,,,,MASS2221,1
500,En transito,8/11/2026,,CONTENEDOR  REVESTIMIENTO ,MASS1736,PISO VINIL HHYM3024,0.00,$11.20,1,0,,,,,,,,,,,,,MASS2216,1
500,En transito,8/11/2026,,CONTENEDOR  REVESTIMIENTO ,MASS2421,"WALL PANEL REDONDO HYYC-065 18,6CM X 2,6CM X 2,90 M",160.00,$4.80,8,20,,,,,,,,,,,,,MASS2211,1
500,En transito,8/11/2026,,CONTENEDOR  REVESTIMIENTO ,MASS2598,FLAT WALL PANEL LISO HYC032 MARRON OSCURO 400*9*2900MM,225.00,$5.50,9,25,295,42,8.5,$0.105,$2.63,$52.66,"$1,316.44",$5.85,$11.35,2553.9375,,,MASS2195 MASS2703 MASS2704,1
500,En transito,8/11/2026,,CONTENEDOR  REVESTIMIENTO ,MASS2599,FLAT WALL PANEL LISO 080 GRIS OSCURO 400*9*2900MM,297.00,$5.50,9,33,295,42,8.5,$0.105,$3.48,$52.66,"$1,737.70",$5.85,$11.35,3371.1975,,,MASS2193,1
500,En transito,8/11/2026,,CONTENEDOR  REVESTIMIENTO ,MASS2128,"LAMINA DE PVC MARMOLIZADA HYLJ80001T 2,44 M X 1,22M DE 3MM",50.00,$11.50,1,50,,,,,,,,,,,,,MASS2192,1
500,En transito,8/11/2026,,CONTENEDOR  REVESTIMIENTO ,MASS1747,ROLLO PANEL DECORATIVO BD771,100.00,$1.60,,,32,,62,,,,,,,,,,MASS2187,1
500,En transito,8/11/2026,,CONTENEDOR  REVESTIMIENTO ,MASS2602,FLAT WALL PANEL LISO 053 MARRON CLARO 400*9*2900MM,360.00,$5.50,9,40,295,42,8.5,$0.105,$4.21,$52.66,"$2,106.30",$5.85,$11.35,4086.3,,,MASS2181,1
500,En transito,8/11/2026,,CONTENEDOR  REVESTIMIENTO ,MASS2423,"WALL PANEL REDONDO HYYC-074 18,6CM X 2,6CM X 2,90 M",160.00,$4.80,8,20,,,,,,,,,,,,,MASS2178,1
500,En transito,8/11/2026,,CONTENEDOR  REVESTIMIENTO ,MASS1402,PISO VINIL HHYM3013,150.00,$11.20,1,150,,,,,,,,,,,,,MASS2141,1
500,En transito,8/11/2026,,CONTENEDOR  REVESTIMIENTO ,MASS2417,"WALL PANEL REDONDO HYYC-089 (071 beige)18,6CM X 2,6CM X 2,90 M",160.00,$4.80,8,20,,,,,,,,,,,,,MASS2140,1
500,En transito,8/11/2026,,CONTENEDOR  REVESTIMIENTO ,MASS2141,ROLLO PANEL DECORATIVO BD1135,300.00,$1.60,,,32,,62,,,,,,,,,,MASS2138,1
500,En transito,8/11/2026,,CONTENEDOR  REVESTIMIENTO ,MASS2422,"WALL PANEL REDONDO HYYC-069 18,6CM X 2,6CM X 2,90 M",160.00,$4.80,8,20,,,,,,,,,,,,,MASS2137,1
500,En transito,8/11/2026,,CONTENEDOR  REVESTIMIENTO ,MASS1836,"ROLLO PANEL DECORATIVO JQ-90527D1 1,2m x 3m",100.00,$4.50,10,10,122,,31,,,,,,,,,,MASS2132,1
500,En transito,8/11/2026,,CONTENEDOR  REVESTIMIENTO ,MASS2474,TECHO PVC DE 3 PIEZAS MACHIMBRADO HYYC032 21CMX9CMX2900MM,240.00,$4.00,10,24,,,,,,,,,,,,,MASS2128,1
0,En transito,8/1/2026,,CONTENEDORES JULIO,MASS0698 MASS0699 MASS0700,LUBRICANTE PRIVATE LIFE 100ML XZLSG100ML (CEREZA400/FRESA250/LIMA150),800.00,$0.54,100,8,35,44,30,$0.046,$0.37,$0.00,$0.00,$0.00,$0.54,432,,,MASS2127,1
0,En transito,8/1/2026,,CONTENEDORES JULIO,MASS1865,Máquina para hacer pasta calabacín (BLANCO),120.00,$0.80,120,1,63,39.5,45.5,$0.113,$0.11,$0.00,$0.00,$0.00,$0.80,96,,,MASS2125,1
0,En transito,8/1/2026,,CONTENEDORES JULIO,,"COLCHON KING COMPRIMIDO
(ESPECIFICACIONES, CALIDAD, FOTOS REALES)",40.00,$110.00,1,40,28,28,188,$0.147,$5.90,$0.00,$0.00,$0.00,$110.00,4400,,,MASS2124,1
0,En transito,8/1/2026,,CONTENEDORES JULIO,MASS2056,"BOMBILLOS VINTAGE
5 meters 20 lights",200.00,$2.50,50,4,71.5,66,45,$0.212,$0.85,$0.00,$0.00,$0.00,$2.50,500,,,MASS2123,1
0,En transito,8/1/2026,,CONTENEDORES JULIO,"MASS1813 BLANCA
MASS1802 ROSADO",Almohadilla de calentamiento Menstrual portátil (BLANCO60/ROSA60),120.00,$4.00,60,2,49.5,45.2,40,$0.089,$0.18,$0.00,$0.00,$0.00,$4.00,480,,,MASS2121,1
0,En transito,8/1/2026,,CONTENEDORES JULIO,MASS0889,BALANZA PERSONAL RECARGABLE,80.00,$1.70,20,4,54.5,25,28.5,$0.039,$0.16,$0.00,$0.00,$0.00,$1.70,136,,,MASS2118,1
0,En transito,8/1/2026,,CONTENEDORES JULIO,,Montacarga 3ton,1.00,,,,,,,,,,,,,,,,MASS2085,1
0,En transito,8/1/2026,,CONTENEDORES JULIO,,PRODUCTOS NUEVOS,,,,,,,,,,,,,,,,,MASS2084,1
0,En transito,8/1/2026,,CONTENEDORES JULIO,,"Dildo Thrust Monster con Control Remoto y Succión, Estimulador Realista del Punto G, Juguete Sexual Grueso de Fantasía para Mujeres y Hombres",40.00,$12.00,20,2,48.5,39.5,27,$0.052,$0.10,$0.00,$0.00,$0.00,$12.00,480,,,MASS2083,1
0,En transito,8/1/2026,,CONTENEDORES JULIO,,TERMO OWALA 20 OZ PARA CAFE NEGRO,100.00,$5.50,25,4,48,48,23,$0.053,$0.21,$0.00,$0.00,$0.00,$5.50,550,,,MASS2082,1
0,En transito,8/1/2026,,CONTENEDORES JULIO,MASS1539,LASER RECARGABLE PARA EXPOSICION,150.00,$2.45,150,1,30,50,27,$0.041,$0.04,$0.00,$0.00,$0.00,$2.45,367.5,,,MASS2080,1
0,En transito,8/1/2026,,CONTENEDORES JULIO,MASS1638 MASS1639 MASS1792 MASS1793,"AISLANTE PROTECTOR DE GOMA PARA PUERTA (500negro,100 blanco, 200gris,100marrón)",900.00,$0.23,180,5,76,50.5,99,$0.380,$1.90,$0.00,$0.00,$0.00,$0.23,207,,,MASS2070,1
0,En transito,8/1/2026,,CONTENEDORES JULIO,MASS1452,COMPRESA PARA FRIO/CALOR PARA DOLOR DE CABEZA MIGRAÑA,240.00,$1.25,24,10,38,27,25,$0.026,$0.26,$0.00,$0.00,$0.00,$1.25,300,,,MASS2067,1
0,En transito,8/1/2026,,CONTENEDORES JULIO,MASS1713 MASS1714 MASS1715,Masturbador Pretty Love Acción Succionadora Vagina80/Ano40/Boca40,160.00,$3.38,40,4,51,28,39,$0.056,$0.22,$0.00,$0.00,$0.00,$3.38,540.8,,,MASS2052,1
0,En transito,8/1/2026,,CONTENEDORES JULIO,MASS0952 MASS0954 MASS0953 MASS0955,"BOLSO DE LAPTOP DOBLE CIERRE
7ONEGRO,50AZUL,60GRIS,30ROJO",210.00,$2.20,100,2.1,100,68,80,$0.544,$1.14,$0.00,$0.00,$0.00,$2.20,462,,,MASS2042,1
0,En transito,8/1/2026,,CONTENEDORES JULIO,,"Pastillero Electrónico Redondo Colorido 2025, Portátil, con Función de Recordatorio Inteligente",240.00,$3.00,240,1,47,38.5,47.5,$0.086,$0.09,$0.00,$0.00,$0.00,$3.00,720,,,MASS2041,1
0,En transito,8/1/2026,,CONTENEDORES JULIO,MASS0274,MAQUINA DE AFEITAR T9 (Buda dorado300/buda plata 200 Dragon plata 100 Dragon dorado200),800.00,$0.80,100,8,47,34,32,$0.051,$0.41,$0.00,$0.00,$0.00,$0.80,640,,,MASS2034,1
0,En transito,8/1/2026,,CONTENEDORES JULIO,MASS2643,TERMO OWALA 20 OZ PARA CAFE AZUL,50.00,$5.50,25,2,48,48,23,$0.053,$0.11,$0.00,$0.00,$0.00,$5.50,275,,,MASS2033,1
0,En transito,8/1/2026,,CONTENEDORES JULIO,MASS2628,TERMO OWALA 32 OZ NEGRO CON GRIS,100.00,$5.25,25,4,49.6,50,30,$0.074,$0.30,$0.00,$0.00,$0.00,$5.25,525,,,MASS2020,1
0,En transito,8/1/2026,,CONTENEDORES JULIO,MASS1735,PISTOLA DE AGUA M1911 (Azul),600.00,$0.33,300,2,70,40,41,$0.115,$0.23,$0.00,$0.00,$0.00,$0.33,198,,,MASS2019,1
0,En transito,8/1/2026,,CONTENEDORES JULIO,MASS0902,MAQUINA DE COSER PORTATIL,140.00,$3.50,20,7,64,45,44,$0.127,$0.89,$0.00,$0.00,$0.00,$3.50,490,,,MASS1990,1
0,En transito,8/1/2026,,CONTENEDORES JULIO,,"Vaporizador Facial 2 en 1, Nano Spray Térmico, Iónico, Eléctrico, Profesional, de Lujo, Portátil, con Ozono, para Spa Facial",20.00,,,,,,,,,,,,,,,,MASS1983,1
0,En transito,8/1/2026,,CONTENEDORES JULIO,MASS0200,Dispensador de agua recargable,360.00,$1.10,60,6,50.5,28,47,$0.066,$0.40,$0.00,$0.00,$0.00,$1.10,396,,,MASS1979,1
0,En transito,8/1/2026,,CONTENEDORES JULIO,,"Sofá Moderno de Compresión, Bloque de Tofu",25.00,$248.00,1,25,120,39,39,$0.183,$4.56,$0.00,$0.00,$0.00,$248.00,6200,,,MASS1976,1
0,En transito,8/1/2026,,CONTENEDORES JULIO,MASS0058,BALANZA PERSONAL 180 KG,240.00,$2.00,10,24,36.5,30,36,$0.039,$0.95,$0.00,$0.00,$0.00,$2.00,480,,,MASS1973,1
0,En transito,8/1/2026,,CONTENEDORES JULIO,MASS1823 MASS1824 MASS1825,"RELOJ INTELIGENTE P89 NEGRO (140NEGRO, 30 BLANCO, 30 DORADO)",200.00,$9.88,100,2,60,40,32,$0.077,$0.15,$0.00,$0.00,$0.00,$9.88,1976,,,MASS1946 MASS1947 MASS1948,1
0,En transito,8/1/2026,,CONTENEDORES JULIO,MASS1230,TENSIOMETRO DIGITAL SIN VOZ,350.00,$2.00,50,7,52,42,34,$0.074,$0.52,$0.00,$0.00,$0.00,$2.00,700,,,MASS1945,1
0,En transito,8/1/2026,,CONTENEDORES JULIO,MASS2303,SILLA EJECUTIVA ERGONOMICA A6P,400.00,$9.59,1,400,53,25,50,$0.066,$26.50,$0.00,$0.00,$0.00,$9.59,3836,,,MASS1923,1
0,En transito,8/1/2026,,CONTENEDORES JULIO,MASS0609,VIBRADOR REALISTICO CON BASE Y CONTROL QBTG62,200.00,$2.40,100,2,42,28,52,$0.061,$0.12,$0.00,$0.00,$0.00,$2.40,480,,,MASS1920,1
0,En transito,8/1/2026,,CONTENEDORES JULIO,,CONTENEDOR COSAS GRANDES,,,,,,,,,,,,,,,,,MASS1919,1
0,En transito,8/1/2026,,CONTENEDORES JULIO,,Fregadero de Cocina Inteligente de Lujo Bajo Encimera Oculto Negro con Lavavajillas Multifunción de Acero Inoxidable Moderno con Cascada 750*450*(160-220) mm,20.00,$50.00,1,20,78,48,23,$0.086,$1.72,$0.00,$0.00,$0.00,$50.00,1000,,,MASS1908,1
0,En transito,8/1/2026,,CONTENEDORES JULIO,MASS2649,TERMO OWALA 20 OZ PARA CAFE ROSA,50.00,$5.50,25,2,48,48,23,$0.053,$0.11,$0.00,$0.00,$0.00,$5.50,275,,,MASS1907,1
0,En transito,8/1/2026,,CONTENEDORES JULIO,,Vribrador con chupon y control APP,150.00,$6.85,50,3,35,60,50,$0.105,$0.32,$0.00,$0.00,$0.00,$6.85,1027.5,,,MASS1906,1
0,En transito,8/1/2026,,CONTENEDORES JULIO,MASS0927,SET DE ESENCIA 6 PCS,240.00,$1.20,60,4,33,33,25,$0.027,$0.11,$0.00,$0.00,$0.00,$1.20,288,,,MASS1905,1
0,En transito,8/1/2026,,CONTENEDORES JULIO,,"Mochila Táctica de 50L para Hombre con GPS, Paquete Molle EDC de Asalto Impermeable para Viajes al Aire Libre, Senderismo y Caza, Características",210.00,$7.90,30,7,64,58,60,$0.223,$1.56,$0.00,$0.00,$0.00,$7.90,1659,,,MASS1900,1
0,En transito,8/1/2026,,CONTENEDORES JULIO,,"Pistola de masaje TY-801 de tejido profundo, motor silencioso sin escobillas y pistola de masaje portátil con 4 cabezales intercambiables","1,000.00",$4.65,30,33.33333333,38.5,31.5,51,$0.062,$2.06,$0.00,$0.00,$0.00,$4.65,4650,,,MASS1899,1
0,En transito,8/1/2026,,CONTENEDORES JULIO,"MASS0327 NEGRO
MASS0328 GRIS",MOUSE INALAMBRICO RECARGALE NEGRO 200 PLATEADO 100,300.00,$1.25,100,3,39.5,35,27,$0.037,$0.11,$0.00,$0.00,$0.00,$1.25,375,,,MASS1898,1
0,En transito,8/1/2026,,CONTENEDORES JULIO,,Carpa Económica de 10x10 Personalizada para Ferias Comerciales,2.00,$120.00,1,2,147,20,20,$0.059,$0.12,$0.00,$0.00,$0.00,$120.00,240,,,MASS1897,1
0,En transito,8/1/2026,,CONTENEDORES JULIO,MASS0128,CASE EXTERNO 2.5 USB 3.0 NEGRO,200.00,$1.50,100,2,40,32,53,$0.068,$0.14,$0.00,$0.00,$0.00,$1.50,300,,,MASS1881 MASS1882 MASS1883 MASS1884,1
0,En transito,8/1/2026,,CONTENEDORES JULIO,MASS0919,REMOVEDOR DE CALLOR RECARGABLE,150.00,$1.68,100,1.5,53.5,36.5,51.5,$0.101,$0.15,$0.00,$0.00,$0.00,$1.68,252,,,MASS1874,1
0,En transito,8/1/2026,,CONTENEDORES JULIO,MASS2019,CORNETA INALAMBRICA + 2 MICROFONOS,250.00,$2.32,50,5,54,40,39,$0.084,$0.42,$0.00,$0.00,$0.00,$2.32,580,,,MASS1873,1
0,En transito,8/1/2026,,CONTENEDORES JULIO,MASS0251,KIT DE AMARRE DE CAMA CSBD001,30.00,$2.30,30,1,55,40,25,$0.055,$0.06,$0.00,$0.00,$0.00,$2.30,69,,,MASS1865,1
0,En transito,8/1/2026,,CONTENEDORES JULIO,MASS2305 MASS2405 MASS2699,SILLA GAMER GM01 200NEGRO/100ROJA/100AZUL,400.00,$20.00,1,400,80,28,56,$0.125,$50.18,$0.00,$0.00,$0.00,$20.00,8000,,,MASS1862 MASS1863 MASS1864,1
0,En transito,8/1/2026,,CONTENEDORES JULIO,MASS2405,TERMOS OWALA 32 OZ NEGRO,350.00,$5.25,25,14,49.6,50,30,$0.074,$1.04,$0.00,$0.00,$0.00,$5.25,1837.5,,,MASS1836,1
0,En transito,8/1/2026,,CONTENEDORES JULIO,,"Perro Robot Inteligente con Control Remoto Interactivo 2.4G y Control por Aplicación
240 gris/ 120Rosado",360.00,$12.50,18,20,59,36,54,$0.115,$2.29,$0.00,$0.00,$0.00,$12.50,4500,,,MASS1823 MASS1824 MASS1825,1
0,En transito,8/1/2026,,CONTENEDORES JULIO,MASS1149,BALA VIBRADORA GRANDE COLORES CZDV001 rosa60/azul60/rosa60/negro60/plata60,300.00,$0.70,100,3,25,35,20,$0.018,$0.05,$0.00,$0.00,$0.00,$0.70,210,,,MASS1820,1
0,En transito,8/1/2026,,CONTENEDORES JULIO,MASS2353,Molino de cafe 300w R.97113-110,252.00,$2.12,36,7,44,33,53.5,$0.078,$0.54,$0.00,$0.00,$0.00,$2.12,534.24,,,MASS1819,1
0,En transito,8/1/2026,,CONTENEDORES JULIO,MASS2634,TERMO OWALA 30 ONZ 900 ML BLANQUECINO,150.00,$5.48,25,6,59,56,26,$0.086,$0.52,$0.00,$0.00,$0.00,$5.48,822,,,MASS1818,1
0,En transito,8/1/2026,,CONTENEDORES JULIO,MASS1718,"Vibrador de silicona reutilizable para hombres, Anillo para el pene,",300.00,$0.40,100,3,43,22,28,$0.026,$0.08,$0.00,$0.00,$0.00,$0.40,120,,,MASS1813 MASS1802,1
0,En transito,8/1/2026,,CONTENEDORES JULIO,,"Carpa de Alta Resistencia Premium de 10x20 pies, Toldo Portátil para Auto, Altura Ajustable de 9.5 pies, Carpa para Fiestas, Garaje",10.00,$100.00,1,10,195,26,25,$0.127,$1.27,$0.00,$0.00,$0.00,$100.00,1000,,,MASS1805,1
0,En transito,8/1/2026,,CONTENEDORES JULIO,MASS2635,TERMO OWALA 30 ONZ 900 ML VERDE,100.00,$5.48,25,4,59,56,26,$0.086,$0.34,$0.00,$0.00,$0.00,$5.48,548,,,MASS1804,1
0,En transito,8/1/2026,,CONTENEDORES JULIO,MASS2585,ZAPATERA Y PERCHERO 4 NIVELES 152CM X 59CM X 25XCM,112.00,$2.08,16,7,58.5,41,51,$0.122,$0.86,$0.00,$0.00,$0.00,$2.08,232.96,,,MASS1801,1
0,En transito,8/1/2026,,CONTENEDORES JULIO,MASS0942,AIRPODS PRO 2,600.00,$4.65,100,6,49.5,36.7,40.5,$0.074,$0.44,$0.00,$0.00,$0.00,$4.65,2790,,,MASS1794,1
0,En transito,8/1/2026,,CONTENEDORES JULIO,MASS1206,SET DE LIGAS TUBULARES DE RESISTENCIA,36.00,$5.00,18,2,50,38,40,$0.076,$0.15,$0.00,$0.00,$0.00,$5.00,180,,,MASS1788,1
0,En transito,8/1/2026,,CONTENEDORES JULIO,MASS1574,TIRRO MASSHOPPING 5CM*100m,576.00,$0.68,72,8,48,36,35,$0.060,$0.48,$0.00,$0.00,$0.00,$0.68,391.68,,,MASS1786,1
0,En transito,8/1/2026,,CONTENEDORES JULIO,,"Alfombra baño diatomita - Alfombrilla diatomita - Alfombra de Piedra Secado rapido - Alfombrilla Antideslizante baño, Absorbente higiénica para Ducha y Fregadero",300.00,$3.85,30,10,42,65,32,$0.087,$0.87,$0.00,$0.00,$0.00,$3.85,1155,,,MASS1785 MASS2151,1
0,En transito,8/1/2026,,CONTENEDORES JULIO,MASS1820,RELOJ INTELIGENTE SMARTWATCH H92 UlTRA 3,400.00,$6.80,50,8,65,45,36,$0.105,$0.84,$0.00,$0.00,$0.00,$6.80,2720,,,MASS1784 MASS2150,1
0,En transito,8/1/2026,,CONTENEDORES JULIO,MASS1806,CAMARA DE SEGURIDAD DOBLE ROBOTICA 360° GRADOS HD MICRO SD WIFFI,300.00,$5.50,50,6,56.5,28.5,53.4,$0.086,$0.52,$0.00,$0.00,$0.00,$5.50,1650,,,MASS1757 MASS0589,1
0,En transito,8/1/2026,,CONTENEDORES JULIO,"MASS1536 NEGRO
MASS1614 BLANCO
MASS1615 AZUL","TERMO DE ACERO INOXIDABLE 36oz (NEGRO200,BLANCO200, AZUL200)",500.00,$3.05,25,20,50,50,30.5,$0.076,$1.53,$0.00,$0.00,$0.00,$3.05,1525,,,MASS1747,1
0,En transito,8/1/2026,,CONTENEDORES JULIO,,RELOJ INTELIGENTE Z178,50.00,,,,,,,,,,,,,,,,MASS1746,1
0,En transito,8/1/2026,,CONTENEDORES JULIO,MASS2626,TERMO OWALA 32 OZ BLANQUECINO,100.00,$5.25,25,4,49.6,50,30,$0.074,$0.30,$0.00,$0.00,$0.00,$5.25,525,,,MASS1745,1
0,En transito,8/1/2026,,CONTENEDORES JULIO,MASS2647,TERMO OWALA 20 OZ PARA CAFE AMARILLO,50.00,$5.50,25,2,48,48,23,$0.053,$0.11,$0.00,$0.00,$0.00,$5.50,275,,,MASS1736,1
0,En transito,8/1/2026,,CONTENEDORES JULIO,,CONTENEDOR 4,,,,,,,,,,,,,,,,,MASS1735,1
0,En transito,8/1/2026,,CONTENEDORES JULIO,MASS2070,LAVADORA DE BROCHAS MAQUILLAJE,150.00,$2.40,50,3,50,50,35,$0.088,$0.26,$0.00,$0.00,$0.00,$2.40,360,,,MASS1724,1
0,En transito,8/1/2026,,CONTENEDORES JULIO,MASS2068,"MASAJEADOR REDUCTOR DE CELULITIS, VENTOSA Y CALOR INFRARROJO",240.00,$7.25,30,8,51,47,40,$0.096,$0.77,$0.00,$0.00,$0.00,$7.25,1740,,,MASS1718,1
0,En transito,8/1/2026,,CONTENEDORES JULIO,MASS2630,TERMO OWALA 32 OZ ESTAMPADO LEOPARDO ROSA,100.00,$5.25,25,4,49.6,50,30,$0.074,$0.30,$0.00,$0.00,$0.00,$5.25,525,,,MASS1717,1
0,En transito,8/1/2026,,CONTENEDORES JULIO,"MASS1535 NEGRO
MASS1611 BLANCO
MASS1612 AZUL","TERMO DE ACERO INOXIDABLE 18oz (NEGRO200,BLANCO100, AZUL100)",400.00,$2.48,25,16,44.5,44.5,26,$0.051,$0.82,$0.00,$0.00,$0.00,$2.48,992,,,MASS1713 MASS1714 MASS1715,1
0,En transito,8/1/2026,,CONTENEDORES JULIO,MASS1039,MAQUINA PLASTIFICADORA LAMINADORA (10 HOJAS),80.00,$7.80,10,8,42,40,30,$0.050,$0.40,$0.00,$0.00,$0.00,$7.80,624,,,MASS1709,1
0,En transito,8/1/2026,,CONTENEDORES JULIO,,Vibrador de Masaje con Inducción Táctil para Entrenamiento y Estimulación del Pene Masculino - Juguete Sexual Masculino,30.00,$10.20,48,0.625,44,35,54,$0.083,$0.05,$0.00,$0.00,$0.00,$10.20,306,,,MASS1694,1
0,En transito,8/1/2026,,CONTENEDORES JULIO,MASS1693,MASTURBADOR MASCULINO BOCA,100.00,$1.10,50,2,36,31,56,$0.062,$0.12,$0.00,$0.00,$0.00,$1.10,110,,,MASS1693,1
0,En transito,8/1/2026,,CONTENEDORES JULIO,MASS2211,PROYECTOR HY300 720,300.00,$21.80,20,15,61.6,28.5,45,$0.079,$1.19,$0.00,$0.00,$0.00,$21.80,6540,,,MASS1691,1
0,En transito,8/1/2026,,CONTENEDORES JULIO,MASS2377,Maquina de perro R.436,120.00,$3.48,40,3,58.5,45,34.5,$0.091,$0.27,$0.00,$0.00,$0.00,$3.48,417.6,,,MASS1671,1
0,En transito,8/1/2026,,CONTENEDORES JULIO,MASS0518,STUD 100,"1,800.00",$0.79,300,6,48,31,39,$0.058,$0.35,$0.00,$0.00,$0.00,$0.79,1422,,,MASS1663 MASS2149,1
0,En transito,8/1/2026,,CONTENEDORES JULIO,MASS2646,TERMO OWALA 20 OZ PARA CAFE BLANCO ROSADO,50.00,$5.50,25,2,48,48,23,$0.053,$0.11,$0.00,$0.00,$0.00,$5.50,275,,,MASS1661,1
0,En transito,8/1/2026,,CONTENEDORES JULIO,MASS1709,Arnes Strap On Ajustable Doble Penetración 18cm Y 13cm Morado150,150.00,$3.45,50,3,22,56,46,$0.057,$0.17,$0.00,$0.00,$0.00,$3.45,517.5,,,MASS1648,1
0,En transito,8/1/2026,,CONTENEDORES JULIO,MASS2308,SILLA EJECUTIVA DE ESCRITORIO SE01,240.00,$9.50,1,240,53,25,50,$0.066,$15.90,$0.00,$0.00,$0.00,$9.50,2280,,,MASS1644,1
0,En transito,8/1/2026,,CONTENEDORES JULIO,MASS0409,RADIO BOAFENG 888S,450.00,$4.20,30,15,50,31.5,55,$0.087,$1.30,$0.00,$0.00,$0.00,$4.20,1890,,,MASS1638 MASS1639 MASS1792 MASS1793,1
0,En transito,8/1/2026,,CONTENEDORES JULIO,,"Bomba de Vacío Eléctrica para Agrandamiento del Pene, Recargable, Automática, de Alto Vacío",80.00,$8.50,40,2,43,36,54,$0.084,$0.17,$0.00,$0.00,$0.00,$8.50,680,,,"MASS1620 NARANJA
MASS1545 VERDE",1
0,En transito,8/1/2026,,CONTENEDORES JULIO,,"Tapón Anal de Cristal en Forma de S con Cuentas de Cristal, Estimulación Vaginal y Anal, Dildo de Cristal, Juguete Sexual",100.00,$2.20,100,1,26,50,40,$0.052,$0.05,$0.00,$0.00,$0.00,$2.20,220,,,MASS1602,1
0,En transito,8/1/2026,,CONTENEDORES JULIO,,TIRRO FERRACA 5CM X 100M,"1,440.00",$0.65,72,20,48,36,35,$0.060,$1.21,$0.00,$0.00,$0.00,$0.65,936,,,MASS1556,1
0,En transito,8/1/2026,,CONTENEDORES JULIO,MASS1283,AIRE ACONDICIONADO PORTATIL,120.00,$2.75,24,5,63,53.5,37,$0.125,$0.62,$0.00,$0.00,$0.00,$2.75,330,,,"MASS1549 35-40
MASS1627 41-45",1
0,En transito,8/1/2026,,CONTENEDORES JULIO,MASS2462,"Juego de mancuernas ajustables para el hogar de alta calidad, ejercicio de 20KG",140.00,$9.00,1,140,54.5,22.5,19.5,$0.024,$3.35,$0.00,$0.00,$0.00,$9.00,1260,,,MASS1541,1
0,En transito,8/1/2026,,CONTENEDORES JULIO,MASS1801,RELOJ INTELIGENTE S16 NEGRO + CORREA ADICIONAL (ROSADA),300.00,$3.80,100,3,48,49,24,$0.056,$0.17,$0.00,$0.00,$0.00,$3.80,1140,,,MASS1539,1
0,En transito,8/1/2026,,CONTENEDORES JULIO,MASS0889,BALANZA PERSONAL RECARGABLE,700.00,$1.70,20,35,54.5,25,28.5,$0.039,$1.36,$0.00,$0.00,$0.00,$1.70,1190,,,"MASS1536 NEGRO
MASS1614 BLANCO
MASS1615 AZUL",1
0,En transito,8/1/2026,,CONTENEDORES JULIO,,Fregadero de un solo tazón de acero inoxidable moderno multifuncional con grifo de cabezal de rociador extraíble Fregaderos de cocina de cascada Nano Negro-Gris,15.00,$48.00,1,15,78,48,23,$0.086,$1.29,$0.00,$0.00,$0.00,$48.00,720,,,"MASS1535 NEGRO
MASS1611 BLANCO
MASS1612 AZUL",1
0,En transito,8/1/2026,,CONTENEDORES JULIO,,"Estante de Acero de 5 Niveles, Estante Multifuncional, Estante de Almacenamiento para Electrodomésticos Pequeños, Estante de Metal Negro sin Pernos
120*40*200 NEGROS",80.00,$22.00,1,80,50,57,25,$0.071,$5.70,$0.00,$0.00,$0.00,$22.00,1760,,,MASS1528,1
0,En transito,8/1/2026,,CONTENEDORES JULIO,MASS2304,SILLA EJECUTIVA 9050N OFICINA,280.00,$8.50,1,280,53,25,50,$0.066,$18.55,$0.00,$0.00,$0.00,$8.50,2380,,,MASS1527,1
0,En transito,8/1/2026,,CONTENEDORES JULIO,MASS1663 MASS2149,"ZAPATERA 4 NIVELES (240NEGRO,120BLANCO)",360.00,$0.75,40,9,52.5,52.5,50,$0.138,$1.24,$0.00,$0.00,$0.00,$0.75,270,,,MASS1526,1
0,En transito,8/1/2026,,CONTENEDORES JULIO,"MASS0785 M
MASS0786 L
MASS0787 XL
MASS0788 XXL MASS2596 XXXL","RODILLERA (M300,L300,100XL,100XXL, 100XXXL)",900.00,$0.68,200,4.5,60,34,57,$0.116,$0.52,$0.00,$0.00,$0.00,$0.68,612,,,MASS1525,1
0,En transito,8/1/2026,,CONTENEDORES JULIO,MASS1644,MOLDE PARA HACER HAMBURGUESA,192.00,$0.70,96,2,49,39,39,$0.075,$0.15,$0.00,$0.00,$0.00,$0.70,134.4,,,MASS1522,1
0,En transito,8/1/2026,,CONTENEDORES JULIO,MASS0733,BROCHA CHINA,500.00,$1.60,500,1,50,54,45,$0.122,$0.12,$0.00,$0.00,$0.00,$1.60,800,,,MASS1496,1
0,En transito,8/1/2026,,CONTENEDORES JULIO,"MASS0956
MASS0957
MASS0958
MASS0959","BOLSO DE LAPTOP SUPERLIGHT
(80NEGRO,50AZUL,50GRIS,30ROJO)",210.00,$2.35,70,3,60,71.5,80.5,$0.345,$1.04,$0.00,$0.00,$0.00,$2.35,493.5,,,MASS1477,1
0,En transito,8/1/2026,,CONTENEDORES JULIO,MASS1724,"Vibrador con pistola de masaje LED para mujer, máquina sexual automática,",48.00,$16.50,12,4,44,34,42,$0.063,$0.25,$0.00,$0.00,$0.00,$16.50,792,,,MASS1472,1
0,En transito,8/1/2026,,CONTENEDORES JULIO,MASS1044,DUCHA ANAL ENEMA XGQSET01 200 NEGRO,200.00,$0.80,100,2,45,43,41,$0.079,$0.16,$0.00,$0.00,$0.00,$0.80,160,,,MASS1418,1
0,En transito,8/1/2026,,CONTENEDORES JULIO,MASS1919,Vibrador Trio Recargable Usb Rabbit Consolador Estimulación,300.00,$2.48,100,3,59,54,41,$0.131,$0.39,$0.00,$0.00,$0.00,$2.48,744,,,MASS1417,1
0,En transito,8/1/2026,,CONTENEDORES JULIO,MASS1496,MASAJEADOR DE PIE,300.00,$0.90,100,3,67,32,56.5,$0.121,$0.36,$0.00,$0.00,$0.00,$0.90,270,,,MASS1402,1
0,En transito,8/1/2026,,CONTENEDORES JULIO,"MASS1291 Negro
MASS1043 Naranja
MASS1042 Azul",ASPIRADORA DE CARRO 12V PORTATIL AZUL60/ NEGRO300/ NARANJA40,400.00,$1.85,20,20,53,36,56,$0.107,$2.14,$0.00,$0.00,$0.00,$1.85,740,,,MASS1378,1
0,En transito,8/1/2026,,CONTENEDORES JULIO,MASS1717,Consolador Triple Penetración Vibrador Parejas Lesbicas,40.00,$5.50,40,1,48,36,26,$0.045,$0.04,$0.00,$0.00,$0.00,$5.50,220,,,MASS1377,1
0,En transito,8/1/2026,,CONTENEDORES JULIO,,"Disfraz policia sexy
S10/M20/L20/XL10",60.00,$8.00,50,1.2,29,50,10,$0.015,$0.02,$0.00,$0.00,$0.00,$8.00,480,,,MASS1362,1
0,En transito,8/1/2026,,CONTENEDORES JULIO,,CONTENEDOR MUEBLES,,,,,,,,,,,,,,,,,MASS1344,1
0,En transito,8/1/2026,,CONTENEDORES JULIO,MASS1282,MAQUINA PLASTIFICADORA LAMINADORA (10 HOJAS),600.00,$7.80,10,60,42,40,30,$0.050,$3.02,$0.00,$0.00,$0.00,$7.80,4680,,,MASS1335,1
0,En transito,8/1/2026,,CONTENEDORES JULIO,MASS0842,LUBRICANTE MULTIORGASMICO CLIMAX OLO 20 ML,300.00,$0.85,300,1,40,50,60,$0.120,$0.12,$0.00,$0.00,$0.00,$0.85,255,,,MASS1324,1
0,En transito,8/1/2026,,CONTENEDORES JULIO,,Máscara de masaje ocular 3D de silicona para migraña con vibración y calor,40.00,,,,,,,,,,,,,,,,MASS1315,1
0,En transito,8/1/2026,,CONTENEDORES JULIO,,Afilador de cuchillos de piedra de afilar Premium 2 Side Grit 1000/6000 Waterstone Piedra de afilar de cuchillos antideslizante,140.00,$1.68,20,7,39,20,16,$0.012,$0.09,$0.00,$0.00,$0.00,$1.68,235.2,,,MASS1301,1
0,En transito,8/1/2026,,CONTENEDORES JULIO,,CONTENEDOR SILLA 1,,,,,,,,,,,,,,,,,"MASS1291 Negro
MASS1043 Naranja
MASS1042 Azul",1
0,En transito,8/1/2026,,CONTENEDORES JULIO,,"Disfraz policia sexy
S10/M20/L20/XL10",60.00,$4.50,50,1.2,29,50,10,$0.015,$0.02,$0.00,$0.00,$0.00,$4.50,270,,,MASS1283,1
0,En transito,8/1/2026,,CONTENEDORES JULIO,MASS1691,MASTURBADOR MASCULINO VAGINA,100.00,$1.10,50,2,36,31,56,$0.062,$0.12,$0.00,$0.00,$0.00,$1.10,110,,,MASS1275,1
0,En transito,8/1/2026,,CONTENEDORES JULIO,MASS2650,TERMO OWALA 20 OZ PARA CAFE ESTRELLAS,100.00,$5.50,25,4,48,48,23,$0.053,$0.21,$0.00,$0.00,$0.00,$5.50,550,,,MASS1265,1
0,En transito,8/1/2026,,CONTENEDORES JULIO,MASS1551,MAQUINA DE SOLDAR,84.00,$21.80,6,14,54,28,58.5,$0.088,$1.24,$0.00,$0.00,$0.00,$21.80,1831.2,,,MASS1231,1
0,En transito,8/1/2026,,CONTENEDORES JULIO,MASS2388,CEPILLO SECADOR R.412H-110 RAF,60.00,$2.20,60,1,65,35,46,$0.105,$0.10,$0.00,$0.00,$0.00,$2.20,132,,,MASS1230,1
0,En transito,8/1/2026,,CONTENEDORES JULIO,MASS2193,ESMECHADOR DE POLLO,240.00,$1.25,40,6,61,51.5,51.5,$0.162,$0.97,$0.00,$0.00,$0.00,$1.25,300,,,MASS1205,1
0,En transito,8/1/2026,,CONTENEDORES JULIO,MASS2020,Kit Maquina Afeitar Nariz Barba Cuerpo Kemei 5031,240.00,$8.85,40,6,75.5,39.5,45,$0.134,$0.81,$0.00,$0.00,$0.00,$8.85,2124,,,"MASS1203 Colores
MASS1204 Gris",1
0,En transito,8/1/2026,,CONTENEDORES JULIO,,"Mini estufa de Camping ligera Lixada, estufa de leña plegable de titanio portátil, estufa de campamento de mochilero de combustible de Gas",64.00,$5.88,32,2,73,37,50,$0.135,$0.27,$0.00,$0.00,$0.00,$5.88,376.32,,,MASS1149,1
0,En transito,8/1/2026,,CONTENEDORES JULIO,"MASS1813 BLANCA
MASS1802 ROSADO",Almohadilla de calentamiento Menstrual portátil (BLANCO200/ROSA100),300.00,$4.00,60,5,49.5,45.2,40,$0.089,$0.45,$0.00,$0.00,$0.00,$4.00,1200,,,"MASS1107 AZUL
MASS1138 ROSADA",1
0,En transito,8/1/2026,,CONTENEDORES JULIO,MASS1874,SET DE CEPILLO SECADOR 5 EN 1,400.00,$4.10,20,20,62,35,49.5,$0.107,$2.15,$0.00,$0.00,$0.00,$4.10,1640,,,MASS1099,1
0,En transito,8/1/2026,,CONTENEDORES JULIO,,SEXSHOP,,,,,,,,,,,,,,,,,MASS1089,1
0,En transito,8/1/2026,,CONTENEDORES JULIO,MASS0021,ANILLO VIBRADOR RETARDANTE ESTIMULADOR CLITORIS HDH001,600.00,$0.20,600,1,55,46,42,$0.106,$0.11,$0.00,$0.00,$0.00,$0.20,120,,,MASS1083,1
0,En transito,8/1/2026,,CONTENEDORES JULIO,MASS1946 MASS1947 MASS1948,"Masturbador Cheap Thrills, Suave Y Flexible (40Ano/40Vagina/40boca)",120.00,$3.80,70,1.714285714,50,50,38,$0.095,$0.16,$0.00,$0.00,$0.00,$3.80,456,,,MASS1064,1
0,En transito,8/1/2026,,CONTENEDORES JULIO,MASS2181,KIT DE 3 ANILLO RETARDANTE DE PENE,320.00,$0.18,80,4,35,20,20,$0.014,$0.06,$0.00,$0.00,$0.00,$0.18,57.6,,,MASS1044,1
0,En transito,8/1/2026,,CONTENEDORES JULIO,MASS2463,"Juego de mancuernas ajustables para el hogar de alta calidad, ejercicio de 40KG",90.00,$14.00,1,90,66,26,26,$0.045,$4.02,$0.00,$0.00,$0.00,$14.00,1260,,,MASS1041,1
0,En transito,8/1/2026,,CONTENEDORES JULIO,MASS1602,ENVOPLAST NEGRO PARA EMBALAR 400Mts,180.00,$6.65,6,30,40,27,48,$0.052,$1.56,$0.00,$0.00,$0.00,$6.65,1197,,,MASS1040,1
0,En transito,8/1/2026,,CONTENEDORES JULIO,,"Disfraz eneferma sexy
S10/M20/L20/XL10",60.00,$5.00,50,1.2,29,50,10,$0.015,$0.02,$0.00,$0.00,$0.00,$5.00,300,,,MASS1013,1
0,En transito,8/1/2026,,CONTENEDORES JULIO,MASS1315,AUDIFONO INALAMBRICO RECARGABLE M90 PRO,500.00,$1.75,100,5,52,43,24,$0.054,$0.27,$0.00,$0.00,$0.00,$1.75,875,,,MASS1005,1
0,En transito,8/1/2026,,CONTENEDORES JULIO,,Sofá Puff Comprimido para Sala de Estar,100.00,$38.00,1,100,49,40,28,$0.055,$5.49,$0.00,$0.00,$0.00,$38.00,3800,,,MASS0993,1
0,En transito,8/1/2026,,CONTENEDORES JULIO,MASS2215,FOMENTERA ESTERILLA ELECTRICA,420.00,$5.25,30,14,56,47,32,$0.084,$1.18,$0.00,$0.00,$0.00,$5.25,2205,,,MASS0960,1
0,En transito,8/1/2026,,CONTENEDORES JULIO,MASS1041,LIMPIADOR A VAPOR 900W 10 PCS,160.00,$8.50,8,20,46,46,49,$0.104,$2.07,$0.00,$0.00,$0.00,$8.50,1360,,,"MASS0956
MASS0957
MASS0958
MASS0959",1
0,En transito,8/1/2026,,CONTENEDORES JULIO,MASS2084,SET DE CABALLERO (NEGRO),150.00,$2.30,1,150,13,8,5,$0.001,$0.08,$0.00,$0.00,$0.00,$2.30,345,,,MASS0952 MASS0954 MASS0953 MASS0955,1
0,En transito,8/1/2026,,CONTENEDORES JULIO,MASS2641,TERMO OWALA 20 OZ PARA CAFE GRIS OSCURO CON VERDE,75.00,$5.50,25,3,48,48,23,$0.053,$0.16,$0.00,$0.00,$0.00,$5.50,412.5,,,MASS0951 MASS0950 MASS1601 MASS1600,1
0,En transito,8/1/2026,,CONTENEDORES JULIO,MASS0049,BALA VIBRADORA CON FUNDA DRAGON LXB001 rosa75/rojo75/azul75/rosa75,300.00,$0.95,100,3,28,42,39,$0.046,$0.14,$0.00,$0.00,$0.00,$0.95,285,,,MASS0943,1
0,En transito,8/1/2026,,CONTENEDORES JULIO,MASS1945,"Aumenta La Intensidad, Satisfacción, Placer Y Calidad En Las Relaciones Sexuales",100.00,$0.60,250,0.4,46,46,35,$0.074,$0.03,$0.00,$0.00,$0.00,$0.60,60,,,MASS0942,1
0,En transito,8/1/2026,,CONTENEDORES JULIO,MASS2080,"RELOJ INTELIGENTE QX11 BATERIA 520 MAH
75 NEGRO",100.00,$10.65,100,1,50,27,31,$0.042,$0.04,$0.00,$0.00,$0.00,$10.65,1065,,,MASS0927,1
0,En transito,8/1/2026,,CONTENEDORES JULIO,MASS2302 MASS0150 MASS2440 MASS1259,"CONSOLADOR REALISTICO DE GELATINA 9 PULGADA
TRASPARENTE100,NEGRO100,MORADO50,CARNE50",300.00,$2.70,40,7.5,21.8,37,56.6,$0.046,$0.34,$0.00,$0.00,$0.00,$2.70,810,,,MASS0919,1
0,En transito,8/1/2026,,CONTENEDORES JULIO,MASS1556,CARGADOR DE BATERIA MOTO CARRO,210.00,$5.00,30,7,48,43,40,$0.083,$0.58,$0.00,$0.00,$0.00,$5.00,1050,,,MASS0902,1
0,En transito,8/1/2026,,CONTENEDORES JULIO,"MASS0238 Marron Oscuro MASS0239 Marron Claro
MASS0237 Blanco",Air humidifier 006 100MARRON OSCURO/80MARRON CLARO/60BLANCO,240.00,$1.28,60,4,55,33,42,$0.076,$0.30,$0.00,$0.00,$0.00,$1.28,307.2,,,MASS0881,1
0,En transito,8/1/2026,,CONTENEDORES JULIO,MASS2637,TERMO OWALA 30 ONZ 900 ML MARFIL,100.00,$5.48,25,4,59,56,26,$0.086,$0.34,$0.00,$0.00,$0.00,$5.48,548,,,MASS0850,1
0,En transito,8/1/2026,,CONTENEDORES JULIO,MASS2328,CINTA DE CORRER ELÉCTRICA PARA EL HOGAR PLEGABLE TRANSFRONTERIZA CON MÚSICA BLUETOOTH SIN FUNCIÓN DE PRUEBA DE FRECUENCIA CARDÍACA,30.00,$60.00,1,30,119,58.5,13.8,$0.096,$2.88,$0.00,$0.00,$0.00,$60.00,1800,,,MASS0842,1
0,En transito,8/1/2026,,CONTENEDORES JULIO,,Limpiador de juguetes sexuales para adultos de 50ml,300.00,$0.50,150,2,38,20,40,$0.030,$0.06,$0.00,$0.00,$0.00,$0.50,150,,,MASS0830,1
0,En transito,8/1/2026,,CONTENEDORES JULIO,,"Bote Inflable Motorizado Eléctrico de Fábrica, con Batería de Litio",30.00,$63.50,1,30,49,20,30,$0.029,$0.88,$0.00,$0.00,$0.00,$63.50,1905,,,MASS0823 OSCURO MASS0822 CLARO MASS0821 BLANCO,1
0,En transito,8/1/2026,,CONTENEDORES JULIO,MASS0704,MAQUINA MASTURBADORA CON PENE BPJ01,48.00,$14.00,12,4,60,38,55,$0.125,$0.50,$0.00,$0.00,$0.00,$14.00,672,,,"MASS0785 M
MASS0786 L
MASS0787 XL
MASS0788 XXL MASS2596 XXXL",1
0,En transito,8/1/2026,,CONTENEDORES JULIO,MASS2461,TERMO OWALA 32 OZ UVA MORADO,100.00,$5.25,25,4,49.6,50,30,$0.074,$0.30,$0.00,$0.00,$0.00,$5.25,525,,,"MASS0781 S/M
MASS0782 M
MASS0783 L/XL
MASS0784 XXL",1
0,En transito,8/1/2026,,CONTENEDORES JULIO,MASS0695,VARA SADOMASOQUISMO HLKB01,30.00,$2.80,50,0.6,50,50,30,$0.075,$0.05,$0.00,$0.00,$0.00,$2.80,84,,,MASS0759,1
0,En transito,8/1/2026,,CONTENEDORES JULIO,MASS2457,Masajeador Con Infrarrojo Body Innovation,96.00,$3.80,24,4,56,51,46,$0.131,$0.53,$0.00,$0.00,$0.00,$3.80,364.8,,,MASS0752 MASS0753 MASS1147,1
0,En transito,8/1/2026,,CONTENEDORES JULIO,MASS1692,MASTURBADOR MASCULINO ANO,100.00,$1.10,50,2,36,31,56,$0.062,$0.12,$0.00,$0.00,$0.00,$1.10,110,,,MASS0733,1
0,En transito,8/1/2026,,CONTENEDORES JULIO,MASS2633,TERMO OWALA 30 ONZ 900 ML NARANJA,50.00,$5.48,25,2,59,56,26,$0.086,$0.17,$0.00,$0.00,$0.00,$5.48,274,,,MASS0730,1
0,En transito,8/1/2026,,CONTENEDORES JULIO,MASS1990,SET DE LIGAS TUBULARES CAJA VERDE,200.00,,,,,,,,,,,,,,,,MASS0704,1
0,En transito,8/1/2026,,CONTENEDORES JULIO,MASS0066,"BASE TV MOVIBLE 14-55"" 15KG",400.00,$2.35,10,40,49,26,37,$0.047,$1.89,$0.00,$0.00,$0.00,$2.35,940,,,MASS0701,1
0,En transito,8/1/2026,,CONTENEDORES JULIO,MASS1920,Satisfyer Penguin Estimulador De Clítoris Ondas De Presión,80.00,$5.20,80,1,56,39,33,$0.072,$0.07,$0.00,$0.00,$0.00,$5.20,416,,,MASS0698 MASS0699 MASS0700,1
0,En transito,8/1/2026,,CONTENEDORES JULIO,,"SILLA CAMPING PLEGABLE
Negro120/Azul marino60/Rojo60/azul60",300.00,$3.50,10,30,80,23,47,$0.086,$2.59,$0.00,$0.00,$0.00,$3.50,1050,,,MASS0696 MASS0697,1
0,En transito,8/1/2026,,CONTENEDORES JULIO,"MASS0781 S/M
MASS0782 M
MASS0783 L/XL
MASS0784 XXL","MEDIAS DE COMPRESION 20-30mmhg (S/M300, L/XL500, XXL200)","1,000.00",$0.47,200,5,50,40,40,$0.080,$0.40,$0.00,$0.00,$0.00,$0.47,470,,,MASS0695,1
0,En transito,8/1/2026,,CONTENEDORES JULIO,,"ASPIRADORA ROBOT 3 EN 1
48Blanco/72Negro/72Gris",192.00,$10.80,12,16,55.5,39.5,63,$0.138,$2.21,$0.00,$0.00,$0.00,$10.80,2073.6,,,MASS0688,1
0,En transito,8/1/2026,,CONTENEDORES JULIO,MASS2059/MASS2060,"RAZURADORA PARA DAMA (50ROSADO, 50Azul)",50.00,$4.80,50,1,41,37,32,$0.049,$0.05,$0.00,$0.00,$0.00,$4.80,240,,,MASS0634,1
0,En transito,8/1/2026,,CONTENEDORES JULIO,MASS2307,SILLA PRESIDENCIAL POSA PIE SP01,60.00,$25.00,1,60,75,36,55,$0.149,$8.91,$0.00,$0.00,$0.00,$25.00,1500,,,MASS0615 MASS0616 MASS1171,1
0,En transito,8/1/2026,,CONTENEDORES JULIO,,"Anillo Vibrador Portátil para Pene, Juguete Sexual Masculino para Retrasar la Eyaculación",150.00,$1.50,500,0.3,43,30,50,$0.065,$0.02,$0.00,$0.00,$0.00,$1.50,225,,,MASS0614 - CARNE MASS0611 - ROSA MASS0612 MORADO MASS0613 - NEGRO,1
0,En transito,8/1/2026,,CONTENEDORES JULIO,MASS2632,TERMO OWALA 30 ONZ 900 ML NEGRO,150.00,$5.48,25,6,59,56,26,$0.086,$0.52,$0.00,$0.00,$0.00,$5.48,822,,,MASS0609,1
0,En transito,8/1/2026,,CONTENEDORES JULIO,MASS2351,BATIDORA DE MANO 160W R.96633-110 RAF,168.00,$2.45,24,7,47,39,29,$0.053,$0.37,$0.00,$0.00,$0.00,$2.45,411.6,,,MASS0605 MASS0604,1
0,En transito,8/1/2026,,CONTENEDORES JULIO,MASS0461,REMOVEDOR DE PUNTOS NEGROS RECARGABLE,300.00,$2.00,100,3,48,41.5,61,$0.122,$0.36,$0.00,$0.00,$0.00,$2.00,600,,,MASS0599 MASS0600,1
0,En transito,8/1/2026,,CONTENEDORES JULIO,MASS2642,TERMO OWALA 20 OZ PARA CAFE BLANQUECINO,100.00,$5.50,25,4,48,48,23,$0.053,$0.21,$0.00,$0.00,$0.00,$5.50,550,,,MASS0519,1
0,En transito,8/1/2026,,CONTENEDORES JULIO,,Barra De Ejercicios 6 En 1 Multifuerza Dominadas Fondos,80.00,$20.80,1,80,73,45.5,11,$0.037,$2.92,$0.00,$0.00,$0.00,$20.80,1664,,,MASS0461,1
0,En transito,8/1/2026,,CONTENEDORES JULIO,MASS1526,CAJA ORGANIZADOR DE ZAPATO 12 PCS,200.00,$5.45,10,20,76,46,35,$0.122,$2.45,$0.00,$0.00,$0.00,$5.45,1090,,,MASS0422 MASS0427 MASS0423,1
0,En transito,8/1/2026,,CONTENEDORES JULIO,,"Robot Biónico Inteligente con IA, Juguete para Niños, Control Remoto por Voz, 2.4G, Aprendizaje Temprano
180 gris/ 180blanco",360.00,$8.85,24,15,58,40,52,$0.121,$1.81,$0.00,$0.00,$0.00,$8.85,3186,,,MASS0409,1
0,En transito,8/1/2026,,CONTENEDORES JULIO,MASS2215,FOMENTERA ESTERILLA ELECTRICA,60.00,$5.25,30,2,56,47,32,$0.084,$0.17,$0.00,$0.00,$0.00,$5.25,315,,,MASS0402 - ROSA MASS0405 - MORADO MASS0404 - NEGRO,1
0,En transito,8/1/2026,,CONTENEDORES JULIO,MASS2118,MINI AFEITADORA ELECTRICA,400.00,$1.00,400,1,43.5,41.5,29,$0.052,$0.05,$0.00,$0.00,$0.00,$1.00,400,,,MASS0400 MASS0401,1
0,En transito,8/1/2026,,CONTENEDORES JULIO,MASS2042,MASAJEADOR FACIAL (BLANCOS),250.00,$2.80,50,5,39.8,32,52.5,$0.067,$0.33,$0.00,$0.00,$0.00,$2.80,700,,,MASS0398 MASS0399,1
0,En transito,8/1/2026,,CONTENEDORES JULIO,,"Almohada de contorno ergonómica para dormir, almohada cervical cómoda
150 negro, 150gris",300.00,$6.00,20,15,54,49,40,$0.106,$1.59,$0.00,$0.00,$0.00,$6.00,1800,,,MASS0391 MASS0393 MASS0388 MASS0394 MASS0390,1
0,En transito,8/1/2026,,CONTENEDORES JULIO,MASS1862 MASS1863 MASS1864,"Bolso Tipo Pañalera, Cambiador, Cuna, Morral (80NEGRO, 500AZUL OSCURO, 50GRIS)",180.00,$5.20,30,6,45,65,75,$0.219,$1.32,$0.00,$0.00,$0.00,$5.20,936,,,MASS0373 MASS0376 MASS0370 MASS0374,1
0,En transito,8/1/2026,,CONTENEDORES JULIO,MASS1275,PANTIES VIBRADOR CON CONTROL REMOTO A DISTANCIA ASLCD001,80.00,$4.50,100,0.8,43,30,30,$0.039,$0.03,$0.00,$0.00,$0.00,$4.50,360,,,"MASS0327 NEGRO
MASS0328 GRIS",1
0,En transito,8/1/2026,,CONTENEDORES JULIO,MASS0730,CARGADOR DE BATERIA 12 Y 24V INTELIGENTE,150.00,$10.00,30,5,48,43,40,$0.083,$0.41,$0.00,$0.00,$0.00,$10.00,1500,,,"MASS0292
MASS0291
MASS0289
MASS0290",1
0,En transito,8/1/2026,,CONTENEDORES JULIO,MASS2614,Cortador Manual de patatas fritas de acero inoxidable,288.00,$2.68,24,12,53,30,48,$0.076,$0.92,$0.00,$0.00,$0.00,$2.68,771.84,,,MASS0288,1
0,En transito,8/1/2026,,CONTENEDORES JULIO,MASS2237 MASS2238 MASS2239,"PLUG ANAL SILCION 50 negro,50rosa,50morado",150.00,$2.25,300,0.5,70,50,35,$0.123,$0.06,$0.00,$0.00,$0.00,$2.25,337.5,,,MASS0283,1
0,En transito,8/1/2026,,CONTENEDORES JULIO,MASS1541,HUB 7 PUERTOS,200.00,$1.75,200,1,40,50,40,$0.080,$0.08,$0.00,$0.00,$0.00,$1.75,350,,,MASS0274,1
0,En transito,8/1/2026,,CONTENEDORES JULIO,MASS2249,FUNDA PARA PENE TEXTURIZADA CON VIBRACION,120.00,$1.80,120,1,52,38,22,$0.043,$0.04,$0.00,$0.00,$0.00,$1.80,216,,,MASS0251,1
0,En transito,8/1/2026,,CONTENEDORES JULIO,,"Pistola de Pintura en Aerosol Universal Profesional, Empuñadura Ergonómica, Herramienta Portátil para Pintar",500.00,$0.30,250,2,75,38,42,$0.120,$0.24,$0.00,$0.00,$0.00,$0.30,150,,,"MASS0238 Marron Oscuro MASS0239 Marron Claro
MASS0237 Blanco",1
0,En transito,8/1/2026,,CONTENEDORES JULIO,MASS2052,"CAMARA TIPO GOPRO
120 NEGRO",120.00,$4.35,40,3,48,32,51,$0.078,$0.24,$0.00,$0.00,$0.00,$4.35,522,,,MASS0234 GRIS MASS0235 BLANCO MASS0236 ROSA,1
0,En transito,8/1/2026,,CONTENEDORES JULIO,MASS0519,SUCCIONADOR AGRANDA PENE PENIS PUMP 110828,250.00,$1.70,40,6.25,42,52,27,$0.059,$0.37,$0.00,$0.00,$0.00,$1.70,425,,,MASS0200,1
0,En transito,8/1/2026,,CONTENEDORES JULIO,MASS0696 MASS0697,"LUBRICANTE PRIVATE LIFE 30ML XZLSG30ML (100PLATANO,100UVA,100LIMON)",600.00,$0.20,100,6,25,25,30,$0.019,$0.11,$0.00,$0.00,$0.00,$0.20,120,,,MASS0171,1
0,En transito,8/1/2026,,CONTENEDORES JULIO,MASS1794,REFLECTOR SOLAR RECARGABLE PORTATIL 2000W,120.00,$3.05,30,4,58,26,51,$0.077,$0.31,$0.00,$0.00,$0.00,$3.05,366,,,MASS0149,1
0,En transito,8/1/2026,,CONTENEDORES JULIO,MASS0823 OSCURO MASS0822 CLARO MASS0821 BLANCO,"Air humidifier 036 MARRON OSCURO (180MARRON OSCURO,120MARRON CLARO,60 BLANCO)",360.00,$1.00,60,6,54,44,48,$0.114,$0.68,$0.00,$0.00,$0.00,$1.00,360,,,MASS0066,1
0,En transito,8/1/2026,,CONTENEDORES JULIO,MASS2410,TERMO OWALA 32 OZ VERDE MENTA,100.00,$5.25,25,4,49.6,50,30,$0.074,$0.30,$0.00,$0.00,$0.00,$5.25,525,,,MASS0058,1
0,En transito,8/1/2026,,CONTENEDORES JULIO,MASS0634,MINI CAMARA WIFFI A9,500.00,$1.80,100,5,54,43,23,$0.053,$0.27,$0.00,$0.00,$0.00,$1.80,900,,,MASS0049,1
0,En transito,8/1/2026,,CONTENEDORES JULIO,MASS1528,BOLSO LAPTOP THIMKPAD LENOVO GAMER IMPERMIABLE,210.00,$2.88,70,3,110,84,44.5,$0.411,$1.23,$0.00,$0.00,$0.00,$2.88,604.8,,,MASS0025,1
0,En transito,8/1/2026,,CONTENEDORES JULIO,MASS2352,BATIDORA DE INMERSIÓN 300W R.9266-110 RAF,72.00,$3.33,24,3,43.5,29.5,40.5,$0.052,$0.16,$0.00,$0.00,$0.00,$3.33,239.76,,,MASS0021,1
0,En transito,8/1/2026,,CONTENEDORES JULIO,MASS2455,Teclado Y Mouse Inalambrico Bluetooth Recargable,300.00,$3.20,50,6,25,16,50,$0.020,$0.12,$0.00,$0.00,$0.00,$3.20,960,,,Grand Total,366
0,En transito,8/1/2026,,CONTENEDORES JULIO,"MASS1009 NEGRO
MASS1011 BLANCO","DEPILADORA LASER 999999 FLASHES (NEGRO40, BLANCO40)",80.00,$7.00,40,2,54,44.5,35,$0.084,$0.17,$0.00,$0.00,$0.00,$7.00,560,,,,
0,En transito,8/1/2026,,CONTENEDORES JULIO,MASS1881 MASS1882 MASS1883 MASS1884,"Bolso Termico Tipo Cava Camping Playa (NEGRO80, AZUL40, GRIS40, CAMUFLAJE40)",200.00,$7.00,20,10,57,57,40,$0.130,$1.30,$0.00,$0.00,$0.00,$7.00,1400,,,,
0,En transito,8/1/2026,,CONTENEDORES JULIO,,"Mochila impermeable personalizada TERRA para viajes de negocios Rollup Urban Senderismo
100Gris/100 Negro",200.00,$4.80,50,4,60,72,81,$0.350,$1.40,$0.00,$0.00,$0.00,$4.80,960,,,,
0,En transito,8/1/2026,,CONTENEDORES JULIO,,TERMO OWALA 20 OZ PARA CAFE VERDE OSCURO,75.00,$5.50,25,3,48,48,23,$0.053,$0.16,$0.00,$0.00,$0.00,$5.50,412.5,,,,
0,En transito,8/1/2026,,CONTENEDORES JULIO,MASS0993,MAQUINA AFEITAR T9 CON PANTALLA (BUDA),300.00,$1.95,100,3,45.5,39,34.5,$0.061,$0.18,$0.00,$0.00,$0.00,$1.95,585,,,,
0,En transito,8/1/2026,,CONTENEDORES JULIO,MASS0688,VAGINA VIBRADOR CON BASE WLLAB01 40Blanco,40.00,$4.25,25,1.6,44,44,25,$0.048,$0.08,$0.00,$0.00,$0.00,$4.25,170,,,,
0,En transito,8/1/2026,,CONTENEDORES JULIO,MASS1906,"MASAJEADOR EMS DE ESTIRAMINETO FACIAL
ANTIARRUGAS 7 MODOS (Blancos)",60.00,$2.80,60,1,56,35,45,$0.088,$0.09,$0.00,$0.00,$0.00,$2.80,168,,,,
0,En transito,8/1/2026,,CONTENEDORES JULIO,,Sofá cama doble de tela de estilo moderno comprimido y plegable para el hoga,25.00,$148.00,1,25,108,72,38,$0.295,$7.39,$0.00,$0.00,$0.00,$148.00,3700,,,,
0,En transito,8/1/2026,,CONTENEDORES JULIO,,"disfraz enfermera sexy
S10/M20/L20/XL10",60.00,$3.35,50,1.2,29,50,10,$0.015,$0.02,$0.00,$0.00,$0.00,$3.35,201,,,,
0,En transito,8/1/2026,,CONTENEDORES JULIO,,"Sofá en Forma de L de Estilo Moderno para Villa, con Asientos Anchos y Acolchados",25.00,$280.00,1,25,100,24,24,$0.058,$1.44,$0.00,$0.00,$0.00,$280.00,7000,,,,
0,En transito,8/1/2026,,CONTENEDORES JULIO,,REPOSICION,,,,,,,,,,,,,,,,,,
0,En transito,8/1/2026,,CONTENEDORES JULIO,MASS0391 MASS0393 MASS0388 MASS0394 MASS0390,"PLUG ANAL TALLA S 60rosa,60azul,60rojo,60morado,60transparente",300.00,$0.55,300,1,57,46,54,$0.142,$0.14,$0.00,$0.00,$0.00,$0.55,165,,,,
0,En transito,8/1/2026,,CONTENEDORES JULIO,MASS1900,AEROGRAFO COMPRESOR PORTATIL PARA DECORACION UÑAS (Negro),80.00,$6.50,40,2,50,35,40,$0.070,$0.14,$0.00,$0.00,$0.00,$6.50,520,,,,
0,En transito,8/1/2026,,CONTENEDORES JULIO,MASS0292 Negro,PISTOLA MASAJEADORA RECARGABLE SY-720 (NEGRO 40/ GRIS 40/ ROJO 20/ VERDE 20),120.00,$2.45,40,3,69.5,30.5,30.5,$0.065,$0.19,$0.00,$0.00,$0.00,$2.45,294,,,,
0,En transito,8/1/2026,,CONTENEDORES JULIO,,RELOJ INTELIGENTE CERO 90,50.00,,,,,,,,,,,,,,,,,
0,En transito,8/1/2026,,CONTENEDORES JULIO,MASS1694,Consolador Curvo Grande Y Grueso Silicona Medica 21cm Chupón,60.00,$5.20,60,1,48,38,21,$0.038,$0.04,$0.00,$0.00,$0.00,$5.20,312,,,,
0,En transito,8/1/2026,,CONTENEDORES JULIO,MASS2639,TERMO OWALA 30 ONZ 900 ML MORADO,100.00,$5.48,25,4,59,56,26,$0.086,$0.34,$0.00,$0.00,$0.00,$5.48,548,,,,
0,En transito,8/1/2026,,CONTENEDORES JULIO,,CONTENEDOR SILLA 2,,,,,,,,,,,,,,,,,,
0,En transito,8/1/2026,,CONTENEDORES JULIO,MASS2631,TERMO OWALA 32 OZ ESTAMPADO FANTASMA BRILLANTE,150.00,$5.25,25,6,49.6,50,30,$0.074,$0.45,$0.00,$0.00,$0.00,$5.25,787.5,,,,
0,En transito,8/1/2026,,CONTENEDORES JULIO,,Sofá Moderno en Forma de L con Relleno de Espuma Viscoelástica,60.00,$80.00,1,60,50,40,29,$0.058,$3.48,$0.00,$0.00,$0.00,$80.00,4800,,,,
0,En transito,8/1/2026,,CONTENEDORES JULIO,MASS2322,ESTERILLA DE YOGA + PELOTA DE YOGA + RODILLO DE ESPUMA ARO DE PILATES + LADRILLO DE YOGA + CUERDA DE RESISTENCIA,96.00,$11.50,6,16,40,39,36,$0.056,$0.90,$0.00,$0.00,$0.00,$11.50,1104,,,,
0,En transito,8/1/2026,,CONTENEDORES JULIO,,AFFARI #8-#9,,,,,,,,,,,,,,,,,,
0,En transito,8/1/2026,,CONTENEDORES JULIO,MASS2638,TERMO OWALA 30 ONZ 900 ML AZUL CLARO,50.00,$5.48,25,2,59,56,26,$0.086,$0.17,$0.00,$0.00,$0.00,$5.48,274,,,,
0,En transito,8/1/2026,,CONTENEDORES JULIO,"MASS1107 AZUL
MASS1138 ROSADA","Mini Impresora Térmica Portátil Inalámbrica Bluetooth Gato(120 azul, 80 rosada)",200.00,$5.80,100,2,57,47,33,$0.088,$0.18,$0.00,$0.00,$0.00,$5.80,1160,,,,
0,En transito,8/1/2026,,CONTENEDORES JULIO,MASS1525,ZAPATERA DE METAL 6 NIVELES,360.00,$1.65,18,20,58,32,44,$0.082,$1.63,$0.00,$0.00,$0.00,$1.65,594,,,,
0,En transito,8/1/2026,,CONTENEDORES JULIO,,Máscara facial portátil inalámbrica USB recargable 7 en 1 para el cuidado de la piel,64.00,$3.65,16,4,52.5,48,42,$0.106,$0.42,$0.00,$0.00,$0.00,$3.65,233.6,,,,
0,En transito,8/1/2026,,CONTENEDORES JULIO,,Masajeador de cuero cabelludo eléctrico Rascador de cabeza portátil con nodos de amasado de tejido,50.00,,,,,,,,,,,,,,,,,
0,En transito,8/1/2026,,CONTENEDORES JULIO,MASS1362,Toldo Plegable 3x3 Mts Lona Impermeable AZUL,100.00,$19.50,1,100,147,20.5,20.5,$0.062,$6.18,$0.00,$0.00,$0.00,$19.50,1950,,,,
0,En transito,8/1/2026,,CONTENEDORES JULIO,MASS2343,REVANADORA ELECTRICA R.98800-110 RAF,30.00,$26.81,2,15,61.5,42,32,$0.083,$1.24,$0.00,$0.00,$0.00,$26.81,804.3,,,,
0,En transito,8/1/2026,,CONTENEDORES JULIO,,"Bolsa de Viaje AGORA con Cierre Hermético al Vacío, Recargable, con Inflado Automático, Impermeable, con Cierre de Cordón
50Negro/50Gris/50Verde/50Marron",200.00,$11.65,10,20,43,26,30,$0.034,$0.67,$0.00,$0.00,$0.00,$11.65,2330,,,,
0,En transito,8/1/2026,,CONTENEDORES JULIO,MASS1786,ALMOHADA DE GEL HILTON 30 x 50,200.00,$1.80,100,2,200,100,27.5,$0.550,$1.10,$0.00,$0.00,$0.00,$1.80,360,,,,
0,En transito,8/1/2026,,CONTENEDORES JULIO,MASS1083,CERRADURA PARA PUERTA DOMO,600.00,$1.25,40,15,64,27,40,$0.069,$1.04,$0.00,$0.00,$0.00,$1.25,750,,,,
0,En transito,8/1/2026,,CONTENEDORES JULIO,MASS1344,KIT CREACION DE CONTENIDO,200.00,$2.85,40,5,48,46,37.5,$0.083,$0.41,$0.00,$0.00,$0.00,$2.85,570,,,,
0,En transito,8/1/2026,,CONTENEDORES JULIO,MASS2041,Organizador de Baño Estante Para Inodoro Ahorra Espacio,160.00,$2.58,16,10,58,45,41.5,$0.108,$1.08,$0.00,$0.00,$0.00,$2.58,412.8,,,,
0,En transito,8/1/2026,,CONTENEDORES JULIO,MASS0402 - ROSA MASS0405 - MORADO MASS0404 - NEGRO,VIBRADOR RABBIT PUNTO G RABBITB001 Morado150/Negro100/Rosa50,300.00,$1.50,100,3,26,26,48,$0.032,$0.10,$0.00,$0.00,$0.00,$1.50,450,,,,
0,En transito,8/1/2026,,CONTENEDORES JULIO,MASS0283,SELLADORA AL VACIO (10 BOLSAS) 110V,240.00,$2.45,40,6,59.5,39,45,$0.104,$0.63,$0.00,$0.00,$0.00,$2.45,588,,,,
0,En transito,8/1/2026,,CONTENEDORES JULIO,MASS2587,TENDEDERO PLEGABLE 110 CM,112.00,$5.80,16,7,73,32.5,32.5,$0.077,$0.54,$0.00,$0.00,$0.00,$5.80,649.6,,,,
0,En transito,8/1/2026,,CONTENEDORES JULIO,"MASS2651
MASS2068","MASAJEADOR REDUCTOR DE CELULITIS, VENTOSA Y CALOR INFRARROJO
NEGRO 500 BLANCO 100",600.00,$7.25,30,20,51,47,40,$0.096,$1.92,$0.00,$0.00,$0.00,$7.25,4350,,,,
0,En transito,8/1/2026,,CONTENEDORES JULIO,MASS1005,VAGINA RECARGABLE CON APP A DISTANCIA GLKHY01001,40.00,$12.00,20,2,21,35,50,$0.037,$0.07,$0.00,$0.00,$0.00,$12.00,480,,,,
0,En transito,8/1/2026,,CONTENEDORES JULIO,MASS1788,PROYECTOR ESTRELLAS DE LUCES DE GALAXIA ASTRONAUTA,288.00,$3.80,48,6,40,40.5,35.5,$0.058,$0.35,$0.00,$0.00,$0.00,$3.80,1094.4,,,,
0,En transito,8/1/2026,,CONTENEDORES JULIO,"MASS1203 Colores
MASS1204 Gris",SET BANDA ELASTICA TELA EJERCIO 3 PCS (COLORIDAS 200 PCS ),200.00,$2.05,50,4,54,32,36,$0.062,$0.25,$0.00,$0.00,$0.00,$2.05,410,,,,
0,En transito,8/1/2026,,CONTENEDORES JULIO,MASS2625,TERMO OWALA 32 OZ AZUL CLARO,100.00,$5.25,25,4,49.6,50,30,$0.074,$0.30,$0.00,$0.00,$0.00,$5.25,525,,,,
0,En transito,8/1/2026,,CONTENEDORES JULIO,MASS1905,Masajeador de cuello GRANDE BLANCO,96.00,$6.00,12,8,53,47,35,$0.087,$0.70,$0.00,$0.00,$0.00,$6.00,576,,,,
0,En transito,8/1/2026,,CONTENEDORES JULIO,MASS0621,MAQUINA PARA AFEITAR PERRO,280.00,$2.90,70,4,58.5,45,34.5,$0.091,$0.36,$0.00,$0.00,$0.00,$2.90,812,,,,
0,En transito,8/1/2026,,CONTENEDORES JULIO,MASS2627,TERMO OWALA 32 OZ BLANCO PURO,100.00,$5.25,25,4,49.6,50,30,$0.074,$0.30,$0.00,$0.00,$0.00,$5.25,525,,,,
0,En transito,8/1/2026,,CONTENEDORES JULIO,MASS1335,COTUFERA DE AIRE ELECTRICA 110V,168.00,$4.25,24,7,76.7,36,56,$0.155,$1.08,$0.00,$0.00,$0.00,$4.25,714,,,,
0,En transito,8/1/2026,,CONTENEDORES JULIO,MASS0171,CONVERTIDOR HDMI A VGA CON AUDIO Negro,300.00,$0.85,300,1,50,38,38,$0.072,$0.07,$0.00,$0.00,$0.00,$0.85,255,,,,
0,En transito,8/1/2026,,CONTENEDORES JULIO,MASS2083,SET DE CABALLERO (NEGRO),150.00,$2.30,1,150,13,8,5,$0.001,$0.08,$0.00,$0.00,$0.00,$2.30,345,,,,
0,En transito,8/1/2026,,CONTENEDORES JULIO,,"Set de maletas 4 en 1
20NEGRAS/12GRIS/10AZULOSCURO/8AMARILLAS",50.00,$42.80,1,50,46,28,75,$0.097,$4.83,$0.00,$0.00,$0.00,$42.80,2140,,,,
0,En transito,8/1/2026,,CONTENEDORES JULIO,MASS2348 MASS2442 MASS2443,"Procesador de alimentos R.97030-110
Negro60/Azul32",92.00,$5.65,16,5.75,82.5,43,33,$0.117,$0.67,$0.00,$0.00,$0.00,$5.65,519.8,,,,
0,En transito,8/1/2026,,CONTENEDORES JULIO,,"COLCHON INDIVIDUAL COMPRIMIDO
(ESPECIFICACIONES, CALIDAD, FOTOS REALES)",80.00,$125.00,1,80,28,28,128,$0.100,$8.03,$0.00,$0.00,$0.00,$125.00,10000,,,,
0,En transito,8/1/2026,,CONTENEDORES JULIO,MASS2216,MASAJEADOR DE PIE PROFUNDO TERMICO,40.00,$6.00,20,2,60,37,75,$0.167,$0.33,$0.00,$0.00,$0.00,$6.00,240,,,,
0,En transito,8/1/2026,,CONTENEDORES JULIO,MASS1898,"Cinta impermeable para reparación de grietas en techos, adecuada para metal, plástico, tejas onduladas, material de polietileno PE, resistente a la corrosión y al óxido",180.00,$1.40,30,6,100,22,22,$0.048,$0.29,$0.00,$0.00,$0.00,$1.40,252,,,,
0,En transito,8/1/2026,,CONTENEDORES JULIO,"MASS1549 35-40
MASS1627 41-45","PLANTILLAS ORTOPEDICAS CON GEL (35-40 150PCS, 41-45 150PCS)",300.00,$0.68,100,3,45,33,46,$0.068,$0.20,$0.00,$0.00,$0.00,$0.68,204,,,,
0,En transito,8/1/2026,,CONTENEDORES JULIO,MASS1908,SKIN SCRUBBER BLANCO,120.00,$1.90,120,1,49,40,37,$0.073,$0.07,$0.00,$0.00,$0.00,$1.90,228,,,,
0,En transito,8/1/2026,,CONTENEDORES JULIO,MASS1973,"Pene Realista Para Mujeres, Dildo De Silicona Con Prepucio Deslizante",120.00,$4.80,30,4,35,48,40,$0.067,$0.27,$0.00,$0.00,$0.00,$4.80,576,,,,
0,En transito,8/1/2026,,CONTENEDORES JULIO,MASS0234 GRIS MASS0235 BLANCO MASS0236 ROSA,"HUMIFICADOR H20 GRIS (175GRIS,75BLANCO,50ROSADO)",300.00,$1.20,60,5,33,35,39,$0.045,$0.23,$0.00,$0.00,$0.00,$1.20,360,,,,
0,En transito,8/1/2026,,CONTENEDORES JULIO,MASS1040,CORTADOR PICATODO DE COCINA 17 EN 1,96.00,$2.15,24,4,67.5,38.5,49.5,$0.129,$0.51,$0.00,$0.00,$0.00,$2.15,206.4,,,,
0,En transito,8/1/2026,,CONTENEDORES JULIO,,"COLCHON MATRIMONIAL COMPRIMIDO
(ESPECIFICACIONES, CALIDAD, FOTOS REALES)",50.00,$95.00,1,50,28,28,158,$0.124,$6.19,$0.00,$0.00,$0.00,$95.00,4750,,,,
0,En transito,8/1/2026,,CONTENEDORES JULIO,MASS2624,TERMO OWALA 32 OZ MORADO,200.00,$5.25,25,8,49.6,50,30,$0.074,$0.60,$0.00,$0.00,$0.00,$5.25,1050,,,,
0,En transito,8/1/2026,,CONTENEDORES JULIO,MASS1472,VARITA MAGICA XQVS015 3 CABEZALES,30.00,$7.80,30,1,51,42,26,$0.056,$0.06,$0.00,$0.00,$0.00,$7.80,234,,,,
0,En transito,8/1/2026,,CONTENEDORES JULIO,MASS0040,AUDIFONO INALAMBRICO F9,"1,000.00",$1.45,100,10,48,49,24,$0.056,$0.56,$0.00,$0.00,$0.00,$1.45,1450,,,,
0,En transito,8/1/2026,,CONTENEDORES JULIO,MASS1907,"Irrigador Bucal con 5 Puntas de Chorro, Limpíador de Dientes Electronico, Deposito 300 ml Water Flosser, Kit de Limpieza Dental Floss Blanqueador Removedor de Placa, Hilo Dental de Agua Recargable
(Blancos)",240.00,$2.00,30,8,41.5,51,53,$0.112,$0.90,$0.00,$0.00,$0.00,$2.00,480,,,,
0,En transito,8/1/2026,,CONTENEDORES JULIO,,"SILLA GAMER SM05D
NEGRO/ROJO40-NEGRO-AZUL40-NEGRO60-BLACK/YELLOW30",190.00,$26.50,1,190,80,28,58,$0.130,$24.68,$0.00,$0.00,$0.00,$26.50,5035,,,,
0,En transito,8/1/2026,,CONTENEDORES JULIO,MASS1013,MASAJEADOR ELECTRICO DE CUELLO Y CUERPO RECARGABLE QY-8702,600.00,$0.50,200,3,52.5,35.5,45,$0.084,$0.25,$0.00,$0.00,$0.00,$0.50,300,,,,
0,En transito,8/1/2026,,CONTENEDORES JULIO,MASS2640,TERMO OWALA 20 OZ PARA CAFE VIOLETA,50.00,$5.50,25,2,48,48,23,$0.053,$0.11,$0.00,$0.00,$0.00,$5.50,275,,,,
0,En transito,8/1/2026,,CONTENEDORES JULIO,"MASS1620 NARANJA
MASS1545 VERDE","VENTILADOR RECARGABLE CAMPING (144 NARANJA,144VERDE)",288.00,$7.80,16,18,50.2,44,53.7,$0.119,$2.14,$0.00,$0.00,$0.00,$7.80,2246.4,,,,
0,En transito,8/1/2026,,CONTENEDORES JULIO,MASS2085,SET DE CABALLERO,150.00,$2.30,1,150,13,8,5,$0.001,$0.08,$0.00,$0.00,$0.00,$2.30,345,,,,
0,En transito,8/1/2026,,CONTENEDORES JULIO,,umidificador difusor de aroma ultrasónico para hogar KS-2401A-02 170ML,40.00,,,,,,,,,,,,,,,,,
0,En transito,8/1/2026,,CONTENEDORES JULIO,MASS1784 MASS2150,"CLOSET ARMARIO GRANDE 128x45x170
(200NEGRO,100GRIS)",300.00,$5.45,10,30,61.5,57,41.5,$0.145,$4.36,$0.00,$0.00,$0.00,$5.45,1635,,,,
0,En transito,8/1/2026,,CONTENEDORES JULIO,MASS1757 MASS0589,VARITA MAGICA JOYPARK 20 VELOCIDADES 8 MODOS MORADO100/ROSADO50,150.00,$2.95,75,2,42,42,40,$0.071,$0.14,$0.00,$0.00,$0.00,$2.95,442.5,,,,
0,En transito,8/1/2026,,CONTENEDORES JULIO,MASS2636,TERMO OWALA 30 ONZ 900 ML LILA,100.00,$5.48,25,4,59,56,26,$0.086,$0.34,$0.00,$0.00,$0.00,$5.48,548,,,,
0,En transito,8/1/2026,,CONTENEDORES JULIO,MASS0951 MASS0950 MASS1601 MASS1600,"BOLSO DE LAPTOP REFLECTIVO
7ONEGRO,50AZUL,50GRIS,30ROJO",200.00,$2.75,100,2,100,60,76,$0.456,$0.91,$0.00,$0.00,$0.00,$2.75,550,,,,
0,En transito,8/1/2026,,CONTENEDORES JULIO,,Tirro Fragil,288.00,$0.68,72,4,48,36,35,$0.060,$0.24,$0.00,$0.00,$0.00,$0.68,195.84,,,,
500,En transito,7/9/2026,,CONTENEDOR EGIPTO,,Jenga adulto en español,200.00,$2.65,50,4,40,,40,,,,,,,,,,,
500,En transito,7/9/2026,,CONTENEDOR EGIPTO,MASS1805,CAMARA DE SEGURIDAD IP EXTERIORES CON PANEL SOLAR,140.00,$23.80,20,7,62,41.7,38,$0.098,$0.69,$49.12,$343.86,$2.46,$26.26,3675.8582,,,,
500,En transito,7/9/2026,,CONTENEDOR EGIPTO,MASS2767,Cámara Digital Infantil Para Niños Fotos Video Pantalla LCD,400.00,$2.50,100,4,44,,63,,,,,,,,,,,
500,En transito,7/9/2026,,CONTENEDOR EGIPTO,MASS1813 MASS1802,Almohadilla de calentamiento Menstrual portátil (30blancos-30rosado),60.00,$2.35,,,,,,,,,,,,,,,,
500,En transito,7/9/2026,,CONTENEDOR EGIPTO,MASS2388,CEPILLO SECADOR R.412H-110 RAF,120.00,$2.30,60,2,65,35,46,$0.105,$0.21,$52.33,$104.65,$0.87,$3.17,380.65,,,,
500,En transito,7/9/2026,,CONTENEDOR EGIPTO,MASS0149,CONSOLADOR REALISTA DOBLE CAPA ARCOIRIS YMDCYJ01,30.00,$6.80,40,0.75,46,44,40,$0.081,$0.06,$40.48,$30.36,$1.01,$7.81,234.36,,,,
500,En transito,7/9/2026,,CONTENEDOR EGIPTO,MASS2302 MASS0150 MASS2440 MASS1259,"CONSOLADOR REALISTICO DE GELATINA 9 PULGADAS(TRASPARENTE100,NEGRO100,MORADO50,CARNE50)",300.00,$2.70,40,7.5,21.8,37,56.6,$0.046,$0.34,$22.83,$171.20,$0.57,$3.27,981.20085,,,,
500,En transito,7/9/2026,,CONTENEDOR EGIPTO,MASS1039,MAQUINA PLASTIFICADORA LAMINADORA (10 HOJAS),50.00,$7.80,10,5,42,40,30,$0.050,$0.25,$25.20,$126.00,$2.52,$10.32,516,,,,
500,En transito,7/9/2026,,CONTENEDOR EGIPTO,MASS2582,INCUBADORA DE HUEVOS 48 PZ 110V/220V,160.00,$20.85,1,160,40,42,12,$0.020,$3.23,$10.08,"$1,612.80",$10.08,$30.93,4948.8,,,,
500,En transito,7/9/2026,,CONTENEDOR EGIPTO,MASS1282,MAQUINA PLASTIFICADORA LAMINADORA (10 HOJAS),600.00,$7.80,10,60,42,40,30,$0.050,$3.02,$25.20,"$1,512.00",$2.52,$10.32,6192,,,,
500,En transito,7/9/2026,,CONTENEDOR EGIPTO,MASS1551,MAQUINA DE SOLDAR,84.00,$21.80,6,14,54,28,58.5,$0.088,$1.24,$44.23,$619.16,$7.37,$29.17,2450.364,,,,
500,En transito,7/9/2026,,CONTENEDOR EGIPTO,MASS2772,Cámara Digital 4K Doble Pantalla Fotográfica Video Selfie,180.00,$10.50,60,3,56,,29.6,,,,,,,,,,,
500,En transito,7/9/2026,,CONTENEDOR EGIPTO,MASS2775,Lentes Inteligentes Bluetooth F06 Con Auriculares Manos Libres,200.00,$2.88,50,4,36.5,,28,,,,,,,,,,,
500,En transito,7/9/2026,,CONTENEDOR EGIPTO,MASS1923,Estimulante Sexual Femenino Minilove Sensibilizador Femenino,120.00,$2.00,120,1,30,50,50,$0.075,$0.08,$37.50,$37.50,$0.31,$2.31,277.5,,,,
500,En transito,7/9/2026,,CONTENEDOR EGIPTO,MASS1904,CAMARA TIPO BOMBILLO BASE E27 1080P,600.00,$2.90,100,6,73,41,41.5,$0.124,$0.75,$62.10,$372.63,$0.62,$3.52,2112.6285,,,,
500,En transito,7/9/2026,,CONTENEDOR EGIPTO,MASS0960,EXTRACTOR DE PLANTA 10 ML ACEITE AGRANDA PENE,300.00,$0.65,432,0.6944444444,36,35,28,$0.035,$0.02,$17.64,$12.25,$0.04,$0.69,207.25,,,,
500,En transito,7/9/2026,,CONTENEDOR EGIPTO,MASS1819,RELOJ INTELIGENTE SMARTWATCH S100,500.00,$4.75,100,5,59.5,43.5,28.5,$0.074,$0.37,$36.88,$184.41,$0.37,$5.12,2559.412813,,,,
500,En transito,7/9/2026,,CONTENEDOR EGIPTO,MASSS2080 MASS2081,"RELOJ INTELIGENTE QX11 BATERIA 520 MAH
(150 NEGRO, 50BLANQUECINO )",150.00,$10.95,100,1.5,50,27,31,$0.042,$0.06,$20.93,$31.39,$0.21,$11.16,1673.8875,,,,
500,En transito,7/9/2026,,CONTENEDOR EGIPTO,MASS1818,"RELOJ INTELIGENTE S9 (3 CORREAS INCLUIDAS)
No enviar rosado",600.00,$3.25,100,6,59.5,43.5,28.5,$0.074,$0.44,$36.88,$221.30,$0.37,$3.62,2171.295375,,,,
500,En transito,7/9/2026,,CONTENEDOR EGIPTO,MASS2178,"CONSOLADOR ANAL REALISTA CON TENTACULO 8,7""",30.00,$6.80,30,1,21,40,48,$0.040,$0.04,$20.16,$20.16,$0.67,$7.47,224.16,,,,
500,En transito,7/9/2026,,CONTENEDOR EGIPTO,MASS2764,Inflador De Cauchos Digital Inalámbrico Recargable Portátil,48.00,$8.45,24,2,38,28.5,33.5,$0.036,$0.07,$18.14,$36.28,$0.76,$9.21,441.8805,,,,
500,En transito,7/9/2026,,CONTENEDOR EGIPTO,MASS1692,MASTURBADOR MASCULINO ANO,150.00,$1.10,150,1,70,50,42,$0.147,$0.15,$73.50,$73.50,$0.49,$1.59,238.5,,,,
500,En transito,7/9/2026,,CONTENEDOR EGIPTO,,Consolador sensible a la temperatura,150.00,$3.80,40,3.75,21.8,,56.6,,,,,,,,,,,
500,En transito,7/9/2026,,CONTENEDOR EGIPTO,MASS2389,CEPILLO SECADOR R.412B-110 RAF,120.00,$2.30,60,2,65,35,46,$0.105,$0.21,$52.33,$104.65,$0.87,$3.17,380.65,,,,
500,En transito,7/9/2026,,CONTENEDOR EGIPTO,,Mordaza con bola de silicona,150.00,$1.50,100,1.5,50,,40,,,,,,,,,,,
500,En transito,7/9/2026,,CONTENEDOR EGIPTO,MASS0292 Negro,PISTOLA MASAJEADORA RECARGABLE SY-720 (NEGRO 360/ GRIS 80/ ROJO 80/ VERDE 80),600.00,$2.45,40,15,69.5,30.5,30.5,$0.065,$0.97,$32.33,$484.89,$0.81,$3.26,1954.892813,,,,
500,En transito,7/9/2026,,CONTENEDOR EGIPTO,,Masajeador Eléctrico De Cuello Recargable Con Calor 4 Botones,200.00,$5.50,20,10,66,,51,,,,,,,,,,,
500,En transito,7/9/2026,,CONTENEDOR EGIPTO,MASS1804,ORGANIZADOR DE ZAPATO 4 NIVELES PLEGABLE,360.00,$0.75,60,6,60,51,59,$0.181,$1.08,$90.27,$541.62,$1.50,$2.25,811.62,,,,
500,En transito,7/9/2026,,CONTENEDOR EGIPTO,MASS2121,TIRAS NASALES,400.00,$1.25,400,1,53,36,35,$0.067,$0.07,$33.39,$33.39,$0.08,$1.33,533.39,,,,
500,En transito,7/9/2026,,CONTENEDOR EGIPTO,MASS2774,Pulsera Inteligente Smart Band H59 Monitor Actividad Fitness,200.00,$10.50,100,2,45.5,,36,,,,,,,,,,,
500,En transito,7/9/2026,,CONTENEDOR EGIPTO,MASS2771,Mini Cámara De Seguridad WiFi 1080p Inalámbrica Visión Nocturna,300.00,$3.05,100,3,50,,22.5,,,,,,,,,,,
500,En transito,7/9/2026,,CONTENEDOR EGIPTO,MASS1477,SET DE ARTE 150 PCS,180.00,$1.50,20,9,37,62,35,$0.080,$0.72,$40.15,$361.31,$2.01,$3.51,631.305,,,,
500,En transito,7/9/2026,,CONTENEDOR EGIPTO,MASS1897,"Bañera de hielo espesa de alta calidad con tapa para terapia de agua fría y buceo en hielo, bañera plegable y portátil",50.00,$14.00,6,8.333333333,66,39,53,$0.136,$1.14,$68.21,$568.43,$11.37,$25.37,1268.425,,,,
500,En transito,7/9/2026,,CONTENEDOR EGIPTO,MASS2780,Cuerda Para Saltar Speed Rope Ajustable Crossfit Fitness Gym,400.00,$0.50,200,2,48,,30,,,,,,,,,,,
500,En transito,7/9/2026,,CONTENEDOR EGIPTO,MASS1205,SET DE LIGAS DE RESISTENCIA 5 PCS,500.00,$0.86,100,5,30,30,30,$0.027,$0.14,$13.50,$67.50,$0.14,$1.00,497.5,,,,
500,En transito,7/9/2026,,CONTENEDOR EGIPTO,MASS1899,CARRITO PLEGABLE PLAYERO TODO TERRENO SOPORTA 300 LBS NEGRO,50.00,$10.20,1,50,50,13,66,$0.043,$2.15,$21.45,"$1,072.50",$21.45,$31.65,1582.5,,,,
500,En transito,7/9/2026,,CONTENEDOR EGIPTO,,Tendedero De Ropa Retráctil 4.2 Metros Ajustable De Pared,210.00,$3.50,30,7,49,31,28,$0.043,$0.30,$21.27,$148.86,$0.71,$4.21,883.862,,,,
500,En transito,7/9/2026,,CONTENEDOR EGIPTO,MASS0373 MASS0376 MASS0370 MASS0374,PLUG ANAL TALLA L ROSADO 25/MORADO 25/ROJO 25/ NEGRO 25,150.00,$1.31,200,0.75,0.5,,,,,,,,,,,,,
500,En transito,7/9/2026,,CONTENEDOR EGIPTO,,"Anillos Vibradores para Pene , Anillos de Silicona para Retrasar la Eyaculación Masculina,",200.00,$0.15,100,2,50,,40,,,,,,,,,,,
500,En transito,7/9/2026,,CONTENEDOR EGIPTO,,"Disply Rack
93*47*200cm
7/8mm-Blue",20.00,$48.00,1,20,50,100,20,$0.100,$2.00,$50.00,"$1,000.00",$50.00,$98.00,1960,,,,
500,En transito,7/9/2026,,CONTENEDOR EGIPTO,,"Vibrador 3 en 1 para Clítoris y Punto G SY MTW-062, 7 Frecuencias, 100% Impermeable, Recargable",50.00,$8.30,50,1,21,,50,,,,,,,,,,,
500,En transito,7/9/2026,,CONTENEDOR EGIPTO,MASS1206,SET DE LIGAS TUBULARES DE RESISTENCIA,270.00,$5.00,18,15,50,38,40,$0.076,$1.14,$38.00,$570.00,$2.11,$7.11,1920,,,,
500,En transito,7/9/2026,,CONTENEDOR EGIPTO,MASS0752 MASS0753 MASS1147,"RELOJ FD68 (300 NEGRO, 100 ROJO, 100 VERDE)",500.00,$1.40,100,5,43,33,27,$0.038,$0.19,$19.16,$95.78,$0.19,$1.59,795.7825,,,,
500,En transito,7/9/2026,,CONTENEDOR EGIPTO,MASS2776,Audífonos Bluetooth JM19 Traductor IA Con Pantalla Táctil,300.00,$6.90,100,3,49,,43,,,,,,,,,,,
500,En transito,7/9/2026,,CONTENEDOR EGIPTO,,Estante Esquinero Para Ducha Baño Cocina Adhesivo Sin Taladro,180.00,$0.75,60,3,83,,52,,,,,,,,,,,
500,En transito,7/9/2026,,CONTENEDOR EGIPTO,MASS1089,HUMIDIFICADOR INNOGEAR CON CONTROL,192.00,$4.35,24,8,55,38,54,$0.113,$0.90,$56.43,$451.44,$2.35,$6.70,1286.64,,,,
500,En transito,7/9/2026,,CONTENEDOR EGIPTO,,"Arnés de Cabeza Completo para Bondage, Cubre Ojos, Spandex, Cubre Rostro, Bondage Erótico Sexual",100.00,$0.65,500,0.2,40,,60,,,,,,,,,,,
500,En transito,7/9/2026,,CONTENEDOR EGIPTO,MASS1671,KIT DE MANICURISTA,300.00,$1.58,100,3,25,35,45,$0.039,$0.12,$19.69,$59.06,$0.20,$1.78,533.0625,,,,
500,En transito,7/9/2026,,CONTENEDOR EGIPTO,MASS0599 MASS0600,"VIBRADOR CONSOLADOR RABBIT JUMP HQMY2026 (ROSA20,MORADO20)",40.00,$12.80,40,1,50,25,36,$0.045,$0.05,$22.50,$22.50,$0.56,$13.36,534.5,,,,
500,En transito,7/9/2026,,CONTENEDOR EGIPTO,,TIRRO FERRACA 5CM X 100M,"1,440.00",$0.68,72,20,48,36,35,$0.060,$1.21,$30.24,$604.80,$0.42,$1.10,1584,,,,
500,En transito,7/9/2026,,CONTENEDOR EGIPTO,MASS1377,HIDROYET RECARGABLE 48VF (Con maleta y boquilla),400.00,$6.60,10,40,75,25.5,45,$0.086,$3.44,$43.03,"$1,721.25",$4.30,$10.90,4361.25,,,,
500,En transito,7/9/2026,,CONTENEDOR EGIPTO,,Tobillera Térmica Eléctrica Recargable Con Calor Y Masaje,336.00,$4.35,84,4,53.5,,43,,,,,,,,,,,
500,En transito,7/9/2026,,CONTENEDOR EGIPTO,MASS2215,FOMENTERA ESTERILLA ELECTRICA,390.00,$5.25,30,13,56,47,32,$0.084,$1.09,$42.11,$547.46,$1.40,$6.65,2594.956,,,,
500,En transito,7/9/2026,,CONTENEDOR EGIPTO,MASS2361,ASPIRADORA 3 EN 1 600W R.98672-110 RAF,80.00,$15.00,4,20,43,39.5,56.8,$0.096,$1.93,$48.24,$964.75,$12.06,$27.06,2164.748,,,,
500,En transito,7/9/2026,,CONTENEDOR EGIPTO,,Hombrera Eléctrica Térmica Recargable Con Calor Para Hombro,300.00,$2.80,100,3,48,,52,,,,,,,,,,,
500,En transito,7/9/2026,,CONTENEDOR EGIPTO,MASS1574,TIRRO MASSHOPPING 5CM*100m,576.00,$0.68,72,8,48,36,35,$0.060,$0.48,$30.24,$241.92,$0.42,$1.10,633.6,,,,
500,En transito,7/9/2026,,CONTENEDOR EGIPTO,,SEXSHOP,,,,,,,,,,,,,,,,,,
500,En transito,7/9/2026,,CONTENEDOR EGIPTO,MASS1979,Cuchillo Táctico Con Kit Supervivencia,280.00,$5.75,40,7,50,40,30,$0.060,$0.42,$30.00,$210.00,$0.75,$6.50,1820,,,,
500,En transito,7/9/2026,,CONTENEDOR EGIPTO,MASS2034,CERRADURA INTELIGENTE CON HUELLA APLICACION TUYA,60.00,$27.00,1,60,47,27,15,$0.019,$1.14,$9.52,$571.05,$9.52,$36.52,2191.05,,,,
500,En transito,7/9/2026,,CONTENEDOR EGIPTO,MASS2769,Mini Cámara Deportiva De Acción 4K WiFi Pantalla Giratoria,150.00,$16.00,100,1.5,39,,63,,,,,,,,,,,
500,En transito,7/9/2026,,CONTENEDOR EGIPTO,MASS2215,FOMENTERA ESTERILLA ELECTRICA,30.00,$5.45,30,1,56,47,32,$0.084,$0.08,$42.11,$42.11,$1.40,$6.85,205.612,,,,
500,En transito,7/9/2026,,CONTENEDOR EGIPTO,,Alta Frecuencia Facial Portátil Con Electrodos De Vidrio 4 En 1,80.00,$4.50,40,2,62,,42,,,,,,,,,,,
500,En transito,7/9/2026,,CONTENEDOR EGIPTO,MASS2766,Plataforma Vibratoria Fitness Ejercicio Con Bandas Y Control,30.00,$23.00,1,30,58,42,17,$0.041,$1.24,$20.71,$621.18,$20.71,$43.71,1311.18,,,,
500,En transito,7/9/2026,,CONTENEDOR EGIPTO,MASS2068,"MASAJEADOR REDUCTOR DE CELULITIS, VENTOSA Y CALOR INFRARROJO",120.00,$4.85,30,4,51,47,40,$0.096,$0.38,$47.94,$191.76,$1.60,$6.45,773.76,,,,
500,En transito,7/9/2026,,CONTENEDOR EGIPTO,,AURICULARES DE CONDUCCION OSEA,60.00,$2.65,120,0.5,50.5,,33,,,,,,,,,,,
500,En transito,7/9/2026,,CONTENEDOR EGIPTO,MASS2362,ASPIRADORA 2 EN 1 600W R.8708-110 RAF,60.00,$10.95,6,10,64,37.5,32.5,$0.078,$0.78,$39.00,$390.00,$6.50,$17.45,1047,,,,
500,En transito,7/9/2026,,CONTENEDOR EGIPTO,,AFFARI,,,,,,,,,,,,,,,,,,
500,En transito,7/9/2026,,CONTENEDOR EGIPTO,MASS2778,Audífonos Bluetooth A9 Inalámbricos Con Pantalla Táctil ANC,360.00,$4.35,120,3,61.5,,24,,,,,,,,,,,
500,En transito,7/9/2026,,CONTENEDOR EGIPTO,MASS2773,Adaptador Inalámbrico CarPlay Android Auto 2 En 1 USB,250.00,$7.25,250,1,45,,35,,,,,,,,,,,
500,En transito,7/9/2026,,CONTENEDOR EGIPTO,,Alta frecuencia portatil,40.00,$4.50,40,1,62,,42,,,,,,,,,,,
500,En transito,7/9/2026,,CONTENEDOR EGIPTO,MASS0422 MASS0427 MASS0423,"RELOJ D20S (300 NEGRO, 100 BLANCO, 100 ROSADO)",500.00,$1.40,250,2,45,51,45,$0.103,$0.21,$51.64,$103.28,$0.21,$1.61,803.275,,,,
500,En transito,7/9/2026,,CONTENEDOR EGIPTO,MASS2762,Rallador Manual De Cocina Con Recipiente Almacenador,210.00,$1.55,35,6,49,48,60,$0.141,$0.85,$70.56,$423.36,$2.02,$3.57,748.86,,,,
500,En transito,7/9/2026,,CONTENEDOR EGIPTO,,Máscara facial portátil inalámbrica USB recargable 7 en 1 para el cuidado de la piel,32.00,$3.65,16,2,52.5,48,42,$0.106,$0.21,$52.92,$105.84,$3.31,$6.96,222.64,,,,
500,En transito,7/9/2026,,CONTENEDOR EGIPTO,MASS1099,TENSIOMETRO MANUAL,400.00,$3.68,50,8,56,39,38,$0.083,$0.66,$41.50,$331.97,$0.83,$4.51,1803.968,,,,
500,En transito,7/9/2026,,CONTENEDOR EGIPTO,MASS0518,STUD 100,"1,500.00",$0.79,300,5,48,31,39,$0.058,$0.29,$29.02,$145.08,$0.10,$0.89,1330.08,,,,
500,En transito,7/9/2026,,CONTENEDOR EGIPTO,MASS0759,Control De Asistencia Biometrico Capta Huella En Español,100.00,$13.85,20,5,55,30,41,$0.068,$0.34,$33.83,$169.13,$1.69,$15.54,1554.125,,,,
500,En transito,7/9/2026,,CONTENEDOR EGIPTO,,ibrador de empuje con cuentas de punto G,60.00,$12.00,100,0.6,60,,20,,,,,,,,,,,
500,En transito,7/9/2026,,CONTENEDOR EGIPTO,MASS2768,Cámara Infantil Digital Con Impresora Térmica Instantánea,210.00,$10.50,30,7,35.5,,34,,,,,,,,,,,
500,En transito,7/9/2026,,CONTENEDOR EGIPTO,"MASS1009 NEGRO
MASS1011 BLANCO","DEPILADORA LASER 999999 FLASHES (NEGRO40, BLANCO40)",80.00,$7.00,40,2,54,44.5,35,$0.084,$0.17,$42.05,$84.11,$1.05,$8.05,644.105,,,,
500,En transito,7/9/2026,,CONTENEDOR EGIPTO,MASS0398 MASS0399,"VIBRADOR PUNTO G RABBIT 3 CABEZAS ARHVB029 (ROSA75,MORADO75)",150.00,$4.65,50,3,48,47,26,$0.059,$0.18,$29.33,$87.98,$0.59,$5.24,785.484,,,,
500,En transito,7/9/2026,,CONTENEDOR EGIPTO,MASS2763,Kit Motor Portón Corredizo 800 Kg 3 M WiFi Control Remoto,20.00,$95.00,1,20,40,40,35,$0.056,$1.12,$28.00,$560.00,$28.00,$123.00,2460,,,,
500,En transito,7/9/2026,,CONTENEDOR EGIPTO,MASS0128,CASE EXTERNO 2.5 USB 3.0 NEGRO,200.00,$1.50,100,2,40,32,53,$0.068,$0.14,$33.92,$67.84,$0.34,$1.84,367.84,,,,
500,En transito,7/9/2026,,CONTENEDOR EGIPTO,,mordaza Garganta Profunda entrenamiento Bondage Gear,100.00,$1.75,100,1,50,,40,,,,,,,,,,,
500,En transito,7/9/2026,,CONTENEDOR EGIPTO,,Gorra Terapia Luz Roja LED Para Cabello Recargable USB,140.00,$11.50,28,5,51,44,43.5,$0.098,$0.49,$48.81,$244.04,$1.74,$13.24,1854.035,,,,
500,En transito,7/9/2026,,CONTENEDOR EGIPTO,,Rodillera Térmica Eléctrica Recargable Con Masaje 1500mAh,320.00,$5.20,40,8,55,,39,,,,,,,,,,,
500,En transito,7/9/2026,,CONTENEDOR EGIPTO,MASS0025,ARNE REALISTICO CON CINTURON QBTG7801,400.00,$3.30,30,13.33333333,50,30,30,$0.045,$0.60,$22.50,$300.00,$0.75,$4.05,1620,,,,
500,En transito,7/9/2026,,CONTENEDOR EGIPTO,,PENDIENTE,,,,,,,,,,,,,,,,,,
500,En transito,7/9/2026,,CONTENEDOR EGIPTO,,Selladora Al Vacío Portátil 3 En 1 Inalámbrica Recargable,400.00,$3.95,50,8,41.5,35,30.5,$0.044,$0.35,$22.15,$177.21,$0.44,$4.39,1757.205,,,,
500,En transito,7/9/2026,,CONTENEDOR EGIPTO,MASS2770,Cámara Digital Vlogging Q7 Pantalla Giratoria Para Video,150.00,$15.00,50,3,49.3,,25.5,,,,,,,,,,,
500,En transito,7/9/2026,,CONTENEDOR EGIPTO,,Auriculares Bluetooth De Conducción Ósea Inalámbricos Deportivos,180.00,$2.50,120,1.5,50.5,,33,,,,,,,,,,,
500,En transito,7/9/2026,,CONTENEDOR EGIPTO,MASS1231,BALANZA DE 0.01 A 500GR,400.00,$1.45,100,4,51,21,31,$0.033,$0.13,$16.60,$66.40,$0.17,$1.62,646.402,,,,
500,En transito,7/9/2026,,CONTENEDOR EGIPTO,,"Wavy G-spot vibrator
Negro-60 Morado-40",100.00,$3.50,100,1,20,,40,,,,,,,,,,,
500,En transito,7/9/2026,,CONTENEDOR EGIPTO,MASS1785 MASS2151,"ORGANIZADOR DE ZAPATO 120 cm x 116 cm x 30 cm
(60NEGRO,20GRIS)",140.00,$4.95,10,14,,36.5,51.5,,,,,,,,,,,
500,En transito,7/9/2026,,CONTENEDOR EGIPTO,,Bedroom Fantasies - Black Fantasy,100.00,$3.50,50,2,77,,30,,,,,,,,,,,
500,En transito,7/9/2026,,CONTENEDOR EGIPTO,MASS0400 MASS0401,"VIBRADOR ROTATIVO CABEZA DE CONEJO YCHA05004 (100ROSA,100MORADO)",200.00,$2.95,100,2,46,21,48,$0.046,$0.09,$23.18,$46.37,$0.23,$3.18,636.368,,,,
500,En transito,7/9/2026,,CONTENEDOR EGIPTO,MASS2765,Masajeador Facial 5 En 1 Radiofrecuencia EMS Lifting LED,480.00,$9.50,40,12,55.5,40.5,19.5,$0.044,$0.53,$21.92,$262.99,$0.55,$10.05,4822.98675,,,,
500,En transito,7/9/2026,,CONTENEDOR EGIPTO,,REPOSICION,,,,,,,,,,,,,,,,,,
500,En transito,7/9/2026,,CONTENEDOR EGIPTO,MASS2033,CALENTADOR DE AGUA 110V 3000w,140.00,$22.50,1,140,36,12.5,34,$0.015,$2.14,$7.65,"$1,071.00",$7.65,$30.15,4221,,,,
500,En transito,7/9/2026,,CONTENEDOR EGIPTO,MASS2781,Pistola Masajeadora Muscular 6 Niveles 4500 RPM Recargable,360.00,$2.80,30,12,67,,35,,,,,,,,,,,
500,En transito,7/9/2026,,CONTENEDOR EGIPTO,MASS2779,Linterna Táctica LED Recargable USB Alta Potencia Con Zoom,300.00,$2.70,200,1.5,45,,55,,,,,,,,,,,
500,En transito,7/9/2026,,CONTENEDOR EGIPTO,MASS2056,"BOMBILLOS VINTAGE
5 meters 20 lights",500.00,$2.50,50,10,71.5,66.5,45,$0.214,$2.14,$106.98,"$1,069.82",$2.14,$4.64,2319.81875,,,,
500,En transito,7/9/2026,,CONTENEDOR EGIPTO,,Hogtie individual,100.00,$2.40,100,1,30,,50,,,,,,,,,,,
500,En transito,7/9/2026,,CONTENEDOR EGIPTO,MASS1064,ORGANIZADOR DE BAÑO 2 NIVELES RACK (KR-41),240.00,$2.40,60,4,69,53,63,$0.230,$0.92,$115.20,$460.78,$1.92,$4.32,1036.782,,,,
500,En transito,7/9/2026,,CONTENEDOR EGIPTO,MASS1522,NAVAJA MULTIHERRAMIENTA DE ACERO,280.00,$3.35,40,7,35.2,31.5,23.8,$0.026,$0.18,$13.19,$92.36,$0.33,$3.68,1030.36304,,,,
500,En transito,7/9/2026,,CONTENEDOR EGIPTO,,"Juguetes sexuales de conejo para mujer, vibrador femenino de alta calidad",100.00,$4.80,50,2,22,,50,,,,,,,,,,,
500,En transito,7/9/2026,,CONTENEDOR EGIPTO,MASS0889,BALANZA PERSONAL RECARGABLE,500.00,$1.90,20,25,54.5,25,28.5,$0.039,$0.97,$19.42,$485.39,$0.97,$2.87,1435.390625,,,,
500,En transito,7/9/2026,,CONTENEDOR EGIPTO,,PRODUCTOS NUEVO,,,,,,,,,,,,,,,,,,
500,En transito,7/9/2026,,CONTENEDOR EGIPTO,MASS0614 - CARNE MASS0611 - ROSA MASS0612 MORADO MASS0613 - NEGRO,VIBRADOR REALISTICO YUECHAO BLDZD001 piel200/rosa100/morado100/negro200,600.00,$1.50,100,6,50,54,45,$0.122,$0.73,$60.75,$364.50,$0.61,$2.11,1264.5,,,,
500,En transito,7/9/2026,,CONTENEDOR EGIPTO,MASS0605 MASS0604,VIBRADOR FEMALE CONEJO 12 FUNCIONES 45 GRADOS HQMP892 (FUCSIA 20/ MORADO 20 ),40.00,$10.50,40,1,1,,,,,,,,,,,,,
500,En transito,7/9/2026,,CONTENEDOR EGIPTO,,Bomba Succión Vagina,100.00,$2.65,50,2,50,,50,,,,,,,,,,,
500,En transito,7/9/2026,,CONTENEDOR EGIPTO,MASS2082,Hub Adaptador 11 En 1 Multipuertos,100.00,$6.35,100,1,48,36,28,$0.048,$0.05,$24.19,$24.19,$0.24,$6.59,659.192,,,,
500,En transito,7/9/2026,,CONTENEDOR EGIPTO,MASS2777,Audífonos Bluetooth Inalámbricos Con Estuche De Carga,100.00,$4.20,100,1,20,,40,,,,,,,,,,,
500,En transito,7/9/2026,,CONTENEDOR EGIPTO,MASS2059/MASS2060,"RAZURADORA PARA DAMA (50ROSADO, 50Azul)",50.00,$4.80,50,1,41,37,32,$0.049,$0.05,$24.27,$24.27,$0.49,$5.29,264.272,,,,
500,En transito,7/9/2026,,CONTENEDOR EGIPTO,,Anillo de silicona flexible para el pene y el escroto,150.00,$1.20,100,1.5,30,,60,,,,,,,,,,,
500,En transito,7/9/2026,,CONTENEDOR EGIPTO,MASS2221,Lampara Colgante Tipo Riel Configurable Hexagonal 4070 MM X 2390 MM,20.00,$62.00,1,20,119,25,19,$0.057,$1.13,$28.26,$565.25,$28.26,$90.26,1805.25,,,,
500,En transito,7/9/2026,,CONTENEDOR EGIPTO,,Set de Doble Consolador con Arnés - Negro,150.00,$4.50,50,3,28,,40,,,,,,,,,,,
500,En transito,7/9/2026,,CONTENEDOR EGIPTO,MASS1661,MONEDA BITCOINS,400.00,$0.18,400,1,25,50,20,$0.025,$0.03,$12.50,$12.50,$0.03,$0.21,84.5,,,,
500,Entregado,4/21/2026,6/23/2026,CONTENEDOR OSLO,MASS1656,MAQUINA KEMEI 4 EN 1 KM-032,420.00,$3.50,60,7,49,,32,,,,,,,,,,,
500,Entregado,4/21/2026,6/23/2026,CONTENEDOR OSLO,,AFFARI,,,,,,,,,,,,,,,,,,
500,Entregado,4/21/2026,6/23/2026,CONTENEDOR OSLO,MASS0687,ANILLO VIBRADOR RETARDANTE DOBLE RC007 rosados ,400.00,$0.35,400,1,53,46,31,$0.076,$0.08,$37.79,$37.79,$0.09,$0.44,177.789,,,,
500,Entregado,4/21/2026,6/23/2026,CONTENEDOR OSLO,MASS0592                                       MASS0593                                            MASS1470,"VIBRADOR CON RECARGA USB PUNTO G HXMS671
(100ROSADO,100MORADO,100NEGRO)",300.00,$5.10,100,3,48,40,36,$0.069,$0.21,$34.56,$103.68,$0.35,$5.45,1633.68,,,,
500,Entregado,4/21/2026,6/23/2026,CONTENEDOR OSLO,MASS2739,Juego de 6 aceites esenciales solubles en agua de 10 ml,384.00,$2.48,48,8,42,28,23,$0.027,$0.22,$13.52,$108.19,$0.28,$2.76,1060.512,,,,
500,Entregado,4/21/2026,6/23/2026,CONTENEDOR OSLO,"MASS2712
MASS2713
MASS2714
MASS2715
MASS2716
MASS2717
MASS2718
MASS2719
MASS2720","guantes gimnasio Talla del guante: S/M/L
150 negro(S-40/M-1020/L40), 100 gris(S-25/M-50/L-25), 100 rosado(S-25/M-50/L-25)",350.00,$2.00,350,1,26,46,57,$0.068,$0.07,$34.09,$34.09,$0.10,$2.10,734.086,,,,
500,Entregado,4/21/2026,6/23/2026,CONTENEDOR OSLO,MASS1875,Maquina Para Hacer Pasta Spaghetti Acero Inoxidable,144.00,$6.00,6,24,58,22,30,$0.038,$0.92,$19.14,$459.36,$3.19,$9.19,1323.36,,,,
500,Entregado,4/21/2026,6/23/2026,CONTENEDOR OSLO,MASS0615                     MASS0616                    MASS1171,"VIBRADOR RECARGABLE 30 VELOCIDADES YCYY3001U 
(150MORADO,200ROSADO,150NEGRO)",500.00,$2.60,100,5,40,27,33,$0.036,$0.18,$17.82,$89.10,$0.18,$2.78,1389.1,,,,
500,Entregado,4/21/2026,6/23/2026,CONTENEDOR OSLO,"MASS1599
MASS1524
MASS1598
MASS1597","PAR DE MUÑEQUERA DE FITNESS DE ALTA CALIDAD(GRIS140,AZUL90, NARANJA90,ROJA80)",400.00,$0.80,400,1,50,42,42,$0.088,$0.09,$44.10,$44.10,$0.11,$0.91,364.1,,,,
500,Entregado,4/21/2026,6/23/2026,CONTENEDOR OSLO,MASS1760,Consolador Anal 14cm Con Ventosa Adherente De Tpe Médico,150.00,$0.40,150,1,,,,,,,,,,,,,,
500,Entregado,4/21/2026,6/23/2026,CONTENEDOR OSLO,MASS1662,"PENDULO BALANCE BALL 9 X 7,5CM ",288.00,$0.80,288,1,36,,38,,,,,,,,,,,
500,Entregado,4/21/2026,6/23/2026,CONTENEDOR OSLO,,"Cinturón Adelgazante Inalámbrico, Masajeador Vibratorio Quemagrasas para Abdomen y Celulitis, Máquina Adelgazante para Pérdida de Peso en la Cintura",60.00,$3.35,40,1.5,56,32,58,$0.104,$0.16,$51.97,$77.95,$1.30,$4.65,278.952,,,,
500,Entregado,4/21/2026,6/23/2026,CONTENEDOR OSLO,MASS2728,Base Laptop Desarmable Plegable Portatil Soporte De Mesa,200.00,$3.30,40,5,40,28,50,$0.056,$0.28,$28.00,$140.00,$0.70,$4.00,800,,,,
500,Entregado,4/21/2026,6/23/2026,CONTENEDOR OSLO,MASS1473  MASS1474,CONSOLADOR REALISTICO CON BASE 10 PULGADAS (negro50/piel50),100.00,$2.80,50,2,41,37,34,$0.052,$0.10,$25.79,$51.58,$0.52,$3.32,331.578,,,,
500,Entregado,4/21/2026,6/23/2026,CONTENEDOR OSLO,MASS1039,MAQUINA PLASTIFICADORA LAMINADORA (10 HOJAS),70.00,$10.85,10,7,42,40,30,$0.050,$0.35,$25.20,$176.40,$2.52,$13.37,935.9,,,,
500,Entregado,4/21/2026,6/23/2026,CONTENEDOR OSLO,MASS1781,CONSOLADOR REALISTICO CON CHUPON INFLABLE,300.00,$2.80,50,6,51,42,24,$0.051,$0.31,$25.70,$154.22,$0.51,$3.31,994.224,,,,
500,Entregado,4/21/2026,6/23/2026,CONTENEDOR OSLO,"MASS1482
MASS1481","VARITA MAGICA CLITORI RECARGABLE METALIZADA (100 BLANCA, 50MORADA, 50ROSADA)",200.00,$1.90,200,1,,,,,,,,,,,,,,
500,Entregado,4/21/2026,6/23/2026,CONTENEDOR OSLO,,"Bastidor final de cinco capas con malla lateral
(End Shelf) 76*41*160",8.00,$37.50,,,,,,,,,,,,,,,,
500,Entregado,4/21/2026,6/23/2026,CONTENEDOR OSLO,MASS1265,SET DE SARTENES HIERRO FUNDIDO ,190.00,$9.35,5,38,47,40,35,$0.066,$2.50,$32.90,"$1,250.20",$6.58,$15.93,3026.7,,,,
500,Entregado,4/21/2026,6/23/2026,CONTENEDOR OSLO,"MASS2786
MASS2787
MASS2788
MASS2789
MASS2790
MASS2791
MASS2792
MASS2793
MASS2794
MASS2795
MASS2796
MASS2797",Esencia a base de agua 10ml Rosa/Lirio/Vainilla/Gardenia/Limón/Lavanda/Sándalo/Jazmín/Océano/Naranja dulce/Bambú verde/Fresa,864.00,$0.13,432,2,38,36,38,$0.052,$0.10,$25.99,$51.98,$0.06,$0.19,164.304,,,,
500,Entregado,4/21/2026,6/23/2026,CONTENEDOR OSLO,MASS2707,"Dispensador de pastillero inteligente de 7 días, organizador electrónico de pastillas, temporizador de almacenamiento",240.00,$3.35,120,2,40,36,38,$0.055,$0.11,$27.36,$54.72,$0.23,$3.58,858.72,,,,
500,Entregado,4/21/2026,6/23/2026,CONTENEDOR OSLO,MASS2244,Aceite de masaje corporal Aumento de pene xxxl  10 ml ,400.00,$0.45,800,0.5,54,40,40,$0.086,$0.04,$43.20,$21.60,$0.05,$0.50,201.6,,,,
500,Entregado,4/21/2026,6/23/2026,CONTENEDOR OSLO,MASS2328,CINTA DE CORRER ELÉCTRICA PARA EL HOGAR PLEGABLE TRANSFRONTERIZA CON MÚSICA BLUETOOTH SIN FUNCIÓN DE PRUEBA DE FRECUENCIA CARDÍACA,20.00,$62.00,1,20,119,58,14,$0.097,$1.93,$48.31,$966.28,$48.31,$110.31,2206.28,,,,
500,Entregado,4/21/2026,6/23/2026,CONTENEDOR OSLO,MASS2734,Cepillo Alisador de Cabello Inalámbrico Portátil,300.00,$4.58,50,6,52.5,24,45.5,$0.057,$0.34,$28.67,$171.99,$0.57,$5.15,1545.99,,,,
500,Entregado,4/21/2026,6/23/2026,CONTENEDOR OSLO,MASS0329,MOUSE PAD MAPAMUNID ,360.00,$0.98,120,3,32,82,32,$0.084,$0.25,$41.98,$125.95,$0.35,$1.33,478.752,,,,
500,Entregado,4/21/2026,6/23/2026,CONTENEDOR OSLO,MASS1950,Juego de barajas 50 Positions Of Bondage,150.00,$1.40,250,0.6,30,15,22,$0.010,$0.01,$4.95,$2.97,$0.02,$1.42,212.97,,,,
500,Entregado,4/21/2026,6/23/2026,CONTENEDOR OSLO,MASS2706,Bandeja Para Hacer Helados Enrollados Yogurt Frito Blancos,320.00,$1.10,40,8,40,45,50,$0.090,$0.72,$45.00,$360.00,$1.13,$2.23,712,,,,
500,Entregado,4/21/2026,6/23/2026,CONTENEDOR OSLO,MASS0825,MAQUINA KEMEI 3 EN 1 ,360.00,$3.20,60,6,60,47,25.5,$0.072,$0.43,$35.96,$215.73,$0.60,$3.80,1367.73,,,,
500,Entregado,4/21/2026,6/23/2026,CONTENEDOR OSLO,,PRODUCTOS NUEVOS,,,,,,,,,,,,,,,,,,
500,Entregado,4/21/2026,6/23/2026,CONTENEDOR OSLO,MASS1379,MOUSE PAD RGB 30X80 ,300.00,$2.15,25,12,47,47,32,$0.071,$0.85,$35.34,$424.13,$1.41,$3.56,1069.128,,,,
500,Entregado,4/21/2026,6/23/2026,CONTENEDOR OSLO,,SEXSHOP ,,,,,,,,,,,,,,,,,,
500,Entregado,4/21/2026,6/23/2026,CONTENEDOR OSLO,MASS1039,MAQUINA PLASTIFICADORA LAMINADORA (10 HOJAS),70.00,$7.80,10,7,42,40,30,$0.050,$0.35,$25.20,$176.40,$2.52,$10.32,722.4,,,,
500,Entregado,4/21/2026,6/23/2026,CONTENEDOR OSLO,MASS1943,"Vibradores de punto G, vibrador para hombres, punto G",40.00,$4.40,200,0.2,35,30,18,$0.019,$0.00,$9.45,$1.89,$0.05,$4.45,177.89,,,,
500,Entregado,4/21/2026,6/23/2026,CONTENEDOR OSLO,MASS2709 MASS2710 MASS2736,"Peine Masajeador Capilar Inalámbrico Con Deposito De Liquido
Rated voltage: 3.7V Rated power: 5W Battery capacity: 1800mAh
Charging time: Approximately 40 minutes"" (120 negro, 90 gris, 90 rosado)",300.00,$6.50,60,5,52,35.5,39,$0.072,$0.36,$36.00,$179.99,$0.60,$7.10,2129.985,,,,
500,Entregado,4/21/2026,6/23/2026,CONTENEDOR OSLO,MASS1301,EXTENSOR DE SEÑAL 300 MBPS BLANCOS ,300.00,$2.55,100,3,58,38,44,$0.097,$0.29,$48.49,$145.46,$0.48,$3.03,910.464,,,,
500,Entregado,4/21/2026,6/23/2026,CONTENEDOR OSLO,MASS0830,ESTIMULADOR ELECTROTERAPIA PORTATIL TENNS,240.00,$2.15,60,4,50.5,39.5,71.5,$0.143,$0.57,$71.31,$285.25,$1.19,$3.34,801.24925,,,,
500,Entregado,4/21/2026,6/23/2026,CONTENEDOR OSLO,MASS1014,MAQUINA AFEITAR KEMEI KM-4640,280.00,$2.95,40,7,60,47,25.5,$0.072,$0.50,$35.96,$251.69,$0.90,$3.85,1077.685,,,,
500,Entregado,4/21/2026,6/23/2026,CONTENEDOR OSLO,MASS1795,REFLECTOR SOLAR DE PARED PARA EXTERIORES CON SENSOR DE MOVIMIENTO,300.00,$1.05,100,3,56,29.5,53,$0.088,$0.26,$43.78,$131.33,$0.44,$1.49,446.334,,,,
500,Entregado,4/21/2026,6/23/2026,CONTENEDOR OSLO,MASS0702,IMITACION DE SEMEN LECHE SIYI 200ML SYXDZ01,300.00,$0.59,50,6,65,33,17,$0.036,$0.22,$18.23,$109.40,$0.36,$0.95,286.395,,,,
500,Entregado,4/21/2026,6/23/2026,CONTENEDOR OSLO,MASS2235,Máquina de café portátil con Calefacción Automática inalámbrica,100.00,$17.80,25,4,47,47,30.5,$0.067,$0.27,$33.69,$134.75,$1.35,$19.15,1914.749,,,,
500,Entregado,4/21/2026,6/23/2026,CONTENEDOR OSLO,MASS2735,Interruptor Inteligente Sin Neutro Wifi De 1 Apagador BLANCO,150.00,$4.20,100,1.5,42,40,28,$0.047,$0.07,$23.52,$35.28,$0.24,$4.44,665.28,,,,
500,Entregado,4/21/2026,6/23/2026,CONTENEDOR OSLO,"MASS0693
MASS1191
","SET DE INICIADORES ANALES SETANAL001 ROSA80,NEGRO80",160.00,$0.65,40,4,30,31,27,$0.025,$0.10,$12.56,$50.22,$0.31,$0.96,154.22,,,,
500,Entregado,4/21/2026,6/23/2026,CONTENEDOR OSLO,,VARITA PARA CONTORNO DE OJOS,100.00,$3.50,100,1,48.5,40.5,37,$0.073,$0.07,$36.34,$36.34,$0.36,$3.86,386.338625,,,,
500,Entregado,4/21/2026,6/23/2026,CONTENEDOR OSLO,"MASS0907
MASS0906
MASS0905","VIBRADOR 12 VELOCIDADES CON ESTIMULADOR DE CLITORIS DRHHS001(90morado,90rojo,70negro)",250.00,$7.20,40,6.25,,,,,,,,,,,,,,
500,Entregado,4/21/2026,6/23/2026,CONTENEDOR OSLO,,"Bastidor principal de cinco capas y doble cara
(main frame) 90*76*160",4.00,$49.80,,,,,,,,,,,,,,,,
500,Entregado,4/21/2026,6/23/2026,CONTENEDOR OSLO,MASS2730,Audifonos Inalambricos Recargables Bluetooth Md,300.00,$2.90,100,3,28,36,52,$0.052,$0.16,$26.21,$78.62,$0.26,$3.16,948.624,,,,
500,Entregado,4/21/2026,6/23/2026,CONTENEDOR OSLO,,"Bastidor auxiliar de cinco capas y doble cara
(Sidebar) 90*76*160",8.00,$44.80,,,,,,,,,,,,,,,,
500,Entregado,4/21/2026,6/23/2026,CONTENEDOR OSLO,"MASS2725
MASS2726","Mini Rizador de Pelo Recargable por USB
(120 Negro, 120 Blanco)",240.00,$5.48,40,6,43,35,36,$0.054,$0.33,$27.09,$162.54,$0.68,$6.16,1477.74,,,,
500,Entregado,4/21/2026,6/23/2026,CONTENEDOR OSLO,"MASS0800
MASS0801
MASS0802
MASS1758
MASS1759
",BALA COLORES PASTELES YCAS4301 morado80/rosa80/rojo80/azul80/negro80,400.00,$0.80,200,2,28,28,18,$0.014,$0.03,$7.06,$14.11,$0.04,$0.84,334.112,,,,
500,Entregado,4/21/2026,6/23/2026,CONTENEDOR OSLO,"MASS0498
","SET ADULTO JUEGO SEXUAL BONDAGE LATIGO, MORDAZA, ESPOSA, MASCARA -SM10S01 (100 Negro 50ROJO)",150.00,$3.20,50,3,60,42,32,$0.081,$0.24,$40.32,$120.96,$0.81,$4.01,600.96,,,,
500,Entregado,4/21/2026,6/23/2026,CONTENEDOR OSLO,MASS0210,ESTIMULADOR Y SUCCIONADOR DE CLITORIS MNMLKX003 (MORADO90),90.00,$6.00,45,2,59,42,27.5,$0.068,$0.14,$34.07,$68.15,$0.76,$6.76,608.145,,,,
500,Entregado,4/21/2026,6/23/2026,CONTENEDOR OSLO,MASS0850,"VIBRADOR POR APLICACION REMOTO YPM
(ROSADO)",800.00,$2.45,100,8,58,46,22,$0.059,$0.47,$29.35,$234.78,$0.29,$2.74,2194.784,,,,
500,Entregado,4/21/2026,6/23/2026,CONTENEDOR OSLO,"MASS0407
MASS0406",VIBRADOR RABBIT SUPER MUTE 10 VELOCIDADES (ROSADO 200/ MORADO 200),400.00,$2.35,100,4,,30,38,,,,,,,,,,,
500,Entregado,4/21/2026,6/23/2026,CONTENEDOR OSLO,MASS2167 MASS2168 MASS2169,"DILDO VIBRADOR CON DOBLE PENETRACION 
70 Negro/50 Morado/80 Piel",200.00,$2.58,100,2,20,30,54,$0.032,$0.06,$16.20,$32.40,$0.16,$2.74,548.4,,,,
500,Entregado,4/21/2026,6/23/2026,CONTENEDOR OSLO,"MASS0018
MASS0019
MASS0020

","ANILLO JOY VIBRADOR RETARDANTE POTENTE LATEX XQRE036(300ROSA,300morado)",600.00,$0.80,300,2,30,25,36,$0.027,$0.05,$13.50,$27.00,$0.05,$0.85,507,,,,
500,Entregado,4/21/2026,6/23/2026,CONTENEDOR OSLO,MASS2711,Masajeador de cuero cabelludo (Blanco),300.00,$3.45,60,5,54.5,39,39,$0.083,$0.41,$41.45,$207.24,$0.69,$4.14,1242.23625,,,,
500,Entregado,4/21/2026,6/23/2026,CONTENEDOR OSLO,"MASS0841
MASS2594
MASS2595","LUBRICANTE ANAL WATER OLO 60 ML (Refrescante), Caliente 25",100.00,$0.85,100,1,52,39,31,$0.063,$0.06,$31.43,$31.43,$0.31,$1.16,116.434,,,,
500,Entregado,4/21/2026,6/23/2026,CONTENEDOR OSLO,MASS1734,FORRO PARA PENE TEXTURIZADO CON BALA VIBRADORA,160.00,$2.50,40,4,30,37,30,$0.033,$0.13,$16.65,$66.60,$0.42,$2.92,466.6,,,,
500,Entregado,4/21/2026,6/23/2026,CONTENEDOR OSLO,"MASS1463
MASS1464
MASS1465
MASS2783
",PLUG ANAL CON COLA DE ZORRO ANALTAIL001(BLANCO30/negro60/rojo30/blanco/negro30),150.00,$1.15,200,0.75,66,46,31,$0.094,$0.07,$47.06,$35.29,$0.24,$1.39,207.7935,,,,
500,Entregado,4/21/2026,6/23/2026,CONTENEDOR OSLO,,"Cinturón Adelgazante Inalámbrico, Masajeador Vibratorio Quemagrasas para Abdomen y Celulitis, Máquina Adelgazante para Pérdida de Peso en la Cintura",60.00,$2.60,40,1.5,56,32,58,$0.104,$0.16,$51.97,$77.95,$1.30,$3.90,233.952,,,,
500,Entregado,4/21/2026,6/23/2026,CONTENEDOR OSLO,MASS0846,ROSA VIBRADORA VAGINA SUCKER,100.00,$2.20,50,2,41,40,40,$0.066,$0.13,$32.80,$65.60,$0.66,$2.86,285.6,,,,
500,Entregado,4/21/2026,6/23/2026,CONTENEDOR OSLO,"MASS1009 NEGRO

MASS1011 BLANCO","DEPILADORA LASER 999999 FLASHES (NEGRO200, BLANCO200)",400.00,$7.00,40,10,54,44,35,$0.083,$0.83,$41.58,$415.80,$1.04,$8.04,3215.8,,,,
500,Entregado,4/21/2026,6/23/2026,CONTENEDOR OSLO,MASS2215,FOMENTERA ESTERILLA ELECTRICA ,80.00,$5.45,30,2.666666667,50,60,30,$0.090,$0.24,$45.00,$120.00,$1.50,$6.95,556,,,,
500,Entregado,4/21/2026,6/23/2026,CONTENEDOR OSLO,MASS2059/MASS2060,"RAZURADORA PARA DAMA (50ROSADO, 50Azul)
",100.00,$6.34,50,2,41,37,32,$0.049,$0.10,$24.27,$48.54,$0.49,$6.83,682.544,,,,
500,Entregado,4/21/2026,6/23/2026,CONTENEDOR OSLO,MASS2733,MAQUINA CAFE R.9136-110,40.00,$46.00,4,10,64,54,33,$0.114,$1.14,$57.02,$570.24,$14.26,$60.26,2410.24,,,,
500,Entregado,4/21/2026,6/23/2026,CONTENEDOR OSLO,MASS2059/MASS2060,"RAZURADORA PARA DAMA (500 ROSADO, 200 AZUL)
",700.00,$4.60,50,14,41,37,32,$0.049,$0.68,$24.27,$339.81,$0.49,$5.09,3559.808,,,,
500,Entregado,4/21/2026,6/23/2026,CONTENEDOR OSLO,"MASS0292 Negro MASS0289 rojo MASS0290 verde MASS0291 gris

",PISTOLA MASAJEADORA RECARGABLE SY-720 (NEGRO 20/ GRIS 20/ ROJO 20/ VERDE 20),80.00,$2.30,40,2,69.5,30.5,30.5,$0.065,$0.13,$32.33,$64.65,$0.81,$3.11,248.652375,,,,
500,Entregado,4/21/2026,6/23/2026,CONTENEDOR OSLO,MASS2059 MASS2060,"RAZURADORA PARA DAMA (50ROSADO, 50Azul)
",100.00,$4.80,50,2,41,37,32,$0.049,$0.10,$24.27,$48.54,$0.49,$5.29,528.544,,,,
500,Entregado,4/21/2026,6/23/2026,CONTENEDOR OSLO,MASS2731,BALON MUNDIAL 2026,300.00,$2.75,50,6,75,40,40,$0.120,$0.72,$60.00,$360.00,$1.20,$3.95,1185,,,,
500,Entregado,4/21/2026,6/23/2026,CONTENEDOR OSLO,"MASS1163
MASS0598
MASS1164",VIBRADOR CONSOLADOR FEMALE VIBRATOR HQMY8941 (FUCSIA 150 / MORADO 75 / NEGRO 75),300.00,$2.30,100,3,,,,,,,,,,,,,,
500,Entregado,4/21/2026,6/23/2026,CONTENEDOR OSLO,MASS0842,LUBRICANTE MULTIORGASMICO CLIMAX OLO 20 ML,75.00,$0.85,300,0.25,40,50,60,$0.120,$0.03,$60.00,$15.00,$0.20,$1.05,78.75,,,,
500,Entregado,4/21/2026,6/23/2026,CONTENEDOR OSLO,"MASS1055
MASS1056",CAJA DE CONDONES ULTRAFINO (10 PCS) (ULTRAFINO 100/ TEXTURIZADO 100),200.00,$0.60,60,3.333333333,1,57,74,$0.004,$0.01,$2.11,$7.03,$0.04,$0.64,127.03,,,,
500,Entregado,4/21/2026,6/23/2026,CONTENEDOR OSLO,"MASS0292 Negro

",PISTOLA MASAJEADORA RECARGABLE SY-720 (NEGRO 20/ GRIS 20/ ROJO 20/ VERDE 20),80.00,$3.88,40,2,69.5,30.5,30.5,$0.065,$0.13,$32.33,$64.65,$0.81,$4.69,375.052375,,,,
500,Entregado,4/21/2026,6/23/2026,CONTENEDOR OSLO,,Almohadilla de calentamiento Menstrual portátil (30blancos-30rosado),120.00,$4.80,,,,,,,,,,,,,,,,
500,Entregado,4/21/2026,6/23/2026,CONTENEDOR OSLO,MASS2737,Interruptor Inteligente Wifi De 2 Apagadores Sin Neutro BLANCO,150.00,$4.65,100,1.5,42,40,28,$0.047,$0.07,$23.52,$35.28,$0.24,$4.89,732.78,,,,
500,Entregado,4/21/2026,6/23/2026,CONTENEDOR OSLO,"MASS1009 NEGRO

MASS1011 BLANCO","DEPILADORA LASER 999999 FLASHES (NEGRO40, BLANCO40)",80.00,$8.45,40,2,54,44.5,35,$0.084,$0.17,$42.05,$84.11,$1.05,$9.50,760.105,,,,
500,Entregado,4/21/2026,6/23/2026,CONTENEDOR OSLO,MASS1803,CASE EXTERNO USB 2.0 TRASPARENTE,300.00,$1.25,100,3,40,32,53,$0.068,$0.20,$33.92,$101.76,$0.34,$1.59,476.76,,,,
500,Entregado,4/21/2026,6/23/2026,CONTENEDOR OSLO,MASS2067,Juego De Dados Milimétricos De 12 Piezas Con Rachet Grande,400.00,$2.85,40,10,53,50,30,$0.080,$0.80,$39.75,$397.50,$0.99,$3.84,1537.5,,,,
500,Entregado,4/21/2026,6/23/2026,CONTENEDOR OSLO,MASS1071,MOUSE VERTICAL INALAMBRICO RECARGABLE ,200.00,$3.55,100,2,48,54,39,$0.101,$0.20,$50.54,$101.09,$0.51,$4.06,811.088,,,,
500,Entregado,4/21/2026,6/23/2026,CONTENEDOR OSLO,MASS0200,Dispensador de agua recargable,420.00,$1.10,60,7,50.5,,47,,,,,,,,,,,
500,Entregado,4/21/2026,6/23/2026,CONTENEDOR OSLO,MASS1083,CERRADURA PARA PUERTA DOMO ,600.00,$1.25,40,15,64,27,40,$0.069,$1.04,$34.56,$518.40,$0.86,$2.11,1268.4,,,,
500,Entregado,4/21/2026,6/23/2026,CONTENEDOR OSLO,MASS2323,MICRÓFONO DE SOLAPA INALÁMBRICO 2MIC 3 EN 1 PARA GRABACIÓN DE AUDIO Y VIDEO DE VLOGS Y TRANSMISIONES DE ENTREVISTAS COMPATIBLES CON SMARTPHONES,300.00,$3.40,100,3,57.5,32,40,$0.074,$0.22,$36.80,$110.40,$0.37,$3.77,1130.4,,,,
500,Entregado,4/21/2026,6/23/2026,CONTENEDOR OSLO,MASS1266,SELLADORA AL VACIO ELEGANTE,320.00,$9.80,20,16,55,39,32,$0.069,$1.10,$34.32,$549.12,$1.72,$11.52,3685.12,,,,
500,Entregado,4/21/2026,6/23/2026,CONTENEDOR OSLO,MASS1906,"MASAJEADOR EMS DE ESTIRAMINETO FACIAL
 ANTIARRUGAS 7 MODOS (Blancos)",600.00,$2.80,60,10,56,35,45,$0.088,$0.88,$44.10,$441.00,$0.74,$3.54,2121,,,,
500,Entregado,4/21/2026,6/23/2026,CONTENEDOR OSLO,MASS1282,MAQUINA PLASTIFICADORA LAMINADORA (10 HOJAS),300.00,$7.80,10,30,42,40,30,$0.050,$1.51,$25.20,$756.00,$2.52,$10.32,3096,,,,
500,Entregado,4/21/2026,6/23/2026,CONTENEDOR OSLO,MASS0826,CORRECTOR DE JUANETE,800.00,$0.45,200,4,,,,,,,,,,,,,,
500,Entregado,4/21/2026,6/23/2026,CONTENEDOR OSLO,"MASS0292
MASS0291
MASS0289
MASS0290
",PISTOLA MASAJEADORA RECARGABLE SY-720 (NEGRO 360/ GRIS 80/ ROJO 80/ VERDE 80),600.00,$2.30,40,15,69.5,30.5,30.5,$0.065,$0.97,$32.33,$484.89,$0.81,$3.11,1864.892813,,,,
500,Entregado,4/21/2026,6/23/2026,CONTENEDOR OSLO,MASS0288,"MASAJEADOR DE CUELLO RECARGABLE 
CON 4 ELECTRODOS",300.00,$2.32,60,5,,,,,,,,,,,,,,
500,Entregado,4/21/2026,6/23/2026,CONTENEDOR OSLO,MASS1657,MAQUINA KEMEI 4 EN 1 KM-6630,500.00,$3.80,100,5,71,,42.5,,,,,,,,,,,
500,Entregado,4/21/2026,6/23/2026,CONTENEDOR OSLO,MASS2215,FOMENTERA ESTERILLA ELECTRICA ,80.00,$6.53,30,2.666666667,50,60,30,$0.090,$0.24,$45.00,$120.00,$1.50,$8.03,642.4,,,,
500,Entregado,4/21/2026,6/23/2026,CONTENEDOR OSLO,MASS1932     MASS1933     MASS1934     MASS1935,Dildo fluorescente realista  18.5cm de Largo; 14cm Insertables; 3.5cm de Ancho rosa40/púrpura40/verde40/azul40/naranja40,200.00,$3.50,40,5,25,60,60,$0.090,$0.45,$45.00,$225.00,$1.13,$4.63,925,,,,
500,Entregado,4/21/2026,6/23/2026,CONTENEDOR OSLO,MASS0596 MASS0595,VIBRADOR CON ROTACION HAILEY DIBE DB-1874  ROSADO 9/ morado 9,18.00,$11.00,90,0.2,68,47,50,$0.160,$0.03,$79.90,$15.98,$0.89,$11.89,213.98,,,,
500,Entregado,4/21/2026,6/23/2026,CONTENEDOR OSLO,MASS2727,Lámpara LED de Media Luna para Secado Rápido de Uñas de Gel (Negro),180.00,$3.90,45,4,52,48,41,$0.102,$0.41,$51.17,$204.67,$1.14,$5.04,906.672,,,,
500,Entregado,4/21/2026,6/23/2026,CONTENEDOR OSLO,"   MASS1356 Negro
MASS1429 Azul
      MASS1430 Rosado","MAT DE YOGA 1CM GROSOR (125NEGRO,60AZUL,65ROSADA)",250.00,$1.45,25,10,80,65,34,$0.177,$1.77,$88.40,$884.00,$3.54,$4.99,1246.5,,,,
500,Entregado,4/21/2026,6/23/2026,CONTENEDOR OSLO,"MASS1009 NEGRO

MASS1011 BLANCO","DEPILADORA LASER 999999 FLASHES (NEGRO40, BLANCO40)",80.00,$7.00,40,2,54,44.5,35,$0.084,$0.17,$42.05,$84.11,$1.05,$8.05,644.105,,,,
500,Entregado,4/21/2026,6/23/2026,CONTENEDOR OSLO,MASS2330,EQUIPO DE FITNESS DE BARRA DE DOMINADAS INDIVIDUAL DE USO DOMÉSTICO CON ANILLOS PARA NIÑOS OPCIÓN DE PUERTA DE PARED DE ACERO SIN TALADRO PARA EJERCICIO EN INTERIORES,75.00,$6.65,10,7.5,84,26,38,$0.083,$0.62,$41.50,$311.22,$4.15,$10.80,809.97,,,,
500,Entregado,4/21/2026,6/23/2026,CONTENEDOR OSLO,MASS2708,"Cinturón Adelgazante Inalámbrico, Masajeador Vibratorio Quemagrasas para Abdomen y Celulitis, Máquina Adelgazante para Pérdida de Peso en la Cintura",300.00,$2.60,60,5,56,32,58,$0.104,$0.52,$51.97,$259.84,$0.87,$3.47,1039.84,,,,
500,Entregado,4/21/2026,6/23/2026,CONTENEDOR OSLO,MASS1722 MASS1721,"Rabbit Vibrator Sex Toys for Women 10 Frequency Vaginal Anal Massager G Spot (60 Verde, 30 Rosado)",90.00,$4.45,90,1,72,34,54,$0.132,$0.13,$66.10,$66.10,$0.73,$5.18,466.596,,,,
500,Entregado,4/21/2026,6/23/2026,CONTENEDOR OSLO,"MASS1358
MASS1996
MASS1997
MASS1998
MASS1999","Faja Reductora Moldeadora Neopreno Fitness Cintura Techno (NEGRO 40S,120M,L100,80XL,60XXLEN CAJA",400.00,$1.00,100,4,35,50,40,$0.070,$0.28,$35.00,$140.00,$0.35,$1.35,540,,,,
500,Entregado,4/21/2026,6/23/2026,CONTENEDOR OSLO,MASS0287,SATISFAYER RECARGABLE GM21901 (PIEL),200.00,$5.00,200,1,35,50,40,$0.070,$0.07,$35.00,$35.00,$0.18,$5.18,1035,,,,
500,Entregado,4/21/2026,6/23/2026,CONTENEDOR OSLO,MASS1904,CAMARA TIPO BOMBILLO BASE E27 1080P,400.00,$2.90,100,4,73,41,41.5,$0.124,$0.50,$62.10,$248.42,$0.62,$3.52,1408.419,,,,
500,Entregado,4/21/2026,6/23/2026,CONTENEDOR OSLO,MASS1732,"Manga extensora, manga para pene, manga con vibración Recargable",50.00,$5.00,50,1,36,36,36,$0.047,$0.05,$23.33,$23.33,$0.47,$5.47,273.328,,,,
500,Entregado,4/21/2026,6/23/2026,CONTENEDOR OSLO,MASS0518,STUD 100,"1,000.00",$0.79,300,3.333333333,48,31,39,$0.058,$0.19,$29.02,$96.72,$0.10,$0.89,886.72,,,,
500,Entregado,4/21/2026,6/23/2026,CONTENEDOR OSLO,MASS1910                        MASS2152,"Esterilizador ultravioleta para cepillos de dientes
(150NEGRO,150BLANCO)",300.00,$1.70,60,5,59,44,52,$0.135,$0.67,$67.50,$337.48,$1.12,$2.82,847.48,,,,
500,Entregado,4/21/2026,6/23/2026,CONTENEDOR OSLO,"MASS0605
MASS0604
MASS1166",VIBRADOR FEMALE CONEJO 12 FUNCIONES 45 GRADOS HQMP892 (FUCSIA 30/ MORADO 30 Negro 30 ),80.00,$9.50,40,2,55,48,34,$0.090,$0.18,$44.88,$89.76,$1.12,$10.62,849.76,,,,
500,Entregado,4/21/2026,6/23/2026,CONTENEDOR OSLO,"MASS2721
MASS2722","Taza para mezclar café recargable 380 ml (180 negro, 120 blanco)",300.00,$2.85,60,5,63,47,46,$0.136,$0.68,$68.10,$340.52,$1.14,$3.99,1195.515,,,,
500,Entregado,4/21/2026,6/23/2026,CONTENEDOR OSLO,MASS2729,Bolso Impermeable Waterproof Dry Bag Camping,150.00,$2.30,75,2,40,45,33,$0.059,$0.12,$29.70,$59.40,$0.40,$2.70,404.4,,,,
500,Entregado,4/21/2026,6/23/2026,CONTENEDOR OSLO,MASS2234,Teclado Bluetooth Plegable Inalambrico Portatil,40.00,$11.40,40,1,41.2,29,20,$0.024,$0.02,$11.95,$11.95,$0.30,$11.70,467.948,,,,
500,Entregado,4/21/2026,6/23/2026,CONTENEDOR OSLO,MASS0701,LUBRICANTE ANAL LOVE MONOGATARI 200ML ZTAO01,328.00,$0.68,164,2,58,66,35,$0.134,$0.27,$66.99,$133.98,$0.41,$1.09,357.02,,,,
500,Entregado,4/21/2026,6/23/2026,CONTENEDOR OSLO,,VARITA PARA CONTORNO DE OJOS,100.00,$4.25,100,1,48.5,40.5,37,$0.073,$0.07,$36.34,$36.34,$0.36,$4.61,461.338625,,,,
500,Entregado,4/21/2026,6/23/2026,CONTENEDOR OSLO,"MASS1126 GRIS 
MASS1127 ROJO ",MOUSE INALAMBRICO  (GRIS 250 / ROJO 150 ),400.00,$1.23,200,2,49,48,36,$0.085,$0.17,$42.34,$84.67,$0.21,$1.44,576.672,,,,
500,Entregado,4/21/2026,6/23/2026,CONTENEDOR OSLO,MASS1922,Estimulante Sexual Femenino Potenciador De Libido Y Orgasmo,128.00,$1.50,128,1,38,57,43,$0.093,$0.09,$46.57,$46.57,$0.36,$1.86,238.569,,,,
500,Entregado,4/21/2026,6/23/2026,CONTENEDOR OSLO,MASS1172 MASS0603,"CONSOLADOR DOBLE CABEZA WBDS001 (TRASPARENTE70, CARNE 80)",150.00,$0.60,150,1,38,54,28,$0.057,$0.06,$28.73,$28.73,$0.19,$0.79,118.728,,,,
500,Entregado,4/21/2026,6/23/2026,CONTENEDOR OSLO,MASS2324,Q8 AURICULAR TOTALMENTE COMPATIBLE CON EL ADAPTADOR TIPO C + APPLE UNO A DOS,250.00,$4.50,100,2.5,52.5,48,24,$0.060,$0.15,$30.24,$75.60,$0.30,$4.80,1200.6,,,,
500,Entregado,4/21/2026,6/23/2026,CONTENEDOR OSLO,MASS2319,"KIT DE ELIMINACIÓN DE VERRUGAS Y TOPO, HERRAMIENTAS DE LIMPIEZA PARA EL CUIDADO DE LA PIEL FACIAL, TRATAMIENTOS DE PUNTOS Y VERRUGAS CORPORALES, INDOLORO, 2 EN 1, BELLEZA Y SALUD",400.00,$1.50,100,4,46.5,51.5,33.5,$0.080,$0.32,$40.11,$160.45,$0.40,$1.90,760.44825,,,,
500,Entregado,4/21/2026,6/23/2026,CONTENEDOR OSLO,MASS2215,FOMENTERA ESTERILLA ELECTRICA ,200.00,$5.45,30,6.666666667,50,60,30,$0.090,$0.60,$45.00,$300.00,$1.50,$6.95,1390,,,,
500,Entregado,4/21/2026,6/23/2026,CONTENEDOR OSLO,MASS2061/MASS2062,"MAQUINA PARA USO INTIMO CABALLERO
(NEGRA320 BLANCO160)",480.00,$3.50,80,6,67,38,38,$0.097,$0.58,$48.37,$290.24,$0.60,$4.10,1970.244,,,,
500,Entregado,4/21/2026,6/23/2026,CONTENEDOR OSLO,MASS0127,Case externo usb2.0,400.00,$1.32,100,4,40,32,53,$0.068,$0.27,$33.92,$135.68,$0.34,$1.66,663.68,,,,
500,Entregado,4/21/2026,6/23/2026,CONTENEDOR OSLO,MASS1873,Mini Maquina De Coser 12 Puntadas,180.00,$10.00,6,30,45.5,32.5,61,$0.090,$2.71,$45.10,"$1,353.06",$7.52,$17.52,3153.05625,,,,
500,Entregado,4/21/2026,6/23/2026,CONTENEDOR OSLO,MASS0607,VIBRADOR MIGNON MARCA LEVETT CON APP REMOTO,288.00,$9.50,96,3,35,30,52,$0.055,$0.16,$27.30,$81.90,$0.28,$9.78,2817.9,,,,
500,Entregado,4/21/2026,6/23/2026,CONTENEDOR OSLO,MASS1976,MAQUINA AFEITAR KEMEI KM-1071 RECARGABLE,200.00,$4.80,40,5,65,29,43.5,$0.082,$0.41,$41.00,$204.99,$1.02,$5.82,1164.99375,,,,
500,Entregado,4/21/2026,6/23/2026,CONTENEDOR OSLO,MASS1725,CARAMELO EXPLOSIVO COMESTIBLE,480.00,$1.00,96,5,32,32,24,$0.025,$0.12,$12.29,$61.44,$0.13,$1.13,541.44,,,,
500,Entregado,4/21/2026,6/23/2026,CONTENEDOR OSLO,MASS0947 MASS0948,"SATISFAYER ROSADO XQZK003 (100 Morado, 100 rosado)",200.00,$2.50,200,1,,,,,,,,,,,,,,
500,Entregado,4/21/2026,6/23/2026,CONTENEDOR OSLO,MASS2170 MASS2171 MASS2172 MASS2173,MASTURBADOR FEMENINO CON 10 MODOS DE VIBRACION (25 de cada modelo),100.00,$2.35,100,1,68,37,36.5,$0.092,$0.09,$45.92,$45.92,$0.46,$2.81,280.917,,,,
500,Entregado,4/21/2026,6/23/2026,CONTENEDOR OSLO,MASS1378,Maquina Kemei De Afeitar Cabello Shaiver Kemei Km-2024,180.00,$5.00,60,3,43.5,32,50.5,$0.070,$0.21,$35.15,$105.44,$0.59,$5.59,1005.444,,,,
500,Entregado,4/21/2026,6/23/2026,CONTENEDOR OSLO,MASS1476,CONSOLADOR REALISTICO EXTRAGRANDE piel ,60.00,$6.84,80,0.75,60,37,34,$0.075,$0.06,$37.74,$28.31,$0.47,$7.31,438.705,,,,
500,Entregado,4/21/2026,6/23/2026,CONTENEDOR OSLO,MASS2233,"BELIA-cámara de vigilancia 4K de 8MP con WiFi, lente Dual, Zoom Digital 4X, detección humana por Ia, ONVIF, cámaras IP PTZ",250.00,$15.25,30,8.333333333,59,40,55,$0.130,$1.08,$64.90,$540.83,$2.16,$17.41,4353.333333,,,,
500,Entregado,4/21/2026,6/23/2026,CONTENEDOR OSLO,MASS1802       MASS1813,Almohadilla de calentamiento Menstrual portátil (30blancos-30rosado),120.00,$2.35,,,,,,,,,,,,,,,,
500,Entregado,4/21/2026,6/23/2026,CONTENEDOR OSLO,"MASS2723
MASS2724","Difusor de aromas con control remoto 500 ml (120 madera oscura, 60 madera natural)",180.00,$4.80,18,10,53,36,48.5,$0.093,$0.93,$46.27,$462.69,$2.57,$7.37,1326.69,,,,
500,Entregado,4/21/2026,6/23/2026,CONTENEDOR OSLO,,AFFARI,,,,,,,,,,,,,,,,,,
500,Entregado,4/21/2026,6/23/2026,CONTENEDOR OSLO,MASS2056,"BOMBILLOS VINTAGE
5 meters 20 lights",400.00,$2.50,50,8,71.5,66,45,$0.212,$1.70,$106.18,$849.42,$2.12,$4.62,1849.42,,,,
500,Entregado,4/21/2026,6/23/2026,CONTENEDOR OSLO,MASS2732,"Freidora de aire Agora crujiente con pantalla táctil, olla de vidrio doble Digital",500.00,$33.30,2,250,37,30.5,74,$0.084,$20.88,$41.75,"$10,438.63",$20.88,$54.18,27088.625,,,,
350,Entregado,4/16/2026,6/16/2026,CONTENEDOR LOS ANGELES,MASS2465,"PANELES PVC SEPARADORES DE AMBIENTES 5CM X 10CM X2,90M GRIS",200.00,$3.90,8,25,295,21,21,$0.130,$3.25,$45.53,"$1,138.33",$5.69,$9.59,1918.33125,,,,
350,Entregado,4/16/2026,6/16/2026,CONTENEDOR LOS ANGELES,MASS2489,"PANEL DE MOSAICO AZULEJO 29CM*22,9CM*1MM YJC0181","1,000.00",$0.60,250,4,31,31,26,$0.025,$0.10,$8.75,$34.98,$0.03,$0.63,634.9804,,,,
350,Entregado,4/16/2026,6/16/2026,CONTENEDOR LOS ANGELES,MASS2473,TECHO PVC DE 3 PIEZAS MACHIMBRADO HYYC017 21CMX9CMX2900MM,300.00,$4.00,10,30,295,22,10,$0.065,$1.95,$22.72,$681.45,$2.27,$6.27,1881.45,,,,
350,Entregado,4/16/2026,6/16/2026,CONTENEDOR LOS ANGELES,MASS2467,"PANELES PVC SEPARADORES DE AMBIENTES 5CM X 10CM X2,90M MARRON OSCURO",150.00,$3.90,8,18.75,295,21,21,$0.130,$2.44,$45.53,$853.75,$5.69,$9.59,1438.748438,,,,
350,Entregado,4/16/2026,6/16/2026,CONTENEDOR LOS ANGELES,MASS2481,ROLLO DE ESPUMA 3D AUTOADHESIVA JQ-3129-2Y6 40 CM X 3M DE 3MM,450.00,$3.70,30,15,74,62,42,$0.193,$2.89,$67.44,"$1,011.65",$2.25,$5.95,2676.654,,,,
350,Entregado,4/16/2026,6/16/2026,CONTENEDOR LOS ANGELES,MASS2485,"PANEL DE MOSAICO AZULEJO 29CM*22,9CM*1MM YJC0180","1,000.00",$0.60,250,4,31,31,26,$0.025,$0.10,$8.75,$34.98,$0.03,$0.63,634.9804,,,,
350,Entregado,4/16/2026,6/16/2026,CONTENEDOR LOS ANGELES,MASS1917,PISO VINIL AUTOADHESIVO 3020 ALTO TRAFICO 2MM GROSOR 914.4MM*152.4MM,100.00,$11.20,1,100,94,16,9,$0.014,$1.35,$4.74,$473.76,$4.74,$15.94,1593.76,,,,
350,Entregado,4/16/2026,6/16/2026,CONTENEDOR LOS ANGELES,MASS1324,PISO VINIL HHYM3039,100.00,$11.20,1,100,94,16,9,$0.014,$1.35,$4.74,$473.76,$4.74,$15.94,1593.76,,,,
350,Entregado,4/16/2026,6/16/2026,CONTENEDOR LOS ANGELES,MASS2474,TECHO PVC DE 3 PIEZAS MACHIMBRADO HYYC032 21CMX9CMX2900MM,200.00,$4.00,10,20,295,22,10,$0.065,$1.30,$22.72,$454.30,$2.27,$6.27,1254.3,,,,
350,Entregado,4/16/2026,6/16/2026,CONTENEDOR LOS ANGELES,MASS2490,"PANEL DE MOSAICO AZULEJO 29CM*22,9CM*1MM PDD004","1,000.00",$0.60,250,4,31,31,26,$0.025,$0.10,$8.75,$34.98,$0.03,$0.63,634.9804,,,,
350,Entregado,4/16/2026,6/16/2026,CONTENEDOR LOS ANGELES,MASS2488,"PANEL DE MOSAICO AZULEJO 29CM*22,9CM*1MM DZ023","1,000.00",$0.60,250,4,31,31,26,$0.025,$0.10,$8.75,$34.98,$0.03,$0.63,634.9804,,,,
350,Entregado,4/16/2026,6/16/2026,CONTENEDOR LOS ANGELES,MASS1328,PISO VINIL HHYM3018,100.00,$11.20,1,100,94,16,9,$0.014,$1.35,$4.74,$473.76,$4.74,$15.94,1593.76,,,,
350,Entregado,4/16/2026,6/16/2026,CONTENEDOR LOS ANGELES,MASS1407,WALL PANEL GRIS CLARO YC6001 290*168*23,280.00,$2.35,,,295,17.5,23,$0.119,,$41.56,,,,,,,,
350,Entregado,4/16/2026,6/16/2026,CONTENEDOR LOS ANGELES,MASS2477,"ROLLO PANEL DE PARED PIEDRA SUAVE AUTOHADESIVO 0,6 X 2,8M H Y R C 0 0 0 2 - 2",320.00,$3.80,16,20,62,46,46,$0.131,$2.62,$45.92,$918.34,$2.87,$6.67,2134.344,,,,
350,Entregado,4/16/2026,6/16/2026,CONTENEDOR LOS ANGELES,MASS2466,"PANELES PVC SEPARADORES DE AMBIENTES 5CM X 10CM X2,90M MARRON CLARO",125.00,$3.90,8,15.625,295,21,21,$0.130,$2.03,$45.53,$711.46,$5.69,$9.59,1198.957031,,,,
350,Entregado,4/16/2026,6/16/2026,CONTENEDOR LOS ANGELES,MASS2464,"PANELES PVC SEPARADORES DE AMBIENTES 5CM X 10CM X2,90M NEGRO",200.00,$3.90,8,25,295,21,21,$0.130,$3.25,$45.53,"$1,138.33",$5.69,$9.59,1918.33125,,,,
350,Entregado,4/16/2026,6/16/2026,CONTENEDOR LOS ANGELES,MASS2468,"PANELES PVC SEPARADORES DE AMBIENTES 5CM X 10CM X2,90M BLANCO",125.00,$3.90,8,15.625,295,21,21,$0.130,$2.03,$45.53,$711.46,$5.69,$9.59,1198.957031,,,,
350,Entregado,4/16/2026,6/16/2026,CONTENEDOR LOS ANGELES,MASS2470,TECHO PVC DE 3 PIEZAS MACHIMBRADO HYYC010 21CMX9CMX2900MM,300.00,$4.00,10,30,295,22,10,$0.065,$1.95,$22.72,$681.45,$2.27,$6.27,1881.45,,,,
350,Entregado,4/16/2026,6/16/2026,CONTENEDOR LOS ANGELES,MASS2480,"ROLLO PANEL DE PARED PIEDRA SUAVE AUTOHADESIVO 0,6 X 2,8M H Y R C 0 0 0 5 - 3",160.00,$3.80,16,10,62,46,46,$0.131,$1.31,$45.92,$459.17,$2.87,$6.67,1067.172,,,,
350,Entregado,4/16/2026,6/16/2026,CONTENEDOR LOS ANGELES,MASS2476,"ROLLO PANEL DE PARED PIEDRA SUAVE AUTOHADESIVO 0,6 X 2,8M H Y R C 0 0 0 2 - 1 0",320.00,$3.80,16,20,62,46,46,$0.131,$2.62,$45.92,$918.34,$2.87,$6.67,2134.344,,,,
350,Entregado,4/16/2026,6/16/2026,CONTENEDOR LOS ANGELES,MASS1408,WALL PANEL MARRON CLARO 8882 290*168*23,322.00,$2.35,14,23,295,17.5,23,$0.119,$2.73,$41.56,$955.84,$2.97,$5.32,1712.536875,,,,
350,Entregado,4/16/2026,6/16/2026,CONTENEDOR LOS ANGELES,MASS2472,TECHOPVC DE 3 PIEZAS MACHIMBRADO HYYC014 21CMX9CMX2900MM,300.00,$4.00,10,30,295,22,10,$0.065,$1.95,$22.72,$681.45,$2.27,$6.27,1881.45,,,,
350,Entregado,4/16/2026,6/16/2026,CONTENEDOR LOS ANGELES,MASS2123,"LAMINA DE PVC MARMOLIZADA HYDY2001 2,44 M X 1,22M DE 3MM",151.00,$11.50,1,151,244,122,0.45,$0.013,$2.02,$4.69,$707.96,$4.69,$16.19,2444.45746,,,,
350,Entregado,4/16/2026,6/16/2026,CONTENEDOR LOS ANGELES,MASS2478,"ROLLO PANEL DE PARED PIEDRA SUAVE AUTOHADESIVO 0,6 X 2,8M H Y R C 0 0 0 5 - 1",240.00,$3.80,16,15,62,46,46,$0.131,$1.97,$45.92,$688.76,$2.87,$6.67,1600.758,,,,
350,Entregado,4/16/2026,6/16/2026,CONTENEDOR LOS ANGELES,MASS1743,WALL PANEL HYYC073 BLANCO,364.00,$2.35,14,26,295,17.5,23,$0.119,$3.09,$41.56,"$1,080.51",$2.97,$5.32,1935.91125,,,,
350,Entregado,4/16/2026,6/16/2026,CONTENEDOR LOS ANGELES,MASS2134,ROLLO DE ESPUMA 3D AUTOADHESIVA JQ-3403 40 CM X 3M DE 3MM,450.00,$3.70,30,15,74,62,42,$0.193,$2.89,$67.44,"$1,011.65",$2.25,$5.95,2676.654,,,,
350,Entregado,4/16/2026,6/16/2026,CONTENEDOR LOS ANGELES,MASS2469,ACCESORIO PARA GIRAR,"2,160.00",$0.65,270,8,45,35,30,$0.047,$0.38,$16.54,$132.30,$0.06,$0.71,1536.3,,,,
350,Entregado,4/16/2026,6/16/2026,CONTENEDOR LOS ANGELES,MASS2483,"PANEL DE MOSAICO AZULEJO 29CM*22,9CM*1MM YJC0177","1,000.00",$0.60,250,4,31,31,26,$0.025,$0.10,$8.75,$34.98,$0.03,$0.63,634.9804,,,,
350,Entregado,4/16/2026,6/16/2026,CONTENEDOR LOS ANGELES,MASS2487,"PANEL DE MOSAICO AZULEJO 29CM*22,9CM*1MM DZ022","1,000.00",$0.60,250,4,31,31,26,$0.025,$0.10,$8.75,$34.98,$0.03,$0.63,634.9804,,,,
350,Entregado,4/16/2026,6/16/2026,CONTENEDOR LOS ANGELES,MASS2484,"PANEL DE MOSAICO AZULEJO 29CM*22,9CM*1MM YJC0178","1,000.00",$0.60,250,4,31,31,26,$0.025,$0.10,$8.75,$34.98,$0.03,$0.63,634.9804,,,,
350,Entregado,4/16/2026,6/16/2026,CONTENEDOR LOS ANGELES,MASS1402,PISO VINIL HHYM3013,100.00,$11.20,1,100,94,16,9,$0.014,$1.35,$4.74,$473.76,$4.74,$15.94,1593.76,,,,
350,Entregado,4/16/2026,6/16/2026,CONTENEDOR LOS ANGELES,MASS2492,"PANEL DE MOSAICO AZULEJO 29CM*22,9CM*1MM PDD003","1,000.00",$0.60,250,4,31,31,26,$0.025,$0.10,$8.75,$34.98,$0.03,$0.63,634.9804,,,,
350,Entregado,4/16/2026,6/16/2026,CONTENEDOR LOS ANGELES,MASS2475,"ROLLO PANEL DE PARED PIEDRA SUAVE AUTOHADESIVO 0,6 X 2,8M H Y R C 0 0 0 2 - 3",320.00,$3.80,16,20,62,46,46,$0.131,$2.62,$45.92,$918.34,$2.87,$6.67,2134.344,,,,
350,Entregado,4/16/2026,6/16/2026,CONTENEDOR LOS ANGELES,MASS2479,"ROLLO PANEL DE PARED PIEDRA SUAVE AUTOHADESIVO 0,6 X 2,8M H Y R C 0 0 0 5 - 2",240.00,$3.80,16,15,62,46,46,$0.131,$1.97,$45.92,$688.76,$2.87,$6.67,1600.758,,,,
350,Entregado,4/16/2026,6/16/2026,CONTENEDOR LOS ANGELES,MASS2124,"LAMINA DE PVC MARMOLIZADA HYDY2002 2,44 M X 1,22M DE 3MM",49.00,$11.50,1,49,244,122,0.45,$0.013,$0.66,$4.69,$229.73,$4.69,$16.19,793.23454,,,,
350,Entregado,4/16/2026,6/16/2026,CONTENEDOR LOS ANGELES,MASS2491,"PANEL DE MOSAICO AZULEJO 29CM*22,9CM*1MM YJC0246","1,000.00",$0.60,250,4,31,31,26,$0.025,$0.10,$8.75,$34.98,$0.03,$0.63,634.9804,,,,
350,Entregado,4/16/2026,6/16/2026,CONTENEDOR LOS ANGELES,MASS2126,"LAMINA DE PVC MARMOLIZADA HYLJ80007T 2,44 M X 1,22M DE 3MM",100.00,$11.50,1,100,244,122,0.45,$0.013,$1.34,$4.69,$468.85,$4.69,$16.19,1618.846,,,,
350,Entregado,4/16/2026,6/16/2026,CONTENEDOR LOS ANGELES,MASS2482,ROLLO DE ESPUMA 3D AUTOADHESIVA JQ-3472-3Y4 40 CM X 3M DE 3MM,300.00,$3.70,30,10,74,62,42,$0.193,$1.93,$67.44,$674.44,$2.25,$5.95,1784.436,,,,
350,Entregado,4/16/2026,6/16/2026,CONTENEDOR LOS ANGELES,MASS1410,WALL PANEL YC101 NEGRO,504.00,$2.35,14,36,295,17.5,23,$0.119,$4.27,$41.56,"$1,496.09",$2.97,$5.32,2680.4925,,,,
350,Entregado,4/16/2026,6/16/2026,CONTENEDOR LOS ANGELES,MASS2486,"PANEL DE MOSAICO AZULEJO 29CM*22,9CM*1MM YJCO203","1,000.00",$0.60,250,4,31,31,26,$0.025,$0.10,$8.75,$34.98,$0.03,$0.63,634.9804,,,,
350,Entregado,4/16/2026,6/16/2026,CONTENEDOR LOS ANGELES,MASS2471,TECHO PVC DE 3 PIEZAS MACHIMBRADO HYYC013 21CMX9CMX2900MM,300.00,$4.00,10,30,295,22,10,$0.065,$1.95,$22.72,$681.45,$2.27,$6.27,1881.45,,,,
350,Entregado,4/16/2026,6/16/2026,CONTENEDOR LOS ANGELES,MASS1777,WALL PANEL HYYC045 GRIS OSCURO,420.00,$2.35,14,30,295,17.5,23,$0.119,$3.56,$41.56,"$1,246.74",$2.97,$5.32,2233.74375,,,,
350,Entregado,4/11/2026,6/19/2026,REVESTIMIENTO POSITANO,MASS1745,ROLLO PANEL DECORATIVO BD871,250.00,$1.60,,,32,,62,,,,,,,,,,,
350,Entregado,4/11/2026,6/19/2026,REVESTIMIENTO POSITANO,MASS2602,FLAT WALL PANEL LISO 053 MARRON CLARO 400*9*2900MM,144.00,$5.50,9,16,295,4.2,8.5,$0.011,$0.17,$3.69,$58.98,$0.41,$5.91,850.9764,,,,
350,Entregado,4/11/2026,6/19/2026,REVESTIMIENTO POSITANO,MASS2133,ROLLO DE ESPUMA 3D AUTOADHESIVA JQ-3403-5Y49 40 CM X 3M DE 3MM,150.00,$3.70,30,5,74,,42,,,,,,,,,,,
350,Entregado,4/11/2026,6/19/2026,REVESTIMIENTO POSITANO,MASS2600,FLAT WALL PANEL LISO 089 GRIS CLARO 400*9*2900MM,234.00,$5.50,9,26,295,42,8.5,$0.105,$2.74,$36.86,$958.37,$4.10,$9.60,2245.3665,,,,
350,Entregado,4/11/2026,6/19/2026,REVESTIMIENTO POSITANO,MASS2140,ROLLO PANEL DECORATIVO BD1137,250.00,$1.60,,,32,,62,,,,,,,,,,,
350,Entregado,4/11/2026,6/19/2026,REVESTIMIENTO POSITANO,MASS1747,ROLLO PANEL DECORATIVO BD771,250.00,$1.60,,,32,,62,,,,,,,,,,,
350,Entregado,4/11/2026,6/19/2026,REVESTIMIENTO POSITANO,MASS2599,FLAT WALL PANEL LISO 080 GRIS OSCURO 400*9*2900MM,234.00,$5.50,9,26,295,42,8.5,$0.105,$2.74,$36.86,$958.37,$4.10,$9.60,2245.3665,,,,
350,Entregado,4/11/2026,6/19/2026,REVESTIMIENTO POSITANO,MASS2601,FLAT WALL PANEL LISO 015 MADERA 400*9*2900MM,234.00,$5.50,9,26,295,42,8.5,$0.105,$2.74,$36.86,$958.37,$4.10,$9.60,2245.3665,,,,
350,Entregado,4/11/2026,6/19/2026,REVESTIMIENTO POSITANO,MASS2141,ROLLO PANEL DECORATIVO BD1135,250.00,$1.60,,,32,,62,,,,,,,,,,,
350,Entregado,4/11/2026,6/19/2026,REVESTIMIENTO POSITANO,MASS2138,ROLLO DE ESPUMA 3D AUTOADHESIVA JQ-3472-1Y4 40 CM X 3M DE 3MM,150.00,$3.70,30,5,74,,42,,,,,,,,,,,
350,Entregado,4/11/2026,6/19/2026,REVESTIMIENTO POSITANO,MASS2465,"PANELES PVC SEPARADORES DE AMBIENTES 5CM X 10CM X2,90M GRIS",96.00,$3.90,8,12,,,,,,,,,,,,,,
350,Entregado,4/11/2026,6/19/2026,REVESTIMIENTO POSITANO,MASS2137,ROLLO DE ESPUMA 3D AUTOADHESIVA JQ-3481-1Y12 40 CM X 3M DE 3MM,150.00,$3.70,30,5,74,,42,,,,,,,,,,,
350,Entregado,4/11/2026,6/19/2026,REVESTIMIENTO POSITANO,MASS2466,"PANELES PVC SEPARADORES DE AMBIENTES 5CM X 10CM X2,90M MARRON CLARO",96.00,$3.90,8,12,,,,,,,,,,,,,,
350,Entregado,4/11/2026,6/19/2026,REVESTIMIENTO POSITANO,MASS2475,"ROLLO PANEL DE PARED PIEDRA SUAVE AUTOHADESIVO 0,6 X 2,8M H Y R C 0 0 0 2 - 3",288.00,$3.80,16,18,,,,,,,,,,,,,,
350,Entregado,4/11/2026,6/19/2026,REVESTIMIENTO POSITANO,MASS2477,"ROLLO PANEL DE PARED PIEDRA SUAVE AUTOHADESIVO 0,6 X 2,8M H Y R C 0 0 0 2 - 2",288.00,$3.80,16,18,,,,,,,,,,,,,,
350,Entregado,4/11/2026,6/19/2026,REVESTIMIENTO POSITANO,MASS1746,ROLLO PANEL DECORATIVO BD928,250.00,$1.60,,,32,,62,,,,,,,,,,,
350,Entregado,4/11/2026,6/19/2026,REVESTIMIENTO POSITANO,MASS2471,TECHO PVC DE 3 PIEZAS MACHIMBRADO HYYC013 21CMX9CMX2900MM,180.00,$4.00,10,18,,,,,,,,,,,,,,
350,Entregado,4/11/2026,6/19/2026,REVESTIMIENTO POSITANO,MASS2392,"ROLLO PANEL DECORATIVO JQ-KB-3403-2 1,2m x 30m",100.00,$4.50,10,10,122,,31,,,,,,,,,,,
350,Entregado,4/11/2026,6/19/2026,REVESTIMIENTO POSITANO,MASS2394,"ROLLO PANEL DECORATIVO JQ-YP-117 1,2m x 30m",100.00,$4.50,10,10,122,,31,,,,,,,,,,,
350,Entregado,4/11/2026,6/19/2026,REVESTIMIENTO POSITANO,MASS2470,TECHO PVC DE 3 PIEZAS MACHIMBRADO HYYC010 21CMX9CMX2900MM,180.00,$4.00,10,18,,,,,,,,,,,,,,
350,Entregado,4/11/2026,6/19/2026,REVESTIMIENTO POSITANO,MASS2130,ROLLO DE ESPUMA 3D AUTOADHESIVA JQ-3129-4Y6 40 CM X 3M DE 3MM,150.00,$3.70,30,5,74,,42,,,,,,,,,,,
350,Entregado,4/11/2026,6/19/2026,REVESTIMIENTO POSITANO,MASS2464,"PANELES PVC SEPARADORES DE AMBIENTES 5CM X 10CM X2,90M NEGRO",120.00,$3.90,8,15,,,,,,,,,,,,,,
350,Entregado,4/11/2026,6/19/2026,REVESTIMIENTO POSITANO,MASS2139,ROLLO DE ESPUMA 3D AUTOADHESIVA JQ-3403-2 40 CM X 3M DE 3MM,210.00,$3.70,30,7,74,,42,,,,,,,,,,,
350,Entregado,4/11/2026,6/19/2026,REVESTIMIENTO POSITANO,MASS1839,"ROLLO PANEL DECORATIVO JQ-H-002 1,2m x 3m",100.00,$4.50,10,10,122,,31,,,,,,,,,,,
350,Entregado,4/11/2026,6/19/2026,REVESTIMIENTO POSITANO,MASS2134,ROLLO DE ESPUMA 3D AUTOADHESIVA JQ-3403-Y13 40 CM X 3M DE 3MM,150.00,$3.70,30,5,74,,42,,,,,,,,,,,
350,Entregado,4/11/2026,6/19/2026,REVESTIMIENTO POSITANO,MASS2472,TECHOPVC DE 3 PIEZAS MACHIMBRADO HYYC014 21CMX9CMX2900MM,180.00,$4.00,10,18,,,,,,,,,,,,,,
350,Entregado,4/11/2026,6/19/2026,REVESTIMIENTO POSITANO,MASS2396,ROLLO DE ESPUMA 3D AUTOADHESIVA JQ-3472-4Y4 40 CM X 3M DE 3MM,150.00,$3.70,30,5,74,,42,,,,,,,,,,,
350,Entregado,4/11/2026,6/19/2026,REVESTIMIENTO POSITANO,MASS1843,"ROLLO PANEL DECORATIVO JQ-YP-164
1,2m x 3m",100.00,$4.50,10,10,122,,31,,,,,,,,,,,
350,Entregado,4/11/2026,6/19/2026,REVESTIMIENTO POSITANO,MASS2473,TECHO PVC DE 3 PIEZAS MACHIMBRADO HYYC017 21CMX9CMX2900MM,180.00,$4.00,10,18,,,,,,,,,,,,,,
350,Entregado,4/11/2026,6/19/2026,REVESTIMIENTO POSITANO,MASS2135,ROLLO DE ESPUMA 3D AUTOADHESIVA JQ-3403-3 40 CM X 3M DE 3MM,150.00,$3.70,30,5,74,,42,,,,,,,,,,,
350,Entregado,4/11/2026,6/19/2026,REVESTIMIENTO POSITANO,MASS2393,"ROLLO PANEL DECORATIVO JQ-YSZ-3755 1,2m x 30m",100.00,$4.50,10,10,122,,31,,,,,,,,,,,
350,Entregado,4/11/2026,6/19/2026,REVESTIMIENTO POSITANO,MASS2395,"ROLLO PANEL DECORATIVO JQ-YP-158 1,2m x 30m",100.00,$4.50,10,10,122,,31,,,,,,,,,,,
350,Entregado,4/11/2026,6/19/2026,REVESTIMIENTO POSITANO,MASS1841,"ROLLO PANEL DECORATIVO JQ-YP-160 1,2m x 3m",100.00,$4.50,10,10,122,,31,,,,,,,,,,,
350,Entregado,4/11/2026,6/19/2026,REVESTIMIENTO POSITANO,MASS2397,ROLLO DE ESPUMA 3D AUTOADHESIVA JQ-372Y4 40 CM X 3M DE 3MM,150.00,$3.70,30,5,74,,42,,,,,,,,,,,
350,Entregado,4/11/2026,6/19/2026,REVESTIMIENTO POSITANO,MASS1836,"ROLLO PANEL DECORATIVO JQ-90527D1 1,2m x 3m",100.00,$4.50,10,10,122,,31,,,,,,,,,,,
350,Entregado,4/11/2026,6/19/2026,REVESTIMIENTO POSITANO,MASS2598,FLAT WALL PANEL LISO HYC032 MARRON OSCURO 400*9*2900MM,144.00,$5.50,9,16,295,42,8.5,$0.105,$1.69,$36.86,$589.76,$4.10,$9.60,1381.764,,,,
350,Entregado,4/11/2026,6/19/2026,REVESTIMIENTO POSITANO,MASS2131,ROLLO DE ESPUMA 3D AUTOADHESIVA JQ-3103-1Y13 40 CM X 3M DE 3MM,150.00,$3.70,30,5,74,,42,,,,,,,,,,,
350,Entregado,4/11/2026,6/19/2026,REVESTIMIENTO POSITANO,MASS2478,"ROLLO PANEL DE PARED PIEDRA SUAVE AUTOHADESIVO 0,6 X 2,8M H Y R C 0 0 0 5 - 1",288.00,$3.80,16,18,,,,,,,,,,,,,,
350,Entregado,4/11/2026,6/19/2026,REVESTIMIENTO POSITANO,MASS2142,ROLLO PANEL DECORATIVO BD1121,250.00,$1.60,,,32,,62,,,,,,,,,,,
350,Entregado,4/11/2026,6/19/2026,REVESTIMIENTO POSITANO,MASS2129,"ROLLO PANEL DECORATIVO JQ-YP-165 1,2m x 30m",100.00,$4.50,10,10,122,,31,,,,,,,,,,,
350,Entregado,4/11/2026,6/19/2026,REVESTIMIENTO POSITANO,MASS1838,"ROLLO PANEL DECORATIVO JQ-F014 1,2m x 3m",100.00,$4.50,10,10,122,,31,,,,,,,,,,,
350,Entregado,4/11/2026,6/19/2026,REVESTIMIENTO POSITANO,MASS1840,"ROLLO PANEL DECORATIVO JQ-YP-03 1,2m x 3m",100.00,$4.50,10,10,122,,31,,,,,,,,,,,
350,Entregado,4/11/2026,6/19/2026,REVESTIMIENTO POSITANO,MASS2468,"PANELES PVC SEPARADORES DE AMBIENTES 5CM X 10CM X2,90M BLANCO",96.00,$3.90,8,12,,,,,,,,,,,,,,
350,Entregado,4/11/2026,6/19/2026,REVESTIMIENTO POSITANO,MASS2467,"PANELES PVC SEPARADORES DE AMBIENTES 5CM X 10CM X2,90M GRIS OSCURO",96.00,$3.90,8,12,,,,,,,,,,,,,,
350,Entregado,4/11/2026,6/19/2026,REVESTIMIENTO POSITANO,MASS2126,"LAMINA DE PVC MARMOLIZADA HYLJ80007T 2,44 M X 1,22M DE 3MM",295.00,$11.50,1,295,,,,,,,,,,,,,,
350,Entregado,4/11/2026,6/19/2026,REVESTIMIENTO POSITANO,MASS2469,ACCESORIO PARA GIRAR,"1,080.00",$0.65,270,4,,,,,,,,,,,,,,
350,Entregado,4/11/2026,6/19/2026,REVESTIMIENTO POSITANO,MASS2479,"ROLLO PANEL DE PARED PIEDRA SUAVE AUTOHADESIVO 0,6 X 2,8M H Y R C 0 0 0 5 - 2",288.00,$3.80,16,18,,,,,,,,,,,,,,
350,Entregado,4/11/2026,6/19/2026,REVESTIMIENTO POSITANO,MASS1842,"ROLLO PANEL DECORATIVO JQ-YP-162 1,2m x 3m",100.00,$4.50,10,10,122,,31,,,,,,,,,,,
350,Entregado,4/11/2026,6/19/2026,REVESTIMIENTO POSITANO,MASS2480,"ROLLO PANEL DE PARED PIEDRA SUAVE AUTOHADESIVO 0,6 X 2,8M H Y R C 0 0 0 5 - 3",144.00,$3.80,16,9,,,,,,,,,,,,,,
350,Entregado,4/11/2026,6/19/2026,REVESTIMIENTO POSITANO,MASS2476,"ROLLO PANEL DE PARED PIEDRA SUAVE AUTOHADESIVO 0,6 X 2,8M H Y R C 0 0 0 2 - 1 0",288.00,$3.80,16,18,,,,,,,,,,,,,,
350,Entregado,4/11/2026,6/19/2026,REVESTIMIENTO POSITANO,MASS2700,FLAT WALL PANEL LISO BLANCO 400*9*2900MM,,,,,,,,,,,,,,,,,,
350,Entregado,4/11/2026,6/19/2026,REVESTIMIENTO POSITANO,MASS2136,ROLLO DE ESPUMA 3D AUTOADHESIVA JQ-3403-6Y49 40 CM X 3M DE 3MM,150.00,$3.70,30,5,74,,42,,,,,,,,,,,
350,Entregado,4/11/2026,6/19/2026,REVESTIMIENTO POSITANO,MASS2474,TECHO PVC DE 3 PIEZAS MACHIMBRADO HYYC032 21CMX9CMX2900MM,180.00,$4.00,10,18,,,,,,,,,,,,,,
350,Entregado,4/11/2026,6/19/2026,REVESTIMIENTO POSITANO,MASS1837,"ROLLO PANEL DECORATIVO JQ-F-008 1,2m x 3m",100.00,$4.50,10,10,122,,31,,,,,,,,,,,
350,Entregado,4/11/2026,6/19/2026,REVESTIMIENTO POSITANO,MASS2391,"ROLLO PANEL DECORATIVO JQ-H-047 1,2m x 30m",100.00,$4.50,10,10,122,,31,,,,,,,,,,,
0,Entregado,4/9/2026,,CONTENEDOR REVESTIMIENTO CHINO,MASS3045,PERFIL INTERNO CHINO NEGRO Y BLANCO HL-Z-UNI-6-B 2CM*2CM*2.9M COLOR 1192,640.00,$1.67,80,8,,,,,,,,,,,,,,
0,Entregado,4/9/2026,,CONTENEDOR REVESTIMIENTO CHINO,MASS3042,PERFIL INTERNO CHINO GRIS OSCURO HL-Z-UNI-3-B 2CM*2CM*2.9M COLOR 62101,640.00,$1.67,80,8,,,,,,,,,,,,,,
0,Entregado,4/9/2026,,CONTENEDOR REVESTIMIENTO CHINO,MASS3046,PERFIL INTERNO CHINO MARRON OSCURO HL-Z-UNI-7-B 2CM*2CM*2.9M COLOR 60160,640.00,$1.67,80,8,,,,,,,,,,,,,,
0,Entregado,4/9/2026,,CONTENEDOR REVESTIMIENTO CHINO,MASS3061,SILICON PARA WALL PANEL CHINO,"1,600.00",$2.10,20,80,,,,,,,,,,,,,,
0,Entregado,4/9/2026,,CONTENEDOR REVESTIMIENTO CHINO,MASS3009,"WALL PANEL CHINO PEQUEÑO COBRIZO HL-Z-150-10-A 15CM*1,7CM*2,9M COLOR 1015",200.00,$4.74,10,20,,,,,,,,,,,,,,
0,Entregado,4/9/2026,,CONTENEDOR REVESTIMIENTO CHINO,MASS3004,"WALL PANEL CHINO PEQUEÑO GRIS Y BLANCO HL-Z-150-5-A 15CM*1,7CM*2,9M COLOR 96063-2",200.00,$4.74,10,20,,,,,,,,,,,,,,
0,Entregado,4/9/2026,,CONTENEDOR REVESTIMIENTO CHINO,MASS3000,"WALL PANEL CHINO PEQUEÑO NEGRO HL-Z-150-1-A 15CM*1,7CM*2,9M COLOR 1005",200.00,$4.74,10,20,,,,,,,,,,,,,,
0,Entregado,4/9/2026,,CONTENEDOR REVESTIMIENTO CHINO,MASS3003,"WALL PANEL CHINO PEQUEÑO BLANCO Y NARANJA HL-Z-150-4-A 15CM*1,7CM*2,9M COLOR DFX882-14",200.00,$4.74,10,20,,,,,,,,,,,,,,
0,Entregado,4/9/2026,,CONTENEDOR REVESTIMIENTO CHINO,MASS3040,PERFIL INTERNO CHINO NEGRO HL-Z-UNI-1-B 2CM*2CM*2.9M COLOR 1005,640.00,$1.67,80,8,,,,,,,,,,,,,,
0,Entregado,4/9/2026,,CONTENEDOR REVESTIMIENTO CHINO,MASS3012,"WALL PANEL CHINO ONDULADO GRIS OSCURO HL-Z-Y154-3-A 15,4CM*1,75CM*2,9M COLOR 62101",200.00,$5.62,10,20,,,,,,,,,,,,,,
0,Entregado,4/9/2026,,CONTENEDOR REVESTIMIENTO CHINO,MASS3052,PERFIL EXTERNO CHINO GRIS OSCURO HL-Z-UNI-3-C 2CM*2CM*2.9M COLOR 62101,560.00,$1.10,70,8,,,,,,,,,,,,,,
0,Entregado,4/9/2026,,CONTENEDOR REVESTIMIENTO CHINO,MASS3013,"WALL PANEL CHINO ONDULADO BLANCO Y NARANJA HL-Z-Y154-4-A 15,4CM*1,75CM*2,9M COLOR DFX882-14",200.00,$5.62,10,20,,,,,,,,,,,,,,
0,Entregado,4/9/2026,,CONTENEDOR REVESTIMIENTO CHINO,MASS3021,"WALL PANEL CHINO GRANDE BLANCO HL-Z-159-2-A 16CM*2,3CM*2,9M COLOR 1006",200.00,$5.77,10,20,,,,,,,,,,,,,,
0,Entregado,4/9/2026,,CONTENEDOR REVESTIMIENTO CHINO,MASS3028,"WALL PANEL CHINO GRANDE MARRON CLARO HL-Z-159-9-A 16CM*2,3CM*2,9M COLOR 2030",200.00,$5.77,10,20,,,,,,,,,,,,,,
0,Entregado,4/9/2026,,CONTENEDOR REVESTIMIENTO CHINO,MASS3029,"WALL PANEL CHINO GRANDE COBRIZO HL-Z-159-10-A 16CM*2,3CM*2,9M COLOR 1015",200.00,$5.77,10,20,,,,,,,,,,,,,,
0,Entregado,4/9/2026,,CONTENEDOR REVESTIMIENTO CHINO,MASS3027,"WALL PANEL CHINO GRANDE MARRON HL-Z-159-8-A 16CM*2,3CM*2,9M COLOR 1011",200.00,$5.77,10,20,,,,,,,,,,,,,,
0,Entregado,4/9/2026,,CONTENEDOR REVESTIMIENTO CHINO,MASS3055,PERFIL EXTERNO CHINO NEGRO Y BLANCO HL-Z-UNI-6-C 2CM*2CM*2.9M COLOR 1192,560.00,$1.10,70,8,,,,,,,,,,,,,,
0,Entregado,4/9/2026,,CONTENEDOR REVESTIMIENTO CHINO,MASS3023,"WALL PANEL CHINO GRANDE BLANCO Y NARANJA HL-Z-159-4-A 16CM*2,3CM*2,9M COLOR DFX882-14",200.00,$5.77,10,20,,,,,,,,,,,,,,
0,Entregado,4/9/2026,,CONTENEDOR REVESTIMIENTO CHINO,MASS3060,CLIPS PARA WALL PANEL CHINO,"25,000.00",$0.03,5000,5,,,,,,,,,,,,,,
0,Entregado,4/9/2026,,CONTENEDOR REVESTIMIENTO CHINO,,PRODUCTOS NUEVOS,,,,,,,,,,,,,,,,,,
0,Entregado,4/9/2026,,CONTENEDOR REVESTIMIENTO CHINO,MASS3044,PERFIL INTERNO CHINO GRIS Y BLANCO HL-Z-UNI-5-B 2CM*2CM*2.9M COLOR 96063-2,640.00,$1.67,80,8,,,,,,,,,,,,,,
0,Entregado,4/9/2026,,CONTENEDOR REVESTIMIENTO CHINO,MASS3006,"WALL PANEL CHINO PEQUEÑO MARRON OSCURO HL-Z-150-7-A 15CM*1,7CM*2,9M COLOR 60160",200.00,$4.74,10,20,,,,,,,,,,,,,,
0,Entregado,4/9/2026,,CONTENEDOR REVESTIMIENTO CHINO,MASS3008,"WALL PANEL CHINO PEQUEÑO MARRON CLARO HL-Z-150-9-A 15CM*1,7CM*2,9M COLOR 2030",200.00,$4.74,10,20,,,,,,,,,,,,,,
0,Entregado,4/9/2026,,CONTENEDOR REVESTIMIENTO CHINO,MASS3010,"WALL PANEL CHINO ONDULADO NEGRO HL-Z-Y154-1-A 15,4CM*1,75CM*2,9M COLOR 1005",200.00,$5.62,10,20,,,,,,,,,,,,,,
0,Entregado,4/9/2026,,CONTENEDOR REVESTIMIENTO CHINO,MASS3002,"WALL PANEL CHINO PEQUEÑO GRIS OSCURO HL-Z-150-3-A 15CM*1,7CM*2,9M COLOR 62101",200.00,$4.74,10,20,,,,,,,,,,,,,,
0,Entregado,4/9/2026,,CONTENEDOR REVESTIMIENTO CHINO,MASS3020,"WALL PANEL CHINO GRANDE NEGRO HL-Z-159-1-A 16CM*2,3CM*2,9M COLOR 1005",200.00,$5.77,10,20,,,,,,,,,,,,,,
0,Entregado,4/9/2026,,CONTENEDOR REVESTIMIENTO CHINO,MASS3051,PERFIL EXTERNO CHINO BLANCO HL-Z-UNI-2-C 2CM*2CM*2.9M COLOR 1006,560.00,$1.10,70,8,,,,,,,,,,,,,,
0,Entregado,4/9/2026,,CONTENEDOR REVESTIMIENTO CHINO,MASS3014,"WALL PANEL CHINO ONDULADO GRIS Y BLANCO HL-Z-Y154-5-A 15,4CM*1,75CM*2,9M COLOR 96063-2",200.00,$5.62,10,20,,,,,,,,,,,,,,
0,Entregado,4/9/2026,,CONTENEDOR REVESTIMIENTO CHINO,MASS3025,"WALL PANEL CHINO GRANDE NEGRO Y BLANCO HL-Z-159-6-A 16CM*2,3CM*2,9M COLOR 1192",200.00,$5.77,10,20,,,,,,,,,,,,,,
0,Entregado,4/9/2026,,CONTENEDOR REVESTIMIENTO CHINO,MASS3016,"WALL PANEL CHINO ONDULADO MARRON OSCURO HL-Z-Y154-7-A 15,4CM*1,75CM*2,9M COLOR 60160",200.00,$5.62,10,20,,,,,,,,,,,,,,
0,Entregado,4/9/2026,,CONTENEDOR REVESTIMIENTO CHINO,MASS3015,"WALL PANEL CHINO ONDULADO NEGRO Y BLANCO HL-Z-Y154-6-A 15,4CM*1,75CM*2,9M COLOR 1192",200.00,$5.62,10,20,,,,,,,,,,,,,,
0,Entregado,4/9/2026,,CONTENEDOR REVESTIMIENTO CHINO,MASS3019,"WALL PANEL CHINO ONDULADO COBRIZO HL-Z-Y154-10-A 15,4CM*1,75CM*2,9M COLOR 1015",200.00,$5.62,10,20,,,,,,,,,,,,,,
0,Entregado,4/9/2026,,CONTENEDOR REVESTIMIENTO CHINO,MASS3057,PERFIL EXTERNO CHINO MARRON HL-Z-UNI-8-C 2CM*2CM*2.9M COLOR 1011,560.00,$1.10,70,8,,,,,,,,,,,,,,
0,Entregado,4/9/2026,,CONTENEDOR REVESTIMIENTO CHINO,MASS3024,"WALL PANEL CHINO GRANDE GRIS Y BLANCO HL-Z-159-5-A 16CM*2,3CM*2,9M COLOR 96063-2",200.00,$5.77,10,20,,,,,,,,,,,,,,
0,Entregado,4/9/2026,,CONTENEDOR REVESTIMIENTO CHINO,MASS3022,"WALL PANEL CHINO GRANDE GRIS OSCURO HL-Z-159-3-A 16CM*2,3CM*2,9M COLOR 62101",200.00,$5.77,10,20,,,,,,,,,,,,,,
0,Entregado,4/9/2026,,CONTENEDOR REVESTIMIENTO CHINO,MASS3018,"WALL PANEL CHINO ONDULADO MARRON CLARO HL-Z-Y154-9-A 15,4CM*1,75CM*2,9M COLOR 2030",200.00,$5.62,10,20,,,,,,,,,,,,,,
0,Entregado,4/9/2026,,CONTENEDOR REVESTIMIENTO CHINO,MASS3053,PERFIL EXTERNO CHINO BLANCO Y NARANJA HL-Z-UNI-4-C 2CM*2CM*2.9M COLOR DFX882-14,560.00,$1.10,70,8,,,,,,,,,,,,,,
0,Entregado,4/9/2026,,CONTENEDOR REVESTIMIENTO CHINO,MASS3026,"WALL PANEL CHINO GRANDE MARRON OSCURO HL-Z-159-7-A 16CM*2,3CM*2,9M COLOR 60160",200.00,$5.77,10,20,,,,,,,,,,,,,,
0,Entregado,4/9/2026,,CONTENEDOR REVESTIMIENTO CHINO,MASS3011,"WALL PANEL CHINO ONDULADO BLANCO HL-Z-Y154-2-A 15,4CM*1,75CM*2,9M COLOR 1006",200.00,$5.62,10,20,,,,,,,,,,,,,,
0,Entregado,4/9/2026,,CONTENEDOR REVESTIMIENTO CHINO,MASS3041,PERFIL INTERNO CHINO BLANCO HL-Z-UNI-2-B 2CM*2CM*2.9M COLOR 1006,640.00,$1.67,80,8,,,,,,,,,,,,,,
0,Entregado,4/9/2026,,CONTENEDOR REVESTIMIENTO CHINO,MASS3030,"WALL PANEL CHINO PLANO NEGRO HL-Z-199-1-A 19,9CM*1,15CM*2,9M COLOR 1005",320.00,$5.30,16,20,,,,,,,,,,,,,,
0,Entregado,4/9/2026,,CONTENEDOR REVESTIMIENTO CHINO,MASS3017,"WALL PANEL CHINO ONDULADO MARRON HL-Z-Y154-8-A 15,4CM*1,75CM*2,9M COLOR 1011",200.00,$5.62,10,20,,,,,,,,,,,,,,
0,Entregado,4/9/2026,,CONTENEDOR REVESTIMIENTO CHINO,MASS3031,"WALL PANEL CHINO PLANO BLANCO HL-Z-199-2-A 19,9CM*1,15CM*2,9M COLOR 1006",320.00,$5.30,16,20,,,,,,,,,,,,,,
0,Entregado,4/9/2026,,CONTENEDOR REVESTIMIENTO CHINO,MASS3034,"WALL PANEL CHINO PLANO GRIS Y BLANCO HL-Z-199-5-A 19,9CM*1,15CM*2,9M COLOR 96063-2",320.00,$5.30,16,20,,,,,,,,,,,,,,
0,Entregado,4/9/2026,,CONTENEDOR REVESTIMIENTO CHINO,MASS3038,"WALL PANEL CHINO PLANO MARRON CLARO HL-Z-199-9-A 19,9CM*1,15CM*2,9M COLOR 2030",320.00,$5.30,16,20,,,,,,,,,,,,,,
0,Entregado,4/9/2026,,CONTENEDOR REVESTIMIENTO CHINO,MASS3047,PERFIL INTERNO CHINO MARRON HL-Z-UNI-8-B 2CM*2CM*2.9M COLOR 1011,640.00,$1.67,80,8,,,,,,,,,,,,,,
0,Entregado,4/9/2026,,CONTENEDOR REVESTIMIENTO CHINO,MASS3001,"WALL PANEL CHINO PEQUEÑO BLANCO HL-Z-150-2-A 15CM*1,7CM*2,9M COLOR 1006",200.00,$4.74,10,20,,,,,,,,,,,,,,
0,Entregado,4/9/2026,,CONTENEDOR REVESTIMIENTO CHINO,MASS3048,PERFIL INTERNO CHINO MARRON CLARO HL-Z-UNI-9-B 2CM*2CM*2.9M COLOR 2030,640.00,$1.67,80,8,,,,,,,,,,,,,,
0,Entregado,4/9/2026,,CONTENEDOR REVESTIMIENTO CHINO,MASS3050,PERFIL EXTERNO CHINO NEGRO HL-Z-UNI-1-C 2CM*2CM*2.9M COLOR 1005,560.00,$1.10,70,8,,,,,,,,,,,,,,
0,Entregado,4/9/2026,,CONTENEDOR REVESTIMIENTO CHINO,MASS3054,PERFIL EXTERNO CHINO GRIS Y BLANCO HL-Z-UNI-5-C 2CM*2CM*2.9M COLOR 96063-2,560.00,$1.10,70,8,,,,,,,,,,,,,,
0,Entregado,4/9/2026,,CONTENEDOR REVESTIMIENTO CHINO,MASS3056,PERFIL EXTERNO CHINO MARRON OSCURO HL-Z-UNI-7-C 2CM*2CM*2.9M COLOR 60160,560.00,$1.10,70,8,,,,,,,,,,,,,,
0,Entregado,4/9/2026,,CONTENEDOR REVESTIMIENTO CHINO,MASS3058,PERFIL EXTERNO CHINO MARRON CLARO HL-Z-UNI-9-C 2CM*2CM*2.9M COLOR 2030,560.00,$1.10,70,8,,,,,,,,,,,,,,
0,Entregado,4/9/2026,,CONTENEDOR REVESTIMIENTO CHINO,MASS3032,"WALL PANEL CHINO PLANO GRIS OSCURO HL-Z-199-3-A 19,9CM*1,15CM*2,9M COLOR 62101",320.00,$5.30,16,20,,,,,,,,,,,,,,
0,Entregado,4/9/2026,,CONTENEDOR REVESTIMIENTO CHINO,MASS3049,PERFIL INTERNO CHINO COBRIZO HL-Z-UNI-10-B 2CM*2CM*2.9M COLOR 1015,640.00,$1.67,80,8,,,,,,,,,,,,,,
0,Entregado,4/9/2026,,CONTENEDOR REVESTIMIENTO CHINO,MASS3036,"WALL PANEL CHINO PLANO MARRON OSCURO HL-Z-199-7-A 19,9CM*1,15CM*2,9M COLOR 60160",320.00,$5.30,16,20,,,,,,,,,,,,,,
0,Entregado,4/9/2026,,CONTENEDOR REVESTIMIENTO CHINO,MASS3037,"WALL PANEL CHINO PLANO MARRON HL-Z-199-8-A 19,9CM*1,15CM*2,9M COLOR 1011",320.00,$5.30,16,20,,,,,,,,,,,,,,
0,Entregado,4/9/2026,,CONTENEDOR REVESTIMIENTO CHINO,MASS3039,"WALL PANEL CHINO PLANO COBRIZO HL-Z-199-10-A 19,9CM*1,15CM*2,9M COLOR 1015",320.00,$5.30,16,20,,,,,,,,,,,,,,
0,Entregado,4/9/2026,,CONTENEDOR REVESTIMIENTO CHINO,MASS3035,"WALL PANEL CHINO PLANO NEGRO Y BLANCO HL-Z-199-6-A 19,9CM*1,15CM*2,9M COLOR 1192",320.00,$5.30,16,20,,,,,,,,,,,,,,
0,Entregado,4/9/2026,,CONTENEDOR REVESTIMIENTO CHINO,MASS3043,PERFIL INTERNO CHINO BLANCO Y NARANJA HL-Z-UNI-4-B 2CM*2CM*2.9M COLOR DFX882-14,640.00,$1.67,80,8,,,,,,,,,,,,,,
0,Entregado,4/9/2026,,CONTENEDOR REVESTIMIENTO CHINO,MASS3007,"WALL PANEL CHINO PEQUEÑO MARRON HL-Z-150-8-A 15CM*1,7CM*2,9M COLOR 1011",200.00,$4.74,10,20,,,,,,,,,,,,,,
0,Entregado,4/9/2026,,CONTENEDOR REVESTIMIENTO CHINO,MASS3059,PERFIL EXTERNO CHINO COBRIZO HL-Z-UNI-10-C 2CM*2CM*2.9M COLOR 1015,560.00,$1.10,70,8,,,,,,,,,,,,,,
0,Entregado,4/9/2026,,CONTENEDOR REVESTIMIENTO CHINO,MASS3005,"WALL PANEL CHINO PEQUEÑO NEGRO Y BLANCO HL-Z-150-6-A 15CM*1,7CM*2,9M COLOR 1192",200.00,$4.74,10,20,,,,,,,,,,,,,,
0,Entregado,4/9/2026,,CONTENEDOR REVESTIMIENTO CHINO,MASS3033,"WALL PANEL CHINO PLANO BLANCO Y NARANJA HL-Z-199-4-A 19,9CM*1,15CM*2,9M COLOR DFX882-14",320.00,$5.30,16,20,,,,,,,,,,,,,,
0,Entregado,3/25/2026,5/22/2026,CONTENEDOR ESTANTES,MASS2603,ESTANTE METAL GALVANIZADO CON MDF 5 NIVELES AGORA 180*90*40CM,"2,600.00",$6.95,1,2600,,,,,,,,,,,,,,
0,Entregado,3/25/2026,5/22/2026,CONTENEDOR ESTANTES,MASS2604,ESTANTE PLASTICO NEGRO AGORA 178*60*30CM,100.00,$8.75,1,100,,,,,,,,,,,,,,
500,Entregado,3/25/2026,5/22/2026,CONTENEDOR ESTANTES,MASS2603,ESTANTE METAL GALVANIZADO CON MDF 5 NIVELES AGORA 180*90*40CM,"2,600.00",$6.95,1,2600,,,,,,,,,,,,,,
500,Entregado,3/25/2026,5/22/2026,CONTENEDOR ESTANTES,MASS2604,ESTANTE PLASTICO NEGRO AGORA 178*60*30CM,100.00,$8.75,1,100,,,,,,,,,,,,,,
370,Entregado,3/19/2026,5/13/2026,CONTENEDOR SILLA,MASS2304,SILLA EJECUTIVA 9050N OFICINA (160 und),160.00,$8.50,1,160,53,25,50,$0.066,$10.60,$24.51,"$3,922.00",$24.51,$33.01,5282,,,,
370,Entregado,3/19/2026,5/13/2026,CONTENEDOR SILLA,MASS2305,SILLA GAMER GM01 ROJO (20 und),210.00,$26.75,1,210,80,28,56,$0.125,$26.34,$46.41,"$9,746.69",$46.41,$73.16,15364.188,,,,
370,Entregado,3/19/2026,5/13/2026,CONTENEDOR SILLA,MASS2303,SILLA EJECUTIVA ERGONOMICA A6P (354 und),353.00,$9.59,1,353,53,25,50,$0.066,$23.39,$24.51,"$8,652.91",$24.51,$34.10,12038.1825,,,,
370,Entregado,3/19/2026,5/13/2026,CONTENEDOR SILLA,MASS2306,SILLA GAMER GM01 AZUL (121 und),,,,,,,,,,,,,,,,,,
370,Entregado,3/19/2026,5/13/2026,CONTENEDOR SILLA,MASS2308,SILLA EJECUTIVA DE ESCRITORIO SE01 (99 und),100.00,$9.50,1,100,53,25,50,$0.066,$6.63,$24.51,"$2,451.25",$24.51,$34.01,3401.25,,,,
370,Entregado,3/19/2026,5/13/2026,CONTENEDOR SILLA,,CONTENEDOR SILLA,,,,,,,,,,,,,,,,,,
370,Entregado,3/19/2026,5/13/2026,CONTENEDOR SILLA,MASS2699,SILLA GAMER GM01 NEGRO (69 und),,,,,,,,,,,,,,,,,,
500,Entregado,3/18/2026,4/17/2026,CONTENEDOR NEW YORK 2,MASS2588,ESTANTE PARA ZAPATOS Y SOMBREROS 5 NIVELES 1.65M X 79CM X 30CM,140.00,$4.60,10,14,80.5,52,35.5,$0.149,$2.08,$74.30,"$1,040.22",$7.43,$12.03,1684.221,,,,
500,Entregado,3/18/2026,4/17/2026,CONTENEDOR NEW YORK 2,MASS0251,KIT DE AMARRE DE CAMA CSBD001,30.00,$2.30,30,1,55,40,25,$0.055,$0.06,$27.50,$27.50,$0.92,$3.22,96.5,,,,
500,Entregado,3/18/2026,4/17/2026,CONTENEDOR NEW YORK 2,,SEXSHOP,,,,,,,,,,,,,,,,,,
500,Entregado,3/18/2026,4/17/2026,CONTENEDOR NEW YORK 2,MASS2582,INCUBADORA DE HUEVOS 48 PZ 110V/220V,100.00,$20.85,1,100,40,42,12,$0.020,$2.02,$10.08,"$1,008.00",$10.08,$30.93,3093,,,,
500,Entregado,3/18/2026,4/17/2026,CONTENEDOR NEW YORK 2,MASS1982,Estabilizador Gimbal 3 Ejes iPhone / Android,30.00,$32.00,10,3,,,,,,,,,,,,,,
500,Entregado,3/18/2026,4/17/2026,CONTENEDOR NEW YORK 2,MASS2120,"LAMPARA DE LIBRO (30BEIGE,30MARRON CLARO,40MADERA ROJA)",100.00,$5.80,500,0.2,30,40,500,$0.600,$0.12,$300.00,$60.00,$0.60,$6.40,640,,,,
500,Entregado,3/18/2026,4/17/2026,CONTENEDOR NEW YORK 2,MASS1709,Arnes Strap On Ajustable Doble Penetración 18cm Y 13cm (morado100),100.00,$3.45,50,2,22,56,46,$0.057,$0.11,$28.34,$56.67,$0.57,$4.02,401.672,,,,
500,Entregado,3/18/2026,4/17/2026,CONTENEDOR NEW YORK 2,"MASS1549 35-40
MASS1627 41-45","PLANTILLAS ORTOPEDICAS CON GEL (35-40 150PCS, 41-45 150PCS)",300.00,$0.68,100,3,45,33,46,$0.068,$0.20,$34.16,$102.47,$0.34,$1.02,306.465,,,,
500,Entregado,3/18/2026,4/17/2026,CONTENEDOR NEW YORK 2,MASS0461,REMOVEDOR DE PUNTOS NEGROS RECARGABLE,200.00,$2.00,100,2,48,41.5,61,$0.122,$0.24,$60.76,$121.51,$0.61,$2.61,521.512,,,,
500,Entregado,3/18/2026,4/17/2026,CONTENEDOR NEW YORK 2,MASS2586,PERCHERO DE HIERRO CON REJILLA LATERAL CON RUEDAS,100.00,$9.90,1,100,141,22,5.5,$0.017,$1.71,$8.53,$853.05,$8.53,$18.43,1843.05,,,,
500,Entregado,3/18/2026,4/17/2026,CONTENEDOR NEW YORK 2,MASS0497 MASS0498,"SET ADULTO JUEGO SEXUAL BONDAGE LATIGO, MORDAZA, ESPOSA, MASCARA -SM10S01 (155NEGRO,39ROJO)",200.00,$3.20,50,4,60,42,32,$0.081,$0.32,$40.32,$161.28,$0.81,$4.01,801.28,,,,
500,Entregado,3/18/2026,4/17/2026,CONTENEDOR NEW YORK 2,,PEDIDO PORRON,,,,,,,,,,,,,,,,,,
500,Entregado,3/18/2026,4/17/2026,CONTENEDOR NEW YORK 2,MASS2035/MASS2036/MASS2037/MASS2038,"RELOJ OLEVS
(PLata/negro 100, plata/verde60,40Oro/azul,negro/oro50)",250.00,$9.00,1,250,10,10,5,$0.001,$0.13,$0.25,$62.50,$0.25,$9.25,2312.5,,,,
500,Entregado,3/18/2026,4/17/2026,CONTENEDOR NEW YORK 2,MASS2074,Blanqueador Dental Smilekit Luz Uv Para Aplicar En Casa,108.00,$8.00,54,2,49,39,34,$0.065,$0.13,$32.49,$64.97,$0.60,$8.60,928.974,,,,
500,Entregado,3/18/2026,4/17/2026,CONTENEDOR NEW YORK 2,MASS1919,Vibrador Trio Recargable Usb Rabbit Consolador Estimulación,200.00,$2.48,100,2,59,54,41,$0.131,$0.26,$65.31,$130.63,$0.65,$3.13,626.626,,,,
500,Entregado,3/18/2026,4/17/2026,CONTENEDOR NEW YORK 2,,PRODUCTOS NUEVOS,,,,,,,,,,,,,,,,,,
500,Entregado,3/18/2026,4/17/2026,CONTENEDOR NEW YORK 2,MASS2584,PERCHERO DE 3 PATAS 167 x 50 CM,144.00,$1.45,24,6,58,50,54,$0.157,$0.94,$78.30,$469.80,$3.26,$4.71,678.6,,,,
500,Entregado,3/18/2026,4/17/2026,CONTENEDOR NEW YORK 2,USO,Rollo de plastico burbaja para maquina C15 30 x 400 cm / 300 metros,600.00,$7.50,5,120,34,38,42,$0.054,$6.51,$27.13,"$3,255.84",$5.43,$12.93,7755.84,,,,
500,Entregado,3/18/2026,4/17/2026,CONTENEDOR NEW YORK 2,USO,Sobre personalizado para embalar 20 x 30cm rollo 100 pcs,315.00,$1.70,25,12.6,40,40,25,$0.040,$0.50,$20.00,$252.00,$0.80,$2.50,787.5,,,,
500,Entregado,3/18/2026,4/17/2026,CONTENEDOR NEW YORK 2,MASS2592,KIT TECLADO Y MOUSE LED TF270,240.00,$4.35,30,8,65,54.5,31.5,$0.112,$0.89,$55.79,$446.36,$1.86,$6.21,1490.355,,,,
500,Entregado,3/18/2026,4/17/2026,CONTENEDOR NEW YORK 2,USO,CESTA DE SUPERMERCADO 28L 470*325*255MM CON ASAS AZUL,40.00,$2.56,10,4,47,33,26,$0.040,$0.16,$20.16,$80.65,$2.02,$4.58,183.052,,,,
500,Entregado,3/18/2026,4/17/2026,CONTENEDOR NEW YORK 2,,REPOSICION,,,,,,,,,,,,,,,,,,
500,Entregado,3/18/2026,4/17/2026,CONTENEDOR NEW YORK 2,MASS0608,VIBRADOR PANTYS MANDO A DISTANCIA AXYPLM01,80.00,$4.35,80,1,40,35,20,$0.028,$0.03,$14.00,$14.00,$0.18,$4.53,362,,,,
500,Entregado,3/18/2026,4/17/2026,CONTENEDOR NEW YORK 2,"MASS1291 Negro
MASS1043 Naranja
MASS1042 Azul",ASPIRADORA DE CARRO 12V PORTATIL AZUL 120/ NEGRO 200/ NARANJA 80,400.00,$1.85,20,20,,,,,,,,,,,,,,
500,Entregado,3/18/2026,4/17/2026,CONTENEDOR NEW YORK 2,MASS1806,CAMARA DE SEGURIDAD DOBLE ROBOTICA 360° GRADOS HD MICRO SD WIFFI,250.00,$5.50,50,5,56.5,28.5,53.4,$0.086,$0.43,$42.99,$214.97,$0.86,$6.36,1589.968375,,,,
500,Entregado,3/18/2026,4/17/2026,CONTENEDOR NEW YORK 2,MASS2213,MAQUINA BOXEO BLUETOOH CON ACCESORIOS,70.00,$12.00,1,70,48,48,12,$0.028,$1.94,$13.82,$967.68,$13.82,$25.82,1807.68,,,,
500,Entregado,3/18/2026,4/17/2026,CONTENEDOR NEW YORK 2,MASS0422 MASS0427 MASS0423,"RELOJ D20S (100 NEGRO, 100 BLANCO, 100 ROSADO)",300.00,$1.40,250,1.2,45,51,45,$0.103,$0.12,$51.64,$61.97,$0.21,$1.61,481.965,,,,
500,Entregado,3/18/2026,4/17/2026,CONTENEDOR NEW YORK 2,MASS2235,Máquina de café portátil con Calefacción Automática inalámbrica,100.00,$17.00,25,4,47,47,30.5,$0.067,$0.27,$33.69,$134.75,$1.35,$18.35,1834.749,,,,
500,Entregado,3/18/2026,4/17/2026,CONTENEDOR NEW YORK 2,MASS0040,AUDIFONO INALAMBRICO F9,700.00,$1.45,100,7,48,49,24,$0.056,$0.40,$28.22,$197.57,$0.28,$1.73,1212.568,,,,
500,Entregado,3/18/2026,4/17/2026,CONTENEDOR NEW YORK 2,MASS2200,RODILLERA CON CALEFACCION USB,150.00,$2.58,150,1,53,41,43,$0.093,$0.09,$46.72,$46.72,$0.31,$2.89,433.7195,,,,
500,Entregado,3/18/2026,4/17/2026,CONTENEDOR NEW YORK 2,MASS0382 MASS0384 MASS0379 MASS0385 MASS0381,"PLUG ANAL TALLA M ROJO 40rosa,40azul,40rojo,40morado,40transparente",200.00,$0.88,200,1,36,34,20,$0.024,$0.02,$12.24,$12.24,$0.06,$0.94,188.24,,,,
500,Entregado,3/18/2026,4/17/2026,CONTENEDOR NEW YORK 2,MASS1082,PELADOR DE PIÑA EN CAJA,288.00,$0.68,,,,,,,,,,,,,,,,
500,Entregado,3/18/2026,4/17/2026,CONTENEDOR NEW YORK 2,MASS2590,KIT TECLADO Y MOUSE LED TF200,240.00,$3.68,30,8,65,54.5,31.5,$0.112,$0.89,$55.79,$446.36,$1.86,$5.54,1329.555,,,,
500,Entregado,3/18/2026,4/17/2026,CONTENEDOR NEW YORK 2,MASS1908,SKIN SCRUBBER BLANCO,180.00,$1.90,120,1.5,49,40,37,$0.073,$0.11,$36.26,$54.39,$0.30,$2.20,396.39,,,,
500,Entregado,3/18/2026,4/17/2026,CONTENEDOR NEW YORK 2,MASS2080 MASS2081,"RELOJ INTELIGENTE QX11 BATERIA 520 MAH
(75 NEGRO, 25BLANQUECINO )",100.00,$10.65,100,1,50,27,31,$0.042,$0.04,$20.93,$20.93,$0.21,$10.86,1085.925,,,,
500,Entregado,3/18/2026,4/17/2026,CONTENEDOR NEW YORK 2,MASS2597,ARNE STRAP ON CON CINTURON Y VIBRADOR ROSADO,420.00,$2.50,100,4.2,55,50,30,$0.083,$0.35,$41.25,$173.25,$0.41,$2.91,1223.25,,,,
500,Entregado,3/18/2026,4/17/2026,CONTENEDOR NEW YORK 2,MASS1717,Consolador Triple Penetración Vibrador Parejas Lesbicas,40.00,$5.50,40,1,48,36,26,$0.045,$0.04,$22.46,$22.46,$0.56,$6.06,242.464,,,,
500,Entregado,3/18/2026,4/17/2026,CONTENEDOR NEW YORK 2,MASS1973,"Pene Realista Para Mujeres, Dildo De Silicona Con Prepucio Deslizante",60.00,$4.80,30,2,35,48,40,$0.067,$0.13,$33.60,$67.20,$1.12,$5.92,355.2,,,,
500,Entregado,3/18/2026,4/17/2026,CONTENEDOR NEW YORK 2,MASS1723,Beginner G-Spot Vibrator Nipple Clitoris Stimulator Vagina Dildo Erotic,120.00,$3.25,120,1,50,25,30,$0.038,$0.04,$18.75,$18.75,$0.16,$3.41,408.75,,,,
500,Entregado,3/18/2026,4/17/2026,CONTENEDOR NEW YORK 2,MASS1942,"Vibrador de próstata con Control remoto para hombres,",40.00,$6.58,40,1,40,62,36,$0.089,$0.09,$44.64,$44.64,$1.12,$7.70,307.84,,,,
500,Entregado,3/18/2026,4/17/2026,CONTENEDOR NEW YORK 2,MASS1049 MASS1046 MASS1050 MASS1047 MASS1051,PLUG ANAL COLA CONEJITA ANALBALL001 (60morado/60rosa/60rojo/60blanco/60negro),300.00,$0.85,150,2,20,34,20,$0.014,$0.03,$6.80,$13.60,$0.05,$0.90,268.6,,,,
500,Entregado,3/18/2026,4/17/2026,CONTENEDOR NEW YORK 2,MASS1713 MASS1714 MASS1715,Masturbador Pretty Love Acción Succionadora Ano38/boca60/vagina59,160.00,$3.38,40,4,51,28,39,$0.056,$0.22,$27.85,$111.38,$0.70,$4.08,652.184,,,,
500,Entregado,3/18/2026,4/17/2026,CONTENEDOR NEW YORK 2,MASS0609,VIBRADOR REALISTICO CON BASE Y CONTROL QBTG62,200.00,$2.40,100,2,42,28,52,$0.061,$0.12,$30.58,$61.15,$0.31,$2.71,541.152,,,,
500,Entregado,3/18/2026,4/17/2026,CONTENEDOR NEW YORK 2,MASS0391 MASS0393 MASS0388 MASS0394 MASS0390,"PLUG ANAL TALLA S AMARILLO 60rosa,60azul,60rojo,60morado,60transparente",300.00,$0.55,300,1,57,46,54,$0.142,$0.14,$70.79,$70.79,$0.24,$0.79,235.794,,,,
500,Entregado,3/18/2026,4/17/2026,CONTENEDOR NEW YORK 2,,OIL FEEDER CONTROL VALVE,50.00,$6.90,1,50,,,,,,,,,,,,,,
500,Entregado,3/18/2026,4/17/2026,CONTENEDOR NEW YORK 2,USO,Sobre personalizado para embalar 20 x 30cm rollo 100 pcs,46.00,$0.85,25,1.84,40,40,25,$0.040,$0.07,$20.00,$36.80,$0.80,$1.65,75.9,,,,
500,Entregado,3/18/2026,4/17/2026,CONTENEDOR NEW YORK 2,,OIL FEEDER CONTROL VALVE,50.00,$7.00,1,50,,,,,,,,,,,,,,
500,Entregado,3/18/2026,4/17/2026,CONTENEDOR NEW YORK 2,MASS1525,ZAPATERA DE METAL 6 NIVELES,432.00,$1.55,18,24,,56,,,,,,,,,,,,
500,Entregado,3/18/2026,4/17/2026,CONTENEDOR NEW YORK 2,,ENGINE CONTROL KNOCK SENSOR,50.00,$4.40,1,50,,,,,,,,,,,,,,
500,Entregado,3/18/2026,4/17/2026,CONTENEDOR NEW YORK 2,"MASS2293
MASS2115","RELOJ INTELIGENTE PARA NIÑO Q19 GPS
(180 VERDE, 120 MORADO)",300.00,$4.50,100,3,41.5,34,33,$0.047,$0.14,$23.28,$69.84,$0.23,$4.73,1419.8445,,,,
500,Entregado,3/18/2026,4/17/2026,CONTENEDOR NEW YORK 2,MASS2225,Escalera De Agilidad Coordinacion Entrenamiento 6 Metros,150.00,$1.86,50,3,30,40,60,$0.072,$0.22,$36.00,$108.00,$0.72,$2.58,387,,,,
500,Entregado,3/18/2026,4/17/2026,CONTENEDOR NEW YORK 2,MASS0942,AIRPODS PRO 2,300.00,$4.65,100,3,49.5,36.7,40.5,$0.074,$0.22,$36.79,$110.36,$0.37,$5.02,1505.361488,,,,
500,Entregado,3/18/2026,4/17/2026,CONTENEDOR NEW YORK 2,MASS0823 OSCURO MASS0822 CLARO MASS0821 BLANCO,"Air humidifier 036 MARRON OSCURO (240MARRON OSCURO, 180MARRON CLARO,60 BLANCO)",480.00,$1.00,,,,,,,,,,,,,,,,
500,Entregado,3/18/2026,4/17/2026,CONTENEDOR NEW YORK 2,MASS0602 MASS0601 MASS1085,"VIBRADOR CONSOLADOR REALISTICO JELLY (ROSA201,MORADO200, PIEL200)",600.00,$1.25,120,5,54,40,30,$0.065,$0.32,$32.40,$162.00,$0.27,$1.52,912,,,,
500,Entregado,3/18/2026,4/17/2026,CONTENEDOR NEW YORK 2,,ENGINE OIL PRESSURE SWITCH,100.00,$1.10,1,100,1,1,1,$0.000,$0.00,$0.00,$0.05,$0.00,$1.10,110.05,,,,
500,Entregado,3/18/2026,4/17/2026,CONTENEDOR NEW YORK 2,MASS1904,CAMARA TIPO BOMBILLO BASE E27 1080P,400.00,$2.82,100,4,73,41,41.5,$0.124,$0.50,$62.10,$248.42,$0.62,$3.44,1376.419,,,,
500,Entregado,3/18/2026,4/17/2026,CONTENEDOR NEW YORK 2,,THROTTLE IDLE SPEED CONTROL SERVO KIT,15.00,$15.50,1,15,1,1,1,$0.000,$0.00,$0.00,$0.01,$0.00,$15.50,232.5075,,,,
500,Entregado,3/18/2026,4/17/2026,CONTENEDOR NEW YORK 2,MASS1275,PANTIES VIBRADOR CON CONTROL REMOTO A DISTANCIA ASLCD001,100.00,$4.50,100,1,43,30,30,$0.039,$0.04,$19.35,$19.35,$0.19,$4.69,469.35,,,,
500,Entregado,3/18/2026,4/17/2026,CONTENEDOR NEW YORK 2,"MASS1802 ROSADO
MASS1813 BLANCA",Almohadilla de calentamiento Menstrual portátil (83 BLANCO - 90 ROSA),180.00,$4.00,60,3,49.5,45.2,40,$0.089,$0.27,$44.75,$134.24,$0.75,$4.75,854.244,,,,
500,Entregado,3/18/2026,4/17/2026,CONTENEDOR NEW YORK 2,USO,Sobre personalizado para embalar 30 x 42cm rollo 100,14.00,$1.55,15,0.9333333333,40,40,25,$0.040,$0.04,$20.00,$18.67,$1.33,$2.88,40.36666667,,,,
500,Entregado,3/18/2026,4/17/2026,CONTENEDOR NEW YORK 2,,TERMO OWALA 32ONZ,10.00,$4.60,25,0.4,48,48,29.5,$0.068,$0.03,$33.98,$13.59,$1.36,$5.96,59.5936,,,,
500,Entregado,3/18/2026,4/17/2026,CONTENEDOR NEW YORK 2,CLIENTE,"Botella de spray de 10 ml
300 Negro Brillante con Bordes Dorados
300 Negro Brillante con Bordes Plateados
200 Rojos Mate/300 Azules Mate
300 Grises Mate/200 Dorados Mate
200 Dorados Brillantes/200 Negros Mate
300 个亮黑-金边
300 个亮黑-银边
200 个哑红色
300 个哑蓝色
300 个哑灰色
200 个哑金色
200 个亮金色
200 个哑黑","2,000.00",$0.39,500,4,48,35,25,$0.042,$0.17,$21.00,$84.00,$0.04,$0.43,864,,,,
500,Entregado,3/18/2026,4/17/2026,CONTENEDOR NEW YORK 2,"MASS1442 BLANCO
MASS0327 NEGRO
MASS0328 GRIS",MOUSE INALAMBRICO RECARGALE (NEGRO 150/ BLANCO 100/ PLATEADO 50),300.00,$1.25,100,3,39.5,35,27,$0.037,$0.11,$18.66,$55.99,$0.19,$1.44,430.99125,,,,
500,Entregado,3/18/2026,4/17/2026,CONTENEDOR NEW YORK 2,,"MAQUINA PARA GASIFICAR EL AGUA 
(bombona )",30.00,$28.50,1,30,27,15,47,$0.019,$0.57,$9.52,$285.53,$9.52,$38.02,1140.525,,,,
500,Entregado,3/18/2026,4/17/2026,CONTENEDOR NEW YORK 2,USO,Sobre personalizado para embalar 30 x 42cm rollo 100,200.00,$3.15,15,13.33333333,40,40,25,$0.040,$0.53,$20.00,$266.67,$1.33,$4.48,896.6666667,,,,
500,Entregado,3/18/2026,4/17/2026,CONTENEDOR NEW YORK 2,,Mostrador de pago de supermercado,4.00,,,,,,,,,,,,,,,,,
500,Entregado,3/18/2026,4/17/2026,CONTENEDOR NEW YORK 2,MASS1757 MASS0589,"VARITA MAGICA JOYPARK 20 VELOCIDADES 8 MODOS (ROSA75,MORADO75)",150.00,$2.95,75,2,42,42,40,$0.071,$0.14,$35.28,$70.56,$0.47,$3.42,513.06,,,,
500,Entregado,3/18/2026,4/17/2026,CONTENEDOR NEW YORK 2,MASS1865,Máquina para hacer pasta calabacín (BLANCO),240.00,$0.80,120,2,63,39.5,45.5,$0.113,$0.23,$56.61,$113.23,$0.47,$1.27,305.22675,,,,
500,Entregado,3/18/2026,4/17/2026,CONTENEDOR NEW YORK 2,MASS1694,Consolador Curvo Grande Y Grueso Silicona Medica 21cm Chupón,120.00,$5.20,60,2,48,38,21,$0.038,$0.08,$19.15,$38.30,$0.32,$5.52,662.304,,,,
500,Entregado,3/18/2026,4/17/2026,CONTENEDOR NEW YORK 2,MASS1946 MASS1947 MASS1948,"Masturbador Cheap Thrills, Suave Y Flexible (40 DE CADA UNA)",80.00,$3.80,70,1.142857143,50,50,38,$0.095,$0.11,$47.50,$54.29,$0.68,$4.48,358.2857143,,,,
500,Entregado,3/18/2026,4/17/2026,CONTENEDOR NEW YORK 2,MASS0918,TAZA BATIDORA RECARGABLE,300.00,$2.00,,,,,,,,,,,,,,,,
500,Entregado,3/18/2026,4/17/2026,CONTENEDOR NEW YORK 2,MASS1005,VAGINA RECARGABLE CON APP A DISTANCIA GLKHY01001,40.00,$12.00,20,2,21,35,50,$0.037,$0.07,$18.38,$36.75,$0.92,$12.92,516.75,,,,
500,Entregado,3/18/2026,4/17/2026,CONTENEDOR NEW YORK 2,MASS2123,"LAMINA DE PVC MARMOLIZADA HYDY2001 2,44 M X 1,22M DE 3MM",300.00,$11.50,1,300,,,,,,,,,,,,,,
500,Entregado,3/18/2026,4/17/2026,CONTENEDOR NEW YORK 2,MASS0881,AMOLADOR DE CUCHILLO,288.00,$0.40,144,2,57,46,54,$0.142,$0.28,$70.79,$141.59,$0.49,$0.89,256.788,,,,
500,Entregado,3/18/2026,4/17/2026,CONTENEDOR NEW YORK 2,,AMBROXAN,,,,,,,,,,,,,,,,,,
500,Entregado,3/18/2026,4/17/2026,CONTENEDOR NEW YORK 2,MASS0752 MASS0753 MASS0754,"RELOJ FD68 (100 NEGRO, 100 ROJO, 97 VERDE)",300.00,$1.40,100,3,43,33,27,$0.038,$0.11,$19.16,$57.47,$0.19,$1.59,477.4695,,,,
500,Entregado,3/18/2026,4/17/2026,CONTENEDOR NEW YORK 2,MASS0234 GRIS MASS0235 BLANCO MASS0236 ROSA,"HUMIFICADOR H20 GRIS (175GRIS,75BLANCO,50ROSADO)",300.00,$1.20,,,,,,,,,,,,,,,,
500,Entregado,3/18/2026,4/17/2026,CONTENEDOR NEW YORK 2,MASS1979,Cuchillo Táctico Con Kit Supervivencia,240.00,$5.75,40,6,50,40,30,$0.060,$0.36,$30.00,$180.00,$0.75,$6.50,1560,,,,
500,Entregado,3/18/2026,4/17/2026,CONTENEDOR NEW YORK 2,MASS2033,CALENTADOR DE AGUA 110V 3000w,120.00,$22.60,1,120,36,12.5,34,$0.015,$1.84,$7.65,$918.00,$7.65,$30.25,3630,,,,
500,Entregado,3/18/2026,4/17/2026,CONTENEDOR NEW YORK 2,MASS0919,REMOVEDOR DE CALLOR RECARGABLE,150.00,$1.68,100,1.5,53.5,36.5,51.5,$0.101,$0.15,$50.28,$75.42,$0.50,$2.18,327.4249688,,,,
500,Entregado,3/18/2026,4/17/2026,CONTENEDOR NEW YORK 2,MASS2593,KIT TECLADO MOUSE INALAMBRICO NEGRO 8875,150.00,$4.35,50,3,45,75,50,$0.169,$0.51,$84.38,$253.13,$1.69,$6.04,905.625,,,,
500,Entregado,3/18/2026,4/17/2026,CONTENEDOR NEW YORK 2,USO,Inflador de aire C15 200w,3.00,$105.00,1,3,26,28,38,$0.028,$0.08,$13.83,$41.50,$13.83,$118.83,356.496,,,,
500,Entregado,3/18/2026,4/17/2026,CONTENEDOR NEW YORK 2,,MERCANCIA USO,,,,,,,,,,,,,,,,,,
500,Entregado,3/18/2026,4/17/2026,CONTENEDOR NEW YORK 2,MASS2585,ZAPATERA Y PERCHERO 4 NIVELES 152CM X 59CM X 25XCM,160.00,$2.08,16,10,58.5,41,51,$0.122,$1.22,$61.16,$611.62,$3.82,$5.90,944.4175,,,,
500,Entregado,3/18/2026,4/17/2026,CONTENEDOR NEW YORK 2,MASS2583,KIT DE PRIMEROS AUXILIOS BOLSO PORTATIL,200.00,$0.80,200,1,40,55,60,$0.132,$0.13,$66.00,$66.00,$0.33,$1.13,226,,,,
500,Entregado,3/18/2026,4/17/2026,CONTENEDOR NEW YORK 2,MASS1879,"ESTANTE METALICO PARA GALPON (PARAL AZUL, CORREDERA NARANJA, LAMINA BLANCA )",20.00,$60.00,1,20,50,36,180,$0.324,$6.48,$162.00,"$3,240.00",$162.00,$222.00,4440,,,,
500,Entregado,3/18/2026,4/17/2026,CONTENEDOR NEW YORK 2,MASS2591,KIT TECLADO Y MOUSE LED TF240,240.00,$6.35,10,24,57,47,42,$0.113,$2.70,$56.26,"$1,350.22",$5.63,$11.98,2874.216,,,,
500,Entregado,3/18/2026,4/17/2026,CONTENEDOR NEW YORK 2,MASS2587,TENDEDERO PLEGABLE 110 CM,160.00,$5.80,16,10,73,32.5,32.5,$0.077,$0.77,$38.55,$385.53,$2.41,$8.21,1313.53125,,,,
500,Entregado,3/18/2026,4/17/2026,CONTENEDOR NEW YORK 2,MASS2589,ESTANTE PORTATIL 6 NIVELES 2 COLUMNAS DE TELA NEGRO 1.5M,140.00,$2.50,10,14,58.5,41.5,37,$0.090,$1.26,$44.91,$628.79,$4.49,$6.99,978.78725,,,,
500,Entregado,3/18/2026,4/17/2026,CONTENEDOR NEW YORK 2,MASS0634,MINI CAMARA WIFFI A9,700.00,$1.80,100,7,,,,,,,,,,,,,,
500,Entregado,3/18/2026,4/17/2026,CONTENEDOR NEW YORK 2,USO,Cesta de compras de plástico grande y portátil Azul con asas de 50L 500*410*475mm,40.00,$5.80,10,4,65,39,110,$0.279,$1.12,$139.43,$557.70,$13.94,$19.74,789.7,,,,
500,Entregado,3/18/2026,4/17/2026,CONTENEDOR NEW YORK 2,"MASS0785 M
MASS0786 L
MASS0787 XL
MASS0788 XXL MASS2596 XXXL","RODILLERA (M200,L300,200XL,100XXL, 100XXXL)",900.00,$0.68,200,4.5,60,34,57,$0.116,$0.52,$58.14,$261.63,$0.29,$0.97,873.63,,,,
500,Entregado,3/18/2026,4/17/2026,CONTENEDOR NEW YORK 2,,Estantería de góndola negra resistente para tienda minorista,,,,,,,,,,,,,,,,,,
500,Entregado,3/18/2026,4/17/2026,CONTENEDOR NEW YORK 2,MASS1784 MASS2150,"CLOSET ARMARIO GRANDE 128x45x170
(110NEGRO,50GRIS)",140.00,$5.45,10,14,,57,41.5,,,,,,,,,,,
500,Entregado,3/18/2026,4/17/2026,CONTENEDOR NEW YORK 2,MASS0339,"PANTIES VIBRADOR CON SUCCIONADOR XSAPPCD01 (ROSA20,MORADO20)",40.00,$7.20,80,0.5,40,62,36,$0.089,$0.04,$44.64,$22.32,$0.56,$7.76,310.32,,,,
500,Entregado,3/18/2026,4/17/2026,CONTENEDOR NEW YORK 2,,Estantería de góndola negra resistente para tienda minorista,,,,,,,,,,,,,,,,,,
500,Entregado,3/18/2026,4/17/2026,CONTENEDOR NEW YORK 2,"MASS1009 NEGRO
MASS1011 BLANCO","DEPILADORA LASER 999999 FLASHES (NEGRO120, BLANCO120)",200.00,$7.00,40,5,54,44.5,35,$0.084,$0.42,$42.05,$210.26,$1.05,$8.05,1610.2625,,,,
500,Entregado,3/18/2026,4/17/2026,CONTENEDOR NEW YORK 2,USO,FZ-68107 (sala conferenica - area cafe),10.00,$111.50,0.5,20,,,,,,,,,,,,,,
500,Entregado,3/18/2026,4/17/2026,CONTENEDOR NEW YORK 2,MASS1905,Masajeador de cuello GRANDE BLANCO,96.00,$6.00,12,8,53,47,35,$0.087,$0.70,$43.59,$348.74,$3.63,$9.63,924.74,,,,
500,Entregado,3/18/2026,4/17/2026,CONTENEDOR NEW YORK 2,MASS1874,SET DE CEPILLO SECADOR 5 EN 1,200.00,$4.10,20,10,62,35,49.5,$0.107,$1.07,$53.71,$537.08,$2.69,$6.79,1357.075,,,,
500,Entregado,3/18/2026,4/17/2026,CONTENEDOR NEW YORK 2,,TERMO OWALA 32ONZ,40.00,$4.45,25,1.6,48,48,29.5,$0.068,$0.11,$33.98,$54.37,$1.36,$5.81,232.3744,,,,
500,Entregado,3/18/2026,4/17/2026,CONTENEDOR NEW YORK 2,USO,FZ-6C51 silla espera gerencia,6.00,$88.00,0.5,12,,,,,,,,,,,,,,
500,Entregado,3/18/2026,4/17/2026,CONTENEDOR NEW YORK 2,,OIL FEEDER CONTROL VALVE,30.00,$7.00,1,30,1,1,1,$0.000,$0.00,$0.00,$0.02,$0.00,$7.00,210.015,,,,
500,Entregado,3/18/2026,4/17/2026,CONTENEDOR NEW YORK 2,MASS0364 MASS0367 MASS0363 MASS0366,"PLUG ANAL SET 3 UNIDADES METALPLUGSET (ROSA50,MORADO50,TRASPARENTE50,AZUL50)",200.00,$3.03,50,4,38,57,63,$0.136,$0.55,$68.23,$272.92,$1.36,$4.39,878.916,,,,
500,Entregado,3/18/2026,4/17/2026,CONTENEDOR NEW YORK 2,MASS1045,DUCHA ANAL ENEMA XGQSET01 azul,200.00,$0.80,100,2,45,43,41,$0.079,$0.16,$39.67,$79.34,$0.40,$1.20,239.335,,,,
500,Entregado,3/18/2026,4/17/2026,CONTENEDOR NEW YORK 2,MASS0705,INICIADOR VIBRADOR ANAL DE SILICON YCVA001 ROSADO,200.00,$1.40,200,1,38,62,28,$0.066,$0.07,$32.98,$32.98,$0.16,$1.56,312.984,,,,
500,Entregado,3/18/2026,4/17/2026,CONTENEDOR NEW YORK 2,,REPUESTOS STOYAN (4 CAJAS),,,,,,,,,,,,,,,,,,
500,Entregado,3/18/2026,4/17/2026,CONTENEDOR NEW YORK 2,MASS1315,AUDIFONO INALAMBRICO RECARGABLE M90 PRO,400.00,$1.75,100,4,52,43,24,$0.054,$0.21,$26.83,$107.33,$0.27,$2.02,807.328,,,,
500,Entregado,3/18/2026,4/17/2026,CONTENEDOR NEW YORK 2,MASS1053,PLUG ANAL CON BALA VIBRADORA RECARGABLE CGSHJR01,80.00,$3.50,80,1,43,30,30,$0.039,$0.04,$19.35,$19.35,$0.24,$3.74,299.35,,,,
500,Entregado,3/18/2026,4/17/2026,CONTENEDOR NEW YORK 2,USO,FZ-6A92 silla gerencia,3.00,$138.00,1,3,,,,,,,,,,,,,,
500,Entregado,3/18/2026,4/17/2026,CONTENEDOR NEW YORK 2,MASS1976,MAQUINA AFEITAR KEMEI KM-1071 RECARGABLE,160.00,$4.80,40,4,65,29,43.5,$0.082,$0.33,$41.00,$164.00,$1.02,$5.82,931.995,,,,
500,Entregado,3/18/2026,4/17/2026,CONTENEDOR NEW YORK 2,,Estantes de supermercado resistentes,,,,,,,,,,,,,,,,,,
500,Entregado,12/29/2025,2/28/2026,CONTENEDOR NEW YORK,MASS0934,CUERDA DE SALTAR,600.00,$0.50,100,6,60,28,36,$0.060,$0.36,$30.24,$181.44,$0.30,$0.80,481.44,,,,
500,Entregado,12/29/2025,2/28/2026,CONTENEDOR NEW YORK,,Carritos de plástico de alta resistencia para supermercado 125L,5.00,$45.50,1,5,56,50,108,$0.302,$1.51,$151.20,$756.00,$151.20,$196.70,983.5,,,,
500,Entregado,12/29/2025,2/28/2026,CONTENEDOR NEW YORK,MASS2020,Kit Maquina Afeitar Nariz Barba Cuerpo Kemei 5031,160.00,$8.85,40,4,75.5,39.5,45,$0.134,$0.54,$67.10,$268.40,$1.68,$10.53,1684.4025,,,,
500,Entregado,12/29/2025,2/28/2026,CONTENEDOR NEW YORK,MASS0927,SET DE ESENCIA 6 PCS,420.00,$1.20,60,7,33,33,25,$0.027,$0.19,$13.61,$95.29,$0.23,$1.43,599.2875,,,,
500,Entregado,12/29/2025,2/28/2026,CONTENEDOR NEW YORK,MASS1528,BOLSO LAPTOP THIMKPAD LENOVO GAMER IMPERMIABLE,210.00,$2.88,70,3,110,84,44.5,$0.411,$1.23,$205.59,$616.77,$2.94,$5.82,1221.57,,,,
500,Entregado,12/29/2025,2/28/2026,CONTENEDOR NEW YORK,MASS0021,ANILLO VIBRADOR RETARDANTE ESTIMULADOR CLITORIS HDH001,600.00,$0.20,600,1,55,,42,,,,,,,,,,,
500,Entregado,12/29/2025,2/28/2026,CONTENEDOR NEW YORK,MASS2234,Teclado Bluetooth Plegable Inalambrico Portatil,40.00,$11.40,40,1,41.2,29,20,$0.024,$0.02,$11.95,$11.95,$0.30,$11.70,467.948,,,,
500,Entregado,12/29/2025,2/28/2026,CONTENEDOR NEW YORK,MASS1862 MASS1863 MASS1864,"Bolso Tipo Pañalera, Cambiador, Cuna, Morral (40 NEGRO, 40AZUL OSCURO, 40GRIS)",120.00,$5.20,30,4,45,65,75,$0.219,$0.88,$109.69,$438.75,$3.66,$8.86,1062.75,,,,
500,Entregado,12/29/2025,2/28/2026,CONTENEDOR NEW YORK,MASS0850,"VIBRADOR POR APLICACION REMOTO YPM
(ROSADO)",300.00,$2.45,100,3,58,46,22,$0.059,$0.18,$29.35,$88.04,$0.29,$2.74,823.044,,,,
500,Entregado,12/29/2025,2/28/2026,CONTENEDOR NEW YORK,MASS1718,"Vibrador de silicona reutilizable para hombres, Anillo para el pene,",300.00,$0.40,100,3,43,22,28,$0.026,$0.08,$13.24,$39.73,$0.13,$0.53,159.732,,,,
500,Entregado,12/29/2025,2/28/2026,CONTENEDOR NEW YORK,,Máscara facial portátil inalámbrica USB recargable 7 en 1 para el cuidado de la piel,32.00,$3.65,16,2,52.5,48,42,$0.106,$0.21,$52.92,$105.84,$3.31,$6.96,222.64,,,,
500,Entregado,12/29/2025,2/28/2026,CONTENEDOR NEW YORK,MASS0702,IMITACION DE SEMEN LECHE SIYI 200ML SYXDZ01,400.00,$0.59,50,8,65,33,17,$0.036,$0.29,$18.23,$145.86,$0.36,$0.95,381.86,,,,
500,Entregado,12/29/2025,2/28/2026,CONTENEDOR NEW YORK,MASS0606,VIBRADOR MASAJEADOR DE PROSTATA YCD190121,160.00,$1.80,40,4,55,60,20,$0.066,$0.26,$33.00,$132.00,$0.83,$2.63,420,,,,
500,Entregado,12/29/2025,2/28/2026,CONTENEDOR NEW YORK,MASS2068,MASAJEADOR CELULITIS,40.00,$5.50,20,2,51,47,53,$0.127,$0.25,$63.52,$127.04,$3.18,$8.68,347.041,,,,
500,Entregado,12/29/2025,2/28/2026,CONTENEDOR NEW YORK,MASS2119 MASS2272,CEPILLO ELECTRICO 50 blanco / 50 negro,100.00,$1.10,100,1,41.5,35.5,54,$0.080,$0.08,$39.78,$39.78,$0.40,$1.50,149.77775,,,,
500,Entregado,12/29/2025,2/28/2026,CONTENEDOR NEW YORK,,"H10-T02-18 1800W*1550D*750H Madera de vidrio
+
Gris caqui (Gerencia)",3.00,$198.00,4,0.75,,,,,,,,,,,,,,
500,Entregado,12/29/2025,2/28/2026,CONTENEDOR NEW YORK,MASS1543,PARCHES DESINTOXICANTES DE PIE,300.00,$0.60,50,6,,,,,,,,,,,,,,
500,Entregado,12/29/2025,2/28/2026,CONTENEDOR NEW YORK,MASS1885,RADIO BOAFENG UV-5R DOBLE BANDA UHF-VHF + MI,250.00,$10.00,50,5,51,37.5,57,$0.109,$0.55,$54.51,$272.53,$1.09,$11.09,2772.53125,,,,
500,Entregado,12/29/2025,2/28/2026,CONTENEDOR NEW YORK,MASS2079,Medidor De Ph Digital Portatil,200.00,$1.40,100,2,35,33,29,$0.033,$0.07,$16.75,$33.50,$0.17,$1.57,313.495,,,,
500,Entregado,12/29/2025,2/28/2026,CONTENEDOR NEW YORK,MASS0058,BALANZA PERSONAL 180 KG,240.00,$2.00,10,24,36.5,30,36,$0.039,$0.95,$19.71,$473.04,$1.97,$3.97,953.04,,,,
500,Entregado,12/29/2025,2/28/2026,CONTENEDOR NEW YORK,MASS2435,Tabla de Flexiones Multifuncional con Temporizador para Ejercicios Musculares blanco,110.00,$5.00,10,11,63.2,43,56,$0.152,$1.67,$76.09,$837.02,$7.61,$12.61,1387.0208,,,,
500,Entregado,12/29/2025,2/28/2026,CONTENEDOR NEW YORK,MASS2059,RAZURADORA PARA DAMA ROSADA,50.00,$4.60,50,1,41,37,32,$0.049,$0.05,$24.27,$24.27,$0.49,$5.09,254.272,,,,
500,Entregado,12/29/2025,2/28/2026,CONTENEDOR NEW YORK,,"Dispositivo de belleza para terapia de cuidado de los ojos 3D, masajeador de ojos con vibración multifrecuencia para reducir las ojeras y las arrugas",50.00,$13.50,25,2,40,48,48,$0.092,$0.18,$46.08,$92.16,$1.84,$15.34,767.16,,,,
500,Entregado,12/29/2025,2/28/2026,CONTENEDOR NEW YORK,,Masajeador de cuero cabelludo eléctrico Rascador de cabeza portátil con nodos de amasado de tejido,50.00,$3.35,60,0.8333333333,54.5,39,39,$0.083,$0.07,$41.45,$34.54,$0.69,$4.04,202.039375,,,,
500,Entregado,12/29/2025,2/28/2026,CONTENEDOR NEW YORK,MASS2215,FOMENTERA ELECTRICA,40.00,$5.68,20,2,45,32,39,$0.056,$0.11,$28.08,$56.16,$1.40,$7.08,283.36,,,,
500,Entregado,12/29/2025,2/28/2026,CONTENEDOR NEW YORK,MASS0519,SUCCIONADOR AGRANDA PENE PENIS PUMP 110828,250.00,$1.70,40,6.25,42,52,27,$0.059,$0.37,$29.48,$184.28,$0.74,$2.44,609.275,,,,
500,Entregado,12/29/2025,2/28/2026,CONTENEDOR NEW YORK,,PEDIDO AFFARI,,,,,,,,,,,,,,,,,,
500,Entregado,12/29/2025,2/28/2026,CONTENEDOR NEW YORK,MASS0698 MASS0699 MASS0700,"LUBRICANTE PRIVATE LIFE 100ML XZLSG100ML (CEREZA200,FRESA200, LIMA100)",500.00,$0.54,100,5,35,44,30,$0.046,$0.23,$23.10,$115.50,$0.23,$0.77,385.5,,,,
500,Entregado,12/29/2025,2/28/2026,CONTENEDOR NEW YORK,MASS0701,LUBRICANTE ANAL LOVE MONOGATARI 200ML ZTAO01,624.00,$0.68,156,4,58,66,35,$0.134,$0.54,$66.99,$267.96,$0.43,$1.11,692.28,,,,
500,Entregado,12/29/2025,2/28/2026,CONTENEDOR NEW YORK,MASS1602,ENVOPLAST NEGRO PARA EMBALAR 400Mts,120.00,$6.65,6,20,40,27,48,$0.052,$1.04,$25.92,$518.40,$4.32,$10.97,1316.4,,,,
500,Entregado,12/29/2025,2/28/2026,CONTENEDOR NEW YORK,MASS2118,MINI AFEITADORA ELECTRICA,400.00,$1.00,400,1,43.5,41.5,29,$0.052,$0.05,$26.18,$26.18,$0.07,$1.07,426.176125,,,,
500,Entregado,12/29/2025,2/28/2026,CONTENEDOR NEW YORK,MASS0615 MASS0616 MASS1171,"VIBRADOR RECARGABLE 30 VELOCIDADES YCYY3001U (100MORADO,200ROSADO,100NEGRO)",400.00,$2.60,100,4,40,27,33,$0.036,$0.14,$17.82,$71.28,$0.18,$2.78,1111.28,,,,
500,Entregado,12/29/2025,2/28/2026,CONTENEDOR NEW YORK,MASS1540,HUB 4 PUERTOS,300.00,$1.35,300,1,40,50,50,$0.100,$0.10,$50.00,$50.00,$0.17,$1.52,455,,,,
500,Entregado,12/29/2025,2/28/2026,CONTENEDOR NEW YORK,MASS1876,Maquina Fabricadora Hielo Portatil,20.00,$38.00,1,20,36,28,36,$0.036,$0.73,$18.14,$362.88,$18.14,$56.14,1122.88,,,,
500,Entregado,12/29/2025,2/28/2026,CONTENEDOR NEW YORK,MASS1539,LASER RECARGABLE PARA EXPOSICION,150.00,$2.45,150,1,30,50,27,$0.041,$0.04,$20.25,$20.25,$0.14,$2.59,387.75,,,,
500,Entregado,12/29/2025,2/28/2026,CONTENEDOR NEW YORK,MASS1541,HUB 7 PUERTOS,200.00,$1.75,200,1,,,,,,,,,,,,,,
500,Entregado,12/29/2025,2/28/2026,CONTENEDOR NEW YORK,MASS2199,Set de viaje 8 pcs 40 negro/ 45 grises/35 azul o,160.00,$3.25,80,2,60,48,48,$0.138,$0.28,$69.12,$138.24,$0.86,$4.11,658.24,,,,
500,Entregado,12/29/2025,2/28/2026,CONTENEDOR NEW YORK,,ETIQUETAS IMPRESORA TERMICA 56 X 30 PAQUETE 2000und.,200.00,$1.75,80,2.5,40,40,27,$0.043,$0.11,$21.60,$54.00,$0.27,$2.02,404,,,,
500,Entregado,12/29/2025,2/28/2026,CONTENEDOR NEW YORK,MASS2215,FOMENTERA ESTERILLA ELECTRICA,300.00,$5.65,20,15,25,60,30,$0.045,$0.68,$22.50,$337.50,$1.13,$6.78,2032.5,,,,
500,Entregado,12/29/2025,2/28/2026,CONTENEDOR NEW YORK,MASS2065,Vacumterapia Manual Recargable Terapia Vacio Anticelulitis Color Rojo,200.00,$3.80,40,5,56,46,37,$0.095,$0.48,$47.66,$238.28,$1.19,$4.99,998.28,,,,
500,Entregado,12/29/2025,2/28/2026,CONTENEDOR NEW YORK,"MASS1802 ROSADO
MASS1813 BLANCA",Almohadilla de calentamiento Menstrual portátil (30 BLANCO - 30 ROSA),60.00,$4.00,60,1,49.5,45.2,40,$0.089,$0.09,$44.75,$44.75,$0.75,$4.75,284.748,,,,
500,Entregado,12/29/2025,2/28/2026,CONTENEDOR NEW YORK,MASS1899,CARRITO PLEGABLE PLAYERO TODO TERRENO SOPORTA 300 LBS NEGRO,50.00,$10.20,1,50,50,13,66,$0.043,$2.15,$21.45,"$1,072.50",$21.45,$31.65,1582.5,,,,
500,Entregado,12/29/2025,2/28/2026,CONTENEDOR NEW YORK,,ETIQUETAS IMPRESORA TERMICA 4 X 6 PULGADAS 300und.,96.00,$2.55,24,4,43.5,40,22,$0.038,$0.15,$19.14,$76.56,$0.80,$3.35,321.36,,,,
500,Entregado,12/29/2025,2/28/2026,CONTENEDOR NEW YORK,MASS0128,CASE EXTERNO 2.5 USB 3.0 NEGRO,300.00,$1.50,100,3,40,32,53,$0.068,$0.20,$33.92,$101.76,$0.34,$1.84,551.76,,,,
500,Entregado,12/29/2025,2/28/2026,CONTENEDOR NEW YORK,MASS1282,LAMINADORA PLASTIFICADORA,40.00,$7.80,10,4,42,40,30,$0.050,$0.20,$25.20,$100.80,$2.52,$10.32,412.8,,,,
500,Entregado,12/29/2025,2/28/2026,CONTENEDOR NEW YORK,MASS2197,IMPRESORA TERMICA 80 MM USB LAN,48.00,$29.00,12,4,,,,,,,,,,,,,,
500,Entregado,12/29/2025,2/28/2026,CONTENEDOR NEW YORK,,SEXSHOP,,,,,,,,,,,,,,,,,,
500,Entregado,12/29/2025,2/28/2026,CONTENEDOR NEW YORK,MASS2329,Tabla de Flexiones Multifuncional con Temporizador para Ejercicios Musculares gris,,,,,,,,,,,,,,,,,,
500,Entregado,12/29/2025,2/28/2026,CONTENEDOR NEW YORK,MASS2244,Aceite de masaje corporal Aumento de pene xxxl 10 ml,150.00,$0.45,750,0.2,20,35,25,$0.018,$0.00,$8.75,$1.75,$0.01,$0.46,69.25,,,,
500,Entregado,12/29/2025,2/28/2026,CONTENEDOR NEW YORK,MASS1041,LIMPIADOR A VAPOR 900W 10 PCS,176.00,$8.50,8,22,46,46,49,$0.104,$2.28,$51.84,"$1,140.52",$6.48,$14.98,2636.524,,,,
500,Entregado,12/29/2025,2/28/2026,CONTENEDOR NEW YORK,MASS2211,PROYECTOR HY300 720,240.00,$21.80,20,12,61.6,28.5,45,$0.079,$0.95,$39.50,$474.01,$1.98,$23.78,5706.012,,,,
500,Entregado,12/29/2025,2/28/2026,CONTENEDOR NEW YORK,MASS0283,SELLADORA AL VACIO (10 BOLSAS) 110V,200.00,$2.45,40,5,59.5,39,45,$0.104,$0.52,$52.21,$261.06,$1.31,$3.76,751.05625,,,,
500,Entregado,12/29/2025,2/28/2026,CONTENEDOR NEW YORK,MASS1881 MASS1882 MASS1883 MASS1884,"Bolso Termico Tipo Cava Camping Playa (NEGRO60, AZUL25, GRIS25, CAMUFLAJE30)",140.00,$7.00,20,7,57,57,40,$0.130,$0.91,$64.98,$454.86,$3.25,$10.25,1434.86,,,,
500,Entregado,12/29/2025,2/28/2026,CONTENEDOR NEW YORK,MASS0614 - CARNE MASS0611 - ROSA MASS0612 MORADO MASS0613 - NEGRO,VIBRADOR REALISTICO YUECHAO BLDZD001 piel200/rosa100/morado100/negro200,600.00,$1.50,100,6,50,54,45,$0.122,$0.73,$60.75,$364.50,$0.61,$2.11,1264.5,,,,
500,Entregado,12/29/2025,2/28/2026,CONTENEDOR NEW YORK,,Dispositivo de alivio de la ansiedad Terapia de microcorriente portátil Dispositivo de ayuda para dormir de mano para aliviar el insomnio Ayuda a dormir,50.00,$4.00,50,1,49.5,23,45,$0.051,$0.05,$25.62,$25.62,$0.51,$4.51,225.61625,,,,
500,Entregado,12/29/2025,2/28/2026,CONTENEDOR NEW YORK,MASS0292 MASS0291 MASS0290 MASS0289,PISTOLA MASAJEADORA RECARGABLE SY-720 (NEGRO 360/ GRIS 80/ ROJO 80/ VERDE 80),600.00,$2.30,40,15,69.5,30.5,30.5,$0.065,$0.97,$32.33,$484.89,$0.81,$3.11,1864.892813,,,,
500,Entregado,12/29/2025,2/28/2026,CONTENEDOR NEW YORK,MASS2243,MASTURBADOR DE SILICIONA CON TEXTURA REALISTA 3 EN 1 BOCA VAGINA ANO CHICA,100.00,$2.65,50,2,49,50,50,$0.123,$0.25,$61.25,$122.50,$1.23,$3.88,387.5,,,,
500,Entregado,12/29/2025,2/28/2026,CONTENEDOR NEW YORK,MASS1551,MAQUINA DE SOLDAR,84.00,$22.00,6,14,54,28,58.5,$0.088,$1.24,$44.23,$619.16,$7.37,$29.37,2467.164,,,,
500,Entregado,12/29/2025,2/28/2026,CONTENEDOR NEW YORK,,CARRETILLA CON RUEDA MASISA,5.00,$25.00,1,5,130,45,35,$0.205,$1.02,$102.38,$511.88,$102.38,$127.38,636.875,,,,
500,Entregado,12/29/2025,2/28/2026,CONTENEDOR NEW YORK,,TRANSPALETA 3 TONELADAS,1.00,$155.00,1,1,125,70,50,$0.438,$0.44,$218.75,$218.75,$218.75,$373.75,373.75,,,,
500,Entregado,12/29/2025,2/28/2026,CONTENEDOR NEW YORK,MASS1301,EXTENSOR DE SEÑAL 300 MBPS BLANCOS,300.00,$2.55,100,3,58,38,44,$0.097,$0.29,$48.49,$145.46,$0.48,$3.03,910.464,,,,
500,Entregado,12/29/2025,2/28/2026,CONTENEDOR NEW YORK,MASS0733,BROCHA CHINA,250.00,$1.60,500,0.5,50,54,45,$0.122,$0.06,$60.75,$30.38,$0.12,$1.72,430.375,,,,
500,Entregado,12/29/2025,2/28/2026,CONTENEDOR NEW YORK,MASS1804,ORGANIZADOR DE ZAPATO 4 NIVELES PLEGABLE,180.00,$0.90,60,3,60,51,59,$0.181,$0.54,$90.27,$270.81,$1.50,$2.40,432.81,,,,
500,Entregado,12/29/2025,2/28/2026,CONTENEDOR NEW YORK,MASS1671,KIT DE MANICURISTA,400.00,$1.58,100,4,25,35,45,$0.039,$0.16,$19.69,$78.75,$0.20,$1.78,710.75,,,,
500,Entregado,12/29/2025,2/28/2026,CONTENEDOR NEW YORK,MASS1991,BASE FAN COOLER PARA LAPTOP N99,160.00,$3.65,20,8,74,38.2,28.5,$0.081,$0.64,$40.28,$322.26,$2.01,$5.66,906.2552,,,,
500,Entregado,12/29/2025,2/28/2026,CONTENEDOR NEW YORK,MASS1347,SET DE DADOS 46 PCS,480.00,$2.00,24,20,54.5,,27.5,,,,,,,,,,,
500,Entregado,12/29/2025,2/28/2026,CONTENEDOR NEW YORK,"MASS1620 NARANJA
MASS1545 VERDE","VENTILADOR RECARGABLE CAMPING (144 NARANJA,144VERDE)",288.00,$7.80,16,18,50.2,44,53.7,$0.119,$2.14,$59.31,"$1,067.51",$3.71,$11.51,3313.91304,,,,
500,Entregado,12/29/2025,2/28/2026,CONTENEDOR NEW YORK,MASS0274,MAQUINA DE AFEITAR T9 (Buda dorado300 buda plata 300 Dragon plata 200 Dragon dorado 200),"1,000.00",$0.80,100,10,47,,32,,,,,,,,,,,
500,Entregado,12/29/2025,2/28/2026,CONTENEDOR NEW YORK,MASS1357,Hand Grip Entrenamiento Muñeca Manos Antebrazo Con Contador NEGRO,600.00,$0.75,100,6,49.5,31.5,23.5,$0.037,$0.22,$18.32,$109.93,$0.18,$0.93,559.927125,,,,
500,Entregado,12/29/2025,2/28/2026,CONTENEDOR NEW YORK,MASS2463,"Juego de mancuernas ajustables para el hogar de alta calidad, ejercicio de 40KG",60.00,$14.00,1,60,66,26,26,$0.045,$2.68,$22.31,"$1,338.48",$22.31,$36.31,2178.48,,,,
500,Entregado,12/29/2025,2/28/2026,CONTENEDOR NEW YORK,"MASS0763 Blanco
MASS0764 Rosado
MASS0765 Verde","HUMIDIFICADOR DOMO RGB (300BLANCO, 100 VERDE, 100ROSADO)",500.00,$0.50,,,,,,,,,,,,,,,,
500,Entregado,12/29/2025,2/28/2026,CONTENEDOR NEW YORK,,"Faja Reductora Moldeadora Neopreno Fitness Cintura Techno (NEGRO 40S,119M,L100,80XL,60XXLEN CAJA",400.00,$0.98,100,4,35,50,40,$0.070,$0.28,$35.00,$140.00,$0.35,$1.33,532,,,,
500,Entregado,12/29/2025,2/28/2026,CONTENEDOR NEW YORK,MASS1013,MASAJEADOR ELECTRICO DE CUELLO Y CUERPO RECARGABLE QY-8702,600.00,$0.50,200,3,52.5,35.5,45,$0.084,$0.25,$41.93,$125.80,$0.21,$0.71,425.803125,,,,
500,Entregado,12/29/2025,2/28/2026,CONTENEDOR NEW YORK,MASS1351,BASE FAN COOLER PARA LAPTOP H9,160.00,$5.00,20,8,54.5,39.8,55.2,$0.120,$0.96,$59.87,$478.94,$2.99,$7.99,1278.93728,,,,
500,Entregado,12/29/2025,2/28/2026,CONTENEDOR NEW YORK,MASS1900,AEROGRAFO COMPRESOR PORTATIL PARA DECORACION UÑAS (Negro),80.00,$6.50,40,2,50,35,40,$0.070,$0.14,$35.00,$70.00,$0.88,$7.38,590,,,,
500,Entregado,12/29/2025,2/28/2026,CONTENEDOR NEW YORK,MASS1039,MAQUINA PLASTIFICADORA LAMINADORA (10 HOJAS),800.00,$7.80,10,80,42,40,30,$0.050,$4.03,$25.20,"$2,016.00",$2.52,$10.32,8256,,,,
500,Entregado,12/29/2025,2/28/2026,CONTENEDOR NEW YORK,,H10-G01 2400W*400D*1800H (Gerencia),2.00,$275.00,3,0.6666666667,,,,,,,,,,,,,,
500,Entregado,12/29/2025,2/28/2026,CONTENEDOR NEW YORK,MASS0066,"BASE TV MOVIBLE 14-55"" 15KG",400.00,$2.35,10,40,49,26,37,$0.047,$1.89,$23.57,$942.76,$2.36,$4.71,1882.76,,,,
500,Entregado,12/29/2025,2/28/2026,CONTENEDOR NEW YORK,MASS1230,TENSIOMETRO DIGITAL SIN VOZ,500.00,$2.00,,,,,,,,,,,,,,,,
500,Entregado,12/29/2025,2/28/2026,CONTENEDOR NEW YORK,MASS0402 - ROSA MASS0405 - MORADO MASS0404 - NEGRO,VIBRADOR RABBIT PUNTO G RABBITB001 rosa100/morado100/negro100,400.00,$1.50,100,4,26,26,48,$0.032,$0.13,$16.22,$64.90,$0.16,$1.66,664.896,,,,
500,Entregado,12/29/2025,2/28/2026,CONTENEDOR NEW YORK,MASS0167,CONTROL PLAYSTATION 4 NEGRO,300.00,$6.50,,,,,,,,,,,,,,,,
500,Entregado,12/29/2025,2/28/2026,CONTENEDOR NEW YORK,,H10-H01-35 3500W*1200D*750H Sala conferencia,1.00,$344.00,5,0.2,,,,,,,,,,,,,,
500,Entregado,12/29/2025,2/28/2026,CONTENEDOR NEW YORK,,H10-Z028-6 3600*1200*1000 Area de trabajo,4.00,$265.00,4,1,,,,,,,,,,,,,,
500,Entregado,12/29/2025,2/28/2026,CONTENEDOR NEW YORK,MASS1231,BALANZA DE 0.01 A 500GR,200.00,$1.50,100,2,51,21,31,$0.033,$0.07,$16.60,$33.20,$0.17,$1.67,333.201,,,,
500,Entregado,12/29/2025,2/28/2026,CONTENEDOR NEW YORK,MASS0759,Control De Asistencia Biometrico Capta Huella En Español,150.00,$13.50,20,7.5,55,30,41,$0.068,$0.51,$33.83,$253.69,$1.69,$15.19,2278.6875,,,,
500,Entregado,12/29/2025,2/28/2026,CONTENEDOR NEW YORK,MASS2460,Rodillo Abdominal de Rebote Automático con Cuatro Ruedas Antideslizante Diseño Ecológico,120.00,$8.00,6,20,59,39.5,61.5,$0.143,$2.87,$71.66,"$1,433.26",$11.94,$19.94,2393.2575,,,,
500,Entregado,12/29/2025,2/28/2026,CONTENEDOR NEW YORK,MASS0943,PISTOLA MASAJEADORA GRANDE GRIS,120.00,$4.50,12,10,33,46,47.5,$0.072,$0.72,$36.05,$360.53,$3.00,$7.50,900.525,,,,
500,Entregado,12/29/2025,2/28/2026,CONTENEDOR NEW YORK,MASS1071,MOUSE VERTICAL INALAMBRICO RECARGABLE,200.00,$3.55,100,2,48,54,39,$0.101,$0.20,$50.54,$101.09,$0.51,$4.06,811.088,,,,
500,Entregado,12/29/2025,2/28/2026,CONTENEDOR NEW YORK,MASS2456,Radio Reproductor Pantalla Equipo Sonido Bluetooth Auto,120.00,$15.50,20,6,42,60,35,$0.088,$0.53,$44.10,$264.60,$2.21,$17.71,2124.6,,,,
500,Entregado,12/29/2025,2/28/2026,CONTENEDOR NEW YORK,,PRODUCTOS NUEVOS,,,,,,,,,,,,,,,,,,
500,Entregado,12/29/2025,2/28/2026,CONTENEDOR NEW YORK,MASS1820,RELOJ INTELIGENTE SMARTWATCH H92 UlTRA 3,350.00,$6.80,50,7,65,45,36,$0.105,$0.74,$52.65,$368.55,$1.05,$7.85,2748.55,,,,
500,Entregado,12/29/2025,2/28/2026,CONTENEDOR NEW YORK,MASS0153,CONTROL AIR ACONDICIONADO UNIVERSAL,300.00,$0.80,300,1,68,,52,,,,,,,,,,,
500,Entregado,12/29/2025,2/28/2026,CONTENEDOR NEW YORK,MASS0158,CONTROL PLAYSTATION 3 NEGRO,250.00,$3.35,,,,,,,,,,,,,,,,
500,Entregado,12/29/2025,2/28/2026,CONTENEDOR NEW YORK,MASS1377,HIDROYET RECARGABLE 48VF (Con maleta y boquilla),200.00,$6.60,10,20,75,25.5,45,$0.086,$1.72,$43.03,$860.63,$4.30,$10.90,2180.625,,,,
500,Entregado,12/29/2025,2/28/2026,CONTENEDOR NEW YORK,MASS2455,Teclado Y Mouse Inalambrico Bluetooth Recargable,150.00,$3.20,50,3,25,16,50,$0.020,$0.06,$10.00,$30.00,$0.20,$3.40,510,,,,
500,Entregado,12/29/2025,2/28/2026,CONTENEDOR NEW YORK,MASS1663 MASS2149,"ZAPATERA 4 NIVELES (80NEGRO,40BLANCO)",120.00,$0.75,40,3,,52.5,,,,,,,,,,,,
500,Entregado,12/29/2025,2/28/2026,CONTENEDOR NEW YORK,,REPOSICION,,,,,,,,,,,,,,,,,,
500,Entregado,12/29/2025,2/28/2026,CONTENEDOR NEW YORK,MASS2458 MASS2459,"Teléfono inalámbrico Daerxin D1011 (80 Negro, 80 Blanco)",160.00,$14.50,40,4,54,40.1,43.6,$0.094,$0.38,$47.21,$188.82,$1.18,$15.68,2508.82288,,,,
500,Entregado,12/29/2025,2/28/2026,CONTENEDOR NEW YORK,MASS2235,Máquina de café portátil con Calefacción Automática inalámbrica,100.00,$17.00,25,4,47,47,30.5,$0.067,$0.27,$33.69,$134.75,$1.35,$18.35,1834.749,,,,
500,Entregado,12/29/2025,2/28/2026,CONTENEDOR NEW YORK,MASS2462,"Juego de mancuernas ajustables para el hogar de alta calidad, ejercicio de 20KG",100.00,$9.00,1,100,54.5,22.5,19.5,$0.024,$2.39,$11.96,"$1,195.59",$11.96,$20.96,2095.59375,,,,
500,Entregado,12/29/2025,2/28/2026,CONTENEDOR NEW YORK,,"Mesa H05-10 1000Wx1000 Nogal Madrid
+ Gris Ágata
+ Plata Brillante",1.00,$149.50,3,0.3333333333,,,,,,,,,,,,,,
500,Entregado,12/29/2025,2/28/2026,CONTENEDOR NEW YORK,,"H10-T04 1600/1800W*1400D*7
50H (Oficinas varias)",3.00,$118.50,4,0.75,,,,,,,,,,,,,,
500,Entregado,12/29/2025,2/28/2026,CONTENEDOR NEW YORK,MASS2457,Masajeador Con Infrarrojo Body Innovation,144.00,$3.80,24,6,56,51,46,$0.131,$0.79,$65.69,$394.13,$2.74,$6.54,941.328,,,,
500,Entregado,12/29/2025,2/28/2026,CONTENEDOR NEW YORK,,H10-G02 2000W*400D*750H (area cafe gerencia),1.00,$134.00,3,0.3333333333,,,,,,,,,,,,,,
500,Entregado,12/29/2025,2/28/2026,CONTENEDOR NEW YORK,MASS2056,"BOMBILLOS VINTAGE
5 meters 20 lights",300.00,$2.50,50,6,71.5,66.5,45,$0.214,$1.28,$106.98,$641.89,$2.14,$4.64,1391.89125,,,,
500,Entregado,12/29/2025,2/28/2026,CONTENEDOR NEW YORK,MASS1477,SET DE ARTE 150 PCS,140.00,$1.50,20,7,37,62,35,$0.080,$0.56,$40.15,$281.02,$2.01,$3.51,491.015,,,,
500,Entregado,12/29/2025,2/28/2026,CONTENEDOR NEW YORK,MASS1648,ORGANIZADOR DE LIMPIEZA,210.00,$1.85,30,7,54,,35.5,,,,,,,,,,,
500,Entregado,12/29/2025,2/28/2026,CONTENEDOR NEW YORK,"MASS0238 Marron Oscuro MASS0239 Marron Claro
MASS0237 Blanco","Air humidifier 006 (180 MARRON OSCURO, 120 MARRON CLARO,120 BLANCO)",420.00,$1.28,,,,,,,,,,,,,,,,
500,Entregado,12/29/2025,2/28/2026,CONTENEDOR NEW YORK,MASS0332,MOUSE USB LENOVO,400.00,$0.60,200,2,66,47,49,$0.152,$0.30,$76.00,$152.00,$0.38,$0.98,391.998,,,,
500,Entregado,12/29/2025,2/28/2026,CONTENEDOR NEW YORK,MASS0189,CRONOMETRO DIGITAL,300.00,$0.95,300,1,43,51,55,$0.121,$0.12,$60.31,$60.31,$0.20,$1.15,345.3075,,,,
500,Entregado,12/29/2025,2/28/2026,CONTENEDOR NEW YORK,MASS0626,MOUSE USB HP X500,400.00,$0.79,100,4,60,38,49,$0.112,$0.45,$55.86,$223.44,$0.56,$1.35,539.44,,,,
500,Entregado,12/29/2025,2/28/2026,CONTENEDOR NEW YORK,MASS0334,NEBULIZADOR PORTATIL RECARGABLE 2 BOQUILLAS W308,400.00,$2.55,50,8,47.5,27,38,$0.049,$0.39,$24.37,$194.94,$0.49,$3.04,1214.94,,,,
500,Entregado,12/29/2025,2/28/2026,CONTENEDOR NEW YORK,MASS0061,BASE PARA LAPTOP ERGOSTAND,240.00,$2.45,20,12,64,39,56.5,$0.141,$1.69,$70.51,$846.14,$3.53,$5.98,1434.144,,,,
500,Entregado,12/22/2025,2/14/2026,CONTENEDOR ATLANTA,,JUEGO DE HERRAMIENTA MECANICA 369 PIEZAS,1.00,$450.00,,,,,,,,,,,,,,,,
500,Entregado,12/22/2025,2/14/2026,CONTENEDOR ATLANTA,MASS2409,TERMOS OWALA ROSA MORADO (50 UND),,,,,,,,,,,,,,,,,,
500,Entregado,12/22/2025,2/14/2026,CONTENEDOR ATLANTA,MASS2623,PESO BALANZA MALETA R.10020,300.00,$1.20,100,3,63,26,37,$0.061,$0.18,$30.30,$90.91,$0.30,$1.50,450.909,,,,
500,Entregado,12/22/2025,2/14/2026,CONTENEDOR ATLANTA,MASS2187 MASS2188 MASS2189,"Champu Meidu Cubre Canas 3 En 1 500 Ml Ojo Original(180 black,80 brow, 40 dark whine red)",288.00,$1.80,8,36,71.5,48,27,$0.093,$3.34,$46.33,"$1,667.95",$5.79,$7.59,2186.352,,,,
500,Entregado,12/22/2025,2/14/2026,CONTENEDOR ATLANTA,MASS2408,TERMOS OWALA FLOR NEGRO (100 UND),,,,,,,,,,,,,,,,,,
500,Entregado,12/22/2025,2/14/2026,CONTENEDOR ATLANTA,,SET DE LIMPIEZA,1.00,$15.00,,,,,,,,,,,,,,,,
500,Entregado,12/22/2025,2/14/2026,CONTENEDOR ATLANTA,,PISTOLA DE IMPACTO DE 1/2 A315,1.00,$59.00,,,,,,,,,,,,,,,,
500,Entregado,12/22/2025,2/14/2026,CONTENEDOR ATLANTA,MASS2630,TERMO OWALA 32 OZ ESTAMPADO LEOPARDO ROSA (100 UND),,,,,,,,,,,,,,,,,,
500,Entregado,12/22/2025,2/14/2026,CONTENEDOR ATLANTA,,AFFARI,,,,,,,,,,,,,,,,,,
500,Entregado,12/22/2025,2/14/2026,CONTENEDOR ATLANTA,MASS2380,Maquina patillera dragon R.429,200.00,$1.89,100,2,41.5,35.5,47,$0.069,$0.14,$34.62,$69.24,$0.35,$2.24,447.24275,,,,
500,Entregado,12/22/2025,2/14/2026,CONTENEDOR ATLANTA,MASS2645,TERMO OWALA 20 OZ PARA CAFE VERDE (50 UND),,,,,,,,,,,,,,,,,,
500,Entregado,12/22/2025,2/14/2026,CONTENEDOR ATLANTA,MASS0952 MASS0954 MASS0953 MASS0955,"BOLSO DE LAPTOP DOBLE CIERRE(7ONEGRO,50AZUL,60GRIS,30ROJO)",210.00,$2.20,100,2.1,100,68,80,$0.544,$1.14,$272.00,$571.20,$2.72,$4.92,1033.2,,,,
500,Entregado,12/22/2025,2/14/2026,CONTENEDOR ATLANTA,MASS2637,TERMO OWALA 30 ONZ 900 ML MARFIL (50 UND),,,,,,,,,,,,,,,,,,
500,Entregado,12/22/2025,2/14/2026,CONTENEDOR ATLANTA,MASS2359,Plancha a vapor de mano gris 800w R.91313H-110,60.00,$3.60,20,3,57,38,47,$0.102,$0.31,$50.90,$152.70,$2.55,$6.15,368.703,,,,
500,Entregado,12/22/2025,2/14/2026,CONTENEDOR ATLANTA,,"Bastidor auxiliar de cinco capas y doble cara
(Sidebar) 90*76*160",16.00,$44.89,,,,,,,,,,,,,,,,
500,Entregado,12/22/2025,2/14/2026,CONTENEDOR ATLANTA,MASS2620,Air fryer negro 3L,60.00,$14.75,2,30,60.8,31,37,$0.070,$2.09,$34.87,"$1,046.06",$17.43,$32.18,1931.064,,,,
500,Entregado,12/22/2025,2/14/2026,CONTENEDOR ATLANTA,,PRODUCTOS NUEVOS,,,,,,,,,,,,,,,,,,
500,Entregado,12/22/2025,2/14/2026,CONTENEDOR ATLANTA,MASS2614,Cortador Manual de patatas fritas de acero inoxidable,240.00,$2.68,24,10,53,30,48,$0.076,$0.76,$38.16,$381.60,$1.59,$4.27,1024.8,,,,
500,Entregado,12/22/2025,2/14/2026,CONTENEDOR ATLANTA,MASS2610,Modulo Decodificador Bluetooth Mp3 Usb Sd Card Fm Control,250.00,$2.00,500,0.5,45,66,48,$0.143,$0.07,$71.28,$35.64,$0.14,$2.14,535.64,,,,
500,Entregado,12/22/2025,2/14/2026,CONTENEDOR ATLANTA,MASS2644,TERMO OWALA 20 OZ PARA CAFE MARRON (50 UND),,,,,,,,,,,,,,,,,,
500,Entregado,12/22/2025,2/14/2026,CONTENEDOR ATLANTA,,REPOSICION,,,,,,,,,,,,,,,,,,
500,Entregado,12/22/2025,2/14/2026,CONTENEDOR ATLANTA,MASS2216,MASAJEADOR DE PIE PROFUNDO TERMICO,100.00,$6.00,20,5,60,37,75,$0.167,$0.83,$83.25,$416.25,$4.16,$10.16,1016.25,,,,
500,Entregado,12/22/2025,2/14/2026,CONTENEDOR ATLANTA,MASS2651,MASAJEADOR REDUCTOR DE CELULITIS TERAPIA INFRAROJO NEGRO (500 UND),,,,,,,,,,,,,,,,,,
500,Entregado,12/22/2025,2/14/2026,CONTENEDOR ATLANTA,MASS2625,TERMO OWALA 32 OZ AZUL CLARO (50 UND),,,,,,,,,,,,,,,,,,
500,Entregado,12/22/2025,2/14/2026,CONTENEDOR ATLANTA,MASS2407,TERMOS OWALA FLOR (50 UND),,,,,,,,,,,,,,,,,,
500,Entregado,12/22/2025,2/14/2026,CONTENEDOR ATLANTA,MASS2629,TERMO OWALA 32 OZ ROSA CON ROJO (100 UND),,,,,,,,,,,,,,,,,,
500,Entregado,12/22/2025,2/14/2026,CONTENEDOR ATLANTA,,"Bastidor principal de cinco capas y doble cara
(main frame) 90*76*160",7.00,$49.89,,,,,,,,,,,,,,,,
500,Entregado,12/22/2025,2/14/2026,CONTENEDOR ATLANTA,MASS2639,TERMO OWALA 30 ONZ 900 ML MORADO (50 UND),,,,,,,,,,,,,,,,,,
500,Entregado,12/22/2025,2/14/2026,CONTENEDOR ATLANTA,MASS2379,Maquina patillera buda R.430,200.00,$1.89,100,2,41.5,35.5,47,$0.069,$0.14,$34.62,$69.24,$0.35,$2.24,447.24275,,,,
500,Entregado,12/22/2025,2/14/2026,CONTENEDOR ATLANTA,MASS2358,Plancha a vapor de mano negra 800w R.91313B-110,80.00,$3.60,20,4,57,38,47,$0.102,$0.41,$50.90,$203.60,$2.55,$6.15,491.604,,,,
500,Entregado,12/22/2025,2/14/2026,CONTENEDOR ATLANTA,MASS2617,Air fryer negro 5L R.5234B-110,40.00,$20.70,2,20,62.5,31,37,$0.072,$1.43,$35.84,$716.88,$17.92,$38.62,1544.875,,,,
500,Entregado,12/22/2025,2/14/2026,CONTENEDOR ATLANTA,MASS2360,Plancha a vapor de mano blanca 800w R.91313W-110,80.00,$3.60,20,4,57,38,47,$0.102,$0.41,$50.90,$203.60,$2.55,$6.15,491.604,,,,
500,Entregado,12/22/2025,2/14/2026,CONTENEDOR ATLANTA,MASS2347,Licuadora Electrica R.9295-110,60.00,$7.42,6,10,58.5,41,40.5,$0.097,$0.97,$48.57,$485.70,$8.09,$15.51,930.89625,,,,
500,Entregado,12/22/2025,2/14/2026,CONTENEDOR ATLANTA,MASS2615,Cotufera Electrica R.99014-110,200.00,$5.35,20,10,64,33.5,56,$0.120,$1.20,$60.03,$600.32,$3.00,$8.35,1670.32,,,,
500,Entregado,12/22/2025,2/14/2026,CONTENEDOR ATLANTA,MASS2618,Air fryer blanco 5L R.5234W,40.00,$20.70,2,20,62.5,31,37,$0.072,$1.43,$35.84,$716.88,$17.92,$38.62,1544.875,,,,
500,Entregado,12/22/2025,2/14/2026,CONTENEDOR ATLANTA,,SCANER DE CARRO,1.00,$595.00,,,,,,,,,,,,,,,,
500,Entregado,12/22/2025,2/14/2026,CONTENEDOR ATLANTA,MASS2628,TERMO OWALA 32 OZ NEGRO CON GRIS (100 UND),,,,,,,,,,,,,,,,,,
500,Entregado,12/22/2025,2/14/2026,CONTENEDOR ATLANTA,,LAMPARA LED,6.00,$15.15,,,,,,,,,,,,,,,,
500,Entregado,12/22/2025,2/14/2026,CONTENEDOR ATLANTA,,DESTORNILLADOR ELECTICO CON MALETIN Y KIT,1.00,$85.79,,,,,,,,,,,,,,,,
500,Entregado,12/22/2025,2/14/2026,CONTENEDOR ATLANTA,,CAMILLA DE TRABAJO PARA TALLER,7.00,$12.85,,,,,,,,,,,,,,,,
500,Entregado,12/22/2025,2/14/2026,CONTENEDOR ATLANTA,,DETECOR ANTICONJELANTE QA1109,5.00,$2.00,,,,,,,,,,,,,,,,
500,Entregado,12/22/2025,2/14/2026,CONTENEDOR ATLANTA,,PROBADOR DE INYECTORES DE GASOLINA AUTOL CT500,1.00,$400.00,,,,,,,,,,,,,,,,
500,Entregado,12/22/2025,2/14/2026,CONTENEDOR ATLANTA,,ELEVADORES JTL 5000 KG,2.00,$940.00,,,,,,,,,,,,,,,,
500,Entregado,12/22/2025,2/14/2026,CONTENEDOR ATLANTA,MASS2410,TERMOS OWALA VERDE HIEBRA (100 UND),,,,,,,,,,,,,,,,,,
500,Entregado,12/22/2025,2/14/2026,CONTENEDOR ATLANTA,,CUADROS DECORATIVOS,3.00,$18.33,,,,,,,,,,,,,,,,
500,Entregado,12/22/2025,2/14/2026,CONTENEDOR ATLANTA,MASS2622,MAQ. YOGURT MAKER CUADRADA R.914400-110 RAF,140.00,$10.75,4,35,51.5,26.5,28.5,$0.039,$1.36,$19.45,$680.67,$4.86,$15.61,2185.669063,,,,
500,Entregado,12/22/2025,2/14/2026,CONTENEDOR ATLANTA,,PEDIDO GUILLERMO,,,,,,,,,,,,,,,,,,
500,Entregado,12/22/2025,2/14/2026,CONTENEDOR ATLANTA,MASS1264,PLANCHA DE HIERRO FUNDIDO REVERSIBLE,120.00,$6.55,5,24,53,26,14,$0.019,$0.46,$9.65,$231.50,$1.93,$8.48,1017.504,,,,
500,Entregado,12/22/2025,2/14/2026,CONTENEDOR ATLANTA,MASS2348,Procesador de alimentos R.97030-110,80.00,$5.65,16,5,82.5,43,33,$0.117,$0.59,$58.53,$292.67,$3.66,$9.31,744.66875,,,,
500,Entregado,12/22/2025,2/14/2026,CONTENEDOR ATLANTA,MASS2353,Molino de cafe 300w R.97113-110,252.00,$2.12,36,7,44,33,53.5,$0.078,$0.54,$38.84,$271.89,$1.08,$3.20,806.127,,,,
500,Entregado,12/22/2025,2/14/2026,CONTENEDOR ATLANTA,,COMPROBADOR DE CARGA DE BATERIA ANSEL BST500,1.00,$95.00,,,,,,,,,,,,,,,,
500,Entregado,12/22/2025,2/14/2026,CONTENEDOR ATLANTA,MASS2619,Air fryer blanco 3L R.95237W-110,60.00,$14.75,2,30,60.8,31,37,$0.070,$2.09,$34.87,"$1,046.06",$17.43,$32.18,1931.064,,,,
500,Entregado,12/22/2025,2/14/2026,CONTENEDOR ATLANTA,MASS2405,TERMOS OWALA NEGRO (200 UND),"1,400.00",$5.25,25,56,49.6,50,30,$0.074,$4.17,$37.20,"$2,083.20",$1.49,$6.74,9433.2,,,,
500,Entregado,12/22/2025,2/14/2026,CONTENEDOR ATLANTA,MASS2649,TERMO OWALA 20 OZ PARA CAFE ROSA (50 UND),,,,,,,,,,,,,,,,,,
500,Entregado,12/22/2025,2/14/2026,CONTENEDOR ATLANTA,MASS2335,MAQ. YOGURT MAKER REDONDA R.914404-110 RAF,140.00,$6.65,4,35,51.5,27,35,$0.049,$1.70,$24.33,$851.68,$6.08,$12.73,1782.68125,,,,
500,Entregado,12/22/2025,2/14/2026,CONTENEDOR ATLANTA,MASS2621,Olla a presion 6L R.9177-110,42.00,$20.75,4,10.5,64,33,76,$0.161,$1.69,$80.26,$842.69,$20.06,$40.81,1714.188,,,,
500,Entregado,12/22/2025,2/14/2026,CONTENEDOR ATLANTA,MASS2624,TERMO OWALA 32 OZ MORADO (50 UND),,,,,,,,,,,,,,,,,,
500,Entregado,12/22/2025,2/14/2026,CONTENEDOR ATLANTA,MASS2369,waflera 500w R.591-110,144.00,$3.85,24,6,62.5,37.5,30.8,$0.072,$0.43,$36.09,$216.56,$1.50,$5.35,770.9625,,,,
500,Entregado,12/22/2025,2/14/2026,CONTENEDOR ATLANTA,,KIT CON PUNTA DE PRUEBA CIRCUITOS AUTOMOTRICES,1.00,$95.00,,,,,,,,,,,,,,,,
500,Entregado,12/22/2025,2/14/2026,CONTENEDOR ATLANTA,MASS2612,"Telescopio monocular de aumento de alta definición de 2000x25 de 3,6 pulgadas, telescopio portátil de un solo tubo",200.00,$1.15,500,0.4,45,48,50,$0.108,$0.04,$54.00,$21.60,$0.11,$1.26,251.6,,,,
500,Entregado,12/22/2025,2/14/2026,CONTENEDOR ATLANTA,MASS2342,"Freidora de aceite 5,5L R.5220-110V",60.00,$12.65,4,15,58,45,52,$0.136,$2.04,$67.86,"$1,017.90",$16.97,$29.62,1776.9,,,,
500,Entregado,12/22/2025,2/14/2026,CONTENEDOR ATLANTA,,"Bastidor final de cinco capas con malla lateral
(End Shelf) 76*41*160",14.00,$37.50,,,,,,,,,,,,,,,,
500,Entregado,12/22/2025,2/14/2026,CONTENEDOR ATLANTA,MASS2345,Licuadora Electrica negra R.92809B-110,30.00,$8.63,6,5,63,56,36,$0.127,$0.64,$63.50,$317.52,$10.58,$19.21,576.42,,,,
500,Entregado,12/22/2025,2/14/2026,CONTENEDOR ATLANTA,MASS2631,TERMO OWALA 32 OZ ESTAMPADO FANTASMA BRILLANTE (50 UND),,,,,,,,,,,,,,,,,,
500,Entregado,12/22/2025,2/14/2026,CONTENEDOR ATLANTA,MASS2635,TERMO OWALA 30 ONZ 900 ML VERDE (50 UND),,,,,,,,,,,,,,,,,,
500,Entregado,12/22/2025,2/14/2026,CONTENEDOR ATLANTA,MASS2606,"Zapatero a prueba de polvo, 5 capas",140.00,$3.68,5,28,59,27,23,$0.037,$1.03,$18.32,$512.95,$3.66,$7.34,1028.146,,,,
500,Entregado,12/22/2025,2/14/2026,CONTENEDOR ATLANTA,MASS2611,MINI VENTILADOR TURBO DE ALTA POTENCIA RECARGABLE,180.00,$4.25,60,3,42,32,37,$0.050,$0.15,$24.86,$74.59,$0.41,$4.66,839.592,,,,
500,Entregado,12/22/2025,2/14/2026,CONTENEDOR ATLANTA,MASS2326,SOPORTE DE TELÉFONO PARA COCHE DE DISEÑO INNOVADOR BRAZO DE ABRAZADERA PLEGABLE DE ROTACIÓN 360 CON VENTOSA DE VACÍO MAGNÉTICA FLEXIBLE,"1,000.00",$0.75,125,8,44,38,30,$0.050,$0.40,$25.08,$200.64,$0.20,$0.95,950.64,,,,
500,Entregado,12/22/2025,2/14/2026,CONTENEDOR ATLANTA,,SET DE ADAPTADORES PARA CAMBIO DE ACEITE,2.00,$30.00,,,,,,,,,,,,,,,,
500,Entregado,12/22/2025,2/14/2026,CONTENEDOR ATLANTA,MASS2626,TERMO OWALA 32 OZ BLANQUECINO (100 UND),,,,,,,,,,,,,,,,,,
500,Entregado,12/22/2025,2/14/2026,CONTENEDOR ATLANTA,MASS2406,TERMOS OWALA AZUL OSCURO (100 UND),,,,,,,,,,,,,,,,,,
500,Entregado,12/22/2025,2/14/2026,CONTENEDOR ATLANTA,MASS2643,TERMO OWALA 20 OZ PARA CAFE MORADO OSCURO (50 UND),,,,,,,,,,,,,,,,,,
500,Entregado,12/22/2025,2/14/2026,CONTENEDOR ATLANTA,MASS2647,TERMO OWALA 20 OZ PARA CAFE AMARILLO (50 UND),,,,,,,,,,,,,,,,,,
500,Entregado,12/22/2025,2/14/2026,CONTENEDOR ATLANTA,MASS2634,TERMO OWALA 30 ONZ 900 ML BLANQUECINO (50 UND),,,,,,,,,,,,,,,,,,
500,Entregado,12/22/2025,2/14/2026,CONTENEDOR ATLANTA,MASS2616,Air fryer 6L R.5010-110V,50.00,$23.70,2,25,68.5,40.5,39,$0.108,$2.70,$54.10,"$1,352.45",$27.05,$50.75,2537.446875,,,,
500,Entregado,12/22/2025,2/14/2026,CONTENEDOR ATLANTA,,USO INTERNO,,,,,,,,,,,,,,,,,,
500,Entregado,12/22/2025,2/14/2026,CONTENEDOR ATLANTA,MASS2079,Medidor De Ph Digital Portatil,300.00,$1.40,100,3,35,33,29,$0.033,$0.10,$16.75,$50.24,$0.17,$1.57,470.2425,,,,
500,Entregado,12/22/2025,2/14/2026,CONTENEDOR ATLANTA,MASS2195 MASS2703 MASS2704,"COCHE PARA BEBE VIAJERO YOYO (15 negro, 10 blanquecino, 5 Azul)",30.00,$45.00,1,30,38,,67.5,,,,,,,,,,,
500,Entregado,12/22/2025,2/14/2026,CONTENEDOR ATLANTA,MASS1377,HIDROYET RECARGABLE 48VF (Con maleta y boquilla),400.00,$6.60,10,40,75,26,45,$0.088,$3.51,$43.88,"$1,755.00",$4.39,$10.99,4395,,,,
500,Entregado,12/22/2025,2/14/2026,CONTENEDOR ATLANTA,MASS1265,SET DE SARTENES HIERRO FUNDIDO,10.00,$9.35,5,2,47,40,35,$0.066,$0.13,$32.90,$65.80,$6.58,$15.93,159.3,,,,
500,Entregado,12/22/2025,2/14/2026,CONTENEDOR ATLANTA,MASS2017 MASS2018,"Kennel Transportador De Mascotas Armable Mediano 3Franjas talla M(7OAZUL,7OROSADA)",140.00,$3.05,70,2,65,43,60,$0.168,$0.34,$83.85,$167.70,$1.20,$4.25,594.7,,,,
500,Entregado,12/22/2025,2/14/2026,CONTENEDOR ATLANTA,MASS2646,TERMO OWALA 20 OZ PARA CAFE BLANCO ROSADO (50 UND),,,,,,,,,,,,,,,,,,
500,Entregado,12/22/2025,2/14/2026,CONTENEDOR ATLANTA,,DETECTOR DE HUMEDAD DE LIQUIDO DE FRENO,3.00,$12.00,,,,,,,,,,,,,,,,
500,Entregado,12/22/2025,2/14/2026,CONTENEDOR ATLANTA,MASS2632,TERMO OWALA 30 ONZ 900 ML NEGRO (100 UND),500.00,$5.48,25,20,59,56,26,$0.086,$1.72,$42.95,$859.04,$1.72,$7.20,3599.04,,,,
500,Entregado,12/22/2025,2/14/2026,CONTENEDOR ATLANTA,MASS2638,TERMO OWALA 30 ONZ 900 ML AZUL CLARO (50 UND),,,,,,,,,,,,,,,,,,
500,Entregado,12/22/2025,2/14/2026,CONTENEDOR ATLANTA,MASS2609,Modulo Decodificador Bluetooth Mp3 Usb Card Fm,250.00,$1.25,250,1,60,40,40,$0.096,$0.10,$48.00,$48.00,$0.19,$1.44,360.5,,,,
500,Entregado,12/22/2025,2/14/2026,CONTENEDOR ATLANTA,MASS2377,Maquina de perro R.436,200.00,$3.48,40,5,58.5,45,34.5,$0.091,$0.45,$45.41,$227.05,$1.14,$4.62,923.053125,,,,
500,Entregado,12/22/2025,2/14/2026,CONTENEDOR ATLANTA,MASS2346,Licuadora Electrica roja R.92809R-110,30.00,$8.63,6,5,63,56,36,$0.127,$0.64,$63.50,$317.52,$10.58,$19.21,576.42,,,,
500,Entregado,12/22/2025,2/14/2026,CONTENEDOR ATLANTA,,BURRO TN,3.00,$20.00,,,,,,,,,,,,,,,,
500,Entregado,12/22/2025,2/14/2026,CONTENEDOR ATLANTA,,500 JUEGO CUBRE ASIENTOS + VOLANTE + PISO DE CARRO,1.00,$163.76,,,,,,,,,,,,,,,,
500,Entregado,12/22/2025,2/14/2026,CONTENEDOR ATLANTA,,COMPRESORE DE AIRE 120L 4/4 5KW 220V,1.00,$450.00,,,,,,,,,,,,,,,,
500,Entregado,12/22/2025,2/14/2026,CONTENEDOR ATLANTA,,CARRO PARA LAS HERRAMIENTAS DE TRABAJO,2.00,$45.00,,,,,,,,,,,,,,,,
500,Entregado,12/22/2025,2/14/2026,CONTENEDOR ATLANTA,MASS0943,PISTOLA MASAJEADORA GRANDE GRIS,400.00,$4.50,20,20,64,38,46,$0.112,$2.24,$55.94,"$1,118.72",$2.80,$7.30,2918.72,,,,
500,Entregado,12/22/2025,2/14/2026,CONTENEDOR ATLANTA,,LINTERNA RECARGABLE,15.00,$4.22,,,,,,,,,,,,,,,,
500,Entregado,12/22/2025,2/14/2026,CONTENEDOR ATLANTA,,"MASAJEADOR REDUCTOR DE CELULITIS, VENTOSA Y CALOR INFRARROJO",120.00,$7.25,30,4,51,47,40,$0.096,$0.38,$47.94,$191.76,$1.60,$8.85,1061.76,,,,
500,Entregado,12/22/2025,2/14/2026,CONTENEDOR ATLANTA,MASS2605,"Zapatero a prueba de polvo, 7 capas",140.00,$4.50,5,28,59,27,28,$0.045,$1.25,$22.30,$624.46,$4.46,$8.96,1254.456,,,,
500,Entregado,12/22/2025,2/14/2026,CONTENEDOR ATLANTA,,LAMPARA LED,6.00,$35.06,,,,,,,,,,,,,,,,
500,Entregado,12/22/2025,2/14/2026,CONTENEDOR ATLANTA,MASS2701,"Perchero de dos filas, 5 niveles, 125 cm",140.00,$4.20,10,14,58.5,38,62,$0.138,$1.93,$68.91,$964.78,$6.89,$11.09,1552.782,,,,
500,Entregado,12/22/2025,2/14/2026,CONTENEDOR ATLANTA,,"Disply Rack
93*47*200cm
7/8mm-Blue",15.00,$43.80,1,15,,,,,,,,,,,,,,
500,Entregado,12/22/2025,2/14/2026,CONTENEDOR ATLANTA,MASS2702,"Perchero de dos filas, 6 niveles, 155 cm",140.00,$5.00,10,14,58.5,38,62,$0.138,$1.93,$68.91,$964.78,$6.89,$11.89,1664.782,,,,
500,Entregado,12/22/2025,2/14/2026,CONTENEDOR ATLANTA,MASS2613,"Rodillo Facial de Jade G10 QT para Enfriar la Piel y Relajar, Masaje Facial y Corporal",200.00,$7.80,100,2,54,38,46,$0.094,$0.19,$47.20,$94.39,$0.47,$8.27,1654.392,,,,
500,Entregado,12/22/2025,2/14/2026,CONTENEDOR ATLANTA,MASS2633,TERMO OWALA 30 ONZ 900 ML NARANJA (50 UND),,,,,,,,,,,,,,,,,,
500,Entregado,12/22/2025,2/14/2026,CONTENEDOR ATLANTA,MASS2640,TERMO OWALA 30 ONZ 900 ML ROSA (50 UND),,,,,,,,,,,,,,,,,,
500,Entregado,12/22/2025,2/14/2026,CONTENEDOR ATLANTA,,CINTA LED 24V 50 METROS,50.00,$2.09,,,,,,,,,,,,,,,,
500,Entregado,12/22/2025,2/14/2026,CONTENEDOR ATLANTA,MASS2641,TERMO OWALA 20 OZ PARA CAFE NEGRO (50 UND),400.00,$5.50,25,16,48,48,23,$0.053,$0.85,$26.50,$423.94,$1.06,$6.56,2623.936,,,,
500,Entregado,12/22/2025,2/14/2026,CONTENEDOR ATLANTA,MASS2648,TERMO OWALA 20 OZ PARA CAFE VERDE OSCURO (50 UND),,,,,,,,,,,,,,,,,,
500,Entregado,12/22/2025,2/14/2026,CONTENEDOR ATLANTA,MASS2650,TERMO OWALA 20 OZ PARA CAFE ESTRELLAS (50 UND),,,,,,,,,,,,,,,,,,
500,Entregado,12/22/2025,2/14/2026,CONTENEDOR ATLANTA,MASS2636,TERMO OWALA 30 ONZ 900 ML VINOTINTO (50 UND),,,,,,,,,,,,,,,,,,
500,Entregado,12/22/2025,2/14/2026,CONTENEDOR ATLANTA,MASS1527,MINI MOTOSIERRA INALAMBRICA PORTATIL 6 EN 1 CON2 BATERIAS,40.00,$8.50,10,4,59.5,38,42,$0.095,$0.38,$47.48,$189.92,$4.75,$13.25,529.924,,,,
500,Entregado,12/22/2025,2/14/2026,CONTENEDOR ATLANTA,MASS2652,MASAJEADOR REDUCTOR DE CELULITIS TERAPIA INFRAROJO BLANCO (1000 UND),"1,500.00",$4.85,30,50,51,47,40,$0.096,$4.79,$47.94,"$2,397.00",$1.60,$6.45,9672,,,,
500,Entregado,12/22/2025,2/14/2026,CONTENEDOR ATLANTA,MASS0951 MASS0950 MASS1601 MASS1600,"BOLSO DE LAPTOP REFLECTIVO(7ONEGRO,50AZUL,48GRIS,30ROJO)",198.00,$2.75,100,1.98,100,60,76,$0.456,$0.90,$228.00,$451.44,$2.28,$5.03,995.94,,,,
500,Entregado,12/22/2025,2/14/2026,CONTENEDOR ATLANTA,MASS2627,TERMO OWALA 32 OZ BLANCO PURO (150 UND),,,,,,,,,,,,,,,,,,
500,Entregado,12/22/2025,2/14/2026,CONTENEDOR ATLANTA,,PRENSA PARA FRENO,2.00,$11.25,,,,,,,,,,,,,,,,
500,Entregado,12/22/2025,2/14/2026,CONTENEDOR ATLANTA,,SET DE BROCAS PARA PISTOLA,1.00,$79.00,,,,,,,,,,,,,,,,
500,Entregado,12/22/2025,2/14/2026,CONTENEDOR ATLANTA,MASS2642,TERMO OWALA 20 OZ PARA CAFE BLANQUECINO (50 UND),,,,,,,,,,,,,,,,,,
500,Entregado,12/22/2025,2/14/2026,CONTENEDOR ATLANTA,,RECOLETOR DE ACEITE,2.00,$75.00,,,,,,,,,,,,,,,,
500,Entregado,12/8/2025,,CONTENEDOR TEXAS,MASS2339,JUICER R.92831-110 RAF,40.00,$26.14,4,10,78,42,38,$0.124,$1.24,$62.24,$622.44,$15.56,$41.70,1668.04,,,,
500,Entregado,12/8/2025,,CONTENEDOR TEXAS,MASS2335,MAQ. YOGURT MAKER R.914404-110 RAF,60.00,$10.48,4,15,51.5,26.5,28.5,$0.039,$0.58,$19.45,$291.72,$4.86,$15.34,920.5153125,,,,
500,Entregado,12/8/2025,,CONTENEDOR TEXAS,MASS2340,OLLA CALIENTE ELECTRICA 6L R.95410-110 RAF,36.00,$9.39,6,6,50,42,68,$0.143,$0.86,$71.40,$428.40,$11.90,$21.29,766.44,,,,
500,Entregado,12/8/2025,,CONTENEDOR TEXAS,MASS2331,EJERCITADOR DE SUELO PÉLVICO ENTRENADOR MUSCULAR DISPOSITIVO DE PIERNA MÚSCULO ENTRENADOR DE CADERA ENTRENADOR MUSCULAR,160.00,$4.50,40,4,58,52,49,$0.148,$0.59,$73.89,$295.57,$1.85,$6.35,1015.568,,,,
500,Entregado,12/8/2025,,CONTENEDOR TEXAS,MASS2320,"MÁQUINA DE DEPILACIÓN LÁSER DE DIODO 3 EN 1 OPT IPL, LÁSER PORTÁTIL ND YAG PARA ELIMINAR TATUAJES, DISPOSITIVO DE BELLEZA PROFESIONAL, DEPILACIÓN LÁSER",5.00,$790.00,1,5,48,68,66,$0.215,$1.08,$107.71,$538.56,$107.71,$897.71,4488.56,,,,
500,Entregado,12/8/2025,,CONTENEDOR TEXAS,MASS2323,MICRÓFONO DE SOLAPA INALÁMBRICO 2MIC 3 EN 1 PARA GRABACIÓN DE AUDIO Y VIDEO DE VLOGS Y TRANSMISIONES DE ENTREVISTAS COMPATIBLES CON SMARTPHONES,200.00,$4.20,100,2,57.5,32,40,$0.074,$0.15,$36.80,$73.60,$0.37,$4.57,913.6,,,,
500,Entregado,12/8/2025,,CONTENEDOR TEXAS,MASS2315,SKIN1004 SÉRUM FACIAL DE AMPOLLA DE CENTELLA ASIATICA,196.00,$1.50,96,2.041666667,46,35,31.5,$0.051,$0.10,$25.36,$51.77,$0.26,$1.76,345.7715625,,,,
500,Entregado,12/8/2025,,CONTENEDOR TEXAS,MASS1361,Papel Fotográfico Inkjet 240 Gr. 20 Hojas,"1,400.00",$0.50,70,20,45,32,21,$0.030,$0.60,$15.12,$302.40,$0.22,$0.72,1002.4,,,,
500,Entregado,12/8/2025,,CONTENEDOR TEXAS,MASS2314,"JUEGO DE MASCARILLAS DE GEL PARA OJOS, COMPRESA DE HIELO, MASCARILLAS PARA DORMIR, HERRAMIENTAS DE BELLEZA Y SALUD",300.00,$0.65,100,3,43,28,23,$0.028,$0.08,$13.85,$41.54,$0.14,$0.79,236.538,,,,
500,Entregado,12/8/2025,,CONTENEDOR TEXAS,MASS2316,RETINOL SHOT TIGHTENING SERUM30ML + POTENCIADOR AJUSTADO PARA LA PIEL DEL INFIERNO REDUCE LAS LÍNEAS FINAS ARRUGAS RETINOL CREMA PARA OJOS 15ML,200.00,$1.55,200,1,38.5,37.5,27,$0.039,$0.04,$19.49,$19.49,$0.10,$1.65,329.490625,,,,
500,Entregado,12/8/2025,,CONTENEDOR TEXAS,MASS2068,"MASAJEADOR REDUCTOR DE CELULITIS, VENTOSA Y CALOR INFRARROJO",450.00,$5.00,30,15,51,47,40,$0.096,$1.44,$47.94,$719.10,$1.60,$6.60,2969.1,,,,
500,Entregado,12/8/2025,,CONTENEDOR TEXAS,MASS2059/MASS2060,RAZURADORA PARA DAMA,499.00,$4.80,50,9.98,41,37,32,$0.049,$0.48,$24.27,$242.23,$0.49,$5.29,2637.43456,,,,
500,Entregado,12/8/2025,,CONTENEDOR TEXAS,MASS0889,BALANZA PERSONAL RECARGABLE,980.00,$1.70,20,49,54.5,25,28.5,$0.039,$1.90,$19.42,$951.37,$0.97,$2.67,2617.365625,,,,
500,Entregado,12/8/2025,,CONTENEDOR TEXAS,MASS2061/MASS2062,"MAQUINA PARA USO INTIMO CABALLERO
(NEGRA80 BLANCO80)",320.00,$3.50,80,4,67,38,38,$0.097,$0.39,$48.37,$193.50,$0.60,$4.10,1313.496,,,,
500,Entregado,12/8/2025,,CONTENEDOR TEXAS,MASS2312,20 PIEZAS SADOER 24K ORO MASCARILLAS FACIALES HIDRATANTES CUIDADO DE LA PIEL REAFIRMANTE NUTRITIVO SUAVE REJUVENECIMIENTO DE LA PIEL MASCARILLA DE HOJAS,300.00,$0.15,300,1,35,29,23,$0.023,$0.02,$11.67,$11.67,$0.04,$0.19,56.6725,,,,
500,Entregado,12/8/2025,,CONTENEDOR TEXAS,MASS2341,COCINA INFRAROJA 3500W R.98029-110 RAF,48.00,$9.70,8,6,74.5,44.5,36,$0.119,$0.72,$59.67,$358.05,$7.46,$17.16,823.647,,,,
500,Entregado,12/8/2025,,CONTENEDOR TEXAS,MASS2310,HYALURONIC ACID ESSENCE 15ML,96.00,$0.50,96,1,49,34,26,$0.043,$0.04,$21.66,$21.66,$0.23,$0.73,69.658,,,,
500,Entregado,12/8/2025,,CONTENEDOR TEXAS,MASS0704,MAQUINA MASTURBADORA CON PENE BPJ01,32.00,$14.00,16,2,20,18,18,$0.006,$0.01,$3.24,$6.48,$0.20,$14.20,454.48,,,,
500,Entregado,12/8/2025,,CONTENEDOR TEXAS,MASS2319,"KIT DE ELIMINACIÓN DE VERRUGAS Y TOPO, HERRAMIENTAS DE LIMPIEZA PARA EL CUIDADO DE LA PIEL FACIAL, TRATAMIENTOS DE PUNTOS Y VERRUGAS CORPORALES, INDOLORO, 2 EN 1, BELLEZA Y SALUD",200.00,$1.80,100,2,46.5,51.5,33.5,$0.080,$0.16,$40.11,$80.22,$0.40,$2.20,440.224125,,,,
500,Entregado,12/8/2025,,CONTENEDOR TEXAS,MASS2322,ESTERILLA DE YOGA + PELOTA DE YOGA + RODILLO DE ESPUMA ARO DE PILATES + LADRILLO DE YOGA + CUERDA DE RESISTENCIA,48.00,$10.00,6,8,40,39,36,$0.056,$0.45,$28.08,$224.64,$4.68,$14.68,704.64,,,,
500,Entregado,12/8/2025,,CONTENEDOR TEXAS,MASS2325,RELOJ DESPERTADOR 3 EN 1AL POR MAYOR CON CARGADOR CARGADOR INALÁMBRICO PORTÁTIL PLEGABLE RELOJ DESPERTADOR CON CARGADOR ESTACIONES DE CARGA PORTÁTILES,80.00,$10.50,50,1.6,37,38,29,$0.041,$0.07,$20.39,$32.62,$0.41,$10.91,872.6192,,,,
500,Entregado,12/8/2025,,CONTENEDOR TEXAS,MASS2327,ALTAVOZ BT INALÁMBRICO PORTÁTIL DE ALTA CALIDAD 2025 CON SUBWOOFER RGB REPRODUCTOR DE AUDIO DEPORTIVO AL AIRE LIBRE IMPERMEABLE,250.00,$3.68,50,5,38,38.5,36,$0.053,$0.26,$26.33,$131.67,$0.53,$4.21,1051.67,,,,
500,Entregado,12/8/2025,,CONTENEDOR TEXAS,MASS2326,SOPORTE DE TELÉFONO PARA COCHE DE DISEÑO INNOVADOR BRAZO DE ABRAZADERA PLEGABLE DE ROTACIÓN 360 CON VENTOSA DE VACÍO MAGNÉTICA FLEXIBLE,250.00,$0.80,125,2,44,38,30,$0.050,$0.10,$25.08,$50.16,$0.20,$1.00,250.16,,,,
500,Entregado,12/8/2025,,CONTENEDOR TEXAS,MASS2330,EQUIPO DE FITNESS DE BARRA DE DOMINADAS INDIVIDUAL DE USO DOMÉSTICO CON ANILLOS PARA NIÑOS OPCIÓN DE PUERTA DE PARED DE ACERO SIN TALADRO PARA EJERCICIO EN INTERIORES,150.00,$5.65,15,10,84,26,38,$0.083,$0.83,$41.50,$414.96,$2.77,$8.42,1262.46,,,,
500,Entregado,12/8/2025,,CONTENEDOR TEXAS,MASS1083,CERRADURA PARA PUERTA DOMO,400.00,$1.15,40,10,64,27,40,$0.069,$0.69,$34.56,$345.60,$0.86,$2.01,805.6,,,,
500,Entregado,12/8/2025,,CONTENEDOR TEXAS,MASS1574,TIRRO MASSHOPPING 5CM*100m,792.00,$0.65,72,11,48,36,35,$0.060,$0.67,$30.24,$332.64,$0.42,$1.07,847.44,,,,
500,Entregado,12/8/2025,,CONTENEDOR TEXAS,MASS2337,ELECTRIC CAKESTALL R.95210-110 RAF,160.00,$5.47,16,10,67,50,57,$0.191,$1.91,$95.48,$954.75,$5.97,$11.44,1829.95,,,,
500,Entregado,12/8/2025,,CONTENEDOR TEXAS,MASS1335,COTUFERA DE AIRE ELECTRICA 110V,240.00,$4.25,24,10,76.7,36,56,$0.155,$1.55,$77.31,$773.14,$3.22,$7.47,1793.136,,,,
500,Entregado,12/8/2025,,CONTENEDOR TEXAS,MASS2345,LICUADORA ELECTRICA NEGRA R.92809B-110 RAF,36.00,$8.00,6,6,63,56,36,$0.127,$0.76,$63.50,$381.02,$10.58,$18.58,669.024,,,,
500,Entregado,12/8/2025,,CONTENEDOR TEXAS,MASS2343,REVANADORA ELECTRICA R.98800-110 RAF,36.00,$26.81,2,18,61.5,42,32,$0.083,$1.49,$41.33,$743.90,$20.66,$47.47,1709.064,,,,
500,Entregado,12/8/2025,,CONTENEDOR TEXAS,MASS2344,EXTRACTOR DE JUGO R.92817S-110 RAF,40.00,$10.80,8,5,56.5,39.5,71,$0.158,$0.79,$79.23,$396.14,$9.90,$20.70,828.135625,,,,
500,Entregado,12/8/2025,,CONTENEDOR TEXAS,MASS2357,PLANCHA DE ROPA A VAPOR ROJA 2200W R.91246P-110 RAF,40.00,$4.85,10,4,61.5,29,31,$0.055,$0.22,$27.64,$110.58,$2.76,$7.61,304.577,,,,
500,Entregado,12/8/2025,,CONTENEDOR TEXAS,MASS2347,LICUADORA ELECTRICA R.9295-110 RAF,60.00,$7.15,6,10,58.5,41,40.5,$0.097,$0.97,$48.57,$485.70,$8.09,$15.24,914.69625,,,,
500,Entregado,12/8/2025,,CONTENEDOR TEXAS,MASS2353,MOLINO DE CAFE 300W R.97113-110 RAF,142.00,$2.00,36,3.944444444,44,33,53.5,$0.078,$0.31,$38.84,$153.21,$1.08,$3.08,437.2061667,,,,
500,Entregado,12/8/2025,,CONTENEDOR TEXAS,MASS2355,PLANCHA DE ROPA A VAPOR AZUL 2200W R.91246B-110 RAF,40.00,$4.85,10,4,61.5,29,31,$0.055,$0.22,$27.64,$110.58,$2.76,$7.61,304.577,,,,
500,Entregado,12/8/2025,,CONTENEDOR TEXAS,MASS2349,BATIDORA DE MANO 800W R.6629-110 RAF,60.00,$4.15,20,3,49.5,42,36,$0.075,$0.22,$37.42,$112.27,$1.87,$6.02,361.266,,,,
500,Entregado,12/8/2025,,CONTENEDOR TEXAS,MASS2351,BATIDORA DE MANO 160W R.96633-110 RAF,96.00,$2.45,24,4,47,39,29,$0.053,$0.21,$26.58,$106.31,$1.11,$3.56,341.514,,,,
500,Entregado,12/8/2025,,CONTENEDOR TEXAS,MASS2359,PLANCHA A VAPOR DE MANO GRIS 800W R.91313H-110 RAF,60.00,$3.48,20,3,57,38,47,$0.102,$0.31,$50.90,$152.70,$2.55,$6.03,361.503,,,,
500,Entregado,12/8/2025,,CONTENEDOR TEXAS,MASS2356,PLANCHA DE ROPA A VAPOR AZUL 2200W R.91246G-110 RAF,40.00,$4.85,10,4,61.5,29,31,$0.055,$0.22,$27.64,$110.58,$2.76,$7.61,304.577,,,,
500,Entregado,12/8/2025,,CONTENEDOR TEXAS,MASS2360,PLANCHA A VAPOR DE MANO BLANCA 800W R.91313W-110 RAF,80.00,$3.48,20,4,57,38,47,$0.102,$0.41,$50.90,$203.60,$2.55,$6.03,482.004,,,,
500,Entregado,12/8/2025,,CONTENEDOR TEXAS,MASS2363,PARRILLERA ELECTRICA 2000W R.95301-110 RAF,72.00,$5.30,12,6,71,44,49,$0.153,$0.92,$76.54,$459.23,$6.38,$11.68,840.828,,,,
500,Entregado,12/8/2025,,CONTENEDOR TEXAS,MASS2365,MAQUINA DONA 7PCS 1400W R.92210-110 RAF,200.00,$6.29,10,20,71.3,28.2,47.8,$0.096,$1.92,$48.05,$961.10,$4.81,$11.10,2219.09548,,,,
500,Entregado,12/8/2025,,CONTENEDOR TEXAS,MASS2371,MAQUINA DE AFEITRA RECARGABLE R.476 10W RAF,80.00,$9.54,40,2,41,35.5,42.5,$0.062,$0.12,$30.93,$61.86,$0.77,$10.31,825.05875,,,,
500,Entregado,12/8/2025,,CONTENEDOR TEXAS,MASS2369,WAFLERA 500W R.591-110 RAF,120.00,$3.71,24,5,62.5,37.5,30.8,$0.072,$0.36,$36.09,$180.47,$1.50,$5.21,625.66875,,,,
500,Entregado,12/8/2025,,CONTENEDOR TEXAS,MASS2379,MAQUINA PATILLERA BUDA R.430 RAF,200.00,$1.78,100,2,41.5,35.5,47,$0.069,$0.14,$34.62,$69.24,$0.35,$2.13,425.24275,,,,
500,Entregado,12/8/2025,,CONTENEDOR TEXAS,MASS2381,MAQUINA DE AFEITAR RECARGABLE 19 EN 1 R.4021 USB RAF,144.00,$8.03,36,4,72,23.5,58.5,$0.099,$0.40,$49.49,$197.96,$1.37,$9.40,1354.284,,,,
500,Entregado,12/8/2025,,CONTENEDOR TEXAS,MASS2389,CEPILLO SECADOR R.412B-110 RAF,120.00,$2.20,60,2,65,35,46,$0.105,$0.21,$52.33,$104.65,$0.87,$3.07,368.65,,,,
500,Entregado,12/8/2025,,CONTENEDOR TEXAS,MASS2387,PLANCA DE CABELLO CERAMICAR.9454R-110 RAF,60.00,$2.75,60,1,52,33.5,56.5,$0.098,$0.10,$49.21,$49.21,$0.82,$3.57,214.2115,,,,
500,Entregado,12/8/2025,,CONTENEDOR TEXAS,MASS0688 - FALTA COLOR NEGRO,VAGINA VIBRADOR CON BASE WLLAB01 (40blanco/40negro),80.00,$4.25,25,3.2,44,44,25,$0.048,$0.15,$24.20,$77.44,$0.97,$5.22,417.44,,,,
500,Entregado,12/8/2025,,CONTENEDOR TEXAS,MASS0702,IMITACION DE SEMEN LECHE SIYI 200ML SYXDZ01,200.00,$0.60,50,4,65,33,17,$0.036,$0.15,$18.23,$72.93,$0.36,$0.96,192.93,,,,
500,Entregado,12/8/2025,,CONTENEDOR TEXAS,MASS0053 MASS0052 MASS0055  MASS0056 MASS1149,BALA VIBRADORA GRANDE COLORES CZDV001 rosa60/azul60/rosa60/negro60/plata60,300.00,$0.70,100,3,25,35,20,$0.018,$0.05,$8.75,$26.25,$0.09,$0.79,236.25,,,,
500,Entregado,12/8/2025,,CONTENEDOR TEXAS,MASS1904,CAMARA TIPO BOMBILLO BASE E27 1080P,50.00,$2.90,50,1,54,32,36,$0.062,$0.06,$31.10,$31.10,$0.62,$3.52,176.104,,,,
500,Entregado,12/8/2025,,CONTENEDOR TEXAS,,PEDIDO AFFARI ,,,,,,,,,,,,,,,,,,
500,Entregado,12/8/2025,,CONTENEDOR TEXAS,MASS1009 MASS1011,"DEPILADORA LASER 999999 FLASHES (NEGRO120, BLANCO120)",40.00,$7.00,40,1,54,44.5,50,$0.120,$0.12,$60.08,$60.08,$1.50,$8.50,340.075,,,,
500,Entregado,12/8/2025,,CONTENEDOR TEXAS,,ALMACEN SAM ,,,,,,,,,,,,,,,,,,
500,Entregado,12/8/2025,,CONTENEDOR TEXAS,MASS2367,SANDWICHERA ELECTRICA 750W R.9207S-110 RAF,120.00,$4.55,10,12,51.5,26.5,50,$0.068,$0.82,$34.12,$409.43,$3.41,$7.96,955.425,,,,
500,Entregado,12/8/2025,,CONTENEDOR TEXAS,MASS2127,"LAMINA DE PVC MARMOLIZADA HYLJ80008T 2,44 M X 1,22M DE 3MM",50.00,$11.50,1,50,244,122,0.45,$0.013,$0.67,$6.70,$334.89,$6.70,$18.20,909.89,,,,
500,Entregado,12/8/2025,,CONTENEDOR TEXAS,,"Disply Rack
93*47*200cm
7/8mm-Blue",15.00,$48.00,1,15,,,,,,,,,,,,,,
500,Entregado,12/8/2025,,CONTENEDOR TEXAS,,"Disply Rack
1.22*2.42m
frame with 6 sheets",2.00,$220.00,,,,,,,,,,,,,,,,
500,Entregado,12/8/2025,,CONTENEDOR TEXAS,,PEDIDO REVESTIMENTO ,,,,,,,,,,,,,,,,,,
500,Entregado,12/8/2025,,CONTENEDOR TEXAS,MASS2375,MAQUINA PATILLERA RECARGABLE BUDA R.432 RAF,200.00,$3.25,100,2,45.5,39,34.5,$0.061,$0.12,$30.61,$61.22,$0.31,$3.56,711.22025,,,,
500,Entregado,12/8/2025,,CONTENEDOR TEXAS,MASS1906,"MASAJEADOR EMS DE ESTIRAMINETO FACIAL
ANTIARRUGAS 7 MODOS",300.00,$3.20,60,5,56,35,45,$0.088,$0.44,$44.10,$220.50,$0.74,$3.94,1180.5,,,,
500,Entregado,12/8/2025,,CONTENEDOR TEXAS,MASS1966,"Latigo de cuero de 1,9m ",40.00,$2.15,40,1,56,41,32,$0.073,$0.07,$36.74,$36.74,$0.92,$3.07,122.736,,,,
500,Entregado,12/8/2025,,CONTENEDOR TEXAS,MASS1722 MASS1721,"Rabbit Vibrator Sex Toys for Women 10 Frequency Vaginal Anal Massager G Spot (50Verde,50Rosado)",88.00,$4.15,90,0.9777777778,72,34,54,$0.132,$0.13,$66.10,$64.63,$0.73,$4.88,429.8272,,,,
500,Entregado,12/8/2025,,CONTENEDOR TEXAS,MASS0733,BROCHA CHINA,250.00,$1.60,250,1,33,52,33,$0.057,$0.06,$28.31,$28.31,$0.11,$1.71,428.314,,,,
500,Entregado,12/8/2025,,CONTENEDOR TEXAS,MASS1983,SILICON 300GR,"1,680.00",$0.90,24,70,30.5,21.5,24,$0.016,$1.10,$7.87,$550.83,$0.33,$1.23,2062.83,,,,
500,Entregado,12/8/2025,,CONTENEDOR TEXAS,MASS1801,RELOJ INTELIGENTE S16 NEGRO + CORREA ADICIONAL (ROSADA),40.00,$3.80,80,0.5,50,50,40,$0.100,$0.05,$50.00,$25.00,$0.63,$4.43,177,,,,
500,Entregado,12/8/2025,,CONTENEDOR TEXAS,MASS2124,"LAMINA DE PVC MARMOLIZADA HYDY2002 2,44 M X 1,22M DE 3MM",50.00,$11.50,1,50,244,122,0.45,$0.013,$0.67,$6.70,$334.89,$6.70,$18.20,909.89,,,,
500,Entregado,12/8/2025,,CONTENEDOR TEXAS,MASS0497 MASS0498,"SET ADULTO JUEGO SEXUAL BONDAGE LATIGO, MORDAZA, ESPOSA, MASCARA -SM10S01 (150NEGRO,50ROJO)",200.00,$2.98,50,4,60,42,32,$0.081,$0.32,$40.32,$161.28,$0.81,$3.79,757.28,,,,
500,Entregado,12/8/2025,,CONTENEDOR TEXAS,MASS2436,"Luz LED decorativa para sala de estar, iluminación colgante inteligente
20 NEGRO 10 DORADA",30.00,$17.00,5,6,66,43,66,$0.187,$1.12,$93.65,$561.92,$18.73,$35.73,1071.924,,,,
500,Entregado,12/8/2025,,CONTENEDOR TEXAS,MASS2388,CEPILLO SECADOR R.412H-110 RAF,120.00,$2.20,60,2,65,35,46,$0.105,$0.21,$52.33,$104.65,$0.87,$3.07,368.65,,,,
500,Entregado,12/8/2025,,CONTENEDOR TEXAS,MASS1452,COMPRESA PARA FRIO/CALOR PARA DOLOR DE CABEZA MIGRAÑA,50.00,$1.25,24,2.083333333,38,27,25,$0.026,$0.05,$12.83,$26.72,$0.53,$1.78,89.21875,,,,
500,Entregado,12/8/2025,,CONTENEDOR TEXAS,MASS1039,"MAQUINA PLASTIFICADORA LAMINADORA (10 HOJAS)
(EN CAJA AZUL)",500.00,$7.80,10,50,42,40,30,$0.050,$2.52,$25.20,"$1,260.00",$2.52,$10.32,5160,,,,
500,Entregado,12/8/2025,,CONTENEDOR TEXAS,MASS2361,ASPIRADORA 3 EN 1 600W R.98672-110 RAF,36.00,$15.00,4,9,43,39.5,56.8,$0.096,$0.87,$48.24,$434.14,$12.06,$27.06,974.1366,,,,
500,Entregado,12/8/2025,,CONTENEDOR TEXAS,MASS1013,MASAJEADOR ELECTRICO DE CUELLO Y CUERPO RECARGABLE QY-8702,100.00,$0.60,200,0.5,52.5,35.5,45,$0.084,$0.04,$41.93,$20.97,$0.21,$0.81,80.9671875,,,,
500,Entregado,12/8/2025,,CONTENEDOR TEXAS,MASS1315,AUDIFONO INALAMBRICO RECARGABLE M90 PRO,50.00,$2.00,100,0.5,53,40,24,$0.051,$0.03,$25.44,$12.72,$0.25,$2.25,112.72,,,,
500,Entregado,12/8/2025,,CONTENEDOR TEXAS,MASS2373,MAQUINA AFEITAR RECARGABLE R.70 RAF,120.00,$5.76,60,2,39,36,43,$0.060,$0.12,$30.19,$60.37,$0.50,$6.26,751.572,,,,
500,Entregado,12/8/2025,,CONTENEDOR TEXAS,MASS2383,PLANCHA DE CABELLO R.422B-110 RAF,120.00,$3.75,60,2,37,50,52,$0.096,$0.19,$48.10,$96.20,$0.80,$4.55,546.2,,,,
500,Entregado,12/8/2025,,CONTENEDOR TEXAS,MASS1906,"MASAJEADOR EMS DE ESTIRAMINETO FACIAL
 ANTIARRUGAS 7 MODOS",50.00,$3.20,40,1.25,55.5,34,30.5,$0.058,$0.07,$28.78,$35.97,$0.72,$3.92,195.9709375,,,,
500,Entregado,12/8/2025,,CONTENEDOR TEXAS,MASS0889,BALANZA PERSONAL RECARGABLE,40.00,$1.70,20,2,54.5,25,28.5,$0.039,$0.08,$19.42,$38.83,$0.97,$2.67,106.83125,,,,
500,Entregado,12/8/2025,,CONTENEDOR TEXAS,MASS2348,PROCESADOR DE ALIMENTOS R.97030-110 RAF,48.00,$5.60,16,3,82.5,42.5,32.5,$0.114,$0.34,$56.98,$170.93,$3.56,$9.16,439.7296875,,,,
500,Entregado,12/8/2025,,CONTENEDOR TEXAS,MASS2368,SANDWICHERA PLANCHA ELECTRICA 750W R.9207T-110 RAF,120.00,$4.55,10,12,51.5,26.5,50,$0.068,$0.82,$34.12,$409.43,$3.41,$7.96,955.425,,,,
500,Entregado,12/8/2025,,CONTENEDOR TEXAS,MASS0701,LUBRICANTE ANAL LOVE MONOGATARI 200ML ZTAO01,312.00,$0.68,156,2,58,66,35,$0.134,$0.27,$66.99,$133.98,$0.43,$1.11,346.14,,,,
500,Entregado,12/8/2025,,CONTENEDOR TEXAS,MASS2184,OVULOS ESTRECHANTES Y APRIETE  VAGINAL ,150.00,$1.40,150,1,40,40,10,$0.016,$0.02,$8.00,$8.00,$0.05,$1.45,218,,,,
500,Entregado,12/8/2025,,CONTENEDOR TEXAS,MASS2302 MASS0150 MASS2440 MASS1259,"CONSOLADOR REALISTICO DE GELATINA 9 PULGADAS(TRASPARENTE100,NEGRO100,MORADO50,CARNE50)",300.00,$2.70,40,7.5,21.8,37,56.6,$0.046,$0.34,$22.83,$171.20,$0.57,$3.27,981.20085,,,,
500,Entregado,12/8/2025,,CONTENEDOR TEXAS,MASS1926 MASS1927 MASS1928,"Conjunto Lenceria Sexy Erotica (NEGRA80,PURPURA40, ROJA40)M80 L70",150.00,$1.20,100,1.5,60,40,40,$0.096,$0.14,$48.00,$72.00,$0.48,$1.68,252,,,,
500,Entregado,12/8/2025,,CONTENEDOR TEXAS,MASS2364,PARRILLERA GRILL ELECTRICO 1500W R.92601-110 RAF,42.00,$13.98,6,7,75.6,51.5,41.8,$0.163,$1.14,$81.37,$569.60,$13.56,$27.54,1156.76442,,,,
500,Entregado,12/8/2025,,CONTENEDOR TEXAS,MASS2382,MAQUINA AFEITAR TRIMMER RECARGABLE R.11204 RAF,120.00,$4.92,60,2,65,37.5,58.5,$0.143,$0.29,$71.30,$142.59,$1.19,$6.11,732.99375,,,,
500,Entregado,12/8/2025,,CONTENEDOR TEXAS,MASS0047 MASS0049 MASS0050 MASS0046,BALA VIBRADORA CON FUNDA DRAGON LXB001 rosa75/rojo75/azul75/rosa75,299.00,$0.95,100,2.99,28,42,39,$0.046,$0.14,$22.93,$68.57,$0.23,$1.18,352.61668,,,,
500,Entregado,12/8/2025,,CONTENEDOR TEXAS,MASS2386,PLANCA DE CABELLO CERAMICA R.9454P-110 RAF,60.00,$2.75,60,1,52,33.5,56.5,$0.098,$0.10,$49.21,$49.21,$0.82,$3.57,214.2115,,,,
500,Entregado,12/8/2025,,CONTENEDOR TEXAS,MASS2374,MAQUINA PATILLERA RECARGABLE DRAGON R.431 RAF,200.00,$3.25,100,2,45.5,39,34.5,$0.061,$0.12,$30.61,$61.22,$0.31,$3.56,711.22025,,,,
500,Entregado,12/8/2025,,CONTENEDOR TEXAS,MASS2378,MAQUINA AFEITAR RECARGABLE R.4008 RAF,180.00,$3.18,60,3,51.5,48.5,40,$0.100,$0.30,$49.96,$149.87,$0.83,$4.01,722.265,,,,
500,Entregado,12/8/2025,,CONTENEDOR TEXAS,MASS2350,BATIDORA CON PEDESTAL R.96637-110 RAF,48.00,$5.20,12,4,58,56.5,40.5,$0.133,$0.53,$66.36,$265.44,$5.53,$10.73,515.037,,,,
500,Entregado,12/8/2025,,CONTENEDOR TEXAS,MASS2370,REMOVEDOR DE PELUSA R.4100 RAF,240.00,$2.20,60,4,52,37,66,$0.127,$0.51,$63.49,$253.97,$1.06,$3.26,781.968,,,,
500,Entregado,12/8/2025,,CONTENEDOR TEXAS,"MASS0292 MASS0291 MASS0289

",PISTOLA MASAJEADORA RECARGABLE SY-720 (NEGRO 20/ GRIS 20 / ROJO 20/),60.00,$2.30,40,1.5,69.5,30.5,30.5,$0.065,$0.10,$32.33,$48.49,$0.81,$3.11,186.4892813,,,,
500,Entregado,12/8/2025,,CONTENEDOR TEXAS,MASS2358,PLANCHA A VAPOR DE MANO NEGRA 800W R.91313B-110 RAF,80.00,$3.48,20,4,57,38,47,$0.102,$0.41,$50.90,$203.60,$2.55,$6.03,482.004,,,,
500,Entregado,12/8/2025,,CONTENEDOR TEXAS,MASS2362,ASPIRADORA 2 EN 1 600W R.8708-110 RAF,36.00,$10.35,6,6,64,37.5,32.5,$0.078,$0.47,$39.00,$234.00,$6.50,$16.85,606.6,,,,
500,Entregado,12/8/2025,,CONTENEDOR TEXAS,MASS2354,PLANCHA DE ROPA A VAPOR 2200W R.91234G-110 RAF,50.00,$5.70,10,5,62,30,32,$0.060,$0.30,$29.76,$148.80,$2.98,$8.68,433.8,,,,
500,Entregado,12/8/2025,,CONTENEDOR TEXAS,MASS2329,"EQUIPO MULTIFUNCIONAL DE ACERO PARA FITNESS EN EL HOGAR, TABLERO DE REALCE PARA SOPORTE PLANO, DISPOSITIVO AUXILIAR DE ENTRENAMIENTO PARA EL MÚSCULO ABDOMINAL DEL PECHO
(ENVIO SOLO 40 PCS)",40.00,$5.00,10,4,63,43,50,$0.135,$0.54,$67.73,$270.90,$6.77,$11.77,470.9,,,,
500,Entregado,12/8/2025,,CONTENEDOR TEXAS,MASS2352,BATIDORA DE INMERSIÓN 300W R.9266-110 RAF,72.00,$3.33,24,3,43.5,29.5,40.5,$0.052,$0.16,$25.99,$77.96,$1.08,$4.41,317.7174375,,,,
500,Entregado,12/8/2025,,CONTENEDOR TEXAS,MASS2376,MAQUINA AFEITAR RECARGABLE R.472 RAF (300gr),120.00,$4.62,60,2,60.5,39.5,49,$0.117,$0.23,$58.55,$117.10,$0.98,$5.60,671.49775,,,,
500,Entregado,12/8/2025,,CONTENEDOR TEXAS,MASS2346,LICUADORA ELECTRICA ROJA R.92809R-110 RAF,24.00,$8.00,6,4,63,56,36,$0.127,$0.51,$63.50,$254.02,$10.58,$18.58,446.016,,,,
500,Entregado,12/8/2025,,CONTENEDOR TEXAS,MASS2318,DERMA PEN 4 POLOS EMS MÁQUINA DE BELLEZA DE MICROCORRIENTE HYDRA PEN H5 PLUMA DE MICROAGUJAS DE INFUSIÓN AUTOMÁTICA,20.00,$59.00,10,2,40,32,25,$0.032,$0.06,$16.00,$32.00,$1.60,$60.60,1212,,,,
500,Entregado,12/8/2025,,CONTENEDOR TEXAS,MASS2380,MAQUINA PATILLERA DRAGON R.429 RAF,200.00,$1.78,100,2,41.5,35.5,47,$0.069,$0.14,$34.62,$69.24,$0.35,$2.13,425.24275,,,,
500,Entregado,12/8/2025,,CONTENEDOR TEXAS,MASS2377,MAQUINA DE PERRO R.436 RAF,240.00,$2.90,40,6,58.5,45,34.5,$0.091,$0.54,$45.41,$272.46,$1.14,$4.04,968.46375,,,,
500,Entregado,12/8/2025,,CONTENEDOR TEXAS,MASS2338,MEAT GRINDER R.93378-110 RAF,60.00,$22.88,6,10,59,46,53,$0.144,$1.44,$71.92,$719.21,$11.99,$34.87,2092.01,,,,
500,Entregado,12/8/2025,,CONTENEDOR TEXAS,MASS2342,"FREIDORA DE ACEITE 5,5L R.5220-110V RAF",39.00,$12.20,4,9.75,58,45,52,$0.136,$1.32,$67.86,$661.64,$16.97,$29.17,1137.435,,,,
500,Entregado,12/8/2025,,CONTENEDOR TEXAS,,PEDIDO RAF,,,,,,,,,,,,,,,,,,
500,Entregado,12/8/2025,,CONTENEDOR TEXAS,MASS2332 MASS2333 MASS2334,"RODILLO DE ENTRENAMIENTO MUSCULAR CON LOGOTIPO PERSONALIZADO A PRECIO BARATO, RODILLO DE RUEDA AB
(100 NEGRO, 50 AZUL, 50 NEGRO/ ROJO)",200.00,$2.10,20,10,72.5,45,39,$0.127,$1.27,$63.62,$636.19,$3.18,$5.28,1056.1875,,,,
500,Entregado,12/8/2025,,CONTENEDOR TEXAS,MASS2324,Q8 AURICULAR TOTALMENTE COMPATIBLE CON EL ADAPTADOR TIPO C + APPLE UNO A DOS,150.00,$4.50,100,1.5,52.5,48,23.5,$0.059,$0.09,$29.61,$44.42,$0.30,$4.80,719.415,,,,
500,Entregado,12/8/2025,,CONTENEDOR TEXAS,MASS2385,PLANCA DE CABELLO CERAMICA R.9454G-110 RAF,60.00,$2.75,60,1,52,33.5,56.5,$0.098,$0.10,$49.21,$49.21,$0.82,$3.57,214.2115,,,,
500,Entregado,12/8/2025,,CONTENEDOR TEXAS,MASS2336,MULTI FUNCTIONELECTRIC POT R.95428M-110 6L RAF,60.00,$12.25,6,10,57,48,68,$0.186,$1.86,$93.02,$930.24,$15.50,$27.75,1665.24,,,,
500,Entregado,12/8/2025,,CONTENEDOR TEXAS,MASS2328,CINTA DE CORRER ELÉCTRICA PARA EL HOGAR PLEGABLE TRANSFRONTERIZA CON MÚSICA BLUETOOTH SIN FUNCIÓN DE PRUEBA DE FRECUENCIA CARDÍACA,20.00,$62.00,1,20,119,58.5,13.8,$0.096,$1.92,$48.03,$960.69,$48.03,$110.03,2200.687,,,,
500,Entregado,12/8/2025,,CONTENEDOR TEXAS,MASS2317,"ELIMINADOR DE ARRUGAS CON VITAMINA C, SUERO FACIAL REAFIRMANTE QUE SE DESVANECE, LÍNEAS FINAS, ESENCIA ANTIENVEJECIMIENTO, BLANQUEAMIENTO, ILUMINA, NUTRE EL CUIDADO DE LA PIEL",200.00,$1.25,200,1,47,36,37,$0.063,$0.06,$31.30,$31.30,$0.16,$1.41,281.302,,,,
500,Entregado,12/8/2025,,CONTENEDOR TEXAS,MASS2321,"DISPOSITIVO ELÉCTRICO DE BELLEZA PARA ESTIRAMIENTO FACIAL EN V, 6 MODOS, 8 NIVELES, MASAJEADOR FACIAL REAFIRMANTE DE MICROCORRIENTE, MÁQUINA FACIAL EN FORMA DE V DE DOBLE BARBILLA",184.00,$4.80,46,4,52,39,27,$0.055,$0.22,$27.38,$109.51,$0.60,$5.40,992.712,,,,
500,Entregado,12/8/2025,,CONTENEDOR TEXAS,MASS2313,"TERAPIA DE PANTALLA DE VENAS VARICOSAS, EFICAZ, MEJORA LA CIRCULACIÓN SANGUÍNEA, ALIVIO DE LA VASCULITIS DILATADA EN LA FLEBITE DE LAS PIERNAS",200.00,$1.00,100,2,42,35,35,$0.051,$0.10,$25.73,$51.45,$0.26,$1.26,251.45,,,,
500,Entregado,12/8/2025,,CONTENEDOR TEXAS,MASS2384,PLANCHA DE CABELLO R.422P-110 RAF,120.00,$3.75,60,2,37,50,52,$0.096,$0.19,$48.10,$96.20,$0.80,$4.55,546.2,,,,
500,Entregado,12/8/2025,,CONTENEDOR TEXAS,owala,TERMOS OWALA,500.00,$5.50,25,20,48,48,29,$0.067,$1.34,$33.41,$668.16,$1.34,$6.84,3418.16,,,,
500,Entregado,12/8/2025,,CONTENEDOR TEXAS,MASS2366,MAQUINA WAFLERA 750W R.9207H-110 RAF,120.00,$4.70,10,12,51.5,26.5,50,$0.068,$0.82,$34.12,$409.43,$3.41,$8.11,973.425,,,,
500,Entregado,12/8/2025,,CONTENEDOR TEXAS,,NUEVO,,,,,,,,,,,,,,,,,,
500,Entregado,12/8/2025,,CONTENEDOR TEXAS,MASS2311,"PLUMA DE PLASMA LÁSER PARA LUNARES, MANCHAS OSCURAS, PECAS, NEVUS, VERRUGAS, ETIQUETA DE PIEL, ESPINILLAS, ELIMINACIÓN DE TATUAJES, CUIDADO DE LA PIEL, MÁQUINA DE BELLEZA",100.00,$7.50,50,2,60,28,35,$0.059,$0.12,$29.40,$58.80,$0.59,$8.09,808.8,,,,
500,Entregado,12/8/2025,,CONTENEDOR TEXAS,,CONTENEDOR ENERO PRODUCTOS NUEVOS,,,,,,,,,,,,,,,,,,
500,Entregado,12/8/2025,,CONTENEDOR TEXAS,MASS2372,MAQUINA AFEITAR RECARGABLE R.467 RAF,120.00,$6.97,40,3,58.5,45,34.5,$0.091,$0.27,$45.41,$136.23,$1.14,$8.11,972.631875,,,,
500,Entregado,12/8/2025,,CONTENEDOR TEXAS,MASS2068,"MASAJEADOR REDUCTOR DE CELULITIS, VENTOSA Y CALOR INFRARROJO",40.00,$5.50,30,1.333333333,51,47,40,$0.096,$0.13,$47.94,$63.92,$1.60,$7.10,283.92,,,,
500,Entregado,12/8/2025,,CONTENEDOR TEXAS,MASS0584,VAGINA VIBRADORA PUSSY DLS001,250.00,$1.70,40,6.25,50,25,36,$0.045,$0.28,$22.50,$140.63,$0.56,$2.26,565.625,,,,
350,Entregado,12/6/2025,1/15/2026,CONTENEDOR HOUSTON,MASS2308,SILLA EJECUTIVA DE ESCRITORIO SE01,120.00,$9.00,1,120,53,25,50,$0.066,$7.95,$23.19,"$2,782.50",$23.19,$32.19,3862.5,,,,
350,Entregado,12/6/2025,1/15/2026,CONTENEDOR HOUSTON,MASS2303,SILLA EJECUTIVA ERGONOMICA A6P,240.00,$9.00,1,240,53,25,50,$0.066,$15.90,$23.19,"$5,565.00",$23.19,$32.19,7725,,,,
350,Entregado,12/6/2025,1/15/2026,CONTENEDOR HOUSTON,MASS2304,SILLA EJECUTIVA 9050N OFICINA,261.00,$8.00,1,261,53,25,50,$0.066,$17.29,$23.19,"$6,051.94",$23.19,$31.19,8139.9375,,,,
350,Entregado,12/6/2025,1/15/2026,CONTENEDOR HOUSTON,MASS2307,SILLA PRESIDENCIAL POSA PIE SP01,120.00,$25.00,1,120,75,33.5,55,$0.138,$16.58,$48.37,"$5,803.88",$48.37,$73.37,8803.875,,,,
350,Entregado,12/6/2025,1/15/2026,CONTENEDOR HOUSTON,,CONTENEDOR SILLAS,,,,,,,,,,,,,,,,,,
350,Entregado,12/6/2025,1/15/2026,CONTENEDOR HOUSTON,MASS2309,SILLA EJECUTIVA SIBERIANA SE02,50.00,$25.40,1,50,60,57,58,$0.198,$9.92,$69.43,"$3,471.30",$69.43,$94.83,4741.3,,,,
350,Entregado,12/6/2025,1/15/2026,CONTENEDOR HOUSTON,MASS2305 MASS2405,"SILLA GAMER GM01 (30 ROJA, 30 AZUL)",60.00,$26.00,1,60,80,28,56,$0.125,$7.53,$43.90,"$2,634.24",$43.90,$69.90,4194.24,,,,
350,Entregado,11/22/2025,,CONTENEDOR ORLANDO,MASS1831,WALL PANEL PASTEL PURPPLE,140.00,$2.35,14,10,295,17.5,22.5,$0.116,$1.16,$40.65,$406.55,$2.90,$5.25,735.546875,,,,
350,Entregado,11/22/2025,,CONTENEDOR ORLANDO,MASS2423,"WALL PANEL REDONDO HYYC-074 18,6CM X 2,6CM X 2,90 M",96.00,$4.80,8,12,293.5,21,21,$0.129,$1.55,$45.30,$543.62,$5.66,$10.46,1004.4207,,,,
350,Entregado,11/22/2025,,CONTENEDOR ORLANDO,MASS2416,"WALL PANEL REDONDO HYYC-080 18,6CM X 2,6CM X 2,90 M",96.00,$4.80,8,12,293.5,21,21,$0.129,$1.55,$45.30,$543.62,$5.66,$10.46,1004.4207,,,,
350,Entregado,11/22/2025,,CONTENEDOR ORLANDO,MASS1832,WALL PANEL PASTEL BLUE,136.00,$2.35,14,9.714285714,295,17.5,22.5,$0.116,$1.13,$40.65,$394.93,$2.90,$5.25,714.53125,,,,
350,Entregado,11/22/2025,12/27/2025,CONTENEDOR MIAMI,MASS2138,ROLLO DE ESPUMA 3D AUTOADHESIVA JQ-3472-1Y4 40 CM X 3M DE 3MM,251.00,$3.70,30,8.366666667,74,62,42,$0.193,$1.61,$67.44,$564.28,$2.25,$5.95,1492.97812,,,,
350,Entregado,11/22/2025,12/27/2025,CONTENEDOR MIAMI,MASS2392,"ROLLO PANEL DECORATIVO JQ-KB-3403-2 1,2m x 30m",140.00,$4.50,10,14,122,31,31,$0.117,$1.64,$41.03,$574.49,$4.10,$8.60,1204.4858,,,,
350,Entregado,11/22/2025,12/27/2025,CONTENEDOR MIAMI,MASS1918,PISO VINIL AUTOADHESIVO 3026 ALTO TRAFICO 2MM GROSOR 914.4MM*152.4MM,150.00,$11.20,1,150,94,16.5,9,$0.014,$2.09,$4.89,$732.85,$4.89,$16.09,2412.8475,,,,
350,Entregado,11/22/2025,12/27/2025,CONTENEDOR MIAMI,MASS2399,"WALL PANEL PLANO 30CM X 7CM X 2,90M CM302-2",333.00,$4.50,10,33.3,296,31.5,5.5,$0.051,$1.71,$17.95,$597.69,$1.79,$6.29,2096.19171,,,,
350,Entregado,11/22/2025,12/27/2025,CONTENEDOR MIAMI,MASS1328,PISO VINIL HHYM3018,80.00,$11.20,1,80,94,16.5,9,$0.014,$1.12,$4.89,$390.85,$4.89,$16.09,1286.852,,,,
350,Entregado,11/22/2025,12/27/2025,CONTENEDOR MIAMI,MASS1839,"ROLLO PANEL DECORATIVO JQ-H-002 1,2m x 3m",150.00,$4.50,10,15,122,31,31,$0.117,$1.76,$41.03,$615.52,$4.10,$8.60,1290.5205,,,,
350,Entregado,11/22/2025,12/27/2025,CONTENEDOR MIAMI,MASS1402,PISO VINIL HHYM3013,200.00,$11.20,1,200,94,16.5,9,$0.014,$2.79,$4.89,$977.13,$4.89,$16.09,3217.13,,,,
350,Entregado,11/22/2025,,CONTENEDOR ORLANDO,MASS2418,"WALL PANEL REDONDO HYYC-091 (070 gris claro) 18,6CM X 2,6CM X 2,90 M",96.00,$4.80,8,12,293.5,21,21,$0.129,$1.55,$45.30,$543.62,$5.66,$10.46,1004.4207,,,,
350,Entregado,11/22/2025,12/27/2025,CONTENEDOR MIAMI,MASS2132,ROLLO DE ESPUMA 3D AUTOADHESIVA 3419-6Y49 40 CM X 3M DE 3MM,250.00,$3.70,30,8.333333333,74,62,42,$0.193,$1.61,$67.44,$562.03,$2.25,$5.95,1487.03,,,,
350,Entregado,11/22/2025,12/27/2025,CONTENEDOR MIAMI,MASS1841,"ROLLO PANEL DECORATIVO JQ-YP-160 1,2m x 3m",200.00,$4.50,10,20,122,31,31,$0.117,$2.34,$41.03,$820.69,$4.10,$8.60,1720.694,,,,
350,Entregado,11/22/2025,12/27/2025,CONTENEDOR MIAMI,MASS2130,ROLLO DE ESPUMA 3D AUTOADHESIVA JQ-3129-4Y6 40 CM X 3M DE 3MM,250.00,$3.70,30,8.333333333,74,62,42,$0.193,$1.61,$67.44,$562.03,$2.25,$5.95,1487.03,,,,
350,Entregado,11/22/2025,12/27/2025,CONTENEDOR MIAMI,MASS2131,ROLLO DE ESPUMA 3D AUTOADHESIVA JQ-3103-1Y13 40 CM X 3M DE 3MM,250.00,$3.70,30,8.333333333,74,62,42,$0.193,$1.61,$67.44,$562.03,$2.25,$5.95,1487.03,,,,
350,Entregado,11/22/2025,12/27/2025,CONTENEDOR MIAMI,MASS2146,WALL PANEL 3D D137 NEGRO 1MM DE GROSOR 500MM*500MM,200.00,$0.90,50,4,55,55,17,$0.051,$0.21,$18.00,$72.00,$0.36,$1.26,251.995,,,,
350,Entregado,11/22/2025,12/27/2025,CONTENEDOR MIAMI,MASS2135,ROLLO DE ESPUMA 3D AUTOADHESIVA JQ-3403-3 40 CM X 3M DE 3MM,250.00,$3.70,30,8.333333333,74,62,42,$0.193,$1.61,$67.44,$562.03,$2.25,$5.95,1487.03,,,,
350,Entregado,11/22/2025,12/27/2025,CONTENEDOR MIAMI,MASS1414,WALL PANEL 3D D094 NEGRO 1MM DE GROSOR 500MM*500MM,400.00,$0.90,50,8,55,55,17,$0.051,$0.41,$18.00,$143.99,$0.36,$1.26,503.99,,,,
350,Entregado,11/22/2025,12/27/2025,CONTENEDOR MIAMI,MASS1562,WALL PANEL 3D D094 BLANCO 1MM DE GROSOR 500MM*500MM,150.00,$0.85,50,3,55,55,17,$0.051,$0.15,$18.00,$54.00,$0.36,$1.21,181.49625,,,,
350,Entregado,11/22/2025,12/27/2025,CONTENEDOR MIAMI,MASS2148,WALL PANEL 3D D090 NEGRO 1MM DE GROSOR 500MM*500MM,200.00,$0.90,50,4,55,55,17,$0.051,$0.21,$18.00,$72.00,$0.36,$1.26,251.995,,,,
350,Entregado,11/22/2025,12/27/2025,CONTENEDOR MIAMI,MASS2144,WALL PANEL 3D D099 NEGRO 1MM DE GROSOR 500MM*500MM,500.00,$0.90,50,10,55,55,17,$0.051,$0.51,$18.00,$179.99,$0.36,$1.26,629.9875,,,,
350,Entregado,11/22/2025,12/27/2025,CONTENEDOR MIAMI,MASS1740,WALL PANEL 3D 1MM DE GROSOR 500MM*500MM D088 Negro,250.00,$0.90,50,5,55,55,17,$0.051,$0.26,$18.00,$89.99,$0.36,$1.26,314.99375,,,,
350,Entregado,11/22/2025,,CONTENEDOR ORLANDO,MASS1743,WALL PANEL HYYC073 BLANCO,210.00,$2.35,14,15,295,17.5,22.5,$0.116,$1.74,$40.65,$609.82,$2.90,$5.25,1103.320313,,,,
350,Entregado,11/22/2025,12/27/2025,CONTENEDOR MIAMI,MASS1419,FOAMI 3D GRIS 70CM*77CM,200.00,$0.39,100,2,72,79,45,$0.256,$0.51,$89.59,$179.17,$0.90,$1.29,257.172,,,,
350,Entregado,11/22/2025,12/27/2025,CONTENEDOR MIAMI,MASS1745,ROLLO PANEL DECORATIVO BD871,250.00,$1.60,50,5,32,31,62,$0.062,$0.31,$21.53,$107.63,$0.43,$2.03,507.632,,,,
350,Entregado,11/22/2025,12/27/2025,CONTENEDOR MIAMI,MASS1417,FOAMI 3D NEGRO 70CM*77CM,400.00,$0.39,100,4,72,79,45,$0.256,$1.02,$89.59,$358.34,$0.90,$1.29,514.344,,,,
350,Entregado,11/22/2025,12/27/2025,CONTENEDOR MIAMI,MASS2400,"WALL PANEL PLANO 30CM X 7CM X 2,90M CM302-10",334.00,$4.50,10,33.4,296,31.5,5.5,$0.051,$1.71,$17.95,$599.49,$1.79,$6.29,2102.48658,,,,
350,Entregado,11/22/2025,12/27/2025,CONTENEDOR MIAMI,MASS2401,VINIL ESMERILADO PARA VIDRIO 60CM X 5M HYTK2029,300.00,$1.50,30,10,32,21,62,$0.042,$0.42,$14.58,$145.82,$0.49,$1.99,595.824,,,,
350,Entregado,11/22/2025,12/27/2025,CONTENEDOR MIAMI,MASS2402,VINIL ESMERILADO PARA VIDRIO 60CM X 5M HYTK2010,300.00,$1.50,30,10,32,21,62,$0.042,$0.42,$14.58,$145.82,$0.49,$1.99,595.824,,,,
350,Entregado,11/22/2025,12/27/2025,CONTENEDOR MIAMI,MASS1837,"ROLLO PANEL DECORATIVO JQ-F-008 1,2m x 3m",200.00,$4.50,10,20,122,31,31,$0.117,$2.34,$41.03,$820.69,$4.10,$8.60,1720.694,,,,
350,Entregado,11/22/2025,12/27/2025,CONTENEDOR MIAMI,MASS2140,ROLLO PANEL DECORATIVO BD1137,250.00,$1.60,50,5,32,31,62,$0.062,$0.31,$21.53,$107.63,$0.43,$2.03,507.632,,,,
350,Entregado,11/22/2025,12/27/2025,CONTENEDOR MIAMI,MASS2404,VINIL ESMERILADO PARA VIDRIO 60CM X 5M HYTK1001 BLANCO,300.00,$1.50,30,10,32,21,62,$0.042,$0.42,$14.58,$145.82,$0.49,$1.99,595.824,,,,
350,Entregado,11/22/2025,12/27/2025,CONTENEDOR MIAMI,MASS2396,ROLLO DE ESPUMA 3D AUTOADHESIVA JQ-3472-4Y4 40 CM X 3M DE 3MM,250.00,$3.70,30,8.333333333,74,62,42,$0.193,$1.61,$67.44,$562.03,$2.25,$5.95,1487.03,,,,
350,Entregado,11/22/2025,12/27/2025,CONTENEDOR MIAMI,MASS2403,VINIL ESMERILADO PARA VIDRIO 60CM X 5M HYTK1002 TRASPARENTE,300.00,$1.50,30,10,32,21,62,$0.042,$0.42,$14.58,$145.82,$0.49,$1.99,595.824,,,,
350,Entregado,11/22/2025,12/27/2025,CONTENEDOR MIAMI,MASS1418,FOAMI 3D BLANCO 70CM*77CM,500.00,$0.39,100,5,72,79,45,$0.256,$1.28,$89.59,$447.93,$0.90,$1.29,642.93,,,,
350,Entregado,11/22/2025,12/27/2025,CONTENEDOR MIAMI,MASS2397,ROLLO DE ESPUMA 3D AUTOADHESIVA JQ-372Y4 40 CM X 3M DE 3MM,190.00,$3.70,30,6.333333333,74,62,42,$0.193,$1.22,$67.44,$427.14,$2.25,$5.95,1130.1428,,,,
350,Entregado,11/22/2025,12/27/2025,CONTENEDOR MIAMI,MASS1746,ROLLO PANEL DECORATIVO BD928,250.00,$1.60,50,5,32,31,62,$0.062,$0.31,$21.53,$107.63,$0.43,$2.03,507.632,,,,
350,Entregado,11/22/2025,,CONTENEDOR ORLANDO,MASS1409,WALL PANEL AZUL 095,140.00,$2.35,14,10,295,17.5,22.5,$0.116,$1.16,$40.65,$406.55,$2.90,$5.25,735.546875,,,,
350,Entregado,11/22/2025,12/27/2025,CONTENEDOR MIAMI,MASS2142,ROLLO PANEL DECORATIVO BD1121,250.00,$1.60,50,5,32,31,62,$0.062,$0.31,$21.53,$107.63,$0.43,$2.03,507.632,,,,
350,Entregado,11/22/2025,12/27/2025,CONTENEDOR MIAMI,MASS1416,WALL PANEL 3D 1MM DE GROSOR 500MM*500MM D003 NEGRO,400.00,$0.90,50,8,55,55,17,$0.051,$0.41,$18.00,$143.99,$0.36,$1.26,503.99,,,,
350,Entregado,11/22/2025,12/27/2025,CONTENEDOR MIAMI,MASS2141,ROLLO PANEL DECORATIVO BD1135,250.00,$1.60,50,5,32,31,62,$0.062,$0.31,$21.53,$107.63,$0.43,$2.03,507.632,,,,
350,Entregado,11/22/2025,12/27/2025,CONTENEDOR MIAMI,MASS1747,ROLLO PANEL DECORATIVO BD771,250.00,$1.60,50,5,32,31,62,$0.062,$0.31,$21.53,$107.63,$0.43,$2.03,507.632,,,,
350,Entregado,11/22/2025,12/27/2025,CONTENEDOR MIAMI,MASS2398,"WALL PANEL PLANO 30CM X 7CM X 2,90M CM302-1",333.00,$4.50,10,33.3,296,31.5,5.5,$0.051,$1.71,$17.95,$597.69,$1.79,$6.29,2096.19171,,,,
350,Entregado,11/22/2025,12/27/2025,CONTENEDOR MIAMI,MASS1742,WALL PANEL 3D D017 NEGRO 1MM DE GROSOR 500MM*500MM,200.00,$0.90,50,4,55,55,17,$0.051,$0.21,$18.00,$72.00,$0.36,$1.26,251.995,,,,
350,Entregado,11/22/2025,12/27/2025,CONTENEDOR MIAMI,MASS2137,ROLLO DE ESPUMA 3D AUTOADHESIVA JQ-3481-1Y12 40 CM X 3M DE 3MM,249.00,$3.70,30,8.3,74,62,42,$0.193,$1.60,$67.44,$559.78,$2.25,$5.95,1481.08188,,,,
350,Entregado,11/22/2025,,CONTENEDOR ORLANDO,MASS1410,WALL PANEL YC101 NEGRO,420.00,$2.35,14,30,295,17.5,22.5,$0.116,$3.48,$40.65,"$1,219.64",$2.90,$5.25,2206.640625,,,,
350,Entregado,11/22/2025,12/27/2025,CONTENEDOR MIAMI,MASS2139,ROLLO DE ESPUMA 3D AUTOADHESIVA JQ-3403-2 40 CM X 3M DE 3MM,250.00,$3.70,30,8.333333333,74,62,42,$0.193,$1.61,$67.44,$562.03,$2.25,$5.95,1487.03,,,,
350,Entregado,11/22/2025,12/27/2025,CONTENEDOR MIAMI,MASS2134,ROLLO DE ESPUMA 3D AUTOADHESIVA JQ-3403 40 CM X 3M DE 3MM,250.00,$3.70,30,8.333333333,74,62,42,$0.193,$1.61,$67.44,$562.03,$2.25,$5.95,1487.03,,,,
350,Entregado,11/22/2025,,CONTENEDOR ORLANDO,MASS1408,WALL PANEL MARRON CLARO 8882 290*168*23,210.00,$2.35,14,15,295,17.5,22.5,$0.116,$1.74,$40.65,$609.82,$2.90,$5.25,1103.320313,,,,
350,Entregado,11/22/2025,,CONTENEDOR ORLANDO,MASS1407,WALL PANEL GRIS CLARO YC6001 290*168*23,168.00,$2.35,14,12,295,17.5,22.5,$0.116,$1.39,$40.65,$487.86,$2.90,$5.25,882.65625,,,,
350,Entregado,11/22/2025,,CONTENEDOR ORLANDO,MASS1777,WALL PANEL HYYC045 GRIS OSCURO,350.00,$2.35,14,25,295,17.5,22.5,$0.116,$2.90,$40.65,"$1,016.37",$2.90,$5.25,1838.867188,,,,
350,Entregado,11/22/2025,12/27/2025,CONTENEDOR MIAMI,MASS2395,"ROLLO PANEL DECORATIVO JQ-YP-158 1,2m x 30m",100.00,$4.50,10,10,122,31,31,$0.117,$1.17,$41.03,$410.35,$4.10,$8.60,860.347,,,,
350,Entregado,11/22/2025,,CONTENEDOR ORLANDO,MASS1778,WALL PANEL MADERA HYYC018 290*168*23,210.00,$2.35,14,15,295,17.5,22.5,$0.116,$1.74,$40.65,$609.82,$2.90,$5.25,1103.320313,,,,
350,Entregado,11/22/2025,12/27/2025,CONTENEDOR MIAMI,MASS2393,"ROLLO PANEL DECORATIVO JQ-YSZ-3755 1,2m x 30m",150.00,$4.50,10,15,122,31,31,$0.117,$1.76,$41.03,$615.52,$4.10,$8.60,1290.5205,,,,
350,Entregado,11/22/2025,,CONTENEDOR ORLANDO,MASS1835,WALL PANEL HYYC025,140.00,$2.35,14,10,295,17.5,22.5,$0.116,$1.16,$40.65,$406.55,$2.90,$5.25,735.546875,,,,
350,Entregado,11/22/2025,12/27/2025,CONTENEDOR MIAMI,MASS2136,ROLLO DE ESPUMA 3D AUTOADHESIVA JQ-3403-6Y49 40 CM X 3M DE 3MM,280.00,$3.70,30,9.333333333,74,62,42,$0.193,$1.80,$67.44,$629.47,$2.25,$5.95,1665.4736,,,,
350,Entregado,11/22/2025,12/27/2025,CONTENEDOR MIAMI,MASS1843,"ROLLO PANEL DECORATIVO JQ-YP-164
1,2m x 3m",150.00,$4.50,10,15,122,31,31,$0.117,$1.76,$41.03,$615.52,$4.10,$8.60,1290.5205,,,,
350,Entregado,11/22/2025,,CONTENEDOR ORLANDO,MASS1833,WALL PANEL PASTEL GREEN,135.00,$2.35,14,9.642857143,295,17.5,22.5,$0.116,$1.12,$40.65,$392.03,$2.90,$5.25,709.2773438,,,,
350,Entregado,11/22/2025,12/27/2025,CONTENEDOR MIAMI,MASS2133,ROLLO DE ESPUMA 3D AUTOADHESIVA JQ-3403-5Y49 40 CM X 3M DE 3MM,250.00,$3.70,30,8.333333333,74,62,42,$0.193,$1.61,$67.44,$562.03,$2.25,$5.95,1487.03,,,,
350,Entregado,11/22/2025,,CONTENEDOR ORLANDO,MASS2415,"WALL PANEL REDONDO HYYC-078 18,6CM X 2,6CM X 2,90 M",96.00,$4.80,8,12,293.5,21,21,$0.129,$1.55,$45.30,$543.62,$5.66,$10.46,1004.4207,,,,
350,Entregado,11/22/2025,,CONTENEDOR ORLANDO,MASS2417,"WALL PANEL REDONDO HYYC-089 (071 beige)18,6CM X 2,6CM X 2,90 M",96.00,$4.80,8,12,293.5,21,21,$0.129,$1.55,$45.30,$543.62,$5.66,$10.46,1004.4207,,,,
350,Entregado,11/22/2025,,CONTENEDOR ORLANDO,MASS1834,WALL PANEL PASTEL ROSE,140.00,$2.35,14,10,295,17.5,22.5,$0.116,$1.16,$40.65,$406.55,$2.90,$5.25,735.546875,,,,
350,Entregado,11/22/2025,,CONTENEDOR ORLANDO,MASS2421,"WALL PANEL REDONDO HYYC-065 18,6CM X 2,6CM X 2,90 M",96.00,$4.80,8,12,293.5,21,21,$0.129,$1.55,$45.30,$543.62,$5.66,$10.46,1004.4207,,,,
350,Entregado,11/22/2025,,CONTENEDOR ORLANDO,MASS2425,"WALL PANEL 168 CM X 23 X 2,90M XMY006",0.00,$3.10,14,0,295,17.5,22.5,$0.116,$0.00,$40.65,$0.00,$2.90,$6.00,0,,,,
350,Entregado,11/22/2025,,CONTENEDOR ORLANDO,MASS2125,"LAMINA DE PVC MARMOLIZADA HYLJ80007T 2,44 M X 1,22M DE 3MM",50.00,$11.50,1,50,244,122,0.45,$0.013,$0.67,$4.69,$234.42,$4.69,$16.19,809.423,,,,
350,Entregado,11/22/2025,,CONTENEDOR ORLANDO,MASS2126,"LAMINA DE PVC MARMOLIZADA HYLJ80007T 2,44 M X 1,22M DE 3MM",102.00,$11.50,1,102,244,122,0.45,$0.013,$1.37,$4.69,$478.22,$4.69,$16.19,1651.22292,,,,
350,Entregado,11/22/2025,,CONTENEDOR ORLANDO,MASS2432,PISO SPC CLIP 5MM 180*1220MM CBS18036,170.00,$12.32,1,170,20,122,10.5,$0.026,$4.36,$8.97,"$1,524.39",$8.97,$21.29,3618.79,,,,
350,Entregado,11/22/2025,,CONTENEDOR ORLANDO,MASS2123,"LAMINA DE PVC MARMOLIZADA HYDY2001 2,44 M X 1,22M DE 3MM",98.00,$11.50,1,98,244,122,0.45,$0.013,$1.31,$4.69,$459.47,$4.69,$16.19,1586.46908,,,,
350,Entregado,11/22/2025,12/27/2025,CONTENEDOR MIAMI,MASS1836,"ROLLO PANEL DECORATIVO JQ-90527D1 1,2m x 3m",200.00,$4.50,10,20,122,31,31,$0.117,$2.34,$41.03,$820.69,$4.10,$8.60,1720.694,,,,
350,Entregado,11/22/2025,12/27/2025,CONTENEDOR MIAMI,MASS1842,"ROLLO PANEL DECORATIVO JQ-YP-162 1,2m x 3m",100.00,$4.50,10,10,122,31,31,$0.117,$1.17,$41.03,$410.35,$4.10,$8.60,860.347,,,,
350,Entregado,11/22/2025,12/27/2025,CONTENEDOR MIAMI,MASS1736,PISO VINIL HHYM3024,100.00,$11.20,1,100,94,16.5,9,$0.014,$1.40,$4.89,$488.57,$4.89,$16.09,1608.565,,,,
350,Entregado,11/22/2025,,CONTENEDOR ORLANDO,MASS2128,"LAMINA DE PVC MARMOLIZADA HYLJ80001T 2,44 M X 1,22M DE 3MM",50.00,$11.50,1,50,244,122,0.45,$0.013,$0.67,$4.69,$234.42,$4.69,$16.19,809.423,,,,
350,Entregado,11/22/2025,,CONTENEDOR ORLANDO,MASS2427,"WALL PANEL 168 CM X 23 X 2,90M XMY004",210.00,$3.10,14,15,295,17.5,22.5,$0.116,$1.74,$40.65,$609.82,$2.90,$6.00,1260.820313,,,,
350,Entregado,11/22/2025,,CONTENEDOR ORLANDO,MASS2422,"WALL PANEL REDONDO HYYC-069 18,6CM X 2,6CM X 2,90 M",96.00,$4.80,8,12,293.5,21,21,$0.129,$1.55,$45.30,$543.62,$5.66,$10.46,1004.4207,,,,
350,Entregado,11/22/2025,,CONTENEDOR ORLANDO,MASS2419,"WALL PANEL REDONDO HYYC-063 18,6CM X 2,6CM X 2,90 M",96.00,$4.80,8,12,293.5,21,21,$0.129,$1.55,$45.30,$543.62,$5.66,$10.46,1004.4207,,,,
350,Entregado,11/22/2025,,CONTENEDOR ORLANDO,MASS2420,"WALL PANEL REDONDO HYYC-064 18,6CM X 2,6CM X 2,90 M",96.00,$4.80,8,12,293.5,21,21,$0.129,$1.55,$45.30,$543.62,$5.66,$10.46,1004.4207,,,,
350,Entregado,11/22/2025,,CONTENEDOR ORLANDO,MASS2426,"WALL PANEL 168 CM X 23 X 2,90M XMY001",210.00,$3.10,14,15,295,17.5,22.5,$0.116,$1.74,$40.65,$609.82,$2.90,$6.00,1260.820313,,,,
350,Entregado,11/22/2025,,CONTENEDOR ORLANDO,MASS2428,"WALL PANEL 168 CM X 23 X 2,90M XMY011",210.00,$3.10,14,15,295,17.5,22.5,$0.116,$1.74,$40.65,$609.82,$2.90,$6.00,1260.820313,,,,
350,Entregado,11/22/2025,12/27/2025,CONTENEDOR MIAMI,MASS1917,PISO VINIL AUTOADHESIVO 3020 ALTO TRAFICO 2MM GROSOR 914.4MM*152.4MM,80.00,$11.20,1,80,94,16.5,9,$0.014,$1.12,$4.89,$390.85,$4.89,$16.09,1286.852,,,,
350,Entregado,11/22/2025,12/27/2025,CONTENEDOR MIAMI,MASS2391,"ROLLO PANEL DECORATIVO JQ-H-047 1,2m x 30m",150.00,$4.50,10,15,122,31,31,$0.117,$1.76,$41.03,$615.52,$4.10,$8.60,1290.5205,,,,
350,Entregado,11/22/2025,12/27/2025,CONTENEDOR MIAMI,MASS1324,PISO VINIL HHYM3039,150.00,$11.20,1,150,94,16.5,9,$0.014,$2.09,$4.89,$732.85,$4.89,$16.09,2412.8475,,,,
350,Entregado,11/22/2025,,CONTENEDOR ORLANDO,MASS2424,"WALL PANEL 168 CM X 23 X 2,90M LJ8841",280.00,$3.10,14,20,295,17.5,22.5,$0.116,$2.32,$40.65,$813.09,$2.90,$6.00,1681.09375,,,,
350,Entregado,11/22/2025,,CONTENEDOR ORLANDO,MASS2429,PISO SPC CLIP 5MM 180*1220MM CBS9304,114.00,$12.32,1,114,20,122,10.5,$0.026,$2.92,$8.97,"$1,022.24",$8.97,$21.29,2426.718,,,,
350,Entregado,11/22/2025,,CONTENEDOR ORLANDO,MASS2431,PISO SPC CLIP 5MM 180*1220MM CBS9300,170.00,$12.32,1,170,20,122,10.5,$0.026,$4.36,$8.97,"$1,524.39",$8.97,$21.29,3618.79,,,,
350,Entregado,11/22/2025,12/27/2025,CONTENEDOR MIAMI,MASS1840,"ROLLO PANEL DECORATIVO JQ-YP-03 1,2m x 3m",150.00,$4.50,10,15,122,31,31,$0.117,$1.76,$41.03,$615.52,$4.10,$8.60,1290.5205,,,,
350,Entregado,11/22/2025,,CONTENEDOR ORLANDO,MASS2430,PISO SPC CLIP 5MM 180*1220MM CBS1025-5,114.00,$12.32,1,114,20,122,10.5,$0.026,$2.92,$8.97,"$1,022.24",$8.97,$21.29,2426.718,,,,
350,Entregado,11/22/2025,12/27/2025,CONTENEDOR MIAMI,MASS2129,"ROLLO PANEL DECORATIVO JQ-YP-165 1,2m x 30m",200.00,$4.50,10,20,122,31,31,$0.117,$2.34,$41.03,$820.69,$4.10,$8.60,1720.694,,,,
350,Entregado,11/22/2025,,CONTENEDOR ORLANDO,MASS1983,SILICON 300GR,"1,920.00",$0.90,24,80,30.5,21.5,24,$0.016,$1.26,$5.51,$440.66,$0.23,$1.13,2168.664,,,,
350,Entregado,11/22/2025,12/27/2025,CONTENEDOR MIAMI,MASS2394,"ROLLO PANEL DECORATIVO JQ-YP-117 1,2m x 30m",150.00,$4.50,10,15,122,31,31,$0.117,$1.76,$41.03,$615.52,$4.10,$8.60,1290.5205,,,,
350,Entregado,11/22/2025,12/27/2025,CONTENEDOR MIAMI,MASS1838,"ROLLO PANEL DECORATIVO JQ-F014 1,2m x 3m",200.00,$4.50,10,20,122,31,31,$0.117,$2.34,$41.03,$820.69,$4.10,$8.60,1720.694,,,,
450,Entregado,9/23/2025,11/18/2025,CONTENEDOR PARIS,MASS2144,WALL PANEL 3D D099 NEGRO 1MM DE GROSOR 500MM*500MM,200.00,$0.90,50,4,25,50,50,$0.063,$0.25,$28.13,$112.50,$0.56,$1.46,292.5,,,,
450,Entregado,9/23/2025,11/18/2025,CONTENEDOR PARIS,MASS2137,ROLLO DE ESPUMA 3D AUTOADHESIVA JQ-3481-1Y12 40 CM X 3M DE 3MM,150.00,$3.70,1,150,40,300,0.5,$0.006,$0.90,$2.70,$405.00,$2.70,$6.40,960,,,,
450,Entregado,9/23/2025,11/18/2025,CONTENEDOR PARIS,MASS1840,"ROLLO PANEL DECORATIVO JQ-YP-03 1,2m x 3m",100.00,$4.50,10,10,122,31,31,$0.117,$1.17,$52.76,$527.59,$5.28,$9.78,977.589,,,,
450,Entregado,9/23/2025,11/18/2025,CONTENEDOR PARIS,MASS2128,"LAMINA DE PVC MARMOLIZADA HYLJ80001T 2,44 M X 1,22M DE 3MM",75.00,$11.50,1,75,244,122,0.3,$0.009,$0.67,$4.02,$301.40,$4.02,$15.52,1163.901,,,,
450,Entregado,9/23/2025,11/18/2025,CONTENEDOR PARIS,MASS1835,WALL PANEL HYYC025,280.00,$2.35,14,20,290,17,23.5,$0.116,$2.32,$52.13,"$1,042.70",$3.72,$6.07,1700.695,,,,
450,Entregado,9/23/2025,11/18/2025,CONTENEDOR PARIS,MASS1917,PISO VINIL AUTOADHESIVO 3020 ALTO TRAFICO 2MM GROSOR 914.4MM*152.4MM,200.00,$11.20,1,200,94,16,9,$0.014,$2.71,$6.09,"$1,218.24",$6.09,$17.29,3458.24,,,,
450,Entregado,9/23/2025,11/18/2025,CONTENEDOR PARIS,MASS2129,"ROLLO PANEL DECORATIVO JQ-YP-165 1,2m x 30m",200.00,$4.50,10,20,122,31,31,$0.117,$2.34,$52.76,"$1,055.18",$5.28,$9.78,1955.178,,,,
450,Entregado,9/23/2025,11/18/2025,CONTENEDOR PARIS,MASS2139,ROLLO DE ESPUMA 3D AUTOADHESIVA JQ-3403-2 40 CM X 3M DE 3MM,150.00,$3.70,1,150,40,300,0.5,$0.006,$0.90,$2.70,$405.00,$2.70,$6.40,960,,,,
450,Entregado,9/23/2025,11/18/2025,CONTENEDOR PARIS,MASS2146,WALL PANEL 3D D137 NEGRO 1MM DE GROSOR 500MM*500MM,300.00,$0.90,50,6,25,50,50,$0.063,$0.38,$28.13,$168.75,$0.56,$1.46,438.75,,,,
450,Entregado,9/23/2025,11/18/2025,CONTENEDOR PARIS,MASS1418,FOAMI 3D BLANCO 70CM*77CM,600.00,$0.39,100,6,70,70,38,$0.186,$1.12,$83.79,$502.74,$0.84,$1.23,736.74,,,,
450,Entregado,9/23/2025,11/18/2025,CONTENEDOR PARIS,MASS1417,FOAMI 3D NEGRO 70CM*77CM,400.00,$0.39,100,4,70,70,38,$0.186,$0.74,$83.79,$335.16,$0.84,$1.23,491.16,,,,
450,Entregado,9/23/2025,11/18/2025,CONTENEDOR PARIS,MASS1983,SILICON 300GR,"1,200.00",$0.90,24,50,18.5,22.5,38.5,$0.016,$0.80,$7.21,$360.58,$0.30,$1.20,1440.576563,,,,
450,Entregado,9/23/2025,11/18/2025,CONTENEDOR PARIS,MASS1745,ROLLO PANEL DECORATIVO BD871,250.00,$1.60,50,5,2500,60,0.47,$0.071,$0.35,$31.73,$158.63,$0.63,$2.23,558.625,,,,
450,Entregado,9/23/2025,11/18/2025,CONTENEDOR PARIS,MASS2072,"CLIP PARA INSTALACION WALL PANEL 5 * 3,5 CM","10,000.00",$0.01,2,5000,,,,,,,,,,,,,,
450,Entregado,9/23/2025,11/18/2025,CONTENEDOR PARIS,MASS2133,ROLLO DE ESPUMA 3D AUTOADHESIVA JQ-3403-5Y49 40 CM X 3M DE 3MM,150.00,$3.70,1,150,40,300,0.5,$0.006,$0.90,$2.70,$405.00,$2.70,$6.40,960,,,,
450,Entregado,9/23/2025,11/18/2025,CONTENEDOR PARIS,MASS2134,ROLLO DE ESPUMA 3D AUTOADHESIVA JQ-3403 40 CM X 3M DE 3MM,150.00,$3.70,1,150,40,300,0.5,$0.006,$0.90,$2.70,$405.00,$2.70,$6.40,960,,,,
450,Entregado,9/23/2025,11/18/2025,CONTENEDOR PARIS,MASS2141,ROLLO PANEL DECORATIVO BD1135,250.00,$1.60,50,5,2500,60,0.47,$0.071,$0.35,$31.73,$158.63,$0.63,$2.23,558.625,,,,
450,Entregado,9/23/2025,11/18/2025,CONTENEDOR PARIS,MASS1742,WALL PANEL 3D D017 NEGRO 1MM DE GROSOR 500MM*500MM,200.00,$0.90,50,4,25,50,50,$0.063,$0.25,$28.13,$112.50,$0.56,$1.46,292.5,,,,
450,Entregado,9/23/2025,11/18/2025,CONTENEDOR PARIS,MASS2131,ROLLO DE ESPUMA 3D AUTOADHESIVA JQ-3103-1Y13 40 CM X 3M DE 3MM,150.00,$3.70,1,150,40,300,0.5,$0.006,$0.90,$2.70,$405.00,$2.70,$6.40,960,,,,
450,Entregado,9/23/2025,11/18/2025,CONTENEDOR PARIS,MASS1842,"ROLLO PANEL DECORATIVO JQ-YP-162 1,2m x 3m",200.00,$4.50,10,20,122,31,31,$0.117,$2.34,$52.76,"$1,055.18",$5.28,$9.78,1955.178,,,,
450,Entregado,9/23/2025,11/18/2025,CONTENEDOR PARIS,MASS2123,"LAMINA DE PVC MARMOLIZADA HYDY2001 2,44 M X 1,22M DE 3MM",50.00,$11.50,1,50,244,122,0.3,$0.009,$0.45,$4.02,$200.93,$4.02,$15.52,775.934,,,,
450,Entregado,9/23/2025,11/18/2025,CONTENEDOR PARIS,MASS1410,WALL PANEL YC101 NEGRO,420.00,$2.35,14,30,300,17,23,$0.117,$3.52,$52.79,"$1,583.55",$3.77,$6.12,2570.55,,,,
450,Entregado,9/23/2025,11/18/2025,CONTENEDOR PARIS,MASS1778,WALL PANEL MADERA HYYC018 290*168*23,350.00,$2.35,14,25,300,17,23,$0.117,$2.93,$52.79,"$1,319.63",$3.77,$6.12,2142.125,,,,
450,Entregado,9/23/2025,11/18/2025,CONTENEDOR PARIS,MASS1918,PISO VINIL AUTOADHESIVO 3026 ALTO TRAFICO 2MM GROSOR 914.4MM*152.4MM,180.00,$11.20,1,180,94,16,9,$0.014,$2.44,$6.09,"$1,096.42",$6.09,$17.29,3112.416,,,,
450,Entregado,9/23/2025,11/18/2025,CONTENEDOR PARIS,MASS1407,WALL PANEL GRIS CLARO YC6001 290*168*23,350.00,$2.35,14,25,300,17,23,$0.117,$2.93,$52.79,"$1,319.63",$3.77,$6.12,2142.125,,,,
450,Entregado,9/23/2025,11/18/2025,CONTENEDOR PARIS,MASS1408,WALL PANEL MARRON CLARO 8882 290*168*23,420.00,$2.35,14,30,300,17,23,$0.117,$3.52,$52.79,"$1,583.55",$3.77,$6.12,2570.55,,,,
450,Entregado,9/23/2025,11/18/2025,CONTENEDOR PARIS,MASS1777,WALL PANEL HYYC045 GRIS OSCURO,420.00,$2.35,14,30,290,17,23.5,$0.116,$3.48,$52.13,"$1,564.04",$3.72,$6.07,2551.0425,,,,
450,Entregado,9/23/2025,11/18/2025,CONTENEDOR PARIS,MASS1409,WALL PANEL AZUL 095,126.00,$2.35,14,9,290,17,23.5,$0.116,$1.04,$52.13,$469.21,$3.72,$6.07,765.31275,,,,
450,Entregado,9/23/2025,11/18/2025,CONTENEDOR PARIS,MASS1743,WALL PANEL HYYC073 BLANCO,420.00,$2.35,14,30,290,17,23.5,$0.116,$3.48,$52.13,"$1,564.04",$3.72,$6.07,2551.0425,,,,
450,Entregado,9/23/2025,11/18/2025,CONTENEDOR PARIS,MASS2124,"LAMINA DE PVC MARMOLIZADA HYDY2002 2,44 M X 1,22M DE 3MM",50.00,$11.50,1,50,244,122,0.3,$0.009,$0.45,$4.02,$200.93,$4.02,$15.52,775.934,,,,
450,Entregado,9/23/2025,11/18/2025,CONTENEDOR PARIS,MASS2125,"LAMINA DE PVC MARMOLIZADA HYDY2006 2,44 M X 1,22M DE 3MM",50.00,$11.50,1,50,244,122,0.3,$0.009,$0.45,$4.02,$200.93,$4.02,$15.52,775.934,,,,
450,Entregado,9/23/2025,11/18/2025,CONTENEDOR PARIS,MASS2126,"LAMINA DE PVC MARMOLIZADA HYLJ80007T 2,44 M X 1,22M DE 3MM",100.00,$11.50,1,100,244,122,0.3,$0.009,$0.89,$4.02,$401.87,$4.02,$15.52,1551.868,,,,
450,Entregado,9/23/2025,11/18/2025,CONTENEDOR PARIS,MASS2127,"LAMINA DE PVC MARMOLIZADA HYLJ80008T 2,44 M X 1,22M DE 3MM",100.00,$11.50,1,100,244,122,0.3,$0.009,$0.89,$4.02,$401.87,$4.02,$15.52,1551.868,,,,
450,Entregado,9/23/2025,11/18/2025,CONTENEDOR PARIS,MASS1836,"ROLLO PANEL DECORATIVO JQ-90527D1 1,2m x 3m",200.00,$4.50,10,20,122,31,31,$0.117,$2.34,$52.76,"$1,055.18",$5.28,$9.78,1955.178,,,,
450,Entregado,9/23/2025,11/18/2025,CONTENEDOR PARIS,MASS1839,"ROLLO PANEL DECORATIVO JQ-H-002 1,2m x 3m",100.00,$4.50,10,10,122,31,31,$0.117,$1.17,$52.76,$527.59,$5.28,$9.78,977.589,,,,
450,Entregado,9/23/2025,11/18/2025,CONTENEDOR PARIS,MASS1837,"ROLLO PANEL DECORATIVO JQ-F-008 1,2m x 3m",250.00,$4.50,10,25,122,31,31,$0.117,$2.93,$52.76,"$1,318.97",$5.28,$9.78,2443.9725,,,,
450,Entregado,9/23/2025,11/18/2025,CONTENEDOR PARIS,MASS1841,"ROLLO PANEL DECORATIVO JQ-YP-160 1,2m x 3m",200.00,$4.50,10,20,122,31,31,$0.117,$2.34,$52.76,"$1,055.18",$5.28,$9.78,1955.178,,,,
450,Entregado,9/23/2025,11/18/2025,CONTENEDOR PARIS,MASS1843,"ROLLO PANEL DECORATIVO JQ-YP-164
1,2m x 3m",150.00,$4.50,10,15,122,31,31,$0.117,$1.76,$52.76,$791.38,$5.28,$9.78,1466.3835,,,,
450,Entregado,9/23/2025,11/18/2025,CONTENEDOR PARIS,MASS2130,ROLLO DE ESPUMA 3D AUTOADHESIVA JQ-3129-4Y6 40 CM X 3M DE 3MM,0.00,$3.70,1,0,40,300,0.5,$0.006,$0.00,$2.70,$0.00,$2.70,$6.40,0,,,,
450,Entregado,9/23/2025,11/18/2025,CONTENEDOR PARIS,MASS2132,ROLLO DE ESPUMA 3D AUTOADHESIVA 3419-6Y49 40 CM X 3M DE 3MM,150.00,$3.70,1,150,40,300,0.5,$0.006,$0.90,$2.70,$405.00,$2.70,$6.40,960,,,,
450,Entregado,9/23/2025,11/18/2025,CONTENEDOR PARIS,MASS1838,"ROLLO PANEL DECORATIVO JQ-F014 1,2m x 3m",100.00,$4.50,10,10,122,31,31,$0.117,$1.17,$52.76,$527.59,$5.28,$9.78,977.589,,,,
450,Entregado,9/23/2025,11/18/2025,CONTENEDOR PARIS,MASS2135,ROLLO DE ESPUMA 3D AUTOADHESIVA JQ-3403-3 40 CM X 3M DE 3MM,150.00,$3.70,1,150,40,300,0.5,$0.006,$0.90,$2.70,$405.00,$2.70,$6.40,960,,,,
450,Entregado,9/23/2025,11/18/2025,CONTENEDOR PARIS,MASS2136,ROLLO DE ESPUMA 3D AUTOADHESIVA JQ-3403-6Y49 40 CM X 3M DE 3MM,150.00,$3.70,1,150,40,300,0.5,$0.006,$0.90,$2.70,$405.00,$2.70,$6.40,960,,,,
450,Entregado,9/23/2025,11/18/2025,CONTENEDOR PARIS,MASS2138,ROLLO DE ESPUMA 3D AUTOADHESIVA JQ-3472-1Y4 40 CM X 3M DE 3MM,150.00,$3.70,1,150,40,300,0.5,$0.006,$0.90,$2.70,$405.00,$2.70,$6.40,960,,,,
450,Entregado,9/23/2025,11/18/2025,CONTENEDOR PARIS,MASS1562,WALL PANEL 3D D094 BLANCO 1MM DE GROSOR 500MM*500MM,400.00,$0.85,50,8,25,50,50,$0.063,$0.50,$28.13,$225.00,$0.56,$1.41,565,,,,
450,Entregado,9/23/2025,11/18/2025,CONTENEDOR PARIS,MASS1414,WALL PANEL 3D D094 NEGRO 1MM DE GROSOR 500MM*500MM,300.00,$0.90,50,6,25,50,50,$0.063,$0.38,$28.13,$168.75,$0.56,$1.46,438.75,,,,
450,Entregado,9/23/2025,11/18/2025,CONTENEDOR PARIS,MASS2143,WALL PANEL 3D D099 BLANCO 1MM DE GROSOR 500MM*500MM,400.00,$0.85,50,8,25,50,50,$0.063,$0.50,$28.13,$225.00,$0.56,$1.41,565,,,,
450,Entregado,9/23/2025,11/18/2025,CONTENEDOR PARIS,MASS1741,WALL PANEL 3D D017 BLANCO 1MM DE GROSOR 500MM*500MM,400.00,$0.85,50,8,25,50,50,$0.063,$0.50,$28.13,$225.00,$0.56,$1.41,565,,,,
450,Entregado,9/23/2025,11/18/2025,CONTENEDOR PARIS,MASS2145,WALL PANEL 3D D137 BLANCO 1MM DE GROSOR 500MM*500MM,400.00,$0.85,50,8,25,50,50,$0.063,$0.50,$28.13,$225.00,$0.56,$1.41,565,,,,
450,Entregado,9/23/2025,11/18/2025,CONTENEDOR PARIS,MASS2147,WALL PANEL 3D D090 BLANCO 1MM DE GROSOR 500MM*500MM,400.00,$0.85,50,8,25,50,50,$0.063,$0.50,$28.13,$225.00,$0.56,$1.41,565,,,,
450,Entregado,9/23/2025,11/18/2025,CONTENEDOR PARIS,MASS2140,ROLLO PANEL DECORATIVO BD1137,250.00,$1.60,50,5,2500,60,0.47,$0.071,$0.35,$31.73,$158.63,$0.63,$2.23,558.625,,,,
450,Entregado,9/23/2025,11/18/2025,CONTENEDOR PARIS,MASS2148,WALL PANEL 3D D090 NEGRO 1MM DE GROSOR 500MM*500MM,200.00,$0.90,50,4,25,50,50,$0.063,$0.25,$28.13,$112.50,$0.56,$1.46,292.5,,,,
450,Entregado,9/23/2025,11/18/2025,CONTENEDOR PARIS,MASS2142,ROLLO PANEL DECORATIVO BD1121,250.00,$1.60,50,5,2500,60,0.47,$0.071,$0.35,$31.73,$158.63,$0.63,$2.23,558.625,,,,
450,Entregado,9/23/2025,11/18/2025,CONTENEDOR PARIS,MASS1747,ROLLO PANEL DECORATIVO BD771,250.00,$1.60,50,5,2500,60,0.47,$0.071,$0.35,$31.73,$158.63,$0.63,$2.23,558.625,,,,
450,Entregado,9/23/2025,11/18/2025,CONTENEDOR PARIS,MASS1746,ROLLO PANEL DECORATIVO BD928,250.00,$1.60,50,5,2500,60,0.47,$0.071,$0.35,$31.73,$158.63,$0.63,$2.23,558.625,,,,
550,Entregado,8/11/2025,,CONTENEDOR BERLIN,MASS2167 MASS2168 MASS2169,DILDO VIBRADOR CON DOBLE PENETRACION 40 Negro/40 Morado/40 Piel,120.00,$2.58,100,1.2,20,30,54,$0.032,$0.04,$17.82,$21.38,$0.18,$2.76,330.984,,,,
550,Entregado,8/11/2025,,CONTENEDOR BERLIN,"MASS2086
MASS2087
MASS2088
MASS2089
MASS2090
MASS2091","Pantorrillera Deportiva Elástica
(AZUL M50,L70,XL30)
(NARANJA M50,L70,XL30)",300.00,$0.95,200,1.5,60,34,57,$0.116,$0.17,$63.95,$95.93,$0.32,$1.27,380.931,,,,
550,Entregado,8/11/2025,,CONTENEDOR MADRID,"MASS2102MASS2103MASS2104MASS2105MASS2106MASS2107MASS2108MASS2109","ANILLO INTELIGENTE (Negro 8-40,9-60,10-40,11-25)
(plata 8-35,9-45,10-35,11-20)",400.00,$7.50,100,4,40,32,23.7,$0.030,$0.12,$16.68,$66.74,$0.17,$7.67,3066.7392,,,,
550,Entregado,8/11/2025,,CONTENEDOR MADRID,MASS1912,RECORTADOR DE CEJAS ELECTRICO BLANCO,200.00,$0.85,200,1,64,39,52,$0.130,$0.13,$71.39,$71.39,$0.36,$1.21,241.3856,,,,
550,Entregado,8/11/2025,,CONTENEDOR MADRID,MASS2083,SET DE CABALLERO (NEGRO),300.00,$1.85,300,1,35,55,55,$0.106,$0.11,$58.23,$58.23,$0.19,$2.04,613.23125,,,,
550,Entregado,8/11/2025,,CONTENEDOR BERLIN,MASS2178,"CONSOLADOR ANAL REALISTA CON TENTACULO 8,7""",30.00,$6.80,30,1,21,40,48,$0.040,$0.04,$22.18,$22.18,$0.74,$7.54,226.176,,,,
550,Entregado,8/11/2025,,CONTENEDOR BERLIN,MASS2179,FUNDA EXTENSORA DE PENE GLADIADOR,100.00,$1.00,80,1.25,35,50,20,$0.035,$0.04,$19.25,$24.06,$0.24,$1.24,124.0625,,,,
550,Entregado,8/11/2025,,CONTENEDOR BERLIN,MASS0287,SATISFAYER RECARGABLE GM21901 (PIEL),95.00,$5.00,40,2.375,30,18,22,$0.012,$0.03,$6.53,$15.52,$0.16,$5.16,490.51825,,,,
550,Entregado,8/11/2025,,CONTENEDOR BERLIN,MASS2170 MASS2171 MASS2172 MASS2173,MASTURBADOR FEMENINO CON 10 MODOS DE VIBRACION,100.00,$2.35,240,0.4166666667,68,37,36.5,$0.092,$0.04,$50.51,$21.05,$0.21,$2.56,256.0452917,,,,
550,Entregado,8/11/2025,,CONTENEDOR BERLIN,MASS2174 MASS2175,PLUG ANAL COLA DE PERRO DE SILICONA 60 negro/40 trasparente,100.00,$1.20,100,1,30,30,20,$0.018,$0.02,$9.90,$9.90,$0.10,$1.30,129.9,,,,
550,Entregado,8/11/2025,,CONTENEDOR BERLIN,MASS2176,CONSOLADOR DE PERRO PARA MUJER CON EYACULADOR,30.00,$10.50,30,1,22,30,36,$0.024,$0.02,$13.07,$13.07,$0.44,$10.94,328.068,,,,
550,Entregado,8/11/2025,,CONTENEDOR MADRID,MASS1687,CONSOLADOR REALISTICO GRANDE CON BASE CHUPON,150.00,$3.00,75,2,60,47,43,$0.121,$0.24,$66.69,$133.39,$0.89,$3.89,583.386,,,,
550,Entregado,8/11/2025,,CONTENEDOR BERLIN,MASS2177,CONSOLADOR ANIMAL CABALLO,30.00,$14.50,30,1,29,30,36,$0.031,$0.03,$17.23,$17.23,$0.57,$15.07,452.226,,,,
550,Entregado,8/11/2025,,CONTENEDOR BERLIN,MASS2182,JUEGO DE ATADURA BDSM AJUSTABLE MUÑECA Y MUSLOS,80.00,$1.00,80,1,35,20,20,$0.014,$0.01,$7.70,$7.70,$0.10,$1.10,87.7,,,,
550,Entregado,8/11/2025,,CONTENEDOR BERLIN,MASS2183,COLUMPIO DE PUERTA PARA ADULTOS,40.00,$3.50,40,1,35,20,20,$0.014,$0.01,$7.70,$7.70,$0.19,$3.69,147.7,,,,
550,Entregado,8/11/2025,,CONTENEDOR BERLIN,MASS2185,CINTURON DE CASTICIDAD DE METAL,50.00,$4.88,100,0.5,50,30,40,$0.060,$0.03,$33.00,$16.50,$0.33,$5.21,260.5,,,,
550,Entregado,8/11/2025,,CONTENEDOR BERLIN,"MASS0749
MASS1198","ESPOSAS SEXUAL DE COLORES BDSM39 (NEGRA50,ROJO50)",100.00,$0.48,40,2.5,29,25,15,$0.011,$0.03,$5.98,$14.95,$0.15,$0.63,62.953125,,,,
550,Entregado,8/11/2025,,CONTENEDOR BERLIN,MASS0842,LUBRICANTE MULTIORGASMICO CLIMAX OLO 20 ML,212.00,$0.85,200,1.06,26,20,30,$0.016,$0.02,$8.58,$9.09,$0.04,$0.89,189.2948,,,,
550,Entregado,8/11/2025,,CONTENEDOR BERLIN,MASS1734,FORRO PARA PENE TEXTURIZADO CON BALA VIBRADORA,41.00,$2.50,40,1.025,30,37,30,$0.033,$0.03,$18.32,$18.77,$0.46,$2.96,121.272875,,,,
550,Entregado,8/11/2025,,CONTENEDOR BERLIN,MASS0210,ESTIMULADOR Y SUCCIONADOR DE CLITORIS MNMLKX003 (MORADO30),30.00,$6.00,50,0.6,59,42,27.5,$0.068,$0.04,$37.48,$22.49,$0.75,$6.75,202.48785,,,,
550,Entregado,8/11/2025,,CONTENEDOR BERLIN,"MASS0800
MASS0801
MASS0802
MASS1758
MASS1759",BALA COLORES PASTELES YCAS4301 morado40/rosa40/rojo40/azul40/negro40,200.00,$0.80,200,1,28,28,18,$0.014,$0.01,$7.76,$7.76,$0.04,$0.84,167.7616,,,,
550,Entregado,8/11/2025,,CONTENEDOR BERLIN,MASS0846,ROSA VIBRADORA VAGINA SUCKER,50.00,$2.80,50,1,41,40,40,$0.066,$0.07,$36.08,$36.08,$0.72,$3.52,176.08,,,,
550,Entregado,8/11/2025,,CONTENEDOR BERLIN,"MASS0693
MASS1191","SET DE INICIADORES ANALES SETANAL001 ROSA50,NEGRO50",100.00,$0.65,40,2.5,30,31,27,$0.025,$0.06,$13.81,$34.53,$0.35,$1.00,99.52625,,,,
550,Entregado,8/11/2025,,CONTENEDOR BERLIN,"MASS1463
MASS1464
MASS1465
MASS1467",PLUG ANAL CON COLA DE ZORRO ANALTAIL001(BLANCO30/negro60/rojo30//blanco+negro30),150.00,$1.15,200,0.75,66,46,31,$0.094,$0.07,$51.76,$38.82,$0.26,$1.41,211.32285,,,,
550,Entregado,8/11/2025,,CONTENEDOR BERLIN,"MASS1956
MASS1957","Bondage esclavo juego cuero azotes paletas (NEGRO60, ROJO40)",100.00,$1.08,50,2,5,25,10,$0.001,$0.00,$0.69,$1.38,$0.01,$1.09,109.375,,,,
550,Entregado,8/11/2025,,CONTENEDOR BERLIN,MASS2186,LAMPARA DE LAVA 721azules 40 ooradas,112.00,$4.80,8,14,44,42.5,28.5,$0.053,$0.75,$29.31,$410.37,$3.66,$8.46,947.9715,,,,
550,Entregado,8/11/2025,,CONTENEDOR BERLIN,MASS2190,CEPILLO LAVADOR ELECTRICO RECARGABLE,144.00,$1.75,48,3,66.5,47,54,$0.169,$0.51,$92.83,$278.48,$1.93,$3.68,530.48205,,,,
550,Entregado,8/11/2025,,CONTENEDOR BERLIN,MASS2192,BOLSO DE LAPTOP CON USB negro 60 azul 30 gris 30,120.00,$2.80,1,120,45,30,8,$0.011,$1.30,$5.94,$712.80,$5.94,$8.74,1048.8,,,,
550,Entregado,8/11/2025,,CONTENEDOR BERLIN,MASS2193,ESMECHADOR DE POLLO,288.00,$1.25,40,7.2,61,51.5,51.5,$0.162,$1.16,$88.98,$640.68,$2.22,$3.47,1000.67751,,,,
550,Entregado,8/11/2025,,CONTENEDOR BERLIN,MASS2196,BATERIA DRON E88,400.00,$0.80,100,4,40,60,20,$0.048,$0.19,$26.40,$105.60,$0.26,$1.06,425.6,,,,
550,Entregado,8/11/2025,,CONTENEDOR BERLIN,MASS2197,IMPRESORA TERMICA 80 MM USB LAN,48.00,$31.00,12,4,38,28,38,$0.040,$0.16,$22.24,$88.95,$1.85,$32.85,1576.9504,,,,
550,Entregado,8/11/2025,,CONTENEDOR BERLIN,MASS2198,FUNDA DE BRAZO PARA TELEFONO UNIVERSAL 49 rojo/ 51azul c/21 azul o /51 negro/51 rosa/ 51 naranja,300.00,$0.50,500,0.6,63,44,36,$0.100,$0.06,$54.89,$32.93,$0.11,$0.61,182.93136,,,,
550,Entregado,8/11/2025,,CONTENEDOR BERLIN,MASS2201,MAQUINA CORTADORA LASER,20.00,$90.00,1,20,45,26,19,$0.022,$0.44,$12.23,$244.53,$12.23,$102.23,2044.53,,,,
550,Entregado,8/11/2025,,CONTENEDOR MADRID,MASS1377,HIDROYET RECARGABLE 48VF (Con maleta y boquilla),150.00,$7.00,10,15,75,25.5,45,$0.086,$1.29,$47.33,$710.02,$4.73,$11.73,1760.015625,,,,
550,Entregado,8/11/2025,,CONTENEDOR BERLIN,MASS2074,Blanqueador Dental Smilekit Luz Uv Para Aplicar En Casa,162.00,$8.00,54,3,49,39,34,$0.065,$0.19,$35.74,$107.21,$0.66,$8.66,1403.2071,,,,
550,Entregado,8/11/2025,,CONTENEDOR BERLIN,MASS2079,Medidor De Ph Digital Portatil,200.00,$1.40,100,2,35,33,29,$0.033,$0.07,$18.42,$36.84,$0.18,$1.58,316.8445,,,,
550,Entregado,8/11/2025,,CONTENEDOR BERLIN,MASS2082,Hub Adaptador 11 En 1 Multipuertos,100.00,$7.35,100,1,48,36,28,$0.048,$0.05,$26.61,$26.61,$0.27,$7.62,761.6112,,,,
550,Entregado,8/11/2025,,CONTENEDOR BERLIN,MASS2084,SET DE CABALLERO (NEGRO),150.00,$2.30,1,150,13,8,5,$0.001,$0.08,$0.29,$42.90,$0.29,$2.59,387.9,,,,
550,Entregado,8/11/2025,,CONTENEDOR BERLIN,MASS2085,SET DE CABALLERO,150.00,$2.30,1,150,13,8,5,$0.001,$0.08,$0.29,$42.90,$0.29,$2.59,387.9,,,,
550,Entregado,8/11/2025,,CONTENEDOR MADRID,MASS1473 MASS1474,CONSOLADOR REALISTICO CON BASE 10 PULGADAS (negro25/piel25),50.00,$2.80,50,1,41,37,34,$0.052,$0.05,$28.37,$28.37,$0.57,$3.37,168.3679,,,,
550,Entregado,8/11/2025,,CONTENEDOR BERLIN,MASS2096,MUÑEQUERA PAR FITNES,250.00,$1.00,250,1,50,42,42,$0.088,$0.09,$48.51,$48.51,$0.19,$1.19,298.51,,,,
550,Entregado,8/11/2025,,CONTENEDOR BERLIN,MASS2097,EXFOLIADOR DE CARA 100 MORADO 88 AZUL 50 ROSA,250.00,$0.65,400,0.625,60,60,50,$0.180,$0.11,$99.00,$61.88,$0.25,$0.90,224.375,,,,
550,Entregado,8/11/2025,,CONTENEDOR BERLIN,MASS2100,LINTERNA RECARGABLE,120.00,$1.35,120,1,64,32,39.5,$0.081,$0.08,$44.49,$44.49,$0.37,$1.72,206.4928,,,,
550,Entregado,8/11/2025,,CONTENEDOR BERLIN,MASS2101,MOLDE DE SILICONA PARA CUBOS DE HIELO FACIAL,300.00,$0.90,200,1.5,50,40,35,$0.070,$0.11,$38.50,$57.75,$0.19,$1.09,327.75,,,,
550,Entregado,8/11/2025,,CONTENEDOR MADRID,"MASS2112MASS2113MASS2114MASS2115","Teléfono infantil A16 con pantalla táctil
Chip: MKT6261D 800 mAh
Tiempo de carga: 2 h
Resolución de pantalla: 240 x 320
Tamaño de pantalla: IPS de 2,8 pulgadas
Cámara frontal: 30 W
Tiempo en espera: 3 días
Memoria: 32 MB
Tarjeta de memoria: 8 GB
Memoria expandible: Admite tarjeta de memoria extendida
Tamaño del dispositivo: 97,5 x 54,5 x 13 mm
Descarga de la aplicación: No
Color: Azul100,rosa35negro90",190.00,$15.00,50,3.8,42,35,31,$0.046,$0.17,$25.06,$95.24,$0.50,$15.50,2945.2413,,,,
550,Entregado,8/11/2025,,CONTENEDOR BERLIN,MASS2111,RECOGEDOR DE POLVO PARA TALADRO,300.00,$0.22,100,3,45,20,48,$0.043,$0.13,$23.76,$71.28,$0.24,$0.46,137.28,,,,
550,Entregado,8/11/2025,,CONTENEDOR BERLIN,"MASS2116MASS2117","RELOJ INTELIGENTE PARA NIÑO Q19 GPS
(180 azul, 120rosado)",300.00,$4.50,100,3,41.5,34,33,$0.047,$0.14,$25.61,$76.83,$0.26,$4.76,1426.82895,,,,
550,Entregado,8/11/2025,,CONTENEDOR BERLIN,MASS2119,CEPILLO ELECTRICO 150 blanco / 150 negro / rosa 196,400.00,$1.20,200,2,41.5,35.5,54,$0.080,$0.16,$43.76,$87.51,$0.22,$1.42,567.51105,,,,
550,Entregado,8/11/2025,,CONTENEDOR BERLIN,MASS2120,LAMPARA DE LIBRO,100.00,$5.80,500,0.2,30,40,500,$0.600,$0.12,$330.00,$66.00,$0.66,$6.46,646,,,,
550,Entregado,8/11/2025,,CONTENEDOR BERLIN,MASS2121,TIRAS NASALES,400.00,$1.25,400,1,53,36,35,$0.067,$0.07,$36.73,$36.73,$0.09,$1.34,536.729,,,,
550,Entregado,8/11/2025,,CONTENEDOR BERLIN,,PEDIDO AFFARI,,,,,,,,,,,,,,,,,,
550,Entregado,8/11/2025,,CONTENEDOR BERLIN,MASS2200,RODILLERA CON CALEFACCION USB,50.00,$2.58,150,0.3333333333,53,41,43,$0.093,$0.03,$51.39,$17.13,$0.34,$2.92,146.1304833,,,,
550,Entregado,8/11/2025,,CONTENEDOR BERLIN,MASS0274,MAQUINA DE AFEITAR T9,100.00,$0.85,100,1,47,34,32,$0.051,$0.05,$28.12,$28.12,$0.28,$1.13,113.1248,,,,
550,Entregado,8/11/2025,,CONTENEDOR BERLIN,MASS1299,FILTRO DE AGUA PURIFICADOR PARA GRIFERIA,60.00,$1.65,60,1,60,50,40,$0.120,$0.12,$66.00,$66.00,$1.10,$2.75,165,,,,
550,Entregado,8/11/2025,,CONTENEDOR MADRID,MASS1907,"IRRIGADOR ORAL PORTATIL LIMPIADOR DE DIENTE RECARGABLE USB 4 PUNTAS 220 ML 3 MODOS
(BLANCO)",240.00,$3.10,60,4,45,39,36,$0.063,$0.25,$34.75,$139.00,$0.58,$3.68,882.996,,,,
550,Entregado,8/11/2025,,CONTENEDOR BERLIN,MASS1818,RELOJ INTELIGENTE S9 (3 CORREAS INCLUIDAS),50.00,$3.25,50,1,55,30,22.6,$0.037,$0.04,$20.51,$20.51,$0.41,$3.66,183.0095,,,,
550,Entregado,8/11/2025,,CONTENEDOR BERLIN,MASS1904,CAMARA TIPO BOMBILLO BASE E27 1080P,50.00,$2.90,50,1,54,32,36,$0.062,$0.06,$34.21,$34.21,$0.68,$3.58,179.2144,,,,
550,Entregado,8/11/2025,,CONTENEDOR BERLIN,,MERCANCIA PENDIENTE,,,,,,,,,,,,,,,,,,
550,Entregado,8/11/2025,,CONTENEDOR BERLIN,MASS1822,AUDIFONO GQ-09 NEGRO,150.00,$2.60,100,1.5,50,25,53,$0.066,$0.10,$36.44,$54.66,$0.36,$2.96,444.65625,,,,
550,Entregado,8/11/2025,,CONTENEDOR MADRID,MASS1785,"ORGANIZADOR DE ZAPATO 120 cm x 116 cm x 30 cm
(60NEGRO,20GRIS)",40.00,$4.35,10,4,56.5,36.5,51.5,$0.106,$0.42,$58.41,$233.65,$5.84,$10.19,407.652925,,,,
550,Entregado,8/11/2025,,CONTENEDOR MADRID,MASS0889,BALANZA PERSONAL RECARGABLE,320.00,$1.70,20,16,54.5,25,28.5,$0.039,$0.62,$21.36,$341.72,$1.07,$2.77,885.715,,,,
550,Entregado,8/11/2025,,CONTENEDOR MADRID,MASS1801,RELOJ INTELIGENTE S16 NEGRO + CORREA ADICIONAL (ROSADA),300.00,$3.80,100,3,48,49,24,$0.056,$0.17,$31.05,$93.14,$0.31,$4.11,1233.1392,,,,
550,Entregado,8/11/2025,,CONTENEDOR MADRID,MASS1798,ANTORCHA SOLAR DE LLAMA LED IMPERMIABLE PARA JARDIN DECORACION,384.00,$0.85,96,4,55,42,45.2,$0.104,$0.42,$57.43,$229.71,$0.60,$1.45,556.1064,,,,
550,Entregado,8/11/2025,,CONTENEDOR MADRID,MASS1040,CORTADOR PICATODO DE COCINA 17 EN 1,144.00,$2.15,24,6,67.5,38.5,49.5,$0.129,$0.77,$70.75,$424.51,$2.95,$5.10,734.1058125,,,,
550,Entregado,8/11/2025,,CONTENEDOR MADRID,MASS1205,SET DE LIGAS DE RESISTENCIA 5 PCS,500.00,$0.86,100,5,30,30,30,$0.027,$0.14,$14.85,$74.25,$0.15,$1.01,504.25,,,,
550,Entregado,8/11/2025,,CONTENEDOR BERLIN,MASS1813 MASS1802,Almohadilla de calentamiento Menstrual portátil (30blancos-30rosado),60.00,$4.00,60,1,49.5,45.2,32,$0.072,$0.07,$39.38,$39.38,$0.66,$4.66,279.37824,,,,
550,Entregado,8/11/2025,,CONTENEDOR BERLIN,MASS2211,PROYECTOR HY300 720,160.00,$21.80,20,8,61.6,28.5,45,$0.079,$0.63,$43.45,$347.61,$2.17,$23.97,3835.6088,,,,
550,Entregado,8/11/2025,,CONTENEDOR BERLIN,MASS2083,SET DE CABALLERO (NEGRO),150.00,$2.30,1,150,13,8,5,$0.001,$0.08,$0.29,$42.90,$0.29,$2.59,387.9,,,,
550,Entregado,8/11/2025,,CONTENEDOR BERLIN,MASS2118,MINI AFEITADORA ELECTRICA,400.00,$1.00,400,1,43.5,41.5,29,$0.052,$0.05,$28.79,$28.79,$0.07,$1.07,428.7937375,,,,
550,Entregado,8/11/2025,,CONTENEDOR BERLIN,"MASS2112MASS2113MASS2114MASS2115","Teléfono infantil A16 con pantalla táctil
Chip: MKT6261D 800 mAh
Tiempo de carga: 2 h
Resolución de pantalla: 240 x 320
Tamaño de pantalla: IPS de 2,8 pulgadas
Cámara frontal: 30 W
Tiempo en espera: 3 días
Memoria: 32 MB
Tarjeta de memoria: 8 GB
Memoria expandible: Admite tarjeta de memoria extendida
Tamaño del dispositivo: 97,5 x 54,5 x 13 mm
Descarga de la aplicación: No
Color: Azul, rosa, negro y blanco",200.00,$15.00,50,4,42,35,31,$0.046,$0.18,$25.06,$100.25,$0.50,$15.50,3100.254,,,,
550,Entregado,8/11/2025,,CONTENEDOR BERLIN,MASS2110,LIMPIADOR DE VENTANAS MAGICO,240.00,$0.68,120,2,52,52,41.5,$0.112,$0.22,$61.72,$123.44,$0.51,$1.19,286.6376,,,,
550,Entregado,8/11/2025,,CONTENEDOR BERLIN,MASS2095,"LAPIZ INFINITO DE COLOR
12pcs set",240.00,$0.90,80,3,34,32,40,$0.044,$0.13,$23.94,$71.81,$0.30,$1.20,287.808,,,,
550,Entregado,8/11/2025,,CONTENEDOR BERLIN,"MASS2080
MASS2081","RELOJ INTELIGENTE QX11 BATERIA 520 MAH
(150 NEGRO, 100BLANQUECINO )",250.00,$10.65,100,2.5,50,27,31,$0.042,$0.10,$23.02,$57.54,$0.23,$10.88,2720.04375,,,,
550,Entregado,8/11/2025,,CONTENEDOR BERLIN,"MASS2075
MASS2076
MASS2077
MASS2078","Cera Pintar Cabello Colores Temporal Fijadora
(50AZUL,50VERDE,50ROJO,50MORADO)",200.00,$1.00,100,2,50,50,10,$0.025,$0.05,$13.75,$27.50,$0.14,$1.14,227.5,,,,
550,Entregado,8/11/2025,,CONTENEDOR BERLIN,MASS0691,FORRO DE SILICON PARA PENE YMSK001,320.00,$0.60,120,2.666666667,40,35,36,$0.050,$0.13,$27.72,$73.92,$0.23,$0.83,265.92,,,,
550,Entregado,8/11/2025,,CONTENEDOR BERLIN,MASS2199,Set de viaje 8 pcs 40 negro/ 45 grises/35 azul o,120.00,$3.25,10,12,35,25,30,$0.026,$0.32,$14.44,$173.25,$1.44,$4.69,563.25,,,,
550,Entregado,8/11/2025,,CONTENEDOR BERLIN,MASS2195,COCHE PARA BEBE VIAJERO YOYO,8.00,$45.00,1,8,38,17.5,67.5,$0.045,$0.36,$24.69,$197.51,$24.69,$69.69,557.505,,,,
550,Entregado,8/11/2025,,CONTENEDOR BERLIN,MASS2191,HUMIFICADOR GRANDE,96.00,$3.20,24,4,53,35.5,54,$0.102,$0.41,$55.88,$223.52,$2.33,$5.53,530.7222,,,,
550,Entregado,8/11/2025,,CONTENEDOR BERLIN,MASS1919,Vibrador Trio Recargable Usb Rabbit Consolador Estimulación,100.00,$2.28,100,1,59,53.8,40.5,$0.129,$0.13,$70.71,$70.71,$0.71,$2.99,298.705305,,,,
550,Entregado,8/11/2025,,CONTENEDOR BERLIN,"MASS0018
MASS0019
MASS0020","ANILLO JOY VIBRADOR RETARDANTE POTENTE LATEX XQRE036(100ROSA,100NEGRO,100morado)",300.00,$0.80,300,1,30,25,36,$0.027,$0.03,$14.85,$14.85,$0.05,$0.85,254.85,,,,
550,Entregado,8/11/2025,,CONTENEDOR BERLIN,MASS2184,OVULOS ESTRECHANTES Y APRIETE VAGINAL,300.00,$1.80,150,2,40,40,10,$0.016,$0.03,$8.80,$17.60,$0.06,$1.86,557.6,,,,
550,Entregado,8/11/2025,,CONTENEDOR BERLIN,MASS1718,"Vibrador de silicona reutilizable para hombres, Anillo para el pene,",100.00,$0.40,100,1,43,22,28,$0.026,$0.03,$14.57,$14.57,$0.15,$0.55,54.5684,,,,
550,Entregado,8/11/2025,,CONTENEDOR BERLIN,MASS0947,SATISFAYER ROSADO XQZK003,100.00,$2.50,100,1,35,20,40,$0.028,$0.03,$15.40,$15.40,$0.15,$2.65,265.4,,,,
550,Entregado,8/11/2025,,CONTENEDOR BERLIN,MASS1720,VIBRADOR ANAL 10 VELOCIDADES,40.00,$4.50,50,0.8,45,46,18,$0.037,$0.03,$20.49,$16.39,$0.41,$4.91,196.3944,,,,
550,Entregado,8/11/2025,,CONTENEDOR BERLIN,"MASS0391
MASS0393
MASS0388
MASS0394
MASS0390","PLUG ANAL TALLA S AMARILLO rosa,azul,rojo,morado,transparente",300.00,$0.55,300,1,36,34,20,$0.024,$0.02,$13.46,$13.46,$0.04,$0.59,178.464,,,,
550,Entregado,8/11/2025,,CONTENEDOR BERLIN,MASS1959,Masturbador De Torso Corporal Realista (VAGINA),40.00,$5.90,1,40,23,15,11,$0.004,$0.15,$2.09,$83.49,$2.09,$7.99,319.49,,,,
550,Entregado,8/11/2025,,CONTENEDOR BERLIN,MASS1874,SET DE CEPILLO SECADOR 5 EN 1,200.00,$4.24,20,10,62,35,49.5,$0.107,$1.07,$59.08,$590.78,$2.95,$7.19,1438.7825,,,,
550,Entregado,8/11/2025,,CONTENEDOR BERLIN,MASS0889,BALANZA PERSONAL RECARGABLE,400.00,$1.75,20,20,54.5,25,28.5,$0.039,$0.78,$21.36,$427.14,$1.07,$2.82,1127.14375,,,,
550,Entregado,8/11/2025,,CONTENEDOR BERLIN,mass0890,DISPENSADOR DE AGUA RECARGABLE ELEGANTE,180.00,$1.90,60,3,45,38,36,$0.062,$0.18,$33.86,$101.57,$0.56,$2.46,443.574,,,,
550,Entregado,8/11/2025,,CONTENEDOR BERLIN,MASS1522,NAVAJA MULTIHERRAMIENTA DE ACERO,360.00,$3.10,40,9,35.2,31.5,23.8,$0.026,$0.24,$14.51,$130.63,$0.36,$3.46,1246.627728,,,,
550,Entregado,8/11/2025,,CONTENEDOR MADRID,MASS1693,MASTURBADOR MASCULINO BOCA,50.00,$1.10,50,1,36,31,56,$0.062,$0.06,$34.37,$34.37,$0.69,$1.79,89.3728,,,,
550,Entregado,8/11/2025,,CONTENEDOR BERLIN,MASS1897,"Bañera de hielo espesa de alta calidad con tapa para terapia de agua fría y buceo en hielo, bañera plegable y portátil",48.00,$14.00,6,8,66,39,53,$0.136,$1.09,$75.03,$600.26,$12.51,$26.51,1272.2568,,,,
550,Entregado,8/11/2025,,CONTENEDOR BERLIN,MASS1879,PAINT ZOOM AZUL,64.00,$8.45,4,16,47,36.5,41,$0.070,$1.13,$38.68,$618.95,$9.67,$18.12,1159.7524,,,,
550,Entregado,8/11/2025,,CONTENEDOR BERLIN,MASS1977,repElenete para zancudo,240.00,$0.95,80,3,50,40,30,$0.060,$0.18,$33.00,$99.00,$0.41,$1.36,327,,,,
550,Entregado,8/11/2025,,CONTENEDOR BERLIN,"MASS1268
MASS1269
MASS1270
MASS1271
MASS1272","AUDIFONO AIR 31 RECARGABLE BLUETOOH TRASPARENTE
(175NEGRO,175BLANCO,50VERDE,50ROSADO,50AZUL)",500.00,$1.20,100,5,43,28.3,50,$0.061,$0.30,$33.46,$167.32,$0.33,$1.53,767.32375,,,,
550,Entregado,8/11/2025,,CONTENEDOR BERLIN,MASS2164,CINTA ADHESIVA DECORATIVA GRIS 2 CM X 50MTS,600.00,$0.95,120,5,45,45,42,$0.085,$0.43,$46.78,$233.89,$0.39,$1.34,803.8875,,,,
550,Entregado,8/11/2025,,CONTENEDOR BERLIN,MASS2160,"PERFIL WALL PANEL HYYC073 BLANCO 30x30mm x 2,90m",100.00,$1.00,50,2,295,15,8.5,$0.038,$0.08,$20.69,$41.37,$0.41,$1.41,141.37375,,,,
550,Entregado,8/11/2025,,CONTENEDOR MADRID,MASS1696 negro rosa verde,Vibrador Brocha Maquillaje Multiples Velocidades Recargable rojo,100.00,$2.50,100,1,54,40,23,$0.050,$0.05,$27.32,$27.32,$0.27,$2.77,277.324,,,,
550,Entregado,8/11/2025,,CONTENEDOR BERLIN,MASS2158,"PERFIL WALL PANEL HYYC045 GRIS OSCURO 30x30mm x 2,90m",100.00,$1.00,50,2,295,15,8.5,$0.038,$0.08,$20.69,$41.37,$0.41,$1.41,141.37375,,,,
550,Entregado,8/11/2025,,CONTENEDOR BERLIN,MASS2156,"PERFIL WALL PANEL MARRON CLARO 8882 30x30mm x 2,90m",100.00,$1.00,50,2,295,15,8.5,$0.038,$0.08,$20.69,$41.37,$0.41,$1.41,141.37375,,,,
550,Entregado,8/11/2025,,CONTENEDOR BERLIN,MASS1402,PISO VINIL AUTOADHESIVO 3013 ALTO TRAFICO 2MM GROSOR 914.4MM*152.4MM,100.00,$11.20,1,100,94,16.5,9,$0.014,$1.40,$7.68,$767.75,$7.68,$18.88,1887.745,,,,
550,Entregado,8/11/2025,,CONTENEDOR BERLIN,,PEDIDO REVESTIMIENTO,,,,,,,,,,,,,,,,,,
550,Entregado,8/11/2025,,CONTENEDOR MADRID,,"Irrigador Bucal con 5 Puntas de Chorro, Limpíador de Dientes Electronico, Deposito 300 ml Water Flosser, Kit de Limpieza Dental Floss Blanqueador Removedor de Placa, Hilo Dental de Agua Recargable",60.00,$2.50,60,1,41.5,51,53,$0.112,$0.11,$61.70,$61.70,$1.03,$3.53,211.695975,,,,
550,Entregado,8/11/2025,,CONTENEDOR MADRID,MASS1720,VIBRADOR ANAL 10 VELOCIDADES,40.00,$4.50,40,1,44,30,30,$0.040,$0.04,$21.78,$21.78,$0.54,$5.04,201.78,,,,
550,Entregado,8/11/2025,,CONTENEDOR MADRID,,"SILLA CAMPING PLEGABLE
Negro 80/Azul marino35/Rojo35",150.00,$3.50,10,15,80,23,47,$0.086,$1.30,$47.56,$713.46,$4.76,$8.26,1238.46,,,,
550,Entregado,8/11/2025,,CONTENEDOR MADRID,,COTUFERA DE AIRE ELECTRICA 110V,72.00,$6.00,12,6,39.5,36,56,$0.080,$0.48,$43.80,$262.79,$3.65,$9.65,694.7856,,,,
550,Entregado,8/11/2025,,CONTENEDOR MADRID,,AIRE ACONDICIONADO PORTATIL (Especificaciones ),24.00,$7.28,10,2.4,52,43,64,$0.143,$0.34,$78.71,$188.90,$7.87,$15.15,363.61728,,,,
550,Entregado,8/11/2025,,CONTENEDOR MADRID,MASS0695,VARA SADOMASOQUISMO HLKB01,30.00,$2.80,50,0.6,50,50,30,$0.075,$0.05,$41.25,$24.75,$0.83,$3.63,108.75,,,,
550,Entregado,8/11/2025,,CONTENEDOR MADRID,MASS0498,"SET ADULTO JUEGO SEXUAL BONDAGE LATIGO, MORDAZA, ESPOSA, MASCARA -SM10S01 (50ROJO)",50.00,$3.20,50,1,60,42,32,$0.081,$0.08,$44.35,$44.35,$0.89,$4.09,204.352,,,,
550,Entregado,8/11/2025,,CONTENEDOR MADRID,MASS1943,"Vibradores de punto G, vibrador para hombres, punto G",40.00,$4.40,200,0.2,35,30,18,$0.019,$0.00,$10.40,$2.08,$0.05,$4.45,178.079,,,,
550,Entregado,8/11/2025,,CONTENEDOR MADRID,MASS2212,ALMOHADA DE GEL HILTON 35 x 55,150.00,$2.00,75,2,200,75,27.5,$0.413,$0.83,$226.88,$453.75,$3.03,$5.03,753.75,,,,
550,Entregado,8/11/2025,,CONTENEDOR MADRID,MASS2213,MAQUINA BOXEO BLUETOOH CON ACCESORIOS,70.00,$12.00,1,70,48,48,12,$0.028,$1.94,$15.21,"$1,064.45",$15.21,$27.21,1904.448,,,,
550,Entregado,8/11/2025,,CONTENEDOR MADRID,MASS2214,AIRE ACONDICIONADO PORTATIL (Especificaciones ),110.00,$7.28,10,11,52,43,64,$0.143,$1.57,$78.71,$865.78,$7.87,$15.15,1666.5792,,,,
550,Entregado,8/11/2025,,CONTENEDOR MADRID,MASS2257 MASS2258 MASS2259 MASS2260,"Velas de Masaje Tantric con Feromonas
25 azul, 25roja,25 negra,25 blanco",100.00,$1.45,100,1,30,30,40,$0.036,$0.04,$19.80,$19.80,$0.20,$1.65,164.8,,,,
550,Entregado,8/11/2025,,CONTENEDOR MADRID,MASS1945,"Aumenta La Intensidad, Satisfacción, Placer Y Calidad En Las Relaciones Sexuales",250.00,$0.60,250,1,46,46,35,$0.074,$0.07,$40.73,$40.73,$0.16,$0.76,190.733,,,,
550,Entregado,8/11/2025,,CONTENEDOR MADRID,MASS2215,FOMENTERA ESTERILLA ELECTRICA,150.00,$5.65,100,1.5,25,60,30,$0.045,$0.07,$24.75,$37.13,$0.25,$5.90,884.625,,,,
550,Entregado,8/11/2025,,CONTENEDOR MADRID,MASS2216,MASAJEADOR DE PIE PROFUNDO TERMICO,150.00,$6.00,20,7.5,60,37,75,$0.167,$1.25,$91.58,$686.81,$4.58,$10.58,1586.8125,,,,
550,Entregado,8/11/2025,,CONTENEDOR MADRID,MASS2218,Banco Ajustable De Pesas Ejercicio Abdominales Gym,15.00,$22.50,1,15,123.5,21,32.5,$0.084,$1.26,$46.36,$695.38,$46.36,$68.86,1032.882188,,,,
550,Entregado,8/11/2025,,CONTENEDOR MADRID,MASS2219,Ejercitador Pedal Plegable Electrico,20.00,$41.50,1,20,47,43,29,$0.059,$1.17,$32.23,$644.70,$32.23,$73.73,1474.699,,,,
550,Entregado,8/11/2025,,CONTENEDOR MADRID,MASS2220,"Herramienta inalámbrica para el cuidado del cabello, cepillo alisador eléctrico",120.00,$15.00,30,4,49.5,34.8,32.5,$0.056,$0.22,$30.79,$123.17,$1.03,$16.03,1923.1659,,,,
550,Entregado,8/11/2025,,CONTENEDOR MADRID,MASS2223,"EJERCITADOR 3 EN 1, EXPANSOR DE PECHO CON RESORTE, MANUAL FORTALECEDOR DE AGARRE",300.00,$2.25,10,30,58,35,40,$0.081,$2.44,$44.66,"$1,339.80",$4.47,$6.72,2014.8,,,,
550,Entregado,8/11/2025,,CONTENEDOR MADRID,MASS2224,DISPOSITIVO AUXILIAR DE ABDOMINALES CON AUTOSUCCIÓN PARA EL HOGAR,260.00,$1.88,20,13,64,29.5,56.5,$0.107,$1.39,$58.67,$762.70,$2.93,$4.81,1251.5048,,,,
550,Entregado,8/11/2025,,CONTENEDOR MADRID,MASS2225,Escalera De Agilidad Coordinacion Entrenamiento 6 Metros,150.00,$1.86,50,3,30,40,60,$0.072,$0.22,$39.60,$118.80,$0.79,$2.65,397.8,,,,
550,Entregado,8/11/2025,,CONTENEDOR MADRID,MASS2132,"Luces solares para el hogar, lámpara de energía Solar IP65, resistente al agua, para Interior y exterior
20Cm 100W",200.00,$2.35,20,10,48,46.5,37,$0.083,$0.83,$45.42,$454.21,$2.27,$4.62,924.212,,,,
550,Entregado,8/11/2025,,CONTENEDOR MADRID,MASS2133,"BELIA-cámara de vigilancia 4K de 8MP con WiFi, lente Dual, Zoom Digital 4X, detección humana por Ia, ONVIF, cámaras IP PTZ",90.00,$13.25,30,3,59,40,55,$0.130,$0.39,$71.39,$214.17,$2.38,$15.63,1406.67,,,,
550,Entregado,8/11/2025,,CONTENEDOR MADRID,MASS2135,Máquina de café portátil con Calefacción Automática inalámbrica,100.00,$17.00,25,4,47,47,30.5,$0.067,$0.27,$37.06,$148.22,$1.48,$18.48,1848.2239,,,,
550,Entregado,8/11/2025,,CONTENEDOR MADRID,,PEDIDO ELECTRONICA,,,,,,,,,,,,,,,,,,
550,Entregado,8/11/2025,,CONTENEDOR MADRID,MASS1873,Mini Maquina De Coser 12 Puntadas,60.00,$10.00,6,10,45.5,32.5,61,$0.090,$0.90,$49.61,$496.12,$8.27,$18.27,1096.120625,,,,
550,Entregado,8/11/2025,,CONTENEDOR MADRID,MASS1061,MARCADOR DOBLE PUNTA 60 PCS TOUCH,600.00,$2.88,24,25,51.5,34.5,36,$0.064,$1.60,$35.18,$879.49,$1.47,$4.35,2607.49125,,,,
550,Entregado,8/11/2025,,CONTENEDOR MADRID,MASS1322,MARCADOR DOBLE PUNTA 80 PCS TOUCH,320.00,$3.95,16,20,51.5,34.5,36,$0.064,$1.28,$35.18,$703.59,$2.20,$6.15,1967.593,,,,
550,Entregado,8/11/2025,,CONTENEDOR MADRID,MASS1523,GANCHO SOPORTE PARA BICICLETA 4 PIEZAS,400.00,$0.91,10,40,42,41,18,$0.031,$1.24,$17.05,$681.91,$1.70,$2.61,1045.912,,,,
550,Entregado,8/11/2025,,CONTENEDOR MADRID,MASS1786,ALMOHADA DE GEL HILTON 30 x 50,200.00,$1.80,100,2,200,100,27.5,$0.550,$1.10,$302.50,$605.00,$3.03,$4.83,965,,,,
550,Entregado,8/11/2025,,CONTENEDOR MADRID,MASS0621,MAQUINA PARA AFEITAR PERRO,210.00,$2.90,70,3,58.5,45,34.5,$0.091,$0.27,$49.95,$149.86,$0.71,$3.61,758.8550625,,,,
550,Entregado,8/11/2025,,CONTENEDOR MADRID,MASS0329,MOUSE PAD MAPAMUNID,240.00,$0.98,120,2,32,82,32,$0.084,$0.17,$46.18,$92.36,$0.38,$1.36,327.5648,,,,
550,Entregado,8/11/2025,,CONTENEDOR MADRID,MASS1379,MOUSE PAD RGB 30X80,300.00,$2.15,120,2.5,32,82,32,$0.084,$0.21,$46.18,$115.46,$0.38,$2.53,760.456,,,,
550,Entregado,8/11/2025,,CONTENEDOR MADRID,MASS1881,"Bolso Termico Tipo Cava Camping Playa (NEGRO60, AZUL25, GRIS25, CAMUFLAJE30)",140.00,$7.00,20,7,57,57,40,$0.130,$0.91,$71.48,$500.35,$3.57,$10.57,1480.346,,,,
550,Entregado,8/11/2025,,CONTENEDOR MADRID,MASS1905,Masajeador de cuello GRANDE BLANCO,96.00,$6.50,12,8,53,47,35,$0.087,$0.70,$47.95,$383.61,$4.00,$10.50,1007.614,,,,
550,Entregado,8/11/2025,,CONTENEDOR MADRID,MASS0461,REMOVEDOR DE PUNTOS NEGROS RECARGABLE,100.00,$2.00,100,1,48,41.5,61,$0.122,$0.12,$66.83,$66.83,$0.67,$2.67,266.8316,,,,
550,Entregado,8/11/2025,,CONTENEDOR MADRID,MASS2131,"Lámpara Solar LED para exteriores, focos impermeables IP65, Sensor de movimiento, 3 modos, farola, decoración de jardín, 238/328, 348",120.00,$6.80,24,5,42,41,41,$0.071,$0.35,$38.83,$194.16,$1.62,$8.42,1010.1555,,,,
550,Entregado,8/11/2025,,CONTENEDOR MADRID,MASS1206,SET DE LIGAS TUBULARES DE RESISTENCIA,198.00,$4.90,18,11,50,38,40,$0.076,$0.84,$41.80,$459.80,$2.32,$7.22,1430,,,,
550,Entregado,8/11/2025,,CONTENEDOR MADRID,MASS1231,BALANZA DE 0.01 A 500GR,200.00,$1.50,100,2,49,29,34,$0.048,$0.10,$26.57,$53.15,$0.27,$1.77,353.1454,,,,
550,Entregado,8/11/2025,,CONTENEDOR MADRID,MASS2221,Lampara Colgante Tipo Riel Configurable Hexagonal 4070 MM X 2390 MM,15.00,$62.00,1,15,119,25,19,$0.057,$0.85,$31.09,$466.33,$31.09,$93.09,1396.33125,,,,
550,Entregado,8/11/2025,,CONTENEDOR MADRID,MASS1264,PLANCHA DE HIERRO FUNDIDO REVERSIBLE,100.00,$6.55,5,20,53,26,14,$0.019,$0.39,$10.61,$212.21,$2.12,$8.67,867.212,,,,
550,Entregado,8/11/2025,,CONTENEDOR MADRID,MASS1265,SET DE SARTENES HIERRO FUNDIDO,130.00,$9.35,5,26,47,40,35,$0.066,$1.71,$36.19,$940.94,$7.24,$16.59,2156.44,,,,
550,Entregado,8/11/2025,,CONTENEDOR MADRID,MASS1874,SET DE CEPILLO SECADOR 5 EN 1,200.00,$4.24,20,10,62,35,49.5,$0.107,$1.07,$59.08,$590.78,$2.95,$7.19,1438.7825,,,,
550,Entregado,8/11/2025,,CONTENEDOR MADRID,MASS0283,SELLADORA AL VACIO (10 BOLSAS) 110V,120.00,$2.45,40,3,59.5,39,45,$0.104,$0.31,$57.43,$172.30,$1.44,$3.89,466.297125,,,,
550,Entregado,8/11/2025,,CONTENEDOR MADRID,"MASS0781 S/M
MASS0782 M
MASS0783 L/XL
MASS0784 XXL","MEDIAS DE COMPRESION 20-30mmhg (S/M200, L/XL300, XXL100)",600.00,$0.47,200,3,50,40,40,$0.080,$0.24,$44.00,$132.00,$0.22,$0.69,414,,,,
550,Entregado,8/11/2025,,CONTENEDOR MADRID,MASS1204,SET BANDA ELASTICA TELA EJERCIO 3 PCS (GRISES / COLORES ),200.00,$1.50,50,4,41,35,48,$0.069,$0.28,$37.88,$151.54,$0.76,$2.26,451.536,,,,
550,Entregado,8/11/2025,,CONTENEDOR MADRID,MASS2217,Escaladora Vertical Ejercicio Aerobico Y Cardio,15.00,$29.50,1,15,99,15,55,$0.082,$1.23,$44.92,$673.82,$44.92,$74.42,1116.31875,,,,
550,Entregado,8/11/2025,,CONTENEDOR MADRID,MASS1071,MOUSE VERTICAL INALAMBRICO RECARGABLE,100.00,$3.55,100,1,48,54,39,$0.101,$0.10,$55.60,$55.60,$0.56,$4.11,410.5984,,,,
550,Entregado,8/11/2025,,CONTENEDOR MADRID,MASS0994,BALANZA DE COCINA 10KG P20 ELEGANTE,200.00,$2.10,40,5,46,35,39,$0.063,$0.31,$34.53,$172.67,$0.86,$2.96,592.6725,,,,
550,Entregado,8/11/2025,,CONTENEDOR MADRID,MASS1064,ORGANIZADOR DE BAÑO 2 NIVELES RACK (KR-41),200.00,$2.40,60,3.333333333,69,53,63,$0.230,$0.77,$126.72,$422.38,$2.11,$4.51,902.3835,,,,
550,Entregado,8/11/2025,,CONTENEDOR MADRID,MASS1644,MOLDE PARA HACER HAMBURGUESA,192.00,$0.70,96,2,49,39,39,$0.075,$0.15,$40.99,$81.98,$0.43,$1.13,216.3819,,,,
550,Entregado,8/11/2025,,CONTENEDOR MADRID,,PRODUCTOS NUEVOS,,,,,,,,,,,,,,,,,,
550,Entregado,8/11/2025,,CONTENEDOR MADRID,MASS1794,REFLECTOR SOLAR RECARGABLE PORTATIL 2000W,180.00,$3.05,30,6,58,26,51,$0.077,$0.46,$42.30,$253.80,$1.41,$4.46,802.7964,,,,
550,Entregado,8/11/2025,,CONTENEDOR MADRID,MASS1554,CORRECTOR DE POSTURA AJUSTABLE INTELIGENTE,120.00,$2.18,120,1,61,48.5,36.5,$0.108,$0.11,$59.39,$59.39,$0.49,$2.67,320.9918875,,,,
550,Entregado,8/11/2025,,CONTENEDOR MADRID,MASS1452,COMPRESA PARA FRIO/CALOR PARA DOLOR DE CABEZA MIGRAÑA,168.00,$1.25,24,7,38,27,25,$0.026,$0.18,$14.11,$98.75,$0.59,$1.84,308.7525,,,,
550,Entregado,8/11/2025,,CONTENEDOR MADRID,MASS0171,CONVERTIDOR HDMI A VGA CON AUDIO Negro,100.00,$0.85,100,1,45,40,20,$0.036,$0.04,$19.80,$19.80,$0.20,$1.05,104.8,,,,
550,Entregado,8/11/2025,,CONTENEDOR MADRID,MASS0704,MAQUINA MASTURBADORA CON PENE BPJ01,36.00,$14.00,12,3,60,38,55,$0.125,$0.38,$68.97,$206.91,$5.75,$19.75,710.91,,,,
550,Entregado,8/11/2025,,CONTENEDOR MADRID,MASS1820,RELOJ INTELIGENTE SMARTWATCH H92 UlTRA 3,350.00,$6.80,50,7,65,45,36,$0.105,$0.74,$57.92,$405.41,$1.16,$7.96,2785.405,,,,
550,Entregado,8/11/2025,,CONTENEDOR MADRID,"MASS1929 melocoton, fresa y cereza",Desensibilizador Anal-ese Lubricante Anal 45ml Sabor Cherry,250.00,$0.85,156,1.602564103,58,66,35,$0.134,$0.21,$73.69,$118.09,$0.47,$1.32,330.5913462,,,,
550,Entregado,8/11/2025,,CONTENEDOR MADRID,,NEBULIZADOR PORTATIL 2 BOQUILLAS,50.00,$2.95,50,1,53,50,37,$0.098,$0.10,$53.93,$53.93,$1.08,$4.03,201.4275,,,,
550,Entregado,8/11/2025,,CONTENEDOR MADRID,MASS1526,CAJA ORGANIZADOR DE ZAPATO 12 PCS,300.00,$5.45,10,30,76,46,35,$0.122,$3.67,$67.30,"$2,018.94",$6.73,$12.18,3653.94,,,,
550,Entregado,8/11/2025,,CONTENEDOR MADRID,MASS0422 MASS0427 MASS0423,"RELOJ D20S (400 NEGRO, 100 BLANCO, 100 ROSADO)",500.00,$1.40,250,2,45,51,45,$0.103,$0.21,$56.80,$113.60,$0.23,$1.63,813.6025,,,,
550,Entregado,8/11/2025,,CONTENEDOR MADRID,MASS0752 MASS0753 MASS1147,"RELOJ FD68 (350 NEGRO, 75 ROJO, 75 VERDE)",500.00,$1.40,100,5,43,33,27,$0.038,$0.19,$21.07,$105.36,$0.21,$1.61,805.36075,,,,
550,Entregado,8/11/2025,,CONTENEDOR MADRID,MASS0942,AIRPODS PRO 2,500.00,$4.65,100,5,49.5,36.7,40.5,$0.074,$0.37,$40.47,$202.33,$0.40,$5.05,2527.329394,,,,
550,Entregado,8/11/2025,,CONTENEDOR MADRID,MASSS2080 MASS2081,"RELOJ INTELIGENTE QX11 BATERIA 520 MAH
(150 NEGRO, 50BLANQUECINO )",200.00,$10.65,100,2,50,27,31,$0.042,$0.08,$23.02,$46.04,$0.23,$10.88,2176.035,,,,
550,Entregado,8/11/2025,,CONTENEDOR MADRID,MASS1365,EXTENSOR DE PENE ISAO-PROED101 blanco,140.00,$4.65,50,2.8,41,35,46,$0.066,$0.18,$36.31,$101.66,$0.73,$5.38,752.6554,,,,
550,Entregado,8/11/2025,,CONTENEDOR BERLIN,MASS2159,"PERFIL WALL PANEL MADERA HYYC018 30x30mm x 2,90m",100.00,$1.00,50,2,295,15,8.5,$0.038,$0.08,$20.69,$41.37,$0.41,$1.41,141.37375,,,,
550,Entregado,8/11/2025,,CONTENEDOR MADRID,MASS1904,CAMARA TIPO BOMBILLO BASE E27 1080P,"1,000.00",$2.82,100,10,73,41,41.5,$0.124,$1.24,$68.32,$683.15,$0.68,$3.50,3503.15225,,,,
550,Entregado,8/11/2025,,CONTENEDOR MADRID,MASS0292 Negro,PISTOLA MASAJEADORA RECARGABLE SY-720 (NEGRO 800/ GRIS 80/ ROJO 80/ VERDE 80),"1,040.00",$2.30,40,26,69.5,30.5,30.5,$0.065,$1.68,$35.56,$924.53,$0.89,$3.19,3316.528963,,,,
550,Entregado,8/11/2025,,CONTENEDOR MADRID,MASS1805,CAMARA DE SEGURIDAD IP EXTERIORES CON PANEL SOLAR,96.00,$19.80,16,6,43,40,50,$0.086,$0.52,$47.30,$283.80,$2.96,$22.76,2184.6,,,,
550,Entregado,8/11/2025,,CONTENEDOR MADRID,MASS1784,"CLOSET ARMARIO GRANDE 128x45x170
(110NEGRO,50GRIS)",80.00,$5.45,10,8,61.5,57,41.5,$0.145,$1.16,$80.01,$640.10,$8.00,$13.45,1076.1043,,,,
550,Entregado,8/11/2025,,CONTENEDOR BERLIN,MASS1906,"MASAJEADOR EMS DE ESTIRAMINETO FACIAL
ANTIARRUGAS 7 MODOS",100.00,$4.40,40,2.5,55.5,34,30.5,$0.058,$0.14,$31.65,$79.14,$0.79,$5.19,519.1360625,,,,
550,Entregado,8/11/2025,,CONTENEDOR MADRID,MASS1525,ZAPATERA DE METAL 6 NIVELES,306.00,$1.55,18,17,57,56,32,$0.102,$1.74,$56.18,$955.05,$3.12,$4.67,1429.3464,,,,
550,Entregado,8/11/2025,,CONTENEDOR MADRID,MASS1663 MASS2149,"ZAPATERA 4 NIVELES (190NEGRO,80BLANCO)",120.00,$0.75,40,3,40,52,40,$0.083,$0.25,$45.76,$137.28,$1.14,$1.89,227.28,,,,
550,Entregado,8/11/2025,,CONTENEDOR MADRID,MASS1054,PLUG ANAL RECARGABLE CON CONTROL MQCDHT02,40.00,$5.50,200,0.2,30,18,22,$0.012,$0.00,$6.53,$1.31,$0.03,$5.53,221.3068,,,,
550,Entregado,8/11/2025,,CONTENEDOR MADRID,MASS0927,SET DE ESENCIA 6 PCS,300.00,$1.20,60,5,33,33,25,$0.027,$0.14,$14.97,$74.87,$0.25,$1.45,434.86875,,,,
550,Entregado,8/11/2025,,CONTENEDOR MADRID,MASS1979,Cuchillo Táctico Con Kit Supervivencia,80.00,$5.75,40,2,50,40,30,$0.060,$0.12,$33.00,$66.00,$0.83,$6.58,526,,,,
550,Entregado,8/11/2025,,CONTENEDOR MADRID,"MASS1009 NEGRO
MASS1011 BLANCO","DEPILADORA LASER 999999 FLASHES (NEGRO120, BLANCO120)",200.00,$7.00,40,5,54,44.5,35,$0.084,$0.42,$46.26,$231.29,$1.16,$8.16,1631.28875,,,,
550,Entregado,8/11/2025,,CONTENEDOR MADRID,MASS1898,"Cinta impermeable para reparación de grietas en techos, adecuada para metal, plástico, tejas onduladas, material de polietileno PE, resistente a la corrosión y al óxido",300.00,$1.40,30,10,100,22,22,$0.048,$0.48,$26.62,$266.20,$0.89,$2.29,686.2,,,,
550,Entregado,8/11/2025,,CONTENEDOR MADRID,"MASS2116MASS2117","RELOJ INTELIGENTE PARA NIÑO Q19 GPS
(180 azul, 120rosado)",300.00,$4.50,100,3,41.5,34,33,$0.047,$0.14,$25.61,$76.83,$0.26,$4.76,1426.82895,,,,
550,Entregado,8/11/2025,,CONTENEDOR MADRID,,PROYECTOR HY300 720,160.00,$21.80,20,8,61.6,28.5,45,$0.079,$0.63,$43.45,$347.61,$2.17,$23.97,3835.6088,,,,
550,Entregado,8/11/2025,,CONTENEDOR MADRID,MASS1932 MASS1933 MASS1934 MASS1935,Dildo fluorescente realista 18.5cm de Largo; 14cm Insertables; 3.5cm de Ancho rosa20/púrpura20/verde20/azul20/naranja20,100.00,$3.50,100,1,20,60,60,$0.072,$0.07,$39.60,$39.60,$0.40,$3.90,389.6,,,,
550,Entregado,8/11/2025,,CONTENEDOR MADRID,MASS1691,MASTURBADOR MASCULINO VAGINA,150.00,$1.10,150,1,70,50,50,$0.175,$0.18,$96.25,$96.25,$0.64,$1.74,261.25,,,,
550,Entregado,8/11/2025,,CONTENEDOR BERLIN,MASS0615 MASS0616 MASS1171,"VIBRADOR RECARGABLE 30 VELOCIDADES YCYY3001U (250MORADO,250ROSADO,200NEGRO)",700.00,$100.00,7,100,27,33,0.03564,$0.000,$0.00,$0.02,$1.75,$0.00,$100.00,70001.74654,,,,
550,Entregado,8/11/2025,,CONTENEDOR MADRID,MASS2084,SET DE CABALLERO (NEGRO),300.00,$2.18,300,1,65,55,55,$0.197,$0.20,$108.14,$108.14,$0.36,$2.54,762.14375,,,,
550,Entregado,8/11/2025,,CONTENEDOR MADRID,MASS2085,SET DE CABALLERO,300.00,$2.18,300,1,65,55,55,$0.197,$0.20,$108.14,$108.14,$0.36,$2.54,762.14375,,,,
550,Entregado,8/11/2025,,CONTENEDOR MADRID,MASS1975,MAQUINA ELECTRICA QUITA PELUSA RECARGABLE,150.00,$1.38,80,1.875,68.5,35,44.5,$0.107,$0.20,$58.68,$110.02,$0.73,$2.11,317.0227734,,,,
550,Entregado,8/11/2025,,CONTENEDOR MADRID,MASS2019,CORNETA INALAMBRICA + 2 MICROFONOS,300.00,$2.32,50,6,54,40,39,$0.084,$0.51,$46.33,$277.99,$0.93,$3.25,973.992,,,,
550,Entregado,8/11/2025,,CONTENEDOR BERLIN,MASS2180,FUNDA EXTENSORA DE PENE 27 CM,100.00,$1.45,100,1,28,30,20,$0.017,$0.02,$9.24,$9.24,$0.09,$1.54,154.24,,,,
550,Entregado,8/11/2025,,CONTENEDOR MADRID,MASS2052,"CAMARA TIPO GOPRO
(Especificaciones )",240.00,$4.35,40,6,48,32,51,$0.078,$0.47,$43.08,$258.51,$1.08,$5.43,1302.5088,,,,
550,Entregado,8/11/2025,,CONTENEDOR MADRID,MASS1818,RELOJ INTELIGENTE S9 (3 CORREAS INCLUIDAS),800.00,$3.25,100,8,59.5,43.5,28.5,$0.074,$0.59,$40.57,$324.57,$0.41,$3.66,2924.56655,,,,
550,Entregado,8/11/2025,,CONTENEDOR MADRID,MASS1906,"MASAJEADOR EMS DE ESTIRAMINETO FACIAL
ANTIARRUGAS 7 MODOS",100.00,$3.50,40,2.5,55.5,34,30.5,$0.058,$0.14,$31.65,$79.14,$0.79,$4.29,429.1360625,,,,
550,Entregado,8/11/2025,,CONTENEDOR MADRID,MASS1875,Maquina Para Hacer Pasta Spaghetti Acero Inoxidable,72.00,$6.00,6,12,58,22,30,$0.038,$0.46,$21.05,$252.65,$3.51,$9.51,684.648,,,,
550,Entregado,8/11/2025,,CONTENEDOR BERLIN,,PRODUCTOS NUEVOS,,,,,,,,,,,,,,,,,,
550,Entregado,8/11/2025,,CONTENEDOR MADRID,MASS1819,RELOJ INTELIGENTE SMARTWATCH S100,500.00,$4.75,100,5,59.5,43.5,28.5,$0.074,$0.37,$40.57,$202.85,$0.41,$5.16,2577.854094,,,,
550,Entregado,8/11/2025,,CONTENEDOR MADRID,MASS1823 MASS1824 MASS1825,"RELOJ INTELIGENTE P89 NEGRO (140NEGRO, 30 BLANCO, 30 DORADO)",200.00,$9.88,100,2,60,40,32,$0.077,$0.15,$42.24,$84.48,$0.42,$10.30,2060.48,,,,
550,Entregado,8/11/2025,,CONTENEDOR MADRID,MASS0040,AUDIFONO INALAMBRICO F9,"1,000.00",$1.45,100,10,48,49,24,$0.056,$0.56,$31.05,$310.46,$0.31,$1.76,1760.464,,,,
550,Entregado,8/11/2025,,CONTENEDOR MADRID,MASS1331,TONER HP 12A,200.00,$2.80,20,10,52,32,50.5,$0.084,$0.84,$46.22,$462.18,$2.31,$5.11,1022.176,,,,
550,Entregado,8/11/2025,,CONTENEDOR MADRID,MASS1333,TONER SAMSUNG MLT-D111S,200.00,$3.50,20,10,53,32,50.5,$0.086,$0.86,$47.11,$471.06,$2.36,$5.86,1171.064,,,,
550,Entregado,8/11/2025,,CONTENEDOR MADRID,MASS2254,Extensor de pene Bola de Metal simple de 35 mm,50.00,$1.80,50,1,40,35,18,$0.025,$0.03,$13.86,$13.86,$0.28,$2.08,103.86,,,,
550,Entregado,8/11/2025,,CONTENEDOR MADRID,MASS1334,TONER SAMSUNG MLT-D101S,200.00,$3.50,20,10,53,32,50.5,$0.086,$0.86,$47.11,$471.06,$2.36,$5.86,1171.064,,,,
550,Entregado,8/11/2025,,CONTENEDOR MADRID,MASS0518,STUD 100,"3,000.00",$0.79,500,6,48,31,39,$0.058,$0.35,$31.92,$191.51,$0.06,$0.85,2561.5056,,,,
550,Entregado,8/11/2025,,CONTENEDOR BERLIN,MASS2099,RADIO FM (NEGRO LED BLANCO ),120.00,$3.70,80,1.5,58,45.3,40,$0.105,$0.16,$57.80,$86.70,$0.72,$4.42,530.7042,,,,
550,Entregado,8/11/2025,,CONTENEDOR MADRID,MASS2241,VIBRADOR ANAL HUSH 2 CONTROLAO POR APP BY LOVENSE,120.00,,120,1,48,34,28,$0.046,$0.05,$25.13,$25.13,$0.21,,,,,,
550,Entregado,8/11/2025,,CONTENEDOR MADRID,MASS2244,Aceite de masaje corporal Aumento de pene xxxl 10 ml,150.00,$0.45,750,0.2,20,35,25,$0.018,$0.00,$9.63,$1.93,$0.01,$0.46,69.425,,,,
550,Entregado,8/11/2025,,CONTENEDOR BERLIN,MASS0607,VIBRADOR MIGNON MARCA LEVETT CON APP REMOTO,120.00,$9.50,96,1.25,35,30,52,$0.055,$0.07,$30.03,$37.54,$0.31,$9.81,1177.5375,,,,
550,Entregado,8/11/2025,,CONTENEDOR MADRID,MASS2250 negro y rojo,Disfraz Sexy de conejita para mujer,80.00,$4.00,80,1,58,43,52,$0.130,$0.13,$71.33,$71.33,$0.89,$4.89,391.3284,,,,
550,Entregado,8/11/2025,,CONTENEDOR MADRID,MASS2256,Extensor de pene Bola de Metal triple de 35 mm,50.00,$2.80,50,1,40,35,20,$0.028,$0.03,$15.40,$15.40,$0.31,$3.11,155.4,,,,
550,Entregado,8/11/2025,,CONTENEDOR MADRID,MASS2252,PLUG ANAL FORMA DE PENE TALLA M,50.00,$2.40,50,1,38,38,22,$0.032,$0.03,$17.47,$17.47,$0.35,$2.75,137.4724,,,,
550,Entregado,8/11/2025,,CONTENEDOR MADRID,MASS1922,Estimulante Sexual Femenino Potenciador De Libido Y Orgasmo,128.00,$1.50,128,1,38,57,43,$0.093,$0.09,$51.23,$51.23,$0.40,$1.90,243.2259,,,,
550,Entregado,8/11/2025,,CONTENEDOR BERLIN,MASS0992,CAMARA WIFFI MOTORIZADA,40.00,$3.90,20,2,42,62,41,$0.107,$0.21,$58.72,$117.44,$2.94,$6.84,273.4404,,,,
550,Entregado,8/11/2025,,CONTENEDOR MADRID,MASS1950,Juego de barajas 50 Positions Of Bondage,50.00,$1.40,250,0.2,30,15,22,$0.010,$0.00,$5.45,$1.09,$0.02,$1.42,71.089,,,,
550,Entregado,8/11/2025,,CONTENEDOR MADRID,MASS2237 MASS2238 MASS2239,"PLUG ANAL SILCION 50 negro,50rosa,50morado",150.00,$2.25,300,0.5,70,50,35,$0.123,$0.06,$67.38,$33.69,$0.22,$2.47,371.1875,,,,
550,Entregado,8/11/2025,,CONTENEDOR MADRID,,EAGLE,,,,,,,,,,,,,,,,,,
550,Entregado,8/11/2025,,CONTENEDOR BERLIN,MASS1324,PISO VINIL AUTOADHESIVO 3039 ALTO TRAFICO 2MM GROSOR 914.4MM*152.4MM,100.00,$11.20,1,100,94,16.5,9,$0.014,$1.40,$7.68,$767.75,$7.68,$18.88,1887.745,,,,
550,Entregado,8/11/2025,,CONTENEDOR MADRID,MASS1880,PESO BALANZA CORPORAL DIGITAL NEGRA,300.00,$1.70,20,15,55,31,29,$0.049,$0.74,$27.19,$407.92,$1.36,$3.06,917.92125,,,,
550,Entregado,8/11/2025,,CONTENEDOR BERLIN,MASS2161,"PERFIL WALL PANEL HYYC025 30x30mm x 2,90m",100.00,$1.00,50,2,295,15,8.5,$0.038,$0.08,$20.69,$41.37,$0.41,$1.41,141.37375,,,,
550,Entregado,8/11/2025,,CONTENEDOR BERLIN,MASS2165,CINTA ADHESIVA DECORATIVA GRIS 3CM X 50MTS,180.00,$1.60,90,2,45,45,42,$0.085,$0.17,$46.78,$93.56,$0.52,$2.12,381.555,,,,
550,Entregado,8/11/2025,,CONTENEDOR BERLIN,MASS1528,BOLSO LAPTOP THIMKPAD LENOVO GAMER IMPERMIABLE,140.00,$2.88,70,2,110,84,44.5,$0.411,$0.82,$226.15,$452.30,$3.23,$6.11,855.498,,,,
550,Entregado,8/11/2025,,CONTENEDOR BERLIN,"MASS1549 35-40
MASS1627 41-45","PLANTILLAS ORTOPEDICAS CON GEL (35-40 150PCS, 41-45 150PCS)",300.00,$0.68,100,3,45,33,46,$0.068,$0.20,$37.57,$112.71,$0.38,$1.06,316.7115,,,,
550,Entregado,8/11/2025,,CONTENEDOR BERLIN,MASS0942,AIRPODS PRO 2,300.00,$4.70,100,3,49.5,36.7,40.5,$0.074,$0.22,$40.47,$121.40,$0.40,$5.10,1531.397636,,,,
550,Entregado,8/11/2025,,CONTENEDOR BERLIN,MASS1865,Máquina para hacer pasta calabacín (BLANCO),240.00,$0.80,120,2,63,39.5,45.5,$0.113,$0.23,$62.27,$124.55,$0.52,$1.32,316.549425,,,,
550,Entregado,8/11/2025,,CONTENEDOR BERLIN,MASS0292 MASS0291 MASS0290 MASS0289,"PISTOLA MASAJEADORA RECARGABLE SY-720 (20Negras,20gris,10roja,10verde)",60.00,$3.60,20,3,44,34.1,43,$0.065,$0.19,$35.48,$106.45,$1.77,$5.37,322.45338,,,,
550,Entregado,8/11/2025,,CONTENEDOR BERLIN,MASS0234 Gris,"HUMIFICADOR H20 GRIS (175GRIS,75BLANCO,50ROSADO)",300.00,$1.20,60,5,33,35,39,$0.045,$0.23,$24.77,$123.87,$0.41,$1.61,483.87375,,,,
550,Entregado,8/11/2025,,CONTENEDOR BERLIN,MASS0200,Dispensador de agua recargable,420.00,$1.10,60,7,50.5,28,47,$0.066,$0.47,$36.55,$255.86,$0.61,$1.71,717.8633,,,,
550,Entregado,8/11/2025,,CONTENEDOR BERLIN,MASS0889,BALANZA PERSONAL RECARGABLE,60.00,$1.75,20,3,54.5,25,28.5,$0.039,$0.12,$21.36,$64.07,$1.07,$2.82,169.0715625,,,,
550,Entregado,8/11/2025,,CONTENEDOR BERLIN,MASS1976,MAQUINA AFEITAR KEMEI KM-1071 RECARGABLE,120.00,$4.80,40,3,65,29,43.5,$0.082,$0.25,$45.10,$135.30,$1.13,$5.93,711.295875,,,,
550,Entregado,8/11/2025,,CONTENEDOR BERLIN,MASS0841,LUBRICANTE ANAL WATER OLO 60 ML,300.00,$0.85,100,3,52,39,31,$0.063,$0.19,$34.58,$103.73,$0.35,$1.20,358.7322,,,,
550,Entregado,8/11/2025,,CONTENEDOR BERLIN,,PEDIDO SEXSHOP,,,,,,,,,,,,,,,,,,
550,Entregado,8/11/2025,,CONTENEDOR BERLIN,ROSADA,VARITA MAGICA CLITORI RECARGABLE METALIZADA,50.00,$1.90,50,1,27,21,43,$0.024,$0.02,$13.41,$13.41,$0.27,$2.17,108.40955,,,,
550,Entregado,8/11/2025,,CONTENEDOR BERLIN,"MASS1172
MASS0603","CONSOLADOR DOBLE CABEZA WBDS001 (TRASPARENTE70, NEGRO80)",150.00,$0.60,150,1,38,54,28,$0.057,$0.06,$31.60,$31.60,$0.21,$0.81,121.6008,,,,
550,Entregado,8/11/2025,,CONTENEDOR BERLIN,"MASS2102MASS2103MASS2104MASS2105MASS2106MASS2107MASS2108MASS2109","ANILLO INTELIGENTE (Negro 8-25,9-50,10-25,11-10)
(plata 8-25,9-30,10-25,11-10)",200.00,$6.95,100,2,40,32,23.7,$0.030,$0.06,$16.68,$33.37,$0.17,$7.12,1423.3696,,,,
550,Entregado,8/11/2025,,CONTENEDOR BERLIN,MASS0364 MASS0367 MASS0363 MASS0366,"PLUG ANAL SET 3 UNIDADES METALPLUGSET (ROSA50,MORADO50,TRASPARENTE50,AZUL50)",200.00,$3.03,50,4,36,34,20,$0.024,$0.10,$13.46,$53.86,$0.27,$3.30,659.856,,,,
550,Entregado,8/11/2025,,CONTENEDOR BERLIN,MASS1760,Consolador Anal 14cm Con Ventosa Adherente De Tpe Médico,50.00,$0.55,150,0.3333333333,30,41,34,$0.042,$0.01,$23.00,$7.67,$0.15,$0.70,35.167,,,,
550,Entregado,8/11/2025,,CONTENEDOR BERLIN,MASS0745,CONSOLADOR CORAZON VIDRIO CRISTAL GXNBL01 (CORAZON100),100.00,$2.20,60,1.666666667,26,25,42,$0.027,$0.05,$15.02,$25.03,$0.25,$2.45,245.025,,,,
550,Entregado,8/11/2025,,CONTENEDOR BERLIN,MASS2098,"RELOJ DESPERTADOR CARGADOR
(93NEGRO) BLANCO 27",120.00,$4.90,30,4,43.5,27,22,$0.026,$0.10,$14.21,$56.85,$0.47,$5.37,644.8458,,,,
550,Entregado,8/11/2025,,CONTENEDOR BERLIN,MASS0288,MASAJEADOR DE CUELLO RECARGABLE CON 4 ELECTRODOS,300.00,$2.32,60,5,63.5,37,53.5,$0.126,$0.63,$69.13,$345.67,$1.15,$3.47,1041.670188,,,,
550,Entregado,8/11/2025,,CONTENEDOR BERLIN,MASS0128,CASE EXTERNO 2.5 USB 3.0 NEGRO,100.00,$1.52,100,1,40,32,53,$0.068,$0.07,$37.31,$37.31,$0.37,$1.89,189.312,,,,
550,Entregado,8/11/2025,,CONTENEDOR BERLIN,MASS1818,RELOJ INTELIGENTE S9 (3 CORREAS INCLUIDAS) 175 NEGRO 50NARANJA 75 GRIS,300.00,$3.25,100,3,59.5,43.5,28.5,$0.074,$0.22,$40.57,$121.71,$0.41,$3.66,1096.712456,,,,
550,Entregado,8/11/2025,,CONTENEDOR BERLIN,"MASS2092MASS2093MASS2094","RODILLERA COMPLETA ELASTICA
(GRIS M100,L140,60XL)",300.00,$0.65,200,1.5,60,34,57,$0.116,$0.17,$63.95,$95.93,$0.32,$0.97,290.931,,,,
550,Entregado,8/11/2025,,CONTENEDOR BERLIN,"MASS0289
MASS0291
MASS0292",PISTOLA MASAJEADORA RECARGABLE SY-720 NEGRO120/GRIS 75/ROJO 60/VERDE59,315.00,$2.45,45,7,52,30,44.5,$0.069,$0.49,$38.18,$267.27,$0.85,$3.30,1039.017,,,,
550,Entregado,8/11/2025,,CONTENEDOR MADRID,MASS2134,Teclado Bluetooth Plegable Inalambrico Portatil,40.00,$11.40,40,1,41.2,29,20,$0.024,$0.02,$13.14,$13.14,$0.33,$11.73,469.1428,,,,
550,Entregado,8/11/2025,,CONTENEDOR BERLIN,MASS1377,HIDROYET RECARGABLE 48VF (Con maleta y boquilla),150.00,$8.00,10,15,77,25.5,49,$0.096,$1.44,$52.92,$793.74,$5.29,$13.29,1993.744875,,,,
550,Entregado,8/11/2025,,CONTENEDOR BERLIN,"MASS0382MASS0384MASS0379MASS0385MASS0381","PLUG ANAL TALLA M ROJO rosa,azul,rojo,morado,transparente",200.00,$0.88,250,0.8,20,34,20,$0.014,$0.01,$7.48,$5.98,$0.03,$0.91,181.984,,,,
550,Entregado,8/11/2025,,CONTENEDOR BERLIN,"MASS1953
MASS1954","Tongue Licking Slap Vibrator Clitoris Stimulation Adult Sex Toys Female G Spot Orgasm Oral Sex Rose Dildo Vibrator(15ROSA,MORADO15)",60.00,$7.45,50,1.2,55.5,40,33,$0.073,$0.09,$40.29,$48.35,$0.81,$8.26,495.3516,,,,
550,Entregado,8/11/2025,,CONTENEDOR BERLIN,MASS0040,AUDIFONO INALAMBRICO F9,400.00,$1.45,100,4,48,49,24,$0.056,$0.23,$31.05,$124.19,$0.31,$1.76,704.1856,,,,
550,Entregado,8/11/2025,,CONTENEDOR BERLIN,MASS1821,AUDIFONO GQ-11 PLATEADO,150.00,$3.08,100,1.5,50,25,53,$0.066,$0.10,$36.44,$54.66,$0.36,$3.44,516.65625,,,,
550,Entregado,8/11/2025,,CONTENEDOR BERLIN,MASS1800,AUDIFONO INALAMBRICO RECARGABLE M41,350.00,$2.30,100,3.5,44,24,52,$0.055,$0.19,$30.20,$105.71,$0.30,$2.60,910.7056,,,,
550,Entregado,8/11/2025,,CONTENEDOR BERLIN,MASS2200,RODILLERA CON CALEFACCION USB,100.00,$2.58,150,0.6666666667,53,41,43,$0.093,$0.06,$51.39,$34.26,$0.34,$2.92,292.2609667,,,,
550,Entregado,8/11/2025,,CONTENEDOR BERLIN,,MAQUINA ELECTRICA PARA HACER COPOS DE NIEVE OTTO,1.00,$155.00,1,1,65,85,75,$0.414,$0.41,$227.91,$227.91,$227.91,$382.91,382.90625,,,,
550,Entregado,8/11/2025,,CONTENEDOR BERLIN,MASS1315,AUDIFONO INALAMBRICO RECARGABLE M90 PRO,300.00,$1.75,100,3,52,42,24,$0.052,$0.16,$28.83,$86.49,$0.29,$2.04,611.4864,,,,
550,Entregado,8/11/2025,,CONTENEDOR BERLIN,MASS1801,RELOJ INTELIGENTE S16 NEGRO + CORREA ADICIONAL (ROSADA),300.00,$3.80,100,3,48,49,24,$0.056,$0.17,$31.05,$93.14,$0.31,$4.11,1233.1392,,,,
550,Entregado,8/11/2025,,CONTENEDOR BERLIN,MASS2194,SET DE CAJAS ACRILICA PARA ZAPATOS (Que material),204.00,$1.80,20,10.2,74,41.5,31,$0.095,$0.97,$52.36,$534.08,$2.62,$4.42,901.27761,,,,
550,Entregado,8/11/2025,,CONTENEDOR BERLIN,MASS1788,PROYECTOR ESTRELLAS DE LUCES DE GALAXIA ASTRONAUTA,288.00,$3.80,48,6,40,40.5,35.5,$0.058,$0.35,$31.63,$189.78,$0.66,$4.46,1284.183,,,,
550,Entregado,8/11/2025,,CONTENEDOR BERLIN,,PEDIDO ELECTRONICA,,,,,,,,,,,,,,,,,,
550,Entregado,8/11/2025,,CONTENEDOR BERLIN,MASS2166,CINTA ADHESIVA DECORATIVA GRIS 4CM X 50MTS,120.00,$1.90,60,2,45,45,42,$0.085,$0.17,$46.78,$93.56,$0.78,$2.68,321.555,,,,
550,Entregado,8/11/2025,,CONTENEDOR BERLIN,"MASS2187
MASS2188
MASS2189","Champú Meidu Cubre Canas 3 En 1 500 Ml Ojo Original
(180 black,80 brow, 40 dark whine red )",300.00,$1.90,1,300,11.5,7.5,25.5,$0.002,$0.66,$1.21,$362.90,$1.21,$3.11,932.896875,,,,
550,Entregado,8/11/2025,,CONTENEDOR BERLIN,,TAPAS Y CORREDERAS ESTANTES METALICOS,12.00,$25.00,6,2,65,85,75,$0.414,$0.83,$227.91,$455.81,$37.98,$62.98,755.8125,,,,
550,Entregado,8/11/2025,,CONTENEDOR BERLIN,MASS2163,CINTA ADHESIVA DECORATIVA GRIS 1CM X 50MTS,990.00,$0.65,330,3,45,45,42,$0.085,$0.26,$46.78,$140.33,$0.14,$0.79,783.8325,,,,
550,Entregado,8/11/2025,,CONTENEDOR BERLIN,MASS2162,"PERFIL WALL PANEL AZUL 095 30x30mm x 2,90m",100.00,$1.00,50,2,295,15,8.5,$0.038,$0.08,$20.69,$41.37,$0.41,$1.41,141.37375,,,,
550,Entregado,8/11/2025,,CONTENEDOR MADRID,MASS2222,Luz de techo LED montada en superficie moderna inteligente IP44 para el hogar,100.00,$2.85,10,10,64,28,55,$0.099,$0.99,$54.21,$542.08,$5.42,$8.27,827.08,,,,
550,Entregado,8/11/2025,,CONTENEDOR BERLIN,MASS1328,PISO VINIL AUTOADHESIVO 3043 ALTO TRAFICO 2MM GROSOR 914.4MM*152.4MM,150.00,$11.20,1,150,94,16.5,9,$0.014,$2.09,$7.68,"$1,151.62",$7.68,$18.88,2831.6175,,,,
550,Entregado,8/11/2025,,CONTENEDOR MADRID,MASS1315,AUDIFONO INALAMBRICO RECARGABLE M90 PRO,300.00,$1.75,100,3,52,43,24,$0.054,$0.16,$29.52,$88.55,$0.30,$2.05,613.5456,,,,
550,Entregado,8/11/2025,,CONTENEDOR BERLIN,MASS1722,Rabbit Vibrator Sex Toys for Women 10 Frequency Vaginal Anal Massager G Spot (VERDE40),60.00,$4.98,90,0.6666666667,72,34,54,$0.132,$0.09,$72.71,$48.47,$0.81,$5.79,347.2704,,,,
550,Entregado,8/11/2025,,CONTENEDOR BERLIN,MASS2155,"PERFIL WALL PANEL YC101 NEGRO 30x30mm x 2,90m",100.00,$1.00,50,2,295,15,8.5,$0.038,$0.08,$20.69,$41.37,$0.41,$1.41,141.37375,,,,
550,Entregado,8/11/2025,,CONTENEDOR MADRID,,PEDIDO SEXSHOP,,,,,,,,,,,,,,,,,,
550,Entregado,8/11/2025,,CONTENEDOR MADRID,MASS1732,"Manga extensora, manga para pene, manga con vibración Recargable",50.00,$5.00,50,1,36,36,36,$0.047,$0.05,$25.66,$25.66,$0.51,$5.51,275.6608,,,,
550,Entregado,8/11/2025,,CONTENEDOR MADRID,MASS2253,PLUG ANAL FORMA DE PENE TALLA L,40.00,$3.58,40,1,38,38,22,$0.032,$0.03,$17.47,$17.47,$0.44,$4.02,160.6724,,,,
550,Entregado,8/11/2025,,CONTENEDOR BERLIN,MASS0518,STUD 100,"1,500.00",$0.86,300,5,48,31,39,$0.058,$0.29,$31.92,$159.59,$0.11,$0.97,1449.588,,,,
550,Entregado,8/11/2025,,CONTENEDOR MADRID,MASS1476,CONSOLADOR REALISTICO EXTRAGRANDE piel,80.00,$6.84,80,1,60,37,34,$0.075,$0.08,$41.51,$41.51,$0.52,$7.36,588.714,,,,
550,Entregado,8/11/2025,,CONTENEDOR MADRID,MASS1472,VARITA MAGICA XQVS015 3 CABEZALES,30.00,$7.80,30,1,51,42,26,$0.056,$0.06,$30.63,$30.63,$1.02,$8.82,264.6306,,,,
550,Entregado,8/11/2025,,CONTENEDOR BERLIN,MASS2181,KIT DE 3 ANILLO RETARDANTE DE PENE,100.00,$0.18,80,1.25,35,20,20,$0.014,$0.02,$7.70,$9.63,$0.10,$0.28,27.625,,,,
550,Entregado,8/11/2025,,CONTENEDOR MADRID,MASS1692,MASTURBADOR MASCULINO ANO,150.00,$1.10,150,1,70,50,42,$0.147,$0.15,$80.85,$80.85,$0.54,$1.64,245.85,,,,
550,Entregado,8/11/2025,,CONTENEDOR MADRID,MASS2251,PLUG ANAL FORMA DE PENE TALLA S,60.00,$1.85,50,1.2,30,22,18,$0.012,$0.01,$6.53,$7.84,$0.13,$1.98,118.8408,,,,
550,Entregado,8/11/2025,,CONTENEDOR BERLIN,MASS2157,"PERFIL WALL PANEL GRIS CLARO YC6001 30x30mm x 2,90m",100.00,$1.00,50,2,295,15,8.5,$0.038,$0.08,$20.69,$41.37,$0.41,$1.41,141.37375,,,,
550,Entregado,8/11/2025,,CONTENEDOR BERLIN,MASS0149,CONSOLADOR REALISTA DOBLE CAPA ARCOIRIS YMDCYJ01,30.00,$6.80,40,0.75,46,44,40,$0.081,$0.06,$44.53,$33.40,$1.11,$7.91,237.396,,,,
550,Entregado,8/11/2025,,CONTENEDOR MADRID,MASS2255,Extensor de pene Bola de Metal doble de 35 mm,50.00,$2.25,50,1,40,35,20,$0.028,$0.03,$15.40,$15.40,$0.31,$2.56,127.9,,,,
550,Entregado,8/11/2025,,CONTENEDOR MADRID,MASS1931,Vibrador Pene Real Para Mujeres Femenino Íntimo Juguetes,150.00,$2.45,75,2,65,40,35,$0.091,$0.18,$50.05,$100.10,$0.67,$3.12,467.6,,,,
550,Entregado,8/11/2025,,CONTENEDOR BERLIN,MASS1716,Vibrador Para Pareja Uso Simultaneo O Sola 8 Velocidades,40.00,$7.50,50,0.8,47.5,35.5,25.5,$0.043,$0.03,$23.65,$18.92,$0.47,$7.97,318.919725,,,,
550,Entregado,8/11/2025,,CONTENEDOR MADRID,MASS2249,FUNDA PARA PENE TEXTURIZADA CON VIBRACION,120.00,$1.80,120,1,52,38,22,$0.043,$0.04,$23.91,$23.91,$0.20,$2.00,239.9096,,,,
550,Entregado,8/11/2025,,CONTENEDOR MADRID,MASS2248,COPA MASTURBADORA HOMBRE CON VIBRACION RECARGABLE,40.00,$7.00,40,1,52,37.5,28.5,$0.056,$0.06,$30.57,$30.57,$0.76,$7.76,310.56625,,,,
550,Entregado,8/11/2025,,CONTENEDOR MADRID,MASS2246 negro y rojo,BDSM Cinta estatica para juegos previos de adultos,150.00,$0.45,150,1,52,42,32,$0.070,$0.07,$38.44,$38.44,$0.26,$0.71,105.9384,,,,
550,Entregado,8/11/2025,,CONTENEDOR MADRID,MASS2245 negro y rojo,BDSM bondage cintura con amarre,80.00,$2.65,80,1,43,43,32,$0.059,$0.06,$32.54,$32.54,$0.41,$3.06,244.5424,,,,
550,Entregado,8/11/2025,,CONTENEDOR MADRID,MASS2243,MASTURBADOR DE SILICIONA CON TEXTURA REALISTA 3 EN 1 BOCA VAGINA ANO CHICA,50.00,$2.65,50,1,49,50,50,$0.123,$0.12,$67.38,$67.38,$1.35,$4.00,199.875,,,,
550,Entregado,8/11/2025,,CONTENEDOR MADRID,MASS2242,CONSOLADOR DE TIGRE LARGO DRAGÓN 40 CM ANAL PLUGS,100.00,$2.55,100,1,45,35,32,$0.050,$0.05,$27.72,$27.72,$0.28,$2.83,282.72,,,,
550,Entregado,8/11/2025,,CONTENEDOR MADRID,MASS2236,ROSA RECARGABLE SUCCIONADORA CON LEGUA,40.00,$14.00,40,1,56,29,38,$0.062,$0.06,$33.94,$33.94,$0.85,$14.85,593.9416,,,,
550,Entregado,8/11/2025,,CONTENEDOR MADRID,MASS2261,VIBRADOR SATIFYER PRO 3,20.00,$29.00,20,1,45,30,20,$0.027,$0.03,$14.85,$14.85,$0.74,$29.74,594.85,,,,
550,Entregado,8/11/2025,,CONTENEDOR MADRID,MASS2240 MASS2283 MASS2284,"PLUG ANAL ALARGADO 50 negro,50rojo,50blanco",150.00,$4.55,50,3,38,38,22,$0.032,$0.10,$17.47,$52.42,$0.35,$4.90,734.9172,,,,
550,Entregado,8/11/2025,,CONTENEDOR MADRID,MASS2247 negro azul y rojo,Dildo PVC Cotufa flexible 20cm,80.00,$2.20,80,1,52,32,32,$0.053,$0.05,$29.29,$29.29,$0.37,$2.57,205.2864,,,,
550,Entregado,8/11/2025,,CONTENEDOR BERLIN,MASS1054,PLUG ANAL RECARGABLE CON CONTROL MQCDHT02,38.00,$5.50,50,0.76,36,47,24,$0.041,$0.03,$22.33,$16.97,$0.45,$5.95,225.974144,,,,
550,Entregado,8/11/2025,,CONTENEDOR MADRID,MASS2226 MASS2227 MASS2228 MASS2229 MASS2230,"AUDIFONO INALAMBRICO P2961 Bluetooth RECARGABLE (NEGRO280, VERDE80,AZUL80,BLANCO80,ROSA80)",600.00,$1.85,40,15,93,47,42,$0.184,$2.75,$100.97,"$1,514.55",$2.52,$4.37,2624.5515,,,,
550,Entregado,7/9/2025,9/1/2025,CONTENEDOR PISA,MASS2070,LAVADORA DE BROCHAS MAQUILLAJE,150.00,$2.40,50,3,50,50,35,$0.088,$0.26,$48.13,$144.38,$0.96,$3.36,504.375,,,,
550,Entregado,7/9/2025,9/1/2025,CONTENEDOR PISA,MASS2071,LAMPARA DE ARENA 16 COLORES,187.00,$2.38,48,3.895833333,60,54,41,$0.133,$0.52,$73.06,$284.64,$1.52,$3.90,729.697375,,,,
550,Entregado,7/9/2025,9/1/2025,CONTENEDOR PISA,MASS0592 NMASS0593 MASS0594,"VIBRADOR CON RECARGA USB PUNTO G HXMS671
(50ROSADO,50MORADO,50NEGRO)",150.00,$5.10,150,1,54,45,36,$0.087,$0.09,$48.11,$48.11,$0.32,$5.42,813.114,,,,
550,Entregado,7/9/2025,9/1/2025,CONTENEDOR PISA,MASS1039,"MAQUINA PLASTIFICADORA LAMINADORA (10 HOJAS)
(EN CAJA AZUL)",600.00,$7.80,20,30,42,40,30,$0.050,$1.51,$27.72,$831.60,$1.39,$9.19,5511.6,,,,
550,Entregado,7/9/2025,9/1/2025,CONTENEDOR PISA,MASS0733,BROCHA CHINA,500.00,$1.60,250,2,33,52,33,$0.057,$0.11,$31.15,$62.29,$0.12,$1.72,862.2908,,,,
550,Entregado,7/9/2025,9/1/2025,CONTENEDOR PISA,,PEDIDO ELECTRONICA,,,,,,,,,,,,,,,,,,
550,Entregado,7/9/2025,9/1/2025,CONTENEDOR PISA,MASS1551,MAQUINA DE SOLDAR,84.00,$22.50,6,14,54,28,58.5,$0.088,$1.24,$48.65,$681.08,$8.11,$30.61,2571.0804,,,,
550,Entregado,7/9/2025,9/1/2025,CONTENEDOR PISA,MASS0615 MASS0616 MASS1171,"VIBRADOR RECARGABLE 30 VELOCIDADES YCYY3001U (250MORADO,250ROSADO,200NEGRO)",700.00,$2.60,100,7,40,27,33,$0.036,$0.25,$19.60,$137.21,$0.20,$2.80,1957.214,,,,
550,Entregado,7/9/2025,9/1/2025,CONTENEDOR PISA,MASS1517,MINI PROYECTOR VIDEO BEAM,140.00,$8.40,20,7,44,42,37.2,$0.069,$0.48,$37.81,$264.67,$1.89,$10.29,1440.67056,,,,
550,Entregado,7/9/2025,9/1/2025,CONTENEDOR PISA,MASS1904,CAMARA TIPO BOMBILLO BASE E27 1080P,600.00,$2.90,50,12,54,32,36,$0.062,$0.75,$34.21,$410.57,$0.68,$3.58,2150.5728,,,,
550,Entregado,7/9/2025,9/1/2025,CONTENEDOR PISA,MASS0902,MAQUINA DE COSER PORTATIL,240.00,$3.50,20,12,64,45,44,$0.127,$1.52,$69.70,$836.35,$3.48,$6.98,1676.352,,,,
550,Entregado,7/9/2025,9/1/2025,CONTENEDOR PISA,MASS1526,CAJA ORGANIZADOR DE ZAPATO 12 PCS,300.00,$5.65,10,30,76,46,31,$0.108,$3.25,$59.61,"$1,788.20",$5.96,$11.61,3483.204,,,,
550,Entregado,7/9/2025,9/1/2025,CONTENEDOR PISA,"MASS1124 Negro
MASS1173 Azul electrico MASS0648 Azul
MASS1457 Roja","SILLA PLAYERA (120NEGRO,80AZUL,50ROJO,50AZULOSCURO)",295.00,$3.20,10,29.5,83,23,48,$0.092,$2.70,$50.40,"$1,486.73",$5.04,$8.24,2430.7292,,,,
550,Entregado,7/9/2025,9/1/2025,CONTENEDOR PISA,"MASS0950MASS0951MASS1600MASS1601","BOLSO DE LAPTOP REFLECTIVO (70NEGRO,50AZUL,48GRIS,30ROJO)",198.00,$2.75,100,1.98,100,60,76,$0.456,$0.90,$250.80,$496.58,$2.51,$5.26,1041.084,,,,
550,Entregado,7/9/2025,9/1/2025,CONTENEDOR PISA,"MASS0956
MASS0957
MASS0958
MASS0959","BOLSO DE LAPTOP SUPERLIGHT
(80NEGRO,50AZUL,50GRIS,30ROJO)",210.00,$2.35,70,3,60,71.5,80.5,$0.345,$1.04,$189.94,$569.82,$2.71,$5.06,1063.31925,,,,
550,Entregado,7/9/2025,9/1/2025,CONTENEDOR PISA,MASS1528,BOLSO LAPTOP THIMKPAD LENOVO GAMER IMPERMIABLE,0.00,$2.88,70,0,110,84,44.5,$0.411,$0.00,$226.15,$0.00,$3.23,$6.11,0,,,,
550,Entregado,7/9/2025,9/1/2025,CONTENEDOR PISA,MASS1784 MASS2150,"CLOSET ARMARIO GRANDE 128x45x170
(110NEGRO,50GRIS)",160.00,$6.45,10,16,62,48,61.5,$0.183,$2.93,$100.66,"$1,610.61",$10.07,$16.52,2642.6112,,,,
550,Entregado,7/9/2025,9/1/2025,CONTENEDOR PISA,MASS1785,"ORGANIZADOR DE ZAPATO 120 cm x 116 cm x 30 cm
(60NEGRO,20GRIS)",80.00,$4.95,10,8,58,31.5,48,$0.088,$0.70,$48.23,$385.86,$4.82,$9.77,781.8624,,,,
550,Entregado,7/9/2025,9/1/2025,CONTENEDOR PISA,MASS1525,ZAPATERA DE METAL 6 NIVELES,450.00,$1.65,18,25,58,32,44,$0.082,$2.04,$44.92,"$1,122.88",$2.50,$4.15,1865.38,,,,
550,Entregado,7/9/2025,9/1/2025,CONTENEDOR PISA,MASS1663 MASS2149,"ZAPATERA 4 NIVELES (190NEGRO,80BLANCO)",270.00,$0.85,40,6.75,52,40,55.5,$0.115,$0.78,$63.49,$428.57,$1.59,$2.44,658.071,,,,
550,Entregado,7/9/2025,9/1/2025,CONTENEDOR PISA,,"PLANCHA REMINTONG AGUACATE
(250 aguacate 150 keratina)",400.00,$6.20,50,8,52,34,36,$0.064,$0.51,$35.01,$280.05,$0.70,$6.90,2760.0512,,,,
550,Entregado,7/9/2025,9/1/2025,CONTENEDOR PISA,MASS0927,SET DE ESENCIA 6 PCS,417.00,$1.20,60,6.95,33,33,25,$0.027,$0.19,$14.97,$104.07,$0.25,$1.45,604.4675625,,,,
550,Entregado,7/9/2025,9/1/2025,CONTENEDOR PISA,MASS1377,HIDROYET RECARGABLE 48VF (Con maleta y boquilla),350.00,$8.00,10,35,77,25.5,49,$0.096,$3.37,$52.92,"$1,852.07",$5.29,$13.29,4652.071375,,,,
550,Entregado,7/9/2025,9/1/2025,CONTENEDOR PISA,MASS0752 MASS0753 MASS1147,"RELOJ FD68 (400 NEGRO, 150 ROJO, 150 VERDE)",700.00,$1.60,100,7,43,33,27,$0.038,$0.27,$21.07,$147.51,$0.21,$1.81,1267.50505,,,,
550,Entregado,7/9/2025,9/1/2025,CONTENEDOR PISA,MASS1873,Mini Maquina De Coser 12 Puntadas,60.00,$10.50,6,10,45.5,32.5,61,$0.090,$0.90,$49.61,$496.12,$8.27,$18.77,1126.120625,,,,
550,Entregado,7/9/2025,9/1/2025,CONTENEDOR PISA,MASS1874,SET DE CEPILLO SECADOR 5 EN 1,200.00,$4.00,20,10,62,35,49.5,$0.107,$1.07,$59.08,$590.78,$2.95,$6.95,1390.7825,,,,
550,Entregado,7/9/2025,9/1/2025,CONTENEDOR PISA,MASS1907,"IRRIGADOR ORAL PORTATIL LIMPIADOR DE DIENTE RECARGABLE USB 4 PUNTAS 220 ML 3 MODOS
(BLANCO)",360.00,$3.10,60,6,45,39,36,$0.063,$0.38,$34.75,$208.49,$0.58,$3.68,1324.494,,,,
550,Entregado,7/9/2025,9/1/2025,CONTENEDOR PISA,MASS0621,MAQUINA PARA AFEITAR PERRO,200.00,$3.00,40,5,58.5,45,34.5,$0.091,$0.45,$49.95,$249.76,$1.25,$4.25,849.7584375,,,,
550,Entregado,7/9/2025,9/1/2025,CONTENEDOR PISA,MASS2039,DRONE E88 (EN CAJA)396,,$6.18,36,,27,66,53,$0.094,,$51.95,,$1.44,$7.62,,,,,
550,Entregado,7/9/2025,9/1/2025,CONTENEDOR PISA,MASS1806,CAMARA DE SEGURIDAD DOBLE ROBOTICA 360° GRADOS HD MICRO SD WIFFI,149.00,$5.80,50,2.98,56.5,28.5,53.4,$0.086,$0.26,$47.29,$140.93,$0.95,$6.75,1005.133267,,,,
550,Entregado,7/9/2025,9/1/2025,CONTENEDOR PISA,MASS0830,ESTIMULADOR ELECTROTERAPIA PORTATIL TENNS,180.00,$2.15,60,3,50.5,39.5,71.5,$0.143,$0.43,$78.44,$235.33,$1.31,$3.46,622.3306313,,,,
550,Entregado,7/9/2025,9/1/2025,CONTENEDOR PISA,MASS1896,"Conjunto de utensilios de cocina antiadherentes Primaware de 13 piezas, gris acero",156.00,$4.35,12,13,57,47,54,$0.145,$1.88,$79.57,"$1,034.36",$6.63,$10.98,1712.9619,,,,
550,Entregado,7/9/2025,9/1/2025,CONTENEDOR PISA,MASS1910 MASS2152,"Esterilizador ultravioleta para cepillos de dientes
(120NEGRO,120BLANCO)",240.00,$1.70,60,4,59,44,52,$0.135,$0.54,$74.25,$296.98,$1.24,$2.94,704.9824,,,,
550,Entregado,7/9/2025,9/1/2025,CONTENEDOR PISA,"MASS1009 NEGRO
MASS1011 BLANCO","DEPILADORA LASER 999999 FLASHES (NEGRO120, BLANCO120)",240.00,$7.50,40,6,54,44.5,35,$0.084,$0.50,$46.26,$277.55,$1.16,$8.66,2077.5465,,,,
550,Entregado,7/9/2025,9/1/2025,CONTENEDOR PISA,MASS1041,LIMPIADOR A VAPOR 900W 10 PCS,176.00,$9.00,8,22,46,46,49,$0.104,$2.28,$57.03,"$1,254.58",$7.13,$16.13,2838.5764,,,,
550,Entregado,7/9/2025,9/1/2025,CONTENEDOR PISA,MASS0634,MINI CAMARA WIFFI A9,450.00,$1.80,100,4.5,54,43,23,$0.053,$0.24,$29.37,$132.18,$0.29,$2.09,942.17985,,,,
550,Entregado,7/9/2025,9/1/2025,CONTENEDOR PISA,MASS0825,MAQUINA KEMEI 3 EN 1,300.00,$3.20,60,5,60,47,25.5,$0.072,$0.36,$39.55,$197.75,$0.66,$3.86,1157.7525,,,,
550,Entregado,7/9/2025,9/1/2025,CONTENEDOR PISA,MASS1378,Maquina Kemei De Afeitar Cabello Shaiver Kemei Km-2024,120.00,$5.00,60,2,43.5,32,50.5,$0.070,$0.14,$38.66,$77.33,$0.64,$5.64,677.3256,,,,
550,Entregado,7/9/2025,9/1/2025,CONTENEDOR PISA,MASS1656,MAQUINA KEMEI 4 EN 1 KM-032,180.00,$3.50,60,3,49,38,32,$0.060,$0.18,$32.77,$98.31,$0.55,$4.05,728.3136,,,,
550,Entregado,7/9/2025,9/1/2025,CONTENEDOR PISA,MASS1638 MASS1639 MASS1792 MASS1793,"AISLANTE PROTECTOR DE GOMA PARA PUERTA (500negro,100 blanco, 200gris,100marrón)",900.00,$0.23,180,5,76,50.5,99,$0.380,$1.90,$208.98,"$1,044.90",$1.16,$1.39,1251.8955,,,,
550,Entregado,7/9/2025,9/1/2025,CONTENEDOR PISA,MASS1820,RELOJ INTELIGENTE SMARTWATCH H92 UlTRA 3,191.00,$7.00,34,5.617647059,65,45,33,$0.097,$0.54,$53.09,$298.23,$1.56,$8.56,1635.23386,,,,
550,Entregado,7/9/2025,9/1/2025,CONTENEDOR PISA,MASS1859,SECADORA DE ROPA PORTATIL,60.00,$8.80,12,5,57.5,46.5,57,$0.152,$0.76,$83.82,$419.11,$6.99,$15.79,947.1103125,,,,
550,Entregado,7/9/2025,9/1/2025,CONTENEDOR PISA,MASS1860,SECADOR DE ZAPATO PORTATIL,60.00,$3.15,30,2,57,47,59,$0.158,$0.32,$86.93,$173.87,$2.90,$6.05,362.8671,,,,
550,Entregado,7/9/2025,9/1/2025,CONTENEDOR PISA,,PEDIDO SEXSHOP,,,,,,,,,,,,,,,,,,
550,Entregado,7/9/2025,9/1/2025,CONTENEDOR PISA,MASS0850,"VIBRADOR POR APLICACION REMOTO YPM
(ROSADO)",600.00,$2.60,100,6,58,46,22,$0.059,$0.35,$32.28,$193.70,$0.32,$2.92,1753.6968,,,,
550,Entregado,7/9/2025,9/1/2025,CONTENEDOR PISA,MASS0518,STUD 100,"1,196.00",$0.80,300,3.986666667,48,31,39,$0.058,$0.23,$31.92,$127.24,$0.11,$0.91,1084.044832,,,,
550,Entregado,7/9/2025,9/1/2025,CONTENEDOR PISA,MASS0021,ANILLO VIBRADOR RETARDANTE ESTIMULADOR CLITORIS HDH001,300.00,$0.20,300,1,13,46,42,$0.025,$0.03,$13.81,$13.81,$0.05,$0.25,73.8138,,,,
550,Entregado,7/9/2025,9/1/2025,CONTENEDOR PISA,MASS0702,IMITACION DE SEMEN LECHE SIYI 200ML SYXDZ01,150.00,$0.59,50,3,65,33,17,$0.036,$0.11,$20.06,$60.17,$0.40,$0.99,148.66725,,,,
550,Entregado,7/9/2025,9/1/2025,CONTENEDOR PISA,MASS0687,ANILLO VIBRADOR RETARDANTE DOBLE RC007 rosados,300.00,$0.35,200,1.5,39,46,31,$0.056,$0.08,$30.59,$45.88,$0.15,$0.50,150.88155,,,,
550,Entregado,7/9/2025,9/1/2025,CONTENEDOR PISA,MASS0841,LUBRICANTE ANAL WATER OLO 60 ML,,$0.85,100,,52,39,31,$0.063,,$34.58,,$0.35,$1.20,,,,,
550,Entregado,7/9/2025,9/1/2025,CONTENEDOR PISA,MASS0701,LUBRICANTE ANAL LOVE MONOGATARI 200ML ZTAO01,312.00,$0.68,156,2,58,66,35,$0.134,$0.27,$73.69,$147.38,$0.47,$1.15,359.538,,,,
550,Entregado,7/9/2025,9/1/2025,CONTENEDOR PISA,MASS0698 MASS0699 MASS0700,"LUBRICANTE PRIVATE LIFE 100ML XZLSG100ML (CEREZA200,FRESA200, LIMA100)",500.00,$0.54,100,5,35,44,30,$0.046,$0.23,$25.41,$127.05,$0.25,$0.79,397.05,,,,
550,Entregado,7/9/2025,9/1/2025,CONTENEDOR PISA,MASS1781,CONSOLADOR REALISTICO CON CHUPON INFLABLE,50.00,$2.80,100,0.5,51,42,24,$0.051,$0.03,$28.27,$14.14,$0.28,$3.08,154.1372,,,,
550,Entregado,7/9/2025,9/1/2025,CONTENEDOR PISA,MASS1723,Beginner G-Spot Vibrator Nipple Clitoris Stimulator Vagina Dildo Erotic,40.00,$4.40,60,0.6666666667,25,25,30,$0.019,$0.01,$10.31,$6.88,$0.17,$4.57,182.875,,,,
550,Entregado,7/9/2025,9/1/2025,CONTENEDOR PISA,MASS0364 MASS0367 MASS0363 MASS0366,"PLUG ANAL SET 3 UNIDADES METALPLUGSET (ROSA50,MORADO50,TRASPARENTE50,AZUL50)",,$3.03,50,,36,34,20,$0.024,,$13.46,,$0.27,$3.30,,,,,
550,Entregado,7/9/2025,9/1/2025,CONTENEDOR PISA,MASS1045,DUCHA ANAL ENEMA XGQSET01 (AZUL100),100.00,$0.80,100,1,45,43,41,$0.079,$0.08,$43.63,$43.63,$0.44,$1.24,123.63425,,,,
550,Entregado,7/9/2025,9/1/2025,CONTENEDOR PISA,MASS0696 MASS0697,"LUBRICANTE PRIVATE LIFE 30ML XZLSG30ML (100PLATANO,100UVA,100LIMON)",300.00,$0.20,100,3,25,25,30,$0.019,$0.06,$10.31,$30.94,$0.10,$0.30,90.9375,,,,
550,Entregado,7/9/2025,9/1/2025,CONTENEDOR PISA,MASS1014,MAQUINA AFEITAR KEMEI KM-4640,240.00,$2.95,40,6,60,47,25.5,$0.072,$0.43,$39.55,$237.30,$0.99,$3.94,945.303,,,,
550,Entregado,7/9/2025,9/1/2025,CONTENEDOR PISA,MASS1198 MASS0749,"ESPOSAS SEXUAL DE COLORES BDSM39 (NEGRA25,ROJO25)",50.00,$0.48,40,1.25,29,25,15,$0.011,$0.01,$5.98,$7.48,$0.15,$0.63,31.4765625,,,,
550,Entregado,7/9/2025,9/1/2025,CONTENEDOR PISA,MASS1950,Juego de barajas 50 Positions Of Bondage,50.00,$1.50,50,1,20,22,20,$0.009,$0.01,$4.84,$4.84,$0.10,$1.60,79.84,,,,
550,Entregado,7/9/2025,9/1/2025,CONTENEDOR PISA,MASS1473 MASS1474,CONSOLADOR REALISTICO CON BASE 10 PULGADAS (negro25/piel24),50.00,$2.80,40,1.25,41,37,34,$0.052,$0.06,$28.37,$35.46,$0.71,$3.51,175.459875,,,,
550,Entregado,7/9/2025,9/1/2025,CONTENEDOR PISA,,VIBRADOR 12 VELOCIDADES CON ESTIMULADOR DE CLITORIS DRHHS001,150.00,$7.20,40,3.75,58,45,28,$0.073,$0.27,$40.19,$150.73,$1.00,$8.20,1230.7275,,,,
550,Entregado,7/9/2025,9/1/2025,CONTENEDOR PISA,MASS1979,Cuchillo Táctico Con Kit Supervivencia,160.00,$5.75,40,4,50,40,30,$0.060,$0.24,$33.00,$132.00,$0.83,$6.58,1052,,,,
550,Entregado,7/9/2025,9/1/2025,CONTENEDOR PISA,MASS0691,FORRO DE SILICON PARA PENE YMSK001,200.00,$0.60,120,1.666666667,40,35,36,$0.050,$0.08,$27.72,$46.20,$0.23,$0.83,166.2,,,,
550,Entregado,7/9/2025,9/1/2025,CONTENEDOR PISA,,PEDIDO PRODUCTOS NUEVOS,,,,,,,,,,,,,,,,,,
550,Entregado,7/9/2025,9/1/2025,CONTENEDOR PISA,MASS2015,MESA DE PING PONG,10.00,$77.00,1,10,55,89,90,$0.441,$4.41,$242.30,"$2,423.03",$242.30,$319.30,3193.025,,,,
550,Entregado,7/9/2025,9/1/2025,CONTENEDOR PISA,MASS2016,GRABADORA CORTADOR LASER OMTECH K40 40W,10.00,$280.00,1,10,95,63,41,$0.245,$2.45,$134.96,"$1,349.62",$134.96,$414.96,4149.6175,,,,
550,Entregado,7/9/2025,9/1/2025,CONTENEDOR PISA,MASS1875,Maquina Para Hacer Pasta Spaghetti Acero Inoxidable,42.00,$6.40,6,7,58,22,30,$0.038,$0.27,$21.05,$147.38,$3.51,$9.91,416.178,,,,
550,Entregado,7/9/2025,9/1/2025,CONTENEDOR PISA,MASS2017/MASS2018,"Kennel Transportador De Mascotas Armable Mediano 3 Franjas talla M
(70AZUL,70ROSADA)",140.00,$3.20,35,4,65,45,35,$0.102,$0.41,$56.31,$225.23,$1.61,$4.81,673.225,,,,
550,Entregado,7/9/2025,9/1/2025,CONTENEDOR PISA,MASS2019,CORNETA INALAMBRICA + 2 MICROFONOS (300 BLANCAS),300.00,$2.32,1,300,8.6,8.6,6.6,$0.000,$0.15,$0.27,$80.54,$0.27,$2.59,776.54244,,,,
550,Entregado,7/9/2025,9/1/2025,CONTENEDOR PISA,MASS2020,Kit Maquina Afeitar Nariz Barba Cuerpo Kemei 5031,118.00,$8.85,40,2.95,75.5,39.5,45,$0.134,$0.40,$73.81,$217.74,$1.85,$10.70,1262.041528,,,,
550,Entregado,7/9/2025,9/1/2025,CONTENEDOR PISA,MASS2021/MASS2022/MASS2023/MASS2024,"Bolso Maleta Deportivo Gym De Alta Calidad Unisex
(80NEGRO,40AZUL,40CAQUI,40ROJO)",200.00,$3.50,1,200,48,29,2,$0.003,$0.56,$1.53,$306.24,$1.53,$5.03,1006.24,,,,
550,Entregado,7/9/2025,9/1/2025,CONTENEDOR PISA,MASS0422 MASS0427 MASS0423,"RELOJ D20S (397 NEGRO, 100 BLANCO, 100 ROSADO)",597.00,$1.40,100,5.97,32,49,43,$0.067,$0.40,$37.08,$221.39,$0.37,$1.77,1057.186704,,,,
550,Entregado,7/9/2025,9/1/2025,CONTENEDOR PISA,MASS2025/MASS2026/MASS2027/MASS2028,"Lámpara De Galaxia, Esfera De Cristal, Luna, Saturno 6CM
(80-1,80-2,80-3,80-4)",320.00,$0.85,40,8,32,30,23,$0.022,$0.18,$12.14,$97.15,$0.30,$1.15,369.152,,,,
550,Entregado,7/9/2025,9/1/2025,CONTENEDOR PISA,MASS2029/MASS2030/MASS2031/MASS2032,"Lámpara De Galaxia, Esfera De Cristal, Luna, Saturno 8CM
(80-1,80-2,80-3,80-4)",280.00,$1.32,40,7,34,44,24,$0.036,$0.25,$19.75,$138.23,$0.49,$1.81,507.8304,,,,
550,Entregado,7/9/2025,9/1/2025,CONTENEDOR PISA,MASS2067,Juego De Dados Milimétricos De 12 Piezas Con Rachet Grande,248.00,$2.65,50,4.96,33,50,30,$0.050,$0.25,$27.23,$135.04,$0.54,$3.19,792.236,,,,
550,Entregado,7/9/2025,9/1/2025,CONTENEDOR PISA,MASS2033,CALENTADOR DE AGUA 110V 3000w,116.00,$22.80,1,116,36,12.5,34,$0.015,$1.77,$8.42,$976.14,$8.42,$31.22,3620.94,,,,
550,Entregado,7/9/2025,9/1/2025,CONTENEDOR PISA,,TIRRO FERRACA,436.00,$0.70,72,6.055555556,50,37.5,31.8,$0.060,$0.36,$32.79,$198.58,$0.46,$1.16,503.784375,,,,
550,Entregado,7/9/2025,9/1/2025,CONTENEDOR PISA,MASS2034,CERRADURA INTELIGENTE CON HUELLA APLICACION TUYA,60.00,$27.00,1,60,47,27,15,$0.019,$1.14,$10.47,$628.16,$10.47,$37.47,2248.155,,,,
550,Entregado,7/9/2025,9/1/2025,CONTENEDOR PISA,MASS2035/MASS2036/MASS2037/MASS2038,"RELOJ OLEVS
(PLata/negro 100, plata/verde60,40Oro/azul,negro/oro50)",250.00,$9.00,1,250,10,10,5,$0.001,$0.13,$0.28,$68.75,$0.28,$9.28,2318.75,,,,
550,Entregado,7/9/2025,9/1/2025,CONTENEDOR PISA,MASS2039/MASS2040,"DRONE E88 PRO
(150NEGRO,150BLANCO)324",,$5.68,30,,66,27,52,$0.093,,$50.97,,$1.70,$7.38,,,,,
550,Entregado,7/9/2025,9/1/2025,CONTENEDOR PISA,MASS2064,"SACAPUNTA PORTAIL ELECTRICO
(NEGRO)",144.00,$2.50,72,2,25,26,38,$0.025,$0.05,$13.59,$27.17,$0.19,$2.69,387.17,,,,
550,Entregado,7/9/2025,9/1/2025,CONTENEDOR PISA,MASS2041,Organizador de Baño Estante Para Inodoro Ahorra Espacio,160.00,$2.58,16,10,58,45,41.5,$0.108,$1.08,$59.57,$595.73,$3.72,$6.30,1008.5325,,,,
550,Entregado,7/9/2025,9/1/2025,CONTENEDOR PISA,MASS2042,MASAJEADOR FACIAL (BLANCOS),300.00,$2.80,50,6,39.8,32,52.5,$0.067,$0.40,$36.78,$220.65,$0.74,$3.54,1060.6512,,,,
550,Entregado,7/9/2025,9/1/2025,CONTENEDOR PISA,"MASS0952
MASS0953
MASS0954
MASS0955","BOLSO DE LAPTOP DOBLE CIERRE (70NEGRO,50AZUL,60GRIS,30ROJO)",210.00,$2.20,70,3,57,68,80,$0.310,$0.93,$170.54,$511.63,$2.44,$4.64,973.632,,,,
550,Entregado,7/9/2025,9/1/2025,CONTENEDOR PISA,MASS2058,FILTRO TIPO REGADERA PARA LAVAPLATOS,300.00,$1.60,100,3,80,45,36,$0.130,$0.39,$71.28,$213.84,$0.71,$2.31,693.84,,,,
550,Entregado,7/9/2025,9/1/2025,CONTENEDOR PISA,MASS2043,RODIILO DE HIELO FACIAL,200.00,$1.08,100,2,62,40.5,46,$0.116,$0.23,$63.53,$127.06,$0.64,$1.72,343.0566,,,,
550,Entregado,7/9/2025,9/1/2025,CONTENEDOR PISA,,"RELOJ INTELIGENTE P89 NEGRO (200NEGRO, 50 BLANCO, 50 DORADO)",310.00,$9.88,100,3.1,60,40,32,$0.077,$0.24,$42.24,$130.94,$0.42,$10.30,3193.744,,,,
550,Entregado,7/9/2025,9/1/2025,CONTENEDOR PISA,MASS2044,HUMIFICADOR LED TIPO FUEGO,140.00,$5.80,40,3.5,45,43.5,50.5,$0.099,$0.35,$54.37,$190.29,$1.36,$7.16,1002.293469,,,,
550,Entregado,7/9/2025,9/1/2025,CONTENEDOR PISA,MASS2045/MASS2046/MASS2047,"LAMPARA PARA MESA INTELIGENTE
(ORO50,PLATA50,BRONCE50)",150.00,$1.95,30,5,52,32,48,$0.080,$0.40,$43.93,$219.65,$1.46,$3.41,512.148,,,,
550,Entregado,7/9/2025,9/1/2025,CONTENEDOR PISA,MASS2048,LAMPARA DE LAVA,96.00,$5.50,24,4,60.2,40.8,28.3,$0.070,$0.28,$38.23,$152.92,$1.59,$7.09,680.9205216,,,,
550,Entregado,7/9/2025,9/1/2025,CONTENEDOR PISA,MASS2049/MASS2050/MASS2051,"MICROFONO KARAOKE
(NEGRO100,PLATA100,ROSA50)",250.00,$1.85,50,5,48,42,43,$0.087,$0.43,$47.68,$238.39,$0.95,$2.80,700.892,,,,
550,Entregado,7/9/2025,9/1/2025,CONTENEDOR PISA,MASS1099,TENSIOMETRO MANUAL,400.00,$3.68,50,8,56,39,38,$0.083,$0.66,$45.65,$365.16,$0.91,$4.59,1837.1648,,,,
550,Entregado,7/9/2025,9/1/2025,CONTENEDOR PISA,MASS2052/MASS2053/MASS2054/MASS2055,"CAMARA TIPO GOPRO
(NEGRO118,BLANCO40,40AZUL,40ROSADO)",238.00,$4.35,40,5.95,48,32,51,$0.078,$0.47,$43.08,$256.35,$1.08,$5.43,1291.65456,,,,
550,Entregado,7/9/2025,9/1/2025,CONTENEDOR PISA,MASS2056,"BOMBILLOS VINTAGE
5 meters 20 lights",200.00,$2.20,1,200,15,15,10,$0.002,$0.45,$1.24,$247.50,$1.24,$3.44,687.5,,,,
550,Entregado,7/9/2025,9/1/2025,CONTENEDOR PISA,,"HUMIFICADOR REDONDO
(36 PCS DE CADA COLOR)",108.00,$3.50,18,6,51.5,34.5,38,$0.068,$0.41,$37.13,$222.80,$2.06,$5.56,600.80445,,,,
550,Entregado,7/9/2025,9/1/2025,CONTENEDOR PISA,MASS2057,ESMERIL PORTATIL RECARGABLE,197.00,$8.00,1,197,24,20,20,$0.010,$1.89,$5.28,"$1,040.16",$5.28,$13.28,2616.16,,,,
550,Entregado,7/9/2025,9/1/2025,CONTENEDOR PISA,MASS2059/MASS2060,"RAZURADORA PARA DAMA
(99ROSADA 50AZUL)",149.00,$5.50,50,2.98,41.5,36,31.5,$0.047,$0.14,$25.88,$77.13,$0.52,$6.02,896.632979,,,,
550,Entregado,7/9/2025,9/1/2025,CONTENEDOR PISA,MASS2061/MASS2062,"MAQUINA PARA USO INTIMO CABALLERO
(NEGRA80 BLANCO80)",160.00,$3.80,80,2,67,38,38,$0.097,$0.19,$53.21,$106.42,$0.67,$4.47,714.4228,,,,
550,Entregado,7/9/2025,9/1/2025,CONTENEDOR PISA,MASS2063,IMPRESORA PORTATIL,120.00,$6.40,60,2,42,28,37,$0.044,$0.09,$23.93,$47.86,$0.40,$6.80,815.8632,,,,
550,Entregado,7/9/2025,9/1/2025,CONTENEDOR PISA,MASS2065,Vacumterapia Manual Recargable Terapia Vacio Anticelulitis Color Rojo,120.00,$3.80,40,3,56,46,37,$0.095,$0.29,$52.42,$157.26,$1.31,$5.11,613.2648,,,,
550,Entregado,7/9/2025,9/1/2025,CONTENEDOR PISA,MASS1787,Consola Gamestick Lite Inalámbrica 64gb Retro 4k Hdmi,240.00,$8.00,40,6,49.2,36.6,54.7,$0.098,$0.59,$54.17,$325.05,$1.35,$9.35,2245.047967,,,,
550,Entregado,7/9/2025,9/1/2025,CONTENEDOR PISA,MASS2066,Corrector De Postura Ajustable Espalda,299.00,$1.40,100,2.99,61,39,44,$0.105,$0.31,$57.57,$172.14,$0.58,$1.98,590.739682,,,,
550,Entregado,7/9/2025,9/1/2025,CONTENEDOR PISA,MASS2068,"MASAJEADOR REDUCTOR DE CELULITIS, VENTOSA Y CALOR INFRARROJO",150.00,$5.65,1,150,23,13,10,$0.003,$0.45,$1.64,$246.68,$1.64,$7.29,1094.175,,,,
550,Entregado,7/9/2025,9/1/2025,CONTENEDOR PISA,MASS2069,SLIMMING TEA,276.00,$1.00,1,276,11.5,5,15,$0.001,$0.24,$0.47,$130.93,$0.47,$1.47,406.9275,,,,
550,Entregado,7/9/2025,9/1/2025,CONTENEDOR PISA,MASS1266,SELLADORA AL VACIO ELEGANTE,160.00,$10.50,20,8,55,39,32,$0.069,$0.55,$37.75,$302.02,$1.89,$12.39,1982.016,,,,
550,Entregado,7/7/2025,,CONTENEDOR SEPTIEMBRE MILAN,MASS1010 ROSADA,"DEPILADORA LASER 999999 FLASHES (72NEGRA,36BLANCA,36ROSADA)",,,,,,,,,,,,,,,,,,
550,Entregado,7/7/2025,,CONTENEDOR SEPTIEMBRE MILAN,MASS0927,SET DE ESENCIA 6 PCS,500.00,$1.16,60,8.333333333,33,33,25,$0.027,$0.23,$14.97,$124.78,$0.25,$1.41,704.78125,,,,
550,Entregado,7/7/2025,,CONTENEDOR SEPTIEMBRE MILAN,MASS0158,CONTROL PLAYSTATION 3 NEGRO,250.00,$3.35,,,,,,,,,,,,,,,,
550,Entregado,7/7/2025,,CONTENEDOR SEPTIEMBRE MILAN,MASS1377,HIDROYET RECARGABLE 48VF (Con maleta y boquilla),250.00,$8.50,10,25,77,25.5,49,$0.096,$2.41,$52.92,"$1,322.91",$5.29,$13.79,3447.908125,,,,
550,Entregado,7/7/2025,,CONTENEDOR SEPTIEMBRE MILAN,MASS1787,CONSOLA NINTENDO RETRO INALAMBRICO M8 64GB +1000 JUEGOS,280.00,$8.65,40,7,62,34.5,42.5,$0.091,$0.64,$50.00,$349.99,$1.25,$9.90,2771.993875,,,,
550,Entregado,7/7/2025,,CONTENEDOR SEPTIEMBRE MILAN,MASS1517,MINI PROYECTOR VIDEO BEAM,60.00,$9.80,20,3,,,,,,,,,,,,,,
550,Entregado,7/7/2025,,CONTENEDOR SEPTIEMBRE MILAN,MASS1819,RELOJ INTELIGENTE SMARTWATCH S100,400.00,$4.75,100,4,59.5,43.5,28.5,$0.074,$0.30,$40.57,$162.28,$0.41,$5.16,2062.283275,,,,
550,Entregado,7/7/2025,,CONTENEDOR SEPTIEMBRE MILAN,MASS0180,"CORNETA JBL TG113 AZUL (200 NEGRAS, 100 AZUL, 50 GRIS, 50 ROJA,50NARANJA)",,,,,,,,,,,,,,,,,,
550,Entregado,7/7/2025,,CONTENEDOR SEPTIEMBRE MILAN,MASS0182,"CORNETA JBL TG113 NEGRA (200 NEGRAS, 100 AZUL, 50 GRIS, 50 ROJA,50NARANJA)",450.00,$1.90,50,9,42.5,35.5,46,$0.069,$0.62,$38.17,$343.54,$0.76,$2.66,1198.542375,,,,
550,Entregado,7/7/2025,,CONTENEDOR SEPTIEMBRE MILAN,MASS0183,"CORNETA JBL TG113 GRIS (200 NEGRAS, 100 AZUL, 50 GRIS, 50 ROJA,50NARANJA)",,,,,,,,,,,,,,,,,,
550,Entregado,7/7/2025,,CONTENEDOR SEPTIEMBRE MILAN,MASS0181,"CORNETA JBL TG113 ROJA (200 NEGRAS, 100 AZUL, 50 GRIS, 50 ROJA,50NARANJA)",,,,,,,,,,,,,,,,,,
550,Entregado,7/7/2025,,CONTENEDOR SEPTIEMBRE MILAN,MASS1225,"CORNETA JBL TG113 NARANJA (200 NEGRAS, 100 AZUL, 50 GRIS, 50 ROJA,50NARANJA)",,,,,,,,,,,,,,,,,,
550,Entregado,7/7/2025,,CONTENEDOR SEPTIEMBRE MILAN,MASS1009 NEGRA,"DEPILADORA LASER 999999 FLASHES (72NEGRA,36BLANCA,36ROSADA)",145.00,$9.00,24,6.041666667,47.5,46.5,35,$0.077,$0.47,$42.52,$256.88,$1.77,$10.77,1561.882227,,,,
550,Entregado,7/7/2025,,CONTENEDOR SEPTIEMBRE MILAN,MASS1820,RELOJ INTELIGENTE SMARTWATCH H92 UlTRA 3,306.00,$8.20,34,9,65,45,33,$0.097,$0.87,$53.09,$477.80,$1.56,$9.76,2986.99875,,,,
550,Entregado,7/7/2025,,CONTENEDOR SEPTIEMBRE MILAN,MASS0234 Gris,"HUMIFICADOR H20 GRIS (175GRIS,75BLANCO,50ROSADO)",300.00,$1.40,,,,,,,,,,,,,,,,
550,Entregado,7/7/2025,,CONTENEDOR SEPTIEMBRE MILAN,MASS1276,MAQUINA DE BOXEO BLUETOOH MUSICAL,49.00,$28.50,7,7,57.5,56,43,$0.138,$0.97,$76.15,$533.07,$10.88,$39.38,1929.571,,,,
550,Entregado,7/7/2025,,CONTENEDOR SEPTIEMBRE MILAN,MASS1286,MASCARILLAS PUNTOS NEGROS,360.00,$0.45,100,3.6,45,33,27,$0.040,$0.14,$22.05,$79.39,$0.22,$0.67,241.3881,,,,
550,Entregado,7/7/2025,,CONTENEDOR SEPTIEMBRE MILAN,MASS0236 Rosado,"HUMIFICADOR H20 ROSADO (175GRIS,75BLANCO,50ROSADO)",,,,,,,,,,,,,,,,,,
550,Entregado,7/7/2025,,CONTENEDOR SEPTIEMBRE MILAN,MASS0763 Blanco,"HUMIFICADOR DOMO RGB BLANCO (200BLANCO, 100 VERDE, 100 ROSADO)",395.00,$0.56,,,,,,,,,,,,,,,,
550,Entregado,7/7/2025,,CONTENEDOR SEPTIEMBRE MILAN,MASS0764 Rosado,"HUMIFICADOR DOMO RGB ROSADO (200BLANCO, 100 VERDE, 100 ROSADO)",,,,,,,,,,,,,,,,,,
550,Entregado,7/7/2025,,CONTENEDOR SEPTIEMBRE MILAN,MASS0239 Marron Claro,"Air humidifier 006 MARRON CLARO (100 MARRON OSCURO, 100 MARRON CLARO, 100 BLANCO)",,,,,,,,,,,,,,,,,,
550,Entregado,7/7/2025,,CONTENEDOR SEPTIEMBRE MILAN,MASS0238 Marron Oscuro,"Air humidifier 006 MARRON OSCURO (100 MARRON OSCURO, 100 MARRON CLARO, 100 BLANCO)",300.00,$1.60,,,,,,,,,,,,,,,,
550,Entregado,7/7/2025,,CONTENEDOR SEPTIEMBRE MILAN,MASS0237 Blanco,"Air humidifier 006 BLANCO (100 MARRON OSCURO, 100 MARRON CLARO, 100 BLANCO)",,,,,,,,,,,,,,,,,,
550,Entregado,7/7/2025,,CONTENEDOR SEPTIEMBRE MILAN,MASS0823 Marron Oscuro,"Air humidifier 036 MARRON OSCURO (150 MARRON OSCURO, 100 MARRON CLARO,50 BLANCO)",300.00,$1.50,,,,,,,,,,,,,,,,
550,Entregado,7/7/2025,,CONTENEDOR SEPTIEMBRE MILAN,MASS0822 Marron Claro,"Air humidifier 036 MARRON CLARO (150 MARRON OSCURO, 100 MARRON CLARO,50 BLANCO)",,,,,,,,,,,,,,,,,,
550,Entregado,7/7/2025,,CONTENEDOR SEPTIEMBRE MILAN,MASS0821 Blanco,"Air humidifier 036 BLANCO (150 MARRON OSCURO, 100 MARRON CLARO,50 BLANCO)",,,,,,,,,,,,,,,,,,
550,Entregado,7/7/2025,,CONTENEDOR SEPTIEMBRE MILAN,MASS1821,AUDIFONO GQ-11 PLATEADO,400.00,$3.08,100,4,50,25,53,$0.066,$0.27,$36.44,$145.75,$0.36,$3.44,1377.75,,,,
550,Entregado,7/7/2025,,CONTENEDOR SEPTIEMBRE MILAN,MASS1825,RELOJ INTELIGENTE P89 DORADO,,,,,,,,,,,,,,,,,,
550,Entregado,7/7/2025,,CONTENEDOR SEPTIEMBRE MILAN,MASS1315,AUDIFONO INALAMBRICO RECARGABLE M90 PRO,400.00,$1.75,100,4,53,40,24,$0.051,$0.20,$27.98,$111.94,$0.28,$2.03,811.936,,,,
550,Entregado,7/7/2025,,CONTENEDOR SEPTIEMBRE MILAN,MASS1824,RELOJ INTELIGENTE P89 BLANCO,,,,,,,,,,,,,,,,,,
550,Entregado,7/7/2025,,CONTENEDOR SEPTIEMBRE MILAN,MASS1551,MAQUINA DE SOLDAR,60.00,$28.00,6,10,54,28,58.5,$0.088,$0.88,$48.65,$486.49,$8.11,$36.11,2166.486,,,,
550,Entregado,7/7/2025,,CONTENEDOR SEPTIEMBRE MILAN,MASS0006 BLANCO,"AUDIFONO INALAMBRICO I7 TWS (300 BLANCO, 100 NEGRO)",400.00,$1.45,100,4,49.5,36.7,20.5,$0.037,$0.15,$20.48,$81.93,$0.20,$1.65,661.930915,,,,
550,Entregado,7/7/2025,,CONTENEDOR SEPTIEMBRE MILAN,MASS1458 NEGRO,"AUDIFONO INALAMBRICO I7 TWS (300 BLANCO, 100 NEGRO)",,,,,,,,,,,,,,,,,,
550,Entregado,7/7/2025,,CONTENEDOR SEPTIEMBRE MILAN,MASS0518,STUD100,900.00,$0.88,300,3,,,,,,,,,,,,,,
550,Entregado,7/7/2025,,CONTENEDOR SEPTIEMBRE MILAN,MASS1826,"PROTECTOR DRENAJE DE SILICONA PARA DUCHA GRIS (200 GRIS, 200 BLANCO)",402.00,$0.15,100,4.02,15,15,22,$0.005,$0.02,$2.72,$10.94,$0.03,$0.18,71.24445,,,,
550,Entregado,7/7/2025,,CONTENEDOR SEPTIEMBRE MILAN,MASS0607,VIBRADOR MIGNON MARCA LEVETT CON APP REMOTO,192.00,$9.50,96,2,35,30,52,$0.055,$0.11,$30.03,$60.06,$0.31,$9.81,1884.06,,,,
550,Entregado,7/7/2025,,CONTENEDOR SEPTIEMBRE MILAN,MASS1827,"PROTECTOR DRENAJE DE SILICONA PARA DUCHA BLANCA (200 GRIS, 200 BLANCO)",,,,,,,,,,,,,,,,,,
550,Entregado,7/7/2025,,CONTENEDOR SEPTIEMBRE MILAN,MASS0615,"VIBRADOR RECARGABLE 30 VELOCIDADES YCYY3001U ROSADO (200 MORADO, 200 FUCSIA)",400.00,$2.60,100,4,40,27,33,$0.036,$0.14,$19.60,$78.41,$0.20,$2.80,1118.408,,,,
550,Entregado,7/7/2025,,CONTENEDOR SEPTIEMBRE MILAN,MASS0616,"VIBRADOR RECARGABLE 30 VELOCIDADES YCYY3001U MORADO (200 MORADO, 200 FUCSIA)",,,,,,,,,,,,,,,,,,
550,Entregado,7/7/2025,,CONTENEDOR SEPTIEMBRE MILAN,MASS1823,"RELOJ INTELIGENTE P89 NEGRO (200NEGRO, 50 BLANCO, 50 DORADO)",300.00,$10.00,100,3,60,40,32,$0.077,$0.23,$42.24,$126.72,$0.42,$10.42,3126.72,,,,
550,Entregado,7/7/2025,,CONTENEDOR SEPTIEMBRE MILAN,MASS0292 Negro,PISTOLA MASAJEADORA RECARGABLE SY-720 (NEGRO 280/ GRIS 40 / ROJO 40/ VERDE 40),479.00,$3.60,20,23.95,44,34.1,43,$0.065,$1.55,$35.48,$849.85,$1.77,$5.37,2574.252817,,,,
550,Entregado,7/7/2025,,CONTENEDOR SEPTIEMBRE MILAN,MASS0850,VIBRADOR POR APLICACION REMOTO YPM,297.00,$4.50,100,2.97,58,46,22,$0.059,$0.17,$32.28,$95.88,$0.32,$4.82,1432.379916,,,,
550,Entregado,7/7/2025,,CONTENEDOR SEPTIEMBRE MILAN,MASS1041,LIMPIADOR A VAPOR 900W 10 PCS,64.00,$11.00,8,8,46,46,49,$0.104,$0.83,$57.03,$456.21,$7.13,$18.13,1160.2096,,,,
550,Entregado,7/7/2025,,CONTENEDOR SEPTIEMBRE MILAN,MASS0765 Verde,"HUMIFICADOR DOMO RGB VERDE (200BLANCO, 100 VERDE, 100 ROSADO)",,,,,,,,,,,,,,,,,,
550,Entregado,7/7/2025,,CONTENEDOR SEPTIEMBRE MILAN,MASS0040,AUDIFONO INALAMBRICO F9,498.00,$1.50,100,4.98,,,,,,,,,,,,,,
550,Entregado,7/7/2025,,CONTENEDOR SEPTIEMBRE MILAN,MASS0942,AIRPODS PRO 2,100.00,$4.70,200,0.5,49.5,36.7,40.5,$0.074,$0.04,$40.47,$20.23,$0.20,$4.90,490.2329394,,,,
550,Entregado,7/7/2025,,CONTENEDOR SEPTIEMBRE MILAN,MASS0235 Blanco,"HUMIFICADOR H20 BLANCO (175GRIS,75BLANCO,50ROSADO)",,,,,,,,,,,,,,,,,,
550,Entregado,7/7/2025,,CONTENEDOR SEPTIEMBRE MILAN,MASS1328,PISO VINIL HHYM3018,60.00,$11.20,,,,,,,,,,,,,,,,
550,Entregado,7/7/2025,,CONTENEDOR SEPTIEMBRE MILAN,MASS1324,PISO VINIL HHYM3039,150.00,$11.20,,,,,,,,,,,,,,,,
550,Entregado,7/7/2025,,CONTENEDOR SEPTIEMBRE MILAN,MASS1011 BLANCA,"DEPILADORA LASER 999999 FLASHES (72NEGRA,36BLANCA,36ROSADA)",,,,,,,,,,,,,,,,,,
550,Entregado,7/7/2025,,CONTENEDOR SEPTIEMBRE MILAN,MASS1402,PISO VINIL HHYM3013,150.00,$11.20,,,,,,,,,,,,,,,,
550,Entregado,7/7/2025,,CONTENEDOR SEPTIEMBRE MILAN,MASS1410,WALL PANEL YC101,0.00,$2.35,14,0,,,,,,,,,,,,,,
550,Entregado,7/7/2025,,CONTENEDOR SEPTIEMBRE MILAN,MASS1409,WALL PANEL AZUL,0.00,$2.35,14,0,,,,,,,,,,,,,,
550,Entregado,7/7/2025,,CONTENEDOR SEPTIEMBRE MILAN,MASS1831,WALL PANEL PASTEL PURPPLE,140.00,$2.35,14,10,,,,,,,,,,,,,,
550,Entregado,7/7/2025,,CONTENEDOR SEPTIEMBRE MILAN,MASS1777,WALL PANEL HYYC045 GRIS OSCURO,0.00,$2.35,14,0,,,,,,,,,,,,,,
550,Entregado,7/7/2025,,CONTENEDOR SEPTIEMBRE MILAN,MASS1832,WALL PANEL PASTEL BLUE,140.00,$2.35,14,10,,,,,,,,,,,,,,
550,Entregado,7/7/2025,,CONTENEDOR SEPTIEMBRE MILAN,MASS1833,WALL PANEL PASTEL GREEN,140.00,$2.35,14,10,,,,,,,,,,,,,,
550,Entregado,7/7/2025,,CONTENEDOR SEPTIEMBRE MILAN,MASS1834,WALL PANEL PASTEL ROSE,140.00,$2.35,14,10,,,,,,,,,,,,,,
550,Entregado,7/7/2025,,CONTENEDOR SEPTIEMBRE MILAN,MASS1058,MARCADOR DOBLE PUNTA 24 PCS TOUCH,400.00,$1.02,50,8,51.5,34.5,36,$0.064,$0.51,$35.18,$281.44,$0.70,$1.72,689.4372,,,,
550,Entregado,7/7/2025,,CONTENEDOR SEPTIEMBRE MILAN,MASS1815,"RELOJ INTELIGENTE SMARTWATCH T900 ULTRA NEGRO (400 NEGRO, 100 GRIS, 100 NARANJA)",598.00,$2.70,100,5.98,35,28,45,$0.044,$0.26,$24.26,$145.04,$0.24,$2.94,1759.6449,,,,
550,Entregado,7/7/2025,,CONTENEDOR SEPTIEMBRE MILAN,MASS1061,MARCADOR DOBLE PUNTA 60 PCS TOUCH,800.00,$2.42,20,40,51.5,34.5,36,$0.064,$2.56,$35.18,"$1,407.19",$1.76,$4.18,3343.186,,,,
550,Entregado,7/7/2025,,CONTENEDOR SEPTIEMBRE MILAN,MASS1822,AUDIFONO GQ-09 NEGRO,400.00,$2.60,100,4,50,25,53,$0.066,$0.27,$36.44,$145.75,$0.36,$2.96,1185.75,,,,
550,Entregado,7/7/2025,,CONTENEDOR SEPTIEMBRE MILAN,MASS0167,CONTROL PLAYSTATION 4 NEGRO,400.00,$6.50,,,,,,,,,,,,,,,,
550,Entregado,7/7/2025,,CONTENEDOR SEPTIEMBRE MILAN,MASS0137,CEPILLO SECADOR,585.00,$3.00,45,13,,,,,,,,,,,,,,
550,Entregado,7/7/2025,,CONTENEDOR SEPTIEMBRE MILAN,MASS1816,"RELOJ INTELIGENTE SMARTWATCH T900 ULTRA NARANJA (400 NEGRO, 100 GRIS, 100 NARANJA)",,,,,,,,,,,,,,,,,,
550,Entregado,7/7/2025,,CONTENEDOR SEPTIEMBRE MILAN,MASS1817,"RELOJ INTELIGENTE SMARTWATCH T900 ULTRA GRIS (400 NEGRO, 100 GRIS, 100 NARANJA)",,,,,,,,,,,,,,,,,,
550,Entregado,7/7/2025,,CONTENEDOR SEPTIEMBRE MILAN,MASS0422 Negro,"RELOJ D20S (600 NEGRO, 200 BLANCO, 200 ROSADO)","1,000.00",$1.40,100,10,32,49,43,$0.067,$0.67,$37.08,$370.83,$0.37,$1.77,1770.832,,,,
550,Entregado,7/7/2025,,CONTENEDOR SEPTIEMBRE MILAN,MASS0427 Blanco,"RELOJ D20S (600 NEGRO, 200 BLANCO, 200 ROSADO)",,,,,,,,,,,,,,,,,,
550,Entregado,7/7/2025,,CONTENEDOR SEPTIEMBRE MILAN,MASS0423 Rosado,"RELOJ D20S (600 NEGRO, 200 BLANCO, 200 ROSADO)",,,,,,,,,,,,,,,,,,
550,Entregado,7/7/2025,,CONTENEDOR SEPTIEMBRE MILAN,MASS0753 ROJO,"RELOJ FD68 (400 NEGRO, 150 ROJO, 150 AZUL)",,,,,,,,,,,,,,,,,,
550,Entregado,7/7/2025,,CONTENEDOR SEPTIEMBRE MILAN,MASS0752 NEGRO,"RELOJ FD68 (400 NEGRO, 150 ROJO, 150 VERDE)",700.00,$1.60,100,7,43,33,27,$0.038,$0.27,$21.07,$147.51,$0.21,$1.81,1267.50505,,,,
550,Entregado,7/7/2025,,CONTENEDOR SEPTIEMBRE MILAN,MASS0754 VERDE,"RELOJ FD68 (400 NEGRO, 150 ROJO, 150 AZUL)",,,,,,,,,,,,,,,,,,
550,Entregado,7/7/2025,,CONTENEDOR SEPTIEMBRE MILAN,MASS1818,RELOJ INTELIGENTE S9 (3 CORREAS INCLUIDAS),597.00,$3.25,50,11.94,55,30,22.6,$0.037,$0.45,$20.51,$244.88,$0.41,$3.66,2185.13343,,,,
500,Entregado,4/12/2025,,CONTENEDOR FEBRERO,,MAQUINA PARA AFEITAR PERRO,120.00,$3.14,40,3,58.5,45,34.5,$0.091,$0.27,$45.41,$136.23,$1.14,$4.28,513.031875,,,,
500,Entregado,4/12/2025,,CONTENEDOR FEBRERO,,CEPILLO SECADOR,450.00,$3.00,30,15,58.5,39,57,$0.130,$1.95,$65.02,$975.34,$2.17,$5.17,2325.34125,,,,
500,Entregado,4/12/2025,,CONTENEDOR FEBRERO,,PISTOLA BALAS DE GEL RECARGABLE,280.00,$5.80,28,10,55,49,32,$0.086,$0.86,$43.12,$431.20,$1.54,$7.34,2055.2,,,,
500,Entregado,4/12/2025,,CONTENEDOR FEBRERO,,CONVERTIDOR HDMI A VGA CON AUDIO,300.00,$0.90,300,1,50,38,38,$0.072,$0.07,$36.10,$36.10,$0.12,$1.02,306.1,,,,
500,Entregado,4/12/2025,,CONTENEDOR FEBRERO,,ADAPTADOR TRANSFORMADOR 12V 1AMP,300.00,$0.60,300,1,55,40,42,$0.092,$0.09,$46.20,$46.20,$0.15,$0.75,226.2,,,,
500,Entregado,4/12/2025,,CONTENEDOR FEBRERO,,CARGADOR DE LAPTOP UNIVERSAL,400.00,$2.60,100,4,53,31.5,47.5,$0.079,$0.32,$39.65,$158.60,$0.40,$3.00,1198.6025,,,,
500,Entregado,4/12/2025,,CONTENEDOR FEBRERO,,CORTINAS BLACK OUT 132 X 214 CM,300.00,$4.05,20,15,38,27,25,$0.026,$0.38,$12.83,$192.38,$0.64,$4.69,1407.375,,,,
500,Entregado,4/12/2025,,CONTENEDOR FEBRERO,,AISLANTE PROTECTOR DE GOMA PARA PUERTA,500.00,$0.30,125,4,70,50,60,$0.210,$0.84,$105.00,$420.00,$0.84,$1.14,570,,,,
500,Entregado,4/12/2025,,CONTENEDOR FEBRERO,,DESTORNILLADOR DE PRESICION,240.00,$2.55,40,6,24,40,59,$0.057,$0.34,$28.32,$169.92,$0.71,$3.26,781.92,,,,
500,Entregado,4/12/2025,,CONTENEDOR FEBRERO,,TIRRO PERSONALIZADO 100 MTS X 5CM IMPRESION 2 COLORES,783.00,$0.58,72,10.875,47.5,36,31.5,$0.054,$0.59,$26.93,$292.89,$0.37,$0.95,747.0309375,,,,
500,Entregado,4/12/2025,,CONTENEDOR FEBRERO,,BOLAS PERZONALIZADA MASSHOPPING,"3,000.00",$0.30,500,6,48,48,54,$0.124,$0.75,$62.21,$373.25,$0.12,$0.42,1273.248,,,,
500,Entregado,4/12/2025,,CONTENEDOR FEBRERO,,BALANZA COCINA ELEGANTE RECARGABLE,240.00,$3.00,40,6,46,35,39,$0.063,$0.38,$31.40,$188.37,$0.78,$3.78,908.37,,,,
500,Entregado,4/12/2025,,CONTENEDOR FEBRERO,,LÁMPARA ESTRELLA,144.00,$1.80,48,3,53,53,45,$0.126,$0.38,$63.20,$189.61,$1.32,$3.12,448.8075,,,,
500,Entregado,4/12/2025,,CONTENEDOR FEBRERO,,Reloj d18s,400.00,$1.68,400,1,48,49,24,$0.056,$0.06,$28.22,$28.22,$0.07,$1.75,700.224,,,,
500,Entregado,4/12/2025,,CONTENEDOR FEBRERO,,KIT DE MANICURISTA,300.00,$2.54,100,3,25,35,45,$0.039,$0.12,$19.69,$59.06,$0.20,$2.74,821.0625,,,,
500,Entregado,4/12/2025,,CONTENEDOR FEBRERO,,MAQUINA DE AFEITAR T9,"1,000.00",$0.90,100,10,47,40,37,$0.070,$0.70,$34.78,$347.80,$0.35,$1.25,1247.8,,,,
500,Entregado,4/12/2025,,CONTENEDOR FEBRERO,,CONTROL AIR ACONDICIONADO UNIVERSAL,300.00,$0.80,300,1,68,52,52,$0.184,$0.18,$91.94,$91.94,$0.31,$1.11,331.936,,,,
500,Entregado,4/12/2025,,CONTENEDOR FEBRERO,,REMOVEDOR DE CALLOR RECARGABLE,200.00,$1.85,100,2,53.5,36.5,51.5,$0.101,$0.20,$50.28,$100.57,$0.50,$2.35,470.566625,,,,
500,Entregado,4/12/2025,,CONTENEDOR FEBRERO,,RODILLERA,400.00,$0.69,400,1,60,34,57,$0.116,$0.12,$58.14,$58.14,$0.15,$0.84,334.14,,,,
500,Entregado,4/12/2025,,CONTENEDOR FEBRERO,,TOBILLERA AJUSTABLE,400.00,$0.64,400,1,42,36,30,$0.045,$0.05,$22.68,$22.68,$0.06,$0.70,278.68,,,,
500,Entregado,4/12/2025,,CONTENEDOR FEBRERO,,VIBRADOR SUPER MUTE RECARGABLE,400.00,$2.25,160,2.5,30,44,55,$0.073,$0.18,$36.30,$90.75,$0.23,$2.48,990.75,,,,
500,Entregado,4/12/2025,,CONTENEDOR FEBRERO,,MULTIHERRAMIENTA,150.00,$1.04,50,3,70,37,32,$0.083,$0.25,$41.44,$124.32,$0.83,$1.87,280.32,,,,
500,Entregado,4/12/2025,,CONTENEDOR FEBRERO,,MOLDE PARA HACER HAMBURGUESA,192.00,$1.05,96,2,49,39,39,$0.075,$0.15,$37.26,$74.53,$0.39,$1.44,276.129,,,,
500,Entregado,4/12/2025,,CONTENEDOR FEBRERO,,LAMPARA RESTAURANTES TOUCH,225.00,$3.30,25,9,44,44,39,$0.076,$0.68,$37.75,$339.77,$1.51,$4.81,1082.268,,,,
500,Entregado,4/12/2025,,CONTENEDOR FEBRERO,,ORGANIZADOR DE LIMPIEZA,210.00,$1.85,30,7,54,43,35.5,$0.082,$0.58,$41.22,$288.51,$1.37,$3.22,677.0085,,,,
500,Entregado,4/12/2025,,CONTENEDOR FEBRERO,,SENSOR AUTOMATICO DE PUERTA TENSION 500G,200.00,$1.05,200,1,50,43,20,$0.043,$0.04,$21.50,$21.50,$0.11,$1.16,231.5,,,,
500,Entregado,4/12/2025,,CONTENEDOR FEBRERO,,CUERDA DE SALTAR,600.00,$0.60,100,6,60,34,34,$0.069,$0.42,$34.68,$208.08,$0.35,$0.95,568.08,,,,
500,Entregado,4/12/2025,,CONTENEDOR FEBRERO,,DESTORNILLADORES DE PRESICION 8 EN 1,200.00,$3.60,60,3.333333333,20,20.5,33.5,$0.014,$0.05,$6.87,$22.89,$0.11,$3.71,742.8916667,,,,
500,Entregado,4/12/2025,,CONTENEDOR FEBRERO,,ORGANIZADOR DE BANO,180.00,$3.28,30,6,86,74.5,54,$0.346,$2.08,$172.99,"$1,037.93",$5.77,$9.05,1628.334,,,,
500,Entregado,4/12/2025,,CONTENEDOR FEBRERO,,SOPLADORA MANUAL CARBON,300.00,$0.65,50,6,60,28,45,$0.076,$0.45,$37.80,$226.80,$0.76,$1.41,421.8,,,,
500,Entregado,4/12/2025,,CONTENEDOR FEBRERO,,PISTOLA DE AGUA,264.00,$4.98,24,11,80,43,46,$0.158,$1.74,$79.12,$870.32,$3.30,$8.28,2185.04,,,,
500,Entregado,4/12/2025,,CONTENEDOR FEBRERO,,DRONE,144.00,$7.80,36,4,27,66,53,$0.094,$0.38,$47.22,$188.89,$1.31,$9.11,1312.092,,,,
500,Entregado,4/12/2025,,CONTENEDOR FEBRERO,,MAQUINA KEMEI 4 EN 1 KM-032,420.00,$3.50,60,7,49,38,32,$0.060,$0.42,$29.79,$208.54,$0.50,$4.00,1678.544,,,,
500,Entregado,4/12/2025,,CONTENEDOR FEBRERO,,LIMPIADORA SECADOR DE VEGETABLES Y FRUTAS,144.00,$1.35,36,4,68,55,41,$0.153,$0.61,$76.67,$306.68,$2.13,$3.48,501.08,,,,
500,Entregado,4/12/2025,,CONTENEDOR FEBRERO,,MAQUINA KEMEI 4 EN 1 KM-6630,400.00,$3.80,100,4,71,42.5,42.5,$0.128,$0.51,$64.12,$256.49,$0.64,$4.44,1776.4875,,,,
500,Entregado,4/12/2025,,CONTENEDOR FEBRERO,,POLVO SMOKE,300.00,$0.70,100,3,53.5,45,32,$0.077,$0.23,$38.52,$115.56,$0.39,$1.09,325.56,,,,
500,Entregado,4/12/2025,,CONTENEDOR FEBRERO,,ADAPTADOR TRANSFORMADOR 12V 2AMP,200.00,$0.78,200,1,50,40,42,$0.084,$0.08,$42.00,$42.00,$0.21,$0.99,198,,,,
500,Entregado,4/12/2025,,CONTENEDOR FEBRERO,,BATIDORA RECARGABLE,200.00,$3.55,80,2.5,55,45,36,$0.089,$0.22,$44.55,$111.38,$0.56,$4.11,821.375,,,,
500,Entregado,4/12/2025,,CONTENEDOR FEBRERO,,MONEDA BITCOINS,400.00,$0.18,400,1,20,29,17,$0.010,$0.01,$4.93,$4.93,$0.01,$0.19,76.93,,,,
500,Entregado,4/12/2025,,CONTENEDOR FEBRERO,,"PENDULO BALANCE BALL 9 X 7,5CM",288.00,$0.85,288,1,36,51,38,$0.070,$0.07,$34.88,$34.88,$0.12,$0.97,279.684,,,,
500,Entregado,4/12/2025,,CONTENEDOR FEBRERO,,ZAPATERA,160.00,$1.00,40,4,52,39.5,40.5,$0.083,$0.33,$41.59,$166.37,$1.04,$2.04,326.374,,,,
500,Entregado,4/12/2025,,CONTENEDOR FEBRERO,,PISTOLA DE BURBUJA,504.00,$1.40,72,7,42,88,72,$0.266,$1.86,$133.06,$931.39,$1.85,$3.25,1636.992,,,,
500,Entregado,4/12/2025,,CONTENEDOR FEBRERO,,JUEGO POP IT,360.00,$1.75,120,3,55,33.5,85,$0.157,$0.47,$78.31,$234.92,$0.65,$2.40,864.91875,,,,
500,Entregado,4/12/2025,,CONTENEDOR FEBRERO,,BASE PARA ROUTER 33 x 14 CM,180.00,$1.08,60,3,57,36,68.5,$0.141,$0.42,$70.28,$210.84,$1.17,$2.25,405.243,,,,
500,Entregado,4/12/2025,,CONTENEDOR FEBRERO,,LAMPARA DE PLASMA SENSIBLE AL TACTO 5INCH,96.00,$5.58,24,4,61,45,54,$0.148,$0.59,$74.12,$296.46,$3.09,$8.67,832.14,,,,
500,Entregado,4/12/2025,,CONTENEDOR FEBRERO,,LAMPARA DE LUNA 10cm,256.00,$2.50,100,2.56,62,50,60,$0.186,$0.48,$93.00,$238.08,$0.93,$3.43,878.08,,,,
500,Entregado,4/12/2025,,CONTENEDOR FEBRERO,,BALANZA DE 0.01 A 500GR,300.00,$1.90,100,3,51,29,31,$0.046,$0.14,$22.92,$68.77,$0.23,$2.13,638.7735,,,,
500,Entregado,4/12/2025,,CONTENEDOR FEBRERO,,MINI PICADOR ELECTRICO DE VERDURA 4 EN 1 USB,200.00,$2.25,50,4,64.5,40,56.5,$0.146,$0.58,$72.89,$291.54,$1.46,$3.71,741.54,,,,
500,Entregado,4/12/2025,,CONTENEDOR FEBRERO,,AMOLADOR DE CUCHILLO,288.00,$0.45,144,2,57,46,54,$0.142,$0.28,$70.79,$141.59,$0.49,$0.94,271.188,,,,
550,Entregado,1/12/2025,,CONTENEDOR DICIEMBRE ROMA,MASS1950,Juego de barajas 50 Positions Of Bondage,50.00,$1.50,50,1,20,22,20,$0.009,$0.01,$4.84,$4.84,$0.10,$1.60,79.84,,,,
550,Entregado,1/12/2025,,CONTENEDOR DICIEMBRE ROMA,MASS1951,Plug Anal Adventures Matrix By Blush® | Spiral Loop Copper,50.00,$8.00,50,1,30,30,30,$0.027,$0.03,$14.85,$14.85,$0.30,$8.30,414.85,,,,
550,Entregado,1/12/2025,,CONTENEDOR DICIEMBRE ROMA,MASS1953 MASS1954,"Tongue Licking Slap Vibrator Clitoris Stimulation Adult Sex Toys Female G Spot Orgasm Oral Sex Rose Dildo Vibrator(15ROSA,MORADO15)",30.00,$9.60,50,0.6,55.5,40,33,$0.073,$0.04,$40.29,$24.18,$0.81,$10.41,312.1758,,,,
550,Entregado,1/12/2025,,CONTENEDOR DICIEMBRE ROMA,MASS1956 MASS1957,"Bondage esclavo juego cuero azotes paletas (NEGRO30, ROJO20)",50.00,$1.08,50,1,5,25,10,$0.001,$0.00,$0.69,$0.69,$0.01,$1.09,54.6875,,,,
550,Entregado,1/12/2025,,CONTENEDOR DICIEMBRE ROMA,MASS1958,"masturbación de avión eléctrico de empuje, masturbación telescópica de mano",20.00,$8.50,20,1,38,22,36,$0.030,$0.03,$16.55,$16.55,$0.83,$9.33,186.5528,,,,
550,Entregado,1/12/2025,,CONTENEDOR DICIEMBRE ROMA,MASS1965,azote de cuero,80.00,$2.50,80,1,51,45,35,$0.080,$0.08,$44.18,$44.18,$0.55,$3.05,244.17875,,,,
550,Entregado,1/12/2025,,CONTENEDOR DICIEMBRE ROMA,,"Máscara sexy de cuero de PU, Antifaz de perro sexy (MORADO20,NEGRA20,GRIS20,CAMUFLAJE20,ROSA20)",100.00,$3.50,20,5,28,50,60,$0.084,$0.42,$46.20,$231.00,$2.31,$5.81,581,,,,
550,Entregado,1/12/2025,,CONTENEDOR DICIEMBRE ROMA,MASS1973,"Pene Realista Para Mujeres, Dildo De Silicona Con Prepucio Deslizante",50.00,$2.50,20,2.5,20,48,40,$0.038,$0.10,$21.12,$52.80,$1.06,$3.56,177.8,,,,
550,Entregado,1/12/2025,,CONTENEDOR DICIEMBRE ROMA,MASS1972,Pene Artificial Hermoso con Capa de Cuero Cabelludo que Puede Deslizarse,40.00,$10.20,30,1.333333333,59.5,23.5,48,$0.067,$0.09,$36.91,$49.22,$1.23,$11.43,457.2184,,,,
550,Entregado,1/12/2025,,CONTENEDOR DICIEMBRE ROMA,,"ANILLO JOY VIBRADOR RETARDANTE POTENTE LATEX XQRE036(100ROSA,100NEGRO,100morado)",300.00,$0.80,300,1,30,25,36,$0.027,$0.03,$14.85,$14.85,$0.05,$0.85,254.85,,,,
550,Entregado,1/12/2025,,CONTENEDOR DICIEMBRE ROMA,,BALA VIBRADORA CON FUNDA DRAGON LXB001 rosa50/rojo50/azul50/morado50,200.00,$0.95,100,2,28,42,39,$0.046,$0.09,$25.23,$50.45,$0.25,$1.20,240.4504,,,,
550,Entregado,1/12/2025,,CONTENEDOR DICIEMBRE ROMA,,BALA VIBRADORA GRANDE COLORES CZDV001 rosa40/azul40/rojo40/negro40/dorada40,200.00,$0.70,100,2,25,35,20,$0.018,$0.04,$9.63,$19.25,$0.10,$0.80,159.25,,,,
550,Entregado,1/12/2025,,CONTENEDOR DICIEMBRE ROMA,,CONSOLADOR REALISTICO DE GELATINA 9 PULGADAS(TRASPARENTE100),100.00,$3.20,40,2.5,21.8,37,56.6,$0.046,$0.11,$25.11,$62.77,$0.63,$3.83,382.773645,,,,
550,Entregado,1/12/2025,,CONTENEDOR DICIEMBRE ROMA,,KIT DE AMARRE DE CAMA CSBD001,30.00,$2.00,30,1,55,40,25,$0.055,$0.06,$30.25,$30.25,$1.01,$3.01,90.25,,,,
550,Entregado,1/12/2025,,CONTENEDOR DICIEMBRE ROMA,,LENGUA VIBRADORA ESTIMULADOR DE CLITORIS MJXCMS01,40.00,$4.50,40,1,20,50,15,$0.015,$0.02,$8.25,$8.25,$0.21,$4.71,188.25,,,,
550,Entregado,1/12/2025,,CONTENEDOR DICIEMBRE ROMA,,SATISFAYER RECARGABLE GM21901 (PIEL),100.00,$5.00,40,2.5,30,18,22,$0.012,$0.03,$6.53,$16.34,$0.16,$5.16,516.335,,,,
550,Entregado,1/12/2025,,CONTENEDOR DICIEMBRE ROMA,,"PANTIES VIBRADOR CON SUCCIONADOR XSAPPCD01 (ROSA20,MORADO20)",40.00,$7.20,40,1,25,25,20,$0.013,$0.01,$6.88,$6.88,$0.17,$7.37,294.875,,,,
550,Entregado,1/12/2025,,CONTENEDOR DICIEMBRE ROMA,,"PLUG ANAL SET 3 UNIDADES METALPLUGSET (ROSA50,MORADO48,TRASPARENTE50,AZUL50)",200.00,$3.03,50,4,36,34,20,$0.024,$0.10,$13.46,$53.86,$0.27,$3.30,659.856,,,,
550,Entregado,1/12/2025,,CONTENEDOR DICIEMBRE ROMA,,"VIBRADOR PUNTO G RABBIT 3 CABEZAS ARHVB029 (ROSA75,MORADO75)",150.00,$4.65,50,3,48,47,26,$0.059,$0.18,$32.26,$96.78,$0.65,$5.30,794.2824,,,,
550,Entregado,1/12/2025,,CONTENEDOR DICIEMBRE ROMA,,VIBRADOR RABBIT PUNTO G RABBITB001 rosa100/morado100/negro100,300.00,$1.50,100,3,26,26,48,$0.032,$0.10,$17.85,$53.54,$0.18,$1.68,503.5392,,,,
550,Entregado,1/12/2025,,CONTENEDOR DICIEMBRE ROMA,,SUCCIONADOR AGRANDA PENE PENIS PUMP 110828,250.00,$2.20,40,6.25,42,52,27,$0.059,$0.37,$32.43,$202.70,$0.81,$3.01,752.7025,,,,
550,Entregado,1/12/2025,,CONTENEDOR DICIEMBRE ROMA,,"VARITA MAGICA JOYPARK 20 VELOCIDADES 8 MODOS (ROSA50,MORADO50)",100.00,$2.95,50,2,22,42,40,$0.037,$0.07,$20.33,$40.66,$0.41,$3.36,335.656,,,,
550,Entregado,1/12/2025,,CONTENEDOR DICIEMBRE ROMA,,"VIBRADOR CONSOLADOR REALISTICO JELLY (ROSA201,MORADO200, PIEL200)",600.00,$1.25,150,4,54,40,30,$0.065,$0.26,$35.64,$142.56,$0.24,$1.49,892.56,,,,
550,Entregado,1/12/2025,,CONTENEDOR DICIEMBRE ROMA,,"CONSOLADOR DOBLE CABEZA WBDS001 (TRASPARENTE40, NEGRO40)",80.00,$0.60,150,0.5333333333,38,54,28,$0.057,$0.03,$31.60,$16.85,$0.21,$0.81,64.85376,,,,
550,Entregado,1/12/2025,,CONTENEDOR DICIEMBRE ROMA,,"VIBRADOR FEMALE CONEJO 12 FUNCIONES 45 GRADOS HQMP892 (rosa20,morado20)",40.00,$9.50,40,1,60,48,50,$0.144,$0.14,$79.20,$79.20,$1.98,$11.48,459.2,,,,
550,Entregado,1/12/2025,,CONTENEDOR DICIEMBRE ROMA,,VIBRADOR MASAJEADOR DE PROSTATA YCD190121,80.00,$2.15,40,2,55,60,20,$0.066,$0.13,$36.30,$72.60,$0.91,$3.06,244.6,,,,
550,Entregado,1/12/2025,,CONTENEDOR DICIEMBRE ROMA,,VIBRADOR REALISTICO CON BASE Y CONTROL QBTG62,200.00,$2.40,100,2,42,28,52,$0.061,$0.12,$33.63,$67.27,$0.34,$2.74,547.2672,,,,
550,Entregado,1/12/2025,,CONTENEDOR DICIEMBRE ROMA,,"VIBRADOR RECARGABLE 30 VELOCIDADES YCYY3001U (200rosa,197morado)",400.00,$2.60,100,4,40,27,33,$0.036,$0.14,$19.60,$78.41,$0.20,$2.80,1118.408,,,,
550,Entregado,1/12/2025,,CONTENEDOR DICIEMBRE ROMA,,ANILLO VIBRADOR RETARDANTE DOBLE RC007 rosados,300.00,$0.35,200,1.5,39,46,31,$0.056,$0.08,$30.59,$45.88,$0.15,$0.50,150.88155,,,,
550,Entregado,1/12/2025,,CONTENEDOR DICIEMBRE ROMA,,RABBIT PUNTO G 10 VELOCIDADES CON PUYAS YCA45010 (rosa120),120.00,$4.00,150,0.8,54,45,36,$0.087,$0.07,$48.11,$38.49,$0.32,$4.32,518.4912,,,,
550,Entregado,1/12/2025,,CONTENEDOR DICIEMBRE ROMA,,FORRO DE SILICON PARA PENE YMSK001,120.00,$0.60,120,1,40,35,36,$0.050,$0.05,$27.72,$27.72,$0.23,$0.83,99.72,,,,
550,Entregado,1/12/2025,,CONTENEDOR DICIEMBRE ROMA,,VIBRADOR RECARGABLE CON FACIL AGARRE ANA001,50.00,$2.98,100,0.5,50,33,30,$0.050,$0.02,$27.23,$13.61,$0.27,$3.25,162.6125,,,,
550,Entregado,1/12/2025,,CONTENEDOR DICIEMBRE ROMA,,"SET DE INICIADORES ANALES SETANAL001 ROSA20,NEGRO20",40.00,$0.65,40,1,30,31,27,$0.025,$0.03,$13.81,$13.81,$0.35,$1.00,39.8105,,,,
550,Entregado,1/12/2025,,CONTENEDOR DICIEMBRE ROMA,,PLUG ANAL CON COLA DE ZORRO ANALTAIL001(BLANCO30/negro30/rojo30/marrón30/blanco+negro30),150.00,$1.15,200,0.75,66,46,31,$0.094,$0.07,$51.76,$38.82,$0.26,$1.41,211.32285,,,,
550,Entregado,1/12/2025,,CONTENEDOR DICIEMBRE ROMA,,VARA SADOMASOQUISMO HLKB01,30.00,$2.80,50,0.6,50,50,30,$0.075,$0.05,$41.25,$24.75,$0.83,$3.63,108.75,,,,
550,Entregado,1/12/2025,,CONTENEDOR DICIEMBRE ROMA,,MAQUINA MASTURBADORA CON PENE BPJ01,20.00,$16.00,16,1.25,20,18,18,$0.006,$0.01,$3.56,$4.46,$0.22,$16.22,324.455,,,,
550,Entregado,1/12/2025,,CONTENEDOR DICIEMBRE ROMA,,VAGINA VIBRADOR CON BASE WLLAB01,50.00,$4.50,25,2,44,44,25,$0.048,$0.10,$26.62,$53.24,$1.06,$5.56,278.24,,,,
550,Entregado,1/12/2025,,CONTENEDOR DICIEMBRE ROMA,,"INICIADOR VIBRADOR ANAL DE SILICON YCVA001 (ROSA50,MORADO50)",100.00,$1.40,100,1,38,32,28,$0.034,$0.03,$18.73,$18.73,$0.19,$1.59,158.7264,,,,
550,Entregado,1/12/2025,,CONTENEDOR DICIEMBRE ROMA,,BROCHA CHINA,150.00,$1.60,250,0.6,33,52,33,$0.057,$0.03,$31.15,$18.69,$0.12,$1.72,258.68724,,,,
550,Entregado,1/12/2025,,CONTENEDOR DICIEMBRE ROMA,,LENCERIA,500.00,$0.60,250,2,45,52,30,$0.070,$0.14,$38.61,$77.22,$0.15,$0.75,377.22,,,,
550,Entregado,1/12/2025,,CONTENEDOR DICIEMBRE ROMA,,CONSOLADOR CORAZON VIDRIO CRISTAL GXNBL01 (CORAZON100),100.00,$2.20,60,1.666666667,26,25,42,$0.027,$0.05,$15.02,$25.03,$0.25,$2.45,245.025,,,,
550,Entregado,1/12/2025,,CONTENEDOR DICIEMBRE ROMA,,VIBRADOR PANTYS MANDO A DISTANCIA AXYPLM01,40.00,$4.35,40,1,18,35,20,$0.013,$0.01,$6.93,$6.93,$0.17,$4.52,180.93,,,,
550,Entregado,1/12/2025,,CONTENEDOR DICIEMBRE ROMA,,"ESPOSAS SEXUAL DE COLORES BDSM39 (NEGRA20,ROJO20)",40.00,$0.48,40,1,29,25,15,$0.011,$0.01,$5.98,$5.98,$0.15,$0.63,25.18125,,,,
550,Entregado,1/12/2025,,CONTENEDOR DICIEMBRE ROMA,,"MASCARA ANTIFAZ CONEJITA TNLMJ01 (NEGRO100,BLANCO100)",200.00,$0.50,200,1,42,70,35,$0.103,$0.10,$56.60,$56.60,$0.28,$0.78,156.595,,,,
550,Entregado,1/12/2025,,CONTENEDOR DICIEMBRE ROMA,,BALA COLORES PASTELES YCAS4301 morado40/rosa40/rojo40/azul40/negro40,200.00,$0.80,200,1,28,28,18,$0.014,$0.01,$7.76,$7.76,$0.04,$0.84,167.7616,,,,
550,Entregado,1/12/2025,,CONTENEDOR DICIEMBRE ROMA,,LUBRICANTE MULTIORGASMICO CLIMAX OLO 20 ML,200.00,$0.85,200,1,26,20,30,$0.016,$0.02,$8.58,$8.58,$0.04,$0.89,178.58,,,,
550,Entregado,1/12/2025,,CONTENEDOR DICIEMBRE ROMA,,ROSA VIBRADORA VAGINA SUCKER,50.00,$2.80,50,1,41,40,40,$0.066,$0.07,$36.08,$36.08,$0.72,$3.52,176.08,,,,
550,Entregado,1/12/2025,,CONTENEDOR DICIEMBRE ROMA,,"VIBRADOR NANA PARA CLITORIS 36 MODOS (ROSA20,MORADO20)",40.00,$3.50,130,0.3076923077,54,42.5,42.5,$0.098,$0.03,$53.65,$16.51,$0.41,$3.91,156.5063462,,,,
550,Entregado,1/12/2025,,CONTENEDOR DICIEMBRE ROMA,,EXTRACTOR DE PLANTA 10 ML ACEITE AGRANDA PENE,150.00,$0.65,432,0.3472222222,36,35,28,$0.035,$0.01,$19.40,$6.74,$0.04,$0.69,104.2375,,,,
550,Entregado,1/12/2025,,CONTENEDOR DICIEMBRE ROMA,,VAGINA RECARGABLE CON APP A DISTANCIA GLKHY01001,20.00,$12.00,20,1,21,35,50,$0.037,$0.04,$20.21,$20.21,$1.01,$13.01,260.2125,,,,
550,Entregado,1/12/2025,,CONTENEDOR DICIEMBRE ROMA,,"VIBRADOR ROTATIVO CABEZA DE CONEJO YCHA05004 (100ROSA,100MORADO)",200.00,$2.95,100,2,46,21,48,$0.046,$0.09,$25.50,$51.00,$0.26,$3.21,641.0048,,,,
550,Entregado,1/12/2025,,CONTENEDOR DICIEMBRE ROMA,,PANTIES VIBRADOR CON CONTROL REMOTO A DISTANCIA ASLCD001,100.00,$4.50,100,1,43,30,30,$0.039,$0.04,$21.29,$21.29,$0.21,$4.71,471.285,,,,
550,Entregado,1/12/2025,,CONTENEDOR DICIEMBRE ROMA,,LENGUA VIBRADORA NIPPLE RECARGABLE,30.00,$5.80,56,0.5357142857,45,36,47.5,$0.077,$0.04,$42.32,$22.67,$0.76,$6.56,196.6727679,,,,
550,Entregado,1/12/2025,,CONTENEDOR DICIEMBRE ROMA,,DUCHA ANAL ENEMA XGQSET01 (NEGRO200),200.00,$0.80,100,2,45,43,41,$0.079,$0.16,$43.63,$87.27,$0.44,$1.24,247.2685,,,,
550,Entregado,1/12/2025,,CONTENEDOR DICIEMBRE ROMA,,PLUG ANAL COLA CONEJITA ANALBALL001 (40morado/40rosa/40rojo/40blanco/40negro),200.00,$0.85,200,1,20,34,20,$0.014,$0.01,$7.48,$7.48,$0.04,$0.89,177.48,,,,
550,Entregado,1/12/2025,,CONTENEDOR DICIEMBRE ROMA,,PLUG ANAL RECARGABLE CON CONTROL MQCDHT02,30.00,$5.50,50,0.6,36,47,24,$0.041,$0.02,$22.33,$13.40,$0.45,$5.95,178.40064,,,,
550,Entregado,1/12/2025,,CONTENEDOR DICIEMBRE ROMA,,VARITA MAGICA XQVS015 3 CABEZALES,30.00,$7.00,20,1.5,30,55,50,$0.083,$0.12,$45.38,$68.06,$2.27,$9.27,278.0625,,,,
550,Entregado,1/12/2025,,CONTENEDOR DICIEMBRE ROMA,,CONSOLADOR REALISTICO CON BASE 10 PULGADAS (negro25/piel24),50.00,$2.80,40,1.25,41,37,34,$0.052,$0.06,$28.37,$35.46,$0.71,$3.51,175.459875,,,,
550,Entregado,1/12/2025,,CONTENEDOR DICIEMBRE ROMA,,CONSOLADOR REALISTICO EXTRAGRANDE piel,80.00,$6.84,40,2,41,37,34,$0.052,$0.10,$28.37,$56.74,$0.71,$7.55,603.9358,,,,
550,Entregado,1/12/2025,,CONTENEDOR DICIEMBRE ROMA,,EXTENSOR DE PENE ISAO-PROED101 blanco,50.00,$4.65,70,0.7142857143,56.5,39.5,34,$0.076,$0.05,$41.73,$29.81,$0.60,$5.25,262.3098036,,,,
550,Entregado,1/12/2025,,CONTENEDOR DICIEMBRE ROMA,,ESTIMULADOR Y SUCCIONADOR DE CLITORIS MNMLKX003 (MORADO30),30.00,$6.00,50,0.6,59,42,27.5,$0.068,$0.04,$37.48,$22.49,$0.75,$6.75,202.48785,,,,
550,Entregado,1/12/2025,,CONTENEDOR DICIEMBRE ROMA,,CONSOLADOR REALISTICO GRANDE CON BASE CHUPON,100.00,$3.00,100,1,47,47,43,$0.095,$0.09,$52.24,$52.24,$0.52,$3.52,352.24285,,,,
550,Entregado,1/12/2025,,CONTENEDOR DICIEMBRE ROMA,,MASTURBADOR MASCULINO VAGINA,100.00,$1.45,50,2,36,31,56,$0.062,$0.12,$34.37,$68.75,$0.69,$2.14,213.7456,,,,
550,Entregado,1/12/2025,,CONTENEDOR DICIEMBRE ROMA,,MASTURBADOR MASCULINO ANO,100.00,$1.45,50,2,36,31,56,$0.062,$0.12,$34.37,$68.75,$0.69,$2.14,213.7456,,,,
550,Entregado,1/12/2025,,CONTENEDOR DICIEMBRE ROMA,,MASTURBADOR MASCULINO BOCA,100.00,$1.45,50,2,36,31,56,$0.062,$0.12,$34.37,$68.75,$0.69,$2.14,213.7456,,,,
550,Entregado,1/12/2025,,CONTENEDOR DICIEMBRE ROMA,MASS1966,"Latigo de cuero de 1,9m",40.00,$2.15,40,1,50,60,40,$0.120,$0.12,$66.00,$66.00,$1.65,$3.80,152,,,,
550,Entregado,1/12/2025,,CONTENEDOR DICIEMBRE ROMA,,Consolador Curvo Grande Y Grueso Silicona Medica 21cm Chupón,100.00,$5.20,60,1.666666667,48,38,21,$0.038,$0.06,$21.07,$35.11,$0.35,$5.55,555.112,,,,
550,Entregado,1/12/2025,,CONTENEDOR DICIEMBRE ROMA,,Vibrador Brocha Maquillaje Multiples Velocidades Recargable rojo,80.00,$3.50,50,1.6,34,44,15,$0.022,$0.04,$12.34,$19.75,$0.25,$3.75,299.7472,,,,
550,Entregado,1/12/2025,,CONTENEDOR DICIEMBRE ROMA,,Huevo Masturbador Masculino Texturizado Expandible (Vagina40/Oral40/Pecho40/Masaje con aceite40/Anal40),200.00,$0.45,100,2,20,40,60,$0.048,$0.10,$26.40,$52.80,$0.26,$0.71,142.8,,,,
550,Entregado,1/12/2025,,CONTENEDOR DICIEMBRE ROMA,,Cinturon De Castidad Para Pene Con Llave Y Candado (TRASPARENTE),40.00,$1.95,40,1,52,39,31,$0.063,$0.06,$34.58,$34.58,$0.86,$2.81,112.5774,,,,
550,Entregado,1/12/2025,,CONTENEDOR DICIEMBRE ROMA,MASS1955,máscara de cuero SM Party Fox VARIADO,80.00,$0.85,50,1.6,55,40,25,$0.055,$0.09,$30.25,$48.40,$0.61,$1.46,116.4,,,,
550,Entregado,1/12/2025,,CONTENEDOR DICIEMBRE ROMA,MASS1949,"Juego Romántico De Dados, Para Dos Jugadores, Para Una Fiesta O Con Un Grupo De Amigos",150.00,$0.80,500,0.3,15,25,60,$0.023,$0.01,$12.38,$3.71,$0.02,$0.82,123.7125,,,,
550,Entregado,1/12/2025,,CONTENEDOR DICIEMBRE ROMA,,Bomba Extensora Automatica Para Pene Hidroterapia Bathmate,40.00,$8.00,20,2,50,32,40,$0.064,$0.13,$35.20,$70.40,$1.76,$9.76,390.4,,,,
550,Entregado,1/12/2025,,CONTENEDOR DICIEMBRE ROMA,,Arnes Strap On Ajustable Doble Penetración 18cm Y 13cm (morado100),100.00,$3.98,50,2,22,56,46,$0.057,$0.11,$31.17,$62.34,$0.62,$4.60,460.3392,,,,
550,Entregado,1/12/2025,,CONTENEDOR DICIEMBRE ROMA,,"Lubricante Y Estimulante Sexual Femenino Sensación De Frio (FRIO75,CALIENTE75)",150.00,$0.88,150,1,42,40,44,$0.074,$0.07,$40.66,$40.66,$0.27,$1.15,172.656,,,,
550,Entregado,1/12/2025,,CONTENEDOR DICIEMBRE ROMA,,Funda Para Dedos Con Bala Vibradora Dedos Magicos,200.00,$1.35,50,4,42,52,27,$0.059,$0.24,$32.43,$129.73,$0.65,$2.00,399.7296,,,,
550,Entregado,1/12/2025,,CONTENEDOR DICIEMBRE ROMA,,Masturbador Pretty Love Acción Succionadora Ano38/boca60/vagina59,160.00,$3.38,40,4,50.5,27.5,38.5,$0.053,$0.21,$29.41,$117.63,$0.74,$4.12,658.427125,,,,
550,Entregado,1/12/2025,,CONTENEDOR DICIEMBRE ROMA,,"Masturbador vibrador para hombre, masajeador de pene eléctrico (NEGRO30)",30.00,$9.60,30,1,47.5,35.5,25.5,$0.043,$0.04,$23.65,$23.65,$0.79,$10.39,311.6496563,,,,
550,Entregado,1/12/2025,,CONTENEDOR DICIEMBRE ROMA,,VIBRADOR ANAL 10 VELOCIDADES,30.00,$4.50,50,0.6,45,46,18,$0.037,$0.02,$20.49,$12.30,$0.41,$4.91,147.2958,,,,
550,Entregado,1/12/2025,,CONTENEDOR DICIEMBRE ROMA,,Manga Extensora De Pene Con 6.5″ Pulgadas,60.00,$0.80,60,1,30,32,30,$0.029,$0.03,$15.84,$15.84,$0.26,$1.06,63.84,,,,
550,Entregado,1/12/2025,,CONTENEDOR DICIEMBRE ROMA,,Flexible Manga Para Pene Doble bala vibrador,50.00,$2.85,50,1,31,31,28,$0.027,$0.03,$14.80,$14.80,$0.30,$3.15,157.2994,,,,
550,Entregado,1/12/2025,,CONTENEDOR DICIEMBRE ROMA,,"Manga extensora, manga para pene, manga con vibración Recargable",50.00,$5.00,50,1,40,47,36,$0.068,$0.07,$37.22,$37.22,$0.74,$5.74,287.224,,,,
550,Entregado,1/12/2025,,CONTENEDOR DICIEMBRE ROMA,MASS1862,"Bolso Tipo Pañalera, Cambiador, Cuna, Morral (30 NEGRO, 30AZUL OSCURO, 30GRIS)",90.00,$5.20,30,3,45,65,75,$0.219,$0.66,$120.66,$361.97,$4.02,$9.22,829.96875,,,,
550,Entregado,1/12/2025,,CONTENEDOR DICIEMBRE ROMA,MASS1942,"Vibrador de próstata con Control remoto para hombres,",40.00,$6.58,40,1,22,62,36,$0.049,$0.05,$27.01,$27.01,$0.68,$7.26,290.2072,,,,
550,Entregado,1/12/2025,,CONTENEDOR DICIEMBRE ROMA,MASS1943,"Vibradores de punto G, vibrador para hombres, punto G",40.00,$4.80,150,0.2666666667,47,40,31,$0.058,$0.02,$32.05,$8.55,$0.21,$5.01,200.5477333,,,,
550,Entregado,1/12/2025,,CONTENEDOR DICIEMBRE ROMA,MASS1865,Máquina para hacer pasta calabacín (BLANCO),160.00,$0.80,120,1.333333333,63,39.5,45.5,$0.113,$0.15,$62.27,$83.03,$0.52,$1.32,211.03295,,,,
550,Entregado,1/12/2025,,CONTENEDOR DICIEMBRE ROMA,MASS1945,"Aumenta La Intensidad, Satisfacción, Placer Y Calidad En Las Relaciones Sexuales",100.00,$0.60,100,1,25,35,30,$0.026,$0.03,$14.44,$14.44,$0.14,$0.74,74.4375,,,,
550,Entregado,1/12/2025,,CONTENEDOR DICIEMBRE ROMA,MASS1863,"Bolso Tipo Pañalera, Cambiador, Cuna, Morral 30AZUL OSCURO",,,,,,,,,,,,,,,,,,
550,Entregado,1/12/2025,,CONTENEDOR DICIEMBRE ROMA,MASS1864,"Bolso Tipo Pañalera, Cambiador, Cuna, Morral (30 GRIS)",,,,,,,,,,,,,,,,,,
550,Entregado,1/12/2025,,CONTENEDOR DICIEMBRE ROMA,MASS1781,CONSOLADOR REALISTICO CON CHUPON INFLABLE,50.00,$2.80,100,0.5,51,42,24,$0.051,$0.03,$28.27,$14.14,$0.28,$3.08,154.1372,,,,
550,Entregado,1/12/2025,,CONTENEDOR DICIEMBRE ROMA,,FACTURA ELECTRONICA,,,,,,,,,,,,,,,,,,
550,Entregado,1/12/2025,,CONTENEDOR DICIEMBRE ROMA,MASS1859,SECADORA DE ROPA PORTATIL,60.00,$9.58,12,5,57.5,46.5,57,$0.152,$0.76,$83.82,$419.11,$6.99,$16.57,993.9103125,,,,
550,Entregado,1/12/2025,,CONTENEDOR DICIEMBRE ROMA,MASS1860,SECADOR DE ZAPATO PORTATIL,60.00,$3.15,30,2,57,47,59,$0.158,$0.32,$86.93,$173.87,$2.90,$6.05,362.8671,,,,
550,Entregado,1/12/2025,,CONTENEDOR DICIEMBRE ROMA,MASS1861,BATERIA HIDROJET PORTATIL 48V,500.00,$3.50,100,5,20,35,35,$0.025,$0.12,$13.48,$67.38,$0.13,$3.63,1817.375,,,,
550,Entregado,1/12/2025,,CONTENEDOR DICIEMBRE ROMA,MASS1874,SET DE CEPILLO SECADOR 5 EN 1,200.00,$4.24,20,10,62,35,49.5,$0.107,$1.07,$59.08,$590.78,$2.95,$7.19,1438.7825,,,,
550,Entregado,1/12/2025,,CONTENEDOR DICIEMBRE ROMA,MASS1875,Maquina Para Hacer Pasta Spaghetti Acero Inoxidable,60.00,$6.40,6,10,58,22,30,$0.038,$0.38,$21.05,$210.54,$3.51,$9.91,594.54,,,,
550,Entregado,1/12/2025,,CONTENEDOR DICIEMBRE ROMA,MASS1877,Maquina De Soldar Inverter Portátil Indust 140 Amp 1.7 Kg,48.00,$40.00,4,12,50.5,32,38,$0.061,$0.74,$33.77,$405.29,$8.44,$48.44,2325.2928,,,,
550,Entregado,1/12/2025,,CONTENEDOR DICIEMBRE ROMA,MASS1880,PESO BALANZA CORPORAL DIGITAL NEGRA,200.00,$1.80,20,10,55,31,29,$0.049,$0.49,$27.19,$271.95,$1.36,$3.16,631.9475,,,,
550,Entregado,1/12/2025,,CONTENEDOR DICIEMBRE ROMA,MASS1881,"Bolso Termico Tipo Cava Camping Playa (NEGRO30, AZUL30, GRIS30, CAMUFLAJE30)",120.00,$7.00,20,6,41,65,60,$0.160,$0.96,$87.95,$527.67,$4.40,$11.40,1367.67,,,,
550,Entregado,1/12/2025,,CONTENEDOR DICIEMBRE ROMA,MASS1882,Bolso Termico Tipo Cava Camping Playa ( AZUL30),,,,,,,,,,,,,,,,,,
550,Entregado,1/12/2025,,CONTENEDOR DICIEMBRE ROMA,MASS1884,Bolso Termico Tipo Cava Camping Playa (CAMUFLAJE30),,,,,,,,,,,,,,,,,,
550,Entregado,1/12/2025,,CONTENEDOR DICIEMBRE ROMA,MASS1885,RADIO BOAFENG UV-5R DOBLE BANDA UHF-VHF + MI,250.00,$10.00,50,5,51,37.5,57,$0.109,$0.55,$59.96,$299.78,$1.20,$11.20,2799.784375,,,,
550,Entregado,1/12/2025,,CONTENEDOR DICIEMBRE ROMA,MASS1886,"Tope de puerta de silicona anticolisión, tope magnético fuerte",200.00,$0.70,100,2,28,28,50,$0.039,$0.08,$21.56,$43.12,$0.22,$0.92,183.12,,,,
550,Entregado,1/12/2025,,CONTENEDOR DICIEMBRE ROMA,MASS1887,"LONCHERA CON COMPARTIMIENTO PARA ALIMENTOS (AZUL60,VERDE60,BLANCO60)",180.00,$1.45,60,3,65,61,43.5,$0.172,$0.52,$94.86,$284.59,$1.58,$3.03,545.587875,,,,
550,Entregado,1/12/2025,,CONTENEDOR DICIEMBRE ROMA,MASS1888,LONCHERA CON COMPARTIMIENTO PARA ALIMENTOS (VERDE60),,,,,,,,,,,,,,,,,,
550,Entregado,1/12/2025,,CONTENEDOR DICIEMBRE ROMA,MASS1889,LONCHERA CON COMPARTIMIENTO PARA ALIMENTOS (BLANCO60),,,,,,,,,,,,,,,,,,
550,Entregado,1/12/2025,,CONTENEDOR DICIEMBRE ROMA,MASS1890,"Alfombras de Peluche Entrelazadas - Gruesas, Suaves y Lavables para Dormitorio(NEGRA80,BLANCO120,GRIS80,CAFE80,ROSA120)",480.00,$0.31,12,40,30,30,14,$0.013,$0.50,$6.93,$277.20,$0.58,$0.89,426,,,,
550,Entregado,1/12/2025,,CONTENEDOR DICIEMBRE ROMA,MASS1892,"Alfombras de Peluche Entrelazadas - Gruesas, Suaves y Lavables para Dormitorio(NEGRA80,BLANCO120,GRIS80,CAFE80,ROSA120)",,,,,,,,,,,,,,,,,,
550,Entregado,1/12/2025,,CONTENEDOR DICIEMBRE ROMA,MASS1893,"Alfombras de Peluche Entrelazadas - Gruesas, Suaves y Lavables para Dormitorio(NEGRA80,BLANCO120,GRIS80,CAFE80,ROSA120)",,,,,,,,,,,,,,,,,,
550,Entregado,1/12/2025,,CONTENEDOR DICIEMBRE ROMA,MASS1894,"Alfombras de Peluche Entrelazadas - Gruesas, Suaves y Lavables para Dormitorio(NEGRA80,BLANCO120,GRIS80,CAFE80,ROSA120)",,,,,,,,,,,,,,,,,,
550,Entregado,1/12/2025,,CONTENEDOR DICIEMBRE ROMA,MASS1897,"Bañera de hielo espesa de alta calidad con tapa para terapia de agua fría y buceo en hielo, bañera plegable y portátil",50.00,$14.00,6,8.333333333,66,39,53,$0.136,$1.14,$75.03,$625.27,$12.51,$26.51,1325.2675,,,,
550,Entregado,1/12/2025,,CONTENEDOR DICIEMBRE ROMA,MASS1898,"Cinta impermeable para reparación de grietas en techos, adecuada para metal, plástico, tejas onduladas, material de polietileno PE, resistente a la corrosión y al óxido",300.00,$1.43,30,10,100,22,22,$0.048,$0.48,$26.62,$266.20,$0.89,$2.32,695.2,,,,
550,Entregado,1/12/2025,,CONTENEDOR DICIEMBRE ROMA,MASS1900,AEROGRAFO COMPRESOR PORTATIL PARA DECORACION UÑAS,120.00,$8.00,40,3,62,61,40,$0.151,$0.45,$83.20,$249.61,$2.08,$10.08,1209.612,,,,
550,Entregado,1/12/2025,,CONTENEDOR DICIEMBRE ROMA,MASS1903,JUEGO DE ESCOBA GRUESA ANTIADHERENTE PARA INTERIORES,96.00,$2.65,32,3,120,100,34,$0.408,$1.22,$224.40,$673.20,$7.01,$9.66,927.6,,,,
550,Entregado,1/12/2025,,CONTENEDOR DICIEMBRE ROMA,MASS1905,Masajeador de cuello GRANDE BLANCO,120.00,$7.50,12,10,54.5,50,37.5,$0.102,$1.02,$56.20,$562.03,$4.68,$12.18,1462.03125,,,,
550,Entregado,1/12/2025,,CONTENEDOR DICIEMBRE ROMA,MASS1906,"MASAJEADOR EMS DE ESTIRAMINETO FACIAL
ANTIARRUGAS 7 MODOS",120.00,$4.40,40,3,55.5,34,30.5,$0.058,$0.17,$31.65,$94.96,$0.79,$5.19,622.963275,,,,
550,Entregado,1/12/2025,,CONTENEDOR DICIEMBRE ROMA,MASS1907,IRRIGADOR ORAL PORTATIL LIMPIADOR DE DIENTE RECARGABLE USB 4 PUNTAS 220 ML 3 MODOS,180.00,$2.90,60,3,45,39,36,$0.063,$0.19,$34.75,$104.25,$0.58,$3.48,626.247,,,,
550,Entregado,1/12/2025,,CONTENEDOR DICIEMBRE ROMA,MASS0461,REMOVEDOR DE PUNTOS NEGROS RECARGABLE,200.00,$1.88,100,2,48,41.5,61,$0.122,$0.24,$66.83,$133.66,$0.67,$2.55,509.6632,,,,
550,Entregado,1/12/2025,,CONTENEDOR DICIEMBRE ROMA,MASS1908,SKIN SCRUBBER BLANCO,180.00,$1.90,120,1.5,49,40,37,$0.073,$0.11,$39.89,$59.83,$0.33,$2.23,401.829,,,,
550,Entregado,1/12/2025,,CONTENEDOR DICIEMBRE ROMA,MASS1496,MASAJEADOR DE PIE,400.00,$0.90,100,4,67,32,56.5,$0.121,$0.48,$66.62,$266.50,$0.67,$1.57,626.4992,,,,
550,Entregado,1/12/2025,,CONTENEDOR DICIEMBRE ROMA,MASS1914,"LICUADORA PORTATIL (BLANCO 120, 60AZUL, 60ROSA)",240.00,$1.65,60,4,47,43,53.5,$0.108,$0.43,$59.47,$237.87,$0.99,$2.64,633.8717,,,,
550,Entregado,1/12/2025,,CONTENEDOR DICIEMBRE ROMA,MASS1915,"LICUADORA PORTATIL (BLANCO 120, 60AZUL, 60ROSA)",,,,,,,,,,,,,,,,,,
550,Entregado,1/12/2025,,CONTENEDOR DICIEMBRE ROMA,MASS1916,"LICUADORA PORTATIL (BLANCO 120, 60AZUL, 60ROSA)",,,,,,,,,,,,,,,,,,
550,Entregado,1/12/2025,,CONTENEDOR DICIEMBRE ROMA,MASS1910,Esterilizador ultravioleta para cepillos de dientes,180.00,$1.70,60,3,59,44,52,$0.135,$0.40,$74.25,$222.74,$1.24,$2.94,528.7368,,,,
550,Entregado,1/12/2025,,CONTENEDOR DICIEMBRE ROMA,MASS1911,ABRELATA PORTATIL RECARGABLE,150.00,$1.45,150,1,52,42,48,$0.105,$0.10,$57.66,$57.66,$0.38,$1.83,275.1576,,,,
550,Entregado,1/12/2025,,CONTENEDOR DICIEMBRE ROMA,MASS1912,RECORTADOR DE CEJAS ELECTRICO BLANCO,200.00,$0.98,200,1,64,39,52,$0.130,$0.13,$71.39,$71.39,$0.36,$1.34,267.3856,,,,
550,Entregado,1/12/2025,,CONTENEDOR DICIEMBRE ROMA,MASS1361,Papel Fotográfico Inkjet 240 Gr. 20 Hojas,"1,000.00",$0.50,70,14.28571429,45,32,21,$0.030,$0.43,$16.63,$237.60,$0.24,$0.74,737.6,,,,
550,Entregado,1/12/2025,,CONTENEDOR DICIEMBRE ROMA,MASS0993,MAQUINA AFEITAR T9 CON PANTALLA (BUDA),300.00,$1.95,100,3,45.5,39,34.5,$0.061,$0.18,$33.67,$101.01,$0.34,$2.29,686.0134125,,,,
550,Entregado,1/12/2025,,CONTENEDOR DICIEMBRE ROMA,MASS1560,Ferula A4,120.00,$1.45,30,4,54,42,45,$0.102,$0.41,$56.13,$224.53,$1.87,$3.32,398.532,,,,
550,Entregado,1/12/2025,,CONTENEDOR DICIEMBRE ROMA,MASS1377,HIDROJET RECARGABLE 48VF (Con maleta y boquilla),300.00,$8.35,10,30,77,25.5,49,$0.096,$2.89,$52.92,"$1,587.49",$5.29,$13.64,4092.48975,,,,
550,Entregado,1/12/2025,,CONTENEDOR DICIEMBRE ROMA,MASS1206,SET DE LIGAS TUBULARES DE RESISTENCIA,270.00,$4.90,18,15,50,38,40,$0.076,$1.14,$41.80,$627.00,$2.32,$7.22,1950,,,,
550,Entregado,1/12/2025,,CONTENEDOR DICIEMBRE ROMA,MASS1795,REFLECTOR SOLAR DE PARED PARA EXTERIORES CON SENSOR DE MOVIMIENTO,400.00,$1.02,100,4,56,29.5,53,$0.088,$0.35,$48.16,$192.62,$0.48,$1.50,600.6232,,,,
550,Entregado,1/12/2025,,CONTENEDOR DICIEMBRE ROMA,MASS1556,CARGADOR DE BATERIA MOTO CARRO,180.00,$5.00,30,6,48,43,40,$0.083,$0.50,$45.41,$272.45,$1.51,$6.51,1172.448,,,,
550,Entregado,1/12/2025,,CONTENEDOR DICIEMBRE ROMA,MASS0934,CUERDA DE SALTAR,600.00,$0.50,100,6,60,28,36,$0.060,$0.36,$33.26,$199.58,$0.33,$0.83,499.584,,,,
550,Entregado,1/12/2025,,CONTENEDOR DICIEMBRE ROMA,MASS0621,MAQUINA PARA AFEITAR PERRO,210.00,$3.00,40,5.25,58.5,45,34.5,$0.091,$0.48,$49.95,$262.25,$1.25,$4.25,892.2463594,,,,
550,Entregado,1/12/2025,,CONTENEDOR DICIEMBRE ROMA,MASS1649,SENSOR AUTOMATICO DE PUERTA TENSION 500G,200.00,$0.68,200,1,50,43,20,$0.043,$0.04,$23.65,$23.65,$0.12,$0.80,159.65,,,,
550,Entregado,1/12/2025,,CONTENEDOR DICIEMBRE ROMA,MASS1083,CERRADURA PARA PUERTA DOMO,400.00,$1.15,40,10,64,27,40,$0.069,$0.69,$38.02,$380.16,$0.95,$2.10,840.16,,,,
550,Entregado,1/12/2025,,CONTENEDOR DICIEMBRE ROMA,MASS1532,BILLETES DE DOLARES PARA FIESTAS,400.00,$0.60,200,2,37,26,26,$0.025,$0.05,$13.76,$27.51,$0.07,$0.67,267.5132,,,,
550,Entregado,1/12/2025,,CONTENEDOR DICIEMBRE ROMA,MASS1264,PLANCHA DE HIERRO FUNDIDO REVERSIBLE,100.00,$6.80,5,20,53,26,14,$0.019,$0.39,$10.61,$212.21,$2.12,$8.92,892.212,,,,
550,Entregado,1/12/2025,,CONTENEDOR DICIEMBRE ROMA,MASS0283,SELLADORA AL VACIO (10 BOLSAS) 110V,240.00,$2.35,40,6,59.5,39,45,$0.104,$0.63,$57.43,$344.59,$1.44,$3.79,908.59425,,,,
550,Entregado,1/12/2025,,CONTENEDOR DICIEMBRE ROMA,MASS0730,CARGADOR DE BATERIA 12 Y 24V INTELIGENTE,120.00,$10.00,30,4,48,43,40,$0.083,$0.33,$45.41,$181.63,$1.51,$11.51,1381.632,,,,
550,Entregado,1/12/2025,,CONTENEDOR DICIEMBRE ROMA,MASS1378,Maquina Kemei De Afeitar Cabello Shaiver Kemei Km-2024,180.00,$5.00,60,3,43.5,32,50.5,$0.070,$0.21,$38.66,$115.99,$0.64,$5.64,1015.9884,,,,
550,Entregado,1/12/2025,,CONTENEDOR DICIEMBRE ROMA,MASS1362,Toldo Plegable 3x3 Mts Lona Impermeable AZUL,40.00,$19.50,1,40,147,20.5,20.5,$0.062,$2.47,$33.98,"$1,359.09",$33.98,$53.48,2139.0885,,,,
550,Entregado,1/12/2025,,CONTENEDOR DICIEMBRE ROMA,MASS1357,Hand Grip Entrenamiento Muñeca Manos Antebrazo Con Contador NEGRO,400.00,$0.75,100,4,49.5,31.5,23.5,$0.037,$0.15,$20.15,$80.61,$0.20,$0.95,380.613225,,,,
550,Entregado,1/12/2025,,CONTENEDOR DICIEMBRE ROMA,"MASS0778 S
MASS0779 M
MASS0780 L
MASS1285 XL","CORRECTOR DE POSTURA CLASICO (S79,M151,L155,XL120)",500.00,$0.98,200,2.5,59,39,59,$0.136,$0.34,$74.67,$186.67,$0.37,$1.35,676.668625,,,,
550,Entregado,1/12/2025,,CONTENEDOR DICIEMBRE ROMA,"MASS0781 S/M
MASS0782 M
MASS0783 L/XL
MASS0784 XXL","MEDIAS DE COMPRESION 20-30mmhg (S/M200, L/XL298, XXL100)",600.00,$0.55,200,3,50,40,50,$0.100,$0.30,$55.00,$165.00,$0.28,$0.83,495,,,,
550,Entregado,1/12/2025,,CONTENEDOR DICIEMBRE ROMA,MASS1265,SET DE SARTENES HIERRO FUNDIDO,130.00,$10.18,5,26,47,40,35,$0.066,$1.71,$36.19,$940.94,$7.24,$17.42,2264.34,,,,
550,Entregado,1/12/2025,,CONTENEDOR DICIEMBRE ROMA,MASS1231,BALANZA DE 0.01 A 500GR,400.00,$1.90,100,4,51,21,31,$0.033,$0.13,$18.26,$73.04,$0.18,$2.08,833.0422,,,,
550,Entregado,1/12/2025,,CONTENEDOR DICIEMBRE ROMA,MASS1657,MAQUINA KEMEI 4 EN 1 KM-6630,400.00,$3.80,100,4,71,42.5,42.5,$0.128,$0.51,$70.53,$282.14,$0.71,$4.51,1802.13625,,,,
550,Entregado,1/12/2025,,CONTENEDOR DICIEMBRE ROMA,MASS1349,MiNI TECLADO BLUETOOH,300.00,$2.10,100,3,54,35,30,$0.057,$0.17,$31.19,$93.56,$0.31,$2.41,723.555,,,,
550,Entregado,1/12/2025,,CONTENEDOR DICIEMBRE ROMA,MASS0826,CORRECTOR DE JUANETE,100.00,$0.45,400,0.25,59,37,30,$0.065,$0.02,$36.02,$9.00,$0.09,$0.54,54.004875,,,,
550,Entregado,1/12/2025,,CONTENEDOR DICIEMBRE ROMA,"MASS0768 AZUL MASS1223 FUCSIA MASS0771 MORADA
MASS1240 VERDE","CINTA KINESIOLOGICA 5CM X5M (AZUL144,144FUCSIA,MORADA 77, VERDE76)",432.00,$0.76,144,3,32,49,34,$0.053,$0.16,$29.32,$87.96,$0.20,$0.96,416.2848,,,,
550,Entregado,1/12/2025,,CONTENEDOR DICIEMBRE ROMA,MASS0122,CARGADOR DE LAPTOP UNIVERSAL,400.00,$2.50,100,4,53,31.5,47.5,$0.079,$0.32,$43.62,$174.46,$0.44,$2.94,1174.46275,,,,
550,Entregado,1/12/2025,,CONTENEDOR DICIEMBRE ROMA,MASS1205,SET DE LIGAS DE RESISTENCIA 5 PCS,300.00,$0.86,100,3,30,30,30,$0.027,$0.08,$14.85,$44.55,$0.15,$1.01,302.55,,,,
550,Entregado,1/12/2025,,CONTENEDOR DICIEMBRE ROMA,MASS1204,SET BANDA ELASTICA TELA EJERCIO 3 PCS (GRISES / COLORES ),200.00,$1.38,50,4,41,35,48,$0.069,$0.28,$37.88,$151.54,$0.76,$2.14,427.536,,,,
550,Entregado,1/12/2025,,CONTENEDOR DICIEMBRE ROMA,MASS1449,IMPRESORA TERMICA 58 MM,200.00,$8.90,24,8.333333333,48,41.5,36,$0.072,$0.60,$39.44,$328.68,$1.64,$10.54,2108.68,,,,
550,Entregado,1/12/2025,,CONTENEDOR DICIEMBRE ROMA,MASS1344,KIT CREACION DE CONTENIDO,240.00,$2.85,40,6,48,46,37.5,$0.083,$0.50,$45.54,$273.24,$1.14,$3.99,957.24,,,,
550,Entregado,1/12/2025,,CONTENEDOR DICIEMBRE ROMA,"MASS1789 GRIS
MASS1790 AZUL
MASS1791 ROSADO","MOLDE DE SILICON AIR FRYER CUADRADO (200 gris, 200 azul, 100 rosado)
(REDONDO)",500.00,$0.85,120,4.166666667,44,44,32,$0.062,$0.26,$34.07,$141.97,$0.28,$1.13,566.9733333,,,,
550,Entregado,1/12/2025,,CONTENEDOR DICIEMBRE ROMA,MASS1805,CAMARA DE SEGURIDAD IP EXTERIORES CON PANEL SOLAR,32.00,$23.80,16,2,43,40,50,$0.086,$0.17,$47.30,$94.60,$2.96,$26.76,856.2,,,,
550,Entregado,1/12/2025,,CONTENEDOR DICIEMBRE ROMA,MASS1913,DISPENSADOR DE MASA PURPURA,240.00,$1.45,48,5,71,47,59,$0.197,$0.98,$108.29,$541.43,$2.26,$3.71,889.42825,,,,
550,Entregado,1/12/2025,,CONTENEDOR DICIEMBRE ROMA,MASS1071,MOUSE VERTICAL INALAMBRICO RECARGABLE,300.00,$3.55,100,3,48,54,39,$0.101,$0.30,$55.60,$166.80,$0.56,$4.11,1231.7952,,,,
550,Entregado,1/12/2025,,CONTENEDOR DICIEMBRE ROMA,MASS1343,MOUSE VERTICAL ALAMBRICO,400.00,$2.44,100,4,48,54,39,$0.101,$0.40,$55.60,$222.39,$0.56,$3.00,1198.3936,,,,
550,Entregado,1/12/2025,,CONTENEDOR DICIEMBRE ROMA,MASS1991,BASE FAN COOLER PARA LAPTOP N99,140.00,$3.65,20,7,74,38.2,28.5,$0.081,$0.56,$44.31,$310.17,$2.22,$5.87,821.17063,,,,
550,Entregado,1/12/2025,,CONTENEDOR DICIEMBRE ROMA,MASS1351,BASE FAN COOLER PARA LAPTOP H9,120.00,$5.00,30,4,54.5,39.8,55.2,$0.120,$0.48,$65.85,$263.42,$2.20,$7.20,863.415504,,,,
550,Entregado,1/12/2025,,CONTENEDOR DICIEMBRE ROMA,MASS0944,MASAJEADOR DE GLUTEO ABS ESTIMULADOR FITNES,300.00,$1.78,40,7.5,40,60,35,$0.084,$0.63,$46.20,$346.50,$1.16,$2.94,880.5,,,,
550,Entregado,1/12/2025,,CONTENEDOR DICIEMBRE ROMA,"MASS1535 NEGRO
MASS1611 BLANCO
MASS1612 AZUL","TERMO DE ACERO INOXIDABLE 18oz (NEGRO199,BLANCO97, AZUL94)",400.00,$2.48,25,16,44.5,44.5,26,$0.051,$0.82,$28.32,$453.08,$1.13,$3.61,1445.0812,,,,
550,Entregado,1/12/2025,,CONTENEDOR DICIEMBRE ROMA,MASS1909,"RISADOR DE PESTAÑA (100 BLANCO, 100ROSA)",200.00,$0.60,200,1,65,48.6,42,$0.133,$0.13,$72.97,$72.97,$0.36,$0.96,192.9729,,,,
550,Entregado,1/12/2025,,CONTENEDOR DICIEMBRE ROMA,MASS1990,Tubular Band Set Resistance,360.00,$1.50,18,20,50,38,40,$0.076,$1.52,$41.80,$836.00,$2.32,$3.82,1376,,,,
550,Entregado,1/12/2025,,CONTENEDOR DICIEMBRE ROMA,"MASS1536 NEGRO
MASS1614 BLANCO
MASS1615 AZUL","TERMO DE ACERO INOXIDABLE 36oz (NEGRO199,BLANCO149, AZUL138)",500.00,$3.05,25,20,50,50,30.5,$0.076,$1.53,$41.94,$838.75,$1.68,$4.73,2363.75,,,,
550,Entregado,1/12/2025,,CONTENEDOR DICIEMBRE ROMA,"MASS1009 NEGRO
MASS1011 BLANCO","DEPILADORA LASER 999999 FLASHES (NEGRO80, BLANCO80)",160.00,$8.50,40,4,54,44.5,35,$0.084,$0.34,$46.26,$185.03,$1.16,$9.66,1545.031,,,,
550,Entregado,1/12/2025,,CONTENEDOR DICIEMBRE ROMA,MASS0994,BALANZA DE COCINA 10KG P20 ELEGANTE,100.00,$2.20,40,2.5,46,35,39,$0.063,$0.16,$34.53,$86.34,$0.86,$3.06,306.33625,,,,
550,Entregado,1/12/2025,,CONTENEDOR DICIEMBRE ROMA,MASS1439,BALANZA COCINA 10 KG ELEGANTE RECARGABLE,200.00,$3.00,40,5,46,35,39,$0.063,$0.31,$34.53,$172.67,$0.86,$3.86,772.6725,,,,
550,Entregado,1/12/2025,,CONTENEDOR DICIEMBRE ROMA,MASS1125,BALANZA DE COCINA 5KG BC-811,300.00,$2.80,40,7.5,45,47,32,$0.068,$0.51,$37.22,$279.18,$0.93,$3.73,1119.18,,,,
550,Entregado,1/12/2025,,CONTENEDOR DICIEMBRE ROMA,MASS1293,BARRA MAGNETICO PARA CUCHILLO 33CM,100.00,$0.65,100,1,54,35,16,$0.030,$0.03,$16.63,$16.63,$0.17,$0.82,81.632,,,,
550,Entregado,1/12/2025,,CONTENEDOR DICIEMBRE ROMA,MASS1294,BARRA MAGNETICO PARA CUCHILLO 50CM,100.00,$0.95,100,1,54,40,16,$0.035,$0.03,$19.01,$19.01,$0.19,$1.14,114.008,,,,
550,Entregado,1/12/2025,,CONTENEDOR DICIEMBRE ROMA,MASS1019,BATIDORA DE MANO ELECTRICA NEGRO,300.00,$3.40,50,6,56.5,25,52,$0.073,$0.44,$40.40,$242.39,$0.81,$4.21,1262.385,,,,
550,Entregado,1/12/2025,,CONTENEDOR DICIEMBRE ROMA,MASS1902,VENTILADOR DE TECHO LED INTELIGENTE CON CONTROL REMOTO BASE E27 REGULABLE 30W,108.00,$9.65,16,6.75,61,37,50,$0.113,$0.76,$62.07,$418.96,$3.88,$13.53,1461.155625,,,,
550,Entregado,1/12/2025,,CONTENEDOR DICIEMBRE ROMA,MASS1040,CORTADOR PICATODO DE COCINA 17 EN 1,144.00,$2.25,24,6,67.5,38.5,49.5,$0.129,$0.77,$70.75,$424.51,$2.95,$5.20,748.5058125,,,,
550,Entregado,1/12/2025,,CONTENEDOR DICIEMBRE ROMA,MASS1064,ORGANIZADOR DE BAÑO 2 NIVELES RACK (KR-41),150.00,$2.65,100,1.5,77,64,63,$0.310,$0.47,$170.76,$256.13,$1.71,$4.36,653.6328,,,,
550,Entregado,1/12/2025,,CONTENEDOR DICIEMBRE ROMA,MASS1896,"Conjunto de utensilios de cocina antiadherentes Tramontina Primaware de 18 piezas, gris acero",40.00,$4.85,10,4,57,47,54,$0.145,$0.58,$79.57,$318.27,$7.96,$12.81,512.2652,,,,
550,Entregado,1/12/2025,,CONTENEDOR DICIEMBRE ROMA,MASS1299,FILTRO DE AGUA PURIFICADOR PARA GRIFERIA,180.00,$1.48,60,3,60,50,40,$0.120,$0.36,$66.00,$198.00,$1.10,$2.58,464.4,,,,
550,Entregado,1/12/2025,,CONTENEDOR DICIEMBRE ROMA,MASS1335,COTUFERA DE AIRE ELECTRICA 110V,144.00,$5.00,24,6,76.7,36,56,$0.155,$0.93,$85.04,$510.27,$3.54,$8.54,1230.26976,,,,
550,Entregado,1/12/2025,,CONTENEDOR DICIEMBRE ROMA,"MASS1544 ROJO
MASS1619 VERDE
MASS1618 AZUL","CORTADOR DE VEGETALES MANUAL (ROJO72,VERDE48,24AZUL)",150.00,$2.35,30,5,69,41,67.5,$0.191,$0.95,$105.03,$525.13,$3.50,$5.85,877.633125,,,,
550,Entregado,1/12/2025,,CONTENEDOR DICIEMBRE ROMA,"MASS1620 NARANJA
MASS1545 VERDE","VENTILADOR RECARGABLE CAMPING (144 NARANJA,144VERDE)",288.00,$8.00,16,18,50.2,44,53.7,$0.119,$2.14,$65.24,"$1,174.26",$4.08,$12.08,3478.264344,,,,
550,Entregado,1/12/2025,,CONTENEDOR DICIEMBRE ROMA,MASS1644,MOLDE PARA HACER HAMBURGUESA,216.00,$0.80,96,2.25,49,39,39,$0.075,$0.17,$40.99,$92.23,$0.43,$1.23,265.0296375,,,,
550,Entregado,1/12/2025,,CONTENEDOR DICIEMBRE ROMA,MASS1539,LASER RECARGABLE PARA EXPOSICION,200.00,$2.45,200,1,30,25,27,$0.020,$0.02,$11.14,$11.14,$0.06,$2.51,501.1375,,,,
550,Entregado,1/12/2025,,CONTENEDOR DICIEMBRE ROMA,MASS1891,"Alfombras de Peluche Entrelazadas - Gruesas, Suaves y Lavables para Dormitorio(NEGRA80,BLANCO120,GRIS80,CAFE80,ROSA120)",,,,,,,,,,,,,,,,,,
550,Entregado,1/12/2025,,CONTENEDOR DICIEMBRE ROMA,MASS1794,REFLECTOR SOLAR RECARGABLE PORTATIL 2000W,180.00,$3.00,30,6,58,26,51,$0.077,$0.46,$42.30,$253.80,$1.41,$4.41,793.7964,,,,
550,Entregado,1/12/2025,,CONTENEDOR DICIEMBRE ROMA,MASS1661,MONEDA BITCOINS,400.00,$0.18,400,1,25,50,20,$0.025,$0.03,$13.75,$13.75,$0.03,$0.21,85.75,,,,
550,Entregado,1/12/2025,,CONTENEDOR DICIEMBRE ROMA,MASS1735,PISTOLA DE AGUA M1911 Azul,600.00,$0.33,300,2,70,40,41,$0.115,$0.23,$63.14,$126.28,$0.21,$0.54,324.28,,,,
550,Entregado,1/12/2025,,CONTENEDOR DICIEMBRE ROMA,"MASS1107 AZUL
MASS1138 ROSADA","Mini Impresora Térmica Portátil Inalámbrica Bluetooth Gato(120 azul, 80 rosada)",200.00,$5.80,100,2,57,47,33,$0.088,$0.18,$48.62,$97.25,$0.49,$6.29,1257.2477,,,,
550,Entregado,1/12/2025,,CONTENEDOR DICIEMBRE ROMA,MASS1883,Bolso Termico Tipo Cava Camping Playa (GRIS30),,,,,,,,,,,,,,,,,,
550,Entregado,1/12/2025,,CONTENEDOR DICIEMBRE ROMA,MASS0023,ANTENA MINI USB WIFFI 150 MBPS CON ANTENA,500.00,$1.00,500,1,59.5,48.5,31.5,$0.091,$0.09,$50.00,$50.00,$0.10,$1.10,549.9956188,,,,
550,Entregado,1/12/2025,,CONTENEDOR DICIEMBRE ROMA,MASS1554,CORRECTOR DE POSTURA AJUSTABLE INTELIGENTE,240.00,$2.18,120,2,61,48.5,36.5,$0.108,$0.22,$59.39,$118.78,$0.49,$2.67,641.983775,,,,
550,Entregado,1/12/2025,,CONTENEDOR DICIEMBRE ROMA,MASS0889,BALANZA PERSONAL RECARGABLE,600.00,$2.30,20,30,54.5,25,28.5,$0.039,$1.16,$21.36,$640.72,$1.07,$3.37,2020.715625,,,,
550,Entregado,1/12/2025,,CONTENEDOR DICIEMBRE ROMA,MASS1452,COMPRESA PARA FRIO/CALOR PARA DOLOR DE CABEZA MIGRAÑA,168.00,$1.48,24,7,38,27,25,$0.026,$0.18,$14.11,$98.75,$0.59,$2.07,347.3925,,,,
550,Entregado,1/12/2025,,CONTENEDOR DICIEMBRE ROMA,MASS1879,PAINT ZOOM AZUL,64.00,$8.45,4,16,47,36.5,41,$0.070,$1.13,$38.68,$618.95,$9.67,$18.12,1159.7524,,,,
550,Entregado,1/12/2025,,CONTENEDOR DICIEMBRE ROMA,MASS0171,CONVERTIDOR HDMI A VGA CON AUDIO Negro,200.00,$0.85,300,0.6666666667,50,38,38,$0.072,$0.05,$39.71,$26.47,$0.13,$0.98,196.4733333,,,,
550,Entregado,1/12/2025,,CONTENEDOR DICIEMBRE ROMA,MASS0058,BALANZA PERSONAL,240.00,$2.00,30,8,58,40,56,$0.130,$1.04,$71.46,$571.65,$2.38,$4.38,1051.648,,,,
550,Entregado,1/12/2025,,CONTENEDOR DICIEMBRE ROMA,MASS1873,Mini Maquina De Coser 12 Puntadas,60.00,$10.50,6,10,45.5,32.5,61,$0.090,$0.90,$49.61,$496.12,$8.27,$18.77,1126.120625,,,,
550,Entregado,1/12/2025,,CONTENEDOR DICIEMBRE ROMA,MASS0462,base para router,240.00,$0.98,60,4,57,36,68.5,$0.141,$0.56,$77.31,$309.24,$1.29,$2.27,544.4364,,,,
550,Entregado,1/12/2025,,CONTENEDOR DICIEMBRE ROMA,MASS1820,RELOJ INTELIGENTE SMARTWATCH H92 UlTRA 3,320.00,$8.20,34,9.411764706,65,45,33,$0.097,$0.91,$53.09,$499.66,$1.56,$9.76,3123.658824,,,,
550,Entregado,1/12/2025,,CONTENEDOR DICIEMBRE ROMA,MASS1655,DRONE,360.00,$6.80,36,10,27,66,53,$0.094,$0.94,$51.95,$519.45,$1.44,$8.24,2967.453,,,,
550,Entregado,1/12/2025,,CONTENEDOR DICIEMBRE ROMA,,TRANSPALETA 3 TONELADAS,1.00,$155.00,1,1,125,70,50,$0.438,$0.44,$240.63,$240.63,$240.63,$395.63,395.625,,,,
550,Entregado,1/12/2025,,CONTENEDOR DICIEMBRE ROMA,,PEDIDO SEXHOP,,,,,,,,,,,,,,,,,,
550,Entregado,1/12/2025,,CONTENEDOR DICIEMBRE ROMA,MASS1919,Vibrador Trio Recargable Usb Rabbit Consolador Estimulación,100.00,$2.28,100,1,59,53.8,40.5,$0.129,$0.13,$70.71,$70.71,$0.71,$2.99,298.705305,,,,
550,Entregado,1/12/2025,,CONTENEDOR DICIEMBRE ROMA,MASS1920,Satisfyer Penguin Estimulador De Clítoris Ondas De Presión,80.00,$5.20,80,1,56,39,33,$0.072,$0.07,$39.64,$39.64,$0.50,$5.70,455.6396,,,,
550,Entregado,1/12/2025,,CONTENEDOR DICIEMBRE ROMA,MASS1921,Satisfyer Plug Ilicious Vibrador Anal Con App,40.00,$11.00,40,1,15,15,45,$0.010,$0.01,$5.57,$5.57,$0.14,$11.14,445.56875,,,,
550,Entregado,1/12/2025,,CONTENEDOR DICIEMBRE ROMA,MASS1922,Estimulante Sexual Femenino Potenciador De Libido Y Orgasmo,128.00,$1.50,128,1,30,50,50,$0.075,$0.08,$41.25,$41.25,$0.32,$1.82,233.25,,,,
550,Entregado,1/12/2025,,CONTENEDOR DICIEMBRE ROMA,MASS1923,Estimulante Sexual Femenino Minilove Sensibilizador Femenino,120.00,$2.00,120,1,30,50,50,$0.075,$0.08,$41.25,$41.25,$0.34,$2.34,281.25,,,,
550,Entregado,1/12/2025,,CONTENEDOR DICIEMBRE ROMA,MASS1924,Set 3 Tamaños Bolas Chinas Kegel Gimnasia Pasiva Pelvica(PURPURA),80.00,$2.68,80,1,35,60,40,$0.084,$0.08,$46.20,$46.20,$0.58,$3.26,260.6,,,,
550,Entregado,1/12/2025,,CONTENEDOR DICIEMBRE ROMA,MASS1925,Desensibilizador De Garganta Goodhead Para Garganta Profunda,240.00,$0.65,240,1,30,50,50,$0.075,$0.08,$41.25,$41.25,$0.17,$0.82,197.25,,,,
550,Entregado,1/12/2025,,CONTENEDOR DICIEMBRE ROMA,MASS1926 MASS1927 MASS1928,"Conjunto Lenceria Sexy Erotica (NEGRA40,PURPURA20, ROJA20)M40 L40",80.00,$1.20,100,0.8,60,40,40,$0.096,$0.08,$52.80,$42.24,$0.53,$1.73,138.24,,,,
550,Entregado,1/12/2025,,CONTENEDOR DICIEMBRE ROMA,MASS1929,Desensibilizador Anal-ese Lubricante Anal 45ml Sabor Cherry,156.00,$0.68,156,1,58,66,35,$0.134,$0.13,$73.69,$73.69,$0.47,$1.15,179.769,,,,
550,Entregado,1/12/2025,,CONTENEDOR DICIEMBRE ROMA,MASS1930,Pinzas Para Pezones Con Campana Bdsm (PURPURA),150.00,$0.35,100,1.5,26,47,30,$0.037,$0.05,$20.16,$30.24,$0.20,$0.55,82.7445,,,,
550,Entregado,1/12/2025,,CONTENEDOR DICIEMBRE ROMA,MASS1931,Vibrador Pene Real Para Mujeres Femenino Íntimo Juguetes,150.00,$2.45,50,3,38,68,20,$0.052,$0.16,$28.42,$85.27,$0.57,$3.02,452.772,,,,
550,Entregado,1/12/2025,,CONTENEDOR DICIEMBRE ROMA,MASS1932 MASS1933 MASS1934 MASS1935,Dildo fluorescente realista 18.5cm de Largo; 14cm Insertables; 3.5cm de Ancho rosa20/púrpura20/verde20/azul20/naranja20,100.00,$3.50,100,1,20,60,60,$0.072,$0.07,$39.60,$39.60,$0.40,$3.90,389.6,,,,
550,Entregado,1/12/2025,,CONTENEDOR DICIEMBRE ROMA,MASS1936,Dildo cojin inflable con asiento y dildo removible,20.00,$7.50,1,20,37,28,35,$0.036,$0.73,$19.94,$398.86,$19.94,$27.44,548.86,,,,
550,Entregado,1/12/2025,,CONTENEDOR DICIEMBRE ROMA,MASS1937 MASS1938 MASS1939 MASS1940 MASS1941,"Bolas Chinas Exquisite Para Uso Anal y Vaginal. (ROSA39,PURPURA40,NEGRA40,AZUL40,ROJA40)",200.00,$0.75,100,2,15,50,50,$0.038,$0.08,$20.63,$41.25,$0.21,$0.96,191.25,,,,
550,Entregado,1/1/2025,,CONTENEDOR DICIEMBRE PALERMO,MASS1551,MAQUINA DE SOLDAR,30.00,$25.00,6,5,54,28,58.5,$0.088,$0.44,$48.65,$243.24,$8.11,$33.11,993.243,,,,
500,Entregado,1/1/2025,,CONTENEDOR DICIEMBRE FIRENZE,MASS1986,"ROLLO PANEL DECORATIVO HY-110 1,2m x 3m",200.00,$4.80,10,20,122,34,34,$0.141,$2.82,$70.52,"$1,410.32",$7.05,$11.85,2370.32,,,,
550,Entregado,1/1/2025,,CONTENEDOR DICIEMBRE PALERMO,MASS1089,HUMIDIFICADOR INNOGEAR CON CONTROL,144.00,$4.35,24,6,55,38,54,$0.113,$0.68,$62.07,$372.44,$2.59,$6.94,998.838,,,,
500,Entregado,1/1/2025,,CONTENEDOR DICIEMBRE FIRENZE,MASS1987,"ROLLO PANEL DECORATIVO HYJQ-111 1,2m x 3m",200.00,$4.80,10,20,122,34,34,$0.141,$2.82,$70.52,"$1,410.32",$7.05,$11.85,2370.32,,,,
550,Entregado,1/1/2025,,CONTENEDOR DICIEMBRE PALERMO,MASS1872,VASO STANLEY 40ONZ (LILA 40),,,,,,,,,,,,,,,,,,
550,Entregado,1/1/2025,,CONTENEDOR DICIEMBRE PALERMO,MASS1355,SECADOR DE PELO HAIRDRYER PX3805 110V,192.00,$2.90,48,4,71,53,57,$0.214,$0.86,$117.97,$471.88,$2.46,$5.36,1028.6802,,,,
500,Entregado,1/1/2025,,CONTENEDOR DICIEMBRE FIRENZE,MASS1988,"ROLLO PANEL DECORATIVO HYJQ-112 1,2m x 3m",200.00,$4.80,10,20,122,34,34,$0.141,$2.82,$70.52,"$1,410.32",$7.05,$11.85,2370.32,,,,
550,Entregado,1/1/2025,,CONTENEDOR DICIEMBRE PALERMO,MASS1866,"VASO STANLEY 40ONZ (NEGRO 60,VERDE60, AZUL60, MORADO60, ROSA60, BLANCO60 LILA40 )",400.00,$5.80,20,20,60.5,54.5,34.5,$0.114,$2.28,$62.57,"$1,251.31",$3.13,$8.93,3571.306375,,,,
550,Entregado,1/1/2025,,CONTENEDOR DICIEMBRE PALERMO,MASS1867,VASO STANLEY 40ONZ (VERDE60),,,,,,,,,,,,,,,,,,
550,Entregado,1/1/2025,,CONTENEDOR DICIEMBRE PALERMO,MASS1868,VASO STANLEY 40ONZ (AZUL 60),,,,,,,,,,,,,,,,,,
550,Entregado,1/1/2025,,CONTENEDOR DICIEMBRE PALERMO,MASS1869,VASO STANLEY 40ONZ (MORADO 60),,,,,,,,,,,,,,,,,,
550,Entregado,1/1/2025,,CONTENEDOR DICIEMBRE PALERMO,MASS1870,VASO STANLEY 40ONZ (ROSA60),,,,,,,,,,,,,,,,,,
550,Entregado,1/1/2025,,CONTENEDOR DICIEMBRE PALERMO,MASS1878,TIMBRE INTERCOMUNICADOR INTELIGENTE CON CAMARA WIFFI IP,200.00,$4.50,40,5,47,22.5,39.5,$0.042,$0.21,$22.97,$114.87,$0.57,$5.07,1014.870938,,,,
550,Entregado,1/1/2025,,CONTENEDOR DICIEMBRE PALERMO,MASS1901,VENTILADOR DE TECHO LED 30W 25CM CON CONTROL REMOTO ILUMINACION REGULABLE 85-265V,200.00,$2.45,20,10,48,44,48,$0.101,$1.01,$55.76,$557.57,$2.79,$5.24,1047.568,,,,
550,Entregado,1/1/2025,,CONTENEDOR DICIEMBRE PALERMO,MASS1904,CAMARA TIPO BOMBILLO BASE E27 1080P,200.00,$2.90,50,4,54,32,36,$0.062,$0.25,$34.21,$136.86,$0.68,$3.58,716.8576,,,,
550,Entregado,1/1/2025,,CONTENEDOR DICIEMBRE PALERMO,MASS0040,AUDIFONO INALAMBRICO F9,"1,000.00",$1.45,100,10,48,49,24,$0.056,$0.56,$31.05,$310.46,$0.31,$1.76,1760.464,,,,
550,Entregado,1/1/2025,,CONTENEDOR DICIEMBRE PALERMO,MASS0066,"BASE TV MOVIBLE 14-55"" 15KG",400.00,$2.35,10,40,49,26,37,$0.047,$1.89,$25.93,"$1,037.04",$2.59,$4.94,1977.036,,,,
550,Entregado,1/1/2025,,CONTENEDOR DICIEMBRE PALERMO,"MASS1631 NEGRO
MASS1632 GRIS OSCURO
MASS1633 GRIS CLARO
MASS1634 AZUL MASS1636 BEIGE MASS1635","CORTINAS BLACK OUT 132 X 214 CM (NEGRO80, GRIS60, AZUL40,GRIS CLARO40,BEIGE40,CAQUI40,COFFE40)",300.00,$4.05,20,15,38,27,54,$0.055,$0.83,$30.47,$457.08,$1.52,$5.57,1672.083,,,,
550,Entregado,1/1/2025,,CONTENEDOR DICIEMBRE PALERMO,"MASS1359 M 100
MASS1459 L 150
MASS1460 XL 150",TOBILLERA AJUSTABLE,400.00,$0.52,200,2,42,36,30,$0.045,$0.09,$24.95,$49.90,$0.12,$0.64,257.896,,,,
550,Entregado,1/1/2025,,CONTENEDOR DICIEMBRE PALERMO,MASS0881,AMOLADOR DE CUCHILLO,288.00,$0.40,144,2,57,46,54,$0.142,$0.28,$77.87,$155.75,$0.54,$0.94,270.9468,,,,
550,Entregado,1/1/2025,,CONTENEDOR DICIEMBRE PALERMO,MASS0409,RADIO BOAFENG 888S,150.00,$8.40,30,5,48.5,42,67,$0.136,$0.68,$75.06,$375.32,$2.50,$10.90,1635.31725,,,,
550,Entregado,1/1/2025,,CONTENEDOR DICIEMBRE PALERMO,MASS0943,PISTOLA MASAJEADORA GRANDE GRIS,180.00,$5.90,12,15,33,46,47.5,$0.072,$1.08,$39.66,$594.87,$3.30,$9.20,1656.86625,,,,
550,Entregado,1/1/2025,,CONTENEDOR DICIEMBRE PALERMO,MASS0942,AIRPODS PRO 2,400.00,$4.70,100,4,49.5,36.7,40.5,$0.074,$0.29,$40.47,$161.86,$0.40,$5.10,2041.863515,,,,
550,Entregado,1/1/2025,,CONTENEDOR DICIEMBRE PALERMO,MASS1671,KIT DE MANICURISTA,300.00,$2.20,100,3,25,35,45,$0.039,$0.12,$21.66,$64.97,$0.22,$2.42,724.96875,,,,
550,Entregado,1/1/2025,,CONTENEDOR DICIEMBRE PALERMO,MASS1301,EXTENSOR DE SEÑAL 300 MBPS BLANCOS,400.00,$2.55,100,4,58,38,44,$0.097,$0.39,$53.34,$213.35,$0.53,$3.08,1233.3472,,,,
550,Entregado,1/1/2025,,CONTENEDOR DICIEMBRE PALERMO,MASS1522,NAVAJA MULTIHERRAMIENTA DE ACERO,440.00,$3.10,40,11,35.2,31.5,23.8,$0.026,$0.29,$14.51,$159.66,$0.36,$3.46,1523.656112,,,,
550,Entregado,1/1/2025,,CONTENEDOR DICIEMBRE PALERMO,"MASS1307 NEGRO
MASS1308 BLANCO
MASS1310 ROJO
MASS1309 AZUL","AUDIFONO INALAMBRICO P9 (NEGRO 200, BLANCO100, AZUL 50, ROJO50, )",400.00,$1.70,100,4,103.5,48,59,$0.293,$1.17,$161.21,$644.85,$1.61,$3.31,1324.8464,,,,
550,Entregado,1/1/2025,,CONTENEDOR DICIEMBRE PALERMO,MASS1315,AUDIFONO INALAMBRICO RECARGABLE M90 PRO,100.00,$1.75,100,1,52,42,24,$0.052,$0.05,$28.83,$28.83,$0.29,$2.04,203.8288,,,,
550,Entregado,1/1/2025,,CONTENEDOR DICIEMBRE PALERMO,MASS1806,CAMARA DE SEGURIDAD DOBLE ROBOTICA 360° GRADOS HD MICRO SD WIFFI,50.00,$6.50,50,1,56.5,28.5,53.4,$0.086,$0.09,$47.29,$47.29,$0.95,$7.45,372.2930425,,,,
550,Entregado,1/1/2025,,CONTENEDOR DICIEMBRE PALERMO,MASS1126 GRIS MASS1127 ROJO,MOUSE INALAMBRICO (GRIS 250 / ROJO 150 ),400.00,$1.23,200,2,49,48,36,$0.085,$0.17,$46.57,$93.14,$0.23,$1.46,585.1392,,,,
550,Entregado,1/1/2025,,CONTENEDOR DICIEMBRE PALERMO,"MASS1442 BLANCO
MASS0327 NEGRO
MASS0328 GRIS",MOUSE INALAMBRICO RECARGALE (NEGRO 200/ BLANCO 150/ PLATEADO 50),400.00,$1.40,100,4,39.5,35,27,$0.037,$0.15,$20.53,$82.12,$0.21,$1.61,642.1205,,,,
550,Entregado,1/1/2025,,CONTENEDOR DICIEMBRE PALERMO,MASS1871,VASO STANLEY 40ONZ (BLANCO60),,,,,,,,,,,,,,,,,,
550,Entregado,1/1/2025,,CONTENEDOR DICIEMBRE PALERMO,MASS0329,MOUSE PAD MAPAMUNID,200.00,$1.00,120,1.666666667,32,82,32,$0.084,$0.14,$46.18,$76.97,$0.38,$1.38,276.9706667,,,,
550,Entregado,1/1/2025,,CONTENEDOR DICIEMBRE PALERMO,MASS1379,MOUSE PAD RGB 30X80,300.00,$2.45,120,2.5,32,82,32,$0.084,$0.21,$46.18,$115.46,$0.38,$2.83,850.456,,,,
550,Entregado,1/1/2025,,CONTENEDOR DICIEMBRE PALERMO,MASS1524 AZUL,"PAR DE MUÑEQUERA DE FITNESS DE ALTA CALIDAD(GRIS140,AZUL90, NARANJA90,ROJA80)",400.00,$0.80,250,1.6,50,42,42,$0.088,$0.14,$48.51,$77.62,$0.19,$0.99,397.616,,,,
550,Entregado,1/1/2025,,CONTENEDOR DICIEMBRE PALERMO,MASS0919,REMOVEDOR DE CALLOR RECARGABLE,150.00,$1.68,100,1.5,53.5,36.5,51.5,$0.101,$0.15,$55.31,$82.97,$0.55,$2.23,334.9674656,,,,
550,Entregado,1/1/2025,,CONTENEDOR DICIEMBRE PALERMO,MASS1295,TENDEDERO DE ROPA PLEGABLE,160.00,$2.90,32,5,60,42.5,29,$0.074,$0.37,$40.67,$203.36,$1.27,$4.17,667.3625,,,,
550,Entregado,1/1/2025,,CONTENEDOR DICIEMBRE PALERMO,MASS1788,PROYECTOR ESTRELLAS DE LUCES DE GALAXIA ASTRONAUTA,480.00,$3.80,48,10,40,40.5,35.5,$0.058,$0.58,$31.63,$316.31,$0.66,$4.46,2140.305,,,,
550,Entregado,1/1/2025,,CONTENEDOR DICIEMBRE PALERMO,MASS1602,EVOPLAST NEGRO PARA EMBALAR 400Mts,300.00,$6.65,6,50,40,27,48,$0.052,$2.59,$28.51,"$1,425.60",$4.75,$11.40,3420.6,,,,
550,Entregado,1/1/2025,,CONTENEDOR DICIEMBRE PALERMO,MASS1829,GLUCOMETRO SINOCARE (AGUJAS EXTRAS),180.00,$11.00,30,6,51,25,27,$0.034,$0.21,$18.93,$113.60,$0.63,$11.63,2093.6025,,,,
550,Entregado,1/1/2025,,CONTENEDOR DICIEMBRE PALERMO,MASS0062,BASE DE TV FIJA 14-42 B27,210.00,$1.05,20,10.5,52.5,37,25,$0.049,$0.51,$26.71,$280.45,$1.34,$2.39,500.9484375,,,,
550,Entregado,1/1/2025,,CONTENEDOR DICIEMBRE PALERMO,,"Faja Reductora Moldeadora Neopreno Fitness Cintura Techno (NEGRO 40S,119M,L100,80XL,60XXLEN CAJA",400.00,$1.28,100,4,67,50,40,$0.134,$0.54,$73.70,$294.80,$0.74,$2.02,806.8,,,,
550,Entregado,1/1/2025,,CONTENEDOR DICIEMBRE PALERMO,MASS1818,RELOJ INTELIGENTE S9 (3 CORREAS INCLUIDAS),"1,200.00",$3.25,50,24,55,30,22.6,$0.037,$0.89,$20.51,$492.23,$0.41,$3.66,4392.228,,,,
550,Entregado,1/1/2025,,CONTENEDOR DICIEMBRE PALERMO,MASS0238 Marron Oscuro,"Air humidifier 006 MARRON OSCURO (180 MARRON OSCURO, 120 MARRON CLARO, 100 BLANCO)",420.00,$1.35,60,7,55,33,42,$0.076,$0.53,$41.93,$293.49,$0.70,$2.05,860.4855,,,,
550,Entregado,1/1/2025,,CONTENEDOR DICIEMBRE PALERMO,MASS0239 Marron Claro,"Air humidifier 006 MARRON OSCURO (180 MARRON OSCURO, 120 MARRON CLARO, 100 BLANCO)",,,,,,,,,,,,,,,,,,
550,Entregado,1/1/2025,,CONTENEDOR DICIEMBRE PALERMO,MASS0237 Blanco,"Air humidifier 006 MARRON OSCURO (180 MARRON OSCURO, 120 MARRON CLARO, 100 BLANCO)",,,,,,,,,,,,,,,,,,
550,Entregado,1/1/2025,,CONTENEDOR DICIEMBRE PALERMO,MASS0823 Marron Oscuro,"Air humidifier 036 MARRON OSCURO (240MARRON OSCURO, 180MARRON CLARO,60 BLANCO)",480.00,$1.40,60,8,54,44,48,$0.114,$0.91,$62.73,$501.81,$1.05,$2.45,1173.8112,,,,
550,Entregado,1/1/2025,,CONTENEDOR DICIEMBRE PALERMO,MASS0822 Marron Claro,"Air humidifier 036 MARRON OSCURO (240MARRON OSCURO, 180MARRON CLARO,60 BLANCO)",,,,,,,,,,,,,,,,,,
550,Entregado,1/1/2025,,CONTENEDOR DICIEMBRE PALERMO,MASS0821 Blanco,"Air humidifier 036 MARRON OSCURO (240MARRON OSCURO, 180MARRON CLARO,60 BLANCO)",,,,,,,,,,,,,,,,,,
550,Entregado,1/1/2025,,CONTENEDOR DICIEMBRE PALERMO,MASS1574,TIRRO MASSHOPPING 5CM*100m,800.00,$0.65,72,11.11111111,47.5,36,31.5,$0.054,$0.60,$29.63,$329.18,$0.41,$1.06,849.175,,,,
550,Entregado,1/1/2025,,CONTENEDOR DICIEMBRE PALERMO,,TIRRO AMBROXAM,300.00,$0.70,72,4.166666667,47.5,36,31.5,$0.054,$0.22,$29.63,$123.44,$0.41,$1.11,333.440625,,,,
550,Entregado,1/1/2025,,CONTENEDOR DICIEMBRE PALERMO,USO,CARRO CON RUEDA,1.00,$96.00,1,1,84,34,174,$0.497,$0.50,$273.32,$273.32,$273.32,$369.32,369.3192,,,,
550,Entregado,1/1/2025,,CONTENEDOR DICIEMBRE PALERMO,,PEDIDO SEXHOP,,,,,,,,,,,,,,,,,,
550,Entregado,1/1/2025,,CONTENEDOR DICIEMBRE PALERMO,MASS1959 MASS1960 MASS1964,Masturbador De Torso Corporal Realista (20 DE CADA UNA ),50.00,$5.90,1,50,23,15,11,$0.004,$0.19,$2.09,$104.36,$2.09,$7.99,399.3625,,,,
550,Entregado,1/1/2025,,CONTENEDOR DICIEMBRE PALERMO,MASS1946 MASS1947 MASS1948,"Masturbador Cheap Thrills, Suave Y Flexible (20 DE CADA UNA)",80.00,$3.80,20,4,28,50,38,$0.053,$0.21,$29.26,$117.04,$1.46,$5.26,421.04,,,,
550,Entregado,1/1/2025,,CONTENEDOR DICIEMBRE PALERMO,MASS1952,Plug Anal De Metal Con luces LED,150.00,$5.08,50,3,36,34,20,$0.024,$0.07,$13.46,$40.39,$0.27,$5.35,802.392,,,,
550,Entregado,1/1/2025,,CONTENEDOR DICIEMBRE PALERMO,MASS0497 MASS0498,"SET ADULTO JUEGO SEXUAL BONDAGE LATIGO, MORDAZA, ESPOSA, MASCARA -SM10S01 (250NEGRO,50ROJO)",300.00,$3.20,50,6,60,42,32,$0.081,$0.48,$44.35,$266.11,$0.89,$4.09,1226.112,,,,
550,Entregado,1/1/2025,,CONTENEDOR DICIEMBRE PALERMO,MASS0518,stud 100 (TAPA NEGRA),"3,000.00",$0.86,300,10,48,31,39,$0.058,$0.58,$31.92,$319.18,$0.11,$0.97,2899.176,,,,
550,Entregado,1/1/2025,,CONTENEDOR DICIEMBRE PALERMO,MASS0584,VAGINA VIBRADORA PUSSY DLS001,250.00,$1.90,40,6.25,50,34,40,$0.068,$0.43,$37.40,$233.75,$0.94,$2.84,708.75,,,,
550,Entregado,1/1/2025,,CONTENEDOR DICIEMBRE PALERMO,MASS0599 MASS0600,"VIBRADOR CONSOLADOR RABBIT JUMP HQMY2026 (ROSA20,MORADO20)",40.00,$12.80,40,1,50,25,36,$0.045,$0.05,$24.75,$24.75,$0.62,$13.42,536.75,,,,
550,Entregado,1/1/2025,,CONTENEDOR DICIEMBRE PALERMO,MASS0610,CONSOLADOR REALISTICO EYACULADOR YHNB224S,400.00,$3.98,100,4,51,42,24,$0.051,$0.21,$28.27,$113.10,$0.28,$4.26,1705.0976,,,,
550,Entregado,1/1/2025,,CONTENEDOR DICIEMBRE PALERMO,,VIBRADOR REALISTICO YUECHAO BLDZD001 piel200/rosa100/morado100/negro200,600.00,$1.55,100,6,22,28,45,$0.028,$0.17,$15.25,$91.48,$0.15,$1.70,1021.476,,,,
550,Entregado,1/1/2025,,CONTENEDOR DICIEMBRE PALERMO,,"LUBRICANTE PRIVATE LIFE 30ML XZLSG30ML (200PLATANO, 200UVA)",400.00,$0.20,100,4,25,25,30,$0.019,$0.08,$10.31,$41.25,$0.10,$0.30,121.25,,,,
550,Entregado,1/1/2025,,CONTENEDOR DICIEMBRE PALERMO,,LUBRICANTE ANAL LOVE MONOGATARI 200ML ZTAO01,300.00,$0.68,156,1.923076923,58,66,35,$0.134,$0.26,$73.69,$141.71,$0.47,$1.15,345.7096154,,,,
550,Entregado,1/1/2025,,CONTENEDOR DICIEMBRE PALERMO,,IMITACION DE SEMEN LECHE SIYI 200ML SYXDZ01,100.00,$0.55,50,2,65,33,17,$0.036,$0.07,$20.06,$40.11,$0.40,$0.95,95.1115,,,,
550,Entregado,1/1/2025,,CONTENEDOR DICIEMBRE PALERMO,,Consolador Triple Penetración Vibrador Parejas Lesbicas,40.00,$5.50,40,1,47.5,35.5,25.5,$0.043,$0.04,$23.65,$23.65,$0.59,$6.09,243.6496563,,,,
550,Entregado,1/1/2025,,CONTENEDOR DICIEMBRE PALERMO,,Rabbit Vibrator Sex Toys for Women 10 Frequency Vaginal Anal Massager G Spot (VERDE40),40.00,$4.98,90,0.4444444444,72,34,54,$0.132,$0.06,$72.71,$32.31,$0.81,$5.79,231.5136,,,,
550,Entregado,1/1/2025,,CONTENEDOR DICIEMBRE PALERMO,,Beginner G-Spot Vibrator Nipple Clitoris Stimulator Vagina Dildo Erotic,30.00,$4.40,60,0.5,25,25,30,$0.019,$0.01,$10.31,$5.16,$0.17,$4.57,137.15625,,,,
550,Entregado,1/1/2025,,CONTENEDOR DICIEMBRE PALERMO,,CARAMELO EXPLOSIVO COMESTIBLE,500.00,$1.00,60,8.333333333,32,32,24,$0.025,$0.20,$13.52,$112.64,$0.23,$1.23,612.64,,,,
550,Entregado,1/1/2025,,CONTENEDOR DICIEMBRE PALERMO,MASS1734,FORRO PARA PENE TEXTURIZADO CON BALA VIBRADORA,40.00,$2.50,40,1,30,37,30,$0.033,$0.03,$18.32,$18.32,$0.46,$2.96,118.315,,,,
550,Entregado,1/1/2025,,CONTENEDOR DICIEMBRE PALERMO,,PEDIDO ELECTRONICA 2,,,,,,,,,,,,,,,,,,
550,Entregado,1/1/2025,,CONTENEDOR DICIEMBRE PALERMO,MASS1377,HIDROYET RECARGABLE 48VF (Con maleta y boquilla),150.00,$8.00,10,15,77,25.5,49,$0.096,$1.44,$52.92,$793.74,$5.29,$13.29,1993.744875,,,,
550,Entregado,1/1/2025,,CONTENEDOR DICIEMBRE PALERMO,MASS1058,MARCADOR DOBLE PUNTA 24 PCS TOUCH,500.00,$0.96,50,10,51.5,34.5,36,$0.064,$0.64,$35.18,$351.80,$0.70,$1.66,831.7965,,,,
550,Entregado,1/1/2025,,CONTENEDOR DICIEMBRE PALERMO,MASS1718,"Vibrador de silicona reutilizable para hombres, Anillo para el pene,",50.00,$0.40,100,0.5,43,22,28,$0.026,$0.01,$14.57,$7.28,$0.15,$0.55,27.2842,,,,
550,Entregado,1/1/2025,,CONTENEDOR DICIEMBRE PALERMO,MASS1059,MARCADOR DOBLE PUNTA 36 PCS TOUCH,324.00,$1.42,32,10.125,51.5,34.5,36,$0.064,$0.65,$35.18,$356.19,$1.10,$2.52,816.2739563,,,,
550,Entregado,1/1/2025,,CONTENEDOR DICIEMBRE PALERMO,MASS1060,MARCADOR DOBLE PUNTA 48 PCS TOUCH,312.00,$1.75,25,12.48,51.5,34.5,36,$0.064,$0.80,$35.18,$439.04,$1.41,$3.16,985.042032,,,,
550,Entregado,1/1/2025,,CONTENEDOR DICIEMBRE PALERMO,MASS1861,BATERIA HIDROJET PORTATIL 48V,300.00,$3.50,100,3,20,35,35,$0.025,$0.07,$13.48,$40.43,$0.13,$3.63,1090.425,,,,
550,Entregado,1/1/2025,,CONTENEDOR DICIEMBRE PALERMO,MASS1655,DRONE,180.00,$6.80,36,5,27,66,53,$0.094,$0.47,$51.95,$259.73,$1.44,$8.24,1483.7265,,,,
550,Entregado,1/1/2025,,CONTENEDOR DICIEMBRE PALERMO,,"LUBRICANTE PRIVATE LIFE 100ML XZLSG100ML (CEREZA200,FRESA200, LIMA100)",500.00,$0.54,100,5,35,44,30,$0.046,$0.23,$25.41,$127.05,$0.25,$0.79,397.05,,,,
550,Entregado,1/1/2025,,CONTENEDOR DICIEMBRE PALERMO,MASS1818,RELOJ INTELIGENTE S9 (3 CORREAS INCLUIDAS),,$3.25,50,,55,30,22.6,$0.037,,$20.51,,$0.41,$3.66,,,,,
550,Entregado,1/1/2025,,CONTENEDOR DICIEMBRE PALERMO,MASS1819,RELOJ INTELIGENTE SMARTWATCH S100 NUEVO,300.00,$4.75,100,3,59.5,43.5,28.5,$0.074,$0.22,$40.57,$121.71,$0.41,$5.16,1546.712456,,,,
550,Entregado,1/1/2025,,CONTENEDOR DICIEMBRE PALERMO,MASS1815,"RELOJ INTELIGENTE SMARTWATCH T900 ULTRA NEGRO (400 NEGRO, 100 GRIS, 100 NARANJA)",600.00,$2.70,100,6,35,28,45,$0.044,$0.26,$24.26,$145.53,$0.24,$2.94,1765.53,,,,
550,Entregado,1/1/2025,,CONTENEDOR DICIEMBRE PALERMO,MASS1230,TENSIOMETRO DIGITAL SIN VOZ,300.00,$2.00,30,10,52,36,33,$0.062,$0.62,$33.98,$339.77,$1.13,$3.13,939.768,,,,
550,Entregado,1/1/2025,,CONTENEDOR DICIEMBRE PALERMO,MASS0025,ARNE REALISTICO CON CINTURON QBTG7801,400.00,$3.30,30,13.33333333,50,30,30,$0.045,$0.60,$24.75,$330.00,$0.83,$4.13,1650,,,,
550,Entregado,1/1/2025,,CONTENEDOR DICIEMBRE PALERMO,MASS1099,TENSIOMETRO MANUAL,300.00,$3.68,50,6,56,39,38,$0.083,$0.50,$45.65,$273.87,$0.91,$4.59,1377.8736,,,,
550,Entregado,1/1/2025,,CONTENEDOR DICIEMBRE PALERMO,MASS0918,TAZA BATIDORA RECARGABLE,360.00,$2.30,60,6,38,57,63,$0.136,$0.82,$75.05,$450.31,$1.25,$3.55,1278.3114,,,,
550,Entregado,1/1/2025,,CONTENEDOR DICIEMBRE PALERMO,MASS0634,MINI CAMARA WIFFI A9,400.00,$1.50,100,4,54,43,23,$0.053,$0.21,$29.37,$117.49,$0.29,$1.79,717.4932,,,,
550,Entregado,1/1/2025,,CONTENEDOR DICIEMBRE PALERMO,MASS0128,CASE EXTERNO 2.5 USB 3.0 NEGRO,200.00,$1.52,100,2,40,32,53,$0.068,$0.14,$37.31,$74.62,$0.37,$1.89,378.624,,,,
550,Entregado,1/1/2025,,CONTENEDOR DICIEMBRE PALERMO,MASS1944,Control remoto inalámbrico Anillos de pene Vibrador de 7 frecuencias Anillo de pene Anal,30.00,$7.80,30,1,25,12,36,$0.011,$0.01,$5.94,$5.94,$0.20,$8.00,239.94,,,,
550,Entregado,1/1/2025,,CONTENEDOR DICIEMBRE PALERMO,"MASS1802 ROSADO
MASS1813 BLANCA",Almohadilla de calentamiento Menstrual portátil (60 BLANCO - 60 ROSA),120.00,$4.00,60,2,49.5,45.2,32,$0.072,$0.14,$39.38,$78.76,$0.66,$4.66,558.75648,,,,
550,Entregado,1/1/2025,,CONTENEDOR DICIEMBRE PALERMO,MASS0825,MAQUINA KEMEI 3 EN 1,300.00,$3.20,60,5,60,47,25.5,$0.072,$0.36,$39.55,$197.75,$0.66,$3.86,1157.7525,,,,
550,Entregado,1/1/2025,,CONTENEDOR DICIEMBRE PALERMO,MASS1657,MAQUINA KEMEI 4 EN 1 KM-6630,300.00,$3.60,100,3,71,42.5,42.5,$0.128,$0.38,$70.53,$211.60,$0.71,$4.31,1291.602188,,,,
550,Entregado,1/1/2025,,CONTENEDOR DICIEMBRE PALERMO,MASS1645,LAMPARA RESTAURANTES TOUCH,300.00,$2.90,25,12,44,44,39,$0.076,$0.91,$41.53,$498.33,$1.66,$4.56,1368.3264,,,,
550,Entregado,1/1/2025,,CONTENEDOR DICIEMBRE PALERMO,MASS1527,MINI MOTOSIERRA INALAMBRICA PORTATIL 6 EN 1 CON 2 BATERIAS,40.00,$14.00,10,4,59.5,37.5,42,$0.094,$0.37,$51.54,$206.17,$5.15,$19.15,766.1675,,,,
550,Entregado,1/1/2025,,CONTENEDOR DICIEMBRE PALERMO,MASS1477,SET DE ARTE 150 PCS,200.00,$1.65,20,10,37,62,35,$0.080,$0.80,$44.16,$441.60,$2.21,$3.86,771.595,,,,
550,Entregado,1/1/2025,,CONTENEDOR DICIEMBRE PALERMO,MASS1982,Estabilizador Gimbal 3 Ejes iPhone / Android,50.00,$32.00,10,5,36,34,36,$0.044,$0.22,$24.24,$121.18,$2.42,$34.42,1721.176,,,,
550,Entregado,1/1/2025,,CONTENEDOR DICIEMBRE PALERMO,,transmisor y receptor de bluetooh 2 en 1,200.00,$1.95,200,1,57,34,40,$0.078,$0.08,$42.64,$42.64,$0.21,$2.16,432.636,,,,
550,Entregado,1/1/2025,,CONTENEDOR DICIEMBRE PALERMO,,TIRRO FERRACA,312.00,$0.70,72,4.333333333,47.5,36,31.5,$0.054,$0.23,$29.63,$128.38,$0.41,$1.11,346.77825,,,,
550,Entregado,1/1/2025,,CONTENEDOR DICIEMBRE PALERMO,MASS1975,MAQUINA ELECTRICA QUITA PELUSA RECARGABLE,150.00,$1.38,80,1.875,68.5,35,44.5,$0.107,$0.20,$58.68,$110.02,$0.73,$2.11,317.0227734,,,,
550,Entregado,1/1/2025,,CONTENEDOR DICIEMBRE PALERMO,MASS1976,MAQUINA AFEITAR KEMEI KM-1071 RECARGABLE,200.00,$4.80,40,5,65,29,43.5,$0.082,$0.41,$45.10,$225.49,$1.13,$5.93,1185.493125,,,,
550,Entregado,1/1/2025,,CONTENEDOR DICIEMBRE PALERMO,MASS1819,RELOJ INTELIGENTE SMARTWATCH S100,500.00,$4.75,100,5,59.5,43.5,28.5,$0.074,$0.37,$40.57,$202.85,$0.41,$5.16,2577.854094,,,,
550,Entregado,1/1/2025,,CONTENEDOR DICIEMBRE PALERMO,MASS1977,repElenete para zancudo,480.00,$0.95,80,6,50,40,30,$0.060,$0.36,$33.00,$198.00,$0.41,$1.36,654,,,,
550,Entregado,1/1/2025,,CONTENEDOR DICIEMBRE PALERMO,MASS1093,base porta celular,300.00,$0.55,100,3,38.5,26,34,$0.034,$0.10,$18.72,$56.16,$0.19,$0.74,221.1561,,,,
550,Entregado,1/1/2025,,CONTENEDOR DICIEMBRE PALERMO,MASS0830,ESTIMULADOR ELECTROTERAPIA PORTATIL TENNS,180.00,$2.15,60,3,50.5,39.5,71.5,$0.143,$0.43,$78.44,$235.33,$1.31,$3.46,622.3306313,,,,
550,Entregado,1/1/2025,,CONTENEDOR DICIEMBRE PALERMO,,CAMARA WIFFI MOTORIZADA,200.00,$3.90,20,10,42,62,41,$0.107,$1.07,$58.72,$587.20,$2.94,$6.84,1367.202,,,,
550,Entregado,1/1/2025,,CONTENEDOR DICIEMBRE PALERMO,MASS1978,HAMACA CHINCORRO PARA CAMPING,100.00,$3.30,20,5,39,27,43,$0.045,$0.23,$24.90,$124.52,$1.25,$4.55,454.51725,,,,
550,Entregado,1/1/2025,,CONTENEDOR DICIEMBRE PALERMO,MASS1979,NAVJA MULTIUSO,200.00,$5.75,40,5,50,40,30,$0.060,$0.30,$33.00,$165.00,$0.83,$6.58,1315,,,,
550,Entregado,1/1/2025,,CONTENEDOR DICIEMBRE PALERMO,MASS1980,PARRILLETA PORTATIL,150.00,$3.50,10,15,63.5,42,48,$0.128,$1.92,$70.41,"$1,056.13",$7.04,$10.54,1581.132,,,,
550,Entregado,1/1/2025,,CONTENEDOR DICIEMBRE PALERMO,MASS0267,LINTERNA METAL TACTICA 511 VERDE MILITAR,300.00,$0.82,240,1.25,48,32,40.5,$0.062,$0.08,$34.21,$42.77,$0.14,$0.96,288.768,,,,
550,Entregado,1/1/2025,,CONTENEDOR DICIEMBRE PALERMO,MASS1981,AHUMADOR PORTATIL,36.00,$7.20,6,6,58,43,58,$0.145,$0.87,$79.56,$477.35,$13.26,$20.46,736.5516,,,,
550,Entregado,1/1/2025,,CONTENEDOR DICIEMBRE PALERMO,MASS1899,CARRITO PLEGABLE PLAYERO TODO TERRENO SOPORTA 300 LBS NEGRO,50.00,$10.20,1,50,50,13,66,$0.043,$2.15,$23.60,"$1,179.75",$23.60,$33.80,1689.75,,,,
550,Entregado,1/1/2025,,CONTENEDOR DICIEMBRE PALERMO,MASS1830,SET DE HERRAMIENTAS 53 PCS,240.00,$3.10,12,20,54.5,25,27.5,$0.037,$0.75,$20.61,$412.16,$1.72,$4.82,1156.15625,,,,
550,Entregado,1/1/2025,,CONTENEDOR DICIEMBRE PALERMO,,PEDIDO REVESTIMIENTO,,,,,,,,,,,,,,,,,,
550,Entregado,1/1/2025,,CONTENEDOR DICIEMBRE PALERMO,MASS1402,PISO VINIL HHYM3013,200.00,$11.20,1,200,96,16.5,8.8,$0.014,$2.79,$7.67,"$1,533.31",$7.67,$18.87,3773.312,,,,
550,Entregado,1/1/2025,,CONTENEDOR DICIEMBRE PALERMO,MASS1324,PISO VINIL HHYM3039,100.00,$11.20,1,100,96,16.5,8.8,$0.014,$1.39,$7.67,$766.66,$7.67,$18.87,1886.656,,,,
550,Entregado,1/1/2025,,CONTENEDOR DICIEMBRE PALERMO,MASS1989,PISO VINIL HHYM3043,200.00,$11.20,1,200,96,16.5,8.8,$0.014,$2.79,$7.67,"$1,533.31",$7.67,$18.87,3773.312,,,,
550,Entregado,1/1/2025,,CONTENEDOR DICIEMBRE PALERMO,,ROLLO PANEL DECORATIVO BD871,200.00,$1.80,50,4,2500,60,0.45,$0.068,$0.27,$37.13,$148.50,$0.74,$2.54,508.5,,,,
550,Entregado,1/1/2025,,CONTENEDOR DICIEMBRE PALERMO,,ROLLO PANEL DECORATIVO BD928,200.00,$1.80,50,4,2500,60,0.45,$0.068,$0.27,$37.13,$148.50,$0.74,$2.54,508.5,,,,
550,Entregado,1/1/2025,,CONTENEDOR DICIEMBRE PALERMO,,ROLLO PANEL DECORATIVO BD771,200.00,$1.80,50,4,2500,60,0.45,$0.068,$0.27,$37.13,$148.50,$0.74,$2.54,508.5,,,,
550,Entregado,1/1/2025,,CONTENEDOR DICIEMBRE PALERMO,,ROLLO PANEL DECORATIVO BD721,200.00,$1.80,50,4,2500,60,0.45,$0.068,$0.27,$37.13,$148.50,$0.74,$2.54,508.5,,,,
500,Entregado,1/1/2025,,CONTENEDOR DICIEMBRE FIRENZE,MASS1879,"ESTANTE METALICO PARA GALPON (PARAL AZUL, CORREDERA NARANJA, LAMINA BLANCA )",25.00,$60.00,1,25,50,36,200,$0.360,$9.00,$180.00,"$4,500.00",$180.00,$240.00,6000,,,,
550,Entregado,1/1/2025,,CONTENEDOR DICIEMBRE PALERMO,MASS1517,MINI PROYECTOR VIDEO BEAM,120.00,$9.58,20,6,44,42,37.2,$0.069,$0.41,$37.81,$226.86,$1.89,$11.47,1376.46048,,,,
500,Entregado,1/1/2025,,CONTENEDOR DICIEMBRE FIRENZE,MASS1895,"6 piezas/juego de vajilla duradera de paja de trigo - Apto para microondas y lavavajillas - Platos, cuencos y tazas reutilizables - Negro (juego de 4)",80.00,$3.00,8,10,54,41,55,$0.122,$1.22,$60.89,$608.85,$7.61,$10.61,848.85,,,,
500,Entregado,1/1/2025,,CONTENEDOR DICIEMBRE FIRENZE,MASS1899,CARRITO PLEGABLE PLAYERO TODO TERRENO SOPORTA 300 LBS NEGRO,40.00,$10.20,1,40,50,13,66,$0.043,$1.72,$21.45,$858.00,$21.45,$31.65,1266,,,,
500,Entregado,1/1/2025,,CONTENEDOR DICIEMBRE FIRENZE,"MASS1356 NEGRO
MASS1429 AZUL
MASS1430 ROSADO","MAT DE YOGA 1CM GROSOR (150NEGRO,75AZUL,75ROSADA)\",300.00,$1.42,25,12,60,43,60,$0.155,$1.86,$77.40,$928.80,$3.10,$4.52,1354.8,,,,
500,Entregado,1/1/2025,,CONTENEDOR DICIEMBRE FIRENZE,MASS1041,LIMPIADOR A VAPOR 900W 10 PCS,144.00,$11.00,8,18,46,46,49,$0.104,$1.87,$51.84,$933.16,$6.48,$17.48,2517.156,,,,
550,Entregado,1/1/2025,,CONTENEDOR DICIEMBRE PALERMO,"MASS1549 35-40
MASS1627 41-45","PLANTILLAS ORTOPEDICAS CON GEL (35-40 150PCS, 41-45 150PCS)",300.00,$0.68,100,3,45,33,46,$0.068,$0.20,$37.57,$112.71,$0.38,$1.06,316.7115,,,,
500,Entregado,1/1/2025,,CONTENEDOR DICIEMBRE FIRENZE,MASS0061,BASE PARA LAPTOP ERGOSTAND,240.00,$2.45,20,12,64,39,56.5,$0.141,$1.69,$70.51,$846.14,$3.53,$5.98,1434.144,,,,
500,Entregado,1/1/2025,,CONTENEDOR DICIEMBRE FIRENZE,MASS1526,CAJA ORGANIZADOR DE ZAPATO 12 PCS,140.00,$5.65,10,14,76,46,31,$0.108,$1.52,$54.19,$758.63,$5.42,$11.07,1549.632,,,,
500,Entregado,1/1/2025,,CONTENEDOR DICIEMBRE FIRENZE,MASS1283,AIRE ACONDICIONADO PORTATIL,480.00,$2.75,24,20,63,53.5,37,$0.125,$2.49,$62.35,"$1,247.09",$2.60,$5.35,2567.085,,,,
500,Entregado,1/1/2025,,CONTENEDOR DICIEMBRE FIRENZE,MASS0902,MAQUINA DE COSER PORTATIL,200.00,$3.50,20,10,64,45,44,$0.127,$1.27,$63.36,$633.60,$3.17,$6.67,1333.6,,,,
500,Entregado,1/1/2025,,CONTENEDOR DICIEMBRE FIRENZE,MASS1322,MARCADOR DOBLE PUNTA 80 PCS TOUCH,320.00,$3.20,16,20,51.5,34.5,36,$0.064,$1.28,$31.98,$639.63,$2.00,$5.20,1663.63,,,,
500,Entregado,1/1/2025,,CONTENEDOR DICIEMBRE FIRENZE,MASS1402,PISO VINIL AUTOADHESIVO 3013 ALTO TRAFICO 2MM GROSOR 914.4MM*152.4MM,200.00,$11.20,1,200,94,16.5,9,$0.014,$2.79,$6.98,"$1,395.90",$6.98,$18.18,3635.9,,,,
500,Entregado,1/1/2025,,CONTENEDOR DICIEMBRE FIRENZE,MASS1328,PISO VINIL AUTOADHESIVO 3018 ALTO TRAFICO 2MM GROSOR 914.4MM*152.4MM,200.00,$11.20,1,200,94,16.5,9,$0.014,$2.79,$6.98,"$1,395.90",$6.98,$18.18,3635.9,,,,
500,Entregado,1/1/2025,,CONTENEDOR DICIEMBRE FIRENZE,MASS1917,PISO VINIL AUTOADHESIVO 3020 ALTO TRAFICO 2MM GROSOR 914.4MM*152.4MM,200.00,$11.20,1,200,94,16.5,9,$0.014,$2.79,$6.98,"$1,395.90",$6.98,$18.18,3635.9,,,,
550,Entregado,1/1/2025,,CONTENEDOR DICIEMBRE PALERMO,"MASS1456 S
MASS0785 M
MASS0786 L
MASS0787 XL
MASS0788 XXL","RODILLERA (S40,M100,L120,100XL,40XXL)",400.00,$0.68,200,2,60,34,57,$0.116,$0.23,$63.95,$127.91,$0.32,$1.00,399.908,,,,
550,Entregado,1/1/2025,,CONTENEDOR DICIEMBRE PALERMO,MASS1039,MAQUINA PLASTIFICADORA LAMINADORA (10 HOJAS),400.00,$7.80,20,20,42,40,30,$0.050,$1.01,$27.72,$554.40,$1.39,$9.19,3674.4,,,,
500,Entregado,1/1/2025,,CONTENEDOR DICIEMBRE FIRENZE,MASS1918,PISO VINIL AUTOADHESIVO 3026 ALTO TRAFICO 2MM GROSOR 914.4MM*152.4MM,150.00,$11.20,1,150,94,16.5,9,$0.014,$2.09,$6.98,"$1,046.93",$6.98,$18.18,2726.925,,,,
500,Entregado,1/1/2025,,CONTENEDOR DICIEMBRE FIRENZE,MASS1324,PISO VINIL AUTOADHESIVO 3039 ALTO TRAFICO 2MM GROSOR 914.4MM*152.4MM,200.00,$11.20,1,200,94,16.5,9,$0.014,$2.79,$6.98,"$1,395.90",$6.98,$18.18,3635.9,,,,
500,Entregado,1/1/2025,,CONTENEDOR DICIEMBRE FIRENZE,MASS1739,WALL PANEL 3D D088 BLANCO 1MM DE GROSOR 500MM*500MM,100.00,$0.85,50,2,25,50,50,$0.063,$0.13,$31.25,$62.50,$0.63,$1.48,147.5,,,,
500,Entregado,1/1/2025,,CONTENEDOR DICIEMBRE FIRENZE,MASS1562,WALL PANEL 3D D094 BLANCO 1MM DE GROSOR 500MM*500MM,400.00,$0.85,50,8,25,50,50,$0.063,$0.50,$31.25,$250.00,$0.63,$1.48,590,,,,
550,Entregado,1/1/2025,,CONTENEDOR DICIEMBRE PALERMO,MASS1876,Maquina Fabricadora Hielo Portatil,20.00,$36.00,1,20,34.7,26.8,33,$0.031,$0.61,$16.88,$337.58,$16.88,$52.88,1057.57548,,,,
500,Entregado,1/1/2025,,CONTENEDOR DICIEMBRE FIRENZE,,WALL PANEL 3D D094 NEGRO 1MM DE GROSOR 500MM*500MM,300.00,$0.90,50,6,25,50,50,$0.063,$0.38,$31.25,$187.50,$0.63,$1.53,457.5,,,,
500,Entregado,1/1/2025,,CONTENEDOR DICIEMBRE FIRENZE,MASS1741,WALL PANEL 3D D017 BLANCO 1MM DE GROSOR 500MM*500MM,200.00,$0.85,50,4,25,50,50,$0.063,$0.25,$31.25,$125.00,$0.63,$1.48,295,,,,
500,Entregado,1/1/2025,,CONTENEDOR DICIEMBRE FIRENZE,MASS1742,WALL PANEL 3D D017 NEGRO 1MM DE GROSOR 500MM*500MM,200.00,$0.90,50,4,25,50,50,$0.063,$0.25,$31.25,$125.00,$0.63,$1.53,305,,,,
500,Entregado,1/1/2025,,CONTENEDOR DICIEMBRE FIRENZE,MASS1410,WALL PANEL NEGRO YC101 290*168*23,280.00,$2.35,14,20,300,17.5,23,$0.121,$2.42,$60.38,"$1,207.50",$4.31,$6.66,1865.5,,,,
500,Entregado,1/1/2025,,CONTENEDOR DICIEMBRE FIRENZE,MASS1407,WALL PANEL GRIS CLARO YC6001 290*168*23,140.00,$2.35,14,10,300,17.5,23,$0.121,$1.21,$60.38,$603.75,$4.31,$6.66,932.75,,,,
500,Entregado,1/1/2025,,CONTENEDOR DICIEMBRE FIRENZE,MASS1408,WALL PANEL MARRON CLARO 8882 290*168*23,280.00,$2.35,14,20,300,17.5,23,$0.121,$2.42,$60.38,"$1,207.50",$4.31,$6.66,1865.5,,,,
550,Entregado,1/1/2025,,CONTENEDOR DICIEMBRE PALERMO,,PEDIDO ELECTRONICA 1,,,,,,,,,,,,,,,,,,
500,Entregado,1/1/2025,,CONTENEDOR DICIEMBRE FIRENZE,MASS1777,WALL PANEL GRIS OSCURO HYYC045 290*168*23,280.00,$2.35,14,20,300,17.5,23,$0.121,$2.42,$60.38,"$1,207.50",$4.31,$6.66,1865.5,,,,
500,Entregado,1/1/2025,,CONTENEDOR DICIEMBRE FIRENZE,MASS1778,WALL PANEL MADERA HYYC018 290*168*23,140.00,$2.35,14,10,300,17.5,23,$0.121,$1.21,$60.38,$603.75,$4.31,$6.66,932.75,,,,
500,Entregado,1/1/2025,,CONTENEDOR DICIEMBRE FIRENZE,MASS1743,WALL PANEL BLANCO HYYC073 290*168*23,280.00,$2.35,14,20,300,17.5,23,$0.121,$2.42,$60.38,"$1,207.50",$4.31,$6.66,1865.5,,,,
500,Entregado,1/1/2025,,CONTENEDOR DICIEMBRE FIRENZE,MASS1745,ROLLO PANEL DECORATIVO BD871,200.00,$1.80,50,4,2500,60,0.45,$0.068,$0.27,$33.75,$135.00,$0.68,$2.48,495,,,,
500,Entregado,1/1/2025,,CONTENEDOR DICIEMBRE FIRENZE,MASS1746,ROLLO PANEL DECORATIVO BD928,200.00,$1.80,50,4,2500,60,0.45,$0.068,$0.27,$33.75,$135.00,$0.68,$2.48,495,,,,
500,Entregado,1/1/2025,,CONTENEDOR DICIEMBRE FIRENZE,MASS1747,ROLLO PANEL DECORATIVO BD771,200.00,$1.80,50,4,2500,60,0.45,$0.068,$0.27,$33.75,$135.00,$0.68,$2.48,495,,,,
500,Entregado,1/1/2025,,CONTENEDOR DICIEMBRE FIRENZE,MASS1749,ROLLO PANEL DECORATIVO BD721,200.00,$1.80,50,4,2500,60,0.45,$0.068,$0.27,$33.75,$135.00,$0.68,$2.48,495,,,,
500,Entregado,1/1/2025,,CONTENEDOR DICIEMBRE FIRENZE,MASS1418,FOAMI 3D BLANCO 70CM*77CM,400.00,$0.39,100,4,70,70,45,$0.221,$0.88,$110.25,$441.00,$1.10,$1.49,597,,,,
500,Entregado,1/1/2025,,CONTENEDOR DICIEMBRE FIRENZE,MASS1417,FOAMI 3D NEGRO 70CM*77CM,600.00,$0.39,100,6,70,70,45,$0.221,$1.32,$110.25,$661.50,$1.10,$1.49,895.5,,,,
500,Entregado,1/1/2025,,CONTENEDOR DICIEMBRE FIRENZE,MASS1984,"ROLLO PANEL DECORATIVO HY-003 1,2m x 3m",200.00,$4.80,10,20,122,34,34,$0.141,$2.82,$70.52,"$1,410.32",$7.05,$11.85,2370.32,,,,
500,Entregado,1/1/2025,,CONTENEDOR DICIEMBRE FIRENZE,MASS1985,"ROLLO PANEL DECORATIVO HY-005 1,2m x 3m",200.00,$4.80,10,20,122,34,34,$0.141,$2.82,$70.52,"$1,410.32",$7.05,$11.85,2370.32,,,,
550,Entregado,7/15/2024,,CONTENEDOR JULIO TURIN,MASS1792 GRIS,AISLANTE PROTECTOR DE GOMA PARA PUERTA 400 gris,,,,,,,,,,,,,,,,,,
550,Entregado,7/15/2024,,CONTENEDOR JULIO TURIN,MASS1648,ORGANIZADOR DE LIMPIEZA,390.00,$1.85,30,13,54,43,38,$0.088,$1.15,$48.53,$630.89,$1.62,$3.47,1352.3874,,,,
550,Entregado,7/15/2024,,CONTENEDOR JULIO TURIN,MASS1793 MARRON,AISLANTE PROTECTOR DE GOMA PARA PUERTA 300 marrón,,,,,,,,,,,,,,,,,,
550,Entregado,7/15/2024,,CONTENEDOR JULIO TURIN,MASS1836,"ROLLO PANEL DECORATIVO HYJQ-24-19 1,2m x 3m",50.00,$5.00,10,5,135,36,36,$0.175,$0.87,$96.23,$481.14,$9.62,$14.62,731.14,,,,
550,Entregado,7/15/2024,,CONTENEDOR JULIO TURIN,MASS1786,ALMOHADA DE GEL HILTON,400.00,$2.00,100,4,200,100,27.5,$0.550,$2.20,$302.50,"$1,210.00",$3.03,$5.03,2010,,,,
550,Entregado,7/15/2024,,CONTENEDOR JULIO TURIN,MASS1328,PISO VINIL HHYM3018,100.00,$11.20,1,100,95,16.5,8.8,$0.014,$1.38,$7.59,$758.67,$7.59,$18.79,1878.67,,,,
550,Entregado,7/15/2024,,CONTENEDOR JULIO TURIN,MASS1324,PISO VINIL HHYM3039,300.00,$11.20,1,300,95,16.5,8.8,$0.014,$4.14,$7.59,"$2,276.01",$7.59,$18.79,5636.01,,,,
550,Entregado,7/15/2024,,CONTENEDOR JULIO TURIN,MASS0902,MAQUINA DE COSER PORTATIL,300.00,$3.40,20,15,67,46,44,$0.136,$2.03,$74.58,"$1,118.77",$3.73,$7.13,2138.766,,,,
550,Entregado,7/15/2024,,CONTENEDOR JULIO TURIN,MASS1738,PISO VINIL HHYM3036,80.00,$11.20,1,80,95,16.5,8.8,$0.014,$1.10,$7.59,$606.94,$7.59,$18.79,1502.936,,,,
550,Entregado,7/15/2024,,CONTENEDOR JULIO TURIN,MASS1410,WALL PANEL YC101 NEGRO,420.00,$2.35,14,30,290,17,23.5,$0.116,$3.48,$63.72,"$1,911.61",$4.55,$6.90,2898.6075,,,,
550,Entregado,7/15/2024,,CONTENEDOR JULIO TURIN,MASS1409,WALL PANEL AZUL,420.00,$2.35,14,30,290,17,23.5,$0.116,$3.48,$63.72,"$1,911.61",$4.55,$6.90,2898.6075,,,,
550,Entregado,7/15/2024,,CONTENEDOR JULIO TURIN,MASS1777,WALL PANEL HYYC045 GRIS OSCURO,420.00,$2.35,14,30,290,17,23.5,$0.116,$3.48,$63.72,"$1,911.61",$4.55,$6.90,2898.6075,,,,
550,Entregado,7/15/2024,,CONTENEDOR JULIO TURIN,MASS1835,WALL PANEL HYYC025,280.00,$2.35,14,20,290,17,23.5,$0.116,$2.32,$63.72,"$1,274.41",$4.55,$6.90,1932.405,,,,
550,Entregado,7/15/2024,,CONTENEDOR JULIO TURIN,MASS1743,WALL PANEL HYYC073 BLANCO,420.00,$2.35,14,30,290,17,23.5,$0.116,$3.48,$63.72,"$1,911.61",$4.55,$6.90,2898.6075,,,,
550,Entregado,7/15/2024,,CONTENEDOR JULIO TURIN,MASS1787,CONSOLA NINTENDO RETRO INALAMBRICO M8 64GB +1000 JUEGOS,320.00,$8.65,40,8,62,36.5,44,$0.100,$0.80,$54.76,$438.12,$1.37,$10.02,3206.1168,,,,
550,Entregado,7/15/2024,,CONTENEDOR JULIO TURIN,MASS1838,"ROLLO PANEL DECORATIVO HYJQ-24- 18 1,2m x 3m",50.00,$5.00,10,5,135,36,36,$0.175,$0.87,$96.23,$481.14,$9.62,$14.62,731.14,,,,
550,Entregado,7/15/2024,,CONTENEDOR JULIO TURIN,MASS1839,"ROLLO PANEL DECORATIVO HYJQ- DL002-1 1,2m x 3m",50.00,$5.00,10,5,135,36,36,$0.175,$0.87,$96.23,$481.14,$9.62,$14.62,731.14,,,,
550,Entregado,7/15/2024,,CONTENEDOR JULIO TURIN,MASS1840,"ROLLO PANEL DECORATIVO HYJQ- DL002-2 1,2m x 3m",50.00,$5.00,10,5,135,36,36,$0.175,$0.87,$96.23,$481.14,$9.62,$14.62,731.14,,,,
550,Entregado,7/15/2024,,CONTENEDOR JULIO TURIN,MASS1842,"ROLLO PANEL DECORATIVO HYJQ- DL010 1,2m x 3m",50.00,$5.00,10,5,135,36,36,$0.175,$0.87,$96.23,$481.14,$9.62,$14.62,731.14,,,,
550,Entregado,7/15/2024,,CONTENEDOR JULIO TURIN,MASS1843,"ROLLO PANEL DECORATIVO HYJQ-007 1,2m x 3m",50.00,$5.00,10,5,135,36,36,$0.175,$0.87,$96.23,$481.14,$9.62,$14.62,731.14,,,,
550,Entregado,7/15/2024,,CONTENEDOR JULIO TURIN,MASS1525,ZAPATERA DE METAL 6 NIVELES,"1,008.00",$2.00,18,56,58,32,44,$0.082,$4.57,$44.92,"$2,515.25",$2.50,$4.50,4531.2512,,,,
550,Entregado,7/15/2024,,CONTENEDOR JULIO TURIN,MASS1655,DRONE,468.00,$7.20,36,13,27,66,53,$0.094,$1.23,$51.95,$675.29,$1.44,$8.64,4044.8889,,,,
550,Entregado,7/15/2024,,CONTENEDOR JULIO TURIN,MASS0274,MAQUINA DE AFEITAR T9,"2,000.00",$0.85,100,20,47,34,32,$0.051,$1.02,$28.12,$562.50,$0.28,$1.13,2262.496,,,,
550,Entregado,7/15/2024,,CONTENEDOR JULIO TURIN,MASS1663,ZAPATERA 4 NIVELES,600.00,$0.95,40,15,52,40,55.5,$0.115,$1.73,$63.49,$952.38,$1.59,$2.54,1522.38,,,,
550,Entregado,7/15/2024,,CONTENEDOR JULIO TURIN,MASS0137,CEPILLO SECADOR,720.00,$3.00,45,16,58.5,40,40.5,$0.095,$1.52,$52.12,$833.98,$1.16,$4.16,2993.976,,,,
550,Entregado,7/15/2024,,CONTENEDOR JULIO TURIN,MASS1638 Negro,"AISLANTE PROTECTOR DE GOMA PARA PUERTA (800 negro, 300 blanco, 400 gris, 300 marrón)","1,800.00",$0.30,180,10,76,50.5,99,$0.380,$3.80,$208.98,"$2,089.79",$1.16,$1.46,2629.791,,,,
550,Entregado,7/15/2024,,CONTENEDOR JULIO TURIN,MASS1639 Blanco,AISLANTE PROTECTOR DE GOMA PARA PUERTA 300 blanco,,,,,,,,,,,,,,,,,,
550,Entregado,7/15/2024,,CONTENEDOR JULIO TURIN,MASS0927,SET DE ESENCIA 6 PCS,720.00,$1.16,60,12,33,33,27,$0.029,$0.35,$16.17,$194.06,$0.27,$1.43,1029.2598,,,,
550,Entregado,7/15/2024,,CONTENEDOR JULIO TURIN,MASS1841,"ROLLO PANEL DECORATIVO HYJQ-24- 20 1,2m x 30m",50.00,$5.00,10,5,135,36,36,$0.175,$0.87,$96.23,$481.14,$9.62,$14.62,731.14,,,,
550,Entregado,7/15/2024,,CONTENEDOR JULIO TURIN,MASS1837,"ROLLO PANEL DECORATIVO HYJQ- DL019 1,2m x 3m",50.00,$5.00,10,5,135,36,36,$0.175,$0.87,$96.23,$481.14,$9.62,$14.62,731.14,,,,
550,Entregado,7/15/2024,,CONTENEDOR JULIO TURIN,MASS0950 azul,BOLSO DE LAPTOP REFLECTIVO (60),350.00,$2.75,100,3.5,100,60,76,$0.456,$1.60,$250.80,$877.80,$2.51,$5.26,1840.3,,,,
550,Entregado,7/15/2024,,CONTENEDOR JULIO TURIN,MASS0951 Negro,BOLSO DE LAPTOP REFLECTIVO (170),,,,,,,,,,,,,,,,,,
550,Entregado,7/15/2024,,CONTENEDOR JULIO TURIN,MASS1600 Rojo,BOLSO DE LAPTOP REFLECTIVO (60),,,,,,,,,,,,,,,,,,
550,Entregado,7/15/2024,,CONTENEDOR JULIO TURIN,MASS1601 Gris,BOLSO DE LAPTOP REFLECTIVO (60),,,,,,,,,,,,,,,,,,
550,Entregado,7/15/2024,,CONTENEDOR JULIO TURIN,MASS0952 Negro,BOLSO DE LAPTOP DOBLE CIERRE (150),350.00,$2.20,70,5,57,68,80,$0.310,$1.55,$170.54,$852.72,$2.44,$4.64,1622.72,,,,
550,Entregado,7/15/2024,,CONTENEDOR JULIO TURIN,MASS0953 Gris,BOLSO DE LAPTOP DOBLE CIERRE (60),,,,,,,,,,,,,,,,,,
550,Entregado,7/15/2024,,CONTENEDOR JULIO TURIN,MASS0954 Azul,BOLSO DE LAPTOP DOBLE CIERRE (60),,,,,,,,,,,,,,,,,,
550,Entregado,7/15/2024,,CONTENEDOR JULIO TURIN,MASS0955 Rojo,BOLSO DE LAPTOP DOBLE CIERRE (80),,,,,,,,,,,,,,,,,,
550,Entregado,7/15/2024,,CONTENEDOR JULIO TURIN,MASS1402,PISO VINIL HHYM3013,300.00,$11.20,1,300,95,16.5,8.8,$0.014,$4.14,$7.59,"$2,276.01",$7.59,$18.79,5636.01,,,,
550,Entregado,7/15/2024,,CONTENEDOR JULIO TURIN,MASS1736,PISO VINIL HHYM3024,100.00,$11.20,1,100,95,16.5,8.8,$0.014,$1.38,$7.59,$758.67,$7.59,$18.79,1878.67,,,,
550,Entregado,7/15/2024,,CONTENEDOR JULIO TURIN,MASS0956 Negro,BOLSO DE LAPTOP SUPERLIGHT (180),440.00,$2.35,70,6.285714286,60,71.5,80.5,$0.345,$2.17,$189.94,"$1,193.91",$2.71,$5.06,2227.907,,,,
550,Entregado,7/15/2024,,CONTENEDOR JULIO TURIN,MASS0957 Gris,BOLSO DE LAPTOP SUPERLIGHT (100),,,,,,,,,,,,,,,,,,
550,Entregado,7/15/2024,,CONTENEDOR JULIO TURIN,MASS0958 Azul,BOLSO DE LAPTOP SUPERLIGHT (80),,,,,,,,,,,,,,,,,,
550,Entregado,7/15/2024,,CONTENEDOR JULIO TURIN,MASS0959 Rojo,BOLSO DE LAPTOP SUPERLIGHT (80),,,,,,,,,,,,,,,,,,
550,Entregado,7/15/2024,,CONTENEDOR JULIO TURIN,MASS1528,BOLSO LAPTOP THIMKPAD LENOVO GAMER IMPERMIABLE,350.00,$2.88,70,5,110,84,44.5,$0.411,$2.06,$226.15,"$1,130.75",$3.23,$6.11,2138.745,,,,
550,Entregado,7/15/2024,,CONTENEDOR JULIO TURIN,MASS0292 Negro,PISTOLA MASAJEADORA RECARGABLE SY-720 (NEGRO 280/ GRIS 40 / ROJO 40/ VERDE 40),760.00,$3.60,20,38,44,34.1,43,$0.065,$2.45,$35.48,"$1,348.41",$1.77,$5.37,4084.40948,,,,
550,Entregado,7/15/2024,,CONTENEDOR JULIO TURIN,MASS0290 Verde,PISTOLA MASAJEADORA RECARGABLE SY-720 VERDE 40),,,,,,,,,,,,,,,,,,
550,Entregado,7/15/2024,,CONTENEDOR JULIO TURIN,MASS0291 Gris,PISTOLA MASAJEADORA RECARGABLE SY-720 GRIS 40,,,,,,,,,,,,,,,,,,
550,Entregado,7/15/2024,,CONTENEDOR JULIO TURIN,MASS0289 Rojo,PISTOLA MASAJEADORA RECARGABLE SY-720 ROJO 40,,,,,,,,,,,,,,,,,,
550,Entregado,7/15/2024,,CONTENEDOR JULIO TURIN,MASS1784,CLOSET ARMARIO GRANDE 128x45x170,120.00,$6.45,10,12,62,48,61.5,$0.183,$2.20,$100.66,"$1,207.96",$10.07,$16.52,1981.9584,,,,
550,Entregado,7/15/2024,,CONTENEDOR JULIO TURIN,MASS1785,ORGANIZADOR DE ZAPATO 120 cm x 116 cm x 30 cm,30.00,$4.95,10,3,58,31.5,48,$0.088,$0.26,$48.23,$144.70,$4.82,$9.77,293.1984,,,,
550,Entregado,6/22/2024,,CONTENEDOR MAYO VERONA,"MASS1443 Negra
MASS1444 Azul
MASS0920 Rosada","LÁMPARA ESTRELLA (96NEGRA,48ROSADA,48AZUL)",240.00,$1.80,48,5,53,53,45,$0.126,$0.63,$69.52,$347.61,$1.45,$3.25,779.61375,,,,
550,Entregado,6/22/2024,,CONTENEDOR MAYO VERONA,MASS0842,LUBRICANTE MULTIORGASMICO CLIMAX OLO 20ML,150.00,$0.85,150,1,26,20,30,$0.016,$0.02,$8.58,$8.58,$0.06,$0.91,136.08,,,,
550,Entregado,6/22/2024,,CONTENEDOR MAYO VERONA,,BOLSA DE BURBUJA BLANCA 25 X 28CM,0.00,$0.05,170,0,50,40,39,$0.078,$0.00,$42.90,$0.00,$0.25,$0.30,0,,,,
550,Entregado,6/22/2024,,CONTENEDOR MAYO VERONA,MASS1336,MAQUINA PLASTIFICADORA LAMINADORA (10 HOJAS),160.00,$7.80,20,8,42,28,37,$0.044,$0.35,$23.93,$191.45,$1.20,$9.00,1439.4528,,,,
550,Entregado,6/22/2024,,CONTENEDOR MAYO VERONA,,BOLSA DE BURBUJA BLANCA 32 X 42CM,0.00,$0.07,90,0,50,40,39,$0.078,$0.00,$42.90,$0.00,$0.48,$0.55,0,,,,
550,Entregado,6/22/2024,,CONTENEDOR MAYO VERONA,MASS1058,MARCADOR DOBLE PUNTA 24 PCS TOUCH,949.00,$1.02,50,18.98,51.5,34.5,36,$0.064,$1.21,$35.18,$667.71,$0.70,$1.72,1635.689757,,,,
550,Entregado,6/22/2024,,CONTENEDOR MAYO VERONA,MASS0234 Gris MASS0235 Blanco MASS0236 Rosado,"HUMIDIFICADOR H20 (400GRIS,100BLANCO,100ROSADO)",600.00,$1.40,60,10,33,35,39,$0.045,$0.45,$24.77,$247.75,$0.41,$1.81,1087.7475,,,,
550,Entregado,6/22/2024,,CONTENEDOR MAYO VERONA,MASS0149,CONSOLADOR REALISTICO DOBLE CAPA ARCOIRIS YMDCYJ01,38.00,$6.80,40,0.95,46,44,40,$0.081,$0.08,$44.53,$42.30,$1.11,$7.91,300.7016,,,,
550,Entregado,6/22/2024,,CONTENEDOR MAYO VERONA,MASS1060,MARCADOR DOBLE PUNTA 48 PCS TOUCH,325.00,$1.92,25,13,51.5,34.5,36,$0.064,$0.83,$35.18,$457.34,$1.41,$3.33,1081.33545,,,,
550,Entregado,6/22/2024,,CONTENEDOR MAYO VERONA,MASS1061,MARCADOR DOBLE PUNTA 60 PCS TOUCH,"1,400.00",$2.42,20,70,51.5,34.5,36,$0.064,$4.48,$35.18,"$2,462.58",$1.76,$4.18,5850.5755,,,,
550,Entregado,6/22/2024,,CONTENEDOR MAYO VERONA,MASS1322,MARCADOR DOBLE PUNTA 80 PCS TOUCH,320.00,$3.20,16,20,51.5,34.5,36,$0.064,$1.28,$35.18,$703.59,$2.20,$5.40,1727.593,,,,
550,Entregado,6/22/2024,,CONTENEDOR MAYO VERONA,MASS1545 VERDE MASS1620 NARANJA,VENTILADOR RECARGABLE CAMPING,288.00,$8.00,16,18,50.2,44,53.7,$0.119,$2.14,$65.24,"$1,174.26",$4.08,$12.08,3478.264344,,,,
550,Entregado,6/22/2024,,CONTENEDOR MAYO VERONA,MASS1525,ZAPATERA DE METAL 6 NIVELES,180.00,$2.33,18,10,58,32,44,$0.082,$0.82,$44.92,$449.15,$2.50,$4.83,868.552,,,,
550,Entregado,6/22/2024,,CONTENEDOR MAYO VERONA,MASS1230,TENSIOMETRO DIGITAL SIN VOZ,750.00,$3.72,30,25,52,36,33,$0.062,$1.54,$33.98,$849.42,$1.13,$4.85,3639.42,,,,
550,Entregado,6/22/2024,,CONTENEDOR MAYO VERONA,MASS1335,MAQUINA COTUFERA ELECTRICA,80.00,$4.90,12,6.666666667,39.5,36,56,$0.080,$0.53,$43.80,$291.98,$3.65,$8.55,683.984,,,,
550,Entregado,6/22/2024,,CONTENEDOR MAYO VERONA,MASS0334,NEBULIZADOR PORTATIL,700.00,$3.55,50,14,47.5,27,38,$0.049,$0.68,$26.80,$375.26,$0.54,$4.09,2860.2595,,,,
550,Entregado,6/22/2024,,CONTENEDOR MAYO VERONA,"MASS0438 Negro
MASS0439 Blanco
MASS0440 Rosado","RELOJ T500 (600NEGRO, 200. BLANCO, 200 ROSADO)",998.00,$2.40,100,9.98,49,31,31,$0.047,$0.47,$25.90,$258.47,$0.26,$2.66,2653.671521,,,,
550,Entregado,6/22/2024,,CONTENEDOR MAYO VERONA,"MASS0422 Negro
MASS0427 Blanco
MASS0423 Rosado","RELOJ D20S (600 NEGRO, 200 BLANCO, 200 ROSADO)","1,000.00",$1.40,100,10,32,49,43,$0.067,$0.67,$37.08,$370.83,$0.37,$1.77,1770.832,,,,
550,Entregado,6/22/2024,,CONTENEDOR MAYO VERONA,"MASS0752 Negro
MASS0753 Rojo MASS0754 Azul","RELOJ FD68 (500 NEGRO, 150 ROJO, 150 AZUL)",800.00,$1.60,100,8,43,33,27,$0.038,$0.31,$21.07,$168.58,$0.21,$1.81,1448.5772,,,,
550,Entregado,6/22/2024,,CONTENEDOR MAYO VERONA,"MASS0818 Negro
MASS0817 Naranja
MASS0820 Gris","RELOJ INTELIGENTE KD99 ULTRA (400 NEGRO, 150 NARANJA,150GRIS)",700.00,$3.62,100,7,49,37,25,$0.045,$0.32,$24.93,$174.50,$0.25,$3.87,2708.50125,,,,
550,Entregado,6/22/2024,,CONTENEDOR MAYO VERONA,"MASS0238 Marron Oscuro MASS0239 Marron Claro
MASS0237 Blanco","Air humidifier 006 (250 MARRON OSCURO, 200 MARRON CLARO,150 BLANCO)",600.00,$1.60,60,10,55,33,42,$0.076,$0.76,$41.93,$419.27,$0.70,$2.30,1379.265,,,,
550,Entregado,6/22/2024,,CONTENEDOR MAYO VERONA,"MASS0823 Marron Oscuro
MASS0822 Marron Claro
MASS0821 Blanco","Air humidifier 036 (250 MARRON OSCURO, 200 MARRON CLARO,150 BLANCO)",600.00,$1.50,60,10,54,44,48,$0.114,$1.14,$62.73,$627.26,$1.05,$2.55,1527.264,,,,
550,Entregado,6/22/2024,,CONTENEDOR MAYO VERONA,"MASS0292 Negro
MASS0291 Gris
MASS0289 Rojo MASS0290 Verde",PISTOLA MASAJEADORA RECARGABLE SY-720 (NEGRO 200/ GRIS 200 / ROJO 120/ VERDE 80),600.00,$3.90,20,30,32,41,45,$0.059,$1.77,$32.47,$974.16,$1.62,$5.52,3314.16,,,,
550,Entregado,6/22/2024,,CONTENEDOR MAYO VERONA,MASS0942,AIRPODS PRO 2,200.00,$4.70,200,1,49.5,36.7,40.5,$0.074,$0.07,$40.47,$40.47,$0.20,$4.90,980.4658788,,,,
550,Entregado,6/22/2024,,CONTENEDOR MAYO VERONA,MASS1315,AUDIFONO INALAMBRICO RECARGABLE M90 PRO,300.00,$2.50,100,3,53,40,24,$0.051,$0.15,$27.98,$83.95,$0.28,$2.78,833.952,,,,
550,Entregado,6/22/2024,,CONTENEDOR MAYO VERONA,MASS1347,SET DE DADOS 46 PCS,480.00,$2.25,24,20,54.5,25,27.5,$0.037,$0.75,$20.61,$412.16,$0.86,$3.11,1492.15625,,,,
550,Entregado,6/22/2024,,CONTENEDOR MAYO VERONA,"MASS0793 Negro
MASS1441 Blanco",Aroma Difuser DQ701 (BLANCO 88/ NEGRO 200),288.00,$3.50,48,6,50,37,44,$0.081,$0.49,$44.77,$268.62,$0.93,$4.43,1276.62,,,,
550,Entregado,6/22/2024,,CONTENEDOR MAYO VERONA,MASS0621,MAQUINA PARA AFEITAR PERRO,600.00,$3.14,40,15,58.5,45,34.5,$0.091,$1.36,$49.95,$749.28,$1.25,$4.39,2633.275313,,,,
550,Entregado,6/22/2024,,CONTENEDOR MAYO VERONA,MASS1099,TENSIOMETRO MANUAL,700.00,$3.68,50,14,56,39,38,$0.083,$1.16,$45.65,$639.04,$0.91,$4.59,3215.0384,,,,
550,Entregado,6/22/2024,,CONTENEDOR MAYO VERONA,MASS0288,MASAJEADOR DE CUELLO CON ELECTRODOS,600.00,$2.32,60,10,63.5,37,53.5,$0.126,$1.26,$69.13,$691.34,$1.15,$3.47,2083.340375,,,,
550,Entregado,6/22/2024,,CONTENEDOR MAYO VERONA,MASS0918,TAZA BATIDORA RECARGABLE,420.00,$2.80,60,7,38,57,63,$0.136,$0.96,$75.05,$525.36,$1.25,$4.05,1701.3633,,,,
550,Entregado,6/22/2024,,CONTENEDOR MAYO VERONA,"MASS1291 Negro
MASS1043 Naranja
MASS1042 Azul",ASPIRADORA DE CARRO 12V PORTATIL AZUL 120/ NEGRO 200/ NARANJA 80,400.00,$1.80,20,20,53,36,56,$0.107,$2.14,$58.77,"$1,175.33",$2.94,$4.74,1895.328,,,,
550,Entregado,6/22/2024,,CONTENEDOR MAYO VERONA,MASS1013,MASAJEADOR ELECTRICO DE CUELLO Y CUERPO RECARGABLE QY-8702,800.00,$0.65,200,4,52.5,35.5,45,$0.084,$0.34,$46.13,$184.51,$0.23,$0.88,704.51125,,,,
550,Entregado,6/22/2024,,CONTENEDOR MAYO VERONA,MASS0409,RADIO BOAFENG 888S,480.00,$4.20,30,16,50,31.5,55,$0.087,$1.39,$47.64,$762.30,$1.59,$5.79,2778.3,,,,
550,Entregado,6/22/2024,,CONTENEDOR MAYO VERONA,MASS0826,CORRECTOR DE JUANETE,800.00,$0.45,200,4,59,17,30,$0.030,$0.12,$16.55,$66.20,$0.08,$0.53,426.198,,,,
550,Entregado,6/22/2024,,CONTENEDOR MAYO VERONA,MASS1000,LAMPARA DE MESA LED FLEXIBLE,400.00,$0.90,100,4,62,42,66,$0.172,$0.69,$94.53,$378.10,$0.95,$1.85,738.1008,,,,
550,Entregado,6/22/2024,,CONTENEDOR MAYO VERONA,MASS0061,BASE PARA LAPTOP ERGOSTAND,160.00,$2.50,40,4,65,37,58,$0.139,$0.56,$76.72,$306.88,$1.92,$4.42,706.878,,,,
550,Entregado,6/22/2024,,CONTENEDOR MAYO VERONA,MASS1357,Hand Grip Entrenamiento Muñeca Manos Antebrazo Con Contador,398.00,$0.98,100,3.98,49.5,31.5,23.5,$0.037,$0.15,$20.15,$80.21,$0.20,$1.18,470.2501589,,,,
550,Entregado,6/22/2024,,CONTENEDOR MAYO VERONA,"MASS1358 Negro
MASS1431 Rosado",Faja Reductora Moldeadora Neopreno Fitness Cintura Techno (NEGRA S50 M - 130 L 150 XL 70),400.00,$1.28,100,4,67,50,40,$0.134,$0.54,$73.70,$294.80,$0.74,$2.02,806.8,,,,
550,Entregado,6/22/2024,,CONTENEDOR MAYO VERONA,"MASS0781 S/M
MASS0783 L/XL
MASS0784 XXL","MEDIAS DE COMPRESION 20-30mmhg ((S/M250, L/XL400, XXL150))",800.00,$0.47,200,4,50,40,50,$0.100,$0.40,$55.00,$220.00,$0.28,$0.75,596,,,,
550,Entregado,6/22/2024,,CONTENEDOR MAYO VERONA,MASS1206,SET DE LIGAS TUBULARES DE RESISTENCIA,216.00,$5.00,18,12,50,38,40,$0.076,$0.91,$41.80,$501.60,$2.32,$7.32,1581.6,,,,
550,Entregado,6/22/2024,,CONTENEDOR MAYO VERONA,MASS1205,SET DE LIGAS DE RESISTENCIA 5 PCS,300.00,$0.86,100,3,30,30,30,$0.027,$0.08,$14.85,$44.55,$0.15,$1.01,302.55,,,,
550,Entregado,6/22/2024,,CONTENEDOR MAYO VERONA,"MASS1203 Colores
MASS1204 Gris",SET BANDA ELASTICA TELA EJERCIO 3 PCS (COLORIDAS 200 PCS ),199.00,$2.05,50,3.98,54,32,36,$0.062,$0.25,$34.21,$136.17,$0.68,$2.73,544.123312,,,,
550,Entregado,6/22/2024,,CONTENEDOR MAYO VERONA,MASS1379,MOUSE PAD RGB 30X80,0.00,$2.45,120,0,32,82,32,$0.084,$0.00,$46.18,$0.00,$0.38,$2.83,0,,,,
550,Entregado,6/22/2024,,CONTENEDOR MAYO VERONA,MASS0902,MAQUINA DE COSER,300.00,$3.40,20,15,67,46,44,$0.136,$2.03,$74.58,"$1,118.77",$3.73,$7.13,2138.766,,,,
550,Entregado,6/22/2024,,CONTENEDOR MAYO VERONA,MASS0137,CEPILLO ONE STEP,449.00,$3.00,30,14.96666667,58.5,39,57,$0.130,$1.95,$71.53,"$1,070.49",$2.38,$5.38,2417.491208,,,,
550,Entregado,6/22/2024,,CONTENEDOR MAYO VERONA,MASS0634,MINI CAMARA WIFFI A9,700.00,$1.80,100,7,54,43,23,$0.053,$0.37,$29.37,$205.61,$0.29,$2.09,1465.6131,,,,
550,Entregado,6/22/2024,,CONTENEDOR MAYO VERONA,MASS1349,MiNI TECLADO BLUETOOH,200.00,$2.10,100,2,54,35,30,$0.057,$0.11,$31.19,$62.37,$0.31,$2.41,482.37,,,,
550,Entregado,6/22/2024,,CONTENEDOR MAYO VERONA,"MASS1124 Negro
MASS1173 Azul electrico MASS0648 Azul
MASS1457 Roja","SILLA PLAYERA (80NEGRO,40AZUL,40ROJO,40AZULOSCURO)",200.00,$3.20,10,20,83,23,48,$0.092,$1.83,$50.40,"$1,007.95",$5.04,$8.24,1647.952,,,,
550,Entregado,6/22/2024,,CONTENEDOR MAYO VERONA,MASS1348,SET DE DADO 40 PCS TAMAÑO METRICO 1/4 3/8,360.00,$1.78,24,15,54.5,25,27.5,$0.037,$0.56,$20.61,$309.12,$0.86,$2.64,949.9171875,,,,
550,Entregado,6/22/2024,,CONTENEDOR MAYO VERONA,MASS0889,Balanza personal recargable,400.00,$2.40,20,20,54.5,25,28.5,$0.039,$0.78,$21.36,$427.14,$1.07,$3.47,1387.14375,,,,
550,Entregado,6/22/2024,,CONTENEDOR MAYO VERONA,MASS0200,Dispensador de agua recargable,600.00,$1.32,50,12,44,46,29,$0.059,$0.70,$32.28,$387.39,$0.65,$1.97,1179.3936,,,,
550,Entregado,6/22/2024,,CONTENEDOR MAYO VERONA,MASS0040,AUDIFONO INALAMBRICO F9,600.00,$1.85,100,6,48,49,24,$0.056,$0.34,$31.05,$186.28,$0.31,$2.16,1296.2784,,,,
550,Entregado,6/22/2024,,CONTENEDOR MAYO VERONA,"MASS1356 Negro
MASS1429 Azul
MASS1430 Rosado","MAT DE YOGA 1CM GROSOR (150NEGRO,75AZUL,75ROSADA)",250.00,$1.45,10,25,63,35,34,$0.075,$1.87,$41.23,"$1,030.84",$4.12,$5.57,1393.3375,,,,
550,Entregado,6/22/2024,,CONTENEDOR MAYO VERONA,MASS0127,Case externo usb2.0,500.00,$1.32,100,5,40,32,53,$0.068,$0.34,$37.31,$186.56,$0.37,$1.69,846.56,,,,
550,Entregado,6/22/2024,,CONTENEDOR MAYO VERONA,MASS0128,Case externo usb 3.0,300.00,$1.72,100,3,40,32,53,$0.068,$0.20,$37.31,$111.94,$0.37,$2.09,627.936,,,,
550,Entregado,6/22/2024,,CONTENEDOR MAYO VERONA,MASS1082,PELADOR DE PIÑA,400.00,$0.58,105,3.80952381,54,39,40,$0.084,$0.32,$46.33,$176.50,$0.44,$1.02,408.5028571,,,,
550,Entregado,6/22/2024,,CONTENEDOR MAYO VERONA,"MASS0763 Blanco
MASS0764 Rosado
MASS0765 Verde","HUMIDIFICADOR DOMO RGB (500BLANCO, 150 VERDE, 150ROSADO)",800.00,$0.56,100,8,45,36,58,$0.094,$0.75,$51.68,$413.42,$0.52,$1.08,861.424,,,,
550,Entregado,6/22/2024,,CONTENEDOR MAYO VERONA,MASS0541,TECLADO HP K1600,210.00,$2.20,30,7,47,47,34,$0.075,$0.53,$41.31,$289.16,$1.38,$3.58,751.1581,,,,
550,Entregado,6/22/2024,,CONTENEDOR MAYO VERONA,MASS0626,MOUSE ALAMBRICO HP X500,300.00,$0.79,200,1.5,66,47,49,$0.152,$0.23,$83.60,$125.40,$0.42,$1.21,362.39835,,,,
550,Entregado,6/22/2024,,CONTENEDOR MAYO VERONA,MASS1788,PROYECTOR ESTRELLAS DE LUCES DE GALAXIA ASTRONAUTA,624.00,$3.80,48,13,40,40.5,35.5,$0.058,$0.75,$31.63,$411.20,$0.66,$4.46,2782.3965,,,,
550,Entregado,6/22/2024,,CONTENEDOR MAYO VERONA,"MASS1789 GRIS
MASS1790 AZUL
MASS1791 ROSADO","MOLDE DE SILICON AIR FRYER CUADRADO (120 gris, 120 azul, 60 rosado)",300.00,$0.85,120,2.5,44,44,32,$0.062,$0.15,$34.07,$85.18,$0.28,$1.13,340.184,,,,
550,Entregado,6/22/2024,,CONTENEDOR MAYO VERONA,MASS1794,REFLECTOR SOLAR RECARGABLE PORTATIL 2000W,300.00,$3.05,20,15,30.5,40,53,$0.065,$0.97,$35.56,$533.45,$1.78,$4.83,1448.445,,,,
550,Entregado,6/22/2024,,CONTENEDOR MAYO VERONA,MASS1795,REFLECTOR SOLAR DE PARED PARA EXTERIORES CON SENSOR DE MOVIMIENTO,400.00,$1.02,100,4,56,29.5,53,$0.088,$0.35,$48.16,$192.62,$0.48,$1.50,600.6232,,,,
550,Entregado,6/22/2024,,CONTENEDOR MAYO VERONA,MASS1796,LAMPARA SOLAR DE PARED PARA EXTERIORES DECORACIO JARDIN ILUMINACION HACIA ARRIBA Y ABAJO 3*7*10cm,300.00,$1.15,200,1.5,45,40,26,$0.047,$0.07,$25.74,$38.61,$0.13,$1.28,383.61,,,,
550,Entregado,6/22/2024,,CONTENEDOR MAYO VERONA,MASS1797,"Luz de disco de energía Solar para exteriores, foco de decoración impermeable para jardín, patio, subterráneo, 12led",384.00,$0.95,96,4,39,26,54,$0.055,$0.22,$30.12,$120.46,$0.31,$1.26,485.2632,,,,
550,Entregado,6/22/2024,,CONTENEDOR MAYO VERONA,MASS1377,HIDROYET RECARGABLE 48VF (Con maleta y boquilla),200.00,$8.50,10,20,77,25.5,49,$0.096,$1.92,$52.92,"$1,058.33",$5.29,$13.79,2758.3265,,,,
550,Entregado,6/22/2024,,CONTENEDOR MAYO VERONA,MASS1798,ANTORCHA SOLAR DE LLAMA LED IMPERMIABLE PARA JARDIN DECORACION,384.00,$0.85,96,4,55,42,45.2,$0.104,$0.42,$57.43,$229.71,$0.60,$1.45,556.1064,,,,
550,Entregado,6/22/2024,,CONTENEDOR MAYO VERONA,MASS1799,CARGADOR PANEL SOLAR 6W 6V,400.00,$3.20,100,4,62,35,32,$0.069,$0.28,$38.19,$152.77,$0.38,$3.58,1432.768,,,,
550,Entregado,6/22/2024,,CONTENEDOR MAYO VERONA,MASS1478,MARCADOR DOBLE PUNTA 120 PCS TOUCH,100.00,$5.02,10,10,51.5,34.5,36,$0.064,$0.64,$35.18,$351.80,$3.52,$8.54,853.7965,,,,
550,Entregado,6/22/2024,,CONTENEDOR MAYO VERONA,MASS1800,AUDIFONO INALAMBRICO RECARGABLE M41,400.00,$3.95,100,4,44,24,52,$0.055,$0.22,$30.20,$120.81,$0.30,$4.25,1700.8064,,,,
550,Entregado,6/22/2024,,CONTENEDOR MAYO VERONA,MASS1801,RELOJ INTELIGENTE S16 NEGRO + CORREA ADICIONAL (ROSADA),400.00,$5.45,100,4,48,49,24,$0.056,$0.23,$31.05,$124.19,$0.31,$5.76,2304.1856,,,,
550,Entregado,6/22/2024,,CONTENEDOR MAYO VERONA,MASS1059,MARCADOR DOBLE PUNTA 36 PCS TOUCH,448.00,$1.52,32,14,51.5,34.5,36,$0.064,$0.90,$35.18,$492.52,$1.10,$2.62,1173.4751,,,,
550,Entregado,6/22/2024,,CONTENEDOR MAYO VERONA,"MASS1811 VERDE
MASS1812 MORADO","Mascarillas Hidratantes De Arcilla Facial Para Acne Y Grasa (150 pcs verde, 150 pcs Morado)",300.00,$0.50,100,3,40,22,20,$0.018,$0.05,$9.68,$29.04,$0.10,$0.60,179.04,,,,
550,Entregado,6/22/2024,,CONTENEDOR MAYO VERONA,"MASS1802 ROSADO
MASS1813 BLANCA",Almohadilla de calentamiento Menstrual portátil (60 BLANCO - 60 ROSA),120.00,$4.00,60,2,49.5,45.2,32,$0.072,$0.14,$39.38,$78.76,$0.66,$4.66,558.75648,,,,
550,Entregado,6/22/2024,,CONTENEDOR MAYO VERONA,MASS0274,"MAQUINA DE AFEITAR T9 (250 Dorada, 250 Negra)",500.00,$0.80,100,5,47,40,37,$0.070,$0.35,$38.26,$191.29,$0.38,$1.18,591.29,,,,
550,Entregado,6/22/2024,,CONTENEDOR MAYO VERONA,MASS1803,CASE EXTERNO USB 2.0 TRASPARENTE,300.00,$1.25,100,3,40,32,53,$0.068,$0.20,$37.31,$111.94,$0.37,$1.62,486.936,,,,
550,Entregado,6/22/2024,,CONTENEDOR MAYO VERONA,MASS1785,ORGANIZADOR DE ZAPATO PORTATIL GRANDE 120 cm x 116 cm x 30 cm,90.00,$4.95,10,9,58,38,32,$0.071,$0.63,$38.79,$349.11,$3.88,$8.83,794.6136,,,,
550,Entregado,6/22/2024,,CONTENEDOR MAYO VERONA,MASS1804,ORGANIZADOR DE ZAPATO 4 NIVELES PLEGABLE,140.00,$0.90,60,2.333333333,60,51,59,$0.181,$0.42,$99.30,$231.69,$1.65,$2.55,357.693,,,,
550,Entregado,6/22/2024,,CONTENEDOR MAYO VERONA,MASS1805,CAMARA DE SEGURIDAD IP EXTERIORES CON PANEL SOLAR,160.00,$23.80,16,10,43,40,50,$0.086,$0.86,$47.30,$473.00,$2.96,$26.76,4281,,,,
550,Entregado,6/22/2024,,CONTENEDOR MAYO VERONA,MASS1806,CAMARA DE SEGURIDAD DOBLE ROBOTICA 360° GRADOS HD MICRO SD WIFFI,150.00,$6.80,50,3,56.5,28.5,53.4,$0.086,$0.26,$47.29,$141.88,$0.95,$7.75,1161.879128,,,,
550,Entregado,6/22/2024,,CONTENEDOR MAYO VERONA,"MASS1807 BLANCO
MASS1808 NEGRO
MASS1809 VERDE","VENTILADOR PORTATIL 3 EN 1 BLANCO ENFRIADOR HUMIDIFICADOR LUZ LED (120 blanco, 80 negro, 80 verde)",315.00,$3.20,40,7.875,46,42,53,$0.102,$0.81,$56.32,$443.50,$1.41,$4.61,1451.502675,,,,
550,Entregado,6/22/2024,,CONTENEDOR MAYO VERONA,MASS1522,NAVAJA MULTIHERRAMIENTA DE ACERO,199.00,$3.20,1,199,12,3,3,$0.000,$0.02,$0.06,$11.82,$0.06,$3.26,648.6206,,,,
550,Entregado,6/22/2024,,CONTENEDOR MAYO VERONA,MASS0825,MAQUINA KEMEI 3 EN 1,240.00,$3.27,60,4,60,47,25.5,$0.072,$0.29,$39.55,$158.20,$0.66,$3.93,943.002,,,,
550,Entregado,6/22/2024,,CONTENEDOR MAYO VERONA,MASS1014,MAQUINA AFEITAR KEMEI KM-4640,240.00,$2.95,40,6,60,47,25.5,$0.072,$0.43,$39.55,$237.30,$0.99,$3.94,945.303,,,,
550,Entregado,6/22/2024,,CONTENEDOR MAYO VERONA,MASS1810,SET DE CUCHILLOS 5 PIEZAS,200.00,$3.80,50,4,57,48,37.5,$0.103,$0.41,$56.43,$225.72,$1.13,$4.93,985.72,,,,
500,Entregado,5/15/2024,,CONTENEDOR DICIEMBRE FIRENZE,MASS1987,"ROLLO PANEL DECORATIVO HYJQ-111 1,2m x 3m",200.00,$4.80,10,20,122,34,34,$0.141,$2.82,$70.52,"$1,410.32",$7.05,$11.85,2370.32,,,,
500,Entregado,5/15/2024,,CONTENEDOR DICIEMBRE FIRENZE,MASS1988,"ROLLO PANEL DECORATIVO HYJQ-112 1,2m x 3m",200.00,$4.80,10,20,122,34,34,$0.141,$2.82,$70.52,"$1,410.32",$7.05,$11.85,2370.32,,,,
500,Entregado,5/15/2024,,CONTENEDOR DICIEMBRE FIRENZE,MASS1986,"ROLLO PANEL DECORATIVO HY-110 1,2m x 3m",200.00,$4.80,10,20,122,34,34,$0.141,$2.82,$70.52,"$1,410.32",$7.05,$11.85,2370.32,,,,
500,Entregado,5/15/2024,,CONTENEDOR DICIEMBRE FIRENZE,MASS1407,WALL PANEL GRIS CLARO YC6001 290*168*23,140.00,$2.35,14,10,300,17.5,23,$0.121,$1.21,$60.38,$603.75,$4.31,$6.66,932.75,,,,
500,Entregado,5/15/2024,,CONTENEDOR DICIEMBRE FIRENZE,MASS1984,"ROLLO PANEL DECORATIVO HY-003 1,2m x 3m",200.00,$4.80,10,20,122,34,34,$0.141,$2.82,$70.52,"$1,410.32",$7.05,$11.85,2370.32,,,,
500,Entregado,5/15/2024,,CONTENEDOR DICIEMBRE FIRENZE,MASS1985,"ROLLO PANEL DECORATIVO HY-005 1,2m x 3m",200.00,$4.80,10,20,122,34,34,$0.141,$2.82,$70.52,"$1,410.32",$7.05,$11.85,2370.32,,,,
500,Entregado,5/15/2024,,CONTENEDOR DICIEMBRE FIRENZE,MASS1041,LIMPIADOR A VAPOR 900W 10 PCS,144.00,$11.00,8,18,46,46,49,$0.104,$1.87,$51.84,$933.16,$6.48,$17.48,2517.156,,,,
500,Entregado,5/15/2024,,CONTENEDOR DICIEMBRE FIRENZE,MASS1879,"ESTANTE METALICO PARA GALPON (PARAL AZUL, CORREDERA NARANJA, LAMINA BLANCA )",25.00,$60.00,1,25,50,36,200,$0.360,$9.00,$180.00,"$4,500.00",$180.00,$240.00,6000,,,,
500,Entregado,5/15/2024,,CONTENEDOR DICIEMBRE FIRENZE,MASS0061,BASE PARA LAPTOP ERGOSTAND,240.00,$2.45,20,12,64,39,56.5,$0.141,$1.69,$70.51,$846.14,$3.53,$5.98,1434.144,,,,
500,Entregado,5/15/2024,,CONTENEDOR DICIEMBRE FIRENZE,MASS1899,CARRITO PLEGABLE PLAYERO TODO TERRENO SOPORTA 300 LBS NEGRO,40.00,$10.20,1,40,50,13,66,$0.043,$1.72,$21.45,$858.00,$21.45,$31.65,1266,,,,
500,Entregado,5/15/2024,,CONTENEDOR DICIEMBRE FIRENZE,"MASS1356 NEGRO
MASS1429 AZUL
MASS1430 ROSADO","MAT DE YOGA 1CM GROSOR (150NEGRO,75AZUL,75ROSADA)\",300.00,$1.42,25,12,60,43,60,$0.155,$1.86,$77.40,$928.80,$3.10,$4.52,1354.8,,,,
500,Entregado,5/15/2024,,CONTENEDOR DICIEMBRE FIRENZE,MASS1410,WALL PANEL NEGRO YC101 290*168*23,280.00,$2.35,14,20,300,17.5,23,$0.121,$2.42,$60.38,"$1,207.50",$4.31,$6.66,1865.5,,,,
500,Entregado,5/15/2024,,CONTENEDOR DICIEMBRE FIRENZE,MASS1283,AIRE ACONDICIONADO PORTATIL,480.00,$2.75,24,20,63,53.5,37,$0.125,$2.49,$62.35,"$1,247.09",$2.60,$5.35,2567.085,,,,
500,Entregado,5/15/2024,,CONTENEDOR DICIEMBRE FIRENZE,MASS0902,MAQUINA DE COSER PORTATIL,200.00,$3.50,20,10,64,45,44,$0.127,$1.27,$63.36,$633.60,$3.17,$6.67,1333.6,,,,
500,Entregado,5/15/2024,,CONTENEDOR DICIEMBRE FIRENZE,MASS1322,MARCADOR DOBLE PUNTA 80 PCS TOUCH,320.00,$3.20,16,20,51.5,34.5,36,$0.064,$1.28,$31.98,$639.63,$2.00,$5.20,1663.63,,,,
500,Entregado,5/15/2024,,CONTENEDOR DICIEMBRE FIRENZE,MASS1402,PISO VINIL AUTOADHESIVO 3013 ALTO TRAFICO 2MM GROSOR 914.4MM*152.4MM,200.00,$11.20,1,200,94,16.5,9,$0.014,$2.79,$6.98,"$1,395.90",$6.98,$18.18,3635.9,,,,
500,Entregado,5/15/2024,,CONTENEDOR DICIEMBRE FIRENZE,MASS1328,PISO VINIL AUTOADHESIVO 3018 ALTO TRAFICO 2MM GROSOR 914.4MM*152.4MM,200.00,$11.20,1,200,94,16.5,9,$0.014,$2.79,$6.98,"$1,395.90",$6.98,$18.18,3635.9,,,,
500,Entregado,5/15/2024,,CONTENEDOR DICIEMBRE FIRENZE,MASS1917,PISO VINIL AUTOADHESIVO 3020 ALTO TRAFICO 2MM GROSOR 914.4MM*152.4MM,200.00,$11.20,1,200,94,16.5,9,$0.014,$2.79,$6.98,"$1,395.90",$6.98,$18.18,3635.9,,,,
500,Entregado,5/15/2024,,CONTENEDOR DICIEMBRE FIRENZE,MASS1918,PISO VINIL AUTOADHESIVO 3026 ALTO TRAFICO 2MM GROSOR 914.4MM*152.4MM,150.00,$11.20,1,150,94,16.5,9,$0.014,$2.09,$6.98,"$1,046.93",$6.98,$18.18,2726.925,,,,
500,Entregado,5/15/2024,,CONTENEDOR DICIEMBRE FIRENZE,MASS1526,CAJA ORGANIZADOR DE ZAPATO 12 PCS,140.00,$5.65,10,14,76,46,31,$0.108,$1.52,$54.19,$758.63,$5.42,$11.07,1549.632,,,,
500,Entregado,5/15/2024,,CONTENEDOR DICIEMBRE FIRENZE,MASS1324,PISO VINIL AUTOADHESIVO 3039 ALTO TRAFICO 2MM GROSOR 914.4MM*152.4MM,200.00,$11.20,1,200,94,16.5,9,$0.014,$2.79,$6.98,"$1,395.90",$6.98,$18.18,3635.9,,,,
500,Entregado,5/15/2024,,CONTENEDOR DICIEMBRE FIRENZE,MASS1739,WALL PANEL 3D D088 BLANCO 1MM DE GROSOR 500MM*500MM,100.00,$0.85,50,2,25,50,50,$0.063,$0.13,$31.25,$62.50,$0.63,$1.48,147.5,,,,
500,Entregado,5/15/2024,,CONTENEDOR DICIEMBRE FIRENZE,MASS1562,WALL PANEL 3D D094 BLANCO 1MM DE GROSOR 500MM*500MM,400.00,$0.85,50,8,25,50,50,$0.063,$0.50,$31.25,$250.00,$0.63,$1.48,590,,,,
500,Entregado,5/15/2024,,CONTENEDOR DICIEMBRE FIRENZE,,WALL PANEL 3D D094 NEGRO 1MM DE GROSOR 500MM*500MM,300.00,$0.90,50,6,25,50,50,$0.063,$0.38,$31.25,$187.50,$0.63,$1.53,457.5,,,,
500,Entregado,5/15/2024,,CONTENEDOR DICIEMBRE FIRENZE,MASS1741,WALL PANEL 3D D017 BLANCO 1MM DE GROSOR 500MM*500MM,200.00,$0.85,50,4,25,50,50,$0.063,$0.25,$31.25,$125.00,$0.63,$1.48,295,,,,
500,Entregado,5/15/2024,,CONTENEDOR DICIEMBRE FIRENZE,MASS1742,WALL PANEL 3D D017 NEGRO 1MM DE GROSOR 500MM*500MM,200.00,$0.90,50,4,25,50,50,$0.063,$0.25,$31.25,$125.00,$0.63,$1.53,305,,,,
500,Entregado,5/15/2024,,CONTENEDOR DICIEMBRE FIRENZE,MASS1895,"6 piezas/juego de vajilla duradera de paja de trigo - Apto para microondas y lavavajillas - Platos, cuencos y tazas reutilizables - Negro (juego de 4)",80.00,$3.00,8,10,54,41,55,$0.122,$1.22,$60.89,$608.85,$7.61,$10.61,848.85,,,,
500,Entregado,5/15/2024,,CONTENEDOR DICIEMBRE FIRENZE,MASS1408,WALL PANEL MARRON CLARO 8882 290*168*23,280.00,$2.35,14,20,300,17.5,23,$0.121,$2.42,$60.38,"$1,207.50",$4.31,$6.66,1865.5,,,,
500,Entregado,5/15/2024,,CONTENEDOR DICIEMBRE FIRENZE,MASS1777,WALL PANEL GRIS OSCURO HYYC045 290*168*23,280.00,$2.35,14,20,300,17.5,23,$0.121,$2.42,$60.38,"$1,207.50",$4.31,$6.66,1865.5,,,,
500,Entregado,5/15/2024,,CONTENEDOR DICIEMBRE FIRENZE,MASS1778,WALL PANEL MADERA HYYC018 290*168*23,140.00,$2.35,14,10,300,17.5,23,$0.121,$1.21,$60.38,$603.75,$4.31,$6.66,932.75,,,,
500,Entregado,5/15/2024,,CONTENEDOR DICIEMBRE FIRENZE,MASS1743,WALL PANEL BLANCO HYYC073 290*168*23,280.00,$2.35,14,20,300,17.5,23,$0.121,$2.42,$60.38,"$1,207.50",$4.31,$6.66,1865.5,,,,
500,Entregado,5/15/2024,,CONTENEDOR DICIEMBRE FIRENZE,MASS1745,ROLLO PANEL DECORATIVO BD871,200.00,$1.80,50,4,2500,60,0.45,$0.068,$0.27,$33.75,$135.00,$0.68,$2.48,495,,,,
500,Entregado,5/15/2024,,CONTENEDOR DICIEMBRE FIRENZE,MASS1746,ROLLO PANEL DECORATIVO BD928,200.00,$1.80,50,4,2500,60,0.45,$0.068,$0.27,$33.75,$135.00,$0.68,$2.48,495,,,,
500,Entregado,5/15/2024,,CONTENEDOR DICIEMBRE FIRENZE,MASS1747,ROLLO PANEL DECORATIVO BD771,200.00,$1.80,50,4,2500,60,0.45,$0.068,$0.27,$33.75,$135.00,$0.68,$2.48,495,,,,
500,Entregado,5/15/2024,,CONTENEDOR DICIEMBRE FIRENZE,MASS1749,ROLLO PANEL DECORATIVO BD721,200.00,$1.80,50,4,2500,60,0.45,$0.068,$0.27,$33.75,$135.00,$0.68,$2.48,495,,,,
500,Entregado,5/15/2024,,CONTENEDOR DICIEMBRE FIRENZE,MASS1418,FOAMI 3D BLANCO 70CM*77CM,400.00,$0.39,100,4,70,70,45,$0.221,$0.88,$110.25,$441.00,$1.10,$1.49,597,,,,
500,Entregado,5/15/2024,,CONTENEDOR DICIEMBRE FIRENZE,MASS1417,FOAMI 3D NEGRO 70CM*77CM,600.00,$0.39,100,6,70,70,45,$0.221,$1.32,$110.25,$661.50,$1.10,$1.49,895.5,,,,
500,Entregado,2/19/2024,,CONTENEDOR MARZO,JULIA,FOAMI 3D 70CM*77CM PSHS-1-01,"2,000.00",$0.39,100,20,70,70,40,$0.196,$3.92,$98.00,"$1,960.00",$0.98,$1.37,2740,,,,
500,Entregado,2/19/2024,,CONTENEDOR MARZO,JULIA,FOAMI 3D 70CM*77CM PSHS-6-01 NARANJA,"1,000.00",$0.39,100,10,70,70,40,$0.196,$1.96,$98.00,$980.00,$0.98,$1.37,1370,,,,
500,Entregado,2/19/2024,,CONTENEDOR MARZO,EMILY,"Masturbador vibrador para hombre, masajeador de pene eléctrico",30.00,$9.60,30,1,47.5,35.5,25.5,$0.043,$0.04,$21.50,$21.50,$0.72,$10.32,309.4996875,,,,
500,Entregado,2/19/2024,,CONTENEDOR MARZO,EMILY,BALA VIBRADORA GRANDE COLORES AMARILLA CZDV001,100.00,$0.70,100,1,25,30,25,$0.019,$0.02,$9.38,$9.38,$0.09,$0.79,79.375,,,,
500,Entregado,2/19/2024,,CONTENEDOR MARZO,EMILY,Consolador Triple Penetración Vibrador Parejas Lesbicas,40.00,$5.98,40,1,47.5,35.5,25.5,$0.043,$0.04,$21.50,$21.50,$0.54,$6.52,260.6996875,,,,
500,Entregado,2/19/2024,,CONTENEDOR MARZO,EMILY,"Vibrador de silicona reutilizable para hombres, Anillo para el pene,",100.00,$0.40,100,1,43,22,28,$0.026,$0.03,$13.24,$13.24,$0.13,$0.53,53.244,,,,
500,Entregado,2/19/2024,,CONTENEDOR MARZO,JULIA,FOAMI 3D 70CM*77CM PSHS-11-01 AMARILLO,"1,725.00",$0.39,100,17.25,70,70,40,$0.196,$3.38,$98.00,"$1,690.50",$0.98,$1.37,2363.25,,,,
500,Entregado,2/19/2024,,CONTENEDOR MARZO,JULIA,FOAMI 3D 70CM*77CM PSHS-7-01 MARRON CLARO,870.00,$0.39,100,8.7,70,70,40,$0.196,$1.71,$98.00,$852.60,$0.98,$1.37,1191.9,,,,
500,Entregado,2/19/2024,,CONTENEDOR MARZO,EMILY,AUDIFONO F9,"1,700.00",$1.85,100,17,48,49,24,$0.056,$0.96,$28.22,$479.81,$0.28,$2.13,3624.808,,,,
500,Entregado,2/19/2024,,CONTENEDOR MARZO,JULIA,FOAMI 3D 70CM*77CM PSHS-9-01 NEGRO,"1,600.00",$0.39,100,16,70,70,40,$0.196,$3.14,$98.00,"$1,568.00",$0.98,$1.37,2192,,,,
500,Entregado,2/19/2024,,CONTENEDOR MARZO,JULIA,FOAMI 3D 70CM*77CM PSHS-10-01 ROSADO,"1,100.00",$0.39,100,11,70,70,40,$0.196,$2.16,$98.00,"$1,078.00",$0.98,$1.37,1507,,,,
500,Entregado,2/19/2024,,CONTENEDOR MARZO,EMILY,BALA VIBRADORA CON FUNDA DRAGON MORADO LXB001,120.00,$0.95,120,1,28,42,39,$0.046,$0.05,$22.93,$22.93,$0.19,$1.14,136.932,,,,
500,Entregado,2/19/2024,,CONTENEDOR MARZO,EMILY,CINTA LED 5050 24 KEY 12 LIGHT,500.00,$2.90,50,10,48,32.5,33,$0.051,$0.51,$25.74,$257.40,$0.51,$3.41,1707.4,,,,
500,Entregado,2/19/2024,,CONTENEDOR MARZO,EMILY,"PIZARRA MAGICA 12""",400.00,$1.55,60,6.666666667,56,42,63.5,$0.149,$1.00,$74.68,$497.84,$1.24,$2.79,1117.84,,,,
500,Entregado,2/19/2024,,CONTENEDOR MARZO,EMILY,MAQUINA PLASTIFICADORA LAMINADORA (10 HOJAS),220.00,$7.80,10,22,42,40,30,$0.050,$1.11,$25.20,$554.40,$2.52,$10.32,2270.4,,,,
500,Entregado,2/19/2024,,CONTENEDOR MARZO,EMILY,ZAPATERA,120.00,$1.00,40,3,52,39.5,40.5,$0.083,$0.25,$41.59,$124.78,$1.04,$2.04,244.7805,,,,
500,Entregado,2/19/2024,,CONTENEDOR MARZO,EMILY,PISTOLA DE AGUA M1911,600.00,$0.48,150,4,35,40,41,$0.057,$0.23,$28.70,$114.80,$0.19,$0.67,402.8,,,,
500,Entregado,2/19/2024,,CONTENEDOR MARZO,EMILY,AUDIFONO INALAMBRICO P9,500.00,$2.00,100,5,103.5,48,59,$0.293,$1.47,$146.56,$732.78,$1.47,$3.47,1732.78,,,,
500,Entregado,2/19/2024,,CONTENEDOR MARZO,EMILY,CARGADOR DE BATERIA MOTO CARRO,300.00,$3.88,1,300,20,9,6,$0.001,$0.32,$0.54,$162.00,$0.54,$4.42,1326,,,,
500,Entregado,2/19/2024,,CONTENEDOR MARZO,EMILY,AIRE ACONDICIONADO PORTATIL,360.00,$2.85,24,15,70,53,37,$0.137,$2.06,$68.64,"$1,029.53",$2.86,$5.71,2055.525,,,,
500,Entregado,2/19/2024,,CONTENEDOR MARZO,EMILY,MAQUINA DE COSER PORTATIL,220.00,$3.40,20,11,67,46,44,$0.136,$1.49,$67.80,$745.84,$3.39,$6.79,1493.844,,,,
500,Entregado,2/19/2024,,CONTENEDOR MARZO,EMILY,ANILLO JOY VIBRADOR RETARDANTE POTENTE LATEX NEGRO XQRE036,180.00,$0.80,700,0.2571428571,41,40,40,$0.066,$0.02,$32.80,$8.43,$0.05,$0.85,152.4342857,,,,
500,Entregado,2/19/2024,,CONTENEDOR MARZO,EMILY,ANILLO VIBRADOR RETARDANTE ESTIMULADOR CLITORIS HDH001,300.00,$0.20,300,1,13,46,42,$0.025,$0.03,$12.56,$12.56,$0.04,$0.24,72.558,,,,
500,Entregado,2/19/2024,,CONTENEDOR MARZO,EMILY,ARNE REALISTICO CON CINTURON QBTG7801,150.00,$3.50,50,3,50,30,30,$0.045,$0.14,$22.50,$67.50,$0.45,$3.95,592.5,,,,
500,Entregado,2/19/2024,,CONTENEDOR MARZO,EMILY,CONSOLADOR REALISTICO DE GELATINA 9 PULGADAS NEGRO,40.00,$3.60,40,1,41,37,34,$0.052,$0.05,$25.79,$25.79,$0.64,$4.24,169.789,,,,
500,Entregado,2/19/2024,,CONTENEDOR MARZO,EMILY,CONSOLADOR REALISTICO EXTRAGRANDE,40.00,$8.00,40,1,41,37,34,$0.052,$0.05,$25.79,$25.79,$0.64,$8.64,345.789,,,,
500,Entregado,2/19/2024,,CONTENEDOR MARZO,EMILY,KIT DE AMARRE DE CAMA CSBD001,40.00,$2.35,40,1,52,33,25,$0.043,$0.04,$21.45,$21.45,$0.54,$2.89,115.45,,,,
500,Entregado,2/19/2024,,CONTENEDOR MARZO,EMILY,SATISFAYER RECARGABLE ROSADO GM21901,150.00,$6.50,75,2,44,35,54,$0.083,$0.17,$41.58,$83.16,$0.55,$7.05,1058.16,,,,
500,Entregado,2/19/2024,,CONTENEDOR MARZO,EMILY,PLUG ANAL SET 3 UNIDADES ROJO METALPLUGSET,300.00,$3.03,50,6,36,34,20,$0.024,$0.15,$12.24,$73.44,$0.24,$3.27,982.44,,,,
500,Entregado,2/19/2024,,CONTENEDOR MARZO,EMILY,PLUG ANAL TALLA L ROJO,100.00,$1.31,250,0.4,20,34,20,$0.014,$0.01,$6.80,$2.72,$0.03,$1.34,133.72,,,,
500,Entregado,2/19/2024,,CONTENEDOR MARZO,EMILY,PLUG ANAL TALLA S AMARILLO,300.00,$0.55,300,1,36,34,20,$0.024,$0.02,$12.24,$12.24,$0.04,$0.59,177.24,,,,
500,Entregado,2/19/2024,,CONTENEDOR MARZO,EMILY,"SET ADULTO JUEGO SEXUAL BONDAGE LATIGO, MORDAZA, ESPOSA, MASCARA -SM10S01 NEGRO",100.00,$3.20,50,2,60,42,32,$0.081,$0.16,$40.32,$80.64,$0.81,$4.01,400.64,,,,
500,Entregado,2/19/2024,,CONTENEDOR MARZO,EMILY,SUCCIONADOR AGRANDA PENE PENIS PUMP 110828,100.00,$2.20,40,2.5,42,52,27,$0.059,$0.15,$29.48,$73.71,$0.74,$2.94,293.71,,,,
500,Entregado,2/19/2024,,CONTENEDOR MARZO,EMILY,VARITA MAGICA JOYPARK 20 VELOCIDADES 8 MODOS,100.00,$3.50,100,1,22,42,40,$0.037,$0.04,$18.48,$18.48,$0.18,$3.68,368.48,,,,
500,Entregado,2/19/2024,,CONTENEDOR MARZO,EMILY,VARITA MAGICA XQVS015 3 CABEZALES,40.00,$7.50,36,1.111111111,47,57,36,$0.096,$0.11,$48.22,$53.58,$1.34,$8.84,353.58,,,,
500,Entregado,2/19/2024,,CONTENEDOR MARZO,EMILY,VIBRADOR CON LENGUA MAGICA-MJSTR001,40.00,$3.80,40,1,33,52,33,$0.057,$0.06,$28.31,$28.31,$0.71,$4.51,180.314,,,,
500,Entregado,2/19/2024,,CONTENEDOR MARZO,EMILY,VIBRADOR CON RECARGA USB PUNTO G NEGRO HXMS671,150.00,$5.10,150,1,54,45,36,$0.087,$0.09,$43.74,$43.74,$0.29,$5.39,808.74,,,,
500,Entregado,2/19/2024,,CONTENEDOR MARZO,EMILY,VIBRADOR REALISTICO CON BASE Y CONTROL QBTG62,200.00,$2.40,100,2,42,28,52,$0.061,$0.12,$30.58,$61.15,$0.31,$2.71,541.152,,,,
500,Entregado,2/19/2024,,CONTENEDOR MARZO,EMILY,CONSOLADOR REALISTICO CON BASE INFLABLE YHNB224S,274.00,$2.40,55,4.981818182,51,42,24,$0.051,$0.26,$25.70,$128.05,$0.47,$2.87,785.6526545,,,,
500,Entregado,2/19/2024,,CONTENEDOR MARZO,EMILY,VIBRADOR REALISTICO YUECHAO ROSADO BLDZD001,400.00,$1.55,100,4,22,28,45,$0.028,$0.11,$13.86,$55.44,$0.14,$1.69,675.44,,,,
500,Entregado,2/19/2024,,CONTENEDOR MARZO,EMILY,ANILLO VIBRADOR RETARDANTE DOBLE RC007,200.00,$0.30,200,1,39,46,31,$0.056,$0.06,$27.81,$27.81,$0.14,$0.44,87.807,,,,
500,Entregado,2/19/2024,,CONTENEDOR MARZO,EMILY,VIBRADOR RECARGABLE CON FACIL AGARRE ANA001 ROSADO,80.00,$3.20,80,1,49,35,30,$0.051,$0.05,$25.73,$25.73,$0.32,$3.52,281.725,,,,
500,Entregado,2/19/2024,,CONTENEDOR MARZO,EMILY,SET DE INICIADORES ANALES SETANAL001 ROSADO,80.00,$0.80,200,0.4,53,31,27,$0.044,$0.02,$22.18,$8.87,$0.11,$0.91,72.8722,,,,
500,Entregado,2/19/2024,,CONTENEDOR MARZO,EMILY,LUBRICANTE ANAL LOVE MONOGATARI 200ML ZTAO01,200.00,$0.68,156,1.282051282,58,66,35,$0.134,$0.17,$66.99,$85.88,$0.43,$1.11,221.8846154,,,,
500,Entregado,2/19/2024,,CONTENEDOR MARZO,EMILY,IMITACION DE SEMEN LECHE SIYI 200ML SYXDZ01,200.00,$0.55,50,4,65,33,17,$0.036,$0.15,$18.23,$72.93,$0.36,$0.91,182.93,,,,
500,Entregado,2/19/2024,,CONTENEDOR MARZO,EMILY,GEL PARA AUMENTO DE ELASTICIDAD DE MAMA OEDOBC01,100.00,$1.50,100,1,20,33,37,$0.024,$0.02,$12.21,$12.21,$0.12,$1.62,162.21,,,,
500,Entregado,2/19/2024,,CONTENEDOR MARZO,EMILY,MAQUINA MASTURBADORA CON PENE BPJ01,32.00,$16.00,16,2,20,18,18,$0.006,$0.01,$3.24,$6.48,$0.20,$16.20,518.48,,,,
500,Entregado,2/19/2024,,CONTENEDOR MARZO,EMILY,INICIADOR VIBRADOR ANAL DE SILICON YCVA001 ROSADO,100.00,$1.40,100,1,38,32,28,$0.034,$0.03,$17.02,$17.02,$0.17,$1.57,157.024,,,,
500,Entregado,2/19/2024,,CONTENEDOR MARZO,EMILY,CONSOLADOR CORAZON VIDRIO CRISTAL GXNBL01,60.00,$2.20,60,1,26,25,42,$0.027,$0.03,$13.65,$13.65,$0.23,$2.43,145.65,,,,
500,Entregado,2/19/2024,,CONTENEDOR MARZO,EMILY,MORDAZA SEXO ORAL KJZB001 NEGRA,100.00,$0.98,100,1,26,47,30,$0.037,$0.04,$18.33,$18.33,$0.18,$1.16,116.33,,,,
500,Entregado,2/19/2024,,CONTENEDOR MARZO,EMILY,MASCARA ANTIFAZ CONEJITA TNLMJ01 NEGRA,200.00,$0.50,200,1,42,70,35,$0.103,$0.10,$51.45,$51.45,$0.26,$0.76,151.45,,,,
500,Entregado,2/19/2024,,CONTENEDOR MARZO,EMILY,BALA COLORES PASTELES NEGRO YCAS4301,200.00,$0.80,200,1,28,28,18,$0.014,$0.01,$7.06,$7.06,$0.04,$0.84,167.056,,,,
500,Entregado,2/19/2024,,CONTENEDOR MARZO,EMILY,BROCHA CHINA,250.00,$1.60,100,2.5,33,52,33,$0.057,$0.14,$28.31,$70.79,$0.28,$1.88,470.785,,,,
500,Entregado,2/19/2024,,CONTENEDOR MARZO,EMILY,LUBRCANTE MULTIORGASMICO CLIMAX OLO 20 ML,150.00,$0.85,100,1.5,56,34,32,$0.061,$0.09,$30.46,$45.70,$0.30,$1.15,173.196,,,,
500,Entregado,2/19/2024,,CONTENEDOR MARZO,EMILY,VARITA MAGICA CLITORI RECARGABLE METALIZADA DORADO,50.00,$1.90,50,1,27,21,43,$0.024,$0.02,$12.19,$12.19,$0.24,$2.14,107.1905,,,,
500,Entregado,2/19/2024,,CONTENEDOR MARZO,EMILY,SATISFAYER ROSADO XQZK003,100.00,$2.50,100,1,35,20,40,$0.028,$0.03,$14.00,$14.00,$0.14,$2.64,264,,,,
500,Entregado,2/19/2024,,CONTENEDOR MARZO,EMILY,VIBRADOR 12 VELOCIDADES CON ESTIMULADOR DE CLITORIS DRHHS001 NEGRO,150.00,$7.20,40,3.75,58,45,28,$0.073,$0.27,$36.54,$137.03,$0.91,$8.11,1217.025,,,,
500,Entregado,2/19/2024,,CONTENEDOR MARZO,EMILY,VIBRADOR ESTIMULADOR 10 VELOCIDADES AITT BB55DD,60.00,$12.00,30,2,50,49,27,$0.066,$0.13,$33.08,$66.15,$1.10,$13.10,786.15,,,,
500,Entregado,2/19/2024,,CONTENEDOR MARZO,EMILY,LUBRICANTE ANAL WATER OLO 60 ML,300.00,$0.85,100,3,52,39,31,$0.063,$0.19,$31.43,$94.30,$0.31,$1.16,349.302,,,,
500,Entregado,2/19/2024,,CONTENEDOR MARZO,EMILY,ROSA VIBRADORA VAGINA SUCKER NEGRA,50.00,$3.58,50,1,41,40,40,$0.066,$0.07,$32.80,$32.80,$0.66,$4.24,211.8,,,,
500,Entregado,2/19/2024,,CONTENEDOR MARZO,EMILY,VIBRADOR POR APLICACION REMOTO YPM,200.00,$5.90,100,2,58,46,22,$0.059,$0.12,$29.35,$58.70,$0.29,$6.19,1238.696,,,,
500,Entregado,2/19/2024,,CONTENEDOR MARZO,EMILY,DUCHA ANAL ENEMA NEGRO XGQSET01,150.00,$0.80,150,1,45,43,41,$0.079,$0.08,$39.67,$39.67,$0.26,$1.06,159.6675,,,,
500,Entregado,2/19/2024,,CONTENEDOR MARZO,EMILY,VAGINA RECARGABLE CON APP A DISTANCIA GLKHY01001,20.00,$15.00,20,1,21,35,50,$0.037,$0.04,$18.38,$18.38,$0.92,$15.92,318.375,,,,
500,Entregado,2/19/2024,,CONTENEDOR MARZO,EMILY,CONSOLADOR REALISTICO GRANDE CON BASE CHUPON,100.00,$3.00,100,1,47,47,43,$0.095,$0.09,$47.49,$47.49,$0.47,$3.47,347.4935,,,,
500,Entregado,2/19/2024,,CONTENEDOR MARZO,EMILY,MINI BALA VIBRADORA,200.00,$0.30,200,1,50,32,31,$0.050,$0.05,$24.80,$24.80,$0.12,$0.42,84.8,,,,
500,Entregado,2/19/2024,,CONTENEDOR MARZO,EMILY,ESPOSAS SEXUAL DE COLORES ROSADA BDSM39,150.00,$0.48,80,1.875,41,25,22,$0.023,$0.04,$11.28,$21.14,$0.14,$0.62,93.140625,,,,
500,Entregado,2/19/2024,,CONTENEDOR MARZO,EMILY,Masturbador Masculino Snail Cup Extra Suave Firme Silicona,100.00,$2.00,50,2,36,31,56,$0.062,$0.12,$31.25,$62.50,$0.62,$2.62,262.496,,,,
500,Entregado,2/19/2024,,CONTENEDOR MARZO,EMILY,Consolador Anal 14cm Con Ventosa Adherente De Tpe Médico,150.00,$0.55,150,1,30,41,34,$0.042,$0.04,$20.91,$20.91,$0.14,$0.69,103.41,,,,
500,Entregado,2/19/2024,,CONTENEDOR MARZO,EMILY,Consolador Curvo Grande Y Grueso Silicona Medica 21cm Chupón,60.00,$5.50,60,1,48,38,21,$0.038,$0.04,$19.15,$19.15,$0.32,$5.82,349.152,,,,
500,Entregado,2/19/2024,,CONTENEDOR MARZO,EMILY,Vibrador Brocha Maquillaje Multiples Velocidades Recargable,50.00,$4.00,50,1,34,44,15,$0.022,$0.02,$11.22,$11.22,$0.22,$4.22,211.22,,,,
500,Entregado,2/19/2024,,CONTENEDOR MARZO,EMILY,LUBRICANTE PRIVATE LIFE 100ML CEREZA XZLSG100ML,300.00,$0.54,200,1.5,46,43,42,$0.083,$0.12,$41.54,$62.31,$0.21,$0.75,224.307,,,,
500,Entregado,2/19/2024,,CONTENEDOR MARZO,EMILY,Kit Furry Plug Anal Con Cola Orejas Pinzas Y Collar Bdsm,100.00,$2.50,100,1,47,62,38,$0.111,$0.11,$55.37,$55.37,$0.55,$3.05,305.366,,,,
500,Entregado,2/19/2024,,CONTENEDOR MARZO,EMILY,Huevo Masturbador Masculino Texturizado Expandible,150.00,$0.45,150,1,20,40,60,$0.048,$0.05,$24.00,$24.00,$0.16,$0.61,91.5,,,,
500,Entregado,2/19/2024,,CONTENEDOR MARZO,EMILY,Cinturon De Castidad Para Pene Con Llave Y Candado,60.00,$1.95,40,1.5,52,39,31,$0.063,$0.09,$31.43,$47.15,$0.79,$2.74,164.151,,,,
500,Entregado,2/19/2024,,CONTENEDOR MARZO,EMILY,Bomba Extensora Automatica Para Pene Hidroterapia Bathmate,40.00,$9.50,20,2,50,32,40,$0.064,$0.13,$32.00,$64.00,$1.60,$11.10,444,,,,
500,Entregado,2/19/2024,,CONTENEDOR MARZO,EMILY,Arnes Strap On Ajustable Doble Penetración 18cm Y 13cm,80.00,$3.98,20,4,46,44,40,$0.081,$0.32,$40.48,$161.92,$2.02,$6.00,480.32,,,,
500,Entregado,2/19/2024,,CONTENEDOR MARZO,EMILY,Lubricante Y Estimulante Sexual Femenino Sensación De Frio,150.00,$0.88,150,1,42,40,44,$0.074,$0.07,$36.96,$36.96,$0.25,$1.13,168.96,,,,
500,Entregado,2/19/2024,,CONTENEDOR MARZO,EMILY,Funda Para Dedos Con Bala Vibradora Dedos Magicos,50.00,$1.35,50,1,42,52,27,$0.059,$0.06,$29.48,$29.48,$0.59,$1.94,96.984,,,,
500,Entregado,2/19/2024,,CONTENEDOR MARZO,EMILY,Masturbador Pretty Love Acción Succionadora Ano/boca/vagina,80.00,$3.38,40,2,50.5,27.5,38.5,$0.053,$0.11,$26.73,$53.47,$0.67,$4.05,323.866875,,,,
500,Entregado,2/19/2024,,CONTENEDOR MARZO,EMILY,Vibrador Para Pareja Uso Simultaneo O Sola 8 Velocidades,50.00,$7.50,50,1,47.5,35.5,25.5,$0.043,$0.04,$21.50,$21.50,$0.43,$7.93,396.4996875,,,,
500,Entregado,2/19/2024,,CONTENEDOR MARZO,EMILY,VIBRADOR RECARGABLE 30 VELOCIDADES ROSADO YCYY3001U,200.00,$2.60,100,2,40,27,33,$0.036,$0.07,$17.82,$35.64,$0.18,$2.78,555.64,,,,
500,Entregado,2/19/2024,,CONTENEDOR MARZO,EMILY,VIBRADOR MIGNON MARCA LEVETT CON APP REMOTO,120.00,$9.50,96,1.25,35,30,52,$0.055,$0.07,$27.30,$34.13,$0.28,$9.78,1174.125,,,,
500,Entregado,2/19/2024,,CONTENEDOR MARZO,EMILY,VIBRADOR ANAL 10 VELOCIDADES,50.00,$4.98,50,1,45,46,18,$0.037,$0.04,$18.63,$18.63,$0.37,$5.35,267.63,,,,
500,Entregado,2/19/2024,,CONTENEDOR MARZO,EMILY,Rabbit Vibrator Sex Toys for Women 10 Frequency Vaginal Anal Massager G Spot,100.00,$4.98,90,1.111111111,72,34,54,$0.132,$0.15,$66.10,$73.44,$0.73,$5.71,571.44,,,,
500,Entregado,2/19/2024,,CONTENEDOR MARZO,EMILY,Beginner G-Spot Vibrator Nipple Clitoris Stimulator Vagina Dildo Erotic,60.00,$4.40,60,1,25,25,30,$0.019,$0.02,$9.38,$9.38,$0.16,$4.56,273.375,,,,
500,Entregado,2/19/2024,,CONTENEDOR MARZO,EMILY,"Vibrador con pistola de masaje LED para mujer, máquina sexual automática,",60.00,$16.50,12,5,44,34,42,$0.063,$0.31,$31.42,$157.08,$2.62,$19.12,1147.08,,,,
500,Entregado,2/19/2024,,CONTENEDOR MARZO,EMILY,PLUG ANAL TALLA M ROJO,150.00,$1.10,250,0.6,20,34,20,$0.014,$0.01,$6.80,$4.08,$0.03,$1.13,169.08,,,,
500,Entregado,2/19/2024,,CONTENEDOR MARZO,EMILY,CARAMELO EXPLOSIVO COMESTIBLE,125.00,$0.05,60,2.083333333,32,32,24,$0.025,$0.05,$12.29,$25.60,$0.20,$0.25,31.85,,,,
500,Entregado,2/19/2024,,CONTENEDOR MARZO,EMILY,Oral Protector Gum Job Con Sabor A Caramelo,0.00,$0.40,100,0,20,40,30,$0.024,$0.00,$12.00,$0.00,$0.12,$0.52,0,,,,
500,Entregado,2/19/2024,,CONTENEDOR MARZO,EMILY,Aplicador De Lubricante Anal Tipo Tubo Calexotics,200.00,$1.60,100,2,41,30,50,$0.062,$0.12,$30.75,$61.50,$0.31,$1.91,381.5,,,,
500,Entregado,2/19/2024,,CONTENEDOR MARZO,EMILY,Manga Extensora De Pene Con 6.5″ Pulgadas,120.00,$0.80,120,1,50,32,30,$0.048,$0.05,$24.00,$24.00,$0.20,$1.00,120,,,,
500,Entregado,2/19/2024,,CONTENEDOR MARZO,EMILY,"KIT DE FETICHE PARA MUJER, ESPOSAS DE BONDAJE ROSADO",60.00,$2.70,30,2,65,50,40,$0.130,$0.26,$65.00,$130.00,$2.17,$4.87,292,,,,
500,Entregado,2/19/2024,,CONTENEDOR MARZO,EMILY,Flexible Manga Para Pene Doble bala vibrador,60.00,$4.00,60,1,31,31,28,$0.027,$0.03,$13.45,$13.45,$0.22,$4.22,253.454,,,,
500,Entregado,2/19/2024,,CONTENEDOR MARZO,EMILY,"Manga extensora, manga para pene, manga con vibración Recargable",80.00,$5.00,80,1,40,47,36,$0.068,$0.07,$33.84,$33.84,$0.42,$5.42,433.84,,,,
500,Entregado,2/19/2024,,CONTENEDOR MARZO,EMILY,CONSOLADOR REALISTA DOBLE CAPA ARCOIRIS YMDCYJ01,80.00,$6.80,40,2,46,44,40,$0.081,$0.16,$40.48,$80.96,$1.01,$7.81,624.96,,,,
500,Entregado,2/19/2024,,CONTENEDOR MARZO,EMILY,Mangas Para Pene De Aspecto Atractivo,100.00,$2.50,100,1,43,37,30,$0.048,$0.05,$23.87,$23.87,$0.24,$2.74,273.865,,,,
500,Entregado,2/19/2024,,CONTENEDOR MARZO,HANDSOME,STUD100,600.00,$0.88,300,2,48,31,39,$0.058,$0.12,$29.02,$58.03,$0.10,$0.98,586.032,,,,
500,Entregado,2/19/2024,,CONTENEDOR MARZO,JULIA,PISO VINIL HHYM3027,100.00,$11.50,1,100,94,16.5,8.8,$0.014,$1.36,$6.82,$682.44,$6.82,$18.32,1832.44,,,,
500,Entregado,2/19/2024,,CONTENEDOR MARZO,JULIA,PISO VINIL HHYM3024,120.00,$11.50,1,120,94,16.5,8.8,$0.014,$1.64,$6.82,$818.93,$6.82,$18.32,2198.928,,,,
500,Entregado,2/19/2024,,CONTENEDOR MARZO,JULIA,PISO VINIL HHYM3018,140.00,$11.50,1,140,94,16.5,8.8,$0.014,$1.91,$6.82,$955.42,$6.82,$18.32,2565.416,,,,
500,Entregado,2/19/2024,,CONTENEDOR MARZO,JULIA,PISO VINIL HHYM3039,100.00,$11.50,1,100,94,16.5,8.8,$0.014,$1.36,$6.82,$682.44,$6.82,$18.32,1832.44,,,,
500,Entregado,2/19/2024,,CONTENEDOR MARZO,JULIA,PISO VINIL HHYM3013,140.00,$11.50,1,140,94,16.5,8.8,$0.014,$1.91,$6.82,$955.42,$6.82,$18.32,2565.416,,,,
500,Entregado,2/19/2024,,CONTENEDOR MARZO,JULIA,PISO VINIL HHYM3017,100.00,$11.50,1,100,94,16.5,8.8,$0.014,$1.36,$6.82,$682.44,$6.82,$18.32,1832.44,,,,
500,Entregado,2/19/2024,,CONTENEDOR MARZO,JULIA,PISO VINIL HHYM3041,100.00,$11.50,1,100,94,16.5,8.8,$0.014,$1.36,$6.82,$682.44,$6.82,$18.32,1832.44,,,,
500,Entregado,2/19/2024,,CONTENEDOR MARZO,JULIA,PISO VINIL HHYM3036,60.00,$11.50,1,60,94,16.5,8.8,$0.014,$0.82,$6.82,$409.46,$6.82,$18.32,1099.464,,,,
500,Entregado,2/19/2024,,CONTENEDOR MARZO,EMILY,BASE TV MOVIL,300.00,$2.50,10,30,49,26,37,$0.047,$1.41,$23.57,$707.07,$2.36,$4.86,1457.07,,,,
500,Entregado,2/19/2024,,CONTENEDOR MARZO,JULIA,WALL PANEL 3D 1MM DE GROSOR 500MM*500MM D088,400.00,$0.85,50,8,50,50,50,$0.125,$1.00,$62.50,$500.00,$1.25,$2.10,840,,,,
500,Entregado,2/19/2024,,CONTENEDOR MARZO,JULIA,WALL PANEL 3D 1MM DE GROSOR 500MM*500MM D088,300.00,$0.85,50,6,50,50,50,$0.125,$0.75,$62.50,$375.00,$1.25,$2.10,630,,,,
500,Entregado,2/19/2024,,CONTENEDOR MARZO,JULIA,WALL PANEL 3D 1MM DE GROSOR 500MM*500MM D094,400.00,$0.85,50,8,50,50,50,$0.125,$1.00,$62.50,$500.00,$1.25,$2.10,840,,,,
500,Entregado,2/19/2024,,CONTENEDOR MARZO,JULIA,WALL PANEL 3D 1MM DE GROSOR 500MM*500MM D094,500.00,$0.85,50,10,50,50,50,$0.125,$1.25,$62.50,$625.00,$1.25,$2.10,1050,,,,
500,Entregado,2/19/2024,,CONTENEDOR MARZO,EMILY,CINTA LED 2835 24 KEY 30 LIGHT,500.00,$1.80,50,10,48,32,33,$0.051,$0.51,$25.34,$253.44,$0.51,$2.31,1153.44,,,,
500,Entregado,2/19/2024,,CONTENEDOR MARZO,JULIA,WALL PANEL 3D 1MM DE GROSOR 500MM*500MM D003,300.00,$0.85,50,6,50,50,50,$0.125,$0.75,$62.50,$375.00,$1.25,$2.10,630,,,,
500,Entregado,2/19/2024,,CONTENEDOR MARZO,JULIA,WALL PANEL 3D 1MM DE GROSOR 500MM*500MM D003,300.00,$0.85,50,6,50,50,50,$0.125,$0.75,$62.50,$375.00,$1.25,$2.10,630,,,,
500,Entregado,2/19/2024,,CONTENEDOR MARZO,JULIA,WALL PANEL 3D 1MM DE GROSOR 500MM*500MM D017,300.00,$0.85,50,6,50,50,50,$0.125,$0.75,$62.50,$375.00,$1.25,$2.10,630,,,,
500,Entregado,2/19/2024,,CONTENEDOR MARZO,JULIA,WALL PANEL 3D 1MM DE GROSOR 500MM*500MM D017,300.00,$0.85,50,6,50,50,50,$0.125,$0.75,$62.50,$375.00,$1.25,$2.10,630,,,,
500,Entregado,2/19/2024,,CONTENEDOR MARZO,JULIA,WALL PANEL YC101,280.00,$2.80,14,20,290,17,23,$0.113,$2.27,$56.70,"$1,133.90",$4.05,$6.85,1917.9,,,,
500,Entregado,2/19/2024,,CONTENEDOR MARZO,JULIA,WALL PANEL AZUL,280.00,$2.80,14,20,290,17,23,$0.113,$2.27,$56.70,"$1,133.90",$4.05,$6.85,1917.9,,,,
500,Entregado,2/19/2024,,CONTENEDOR MARZO,JULIA,WALL PANEL HYYC033 MARRON OSCURO,280.00,$2.80,14,20,290,17,23,$0.113,$2.27,$56.70,"$1,133.90",$4.05,$6.85,1917.9,,,,
500,Entregado,2/19/2024,,CONTENEDOR MARZO,JULIA,WALL PANEL HYYC045 GRIS OSCURO,280.00,$2.80,14,20,290,17,23,$0.113,$2.27,$56.70,"$1,133.90",$4.05,$6.85,1917.9,,,,
500,Entregado,2/19/2024,,CONTENEDOR MARZO,JULIA,FOAMI 3D 70CM*77CM PSHS-8-01 PLATEADO,"1,670.00",$0.39,100,16.7,70,70,40,$0.196,$3.27,$98.00,"$1,636.60",$0.98,$1.37,2287.9,,,,
500,Entregado,2/19/2024,,CONTENEDOR MARZO,JULIA,WALL PANEL HYYC018 MARRON CLARO,140.00,$2.80,14,10,290,17,23,$0.113,$1.13,$56.70,$566.95,$4.05,$6.85,958.95,,,,
500,Entregado,2/19/2024,,CONTENEDOR MARZO,JULIA,WALL PANEL HYYC073 BLANCO,140.00,$2.80,14,10,290,17,23,$0.113,$1.13,$56.70,$566.95,$4.05,$6.85,958.95,,,,
500,Entregado,2/19/2024,,CONTENEDOR MARZO,JULIA,ROLLO PANEL DECORATIVO BD691,50.00,$1.80,50,1,5000,60,0.4,$0.120,$0.12,$60.00,$60.00,$1.20,$3.00,150,,,,
500,Entregado,2/19/2024,,CONTENEDOR MARZO,JULIA,ROLLO PANEL DECORATIVO BD871,50.00,$1.80,50,1,5000,60,0.4,$0.120,$0.12,$60.00,$60.00,$1.20,$3.00,150,,,,
500,Entregado,2/19/2024,,CONTENEDOR MARZO,JULIA,ROLLO PANEL DECORATIVO BD928,50.00,$1.80,50,1,5000,60,0.4,$0.120,$0.12,$60.00,$60.00,$1.20,$3.00,150,,,,
500,Entregado,2/19/2024,,CONTENEDOR MARZO,JULIA,"ROLLO PANEL DECORATIVO BD928BD771",50.00,$1.80,50,1,5000,60,0.4,$0.120,$0.12,$60.00,$60.00,$1.20,$3.00,150,,,,
500,Entregado,2/19/2024,,CONTENEDOR MARZO,JULIA,ROLLO PANEL DECORATIVO BD861,50.00,$1.80,50,1,5000,60,0.4,$0.120,$0.12,$60.00,$60.00,$1.20,$3.00,150,,,,
500,Entregado,2/19/2024,,CONTENEDOR MARZO,JULIA,ROLLO PANEL DECORATIVO BD721,50.00,$1.80,50,1,5000,60,0.4,$0.120,$0.12,$60.00,$60.00,$1.20,$3.00,150,,,,
400,Entregado,2/13/2024,,CONTENEDOR ENERO,MASS1519,JUEGO DE PELADOR DE VERDURA 3 EN 1 CON ALMACENAMIENTO DE PLASTICO,300.00,$0.30,1,300,20,5,5,$0.001,$0.15,$0.20,$60.00,$0.20,$0.50,150,,,,
672,Entregado,2/13/2024,,CUDY FEBRERO,NIKO,WR3000 ROUTER CUDY WR3000 AX3000 GIGABIT,40.00,$23.20,20,2,49,31,47.5,$0.072,$0.14,$48.49,$96.97,$2.42,$25.62,1024.97296,,,,
672,Entregado,2/13/2024,,CUDY FEBRERO,NIKO,M1300(2-Pack) DECO AC1200 GIGABIT WI-FI 6 MESH SOLUTION,40.00,$33.70,8,5,55,54.5,35.3,$0.106,$0.53,$71.11,$355.53,$8.89,$42.59,1703.52748,,,,
400,Entregado,2/13/2024,,CONTENEDOR ENERO,MASS0812 NEGRO MASS0813 ROSADO MASS0814 AZUL,"RELOJ INTELIGENTE ZL02 1,28""",150.00,$9.80,100,1.5,32,49,43,$0.067,$0.10,$26.97,$40.45,$0.27,$10.07,1510.4544,,,,
672,Entregado,2/13/2024,,CUDY FEBRERO,NIKO,RE1200 REPETIDOR DE SEÑAL DOBLE BANDA AC1200,60.00,$12.60,30,2,50.4,37.7,35.3,$0.067,$0.13,$45.07,$90.15,$1.50,$14.10,846.1458755,,,,
400,Entregado,2/13/2024,,CONTENEDOR ENERO,,PICA TODO MANUAL,240.00,$1.05,80,3,68,40,54,$0.147,$0.44,$58.75,$176.26,$0.73,$1.78,428.256,,,,
400,Entregado,2/13/2024,,CONTENEDOR ENERO,MASS1083,CERRADURA PARA PUERTA DOMO,300.00,$1.20,1,300,15,8,8,$0.001,$0.29,$0.38,$115.20,$0.38,$1.58,475.2,,,,
672,Entregado,2/13/2024,,CUDY FEBRERO,NIKO,WU1400 AC1300 Wi-Fi High Gain USB 3.0 Adapter,150.00,$6.80,150,1,39,36,47,$0.066,$0.07,$44.34,$44.34,$0.30,$7.10,1064.343936,,,,
400,Entregado,2/13/2024,,CONTENEDOR ENERO,MASS1276,MAQUINA DE BOXEO BLUETOOH MUSICAL,56.00,$28.50,7,8,57.5,56,43,$0.138,$1.11,$55.38,$443.07,$7.91,$36.41,2039.072,,,,
400,Entregado,2/13/2024,,CONTENEDOR ENERO,MASS1517,MINI PROYECTOR VIDEO BEAM,120.00,$11.85,20,6,44,42,37.2,$0.069,$0.41,$27.50,$164.99,$1.37,$13.22,1586.98944,,,,
400,Entregado,2/13/2024,,CONTENEDOR ENERO,MASS1449,IMPRESORA TERMICA 58 MM,100.00,$9.50,20,5,56,34,33,$0.063,$0.31,$25.13,$125.66,$1.26,$10.76,1075.664,,,,
400,Entregado,2/13/2024,,CONTENEDOR ENERO,MASS0174,CONVERTIDOR VGA A HDMI,200.00,$1.00,200,1,51,35.5,35.5,$0.064,$0.06,$25.71,$25.71,$0.13,$1.13,225.7091,,,,
400,Entregado,2/13/2024,,CONTENEDOR ENERO,MASS1518,CONTROL INALAMBRICO X3 CON CLIPER,300.00,$4.00,50,6,66,36,36,$0.086,$0.51,$34.21,$205.29,$0.68,$4.68,1405.2864,,,,
400,Entregado,2/13/2024,,CONTENEDOR ENERO,MASS1522,NAVAJA MULTIHERRAMIENTA DE ACERO,300.00,$3.20,1,300,12,3,3,$0.000,$0.03,$0.04,$12.96,$0.04,$3.24,972.96,,,,
400,Entregado,2/13/2024,,CONTENEDOR ENERO,MASS1523,GANCHO SOPORTE PARA BICICLETA 4 PIEZAS,200.00,$3.23,50,4,42,41,72,$0.124,$0.50,$49.59,$198.37,$0.99,$4.22,844.3744,,,,
400,Entregado,2/13/2024,,CONTENEDOR ENERO,MASS1597 ROJO MASS1598 NARANJA MASS1599 GRIS MASS1524 AZUL,PAR DE MUÑEQUERA DE FITNESS DE ALTA CALIDAD,200.00,$0.85,250,0.8,50,42,42,$0.088,$0.07,$35.28,$28.22,$0.14,$0.99,198.224,,,,
400,Entregado,2/13/2024,,CONTENEDOR ENERO,MASS1526,CAJA ORGANIZADOR DE ZAPATO 12 PCS,140.00,$6.00,10,14,76,46,31,$0.108,$1.52,$43.35,$606.91,$4.34,$10.34,1446.9056,,,,
400,Entregado,2/13/2024,,CONTENEDOR ENERO,MASS1527,MINI MOTOSIERRA INALAMBRICA PORTATIL 6 EN 1 CON 2 BATERIAS,80.00,$14.94,10,8,59.5,37.5,42,$0.094,$0.75,$37.49,$299.88,$3.75,$18.69,1495.08,,,,
400,Entregado,2/13/2024,,CONTENEDOR ENERO,MASS0951 NEGRO MASS1600 ROJO MASS1601 GRIS MASS0950 AZUL,BOLSO DE LAPTOP REFLECTIVO,140.00,$2.75,70,2,55,66,77,$0.280,$0.56,$111.80,$223.61,$1.60,$4.35,608.608,,,,
400,Entregado,2/13/2024,,CONTENEDOR ENERO,MASS0956 NEGRO MASS0959 ROJO MASS0957 GRIS MASS0958 AZUL,BOLSO DE LAPTOP SUPERLIGHT,200.00,$2.35,70,2.857142857,55,66,77,$0.280,$0.80,$111.80,$319.44,$1.60,$3.95,789.44,,,,
400,Entregado,2/13/2024,,CONTENEDOR ENERO,MASS1528,BOLSO DE LAPTOP,210.00,$2.90,70,3,110,82,43,$0.388,$1.16,$155.14,$465.43,$2.22,$5.12,1074.432,,,,
400,Entregado,2/13/2024,,CONTENEDOR ENERO,MASS1628,KIT DE TERMOENCOJIBLE,300.00,$1.10,100,3,57,42,45,$0.108,$0.32,$43.09,$129.28,$0.43,$1.53,459.276,,,,
400,Entregado,2/13/2024,,CONTENEDOR ENERO,MASS1602,EVOPLAST NEGRO PARA EMBALAR,204.00,$4.50,1,204,45,3,3,$0.000,$0.08,$0.16,$33.05,$0.16,$4.66,951.048,,,,
400,Entregado,2/13/2024,,CONTENEDOR ENERO,MASS1592 NEGRO MASS1603 BLANCO,RELOJ DE PARED,150.00,$1.80,1,150,26,4,4,$0.000,$0.06,$0.17,$24.96,$0.17,$1.97,294.96,,,,
400,Entregado,2/13/2024,,CONTENEDOR ENERO,MASS1604,SET DE OLLA,100.00,$5.12,10,10,57,47,54,$0.145,$1.45,$57.87,$578.66,$5.79,$10.91,1090.664,,,,
400,Entregado,2/13/2024,,CONTENEDOR ENERO,MASS1530,TERMO DEPORTIVO,200.00,$4.40,1,200,8,6,7.5,$0.000,$0.07,$0.14,$28.80,$0.14,$4.54,908.8,,,,
400,Entregado,2/13/2024,,CONTENEDOR ENERO,,BILLETES DE DOLARES PARA FIESTAS,0.00,$0.80,200,0,37,36,35,$0.047,$0.00,$18.65,$0.00,$0.09,$0.89,0,,,,
400,Entregado,2/13/2024,,CONTENEDOR ENERO,MASS1533 GRIS MASS1610 ROSADO,ALFOMBRA DE EJERCICIO,100.00,$3.00,20,5,58,44,63,$0.161,$0.80,$64.31,$321.55,$3.22,$6.22,621.552,,,,
400,Entregado,2/13/2024,,CONTENEDOR ENERO,MASS1534 ROJO MASS1608 VERDE MASS1609 AZUL,PELADOR DE VEGETALES,300.00,$0.35,400,0.75,70,46.5,29.8,$0.097,$0.07,$38.80,$29.10,$0.10,$0.45,134.0997,,,,
400,Entregado,2/13/2024,,CONTENEDOR ENERO,MASS1536 NEGRO MASS1614 BLANCO MASS1615 AZUL MASS1616 ROJO,TERMO DE ACERO INOXIDABLE 36oz,150.00,$3.75,1,150,23.5,6,9,$0.001,$0.19,$0.51,$76.14,$0.51,$4.26,638.64,,,,
400,Entregado,2/13/2024,,CONTENEDOR ENERO,MASS1537,LAMPARA PROFESIONAL PARA MAQUILLAJE,40.00,$20.00,8,5,56,55,34,$0.105,$0.52,$41.89,$209.44,$5.24,$25.24,1009.44,,,,
400,Entregado,2/13/2024,,CONTENEDOR ENERO,MASS1538,BLANQUEADOR DENTAL,250.00,$0.50,250,1,46,38,50,$0.087,$0.09,$34.96,$34.96,$0.14,$0.64,159.96,,,,
400,Entregado,2/13/2024,,CONTENEDOR ENERO,MASS1540,HUB 4 PUERTOS,300.00,$1.58,1,300,10,5,2,$0.000,$0.03,$0.04,$12.00,$0.04,$1.62,486,,,,
400,Entregado,2/13/2024,,CONTENEDOR ENERO,MASS1541,HUB 7 PUERTOS,200.00,$2.10,1,200,17,5,2,$0.000,$0.03,$0.07,$13.60,$0.07,$2.17,433.6,,,,
400,Entregado,2/13/2024,,CONTENEDOR ENERO,MASS1542 NEGRO MASS1617 PLATEADO,DESTAPADOR MULTIUSO,400.00,$0.30,1,400,8.3,4,1,$0.000,$0.01,$0.01,$5.31,$0.01,$0.31,125.312,,,,
400,Entregado,2/13/2024,,CONTENEDOR ENERO,MASS1543,PARCHES DESINTOXICANTES DE PIE,300.00,$0.80,60,5,60,42,42,$0.106,$0.53,$42.34,$211.68,$0.71,$1.51,451.68,,,,
400,Entregado,2/13/2024,,CONTENEDOR ENERO,MASS1544 ROJO MASS1618 AZUL MASS1619 VERDE,CORTADOR DE VEGETABLES MANUAL,144.00,$2.35,24,6,77,39,51,$0.153,$0.92,$61.26,$367.57,$2.55,$4.90,705.9672,,,,
400,Entregado,2/13/2024,,CONTENEDOR ENERO,MASS1321,BOMBILLO GIRATORIO BLUETOOH MUSICA,300.00,$0.42,50,6,42,42,32,$0.056,$0.34,$22.58,$135.48,$0.45,$0.87,261.4752,,,,
400,Entregado,2/13/2024,,CONTENEDOR ENERO,MASS1264,PLANCHA DE HIERRO FUNDIDO REVERSIBLE,150.00,$6.80,5,30,53,26,14,$0.019,$0.58,$7.72,$231.50,$1.54,$8.34,1251.504,,,,
400,Entregado,2/13/2024,,CONTENEDOR ENERO,MASS1545 VERDE MASS1620 NARANJA,VENTILADOR RECARGABLE CAMPING,288.00,$8.50,16,18,50.2,44,53.7,$0.119,$2.14,$47.45,$854.01,$2.97,$11.47,3302.010432,,,,
400,Entregado,2/13/2024,,CONTENEDOR ENERO,MASS1058,MARCADOR DOBLE PUNTA 24 PCS TOUCH,550.00,$1.18,50,11,51.5,34.5,36,$0.064,$0.70,$25.59,$281.44,$0.51,$1.69,930.4372,,,,
400,Entregado,2/13/2024,,CONTENEDOR ENERO,MASS1059,MARCADOR DOBLE PUNTA 36 PCS TOUCH,512.00,$1.66,32,16,51.5,34.5,36,$0.064,$1.02,$25.59,$409.36,$0.80,$2.46,1259.2832,,,,
400,Entregado,2/13/2024,,CONTENEDOR ENERO,MASS1061,MARCADOR DOBLE PUNTA 60 PCS TOUCH,"1,100.00",$2.48,20,55,51.5,34.5,36,$0.064,$3.52,$25.59,"$1,407.19",$1.28,$3.76,4135.186,,,,
400,Entregado,2/13/2024,,CONTENEDOR ENERO,MASS1322,MARCADOR DOBLE PUNTA 80 PCS TOUCH,240.00,$3.30,16,15,51.5,34.5,36,$0.064,$0.96,$25.59,$383.78,$1.60,$4.90,1175.778,,,,
400,Entregado,2/13/2024,,CONTENEDOR ENERO,MASS1478,MARCADOR DOBLE PUNTA 120 PCS TOUCH,150.00,$6.08,10,15,51.5,34.5,36,$0.064,$0.96,$25.59,$383.78,$2.56,$8.64,1295.778,,,,
400,Entregado,2/13/2024,,CONTENEDOR ENERO,MASS0283,SELLADORA AL VACIO 10 BOLSAS,240.00,$2.60,40,6,59.5,39,45.5,$0.106,$0.63,$42.23,$253.40,$1.06,$3.66,877.3986,,,,
400,Entregado,2/13/2024,,CONTENEDOR ENERO,MASS1230,TENSIOMETRO DIGITAL SIN VOZ,510.00,$3.72,,,52,36,33,$0.062,,$24.71,,,,,,,,
400,Entregado,2/13/2024,,CONTENEDOR ENERO,MASS0992,CAMARA WIFFI MOTORIZADA,80.00,$4.90,20,4,42,62,41,$0.107,$0.43,$42.71,$170.82,$2.14,$7.04,562.8224,,,,
400,Entregado,2/13/2024,,CONTENEDOR ENERO,MASS1009 NEGRO MASS1011 NEGRO MASS1010 ROSADO,DEPILADORA LASER 999999 FLASHES,168.00,$9.00,24,7,47.5,46.5,35,$0.077,$0.54,$30.92,$216.46,$1.29,$10.29,1728.4575,,,,
400,Entregado,2/13/2024,,CONTENEDOR ENERO,MASS1041,LIMPIADOR A VAPOR 900W 10 PCS,96.00,$11.00,8,12,46,46,49,$0.104,$1.24,$41.47,$497.68,$5.18,$16.18,1553.6832,,,,
400,Entregado,2/13/2024,,CONTENEDOR ENERO,MASS1377,HIDROYET RECARGABLE 48VF (Con maleta y boquilla),300.00,$9.40,10,30,77,25.5,49,$0.096,$2.89,$38.48,"$1,154.54",$3.85,$13.25,3974.538,,,,
400,Entregado,2/13/2024,,CONTENEDOR ENERO,MASS0927,SET DE ESENCIA 6 PCS,600.00,$1.16,60,10,33,33,25,$0.027,$0.27,$10.89,$108.90,$0.18,$1.34,804.9,,,,
400,Entregado,2/13/2024,,CONTENEDOR ENERO,MASS1546,MICROFONO BALITA IPHONE TIPO C K8,400.00,$1.78,100,4,44,34,29,$0.043,$0.17,$17.35,$69.41,$0.17,$1.95,781.4144,,,,
400,Entregado,2/13/2024,,CONTENEDOR ENERO,MASS1547,MICROFONO BALITA TIPO C K8,400.00,$2.18,100,4,44,34,29,$0.043,$0.17,$17.35,$69.41,$0.17,$2.35,941.4144,,,,
400,Entregado,2/13/2024,,CONTENEDOR ENERO,MASS1214 AGUACATE MASS1215 KERATINA,PLANCHA REMINTONG AGUACATE,350.00,$6.20,50,7,52,34,36,$0.064,$0.45,$25.46,$178.21,$0.51,$6.71,2348.2144,,,,
400,Entregado,2/13/2024,,CONTENEDOR ENERO,MASS1335,MAQUINA COTUFERA ELECTRICA,48.00,$5.40,12,4,39.5,36,56,$0.080,$0.32,$31.85,$127.41,$2.65,$8.05,386.6112,,,,
400,Entregado,2/13/2024,,CONTENEDOR ENERO,MASS1267,MIMI MAQUINA PARA HACER DONA 7 PCS,240.00,$6.48,8,30,41.4,23.8,56,$0.055,$1.66,$22.07,$662.14,$2.76,$9.24,2217.33504,,,,
400,Entregado,2/13/2024,,CONTENEDOR ENERO,MASS1060,MARCADOR DOBLE PUNTA 48 PCS TOUCH,500.00,$2.08,25,20,51.5,34.5,36,$0.064,$1.28,$25.59,$511.70,$1.02,$3.10,1551.704,,,,
400,Entregado,2/13/2024,,CONTENEDOR ENERO,MASS1301,EXTENSOR DE SEÑAL 300 MBPS,400.00,$2.55,1,400,11.5,10,7,$0.001,$0.32,$0.32,$128.80,$0.32,$2.87,1148.8,,,,
400,Entregado,2/13/2024,,CONTENEDOR ENERO,MASS1548 BLANCO MASS1625 AZUL MASS1626 BEIGE,COLETO MAGICO,180.00,$1.85,30,6,108,32,48,$0.166,$1.00,$66.36,$398.13,$2.21,$4.06,731.1312,,,,
400,Entregado,2/13/2024,,CONTENEDOR ENERO,MASS1549 35-40 MASS1627 41-45,PLANTILLAS ORTOPEDICAS CON GEL,200.00,$0.68,220,0.9090909091,65,33,46,$0.099,$0.09,$39.47,$35.88,$0.18,$0.86,171.88,,,,
400,Entregado,2/13/2024,,CONTENEDOR ENERO,,CARGADOR DE BATERÍA MOTO CARRO,300.00,$3.88,1,300,20,9,6,$0.001,$0.32,$0.43,$129.60,$0.43,$4.31,1293.6,,,,
400,Entregado,2/13/2024,,CONTENEDOR ENERO,MASS1265,SET DE SARTENES HIERRO FUNDIDO,140.00,$10.18,5,28,47,40,35,$0.066,$1.84,$26.32,$736.96,$5.26,$15.44,2162.16,,,,
400,Entregado,2/13/2024,,CONTENEDOR ENERO,MASS1477,SET DE ARTE 150 PCS,300.00,$1.80,20,15,37,62,35,$0.080,$1.20,$32.12,$481.74,$1.61,$3.41,1021.74,,,,
400,Entregado,2/13/2024,,CONTENEDOR ENERO,MASS1443 NEGRO MASS1444 AZUL MASS1445 MORADO MASS0920 ROSADO,LÁMPARA ESTRELLA,384.00,$1.80,48,8,53,53,45,$0.126,$1.01,$50.56,$404.50,$1.05,$2.85,1095.696,,,,
400,Entregado,2/13/2024,,CONTENEDOR ENERO,,NEBULIZADOR PORTATIL,500.00,$3.92,50,10,47.5,27,38,$0.049,$0.49,$19.49,$194.94,$0.39,$4.31,2154.94,,,,
400,Entregado,2/13/2024,,CONTENEDOR ENERO,MASS1550 MORADO MASS1621 AZUL O MASS1622 NARANJA MASS1623 VERDE MASS1624 ROSADO,LAVADORA PORTÁTIL,250.00,$5.50,10,25,90,32,62,$0.179,$4.46,$71.42,"$1,785.60",$7.14,$12.64,3160.6,,,,
400,Entregado,2/13/2024,,CONTENEDOR ENERO,MASS1551,MAQUINA DE SOLDAR,90.00,$28.00,6,15,54,28,58.5,$0.088,$1.33,$35.38,$530.71,$5.90,$33.90,3050.712,,,,
400,Entregado,2/13/2024,,CONTENEDOR ENERO,MASS1234 NEGRO MASS1235 AZUL O MASS1236 AZUL C MASS1237 ROSADO,TERMO SILICON FLEXIBLE 2L,168.00,$5.32,24,7,54,28,58.5,$0.088,$0.62,$35.38,$247.67,$1.47,$6.79,1141.4256,,,,
400,Entregado,2/13/2024,,CONTENEDOR ENERO,MASS1552,PISTOLA DISPENSADORA DE BILLETE,144.00,$2.10,48,3,65,38,76,$0.188,$0.56,$75.09,$225.26,$1.56,$3.66,527.664,,,,
400,Entregado,2/13/2024,,CONTENEDOR ENERO,MASS1539,LASER RECARGABLE PARA EXPOSICION,150.00,$2.45,200,0.75,30,25,27,$0.020,$0.02,$8.10,$6.08,$0.04,$2.49,373.575,,,,
400,Entregado,2/13/2024,,CONTENEDOR ENERO,MASS1295,"TENDEDERO FLEXIBLE 3,75m",96.00,$2.90,32,3,60,42.5,29,$0.074,$0.22,$29.58,$88.74,$0.92,$3.82,367.14,,,,
400,Entregado,2/13/2024,,CONTENEDOR ENERO,MASS0438 NEGRO MASS0440 ROSADO MASS0439 BLANCO,RELOJ T500,700.00,$2.40,100,7,49,31,31,$0.047,$0.33,$18.84,$131.85,$0.19,$2.59,1811.8492,,,,
400,Entregado,2/13/2024,,CONTENEDOR ENERO,MASS0422 NEGRO MASS0423 ROSADO MASS0427 BLANCO,RELOJ D20S,800.00,$1.40,100,8,32,49,43,$0.067,$0.54,$26.97,$215.76,$0.27,$1.67,1335.7568,,,,
400,Entregado,2/13/2024,,CONTENEDOR ENERO,MASS0752 NEGRO MASS0753 ROJO MASS0754 AZUL MASS1146 ROSADO MASS1147 VERDE,RELOJ FD68,600.00,$1.60,100,6,43,33,27,$0.038,$0.23,$15.33,$91.95,$0.15,$1.75,1051.9512,,,,
400,Entregado,2/13/2024,,CONTENEDOR ENERO,MASS1535 NEGRO MASS1611 BLANCO MASS1612 AZUL MASS1613 ROJO,TERMO DE ACERO INOXIDABLE 18oz,150.00,$3.29,1,150,19.5,6,7.5,$0.001,$0.13,$0.35,$52.65,$0.35,$3.64,546.15,,,,
400,Entregado,2/13/2024,,CONTENEDOR ENERO,MASS0817 NARANJA MASS0818 NEGRO MASS0820 GRIS,RELOJ INTELIGENTE KD99 ULTRA,700.00,$3.62,100,7,49,37,25,$0.045,$0.32,$18.13,$126.91,$0.18,$3.80,2660.91,,,,
400,Entregado,2/13/2024,,CONTENEDOR ENERO,MASS0006 BLANCO MASS1458 NEGRO,AUDIFONO INALAMBRICO I7 TWS,400.00,$1.45,100,4,49.5,36.7,20.5,$0.037,$0.15,$14.90,$59.59,$0.15,$1.60,639.58612,,,,
400,Entregado,2/13/2024,,CONTENEDOR ENERO,MASS1553,MALETA SET DE BELLEZA 2 EN 1,144.00,$2.25,72,2,60.5,36.5,97,$0.214,$0.43,$85.68,$171.36,$1.19,$3.44,495.3602,,,,
400,Entregado,2/13/2024,,CONTENEDOR ENERO,MASS1554,CORRECTOR DE POSTURA AJUSTABLE INTELIGENTE,360.00,$2.18,120,3,61,48.5,36.5,$0.108,$0.32,$43.19,$129.58,$0.36,$2.54,914.3823,,,,
400,Entregado,2/13/2024,,CONTENEDOR ENERO,MASS1531 GRIS MASS1605 VERDE MASS1606 AZUL MASS1607 ROSADO,TERMO FLEXIBLE DE 600ML,216.00,$2.30,72,3,40.5,31,45,$0.056,$0.17,$22.60,$67.80,$0.31,$2.61,564.597,,,,
400,Entregado,2/13/2024,,CONTENEDOR ENERO,MASS1555,TENSIOMETRO DIGITAL DE MU;ECA RECARGABLE,300.00,$5.80,50,6,50,50,23,$0.058,$0.35,$23.00,$138.00,$0.46,$6.26,1878,,,,
400,Entregado,2/13/2024,,CONTENEDOR ENERO,MASS0730,CARGADOR DE BATERIA 12 Y 24V INTELIGENTE,60.00,$10.20,30,2,48,43,40,$0.083,$0.17,$33.02,$66.05,$1.10,$11.30,678.048,,,,
400,Entregado,2/13/2024,,CONTENEDOR ENERO,MASS1557,TIMBRE INALAMBRICO 200 MTS DE DISTANCIA,300.00,$3.50,100,3,51.5,37.5,36.8,$0.071,$0.21,$28.43,$85.28,$0.28,$3.78,1135.284,,,,
400,Entregado,2/13/2024,,CONTENEDOR ENERO,MASS1558,ASPIRADORA 3 EN 1,90.00,$9.35,9,10,48,48,53,$0.122,$1.22,$48.84,$488.45,$5.43,$14.78,1329.948,,,,
400,Entregado,2/13/2024,,CONTENEDOR ENERO,MASS0158,CONTROL PLAYSTATION 3,200.00,$3.35,,,33,38,39,$0.049,,$19.56,,,,,,,,
400,Entregado,2/13/2024,,CONTENEDOR ENERO,MASS0237 BLANCO MASS0238 MARRON O MASS0238 MARRON C,Air humidifier 006,360.00,$1.60,,,55,33,42,$0.076,,$30.49,,,,,,,,
400,Entregado,2/13/2024,,CONTENEDOR ENERO,MASS0821 BLANCO MASS0822 MARRON C MASS0823 MARRON O,Air humidifier 036,480.00,$1.50,,,54,44,48,$0.114,,$45.62,,,,,,,,
400,Entregado,2/13/2024,,CONTENEDOR ENERO,MASS1089,HUMIFICADOR INNOGEAR CON CONTROL,240.00,$4.38,,,55,38,54,$0.113,,$45.14,,,,,,,,
400,Entregado,2/13/2024,,CONTENEDOR ENERO,MASS0952 NEGRO MASS0955 ROJO MASS0953 GRIS MASS0954 AZUL,BOLSO DE LAPTOP DOBLE CIERRE,200.00,$2.20,70,2.857142857,55,66,77,$0.280,$0.80,$111.80,$319.44,$1.60,$3.80,759.44,,,,
400,Entregado,2/13/2024,,CONTENEDOR ENERO,MASS1525,ZAPATERA DE METAL 6 NIVELES,198.00,$2.33,18,11,58,32,44,$0.082,$0.90,$32.67,$359.32,$1.81,$4.14,820.6616,,,,
400,Entregado,2/13/2024,,CONTENEDOR ENERO,,Limpia vidrio,240.00,$0.88,,,58,52,43,$0.130,,$51.88,,,,,,,,
400,Entregado,2/13/2024,,CONTENEDOR ENERO,MASS1560,Ferula A4,90.00,$1.75,,,54,42,45,$0.102,,$40.82,,,,,,,,
400,Entregado,2/13/2024,,CONTENEDOR ENERO,MASS0341,PASTA TERMICA MX-4 ROJO,200.00,$2.00,,,10,3,3,$0.000,,$0.04,,,,,,,,
400,Entregado,2/13/2024,,CONTENEDOR ENERO,MASS0289 ROJO MASS0290 VERDE MASS0291 GRIS MASS0292 NEGRO,PISTOLA MASAJEADORA RECARGABLE SY-720 (NEGRO 280/ GRIS 40 / ROJO 40/ VERDE 40),300.00,$3.90,20,15,32,41,45,$0.059,$0.89,$23.62,$354.24,$1.18,$5.08,1524.24,,,,
400,Entregado,2/13/2024,,CONTENEDOR ENERO,MASS1593 BLANCO MASS1594 AZUL OSCURO MASS1595 ROJO MASS1596 VERDE MANZANA MASS1521 NEGRO,VASO TERMICO ACERO INOXIDABLE 600ML,300.00,$2.00,25,12,47.5,47.5,21.5,$0.049,$0.58,$19.40,$232.85,$0.78,$2.78,832.845,,,,
400,Entregado,2/13/2024,,CONTENEDOR ENERO,MASS0943,PISTOLA MASAJEADORA GRANDE,100.00,$5.90,12,8.333333333,33,46,47.5,$0.072,$0.60,$28.84,$240.35,$2.40,$8.30,830.35,,,,
400,Entregado,2/13/2024,,CONTENEDOR ENERO,MASS0113,CACTUS BAILARIN RECARGABLE,500.00,$1.66,100,5,53,60,56,$0.178,$0.89,$71.23,$356.16,$0.71,$2.37,1186.16,,,,
400,Entregado,2/13/2024,,CONTENEDOR ENERO,MASS0040,AUDIFONO INALAMBRICO F9,700.00,$1.85,100,7,48,49,24,$0.056,$0.40,$22.58,$158.05,$0.23,$2.08,1453.0544,,,,
400,Entregado,2/13/2024,,CONTENEDOR ENERO,MASS0942,AIRPODS PRO 2,400.00,$4.70,200,2,49.5,36.7,40.5,$0.074,$0.15,$29.43,$58.86,$0.15,$4.85,1938.85946,,,,
400,Entregado,2/13/2024,,CONTENEDOR ENERO,MASS1315,AUDIFONO INALAMBRICO RECARGABLE M90 PRO,400.00,$2.50,100,4,53,40,24,$0.051,$0.20,$20.35,$81.41,$0.20,$2.70,1081.408,,,,
400,Entregado,2/13/2024,,CONTENEDOR ENERO,MASS1268 NEGRO MASS1269 BLANCO MASS1270 AZUL MASS1271 ROSADO MASS1272 VERDE,AUDIFONO AIR 31 RECARGABLE BLUETOOH TRASPARENTE (BLANCO 90/ NEGRO 90 / VERDE 40 / ROSADO 40/ AZUL 40 ),300.00,$4.00,100,3,47,34,31.5,$0.050,$0.15,$20.13,$60.40,$0.20,$4.20,1260.4044,,,,
400,Entregado,2/13/2024,,CONTENEDOR ENERO,MASS0763 BLANCO MASS0764 ROSADO MASS0765 VERDE,HUMIFICADOR RGB,600.00,$0.56,,,45,36,58,$0.094,,$37.58,,,,,,,,
400,Entregado,2/13/2024,,CONTENEDOR ENERO,MASS0793 NEGRO MASS1441 BLANCO,Aroma Difuser DQ701 (BLANCO 44/ NEGRO 100),144.00,$3.58,48,3,50,37,44,$0.081,$0.24,$32.56,$97.68,$0.68,$4.26,613.2,,,,
400,Entregado,2/13/2024,,CONTENEDOR ENERO,MASS1378,Maquina Kemei De Afeitar Cabello Shaiver Kemei Km-2024,60.00,$5.10,60,1,43.5,32,50.5,$0.070,$0.07,$28.12,$28.12,$0.47,$5.57,334.1184,,,,
400,Entregado,2/13/2024,,CONTENEDOR ENERO,MASS1347,SET DE DADOS 46 PCS,240.00,$2.35,24,10,54.5,25,27.5,$0.037,$0.37,$14.99,$149.88,$0.62,$2.97,713.875,,,,
400,Entregado,2/13/2024,,CONTENEDOR ENERO,MASS0204,ESCANER DE CARRO ELM327 OBDII,300.00,$0.85,150,2,50,32,34,$0.054,$0.11,$21.76,$43.52,$0.15,$1.00,298.52,,,,
400,Entregado,2/13/2024,,CONTENEDOR ENERO,MASS1348,SET DE DADO 40 PCS TAMAÑO METRICO 1/4 3/8,384.00,$1.78,24,16,54.5,25,27.5,$0.037,$0.60,$14.99,$239.80,$0.62,$2.40,923.32,,,,
400,Entregado,2/13/2024,,CONTENEDOR ENERO,MASS0621,MAQUINA PARA AFEITAR PERRO,200.00,$3.14,40,5,58.5,45,34.5,$0.091,$0.45,$36.33,$181.64,$0.91,$4.05,809.6425,,,,
400,Entregado,2/13/2024,,CONTENEDOR ENERO,MASS0167,CONTROL PLAYSTATION 4,300.00,$6.50,,,34.5,39.5,39,$0.053,,$21.26,,,,,,,,
400,Entregado,2/13/2024,,CONTENEDOR ENERO,MASS0234 GRIS MASS0235 BLANCO MASS0236 ROSADO,HUMIFICADOR H20,300.00,$1.40,,,33,35,39,$0.045,,$18.02,,,,,,,,
672,Entregado,2/13/2024,,CUDY FEBRERO,NIKO,WR1200 ROUTER CUDY WR1200 AC1200 Wi-Fi,176.00,$12.10,16,11,53.8,51.6,32.5,$0.090,$0.99,$60.63,$666.93,$3.79,$15.89,2796.525459,,,,
672,Entregado,2/13/2024,,CUDY FEBRERO,NIKO,AX1500 Gigabit Wi-Fi 6 Router,180.00,$15.80,20,9,49.5,32.5,48,$0.077,$0.69,$51.89,$467.03,$2.59,$18.39,3311.02656,,,,
672,Entregado,2/13/2024,,CUDY FEBRERO,NIKO,WR1300E ROUTER CUDY WR1300E AC1200 GIGABIT,120.00,$15.80,20,6,49,31,15.7,$0.024,$0.14,$16.03,$96.16,$0.80,$16.60,1992.156346,,,,
500,Entregado,1/28/2024,,AGORA,MASS2679,Botella de agua de acero inoxidable con doble aislamiento de 26 oz,300.00,$4.58,50,6,50,50,55,$0.138,$0.83,$68.75,$412.50,$1.38,$5.96,1786.5,,,,
500,Entregado,1/28/2024,,AGORA,#REF!,250,3.50,$25.00,10,0.35,50,32,0.08,$0.000,$0.00,$0.06,$0.02,$0.01,$25.01,87.5224,,,,
500,Entregado,1/28/2024,,AGORA,#REF!,200,12.00,,,,,,,,,,,,,,,,,
500,Entregado,1/28/2024,,AGORA,#REF!,1000,,,,,,,,,,,,,,,,,,
500,Entregado,1/28/2024,,AGORA,#REF!,300,4.58,$50.00,6,0.7633333333,50,55,0.1375,$0.000,$0.00,$0.19,$0.14,$0.03,$50.03,229.1443177,,,,
500,Entregado,1/28/2024,,AGORA,MASS2732,"Freidora de aire crujiente con pantalla táctil, olla de vidrio doble Digital",500.00,$33.30,2,250,37,30.5,74,$0.084,$20.88,$41.75,"$10,438.63",$20.88,$54.18,27088.625,,,,
500,Entregado,1/28/2024,,AGORA,#REF!,240,4.58,$12.00,20,0.229,40,32,0.06656,$0.000,$0.00,$0.04,$0.01,$0.00,$12.00,54.96975503,,,,
500,Entregado,1/28/2024,,AGORA,MASS2781,"Pistola de masaje muscular portátil ligera de 2400mAh, ajustes de 6 velocidades con 5 cabezales",,,,,,,,,,,,,,,,,,
500,Entregado,1/28/2024,,AGORA,#REF!,216,2.80,$36.00,6,0.4666666667,63,27,0.113967,$0.000,$0.00,$0.10,$0.05,$0.02,$36.02,100.8452335,,,,
500,Entregado,1/28/2024,,AGORA,MASS2632,Vaso para automóvil de 30 oz,216.00,$2.80,36,6,67,63,27,$0.114,$0.68,$56.98,$341.90,$1.58,$4.38,946.701,,,,
500,Entregado,1/28/2024,,AGORA,MASS2624,Vaso para automóvil de 32 oz,250.00,$3.50,25,10,50,50,32,$0.080,$0.80,$40.00,$400.00,$1.60,$5.10,1275,,,,
500,Entregado,1/28/2024,,AGORA,MASS0266,POWER BANK AGORA 5 MAH,200.00,$12.00,,,,,,,,,,,,,,,,
500,Entregado,1/28/2024,,AGORA,MASS1536,Botella de agua de acero inoxidable con doble aislamiento de 40 oz,240.00,$4.58,12,20,52,40,32,$0.067,$1.33,$33.28,$665.60,$2.77,$7.35,1764.8,,,,
500,Entregado,1/28/2024,,AGORA,MASS2653,POWER BANK AGORA 20.000 MAH,,,,,,,,,,,,,,,,,,
500,Entregado,1/28/2024,,AGORA,MASS2781,"Pistola de masaje de tejido profundo, motor silencioso sin escobillas y pistola de masaje portátil con 4 cabezales intercambiables","1,000.00",,,,,,,,,,,,,,,,,
500,Entregado,1/28/2024,,AGORA,MASS0744,Laminadora Plastificadora AGORA,,,,,,,,,,,,,,,,,,
500,Entregado,1/28/2024,,AGORA,MASS1266,Selladora al vacio elegante AGORA,,,,,,,,,,,,,,,,,,
500,Entregado,1/28/2024,,AGORA,MASS1009,DEPILADORA LASER 999999 FLASHES AGORA,,,,,,,,,,,,,,,,,,
500,Entregado,1/28/2024,,AGORA,MASS2235,Máquina de café portátil AGORA con Calefacción Automática inalámbrica,,,,,,,,,,,,,,,,,,
500,Entregado,1/28/2024,,AGORA,MASS1545,VENTILADOR RECARGABLE CAMPING AGORA,,,,,,,,,,,,,,,,,,
500,Entregado,1/28/2024,,AGORA,MASS1041,LIMPIADOR A VAPOR AGORA 900W 10 PCS,,,,,,,,,,,,,,,,,,
500,Entregado,1/28/2024,,AGORA,MASS0266,POWER BANK AGORA 5 MAH,,$12.00,,,,,,,,,,,,,,,,
500,Entregado,1/28/2024,,AGORA,MASS2653,Mini ups 20.000 mah Agora,,,,,,,,,,,,,,,,,,
500,Entregado,1/28/2024,,AGORA,MASS2653,POWER BANK AGORA 20.000 MAH,,,,,,,,,,,,,,,,,,
500,Entregado,1/28/2024,,AGORA,MASS2732,"Freidora de aire crujiente con pantalla táctil, olla de vidrio doble Digital",300.00,,,,,,,,,,,,,,,,,
500,Entregado,1/28/2024,,AGORA,#REF!,300,,,,,,,,,,,,,,,,,,
500,Entregado,1/28/2024,,AGORA,#REF!,500,33.30,$2.00,250,0.1332,30.5,74,0.083509,$0.000,$0.00,$0.09,$0.01,$0.00,$2.00,66.61255276,,,,
350,Entregado,1/26/2024,,CONTENEDORES NOVIEMBRE,MASS1058,MARCADOR DOBLE PUNTA 24 PCS TOUCH,400.00,$1.18,50,8,51.5,34.5,36,$0.064,$0.51,$22.39,$179.10,$0.45,$1.63,651.0964,,,,
350,Entregado,1/26/2024,,CONTENEDORES NOVIEMBRE,MASS1060,MARCADOR DOBLE PUNTA 48 PCS TOUCH,200.00,$2.08,25,8,51.5,34.5,36,$0.064,$0.51,$22.39,$179.10,$0.90,$2.98,595.0964,,,,
350,Entregado,1/26/2024,,CONTENEDORES NOVIEMBRE,MASS1061,MARCADOR DOBLE PUNTA 60 PCS TOUCH,300.00,$2.48,20,15,35.1,34.5,36,$0.044,$0.65,$15.26,$228.87,$0.76,$3.24,972.86955,,,,
350,Entregado,1/26/2024,,CONTENEDORES NOVIEMBRE,MASS1214,PLANCHA REMINTONG AGUACATE/ 350 AGUACATE Y 150 KERATINA,500.00,$5.40,50,10,52,34,36,$0.064,$0.64,$22.28,$222.77,$0.45,$5.85,2922.768,,,,
350,Entregado,1/26/2024,,CONTENEDORES NOVIEMBRE,MASS0283,SELLADORA AL VACIO 10 BOLSAS,200.00,$2.60,40,5,59.5,39,45.5,$0.106,$0.53,$36.95,$184.77,$0.92,$3.52,704.7698125,,,,
350,Entregado,1/26/2024,,CONTENEDORES NOVIEMBRE,MASS0066,"BASE TV MOVIBLE 14-55"" 15KG",250.00,$2.60,10,25,67,31.5,28,$0.059,$1.48,$20.68,$517.07,$2.07,$4.67,1167.0725,,,,
350,Entregado,1/26/2024,,CONTENEDORES NOVIEMBRE,MASS0288,MASAJEADOR DE CUELLO CON ELECTRODOS,360.00,$2.32,60,6,63.5,37,53.5,$0.126,$0.75,$43.99,$263.97,$0.73,$3.05,1099.166325,,,,
350,Entregado,1/26/2024,,CONTENEDORES NOVIEMBRE,MASS1099,TENSIOMETRO MANUAL,370.00,$3.68,50,7.4,56,39,38,$0.083,$0.61,$29.05,$214.95,$0.58,$4.26,1576.54928,,,,
350,Entregado,1/26/2024,,CONTENEDORES NOVIEMBRE,MASS1230,TENSIOMETRO DIGITAL SIN VOZ,450.00,$3.72,30,15,52,36,33,$0.062,$0.93,$21.62,$324.32,$0.72,$4.44,1998.324,,,,
350,Entregado,1/26/2024,,CONTENEDORES NOVIEMBRE,MASS0918,TAZA BATIDORA RECARGABLE,420.00,$2.80,60,7,38,57,63,$0.136,$0.96,$47.76,$334.32,$0.80,$3.60,1510.3221,,,,
350,Entregado,1/26/2024,,CONTENEDORES NOVIEMBRE,MASS0785,RODILLERA AJUSTABLE,400.00,$0.70,50,8,50,40,40,$0.080,$0.64,$28.00,$224.00,$0.56,$1.26,504,,,,
350,Entregado,1/26/2024,,CONTENEDORES NOVIEMBRE,MASS1071,MOUSE VERTICAL INALAMBRICO RECARGABLE,200.00,$3.55,100,2,48,54,39,$0.101,$0.20,$35.38,$70.76,$0.35,$3.90,780.7616,,,,
350,Entregado,1/26/2024,,CONTENEDORES NOVIEMBRE,MASS1343,MOUSE VERTICAL ALAMBRICO,300.00,$2.44,100,3,48,54,39,$0.101,$0.30,$35.38,$106.14,$0.35,$2.79,838.1424,,,,
350,Entregado,1/26/2024,,CONTENEDORES NOVIEMBRE,MASS1042,ASPIRADORA DE CARRO 12V PORTATIL AZUL 100/ NEGRO 140/ NARANJA 60,300.00,$1.80,20,15,53,36,56,$0.107,$1.60,$37.40,$560.95,$1.87,$3.67,1100.952,,,,
350,Entregado,1/26/2024,,CONTENEDORES NOVIEMBRE,MASS1314,AUDIFONO GAMER PC PS4 PS3 AZUL120 / ROJO 30 / BLANCO 30,180.00,$3.60,30,6,50,41.5,61,$0.127,$0.76,$44.30,$265.81,$1.48,$5.08,913.8075,,,,
350,Entregado,1/26/2024,,CONTENEDORES NOVIEMBRE,MASS0167,CONTROL PS4 NEGRO,250.00,$6.80,50,5,87.5,34.5,39.5,$0.119,$0.60,$41.73,$208.67,$0.83,$7.63,1908.671094,,,,
350,Entregado,1/26/2024,,CONTENEDORES NOVIEMBRE,MASS0158,CONTROL PS3 NEGRO,150.00,$3.45,50,3,85.5,33,38,$0.107,$0.32,$37.53,$112.58,$0.75,$4.20,630.07785,,,,
350,Entregado,1/26/2024,,CONTENEDORES NOVIEMBRE,MASS0128,CASE EXTERNO USB 3.0,150.00,$1.72,100,1.5,40,32,53,$0.068,$0.10,$23.74,$35.62,$0.24,$1.96,293.616,,,,
350,Entregado,1/26/2024,,CONTENEDORES NOVIEMBRE,MASS0292,PISTOLA MASAJEADORA RECARGABLE SY-720 (NEGRO 280/ GRIS 40 / ROJO 40/ VERDE 40),400.00,$3.90,20,20,32,41,45,$0.059,$1.18,$20.66,$413.28,$1.03,$4.93,1973.28,,,,
350,Entregado,1/26/2024,,CONTENEDORES NOVIEMBRE,MASS0289,PISTOLA MASAJEADORA GRANDE,120.00,$5.90,12,10,33,46,47.5,$0.072,$0.72,$25.24,$252.37,$2.10,$8.00,960.3675,,,,
350,Entregado,1/26/2024,,CONTENEDORES NOVIEMBRE,MASS1063,ORGANIZADOR DE BAÑO 1 NIVELES RACK (KR-41),240.00,$1.38,80,3,73,68,53,$0.263,$0.79,$92.08,$276.25,$1.15,$2.53,607.4466,,,,
350,Entregado,1/26/2024,,CONTENEDORES NOVIEMBRE,MASS1064,ORGANIZADOR DE BAÑO 2 NIVELES RACK (KR-41),300.00,$2.30,60,5,64,71,55,$0.250,$1.25,$87.47,$437.36,$1.46,$3.76,1127.36,,,,
350,Entregado,1/26/2024,,CONTENEDORES NOVIEMBRE,MASS1074,RACK ORGANIZADOR DE CUCHILLOS Y UTENSILIOS 30 CM (HM30),200.00,$1.00,50,4,41,39,63,$0.101,$0.40,$35.26,$141.03,$0.71,$1.71,341.6318,,,,
350,Entregado,1/26/2024,,CONTENEDORES NOVIEMBRE,MASS1075,RACK ORGANIZADOR DE CUCHILLOS Y UTENSILIOS 50 CM (HM50),200.00,$1.42,50,4,66,54,40,$0.143,$0.57,$49.90,$199.58,$1.00,$2.42,483.584,,,,
350,Entregado,1/26/2024,,CONTENEDORES NOVIEMBRE,MASS1065,Organizador De Ollas Y Sartenes Para Gabinete De 5 Niveles QL5,96.00,$2.75,12,8,40,35,45,$0.063,$0.50,$22.05,$176.40,$1.84,$4.59,440.4,,,,
350,Entregado,1/26/2024,,CONTENEDORES NOVIEMBRE,MASS1066,Organizador De Sartenes Y Ollas Ajustable QL8,120.00,$3.11,12,10,40,35,45,$0.063,$0.63,$22.05,$220.50,$1.84,$4.95,593.7,,,,
350,Entregado,1/26/2024,,CONTENEDORES NOVIEMBRE,MASS0057,BALANZA DE COCINA 10 KG,320.00,$1.00,40,8,44,36,48,$0.076,$0.61,$26.61,$212.89,$0.67,$1.67,532.8896,,,,
350,Entregado,1/26/2024,,CONTENEDORES NOVIEMBRE,MASS0994,BALANZA DE COCINA 10KG P20 ELEGANTE,200.00,$2.20,40,5,46,35,39,$0.063,$0.31,$21.98,$109.88,$0.55,$2.75,549.8825,,,,
350,Entregado,1/26/2024,,CONTENEDORES NOVIEMBRE,MASS1439,BALANZA COCINA ELEGANTE RECARGABLE,200.00,$3.00,40,5,46,35,39,$0.063,$0.31,$21.98,$109.88,$0.55,$3.55,709.8825,,,,
350,Entregado,1/26/2024,,CONTENEDORES NOVIEMBRE,MASS0993,MAQUINA DE AFEITAR T9 CON PANTALLA,320.00,$3.92,100,3.2,47,40,37,$0.070,$0.22,$24.35,$77.91,$0.24,$4.16,1332.3072,,,,
350,Entregado,1/26/2024,,CONTENEDORES NOVIEMBRE,MASS0288,MASAJEADOR ELECTRICO DE CUELLO Y CUERPO RECARGABLE,320.00,$0.88,200,1.6,52.5,35.5,45,$0.084,$0.13,$29.35,$46.97,$0.15,$1.03,328.5665,,,,
350,Entregado,1/26/2024,,CONTENEDORES NOVIEMBRE,MASS2075,TIZA PARA PINTAR CABELLO SET 10 PCS,300.00,$1.23,80,3.75,47,31,35,$0.051,$0.19,$17.85,$66.93,$0.22,$1.45,435.9309375,,,,
350,Entregado,1/26/2024,,CONTENEDORES NOVIEMBRE,MASS0180,CORNETA JBL TG113,600.00,$1.90,50,12,42.5,35.5,46,$0.069,$0.83,$24.29,$291.49,$0.49,$2.39,1431.4905,,,,
350,Entregado,1/26/2024,,CONTENEDORES NOVIEMBRE,MASS0920,LAMPARA LED DE ESTRELLA (NEGRO 144/ AZUL 72/ MORADO 72),288.00,$1.35,48,6,53,63,45,$0.150,$0.90,$52.59,$315.54,$1.10,$2.45,704.3355,,,,
350,Entregado,1/26/2024,,CONTENEDORES NOVIEMBRE,MASS0634,MINI CAMARA WIFFI A9,700.00,$1.92,100,7,54,43,23,$0.053,$0.37,$18.69,$130.84,$0.19,$2.11,1474.8447,,,,
350,Entregado,1/26/2024,,CONTENEDORES NOVIEMBRE,MASS0992,CAMARA WIFFI MOTORIZADA,100.00,$4.90,20,5,42,62,41,$0.107,$0.53,$37.37,$186.84,$1.87,$6.77,676.837,,,,
350,Entregado,1/26/2024,,CONTENEDORES NOVIEMBRE,MASS0752,RELOJ INTELIGENTE FD68 (NEGRO 240 / VERDE 80 / ROJO 80),400.00,$1.72,100,4,43,33,27,$0.038,$0.15,$13.41,$53.64,$0.13,$1.85,741.6382,,,,
350,Entregado,1/26/2024,,CONTENEDORES NOVIEMBRE,MASS0422,RELOJ INTELIGENTE D20S ( NEGRO 550/ ROSADO 300 / BLANCO 150),"1,000.00",$1.49,100,10,32,42,26,$0.035,$0.35,$12.23,$122.30,$0.12,$1.61,1612.304,,,,
350,Entregado,1/26/2024,,CONTENEDORES NOVIEMBRE,MASS0438,RELOJ INTELIGENTE T500 (NEGRO 300/ROSADO 150 / BLANCO 150),600.00,$2.45,100,6,51.5,35,35,$0.063,$0.38,$22.08,$132.48,$0.22,$2.67,1602.48375,,,,
350,Entregado,1/26/2024,,CONTENEDORES NOVIEMBRE,MASS0817,RELOJ INTELIGENTE KD99 ULTRA (GT08 ULTRA) SERIE 8 ( NEGRO 200/ NARANJA 50/ GRIS 50),300.00,$3.62,100,3,49,32,34,$0.053,$0.16,$18.66,$55.98,$0.19,$3.81,1141.9776,,,,
350,Entregado,1/26/2024,,CONTENEDORES NOVIEMBRE,MASS0006,AUDIFONO INALAMBRICO I7 TWS (BLANCO 400/ NEGRO 200),600.00,$1.45,200,3,47,39,34,$0.062,$0.19,$21.81,$65.44,$0.11,$1.56,935.4381,,,,
350,Entregado,1/26/2024,,CONTENEDORES NOVIEMBRE,MASS0942,AIRPODS PRO 2,200.00,$4.70,200,1,49.5,36.7,40.5,$0.074,$0.07,$25.75,$25.75,$0.13,$4.83,965.7510138,,,,
350,Entregado,1/26/2024,,CONTENEDORES NOVIEMBRE,MASS1315,AUDIFONO INALAMBRICO RECARGABLE M90 PRO,400.00,$2.50,100,4,53,40,24,$0.051,$0.20,$17.81,$71.23,$0.18,$2.68,1071.232,,,,
350,Entregado,1/26/2024,,CONTENEDORES NOVIEMBRE,MASS0408,RADIO BOAFENG 888S,210.00,$4.62,30,7,50,31.5,55,$0.087,$0.61,$30.32,$212.23,$1.01,$5.63,1182.43125,,,,
350,Entregado,1/26/2024,,CONTENEDORES NOVIEMBRE,MASS0826,CORRECTOR DE JUANETE,300.00,$0.45,200,1.5,59,17,30,$0.030,$0.05,$10.53,$15.80,$0.05,$0.50,150.79725,,,,
350,Entregado,1/26/2024,,CONTENEDORES NOVIEMBRE,MASS0204,ESCANER DE CARRO ELM327 OBDII,300.00,$0.85,150,2,50,32,34,$0.054,$0.11,$19.04,$38.08,$0.13,$0.98,293.08,,,,
350,Entregado,1/26/2024,,CONTENEDORES NOVIEMBRE,MASS1000,LAMPARA DE MESA LED FLEXIBLE,400.00,$0.90,100,4,62,42,66,$0.172,$0.69,$60.15,$240.61,$0.60,$1.50,600.6096,,,,
350,Entregado,1/26/2024,,CONTENEDORES NOVIEMBRE,MASS1041,LIMPIADOR A VAPOR 900W 10 PCS,144.00,$11.50,8,18,46,46,49,$0.104,$1.87,$36.29,$653.21,$4.54,$16.04,2309.2092,,,,
350,Entregado,1/26/2024,,CONTENEDORES NOVIEMBRE,MASS0767,CINTA KINESIOLOGICA 5CM X5M ( NEGRO 548/ROJO15 / MORADO10 ),576.00,$0.76,144,4,32,49,34,$0.053,$0.21,$18.66,$74.64,$0.13,$0.89,512.3968,,,,
350,Entregado,1/26/2024,,CONTENEDORES NOVIEMBRE,MASS0781,MEDIAS DE COMPRESION 20-30mmhg,600.00,$0.47,200,3,50,40,50,$0.100,$0.30,$35.00,$105.00,$0.18,$0.65,387,,,,
350,Entregado,1/26/2024,,CONTENEDORES NOVIEMBRE,MASS0061,BASE PARA LAPTOP ERGOSTAND,160.00,$2.50,40,4,65,37,58,$0.139,$0.56,$48.82,$195.29,$1.22,$3.72,595.286,,,,
350,Entregado,1/26/2024,,CONTENEDORES NOVIEMBRE,MASS0778,CORRECTOR DE POSTURA CLASICO,400.00,$0.98,200,2,59,39,59,$0.136,$0.27,$47.52,$95.03,$0.24,$1.22,487.0313,,,,
350,Entregado,1/26/2024,,CONTENEDORES NOVIEMBRE,MASS0058,BALANZA PERSONAL DE BAÑO 180 KG,270.00,$2.25,10,27,57,36,37,$0.076,$2.05,$26.57,$717.48,$2.66,$4.91,1324.9818,,,,
350,Entregado,1/26/2024,,CONTENEDORES NOVIEMBRE,MASS1346,ESCRITORIO GAMER,30.00,$12.78,1,30,90.5,87,5.7,$0.045,$1.35,$15.71,$471.23,$15.71,$28.49,854.628975,,,,
350,Entregado,1/26/2024,,CONTENEDORES NOVIEMBRE,MASS1347,SET DE DADOS 46 PCS,240.00,$2.35,24,10,54.5,25,27.5,$0.037,$0.37,$13.11,$131.14,$0.55,$2.90,695.140625,,,,
350,Entregado,1/26/2024,,CONTENEDORES NOVIEMBRE,MASS1348,SET DE DADO 40 PCS TAMAÑO METRICO 1/4 3/8,240.00,$1.78,24,10,54.5,25,27.5,$0.037,$0.37,$13.11,$131.14,$0.55,$2.33,558.340625,,,,
350,Entregado,1/26/2024,,CONTENEDORES NOVIEMBRE,MASS1440,BASE FAN COOLER PARA LAPTOP N99,140.00,$3.65,20,7,74,38.2,28.5,$0.081,$0.56,$28.20,$197.38,$1.41,$5.06,708.38131,,,,
350,Entregado,1/26/2024,,CONTENEDORES NOVIEMBRE,MASS1351,BASE FAN COOLER PARA LAPTOP H9,120.00,$5.00,30,4,54.5,39.8,55.2,$0.120,$0.48,$41.91,$167.63,$1.40,$6.40,767.628048,,,,
350,Entregado,1/26/2024,,CONTENEDORES NOVIEMBRE,MASS0189,CRONOMETRO DIGITAL,400.00,$0.95,200,2,43,51,36,$0.079,$0.16,$27.63,$55.26,$0.14,$1.09,435.2636,,,,
350,Entregado,1/26/2024,,CONTENEDORES NOVIEMBRE,MASS0998,RELOJ DESPERTADOR,200.00,$2.50,100,2,51.5,41.5,31.5,$0.067,$0.13,$23.56,$47.13,$0.24,$2.74,547.1263625,,,,
350,Entregado,1/26/2024,,CONTENEDORES NOVIEMBRE,MASS0326,MOUSE INALAMBRICO (NEGRO 200 / GRIS 100 / ROJO 100 ),400.00,$1.23,200,2,49,48,36,$0.085,$0.17,$29.64,$59.27,$0.15,$1.38,551.2704,,,,
350,Entregado,1/26/2024,,CONTENEDORES NOVIEMBRE,MASS0327,MOUSE INALAMBRICO RECARGALE (NEGRO 200/ BLANCO 150/ PLATEADO 50),400.00,$1.40,100,4,39.5,35,27,$0.037,$0.15,$13.06,$52.26,$0.13,$1.53,612.2585,,,,
350,Entregado,1/26/2024,,CONTENEDORES NOVIEMBRE,MASS0332,MOUSE USB LENOVO,600.00,$0.60,200,3,66,47,49,$0.152,$0.46,$53.20,$159.60,$0.27,$0.87,519.5979,,,,
350,Entregado,1/26/2024,,CONTENEDORES NOVIEMBRE,MASS0331,MOUSE USB HP X500,600.00,$0.79,200,3,66,47,49,$0.152,$0.46,$53.20,$159.60,$0.27,$1.06,633.5979,,,,
350,Entregado,1/26/2024,,CONTENEDORES NOVIEMBRE,MASS1352,MOUSE GAMER 1200 DPI,400.00,$0.70,200,2,66,47,49,$0.152,$0.30,$53.20,$106.40,$0.27,$0.97,386.3986,,,,
350,Entregado,1/26/2024,,CONTENEDORES NOVIEMBRE,MASS1353,MOUSE GAMER MOUSE GAMING K-SNAKE Q7 7 BOTONES,200.00,$2.50,100,2,51,49,32,$0.080,$0.16,$27.99,$55.98,$0.28,$2.78,555.9776,,,,
350,Entregado,1/26/2024,,CONTENEDORES NOVIEMBRE,MASS1354,CAMARA WIFFI ROBOTICA 360ª,100.00,$6.80,50,2,54.5,28.5,52.5,$0.082,$0.16,$28.54,$57.08,$0.57,$7.37,737.0819375,,,,
350,Entregado,1/26/2024,,CONTENEDORES NOVIEMBRE,MASS1355,SECADOR DE PELO HAIRDRYER PX3805,240.00,$2.90,48,5,71,53,57,$0.214,$1.07,$75.07,$375.36,$1.56,$4.46,1071.35925,,,,
350,Entregado,1/26/2024,,CONTENEDORES NOVIEMBRE,MASS1356,MAT DE YOGA COLCHONETA 4MM ( NEGRO 50/ AZUL 50/ ROSADO 50),150.00,$1.78,10,15,63,35,34,$0.075,$1.12,$26.24,$393.59,$2.62,$4.40,660.5925,,,,
350,Entregado,1/26/2024,,CONTENEDORES NOVIEMBRE,MASS1358,Faja Reductora Moldeadora Neopreno Fitness Cintura Techno (NEGRO 200/ ROSADO 200),300.00,$1.28,100,3,67,50,40,$0.134,$0.40,$46.90,$140.70,$0.47,$1.75,524.7,,,,
350,Entregado,1/26/2024,,CONTENEDORES NOVIEMBRE,MASS1359,TOBILLERA DEPORTIVA AJUSTABLE (TALLA M / TALLA L / TALLA XL ),200.00,$0.65,200,1,42,36,30,$0.045,$0.05,$15.88,$15.88,$0.08,$0.73,145.876,,,,
350,Entregado,1/26/2024,,CONTENEDORES NOVIEMBRE,MASS1206,SET DE LIGAS TUBULARES DE RESISTENCIA,216.00,$5.25,18,12,50,38,40,$0.076,$0.91,$26.60,$319.20,$1.48,$6.73,1453.2,,,,
350,Entregado,1/26/2024,,CONTENEDORES NOVIEMBRE,MASS1203,SET BANDA ELASTICA TELA EJERCIO 3 PCS (GRISES / COLORES ),200.00,$2.05,50,4,54,32,36,$0.062,$0.25,$21.77,$87.09,$0.44,$2.49,497.0912,,,,
350,Entregado,1/26/2024,,CONTENEDORES NOVIEMBRE,MASS2779,LINTERNA TACTICA LED,240.00,$0.95,240,1,48,32,40.5,$0.062,$0.06,$21.77,$21.77,$0.09,$1.04,249.7728,,,,
350,Entregado,1/26/2024,,CONTENEDORES NOVIEMBRE,MASS0412,REGLETA ELECTRICA USB 6 TOMAS,300.00,$0.99,100,3,54,38,37,$0.076,$0.23,$26.57,$79.72,$0.27,$1.26,376.7202,,,,
350,Entregado,1/26/2024,,CONTENEDORES NOVIEMBRE,MASS1360,Tarjeta De Sonido V8 Con Efectos Usb,80.00,$3.95,40,2,47.5,37.5,27.5,$0.049,$0.10,$17.14,$34.29,$0.43,$4.38,350.2890625,,,,
350,Entregado,1/26/2024,,CONTENEDORES NOVIEMBRE,MASS1361,Papel Fotográfico Inkjet 240 Gr. 20 Hojas,700.00,$0.50,70,10,45,32,21,$0.030,$0.30,$10.58,$105.84,$0.15,$0.65,455.84,,,,
350,Entregado,1/26/2024,,CONTENEDORES NOVIEMBRE,MASS0648,SILLA CAMPING PLEGABLE (NEGRO / AZUL OSCURO / AZUL ELECTRICO / ROJO ),240.00,$3.50,10,24,83,23,48,$0.092,$2.20,$32.07,$769.71,$3.21,$6.71,1609.7088,,,,
350,Entregado,1/26/2024,,CONTENEDORES NOVIEMBRE,MASS1362,Toldo Plegable 3x3 Mts Lona Impermeable AZUL,20.00,$25.00,1,20,147,20.5,20.5,$0.062,$1.24,$21.62,$432.44,$21.62,$46.62,932.43725,,,,
350,Entregado,1/26/2024,,CONTENEDORES NOVIEMBRE,MASS1377,HIDROYET RECARGABLE 48VF,40.00,$8.80,10,4,77,25.5,49,$0.096,$0.38,$33.67,$134.70,$3.37,$12.17,486.6961,,,,
350,Entregado,1/26/2024,,CONTENEDORES NOVIEMBRE,MASS0238,Air humidifier 006 (BLANCO 75 / MARRON OSCURO 150 / MARRON CLARO 75),300.00,$1.50,60,5,55,33,42,$0.076,$0.38,$26.68,$133.40,$0.44,$1.94,583.4025,,,,
350,Entregado,1/26/2024,,CONTENEDORES NOVIEMBRE,MASS0823,Air humidifier 036 (BLANCO 100 / MARRON CLARO 100/ MARRON OSCURO 280),480.00,$1.60,60,8,54,44,48,$0.114,$0.91,$39.92,$319.33,$0.67,$2.27,1087.3344,,,,
350,Entregado,1/26/2024,,CONTENEDORES NOVIEMBRE,MASS1657,MAQUINA KEMEI 3 EN 1,300.00,$3.27,60,5,60,47,25.5,$0.072,$0.36,$25.17,$125.84,$0.42,$3.69,1106.8425,,,,
350,Entregado,1/26/2024,,CONTENEDORES NOVIEMBRE,MASS1014,MAQUINA AFEITAR KEMEI KM-4640,240.00,$2.95,40,6,60,47,25.5,$0.072,$0.43,$25.17,$151.01,$0.63,$3.58,859.011,,,,
350,Entregado,1/26/2024,,CONTENEDORES NOVIEMBRE,MASS2607,MAQUINA AFEITAR WAHL,0.00,$4.15,25,0,51,48,24,$0.059,$0.00,$20.56,$0.00,$0.82,$4.97,0,,,,
350,Entregado,1/26/2024,,CONTENEDORES NOVIEMBRE,MASS0329,MOUSE PAD MAPAMUNID,120.00,$1.46,120,1,32,82,32,$0.084,$0.08,$29.39,$29.39,$0.24,$1.70,204.5888,,,,
350,Entregado,1/26/2024,,CONTENEDORES NOVIEMBRE,MASS1379,MOUSE PAD RGB 30X80,120.00,$2.45,120,1,32,82,32,$0.084,$0.08,$29.39,$29.39,$0.24,$2.69,323.3888,,,,
350,Entregado,1/26/2024,,CONTENEDORES NOVIEMBRE,MASS0200,DISPENSADOR DE AGUA AP150 ELECTRONICO BATERIA 1200 MAH,400.00,$1.32,50,8,44,46,29,$0.059,$0.47,$20.54,$164.35,$0.41,$1.73,692.3488,,,,
350,Entregado,1/26/2024,,CONTENEDORES NOVIEMBRE,MASS0890,DISPENSADOR DE AGUA AP218 ELECTRONICO BATERIA 1200 MAH,0.00,$2.48,60,0,37,34,43,$0.054,$0.00,$18.93,$0.00,$0.32,$2.80,0,,,,
350,Entregado,1/26/2024,,CONTENEDORES NOVIEMBRE,MASS0172,CONVERTIDOR HDMI A VGA S/AUDIO,300.00,$0.65,100,3,5,7,20,$0.001,$0.00,$0.25,$0.74,$0.00,$0.65,195.735,,,,
350,Entregado,1/26/2024,,CONTENEDORES NOVIEMBRE,,ANILLO JOY VIBRADOR RETARDANTE POTENTE LATEX (NEGRO 60/ FUCSIA 120 / MORADO 120),300.00,$0.80,240,1.25,1,52,25,$0.001,$0.00,$0.46,$0.57,$0.00,$0.80,240.56875,,,,
350,Entregado,1/26/2024,,CONTENEDORES NOVIEMBRE,,ANILLO VIBRADOR RETARDANTE ESTIMULADOR CLITORIS ROSADO,703.00,$0.18,126.54,5.555555556,1,52,25,$0.001,$0.01,$0.46,$2.53,$0.00,$0.18,129.0677778,,,,
350,Entregado,1/26/2024,,CONTENEDORES NOVIEMBRE,,BALA VIBRADORA CON FUNDA DRAGON (MORADO 50/ ROSADO 50 / ROJO 40 / AZUL 40 / NEGRO 20),200.00,$0.95,190,1.052631579,2,48.5,35,$0.003,$0.00,$1.19,$1.25,$0.01,$0.96,191.2507895,,,,
350,Entregado,1/26/2024,,CONTENEDORES NOVIEMBRE,,BALA VIBRADORA GRANDE COLORES (ROSADO 80 / ROJO 42/ AMARILLO 20/ AZUL 20/ NEGRO 20/ PLATEADO 20),200.00,$0.70,140,1.428571429,1,46,20,$0.00,$0.00,$0.32,$0.46,$0.00,$0.70,140.46,,,,
350,Entregado,1/26/2024,,CONTENEDORES NOVIEMBRE,,CONSOLADOR REALISTICO CON BASE BLACK 10 PULGADAS CARNE 40/ NEGRO 60,100.00,$3.60,360,0.2777777778,2,41,36,$0.003,$0.00,$1.03,$0.29,$0.00,$3.60,360.287,,,,
350,Entregado,1/26/2024,,CONTENEDORES NOVIEMBRE,,CONSOLADOR REALISTICO EXTRAGRANDE COLOR CARNE,30.00,$8.00,240,0.125,1,41,36,$0.001,$0.00,$0.52,$0.06,$0.00,$8.00,240.064575,,,,
350,Entregado,1/26/2024,,CONTENEDORES NOVIEMBRE,,KIT DE AMARRE DE CAMA,30.00,$2.35,70.5,0.4255319149,1,49,40,$0.002,$0.00,$0.69,$0.29,$0.01,$2.36,70.79191489,,,,
350,Entregado,1/26/2024,,CONTENEDORES NOVIEMBRE,,"KIT DE FETICHE PARA MUJER, ESPOSAS DE BONDAJE (ROSADO 50/ ROJO 50/ NEGRO 20)",30.00,$2.70,81,0.3703703704,1,65,50,$0.003,$0.00,$1.14,$0.42,$0.01,$2.71,81.4212963,,,,
350,Entregado,1/26/2024,,CONTENEDORES NOVIEMBRE,,PANTIES VIBRADOR CON CONTROL REMOTO A DISTANCIA ASLCD001,50.00,$6.00,300,0.1666666667,1,43,36,$0.002,$0.00,$0.54,$0.09,$0.00,$6.00,300.0903,,,,
350,Entregado,1/26/2024,,CONTENEDORES NOVIEMBRE,,PLUG ANAL SET 3 UNIDADES,300.00,$3.03,909,0.3300330033,1,37,47,$0.002,$0.00,$0.61,$0.20,$0.00,$3.03,909.2008746,,,,
350,Entregado,1/26/2024,,CONTENEDORES NOVIEMBRE,,PLUG ANAL TALLA L ROSADO 25/MORADO 25/ROJO 25/ NEGRO 25,100.00,$1.31,131,0.7633587786,0.5,37,47,$0.001,$0.00,$0.30,$0.23,$0.00,$1.31,131.2323092,,,,
350,Entregado,1/26/2024,,CONTENEDORES NOVIEMBRE,,PLUG ANAL TALLA M MORADO 50/ ROSADO 50/ ROJO 50/ NEGRO 50,200.00,$1.10,220,0.9090909091,1,37,47,$0.002,$0.00,$0.61,$0.55,$0.00,$1.10,220.5533182,,,,
350,Entregado,1/26/2024,,CONTENEDORES NOVIEMBRE,,PLUG ANAL TALLA S ROSADO 25/ MORADO 125/ ROJO 75/ N EGRO 75,300.00,$0.55,165,1.818181818,,37,47,,,,,,,,,,,
350,Entregado,1/26/2024,,CONTENEDORES NOVIEMBRE,,VIBRADOR PUNTO G RABBIT 3 CABEZAS (ROSADO 100 / MORADO 100),200.00,$5.25,1050,0.1904761905,4,48,47,$0.009,$0.00,$3.16,$0.60,$0.00,$5.25,1050.6016,,,,
350,Entregado,1/26/2024,,CONTENEDORES NOVIEMBRE,,VIBRADOR ROTATIVO CABEZA DE CONEJO (ROSADO 100 / MORADO 100) falta campa;a,200.00,$3.15,630,0.3174603175,2,46,21,$0.002,$0.00,$0.68,$0.21,$0.00,$3.15,630.2146667,,,,
350,Entregado,1/26/2024,,CONTENEDORES NOVIEMBRE,,VIBRADOR RABBIT SUPER MUTE 10 VELOCIDADES (ROSADO 200/ MORADO 100),300.00,$2.25,675,0.4444444444,3,30,38,$0.003,$0.00,$1.20,$0.53,$0.00,$2.25,675.532,,,,
350,Entregado,1/26/2024,,CONTENEDORES NOVIEMBRE,,"SET ADULTO JUEGO SEXUAL BONDAGE LATIGO, MORDAZA, ESPOSA, MASCARA -SM10S01 (ROJO 50/ NEGRO 150)",200.00,$3.50,700,0.2857142857,4,60,43,$0.010,$0.00,$3.61,$1.03,$0.01,$3.51,701.032,,,,
350,Entregado,1/26/2024,,CONTENEDORES NOVIEMBRE,,SUCCIONADOR AGRANDA PENE PENIS PUMP,200.00,$2.20,440,0.4545454545,5,58,45,$0.013,$0.01,$4.57,$2.08,$0.01,$2.21,442.0761364,,,,
350,Entregado,1/26/2024,,CONTENEDORES NOVIEMBRE,,VARITA MAGICA 10 VELOCIDADES CARGA USB HXMS18 ( MORADA 60 / FUCSIA 57 / ROSADA 60),200.00,$3.50,700,0.2857142857,2.222222222,54,26,$0.003,$0.00,$1.09,$0.31,$0.00,$3.50,700.312,,,,
350,Entregado,1/26/2024,,CONTENEDORES NOVIEMBRE,,VARITA MAGICA XQVS015 3 CABEZALES,20.00,$7.50,150,0.1333333333,1,40,33,$0.001,$0.00,$0.46,$0.06,$0.00,$7.50,150.0616,,,,
350,Entregado,1/26/2024,,CONTENEDORES NOVIEMBRE,,VIBRADOR CON LENGUA MAGICA-MJSTR001,30.00,$3.80,114,0.2631578947,1,40,33,$0.001,$0.00,$0.46,$0.12,$0.00,$3.80,114.1215789,,,,
350,Entregado,1/26/2024,,CONTENEDORES NOVIEMBRE,,VAGINA VIBRADORA PUSSY,200.00,$1.80,360,0.5555555556,6.060606061,34,31,$0.006,$0.00,$2.24,$1.24,$0.01,$1.81,361.2420875,,,,
350,Entregado,1/26/2024,,CONTENEDORES NOVIEMBRE,,VIBRADOR RABBIT PUNTO G (ROSADO 100/ MORADO 100 / NEGRO 70 / VERDE 30),300.00,$1.80,540,0.5555555556,3,26,26,$0.002,$0.00,$0.71,$0.39,$0.00,$1.80,540.3943333,,,,
350,Entregado,1/26/2024,,CONTENEDORES NOVIEMBRE,,VIBRADOR CON RECARGA USB PUNTO G (FUCSIA 70/ MORADO 70 / NEGRO 30 / CARNE 30)falta agregar el carne,200.00,$5.10,1020,0.1960784314,2,45,32.5,$0.003,$0.00,$1.02,$0.20,$0.00,$5.10,1020.200735,,,,
350,Entregado,1/26/2024,,CONTENEDORES NOVIEMBRE,,VIBRADOR CON ROTACION HAILEY DIBE DB-1874 ERAN 70 PCS ROSADO 34/ NEGRO 25,60.00,$10.25,615,0.09756097561,5,28,14,$0.002,$0.00,$0.69,$0.07,$0.00,$10.25,615.0669268,,,,
350,Entregado,1/26/2024,,CONTENEDORES NOVIEMBRE,,VIBRADOR CONSOLADOR FEMALE VIBRATOR HQMY8941 (FUCSIA 214 / MORADO 60 / NEGRO 30),300.00,$2.30,690,0.4347826087,6,50,27,$0.008,$0.00,$2.84,$1.23,$0.00,$2.30,691.2326087,,,,
350,Entregado,1/26/2024,,CONTENEDORES NOVIEMBRE,,VIBRADOR CONSOLADOR RABBIT JUMP HQMY2026 (FUCSIA 21/ MORADO 19),40.00,$14.80,592,0.06756756757,1,50,27,$0.001,$0.00,$0.47,$0.03,$0.00,$14.80,592.0319257,,,,
350,Entregado,1/26/2024,,CONTENEDORES NOVIEMBRE,,VIBRADOR CONSOLADOR REALISTICO JELLY (ROSADO 160 / MORADO 159 / CARNE 40),400.00,$1.25,500,0.8,3.2,54,40,$0.007,$0.01,$2.42,$1.94,$0.00,$1.25,501.93536,,,,
350,Entregado,1/26/2024,,CONTENEDORES NOVIEMBRE,,CONSOLADOR DOBLE CABEZA (ROSADO 77/ CARNE 70) falta variante,150.00,$0.60,90,1.666666667,1,38,54,$0.002,$0.00,$0.72,$1.20,$0.01,$0.61,91.197,,,,
350,Entregado,1/26/2024,,CONTENEDORES NOVIEMBRE,,VIBRADOR ESTIMULADOR PARA PENE MASAJEADOR BODY-SAFE,40.00,$6.50,260,0.1538461538,1,35,60,$0.002,$0.00,$0.74,$0.11,$0.00,$6.50,260.1130769,,,,
350,Entregado,1/26/2024,,CONTENEDORES NOVIEMBRE,,VIBRADOR FEMALE CONEJO 12 FUNCIONES 45 GRADOS HQMP892 (FUCSIA 20/ MORADO 20 ),40.00,$10.50,420,0.09523809524,1,44,31,$0.001,$0.00,$0.48,$0.05,$0.00,$10.50,420.0454667,,,,
350,Entregado,1/26/2024,,CONTENEDORES NOVIEMBRE,,MASAJEADOR DE CLITORIS ELECTRICO PUNTO G AMAZON (CARNE 10/ FUCSIA 15/ MORADO 15),40.00,$6.50,260,0.1538461538,1,46,31,$0.001,$0.00,$0.50,$0.08,$0.00,$6.50,260.0767846,,,,
350,Entregado,1/26/2024,,CONTENEDORES NOVIEMBRE,,VIBRADOR MASAJEADOR DE PROSTATA YCD190121,150.00,$2.15,322.5,0.4651162791,1,31,60,$0.002,$0.00,$0.65,$0.30,$0.00,$2.15,322.8027907,,,,
350,Entregado,1/26/2024,,CONTENEDORES NOVIEMBRE,,VIBRADOR MIGNON MARCA LEVETT CON APP REMOTO,80.00,$9.50,760,0.1052631579,1,,46,,,,,,,,,,,
350,Entregado,1/26/2024,,CONTENEDORES NOVIEMBRE,,VIBRADOR PANTYS MANDO A DISTANCIA AXYPLM01 (FUCSIA 19 / MORADO 21),40.00,$8.80,352,0.1136363636,1,50,26,$0.001,$0.00,$0.46,$0.05,$0.00,$8.80,352.0517045,,,,
350,Entregado,1/26/2024,,CONTENEDORES NOVIEMBRE,,VIBRADOR REALISTICO CON BASE Y CONTROL 3.5cm,200.00,$2.40,480,0.4166666667,2,64,50,$0.006,$0.00,$2.24,$0.93,$0.00,$2.40,480.9333333,,,,
350,Entregado,1/26/2024,,CONTENEDORES NOVIEMBRE,,CONSOLADOR REALISTICO DE GELATINA 9 PULGADAS (MORADO 40/ TRANSPARENTE 60),100.00,$3.20,320,0.3125,3.03030303,56.6,37,$0.006,$0.00,$2.22,$0.69,$0.01,$3.21,320.6941004,,,,
350,Entregado,1/26/2024,,CONTENEDORES NOVIEMBRE,,"VIBRADOR REALISTICO YUECHAO
21.5cm (MORADO 50 / CARNE 250 / ROSADO 50)",350.00,$1.55,542.5,0.6451612903,2,40,42,$0.003,$0.00,$1.18,$0.76,$0.00,$1.55,543.2587097,,,,
350,Entregado,1/26/2024,,CONTENEDORES NOVIEMBRE,,VIBRADOR RECARGABLE 30 VELOCIDADES (FUCSIA 249/ MORADO 50),300.00,$2.35,705,0.4255319149,3,50,36,$0.005,$0.00,$1.89,$0.80,$0.00,$2.35,705.8042553,,,,
350,Entregado,1/26/2024,,CONTENEDORES NOVIEMBRE,,ANILLO VIBRADOR RETARDANTE DOBLE RC007,400.00,$0.30,120,3.333333333,1,57,35,$0.002,$0.01,$0.70,$2.33,$0.01,$0.31,122.3275,,,,
350,Entregado,1/26/2024,,CONTENEDORES NOVIEMBRE,,VAGINA VIBRADOR CON BASE WLLAB01,100.00,$4.50,450,0.2222222222,4,44,44,$0.008,$0.00,$2.71,$0.60,$0.01,$4.51,450.6023111,,,,
350,Entregado,1/26/2024,,CONTENEDORES NOVIEMBRE,,ARNE REALISTICO CON CINTURON,300.00,$3.50,1050,0.2857142857,9.090909091,50,30,$0.014,$0.00,$4.77,$1.36,$0.00,$3.50,1051.363636,,,,
350,Entregado,1/26/2024,,CONTENEDORES NOVIEMBRE,,FORRO DE SILICON PARA PENE YMSK001,200.00,$0.60,120,1.666666667,1,61,41,$0.003,$0.00,$0.88,$1.46,$0.01,$0.61,121.4589167,,,,
350,Entregado,1/26/2024,,CONTENEDORES NOVIEMBRE,,SET DE INICIADORES ANALES SETANAL001 (ROSADO 40/ MORADO 40 / NEGRO 19),100.00,$0.65,65,1.538461538,1,37,47,$0.002,$0.00,$0.61,$0.94,$0.01,$0.66,65.93638462,,,,
350,Entregado,1/26/2024,,CONTENEDORES NOVIEMBRE,,PLUG ANAL CON COLA DE ZORRO ANALTAIL001 ROJO 25/ NEGRO 25/ BLANCO 25/ ROSADO 25/ GRIS 25,200.00,$1.15,230,0.8695652174,1,66,46,$0.003,$0.00,$1.06,$0.92,$0.00,$1.15,230.924,,,,
350,Entregado,1/26/2024,,CONTENEDORES NOVIEMBRE,,VARA SADOMASOQUISMO,30.00,$3.20,96,0.3125,1,55,37,$0.002,$0.00,$0.71,$0.22,$0.01,$3.21,96.22257813,,,,
350,Entregado,1/26/2024,,CONTENEDORES NOVIEMBRE,,LUBRICANTE PRIVATE LIFE 30ML XZLSG30ML (BANANA 100/ UVA 245),300.00,$0.28,84,3.571428571,1,45,37,$0.002,$0.01,$0.58,$2.08,$0.01,$0.29,86.08125,,,,
350,Entregado,1/26/2024,,CONTENEDORES NOVIEMBRE,,LUBRICANTE PRIVATE LIFE 100ML XZLSG100ML (FRESA 115 / CEREZA 120/ LIMON 60),300.00,$0.54,162,1.851851852,1,45,37,$0.002,$0.00,$0.58,$1.08,$0.00,$0.54,163.0791667,,,,
350,Entregado,1/26/2024,,CONTENEDORES NOVIEMBRE,,LUBRICANTE ANAL LOVE MONOGATARI 200ML ZTAO01,400.00,$0.68,272,1.470588235,2.43902439,58,71,$0.010,$0.01,$3.52,$5.17,$0.01,$0.69,277.1696557,,,,
350,Entregado,1/26/2024,,CONTENEDORES NOVIEMBRE,,IMITACION DE SEMEN LECHE SIYI 200ML SYXDZ01,400.00,$0.55,220,1.818181818,8,64,33,$0.017,$0.03,$5.91,$10.75,$0.03,$0.58,230.752,,,,
350,Entregado,1/26/2024,,CONTENEDORES NOVIEMBRE,MASS1378,Maquina Kemei De Afeitar Cabello Shaiver Kemei Km-2024,120.00,$5.10,60,2,43.5,32,50.5,$0.070,$0.14,$24.60,$49.21,$0.41,$5.51,661.2072,,,,
350,Entregado,1/26/2024,,CONTENEDORES NOVIEMBRE,MASS0793,Aroma Difuser DQ701 (BLANCO 44/ NEGRO 100),144.00,$3.58,48,3,50,37,44,$0.081,$0.24,$28.49,$85.47,$0.59,$4.17,600.99,,,,
350,Entregado,1/26/2024,,CONTENEDORES NOVIEMBRE,,MAQUINA MASTURBADORA CON PENE BPJ01,30.00,$16.00,480,0.0625,5,58,33,$0.010,$0.00,$3.35,$0.21,$0.01,$16.01,480.2093438,,,,
350,Entregado,1/26/2024,,CONTENEDORES NOVIEMBRE,,INICIADOR VIBRADOR ANAL DE SILICON YCVA001 (FUCSIA 60 /NEGRO 20),80.00,$1.40,112,0.7142857143,1,58,26,$0.002,$0.00,$0.53,$0.38,$0.00,$1.40,112.377,,,,
350,Entregado,1/26/2024,,CONTENEDORES NOVIEMBRE,,CONSOLADOR CORAZON VIDRIO CRISTAL,200.00,$2.20,440,0.4545454545,4,45,31,$0.006,$0.00,$1.95,$0.89,$0.00,$2.20,440.8877273,,,,
350,Entregado,1/26/2024,,CONTENEDORES NOVIEMBRE,,MORDAZA SEXO ORAL (ROJO 72/ NEGRO 28),192.00,$0.98,188.16,1.020408163,4,66,46.7,$0.012,$0.01,$4.32,$4.40,$0.02,$1.00,192.5631429,,,,
350,Entregado,1/26/2024,,CONTENEDORES NOVIEMBRE,MASS1376,Mesa Rectangular Plegable 1.80 Mt,40.00,$20.00,1,40,95,75,8,$0.057,$2.28,$19.95,$798.00,$19.95,$39.95,1598,,,,
350,Entregado,1/26/2024,,CONTENEDORES NOVIEMBRE,,CONSOLADOR FORMA DE PENE CRISTAL CHEQUEAR MEDIDA,200.00,$0.50,100,2,4,35,46.7,$0.007,$0.01,$2.29,$4.58,$0.02,$0.52,104.5766,,,,
350,Entregado,1/26/2024,,CONTENEDORES NOVIEMBRE,,ESPOSAS SEXUAL DE COLORES (ROJO 30 / MORADO 20/ ROSADO 20 / NEGRO 10),80.00,$0.48,38.4,2.083333333,1,66,46.7,$0.003,$0.01,$1.08,$2.25,$0.03,$0.51,40.6474375,,,,
350,Entregado,1/26/2024,,CONTENEDORES NOVIEMBRE,,MASCARA ANTIFAZ CONEJITA (BLANCO 60 / NEGRO 90),150.00,$0.50,75,2,1,70,60,$0.004,$0.01,$1.47,$2.94,$0.02,$0.52,77.94,,,,
350,Entregado,1/26/2024,,CONTENEDORES NOVIEMBRE,,BALA COLORES PASTELES (ROSADO 70 / MORADO 69 / NEGRO 30 / NARANJA 30),200.00,$0.80,160,1.25,1,22,38,$0.001,$0.00,$0.29,$0.37,$0.00,$0.80,160.36575,,,,
350,Entregado,1/26/2024,,CONTENEDORES NOVIEMBRE,,LENCERIA,450.00,$1.05,472.5,0.9523809524,1,89,52,$0.005,$0.00,$1.62,$1.54,$0.00,$1.05,474.0426667,,,,
350,Entregado,1/26/2024,,CONTENEDORES NOVIEMBRE,,BROCHA CHINA,400.00,$1.60,640,0.625,1,22,38,$0.001,$0.00,$0.29,$0.18,$0.00,$1.60,640.182875,,,,
350,Entregado,1/26/2024,,CONTENEDORES NOVIEMBRE,MASS1205,SET DE LIGAS DE RESISTENCIA 5 PCS,300.00,$0.86,100,3,30,30,30,$0.027,$0.08,$9.45,$28.35,$0.09,$0.95,286.35,,,,
350,Entregado,1/26/2024,,CONTENEDORES NOVIEMBRE,,LUBRCANTE MULTIORGASMICO OLO 20 ML ERAN 100 PCS,130.00,$0.85,110.5,1.176470588,1,21,26,$0.001,$0.00,$0.19,$0.22,$0.00,$0.85,110.7248235,,,,
350,Entregado,1/26/2024,,CONTENEDORES NOVIEMBRE,,VARITA MAGICA CLITORI RECARGABLE (DORADO 35/ MORADO 80/ BLANCO 35),150.00,$1.90,285,0.5263157895,2,30,46,$0.003,$0.00,$0.97,$0.51,$0.00,$1.90,285.5084211,,,,
350,Entregado,1/26/2024,,CONTENEDORES NOVIEMBRE,,MASTURBADOR Y ESTIMULADOR ROTATIVO 360º QRBC01,40.00,$11.75,470,0.08510638298,2,48,40,$0.004,$0.00,$1.34,$0.11,$0.00,$11.75,470.114383,,,,
350,Entregado,1/26/2024,,CONTENEDORES NOVIEMBRE,,SATISFAYER XQZK003 (FUCSIA 70 / CARNE 50 / MORADO 80),200.00,$2.50,500,0.4,1,54,40,$0.002,$0.00,$0.76,$0.30,$0.00,$2.50,500.3024,,,,
350,Entregado,1/26/2024,,CONTENEDORES NOVIEMBRE,,VIBRADOR 12 VELOCIDADES CON ESTIMULADOR DE CLITORIS DRHHS001 (MORADO 40 / FUCSIA 40 / NEGRO 20),100.00,$7.20,720,0.1388888889,2,58,45,$0.005,$0.00,$1.83,$0.25,$0.00,$7.20,720.25375,,,,
350,Entregado,1/26/2024,,CONTENEDORES NOVIEMBRE,,VIBRADOR ESTIMULADOR 10 VELOCIDADES AITT BB55DD,30.00,$12.00,360,0.08333333333,1,50,46.5,$0.002,$0.00,$0.81,$0.07,$0.00,$12.00,360.0678125,,,,
350,Entregado,1/26/2024,,CONTENEDORES NOVIEMBRE,MASS1357,Hand Grip Entrenamiento Muñeca Manos Antebrazo Con Contador,150.00,$0.98,100,1.5,49.5,31.5,23.5,$0.037,$0.05,$12.82,$19.24,$0.13,$1.11,166.2372469,,,,
350,Entregado,1/26/2024,,CONTENEDORES NOVIEMBRE,MASS0541,TECLADO HP K1600,600.00,$2.20,30,20,47,47,34,$0.075,$1.50,$26.29,$525.74,$0.88,$3.08,1845.742,,,,
350,Entregado,1/26/2024,,CONTENEDORES NOVIEMBRE,,ROSA VIRADORA VAGINA SUCKER (MORADO 35/ NEGRO 10 / ROJO 35),80.00,$3.58,286.4,0.2793296089,1,38,36,$0.001,$0.00,$0.48,$0.13,$0.00,$3.58,286.533743,,,,
350,Entregado,1/26/2024,,CONTENEDORES NOVIEMBRE,,VIBRADOR POR APLICACION REMOTO YPM,250.00,$5.90,1475,0.1694915254,3.333333333,43.7,46,$0.007,$0.00,$2.35,$0.40,$0.00,$5.90,1475.397497,,,,
350,Entregado,1/26/2024,,CONTENEDORES NOVIEMBRE,,DUCHA ANAL ENEMA XGQSET01 (NEGRO 100 / AZUL 100),200.00,$0.80,160,1.25,2,41,37,$0.003,$0.00,$1.06,$1.33,$0.01,$0.81,161.327375,,,,
350,Entregado,1/26/2024,,CONTENEDORES NOVIEMBRE,,"PLUG ANAL COLA CONEJITA ANALBALL001 (ROJO 40, 20 BLANCO, 2O MORADO CLARO,2O ROSADO)",100.00,$0.85,85,1.176470588,1,41,37,$0.002,$0.00,$0.53,$0.62,$0.01,$0.86,85.62464706,,,,
350,Entregado,1/26/2024,,CONTENEDORES NOVIEMBRE,,PLUG ANAL CON BALA VIBRADORA RECARGABLE CGSHJR01,80.00,$2.50,200,0.4,1,45,35,$0.002,$0.00,$0.55,$0.22,$0.00,$2.50,200.2205,,,,
350,Entregado,1/26/2024,,CONTENEDORES NOVIEMBRE,,PLUG ANAL RECARGABLE CON CONTROL MQCDHT02,50.00,$6.10,305,0.1639344262,1,36,47,$0.002,$0.00,$0.59,$0.10,$0.00,$6.10,305.097082,,,,
350,Entregado,1/26/2024,,CONTENEDORES NOVIEMBRE,,CAJA DE CONDONES ULTRAFINO (10 PCS) (ULTRAFINO 81 / TEXTURIZADO 81),200.00,$0.60,120,1.666666667,1,57,74,$0.004,$0.01,$1.48,$2.46,$0.01,$0.61,122.4605,,,,
350,Entregado,1/26/2024,,CONTENEDORES NOVIEMBRE,,ISAO-PROED101 EXTENSOR DE PENE,70.00,$4.65,325.5,0.2150537634,1,56.5,39.5,$0.002,$0.00,$0.78,$0.17,$0.00,$4.65,325.6679812,,,,
350,Entregado,1/26/2024,,CONTENEDORES NOVIEMBRE,MASS1211,CINTA KINESIOLOGICA PARA LEVANTAR SENO NUDE,392.00,$0.75,196,2,60,28,36,$0.060,$0.12,$21.17,$42.34,$0.11,$0.86,336.336,,,,
350,Entregado,1/26/2024,,CONTENEDORES NOVIEMBRE,,MAQUINA DE COSER,260.00,$3.25,20,13,67,46,44,$0.136,$1.76,$47.46,$617.02,$2.37,$5.62,1462.0164,,,,
350,Entregado,1/26/2024,,CONTENEDORES NOVIEMBRE,,CEPILLO ONE STEP,810.00,$2.72,30,27,58.5,39,57,$0.130,$3.51,$45.52,"$1,228.93",$1.52,$4.24,3432.129975,,,,
350,Entregado,1/26/2024,,CONTENEDORES NOVIEMBRE,MASS1349,MINI TECLADO BLUETOOH RECARGABLE,300.00,$2.10,100,3,54,35,30,$0.057,$0.17,$19.85,$59.54,$0.20,$2.30,689.535,,,,
350,Entregado,1/26/2024,,CONTENEDORES NOVIEMBRE,,SET DE ESENCIA 6 PCS,420.00,$1.16,60,7,33,33,25,$0.027,$0.19,$9.53,$66.70,$0.16,$1.32,553.90125,,,,
350,Entregado,1/26/2024,,CONTENEDORES NOVIEMBRE,,PIZARRA MAGICA DE COLORES 12 PULGADAS ( NEGRO 200 / ROJO 100 / BLANCO 200 / AZUL 100 ),600.00,$0.83,100,6,32,47,25,$0.038,$0.23,$13.16,$78.96,$0.13,$0.96,576.96,,,,
350,Entregado,1/26/2024,,CONTENEDORES NOVIEMBRE,,BALANZA PERSONAL RECARGABLE,200.00,$2.70,10,20,50,31,31,$0.048,$0.96,$16.82,$336.35,$1.68,$4.38,876.35,,,,
350,Entregado,1/26/2024,,CONTENEDORES NOVIEMBRE,,MAQUINA PLASTIFICADORA LAMINADORA (10 HOJAS),140.00,$7.80,20,7,42,28,37,$0.044,$0.30,$15.23,$106.60,$0.76,$8.56,1198.6044,,,,
350,Entregado,1/26/2024,,CONTENEDORES NOVIEMBRE,,COTUFERA DE AIRE ELECTRICA 110V,144.00,$4.70,12,12,39.5,36,56,$0.080,$0.96,$27.87,$334.45,$2.32,$7.02,1011.2544,,,,
350,Entregado,1/26/2024,,CONTENEDORES NOVIEMBRE,,TONER CANON CRG128,100.00,$3.16,20,5,50,31,43,$0.067,$0.33,$23.33,$116.64,$1.17,$4.33,432.6375,,,,
350,Entregado,1/26/2024,,CONTENEDORES NOVIEMBRE,MASS1345,SILLA DE PC MODELO 2001,20.00,$10.50,1,20,53,24,50,$0.064,$1.27,$22.26,$445.20,$22.26,$32.76,655.2,,,,
350,Entregado,1/26/2024,,CONTENEDORES NOVIEMBRE,,TONER HP 85A,120.00,$2.80,20,6,50,31,43,$0.067,$0.40,$23.33,$139.97,$1.17,$3.97,475.965,,,,
350,Entregado,1/26/2024,,CONTENEDORES NOVIEMBRE,,TONER HP 12A,120.00,$2.80,20,6,52.5,30.5,51,$0.082,$0.49,$28.58,$171.49,$1.43,$4.23,507.493875,,,,
350,Entregado,1/26/2024,,CONTENEDORES NOVIEMBRE,,TONER HP 78A,120.00,$2.80,20,6,50,31,43,$0.067,$0.40,$23.33,$139.97,$1.17,$3.97,475.965,,,,
350,Entregado,1/26/2024,,CONTENEDORES NOVIEMBRE,,TONER HP128A,0.00,$5.16,12,0,46,35,41.5,$0.067,$0.00,$23.39,$0.00,$1.95,$7.11,0,,,,
350,Entregado,1/26/2024,,CONTENEDORES NOVIEMBRE,MASS1009,DEPILADORA LASER 999999 FLASHES ( BLANCO70 / ROSADO 30),100.00,$9.08,24,4.166666667,47.5,46.5,35,$0.077,$0.32,$27.06,$112.74,$1.13,$10.21,1020.738281,,,,
350,Entregado,1/26/2024,,CONTENEDORES NOVIEMBRE,,TONER SAMSUNG MLT-D111S,120.00,$3.95,15,8,52,31,36,$0.058,$0.46,$20.31,$162.49,$1.35,$5.30,636.4896,,,,
350,Entregado,1/26/2024,,CONTENEDORES NOVIEMBRE,,TONER SAMSUNG MLT-D101S,120.00,$3.95,15,8,52,31,36,$0.058,$0.46,$20.31,$162.49,$1.35,$5.30,636.4896,,,,
350,Entregado,1/26/2024,,CONTENEDORES NOVIEMBRE,,KIT HELADERA DE SILICON,150.00,$4.03,25,6,54,52,36,$0.101,$0.61,$35.38,$212.28,$1.42,$5.45,816.7848,,,,
350,Entregado,1/26/2024,,CONTENEDORES NOVIEMBRE,,TERMO DE AGUA PLEGABLE 500 ML,100.00,$1.59,100,1,55,55,35,$0.106,$0.11,$37.06,$37.06,$0.37,$1.96,196.05625,,,,
350,Entregado,1/26/2024,,CONTENEDORES NOVIEMBRE,MASS1268,AUDIFONO AIR 31 RECARGABLE BLUETOOH TRASPARENTE (BLANCO 90/ NEGRO 90 / VERDE 40 / ROSADO 40/ AZUL 40 ),300.00,$4.00,100,3,47,34,31.5,$0.050,$0.15,$17.62,$52.85,$0.18,$4.18,1252.85385,,,,
350,Entregado,1/26/2024,,CONTENEDORES NOVIEMBRE,,PISO DE VINIL CUADRADO AUTOADHESIVO ALTO TRAFICO 2MM GROSOR 457MM*457MM,"1,800.00",$0.48,24,75,45.7,45.7,4.8,$0.010,$0.75,$3.51,$263.15,$0.15,$0.63,1125.64854,,,,
350,Entregado,1/26/2024,,CONTENEDORES NOVIEMBRE,,PISO DE VINIL CUADRADO AUTOADHESIVO ALTO TRAFICO 2MM GROSOR 457MM*457MM,"1,800.00",$0.48,24,75,45.7,45.7,4.8,$0.010,$0.75,$3.51,$263.15,$0.15,$0.63,1125.64854,,,,
350,Entregado,1/26/2024,,CONTENEDORES NOVIEMBRE,MASS0040,AUDIFONO INALAMBRICO F9,"1,200.00",$1.85,100,12,48,49,24,$0.056,$0.68,$19.76,$237.08,$0.20,$2.05,2457.0816,,,,
350,Entregado,1/26/2024,,CONTENEDORES NOVIEMBRE,,PISO DE VINIL CUADRADO AUTOADHESIVO ALTO TRAFICO 2MM GROSOR 457MM*457MM,"1,800.00",$0.48,24,75,45.7,45.7,4.8,$0.010,$0.75,$3.51,$263.15,$0.15,$0.63,1125.64854,,,,
350,Entregado,1/26/2024,,CONTENEDORES NOVIEMBRE,,PISO DE VINIL CUADRADO AUTOADHESIVO ALTO TRAFICO 2MM GROSOR 457MM*457MM,"1,800.00",$0.48,24,75,45.7,45.7,4.8,$0.010,$0.75,$3.51,$263.15,$0.15,$0.63,1125.64854,,,,
350,Entregado,1/26/2024,,CONTENEDORES NOVIEMBRE,,PISO VINIL AUTOADHESIVO ALTO TRAFICO 2MM GROSOR 914.4MM*152.4MM,"3,204.00",$0.32,36,89,91.44,15.24,7.2,$0.010,$0.89,$3.51,$312.54,$0.10,$0.42,1337.183607,,,,
350,Entregado,1/26/2024,,CONTENEDORES NOVIEMBRE,,PISO VINIL AUTOADHESIVO ALTO TRAFICO 2MM GROSOR 914.4MM*152.4MM,"3,204.00",$0.32,36,89,91.44,15.24,7.2,$0.010,$0.89,$3.51,$312.54,$0.10,$0.42,1337.183607,,,,
350,Entregado,1/26/2024,,CONTENEDORES NOVIEMBRE,,PISO VINIL AUTOADHESIVO ALTO TRAFICO 2MM GROSOR 914.4MM*152.4MM,"3,204.00",$0.32,36,89,91.44,15.24,7.2,$0.010,$0.89,$3.51,$312.54,$0.10,$0.42,1337.183607,,,,
350,Entregado,1/26/2024,,CONTENEDORES NOVIEMBRE,,PISO VINIL AUTOADHESIVO ALTO TRAFICO 2MM GROSOR 914.4MM*152.4MM,"3,204.00",$0.32,36,89,91.44,15.24,7.2,$0.010,$0.89,$3.51,$312.54,$0.10,$0.42,1337.183607,,,,
350,Entregado,1/26/2024,,CONTENEDORES NOVIEMBRE,MASS0834,PISTOLA DE GEL RECARGABLE 5000 BALAS,504.00,$5.80,36,14,66,53,43,$0.150,$2.11,$52.64,$737.03,$1.46,$7.26,3660.2286,,,,
350,Entregado,1/26/2024,,CONTENEDORES NOVIEMBRE,,PISO VINIL AUTOADHESIVO ALTO TRAFICO 2MM GROSOR 914.4MM*152.4MM,"2,412.00",$0.32,36,67,91.44,15.24,7.2,$0.010,$0.67,$3.51,$235.29,$0.10,$0.42,1009.658096,,,,
350,Entregado,1/26/2024,,CONTENEDORES NOVIEMBRE,,PISO VINIL AUTOADHESIVO ALTO TRAFICO 2MM GROSOR 914.4MM*152.4MM,"2,412.00",$0.32,36,67,91.44,15.24,7.2,$0.010,$0.67,$3.51,$235.29,$0.10,$0.42,1009.658096,,,,
350,Entregado,1/26/2024,,CONTENEDORES NOVIEMBRE,,WALL PANEL 290*168*23,800.00,$1.05,16,50,29,16.8,23,$0.011,$0.56,$3.92,$196.10,$0.25,$1.30,1036.098,,,,
350,Entregado,1/26/2024,,CONTENEDORES NOVIEMBRE,,WALL PANEL 290*168*23,800.00,$1.05,16,50,29,16.8,23,$0.011,$0.56,$3.92,$196.10,$0.25,$1.30,1036.098,,,,
350,Entregado,1/26/2024,,CONTENEDORES NOVIEMBRE,MASS1344,KIT CREACION DE CONTENIDO,200.00,$3.25,40,5,48,46,37.5,$0.083,$0.41,$28.98,$144.90,$0.72,$3.97,794.9,,,,
350,Entregado,1/26/2024,,CONTENEDORES NOVIEMBRE,,WALL PANEL 290*168*23,800.00,$1.05,16,50,29,16.8,23,$0.011,$0.56,$3.92,$196.10,$0.25,$1.30,1036.098,,,,
350,Entregado,1/26/2024,,CONTENEDORES NOVIEMBRE,,WALL PANEL 290*168*23,800.00,$1.05,16,50,29,16.8,23,$0.011,$0.56,$3.92,$196.10,$0.25,$1.30,1036.098,,,,
350,Entregado,1/26/2024,,CONTENEDORES NOVIEMBRE,,WALL PANEL 290*168*23,800.00,$1.05,16,50,29,16.8,23,$0.011,$0.56,$3.92,$196.10,$0.25,$1.30,1036.098,,,,
350,Entregado,1/26/2024,,CONTENEDORES NOVIEMBRE,,WALL PANEL 290*168*23,800.00,$1.05,16,50,29,16.8,23,$0.011,$0.56,$3.92,$196.10,$0.25,$1.30,1036.098,,,,
350,Entregado,1/26/2024,,CONTENEDORES NOVIEMBRE,MASS1125,BALANZA DE COCINA 5KG BC-811,200.00,$2.80,40,5,45,47,32,$0.068,$0.34,$23.69,$118.44,$0.59,$3.39,678.44,,,,
350,Entregado,1/26/2024,,CONTENEDORES NOVIEMBRE,,WALL PANEL 3D 1MM DE GROSOR 500MM*500MM,"1,000.00",$0.85,50,20,50,50,50,$0.125,$2.50,$43.75,$875.00,$0.88,$1.73,1725,,,,
350,Entregado,1/26/2024,,CONTENEDORES NOVIEMBRE,,WALL PANEL 3D 1MM DE GROSOR 500MM*500MM,"1,000.00",$0.90,50,20,50,50,50,$0.125,$2.50,$43.75,$875.00,$0.88,$1.78,1775,,,,
350,Entregado,1/26/2024,,CONTENEDORES NOVIEMBRE,,WALL PANEL 3D 1MM DE GROSOR 500MM*500MM,"1,000.00",$0.85,50,20,50,50,50,$0.125,$2.50,$43.75,$875.00,$0.88,$1.73,1725,,,,
350,Entregado,1/26/2024,,CONTENEDORES NOVIEMBRE,,WALL PANEL 3D 1MM DE GROSOR 500MM*500MM,"1,000.00",$0.90,50,20,50,50,50,$0.125,$2.50,$43.75,$875.00,$0.88,$1.78,1775,,,,
350,Entregado,1/26/2024,,CONTENEDORES NOVIEMBRE,,FOAMI 3D 70CM*77CM,"2,500.00",$0.39,100,25,70,77,40,$0.216,$5.39,$75.46,"$1,886.50",$0.75,$1.14,2861.5,,,,
350,Entregado,1/26/2024,,CONTENEDORES NOVIEMBRE,,FOAMI 3D 70CM*77CM,"2,500.00",$0.39,100,25,70,77,40,$0.216,$5.39,$75.46,"$1,886.50",$0.75,$1.14,2861.5,,,,
350,Entregado,1/26/2024,,CONTENEDORES NOVIEMBRE,,FOAMI 3D 70CM*77CM,"1,500.00",$0.39,100,15,70,77,40,$0.216,$3.23,$75.46,"$1,131.90",$0.75,$1.14,1716.9,,,,
350,Entregado,1/26/2024,,CONTENEDORES NOVIEMBRE,,FOAMI 3D 70CM*77CM,500.00,$0.39,100,5,70,77,40,$0.216,$1.08,$75.46,$377.30,$0.75,$1.14,572.3,,,,
350,Entregado,1/26/2024,,CONTENEDORES NOVIEMBRE,MASS0113,CACTUS BAILARIN RECARGABLE,800.00,$1.66,100,8,53,60,56,$0.178,$1.42,$62.33,$498.62,$0.62,$2.28,1826.624,,,,
350,Entregado,1/26/2024,,CONTENEDORES NOVIEMBRE,MASS1803,CASE EXTERNO USB 2.0,300.00,$1.32,100,3,40,32,53,$0.068,$0.20,$23.74,$71.23,$0.24,$1.56,467.232,,,,
350,Entregado,1/26/2024,,CONTENEDORES NOVIEMBRE,,FOAMI 3D 70CM*77CM,500.00,$0.39,100,5,70,77,40,$0.216,$1.08,$75.46,$377.30,$0.75,$1.14,572.3,,,,
350,Entregado,1/26/2024,,CONTENEDORES NOVIEMBRE,,FOAMI 3D 70CM*77CM,500.00,$0.39,100,5,70,77,40,$0.216,$1.08,$75.46,$377.30,$0.75,$1.14,572.3,,,,
350,Entregado,1/26/2024,,CONTENEDORES NOVIEMBRE,,PANEL DECORATIVO DE PARED 2MM DE GROSOR 30CM*60CM,"1,200.00",$0.32,240,5,30,60,48,$0.086,$0.43,$30.24,$151.20,$0.13,$0.45,535.2,,,,
350,Entregado,1/26/2024,,CONTENEDORES NOVIEMBRE,,PANEL DECORATIVO DE PARED 2MM DE GROSOR 30CM*60CM,"1,680.00",$0.32,240,7,30,60,48,$0.086,$0.60,$30.24,$211.68,$0.13,$0.45,749.28,,,,
350,Entregado,1/26/2024,,CONTENEDORES NOVIEMBRE,MASS1283,AIRE ACONDICIONADO PORTATIL,408.00,$2.85,24,17,70,53,37,$0.137,$2.33,$48.04,$816.76,$2.00,$4.85,1979.5565,,,,
350,Entregado,1/26/2024,,CONTENEDORES NOVIEMBRE,,PANEL DECORATIVO DE PARED 2MM DE GROSOR 30CM*60CM,"1,200.00",$0.32,240,5,30,60,48,$0.086,$0.43,$30.24,$151.20,$0.13,$0.45,535.2,,,,
350,Entregado,1/26/2024,,CONTENEDORES NOVIEMBRE,,PANEL DECORATIVO DE PARED 2MM DE GROSOR 30CM*60CM,"1,680.00",$0.32,240,7,30,60,48,$0.086,$0.60,$30.24,$211.68,$0.13,$0.45,749.28,,,,
350,Entregado,1/26/2024,,CONTENEDORES NOVIEMBRE,,PANEL DECORATIVO DE PARED 2MM DE GROSOR 30CM*60CM,"1,200.00",$0.32,240,5,30,60,48,$0.086,$0.43,$30.24,$151.20,$0.13,$0.45,535.2,,,,
350,Entregado,1/26/2024,,CONTENEDORES NOVIEMBRE,,PANEL DECORATIVO DE PARED 2MM DE GROSOR 30CM*60CM,"1,200.00",$0.32,240,5,30,60,48,$0.086,$0.43,$30.24,$151.20,$0.13,$0.45,535.2,,,,
350,Entregado,1/26/2024,,CONTENEDORES NOVIEMBRE,,STUD 100 TAPA NEGRA,900.00,$0.85,300,3,48,31,39,$0.058,$0.17,$20.31,$60.93,$0.07,$0.92,825.9336,,,,
400,Entregado,1/26/2024,,PEDIDO CUDY,NIKO,WR1200 ROUTER CUDY WR1200 AC1200 Wi-Fi ,784.00,$12.11,16,49,53.8,51.6,32.5,$0.090,$4.42,$36.09,"$1,768.36",$2.26,$14.37,11262.60296,,,,
400,Entregado,1/26/2024,,PEDIDO CUDY,NIKO,WR1300 ROUTER CUDY WR1300 AC1200 GIGABIT,240.00,$17.40,20,12,59,58,31.5,$0.108,$1.29,$43.12,$517.41,$2.16,$19.56,4693.4064,,,,
400,Entregado,1/26/2024,,PEDIDO CUDY,NIKO,WR1300E ROUTER CUDY WR1300E AC1200 GIGABIT,60.00,$16.30,20,3,49,31,15.7,$0.024,$0.07,$9.54,$28.62,$0.48,$16.78,1006.61796,,,,
350,Entregado,1/26/2024,,CONTENEDORES NOVIEMBRE,MASS0621,MAQUINA PARA AFEITAR PERRO,360.00,$3.14,40,9,58.5,45,34.5,$0.091,$0.82,$31.79,$286.09,$0.79,$3.93,1416.486938,,,,
400,Entregado,1/26/2024,,PEDIDO CUDY,NIKO,X6 ROUTER CUDY X6 AX1800 GIGABIT  ,40.00,$24.70,10,4,57,32.5,37,$0.069,$0.27,$27.42,$109.67,$2.74,$27.44,1097.668,,,,
400,Entregado,1/26/2024,,PEDIDO CUDY,NIKO,"WR3000 ROUTER CUDY WR3000 AX3000 GIGABIT 
",30.00,$24.70,20,1.5,49,31,47.5,$0.072,$0.11,$28.86,$43.29,$1.44,$26.14,784.2915,,,,
400,Entregado,1/26/2024,,PEDIDO CUDY,NIKO,M1300(1-Pack) DECO AC1200 GIGABIT WI-FI 6 MESH SOLUTION ,48.00,$16.55,16,3,57,56,26,$0.083,$0.25,$33.20,$99.59,$2.07,$18.62,893.9904,,,,
400,Entregado,1/26/2024,,PEDIDO CUDY,NIKO,M1300(2-Pack) DECO AC1200 GIGABIT WI-FI 6 MESH SOLUTION ,32.00,$33.15,8,4,55,54.5,35.3,$0.106,$0.42,$42.32,$169.30,$5.29,$38.44,1230.0988,,,,
350,Entregado,1/26/2024,,CONTENEDORES NOVIEMBRE,MASS0334,NEBULIZADOR PORTATIL 2 BOQUILLAS,200.00,$3.92,100,2,53,29,37,$0.057,$0.11,$19.90,$39.81,$0.20,$4.12,823.8083,,,,
350,Entregado,1/26/2024,,CONTENEDORES NOVIEMBRE,MASS1059,MARCADOR DOBLE PUNTA 36 PCS TOUCH,256.00,$1.66,32,8,51.5,34.5,36,$0.064,$0.51,$22.39,$179.10,$0.70,$2.36,604.0564,,,,
400,Entregado,1/26/2024,,PEDIDO CUDY,NIKO,M1300(3-Pack) DECO AC1200 GIGABIT WI-FI 6 MESH SOLUTION ,16.00,$50.50,4,4,58.3,43.5,26.8,$0.068,$0.27,$27.19,$108.75,$6.80,$57.30,916.745824,,,,
400,Entregado,1/26/2024,,PEDIDO CUDY,NIKO,RE1200 REPETIDOR DE SEÑAL DOBLE BANDA AC1200 ,120.00,$12.60,30,4,50.4,37.7,35.3,$0.067,$0.27,$26.83,$107.32,$0.89,$13.49,1619.316518,,,,
400,Entregado,1/26/2024,,PEDIDO CUDY,NIKO,"WU650 AC650 Wi-Fi Mini USB Adapter
",100.00,$4.20,300,0.3333333333,56,35,48,$0.094,$0.03,$37.63,$12.54,$0.13,$4.33,432.544,,,,
400,Entregado,1/26/2024,,PEDIDO CUDY,NIKO,"WU1300S AC1300 Wi-Fi USB 3.0 Adapter
",100.00,$6.10,300,0.3333333333,54,34,46,$0.084,$0.03,$33.78,$11.26,$0.11,$6.21,621.2608,,,,
400,Entregado,1/26/2024,,PEDIDO CUDY,NIKO,WU1400 AC1300 Wi-Fi High Gain USB 3.0 Adapter,50.00,$6.80,150,0.3333333333,39,36,47,$0.066,$0.02,$26.40,$8.80,$0.18,$6.98,348.7984,,,,
400,Entregado,1/26/2024,,PEDIDO CUDY,NIKO,FS105D 5-Port 10/100 Mbps Desktop Switch,80.00,$3.60,100,0.8,51.5,46,33.8,$0.080,$0.06,$32.03,$25.62,$0.32,$3.92,313.623104,,,,
400,Entregado,1/26/2024,,PEDIDO CUDY,NIKO,FS108D 8-Port 10/100 Mbps Desktop Switch,60.00,$4.20,80,0.75,62.8,44.5,27,$0.075,$0.06,$30.18,$22.64,$0.38,$4.58,274.63626,,,,
400,Entregado,1/26/2024,,PEDIDO CUDY,NIKO,FS1016D 16-Port 10/100 Mbps Desktop Switch ,30.00,$13.20,40,0.75,58,34.5,38,$0.076,$0.06,$30.42,$22.81,$0.76,$13.96,418.8114,,,,
400,Entregado,1/26/2024,,PEDIDO CUDY,NIKO,GS105D 5-Port Gigabit Desktop  Switch,80.00,$5.50,100,0.8,59.5,42,30.7,$0.077,$0.06,$30.69,$24.55,$0.31,$5.81,464.550176,,,,
400,Entregado,1/26/2024,,PEDIDO CUDY,NIKO,GS108D 8-Port Gigabit Desktop  Switch ,40.00,$9.50,50,0.8,50,36,39,$0.070,$0.06,$28.08,$22.46,$0.56,$10.06,402.464,,,,
400,Entregado,1/26/2024,,PEDIDO CUDY,NIKO,GS108 8-Port Gigabit Metal  Switch,30.00,$11.10,40,0.75,50.5,32,40,$0.065,$0.05,$25.86,$19.39,$0.65,$11.75,352.392,,,,
400,Entregado,1/26/2024,,PEDIDO CUDY,NIKO,GS1016 16-Port Gigabit Metal Switch,20.00,$31.60,10,2,50.5,43,22.5,$0.049,$0.10,$19.54,$39.09,$1.95,$33.55,671.087,,,,
400,Entregado,1/26/2024,,PEDIDO CUDY,NIKO,GS1024  24-Port Gigabit Metal Switch,15.00,$41.00,5,3,50,40.5,24,$0.049,$0.15,$19.44,$58.32,$3.89,$44.89,673.32,,,,