Codigo Articulo,cuadrante,clase_abc,nivel_servicio,stock_actual,rop,demanda_esperada_lt,ss_empirico,mu_incondicional,mu_sba,adi,cv2,n_pos,n_semanas_historia,weeks_history,cajas_a_pedir,unidades_a_pedir,cbm_total_pedido,inversion_fob_usd,costo_final,cantidad_por_caja,CBMM,estado,requiere_pedido
MASS3063,erratic,AA,0.97,0.0,42126.53795083521,11705.024999999996,30421.512950835215,,780.3349999999997,1.231,1.6373,13,16,14.857142857142858,1,1,0.05,1.0,1.0,1.0,0.05,REORDENAR,True
MASS1377,erratic,AA,0.97,116.0,630.6183865589624,374.53846153846143,256.0799250205009,,24.969230769230762,1.156,1.3193,45,142,141.28571428571428,1,10,0.0962115,94.0,9.4,10.0,0.0962115,REORDENAR,True
MASS1039,lumpy,AA,0.97,0.0,147.53942307692304,147.53942307692304,0.0,,9.835961538461536,1.857,0.6816,28,73,71.85714285714286,1,20,0.0504,156.0,7.8,20.0,0.0504,REORDENAR,True
MASS1402,lumpy,AA,0.97,5.0,83.38269230769231,83.38269230769231,0.0,,5.5588461538461535,1.576,1.0477,33,141,139.85714285714286,1,1,0.05,11.2,11.2,1.0,0.05,REORDENAR,True
MASS1324,lumpy,AA,0.97,0.0,57.282692307692315,57.282692307692315,0.0,,3.8188461538461542,1.486,0.9941,35,139,138.28571428571428,1,1,0.05,11.2,11.2,1.0,0.05,REORDENAR,True
MASS2603,erratic,AA,0.97,1290.0,2169.882564021992,1069.8288461538461,1100.053717868146,,71.32192307692307,1.0,2.3018,13,13,12.714285714285714,1,1,0.05,6.95,6.95,1.0,0.05,REORDENAR,True
MASS1820,erratic,AA,0.97,2.0,313.2465726115826,90.75721153846153,222.4893610731211,,6.050480769230769,1.13,1.6688,46,92,91.14285714285714,1,34,0.096525,278.79999999999995,8.2,34.0,0.096525,REORDENAR,True
MASS2211,erratic,AA,0.97,43.0,320.47909762305625,127.66071428571429,192.81838333734194,,8.510714285714286,1.312,1.9261,32,42,41.142857142857146,1,20,0.079002,436.0,21.8,20.0,0.079002,REORDENAR,True
MASS1904,lumpy,AA,0.97,21.0,730.9615384615385,730.9615384615385,0.0,,48.73076923076923,1.333,1.2958,39,73,71.85714285714286,1,50,0.062208,145.0,2.9,50.0,0.062208,REORDENAR,True
MASS2303,lumpy,AA,0.97,147.0,214.5,214.5,0.0,,14.3,1.55,0.5637,20,31,30.285714285714285,1,1,0.06625,9.0,9.0,1.0,0.06625,REORDENAR,True
MASS0518,erratic,AA,0.97,1.0,2862.6248408252927,1876.3701923076924,986.2546485176002,,125.09134615384616,1.083,0.9433,48,139,138.14285714285714,1,300,0.058032,258.0,0.86,300.0,0.058032,REORDENAR,True
MASS1041,lumpy,AA,0.97,2.0,34.468269230769224,34.468269230769224,0.0,,2.297884615384615,1.625,1.0757,32,142,141.28571428571428,1,8,0.103684,88.0,11.0,8.0,0.103684,REORDENAR,True
MASS1551,erratic,AA,0.97,7.0,57.559559223600175,25.98028846153846,31.579270762061714,,1.7320192307692308,1.182,1.2201,44,125,123.85714285714286,1,6,0.088452,168.0,28.0,6.0,0.088452,REORDENAR,True
MASS0040,erratic,AA,0.97,0.0,787.8980453479642,199.46249999999998,588.4355453479642,,13.297499999999998,1.3,1.8513,40,142,141.42857142857142,1,100,0.05,185.0,1.85,100.0,0.05,REORDENAR,True
MASS0942,lumpy,AA,0.97,3.0,101.31923076923073,101.31923076923073,0.0,,6.754615384615382,1.405,1.3187,37,142,141.28571428571428,1,200,0.073574325,940.0,4.7,200.0,0.073574325,REORDENAR,True
MASS1525,erratic,AA,0.97,109.0,589.9120009108539,324.375,265.53700091085386,,21.625,1.083,1.9397,48,125,123.85714285714286,1,18,0.081664,41.94,2.33,18.0,0.081664,REORDENAR,True
MASS1061,lumpy,AA,0.97,329.0,59.88461538461538,59.88461538461538,0.0,,3.992307692307692,1.677,8.263,31,142,141.42857142857142,0,0,0.0,0.0,2.48,20.0,0.063963,OK,False
MASS0137,erratic,AA,0.97,1.0,215.0110516171317,80.67980769230769,134.331243924824,,5.378653846153846,1.3,0.5402,40,142,141.42857142857142,1,30,0.1300455,90.0,3.0,30.0,0.1300455,REORDENAR,True
MASS0889,lumpy,AA,0.97,0.0,167.95384615384617,167.95384615384617,0.0,,11.196923076923078,1.576,0.6398,33,142,141.42857142857142,1,20,0.03883125,48.0,2.4,20.0,0.03883125,REORDENAR,True
MASS1655,sin_datos,AA,0.97,2.0,0.0,0.0,0.0,,0.0,inf,,0,119,117.85714285714286,0,0,0.0,0.0,7.2,36.0,0.094446,OK,False
MASS1230,erratic,AA,0.97,3.0,254.71405981446492,77.60336538461537,177.11069442984956,,5.173557692307692,1.083,1.2932,48,142,141.28571428571428,1,1,0.05,3.72,3.72,1.0,0.05,REORDENAR,True
MASS0850,intermittent,AA,0.97,554.0,283.9775431404886,283.9775431404886,0.0,,18.931836209365905,1.368,0.4491,38,141,140.28571428571428,0,0,0.0,0.0,4.5,100.0,0.058696,OK,False
MASS2304,erratic,AA,0.97,0.0,266.6422058437413,149.175,117.46720584374128,,9.945,1.154,0.939,26,30,29.285714285714285,1,1,0.06625,8.0,8.0,1.0,0.06625,REORDENAR,True
MASS0292,lumpy,AA,0.97,132.0,511.70192307692304,511.70192307692304,0.0,,34.113461538461536,1.625,1.3452,32,142,141.28571428571428,1,20,0.05,78.0,3.9,20.0,0.05,REORDENAR,True
MASS1526,lumpy,AA,0.97,1.0,53.48076923076923,53.48076923076923,0.0,,3.5653846153846156,1.333,3.7176,39,125,123.85714285714286,1,10,0.05,60.0,6.0,10.0,0.05,REORDENAR,True
MASS0902,lumpy,AA,0.97,1.0,20.86153846153846,20.86153846153846,0.0,,1.3907692307692305,1.405,1.9048,37,141,140.42857142857142,1,20,0.12672,70.0,3.5,20.0,0.12672,REORDENAR,True
MASS1410,lumpy,AA,0.97,630.0,196.61538461538458,196.61538461538458,0.0,,13.107692307692306,1.926,1.4777,27,139,138.28571428571428,0,0,0.0,0.0,2.35,14.0,0.05,OK,False
MASS2306,lumpy,AA,0.97,0.0,72.69999999999999,72.69999999999999,0.0,,4.846666666666666,2.308,0.6405,13,30,29.714285714285715,1,1,0.05,1.0,1.0,1.0,0.05,REORDENAR,True
MASS1874,lumpy,AA,0.97,3.0,90.96057692307691,90.96057692307691,0.0,,6.064038461538461,1.529,1.4578,34,71,69.85714285714286,1,20,0.107415,84.80000000000001,4.24,20.0,0.107415,REORDENAR,True
MASS1328,lumpy,AA,0.97,169.0,29.630769230769225,29.630769230769225,0.0,,1.975384615384615,2.261,0.7065,23,138,137.42857142857142,0,0,0.0,0.0,11.2,1.0,0.05,OK,False
MASS1099,lumpy,AA,0.97,0.0,30.755769230769225,30.755769230769225,0.0,,2.050384615384615,1.926,2.0072,27,142,141.28571428571428,1,50,0.082992,184.0,3.68,50.0,0.082992,REORDENAR,True
MASS1265,erratic,AA,0.97,137.0,120.49292633739122,67.6153846153846,52.87754172200663,,4.507692307692307,1.238,1.4009,42,125,123.85714285714286,0,0,0.0,0.0,10.18,5.0,0.05,OK,False
MASS1784,lumpy,AA,0.97,0.0,30.628846153846148,30.628846153846148,0.0,,2.0419230769230765,1.793,0.5898,29,98,97.14285714285714,1,10,0.183024,64.5,6.45,10.0,0.183024,REORDENAR,True
MASS1282,lumpy,AA,0.97,0.0,128.99999999999997,128.99999999999997,0.0,,8.599999999999998,5.778,1.7216,9,141,140.42857142857142,1,10,0.0504,78.0,7.8,10.0,0.0504,REORDENAR,True
MASS2033,lumpy,AA,0.97,50.0,31.485000000000003,31.485000000000003,0.0,,2.099,1.429,1.0057,35,50,48.857142857142854,0,0,0.0,0.0,22.8,1.0,0.0153,OK,False
MASS1805,lumpy,AA,0.97,0.0,9.640384615384615,9.640384615384615,0.0,,0.6426923076923077,2.364,1.6017,22,102,101.71428571428571,1,16,0.086,380.8,23.8,16.0,0.086,REORDENAR,True
MASS1009,lumpy,AA,0.97,99.0,140.71153846153845,140.71153846153845,0.0,,9.38076923076923,1.576,0.9864,33,125,123.85714285714286,1,24,0.07730625,216.0,9.0,24.0,0.07730625,REORDENAR,True
MASS1620,lumpy,AA,0.97,0.0,15.524999999999988,15.524999999999988,0.0,,1.0349999999999993,2.08,2.8547,25,125,123.85714285714286,1,16,0.11861256,136.0,8.5,16.0,0.11861256,REORDENAR,True
MASS0621,erratic,AA,0.97,0.0,196.9653023002237,64.47692307692304,132.48837922330065,,4.298461538461536,1.106,3.104,47,142,141.14285714285714,1,40,0.05,125.60000000000001,3.14,40.0,0.05,REORDENAR,True
MASS2235,lumpy,AA,0.97,137.0,115.46153846153845,115.46153846153845,0.0,,7.697435897435897,1.345,2.4841,29,39,38.714285714285715,0,0,0.0,0.0,17.0,25.0,0.0673745,OK,False
MASS1788,erratic,AA,0.97,0.0,179.03082674751334,43.52884615384615,135.50198059366718,,2.901923076923077,1.13,3.6069,46,102,101.71428571428571,1,48,0.05751,182.39999999999998,3.8,48.0,0.05751,REORDENAR,True
MASS1873,lumpy,AA,0.97,51.0,77.3653846153846,77.3653846153846,0.0,,5.157692307692306,2.364,0.9237,22,71,69.85714285714286,1,6,0.09020375,63.0,10.5,6.0,0.09020375,REORDENAR,True
MASS1918,lumpy,AA,0.97,78.0,74.88461538461537,74.88461538461537,0.0,,4.9923076923076914,1.576,0.9765,33,76,75.28571428571429,0,0,0.0,0.0,11.2,1.0,0.05,OK,False
MASS1011,lumpy,AA,0.97,123.0,128.79807692307693,128.79807692307693,0.0,,8.586538461538462,1.444,0.759,36,142,141.14285714285714,1,24,0.07730625,216.0,9.0,24.0,0.07730625,REORDENAR,True
MASS2215,intermittent,AA,0.97,0.0,236.91231273660338,236.91231273660338,0.0,,15.794154182440225,1.95,0.418,20,39,38.714285714285715,1,100,0.045,565.0,5.65,100.0,0.045,REORDENAR,True
MASS1983,lumpy,AA,0.97,56.0,971.8384615384615,971.8384615384615,0.0,,64.78923076923077,1.333,3.665,39,79,78.28571428571429,1,24,0.016025625,21.6,0.9,24.0,0.016025625,REORDENAR,True
MASS1206,lumpy,AA,0.97,0.0,29.682692307692292,29.682692307692292,0.0,,1.9788461538461528,2.08,1.4437,25,142,141.28571428571428,1,18,0.076,90.0,5.0,18.0,0.076,REORDENAR,True
MASS0634,intermittent,AA,0.97,76.0,258.1502206630847,258.1502206630847,0.0,,17.210014710872315,1.576,0.3501,33,142,141.28571428571428,1,100,0.053406,180.0,1.8,100.0,0.053406,REORDENAR,True
MASS0334,lumpy,AA,0.97,89.0,105.34615384615385,105.34615384615385,0.0,,7.023076923076924,1.333,1.8964,39,142,141.28571428571428,1,50,0.048735,177.5,3.55,50.0,0.048735,REORDENAR,True
MASS1528,lumpy,AA,0.97,0.0,89.88461538461537,89.88461538461537,0.0,,5.9923076923076914,1.576,5.9556,33,125,123.85714285714286,1,70,0.05,203.0,2.9,70.0,0.05,REORDENAR,True
MASS1322,erratic,AA,0.97,0.0,256.39673979210795,48.6576923076923,207.73904748441566,,3.243846153846153,1.106,6.3685,47,125,123.85714285714286,1,16,0.05,52.8,3.3,16.0,0.05,REORDENAR,True
MASS1657,lumpy,AA,0.97,385.0,174.00000000000003,174.00000000000003,0.0,,11.600000000000001,1.529,0.9265,34,119,117.85714285714286,0,0,0.0,0.0,3.6,100.0,0.12824375,OK,False
MASS0274,lumpy,AA,0.97,20.0,83.71153846153845,83.71153846153845,0.0,,5.5807692307692305,1.793,2.8247,29,139,138.14285714285714,1,100,0.06956,80.0,0.8,100.0,0.06956,REORDENAR,True
MASS0422,lumpy,AA,0.97,0.0,90.0,90.0,0.0,,6.0,1.333,1.9042,39,142,141.14285714285714,1,100,0.067424,140.0,1.4,100.0,0.067424,REORDENAR,True
MASS1787,lumpy,AA,0.97,8.0,74.74038461538461,74.74038461538461,0.0,,4.982692307692307,2.889,0.5053,18,98,97.14285714285714,1,40,0.099572,346.0,8.65,40.0,0.099572,REORDENAR,True
MASS1801,lumpy,AA,0.97,1.0,61.93269230769231,61.93269230769231,0.0,,4.128846153846154,1.444,2.4259,36,102,101.71428571428571,1,100,0.056448,545.0,5.45,100.0,0.056448,REORDENAR,True
MASS1315,lumpy,AA,0.97,9.0,89.79807692307693,89.79807692307693,0.0,,5.986538461538462,2.476,1.5136,21,142,141.14285714285714,1,100,0.05088,250.0,2.5,100.0,0.05088,REORDENAR,True
MASS0167,lumpy,AA,0.97,137.0,37.61538461538461,37.61538461538461,0.0,,2.5076923076923077,1.926,4.7988,27,142,141.28571428571428,0,0,0.0,0.0,6.5,1.0,0.05,OK,False
MASS1806,lumpy,AA,0.97,0.0,84.8826923076923,84.8826923076923,0.0,,5.658846153846153,1.926,0.7673,27,102,101.71428571428571,1,50,0.08598735,340.0,6.8,50.0,0.08598735,REORDENAR,True
MASS1777,lumpy,AA,0.97,539.0,174.375,174.375,0.0,,11.625,2.364,1.1911,22,115,114.57142857142857,0,0,0.0,0.0,2.35,1.0,0.05,OK,False
MASS1818,lumpy,AA,0.97,0.0,28.596634615384612,28.596634615384612,0.0,,1.9064423076923076,3.714,2.7401,14,92,91.14285714285714,1,50,0.03729,162.5,3.25,50.0,0.03729,REORDENAR,True
MASS0927,erratic,AA,0.97,0.0,2338.9050919393662,706.5934615384615,1632.3116304009047,,47.10623076923076,1.13,1.5459,46,141,140.42857142857142,1,60,0.027225,69.6,1.16,60.0,0.027225,REORDENAR,True
MASS0066,lumpy,AA,0.97,0.0,136.29807692307693,136.29807692307693,0.0,,9.086538461538462,1.444,1.9489,36,142,141.14285714285714,1,10,0.047138,23.5,2.35,10.0,0.047138,REORDENAR,True
MASS0943,lumpy,AA,0.97,220.0,93.86538461538461,93.86538461538461,0.0,,6.257692307692308,1.793,1.0729,29,142,141.28571428571428,0,0,0.0,0.0,5.9,12.0,0.05,OK,False
MASS2328,lumpy,AA,0.97,0.0,20.999999999999996,20.999999999999996,0.0,,1.3999999999999997,2.308,1.1074,13,30,29.571428571428573,1,1,0.0960687,62.0,62.0,1.0,0.0960687,REORDENAR,True
MASS1517,lumpy,AA,0.97,0.0,36.980769230769226,36.980769230769226,0.0,,2.465384615384615,1.733,1.6141,30,125,123.85714285714286,1,20,0.05,237.0,11.85,20.0,0.05,REORDENAR,True
MASS2123,lumpy,AA,0.97,93.0,99.90882352941176,99.90882352941176,0.0,,6.660588235294117,2.684,1.2023,19,51,50.285714285714285,1,1,0.0089304,11.5,11.5,1.0,0.0089304,REORDENAR,True
MASS2307,lumpy,AA,0.97,33.0,42.949999999999996,42.949999999999996,0.0,,2.863333333333333,1.667,1.4993,18,30,29.285714285714285,1,1,0.1381875,25.0,25.0,1.0,0.1381875,REORDENAR,True
MASS2080,lumpy,AA,0.97,0.0,57.642857142857146,57.642857142857146,0.0,,3.842857142857143,1.448,1.2248,29,42,41.142857142857146,1,100,0.04185,1065.0,10.65,100.0,0.04185,REORDENAR,True
MASS1283,smooth,AA,0.97,0.0,51.695399860450976,21.28846153846154,30.406938321989436,,1.4192307692307693,1.268,0.3855,41,142,141.42857142857142,1,24,0.1247085,66.0,2.75,24.0,0.1247085,REORDENAR,True
MASS1823,lumpy,AA,0.97,0.0,35.20384615384615,35.20384615384615,0.0,,2.3469230769230767,1.486,3.0693,35,92,91.14285714285714,1,100,0.0768,1000.0,10.0,100.0,0.0768,REORDENAR,True
MASS2651,smooth,AA,0.97,21.0,1007.4081052456137,830.7843749999998,176.6237302456138,,55.38562499999999,1.0,0.1703,8,8,7.714285714285714,1,1,0.05,1.0,1.0,1.0,0.05,REORDENAR,True
MASS1408,lumpy,AA,0.97,209.0,186.83653846153848,186.83653846153848,0.0,,12.455769230769231,2.364,1.8651,22,137,136.28571428571428,0,0,0.0,0.0,2.35,14.0,0.05,OK,False
MASS1979,lumpy,AA,0.97,0.0,45.951923076923066,45.951923076923066,0.0,,3.063461538461538,1.857,2.6088,28,73,71.85714285714286,1,40,0.06,230.0,5.75,40.0,0.06,REORDENAR,True
MASS2068,lumpy,AA,0.97,0.0,52.18199999999999,52.18199999999999,0.0,,3.4787999999999992,3.846,1.7012,13,50,48.857142857142854,1,1,0.00299,5.65,5.65,1.0,0.00299,REORDENAR,True
MASS0013,lumpy,AA,0.97,0.0,4.465384615384615,4.465384615384615,0.0,,0.29769230769230764,7.429,1.0478,7,128,127.14285714285714,1,1,0.05,1.0,1.0,1.0,0.05,REORDENAR,True
MASS2213,lumpy,AA,0.97,30.0,45.230769230769226,45.230769230769226,0.0,,3.0153846153846153,2.6,1.4377,15,39,38.714285714285715,1,1,0.027648,12.0,12.0,1.0,0.027648,REORDENAR,True
MASS2582,intermittent,AA,0.97,2.0,21.423231902398157,21.423231902398157,0.0,,1.428215460159877,1.417,0.3708,12,17,16.714285714285715,1,1,0.02016,20.85,20.85,1.0,0.02016,REORDENAR,True
MASS0752,erratic,AA,0.97,0.0,383.6150409089446,91.04999999999998,292.5650409089446,,6.0699999999999985,1.3,2.1176,40,142,141.14285714285714,1,100,0.038313,160.0,1.6,100.0,0.038313,REORDENAR,True
MASS1917,lumpy,AA,0.97,248.0,38.79807692307693,38.79807692307693,0.0,,2.5865384615384617,2.364,1.3441,22,76,75.28571428571429,0,0,0.0,0.0,11.2,1.0,0.05,OK,False
MASS0918,lumpy,AA,0.97,94.0,120.8076923076923,120.8076923076923,0.0,,8.053846153846154,1.368,0.8512,38,142,141.14285714285714,1,60,0.136458,168.0,2.8,60.0,0.136458,REORDENAR,True
MASS1522,lumpy,AA,0.97,0.0,29.319230769230742,29.319230769230742,0.0,,1.9546153846153829,1.793,3.5424,29,125,123.85714285714286,1,1,0.001,3.2,3.2,1.0,0.001,REORDENAR,True
MASS1899,lumpy,AA,0.97,0.0,16.903846153846153,16.903846153846153,0.0,,1.126923076923077,1.793,2.1692,29,76,75.28571428571429,1,1,0.0429,10.2,10.2,1.0,0.0429,REORDENAR,True
MASS1858,intermittent,AA,0.97,0.0,0.4623626373626374,0.4623626373626374,0.0,,0.030824175824175827,17.333,0.4286,3,88,87.57142857142857,1,1,0.05,1.0,1.0,1.0,0.05,REORDENAR,True
MASS1836,lumpy,AA,0.97,82.0,149.53846153846155,149.53846153846155,0.0,,9.96923076923077,1.677,0.7955,31,97,96.57142857142857,1,10,0.17496,50.0,5.0,10.0,0.17496,REORDENAR,True
MASS1545,erratic,AA,0.97,1.0,84.82610995589341,16.113461538461532,68.71264841743188,,1.0742307692307689,1.3,2.7911,40,125,123.85714285714286,1,16,0.11861256,136.0,8.5,16.0,0.11861256,REORDENAR,True
MASS0290,lumpy,AA,0.97,47.0,105.8653846153846,105.8653846153846,0.0,,7.057692307692307,1.793,1.1859,29,142,141.28571428571428,1,20,0.05,78.0,3.9,20.0,0.05,REORDENAR,True
MASS1976,lumpy,AA,0.97,131.0,114.57692307692305,114.57692307692305,0.0,,7.638461538461537,2.08,0.7865,25,73,71.85714285714286,0,0,0.0,0.0,4.8,40.0,0.0819975,OK,False
MASS2308,erratic,AA,0.97,33.0,130.35238924139685,87.09677419354838,43.25561504784846,,5.806451612903226,1.148,0.6656,27,31,30.285714285714285,1,1,0.06625,9.0,9.0,1.0,0.06625,REORDENAR,True
MASS1214,intermittent,AA,0.97,0.0,21.36856714776168,21.36856714776168,0.0,,1.424571143184112,3.714,0.4898,14,142,141.28571428571428,1,50,0.05,310.0,6.2,50.0,0.05,REORDENAR,True
MASS2699,lumpy,AA,0.97,0.0,0.0,0.0,0.0,,0.0,1.667,1.566,6,10,9.142857142857142,1,1,0.05,1.0,1.0,1.0,0.05,REORDENAR,True
MASS1885,lumpy,AA,0.97,124.0,50.140384615384605,50.140384615384605,0.0,,3.342692307692307,1.625,2.9315,32,71,69.85714285714286,0,0,0.0,0.0,10.0,50.0,0.1090125,OK,False
MASS2126,lumpy,AA,0.97,345.0,79.43382352941175,79.43382352941175,0.0,,5.295588235294117,2.429,1.2686,21,51,50.285714285714285,0,0,0.0,0.0,11.5,1.0,0.0089304,OK,False
MASS0825,lumpy,AA,0.97,258.0,137.97115384615384,137.97115384615384,0.0,,9.198076923076922,2.167,0.7125,24,142,141.28571428571428,0,0,0.0,0.0,3.27,60.0,0.07191,OK,False
MASS1335,lumpy,AA,0.97,0.0,26.04807692307692,26.04807692307692,0.0,,1.7365384615384614,1.857,2.2269,28,141,140.42857142857142,1,12,0.079632,64.80000000000001,5.4,12.0,0.079632,REORDENAR,True
MASS1905,erratic,AA,0.97,0.0,91.13742739099318,27.6201923076923,63.51723508330088,,1.8413461538461533,1.3,1.5428,40,71,69.85714285714286,1,12,0.1021875,90.0,7.5,12.0,0.1021875,REORDENAR,True
MASS1407,lumpy,AA,0.97,433.0,79.97307692307692,79.97307692307692,0.0,,5.331538461538461,2.737,1.7808,19,134,133.57142857142858,0,0,0.0,0.0,2.35,1.0,0.05,OK,False
MASS0607,lumpy,AA,0.97,204.0,71.14903846153845,71.14903846153845,0.0,,4.74326923076923,2.889,0.6139,18,141,140.28571428571428,0,0,0.0,0.0,9.5,96.0,0.0546,OK,False
MASS1058,erratic,AA,0.97,91.0,207.3370902179345,121.66298076923076,85.67410944870375,,8.110865384615384,1.04,1.2868,50,142,141.28571428571428,1,50,0.063963,59.0,1.18,50.0,0.063963,REORDENAR,True
MASS0615,lumpy,AA,0.97,0.0,190.8173076923077,190.8173076923077,0.0,,12.721153846153847,2.0,0.512,26,115,114.42857142857143,1,100,0.03564,260.0,2.6,100.0,0.03564,REORDENAR,True
MASS1736,lumpy,AA,0.97,45.0,4.551923076923076,4.551923076923076,0.0,,0.30346153846153845,10.4,1.309,5,116,115.28571428571429,0,0,0.0,0.0,11.2,1.0,0.013794,OK,False
MASS0288,lumpy,AA,0.97,188.0,110.82692307692305,110.82692307692305,0.0,,7.388461538461537,1.926,2.696,27,142,141.14285714285714,0,0,0.0,0.0,2.32,60.0,0.12569825,OK,False
MASS0834,sin_datos,AA,0.97,0.0,0.08653846153846154,0.08653846153846154,0.0,,0.0057692307692307696,52.0,,1,142,141.28571428571428,1,1,0.05,1.0,1.0,1.0,0.05,REORDENAR,True
MASS1906,lumpy,AA,0.97,478.0,198.75,198.75,0.0,,13.25,1.677,1.2884,31,71,69.85714285714286,0,0,0.0,0.0,4.4,40.0,0.0575535,OK,False
MASS0283,erratic,AA,0.97,0.0,151.49466749125378,35.140384615384605,116.35428287586917,,2.3426923076923067,1.156,1.8975,45,142,141.14285714285714,1,40,0.05,104.0,2.6,40.0,0.05,REORDENAR,True
MASS1409,lumpy,AA,0.97,0.0,32.88461538461538,32.88461538461538,0.0,,2.192307692307692,4.0,1.2328,13,137,136.28571428571428,1,14,0.115855,32.9,2.35,14.0,0.115855,REORDENAR,True
MASS2233,lumpy,AA,0.97,158.0,73.3076923076923,73.3076923076923,0.0,,4.887179487179487,2.294,0.6945,17,39,38.714285714285715,0,0,0.0,0.0,15.25,30.0,0.1298,OK,False
MASS1743,lumpy,AA,0.97,737.0,63.06346153846153,63.06346153846153,0.0,,4.204230769230769,3.467,1.5093,15,115,114.57142857142857,0,0,0.0,0.0,2.35,14.0,0.05,OK,False
MASS1786,lumpy,AA,0.97,2.0,17.93076923076923,17.93076923076923,0.0,,1.1953846153846153,1.793,1.8895,29,98,97.14285714285714,1,100,0.55,200.0,2.0,100.0,0.55,REORDENAR,True
MASS1778,lumpy,AA,0.97,93.0,152.6826923076923,152.6826923076923,0.0,,10.178846153846154,2.364,1.0215,22,115,114.57142857142857,1,14,0.05,32.9,2.35,14.0,0.05,REORDENAR,True
MASS2294,erratic,AA,0.97,2.0,234.82440741545656,84.57631578947368,150.24809162598288,,5.638421052631578,1.31,0.6113,29,38,37.714285714285715,1,1,0.05,1.0,1.0,1.0,0.05,REORDENAR,True
MASS2020,lumpy,AA,0.97,0.0,24.066,24.066,0.0,,1.6043999999999998,1.515,0.9497,33,50,48.857142857142854,1,40,0.13420125,354.0,8.85,40.0,0.13420125,REORDENAR,True
MASS0616,lumpy,AA,0.97,53.0,166.78846153846152,166.78846153846152,0.0,,11.119230769230768,1.733,1.0588,30,115,114.42857142857143,1,1,0.05,1.0,1.0,1.0,0.05,REORDENAR,True
MASS1347,lumpy,AA,0.97,230.0,49.50000000000001,49.50000000000001,0.0,,3.3000000000000003,2.08,3.2611,25,142,141.14285714285714,0,0,0.0,0.0,2.35,24.0,0.05,OK,False
MASS0409,lumpy,AA,0.97,3.0,9.565384615384614,9.565384615384614,0.0,,0.6376923076923077,3.059,0.6912,17,102,101.71428571428571,1,30,0.086625,126.0,4.2,30.0,0.086625,REORDENAR,True
MASS1378,lumpy,AA,0.97,94.0,78.17307692307692,78.17307692307692,0.0,,5.211538461538462,2.0,0.9634,26,142,141.28571428571428,0,0,0.0,0.0,5.1,60.0,0.070296,OK,False
MASS1064,lumpy,AA,0.97,0.0,21.807692307692307,21.807692307692307,0.0,,1.4538461538461538,1.625,2.1208,32,133,132.71428571428572,1,100,0.310464,265.0,2.65,100.0,0.310464,REORDENAR,True
MASS1060,lumpy,AA,0.97,0.0,16.211538461538463,16.211538461538463,0.0,,1.080769230769231,1.333,2.6699,39,142,141.28571428571428,1,25,0.063963,52.0,2.08,25.0,0.063963,REORDENAR,True
MASS2305,intermittent,AA,0.97,0.0,27.966075439453125,27.966075439453125,0.0,,1.864405029296875,2.308,0.1613,13,30,29.285714285714285,1,1,0.12544,26.0,26.0,1.0,0.12544,REORDENAR,True
MASS2016,intermittent,AA,0.97,2.0,0.7516666666666667,0.7516666666666667,0.0,,0.05011111111111111,7.143,0.144,7,50,48.857142857142854,0,0,0.0,0.0,280.0,1.0,0.245385,OK,False
MASS1819,intermittent,AA,0.97,3.0,11.472200281850416,11.472200281850416,0.0,,0.7648133521233611,3.059,0.4849,17,92,91.14285714285714,1,100,0.073765125,475.0,4.75,100.0,0.073765125,REORDENAR,True
MASS0291,lumpy,AA,0.97,41.0,104.27884615384615,104.27884615384615,0.0,,6.951923076923077,2.167,1.1438,24,142,141.28571428571428,1,20,0.05,78.0,3.9,20.0,0.05,REORDENAR,True
MASS2652,erratic,AA,0.97,442.0,1138.286345238449,794.3249999999998,343.96134523844927,,52.95499999999999,1.0,0.5177,8,8,7.571428571428571,1,30,0.09588,145.5,4.85,30.0,0.09588,REORDENAR,True
MASS1989,lumpy,AA,0.97,111.0,20.134615384615387,20.134615384615387,0.0,,1.3423076923076924,3.25,1.1973,16,70,68.85714285714286,0,0,0.0,0.0,11.2,1.0,0.0139392,OK,False
MASS1418,lumpy,AA,0.97,0.0,96.54230769230767,96.54230769230767,0.0,,6.436153846153845,1.529,0.812,34,138,136.85714285714286,1,100,0.05,39.0,0.39,100.0,0.05,REORDENAR,True
MASS2059,lumpy,AA,0.97,382.0,147.42,147.42,0.0,,9.828,2.273,0.9668,22,50,48.857142857142854,0,0,0.0,0.0,4.6,50.0,0.048544,OK,False
MASS1663,lumpy,AA,0.97,0.0,39.12403846153846,39.12403846153846,0.0,,2.608269230769231,1.857,2.0693,28,119,117.85714285714286,1,40,0.11544,38.0,0.95,40.0,0.11544,REORDENAR,True
MASS0733,erratic,AA,0.97,1.0,371.70840138671934,167.68557692307692,204.02282446364242,,11.179038461538461,1.083,1.6836,48,141,140.28571428571428,1,250,0.056628,400.0,1.6,250.0,0.056628,REORDENAR,True
MASS1837,lumpy,AA,0.97,268.0,49.67307692307691,49.67307692307691,0.0,,3.311538461538461,2.08,0.8786,25,97,96.57142857142857,0,0,0.0,0.0,5.0,10.0,0.17496,OK,False
MASS2129,lumpy,AA,0.97,144.0,96.78088235294116,96.78088235294116,0.0,,6.452058823529411,1.889,1.7424,27,51,50.285714285714285,0,0,0.0,0.0,4.5,10.0,0.117242,OK,False
MASS1896,lumpy,AA,0.97,0.0,14.770673076923078,14.770673076923078,0.0,,0.9847115384615386,2.6,1.9147,20,71,69.85714285714286,1,10,0.144666,48.5,4.85,10.0,0.144666,REORDENAR,True
MASS2138,lumpy,AA,0.97,13.0,197.38235294117646,197.38235294117646,0.0,,13.158823529411764,1.645,1.0323,31,51,50.42857142857143,1,1,0.006,3.7,3.7,1.0,0.006,REORDENAR,True
MASS1266,lumpy,AA,0.97,263.0,68.22115384615385,68.22115384615385,0.0,,4.548076923076923,2.0,0.8191,26,127,126.14285714285714,0,0,0.0,0.0,10.5,20.0,0.06864,OK,False
MASS1264,erratic,AA,0.97,178.0,71.97777142633139,32.01923076923077,39.95854065710062,,2.1346153846153846,1.268,3.0272,41,125,123.85714285714286,0,0,0.0,0.0,6.8,5.0,0.019292,OK,False
MASS1794,lumpy,AA,0.97,0.0,27.830769230769224,27.830769230769224,0.0,,1.855384615384615,1.733,2.4722,30,102,101.71428571428571,1,20,0.06466,61.0,3.05,20.0,0.06466,REORDENAR,True
MASS1071,lumpy,AA,0.97,159.0,137.36538461538458,137.36538461538458,0.0,,9.157692307692306,1.576,1.3646,33,142,141.14285714285714,0,0,0.0,0.0,3.55,100.0,0.101088,OK,False
MASS1841,lumpy,AA,0.97,237.0,54.14278846153846,54.14278846153846,0.0,,3.6095192307692305,2.6,1.2539,20,97,96.57142857142857,0,0,0.0,0.0,5.0,10.0,0.17496,OK,False
MASS2477,lumpy,AA,0.97,0.0,337.55999999999983,337.55999999999983,0.0,,22.503999999999987,1.667,3.5713,15,25,23.857142857142858,1,16,0.05,60.8,3.8,16.0,0.05,REORDENAR,True
MASS0992,intermittent,AA,0.97,0.0,0.6814903846153846,0.6814903846153846,0.0,,0.045432692307692306,10.4,0.3125,5,142,141.14285714285714,1,20,0.05,98.0,4.9,20.0,0.05,REORDENAR,True
MASS1014,lumpy,A,0.95,242.0,82.78846153846153,82.78846153846153,0.0,,5.519230769230769,1.444,1.5251,36,140,139.28571428571428,0,0,0.0,0.0,2.95,40.0,0.07191,OK,False
MASS1907,lumpy,A,0.95,0.0,56.128846153846155,56.128846153846155,0.0,,3.741923076923077,1.333,1.4895,39,71,69.85714285714286,1,60,0.06318,174.0,2.9,60.0,0.06318,REORDENAR,True
MASS1379,lumpy,A,0.95,260.0,127.26923076923077,127.26923076923077,0.0,,8.484615384615385,1.333,0.9715,39,142,141.28571428571428,0,0,0.0,0.0,2.45,120.0,0.083968,OK,False
MASS0058,lumpy,A,0.95,0.0,42.42980769230768,42.42980769230768,0.0,,2.8286538461538457,1.368,1.8674,38,142,141.28571428571428,1,30,0.12992,60.0,2.0,30.0,0.12992,REORDENAR,True
MASS1671,lumpy,A,0.95,0.0,35.5326923076923,35.5326923076923,0.0,,2.368846153846153,2.889,0.7101,18,119,117.85714285714286,1,100,0.039375,220.00000000000003,2.2,100.0,0.039375,REORDENAR,True
MASS2113,lumpy,A,0.95,6.0,22.532142857142855,22.532142857142855,0.0,,1.502142857142857,2.1,2.754,20,42,41.142857142857146,1,50,0.04557,750.0,15.0,50.0,0.04557,REORDENAR,True
MASS1900,lumpy,A,0.95,0.0,25.776923076923076,25.776923076923076,0.0,,1.7184615384615385,1.857,0.8617,28,71,69.85714285714286,1,40,0.15128,320.0,8.0,40.0,0.15128,REORDENAR,True
MASS2056,lumpy,A,0.95,267.0,181.01999999999998,181.01999999999998,0.0,,12.067999999999998,2.0,0.6853,25,50,48.857142857142854,0,0,0.0,0.0,2.2,1.0,0.00225,OK,False
MASS1417,lumpy,A,0.95,8.0,100.17692307692307,100.17692307692307,0.0,,6.678461538461538,1.926,0.9908,27,138,137.42857142857142,1,100,0.05,39.0,0.39,100.0,0.05,REORDENAR,True
MASS0818,sin_datos,A,0.95,1.0,0.08653846153846154,0.08653846153846154,0.0,,0.0057692307692307696,52.0,,1,142,141.14285714285714,0,0,0.0,0.0,3.62,100.0,0.045325,OK,False
MASS1875,lumpy,A,0.95,61.0,63.432692307692314,63.432692307692314,0.0,,4.228846153846154,1.625,1.2501,32,71,69.85714285714286,1,6,0.03828,38.400000000000006,6.4,6.0,0.03828,REORDENAR,True
MASS1842,lumpy,A,0.95,64.0,89.95961538461539,89.95961538461539,0.0,,5.997307692307692,2.737,1.5906,19,97,96.57142857142857,1,10,0.17496,50.0,5.0,10.0,0.17496,REORDENAR,True
MASS0704,lumpy,A,0.95,2.0,5.85,5.85,0.0,,0.38999999999999996,1.926,1.6953,27,141,140.28571428571428,1,12,0.1254,168.0,14.0,12.0,0.1254,REORDENAR,True
MASS1785,lumpy,A,0.95,0.0,9.861057692307694,9.861057692307694,0.0,,0.6574038461538463,2.6,1.3276,20,102,101.71428571428571,1,10,0.070528,49.5,4.95,10.0,0.070528,REORDENAR,True
MASS1835,lumpy,A,0.95,36.0,54.233653846153835,54.233653846153835,0.0,,3.6155769230769224,2.364,2.5074,22,97,96.57142857142857,1,14,0.115855,32.9,2.35,14.0,0.115855,REORDENAR,True
MASS0722,erratic,A,0.95,0.0,1975.5701245560717,1255.9658653846152,719.6042591714565,,83.73105769230769,1.0,0.9467,52,91,89.85714285714286,1,1,0.05,1.0,1.0,1.0,0.05,REORDENAR,True
MASS2137,lumpy,A,0.95,70.0,165.3926470588235,165.3926470588235,0.0,,11.026176470588235,1.594,1.1679,32,51,50.42857142857143,1,1,0.006,3.7,3.7,1.0,0.006,REORDENAR,True
MASS1059,intermittent,A,0.95,0.0,0.25961538461538464,0.25961538461538464,0.0,,0.01730769230769231,17.333,0.0,3,142,141.28571428571428,1,32,0.063963,53.12,1.66,32.0,0.063963,REORDENAR,True
MASS2214,lumpy,A,0.95,0.0,17.953846153846154,17.953846153846154,0.0,,1.196923076923077,1.773,1.6159,22,39,38.714285714285715,1,10,0.143104,72.8,7.28,10.0,0.143104,REORDENAR,True
MASS2139,lumpy,A,0.95,329.0,135.30882352941174,135.30882352941174,0.0,,9.020588235294117,1.645,1.427,31,51,50.42857142857143,0,0,0.0,0.0,3.7,1.0,0.006,OK,False
MASS1800,lumpy,A,0.95,1.0,44.511057692307695,44.511057692307695,0.0,,2.967403846153846,2.889,2.3154,18,102,101.71428571428571,1,100,0.054912,395.0,3.95,100.0,0.054912,REORDENAR,True
MASS2134,lumpy,A,0.95,679.0,107.91617647058823,107.91617647058823,0.0,,7.194411764705881,1.545,1.8115,33,51,50.42857142857143,0,0,0.0,0.0,11.4,40.0,0.023896,OK,False
MASS1301,erratic,A,0.95,358.0,184.16580924604494,92.3076923076923,91.85811693835265,,6.153846153846154,1.268,2.527,41,125,123.85714285714286,0,0,0.0,0.0,2.55,1.0,0.05,OK,False
MASS0061,lumpy,A,0.95,83.0,56.45192307692307,56.45192307692307,0.0,,3.7634615384615384,1.529,2.0101,34,142,141.28571428571428,0,0,0.0,0.0,2.45,20.0,0.141024,OK,False
MASS0759,lumpy,A,0.95,2.0,17.525480769230768,17.525480769230768,0.0,,1.1683653846153845,2.889,1.0588,18,135,134.57142857142858,1,20,0.06765,270.0,13.5,20.0,0.06765,REORDENAR,True
MASS2293,lumpy,A,0.95,22.0,154.71923076923073,154.71923076923073,0.0,,10.314615384615383,1.773,3.2419,22,39,38.142857142857146,1,100,0.046563,450.0,4.5,100.0,0.046563,REORDENAR,True
MASS1083,lumpy,A,0.95,497.0,202.52884615384616,202.52884615384616,0.0,,13.501923076923077,1.733,1.0866,30,137,136.57142857142858,0,0,0.0,0.0,1.2,1.0,0.001,OK,False
MASS0701,erratic,A,0.95,261.0,552.1260407383934,334.3846153846154,217.74142535377797,,22.292307692307695,1.182,1.4372,44,135,134.71428571428572,1,156,0.13398,106.08000000000001,0.68,156.0,0.13398,REORDENAR,True
MASS1291,intermittent,A,0.95,1.0,48.27252831751101,48.27252831751101,0.0,,3.218168554500734,3.25,0.2924,16,142,141.28571428571428,1,20,0.106848,36.0,1.8,20.0,0.106848,REORDENAR,True
MASS0497,erratic,A,0.95,214.0,136.54518297305063,92.01923076923077,44.525952203819855,,6.134615384615385,1.268,0.7993,41,141,140.28571428571428,0,0,0.0,0.0,3.2,50.0,0.08064,OK,False
MASS1897,lumpy,A,0.95,0.0,5.503846153846153,5.503846153846153,0.0,,0.36692307692307685,2.261,1.5606,23,71,69.85714285714286,1,6,0.136422,84.0,14.0,6.0,0.136422,REORDENAR,True
MASS2035,lumpy,A,0.95,0.0,64.65899999999999,64.65899999999999,0.0,,4.310599999999999,1.429,1.9616,35,50,48.857142857142854,1,1,0.05,1.0,1.0,1.0,0.05,REORDENAR,True
MASS1449,lumpy,A,0.95,2.0,8.39423076923077,8.39423076923077,0.0,,0.5596153846153846,2.476,0.9804,21,127,125.85714285714286,1,20,0.05,190.0,9.5,20.0,0.05,REORDENAR,True
MASS1648,erratic,A,0.95,16.0,161.71654070064068,89.00480769230768,72.71173300833298,,5.933653846153845,1.083,2.2877,48,119,117.85714285714286,1,30,0.088236,55.5,1.85,30.0,0.088236,REORDENAR,True
MASS1336,sin_datos,A,0.95,0.0,0.0,0.0,0.0,,0.0,inf,,0,116,115.28571428571429,1,20,0.043512,156.0,7.8,20.0,0.043512,REORDENAR,True
MASS1815,lumpy,A,0.95,0.0,1.2548076923076923,1.2548076923076923,0.0,,0.08365384615384615,17.333,0.7148,3,92,91.14285714285714,1,100,0.0441,270.0,2.7,100.0,0.0441,REORDENAR,True
MASS1602,lumpy,A,0.95,0.0,11.371153846153844,11.371153846153844,0.0,,0.7580769230769229,1.793,2.3391,29,125,123.85714285714286,1,1,0.05,4.5,4.5,1.0,0.05,REORDENAR,True
MASS0438,intermittent,A,0.95,0.0,1.2259615384615383,1.2259615384615383,0.0,,0.08173076923076922,10.4,0.1111,5,142,141.28571428571428,1,100,0.047089,240.0,2.4,100.0,0.047089,REORDENAR,True
MASS1881,lumpy,A,0.95,0.0,13.015384615384614,13.015384615384614,0.0,,0.8676923076923075,2.167,1.6554,24,71,69.85714285714286,1,20,0.1599,140.0,7.0,20.0,0.1599,REORDENAR,True
MASS0993,lumpy,A,0.95,1.0,13.084615384615383,13.084615384615383,0.0,,0.8723076923076922,2.261,2.189,23,139,138.14285714285714,1,100,0.06122025,195.0,1.95,100.0,0.06122025,REORDENAR,True
MASS1638,erratic,A,0.95,0.0,128.64048089959,44.86153846153846,83.77894243805154,,2.9907692307692306,1.3,0.8889,40,119,117.85714285714286,1,180,0.379962,54.0,0.3,180.0,0.379962,REORDENAR,True
MASS0823,erratic,A,0.95,120.0,129.61640571605759,88.4134615384615,41.20294417759608,,5.894230769230767,1.106,0.896,47,142,141.42857142857142,1,1,0.05,1.5,1.5,1.0,0.05,REORDENAR,True
MASS1362,intermittent,A,0.95,0.0,1.9284346153846155,1.9284346153846155,0.0,,0.1285623076923077,3.25,0.1621,16,141,139.85714285714286,1,1,0.06177675,19.5,19.5,1.0,0.06177675,REORDENAR,True
MASS1276,sin_datos,A,0.95,0.0,0.0,0.0,0.0,,0.0,inf,,0,125,123.85714285714286,1,7,0.13846,199.5,28.5,7.0,0.13846,REORDENAR,True
MASS0519,lumpy,A,0.95,0.0,51.88846153846154,51.88846153846154,0.0,,3.4592307692307696,1.368,0.6514,38,141,140.28571428571428,1,40,0.058968,68.0,1.7,40.0,0.058968,REORDENAR,True
MASS0200,lumpy,A,0.95,237.0,176.6826923076923,176.6826923076923,0.0,,11.778846153846153,2.0,1.362,26,142,141.28571428571428,0,0,0.0,0.0,1.32,50.0,0.058696,OK,False
MASS1745,erratic,A,0.95,4.0,321.0439847754946,222.6923076923077,98.35167708318691,,14.846153846153847,1.3,0.5615,40,116,115.28571428571429,1,1,0.05,1.8,1.8,1.0,0.05,REORDENAR,True
MASS2034,lumpy,A,0.95,0.0,5.67,5.67,0.0,,0.378,2.083,0.6804,24,50,48.857142857142854,1,1,0.019035,27.0,27.0,1.0,0.019035,REORDENAR,True
MASS1343,erratic,A,0.95,3.0,115.6403646574482,57.56249999999999,58.07786465744822,,3.8374999999999995,1.209,1.2547,43,142,141.28571428571428,1,100,0.101088,244.0,2.44,100.0,0.101088,REORDENAR,True
MASS1982,lumpy,A,0.95,11.0,12.576923076923075,12.576923076923075,0.0,,0.8384615384615384,2.261,1.1478,23,73,71.85714285714286,1,10,0.044064,320.0,32.0,10.0,0.044064,REORDENAR,True
MASS1993,lumpy,A,0.95,282.0,91.13076923076923,91.13076923076923,0.0,,6.075384615384616,1.333,5.9319,39,73,71.85714285714286,0,0,0.0,0.0,1.0,1.0,0.05,OK,False
MASS2150,lumpy,A,0.95,0.0,12.673469387755102,12.673469387755102,0.0,,0.8448979591836735,2.042,0.5495,24,49,48.714285714285715,1,10,0.183024,64.5,6.45,10.0,0.183024,REORDENAR,True
MASS0025,lumpy,A,0.95,1.0,10.64855769230769,10.64855769230769,0.0,,0.709903846153846,2.889,0.9853,18,141,140.28571428571428,1,30,0.045,99.0,3.3,30.0,0.045,REORDENAR,True
MASS1746,erratic,A,0.95,89.0,258.4667520155691,171.3980769230769,87.06867509249221,,11.42653846153846,1.156,0.6965,45,116,115.28571428571429,1,1,0.05,1.8,1.8,1.0,0.05,REORDENAR,True
MASS0289,lumpy,A,0.95,37.0,99.11538461538463,99.11538461538463,0.0,,6.607692307692308,2.08,0.9268,25,142,141.28571428571428,1,20,0.05,78.0,3.9,20.0,0.05,REORDENAR,True
MASS2456,erratic,A,0.95,15.0,99.68431044121385,54.0,45.68431044121385,,3.6,1.19,2.0016,21,25,23.857142857142858,1,20,0.0882,310.0,15.5,20.0,0.0882,REORDENAR,True
MASS1351,lumpy,A,0.95,39.0,32.13461538461538,32.13461538461538,0.0,,2.142307692307692,3.059,1.481,17,142,141.28571428571428,0,0,0.0,0.0,5.0,30.0,0.11973432,OK,False
MASS1656,lumpy,A,0.95,361.0,94.61538461538461,94.61538461538461,0.0,,6.3076923076923075,1.857,1.6123,28,119,118.14285714285714,0,0,0.0,0.0,3.5,60.0,0.05,OK,False
MASS1231,erratic,A,0.95,105.0,270.48005427185853,130.8894230769231,139.5906311949354,,8.72596153846154,1.182,3.4089,44,119,117.85714285714286,1,100,0.033201,190.0,1.9,100.0,0.033201,REORDENAR,True
MASS2216,lumpy,A,0.95,45.0,79.7826923076923,79.7826923076923,0.0,,5.318846153846153,1.696,1.6392,23,39,38.714285714285715,1,20,0.1665,120.0,6.0,20.0,0.1665,REORDENAR,True
MASS1829,lumpy,A,0.95,20.0,22.701923076923073,22.701923076923073,0.0,,1.5134615384615382,1.529,0.557,34,106,105.28571428571429,1,30,0.034425,330.0,11.0,30.0,0.034425,REORDENAR,True
MASS0461,lumpy,A,0.95,0.0,36.0,36.0,0.0,,2.4,1.368,2.5699,38,119,118.14285714285714,1,100,0.121512,188.0,1.88,100.0,0.121512,REORDENAR,True
MASS1795,lumpy,A,0.95,139.0,131.13461538461536,131.13461538461536,0.0,,8.74230769230769,1.529,0.7232,34,102,101.71428571428571,0,0,0.0,0.0,1.02,100.0,0.087556,OK,False
MASS2601,lumpy,A,0.95,141.0,298.9821428571428,298.9821428571428,0.0,,19.932142857142853,1.75,2.0484,8,14,13.571428571428571,1,9,0.105315,49.5,5.5,9.0,0.105315,REORDENAR,True
MASS1848,sin_datos,A,0.95,0.0,0.0,0.0,0.0,,0.0,inf,,0,96,94.85714285714286,1,1,0.05,1.0,1.0,1.0,0.05,REORDENAR,True
MASS1215,lumpy,A,0.95,0.0,14.855769230769228,14.855769230769228,0.0,,0.9903846153846152,2.08,1.8506,25,142,141.28571428571428,1,50,0.05,310.0,6.2,50.0,0.05,REORDENAR,True
MASS2342,intermittent,A,0.95,20.0,35.67548500881834,35.67548500881834,0.0,,2.378365667254556,2.0,0.1705,15,30,29.714285714285715,1,4,0.13572,48.8,12.2,4.0,0.13572,REORDENAR,True
MASS1859,lumpy,A,0.95,2.0,19.44230769230769,19.44230769230769,0.0,,1.296153846153846,1.793,1.4821,29,71,69.85714285714286,1,12,0.15240375,114.96000000000001,9.58,12.0,0.15240375,REORDENAR,True
MASS2732,erratic,A,0.95,435.0,286.94939404823964,172.4724264705882,114.47696757765144,,11.49816176470588,1.0,1.3018,4,4,3.4285714285714284,0,0,0.0,0.0,33.3,2.0,0.083509,OK,False
MASS1527,lumpy,A,0.95,0.0,14.783653846153847,14.783653846153847,0.0,,0.9855769230769231,3.25,0.7006,16,125,123.85714285714286,1,10,0.05,149.4,14.94,10.0,0.05,REORDENAR,True
MASS2052,erratic,A,0.95,0.0,73.64237697709544,22.5,51.14237697709544,,1.5,1.22,1.3936,41,50,48.857142857142854,1,40,0.078336,174.0,4.35,40.0,0.078336,REORDENAR,True
MASS1477,lumpy,A,0.95,0.0,19.903846153846153,19.903846153846153,0.0,,1.3269230769230769,1.444,3.3003,36,135,134.57142857142858,1,20,0.08029,36.0,1.8,20.0,0.08029,REORDENAR,True
MASS2128,lumpy,A,0.95,8.0,19.364999999999995,19.364999999999995,0.0,,1.2909999999999997,2.941,0.977,17,50,49.285714285714285,1,1,0.0089304,11.5,11.5,1.0,0.0089304,REORDENAR,True
MASS1843,lumpy,A,0.95,236.0,26.653846153846157,26.653846153846157,0.0,,1.776923076923077,2.364,1.4159,22,97,96.57142857142857,0,0,0.0,0.0,5.0,10.0,0.17496,OK,False
MASS1203,lumpy,A,0.95,0.0,22.673076923076923,22.673076923076923,0.0,,1.5115384615384615,2.476,3.5721,21,140,139.28571428571428,1,50,0.062208,102.49999999999999,2.05,50.0,0.062208,REORDENAR,True
MASS1523,erratic,A,0.95,191.0,87.92448344891162,35.51105769230767,52.41342575660395,,2.367403846153845,1.238,1.1506,42,125,123.85714285714286,0,0,0.0,0.0,3.23,50.0,0.123984,OK,False
MASS2132,lumpy,A,0.95,35.0,143.18382352941177,143.18382352941177,0.0,,9.545588235294117,1.962,1.0957,26,51,50.42857142857143,1,20,0.082584,47.0,2.35,20.0,0.082584,REORDENAR,True
MASS0730,lumpy,A,0.95,0.0,10.335576923076923,10.335576923076923,0.0,,0.6890384615384615,1.733,0.6407,30,125,123.85714285714286,1,30,0.08256,306.0,10.2,30.0,0.08256,REORDENAR,True
MASS2141,intermittent,A,0.95,0.0,163.3150189190358,163.3150189190358,0.0,,10.88766792793572,1.7,0.4085,30,51,50.42857142857143,1,50,0.0705,80.0,1.6,50.0,0.0705,REORDENAR,True
MASS2463,lumpy,A,0.95,0.0,10.259999999999998,10.259999999999998,0.0,,0.6839999999999998,1.923,1.5602,13,25,23.857142857142858,1,1,0.044616,14.0,14.0,1.0,0.044616,REORDENAR,True
MASS1738,intermittent,A,0.95,0.0,1.2366170360110804,1.2366170360110804,0.0,,0.08244113573407202,13.0,0.4838,4,116,115.28571428571429,1,1,0.013794,11.2,11.2,1.0,0.013794,REORDENAR,True
MASS2061,lumpy,A,0.95,259.0,117.83999999999999,117.83999999999999,0.0,,7.855999999999999,1.471,2.5221,34,50,48.857142857142854,0,0,0.0,0.0,1.0,1.0,0.05,OK,False
MASS3066,lumpy,A,0.95,5.0,57.44999999999999,57.44999999999999,0.0,,3.829999999999999,3.75,1.1049,4,15,14.571428571428571,1,1,0.05,1.0,1.0,1.0,0.05,REORDENAR,True
MASS1414,lumpy,A,0.95,90.0,89.14615384615384,89.14615384615384,0.0,,5.943076923076922,2.261,3.9681,23,138,137.57142857142858,0,0,0.0,0.0,0.9,50.0,0.0625,OK,False
MASS0128,lumpy,A,0.95,0.0,38.68269230769229,38.68269230769229,0.0,,2.5788461538461527,2.167,1.2638,24,142,141.14285714285714,1,100,0.06784,172.0,1.72,100.0,0.06784,REORDENAR,True
MASS2131,lumpy,A,0.95,252.0,61.111764705882344,61.111764705882344,0.0,,4.074117647058823,1.759,1.6936,29,51,50.42857142857143,0,0,0.0,0.0,6.8,24.0,0.070602,OK,False
MASS1554,lumpy,A,0.95,0.0,17.532692307692294,17.532692307692294,0.0,,1.168846153846153,2.08,3.531,25,125,123.85714285714286,1,120,0.10798525,261.6,2.18,120.0,0.10798525,REORDENAR,True
MASS1476,lumpy,A,0.95,22.0,42.98076923076923,42.98076923076923,0.0,,2.8653846153846154,1.625,0.7917,32,141,140.28571428571428,1,80,0.07548,547.2,6.84,80.0,0.07548,REORDENAR,True
MASS0584,erratic,A,0.95,37.0,148.2388898856775,91.99038461538463,56.248505270292874,,6.1326923076923086,1.083,1.3925,48,141,140.28571428571428,1,40,0.068,76.0,1.9,40.0,0.068,REORDENAR,True
MASS2604,erratic,A,0.95,0.0,154.2911217380098,112.96153846153847,41.32958327647131,,7.5307692307692315,1.083,0.5907,12,13,12.571428571428571,1,1,0.05,8.75,8.75,1.0,0.05,REORDENAR,True
MASS1919,intermittent,A,0.95,0.0,37.2917850675741,37.2917850675741,0.0,,2.48611900450494,1.857,0.4714,28,71,70.28571428571429,1,100,0.1285551,227.99999999999997,2.28,100.0,0.1285551,REORDENAR,True
MASS1880,lumpy,A,0.95,0.0,30.063461538461535,30.063461538461535,0.0,,2.004230769230769,1.625,2.7344,32,71,69.85714285714286,1,20,0.049445,36.0,1.8,20.0,0.049445,REORDENAR,True
MASS1406,sin_datos,A,0.95,0.0,0.08653846153846154,0.08653846153846154,0.0,,0.0057692307692307696,52.0,,1,139,138.28571428571428,1,1,0.05,1.0,1.0,1.0,0.05,REORDENAR,True
MASS0247,lumpy,A,0.95,0.0,31.171153846153842,31.171153846153842,0.0,,2.0780769230769227,2.737,0.6961,19,116,115.28571428571429,1,1,0.05,1.0,1.0,1.0,0.05,REORDENAR,True
MASS1356,lumpy,A,0.95,90.0,8.509615384615385,8.509615384615385,0.0,,0.5673076923076923,13.0,0.5147,4,138,137.42857142857142,0,0,0.0,0.0,1.42,25.0,0.1548,OK,False
MASS1348,intermittent,A,0.95,0.0,20.25603258517544,20.25603258517544,0.0,,1.3504021723450292,1.368,0.4041,38,142,141.14285714285714,1,24,0.05,42.72,1.78,24.0,0.05,REORDENAR,True
MASS2462,lumpy,A,0.95,0.0,16.469999999999995,16.469999999999995,0.0,,1.0979999999999996,1.667,1.2726,15,25,23.857142857142858,1,1,0.023911875,9.0,9.0,1.0,0.023911875,REORDENAR,True
MASS1879,lumpy,A,0.95,15.0,7.600961538461538,7.600961538461538,0.0,,0.5067307692307692,3.25,2.3697,16,71,69.85714285714286,0,0,0.0,0.0,60.0,1.0,0.36,OK,False
MASS1125,lumpy,A,0.95,0.0,15.057692307692301,15.057692307692301,0.0,,1.0038461538461534,2.08,0.8857,25,142,141.28571428571428,1,40,0.06768,112.0,2.8,40.0,0.06768,REORDENAR,True
MASS1990,erratic,A,0.95,0.0,68.13803394037396,34.29807692307692,33.839957017297046,,2.2865384615384614,1.238,0.6158,42,71,69.85714285714286,1,18,0.076,27.0,1.5,18.0,0.076,REORDENAR,True
MASS2019,erratic,A,0.95,6.0,193.5501833818534,97.39500000000001,96.15518338185339,,6.493,1.087,1.7117,46,50,48.857142857142854,1,1,0.001,2.32,2.32,1.0,0.001,REORDENAR,True
MASS1355,lumpy,A,0.95,1.0,10.92980769230769,10.92980769230769,0.0,,0.7286538461538461,1.733,0.6011,30,142,141.28571428571428,1,48,0.214491,139.2,2.9,48.0,0.214491,REORDENAR,True
MASS0158,lumpy,A,0.95,118.0,21.461538461538446,21.461538461538446,0.0,,1.4307692307692297,3.059,6.6067,17,142,141.28571428571428,0,0,0.0,0.0,3.35,1.0,0.05,OK,False
MASS1562,lumpy,A,0.95,0.0,100.18990384615384,100.18990384615384,0.0,,6.679326923076923,2.6,2.4068,20,116,115.28571428571429,1,50,0.05,42.5,0.85,50.0,0.05,REORDENAR,True
MASS0423,lumpy,A,0.95,2.0,27.10384615384615,27.10384615384615,0.0,,1.8069230769230766,2.08,2.0399,25,142,141.14285714285714,1,100,0.067424,140.0,1.4,100.0,0.067424,REORDENAR,True
MASS1357,lumpy,A,0.95,229.0,126.51923076923079,126.51923076923079,0.0,,8.434615384615386,1.368,2.1688,38,142,141.28571428571428,0,0,0.0,0.0,0.98,100.0,0.036642375,OK,False
MASS0609,lumpy,A,0.95,9.0,54.28846153846153,54.28846153846153,0.0,,3.619230769230769,1.926,0.7631,27,141,140.28571428571428,1,100,0.061152,240.0,2.4,100.0,0.061152,REORDENAR,True
MASS1876,lumpy,A,0.95,5.0,6.490384615384616,6.490384615384616,0.0,,0.4326923076923077,4.727,1.5315,11,72,71.71428571428571,1,1,0.03068868,36.0,36.0,1.0,0.03068868,REORDENAR,True
MASS2221,intermittent,A,0.95,0.0,1.5763532763532766,1.5763532763532766,0.0,,0.10509021842355178,7.8,0.4475,5,39,38.714285714285715,1,1,0.056525,62.0,62.0,1.0,0.056525,REORDENAR,True
MASS0234,lumpy,A,0.95,26.0,94.32692307692307,94.32692307692307,0.0,,6.288461538461537,2.167,1.6027,24,125,123.85714285714286,1,1,0.05,1.4,1.4,1.0,0.05,REORDENAR,True
MASS1747,erratic,A,0.95,168.0,203.27528187380804,117.6692307692308,85.60605110457725,,7.844615384615386,1.156,0.9829,45,116,115.28571428571429,1,1,0.05,1.8,1.8,1.0,0.05,REORDENAR,True
MASS2125,lumpy,A,0.95,6.0,53.18399999999999,53.18399999999999,0.0,,3.5455999999999994,2.174,0.6463,23,50,48.857142857142854,1,1,0.0089304,11.5,11.5,1.0,0.0089304,REORDENAR,True
MASS2330,erratic,A,0.95,33.0,127.71805006241709,89.08064516129033,38.637404901126764,,5.9387096774193555,1.033,0.8315,30,31,30.285714285714285,1,15,0.082992,84.75,5.65,15.0,0.082992,REORDENAR,True
MASS1325,sin_datos,A,0.95,0.0,0.0,0.0,0.0,,0.0,inf,,0,136,135.28571428571428,1,1,0.05,1.0,1.0,1.0,0.05,REORDENAR,True
MASS0113,sin_datos,A,0.95,0.0,0.0,0.0,0.0,,0.0,inf,,0,142,141.42857142857142,1,100,0.05,166.0,1.66,100.0,0.05,REORDENAR,True
MASS2476,lumpy,A,0.95,405.0,77.652,77.652,0.0,,5.1768,2.083,0.5417,12,25,23.857142857142858,0,0,0.0,0.0,3.8,16.0,0.05,OK,False
MASS2084,lumpy,A,0.95,0.0,53.80714285714285,53.80714285714285,0.0,,3.5871428571428567,1.5,1.9254,28,42,41.142857142857146,1,1,0.001,2.3,2.3,1.0,0.001,REORDENAR,True
MASS1838,lumpy,A,0.95,319.0,78.33173076923077,78.33173076923077,0.0,,5.2221153846153845,3.25,1.5124,16,97,96.57142857142857,0,0,0.0,0.0,5.0,10.0,0.17496,OK,False
MASS1205,lumpy,A,0.95,0.0,49.79423076923076,49.79423076923076,0.0,,3.3196153846153837,1.793,1.5383,29,142,141.28571428571428,1,100,0.027,86.0,0.86,100.0,0.027,REORDENAR,True
MASS0359,lumpy,A,0.95,0.0,6.161538461538461,6.161538461538461,0.0,,0.4107692307692307,5.778,1.3393,9,132,131.42857142857142,1,1,0.05,1.0,1.0,1.0,0.05,REORDENAR,True
MASS1556,lumpy,A,0.95,0.0,7.078846153846153,7.078846153846153,0.0,,0.4719230769230769,1.926,1.4747,27,116,115.28571428571429,1,30,0.08256,150.0,5.0,30.0,0.08256,REORDENAR,True
MASS1089,lumpy,A,0.95,0.0,5.733173076923077,5.733173076923077,0.0,,0.38221153846153844,3.714,1.5296,14,125,123.85714285714286,1,1,0.05,4.38,4.38,1.0,0.05,REORDENAR,True
MASS1839,lumpy,A,0.95,241.0,26.423076923076923,26.423076923076923,0.0,,1.7615384615384615,2.737,1.6627,19,97,96.57142857142857,0,0,0.0,0.0,5.0,10.0,0.17496,OK,False
MASS1344,lumpy,A,0.95,0.0,11.180769230769227,11.180769230769227,0.0,,0.7453846153846152,1.625,1.212,32,142,141.28571428571428,1,40,0.0828,114.0,2.85,40.0,0.0828,REORDENAR,True
MASS0427,lumpy,A,0.95,6.0,29.405769230769227,29.405769230769227,0.0,,1.9603846153846152,1.926,1.9599,27,142,141.14285714285714,1,100,0.067424,140.0,1.4,100.0,0.067424,REORDENAR,True
MASS2136,lumpy,A,0.95,323.0,48.282352941176455,48.282352941176455,0.0,,3.2188235294117638,2.04,1.6826,25,51,50.42857142857143,0,0,0.0,0.0,3.7,1.0,0.006,OK,False
MASS0702,erratic,A,0.95,499.0,248.27674524649728,154.81730769230768,93.4594375541896,,10.321153846153845,1.083,1.3534,48,141,140.28571428571428,0,0,0.0,0.0,0.59,50.0,0.036465,OK,False
MASS1327,sin_datos,A,0.95,0.0,0.0,0.0,0.0,,0.0,inf,,0,138,137.42857142857142,1,1,0.05,1.0,1.0,1.0,0.05,REORDENAR,True
MASS2114,lumpy,A,0.95,110.0,24.21428571428571,24.21428571428571,0.0,,1.614285714285714,3.0,1.8996,14,42,41.142857142857146,0,0,0.0,0.0,15.0,50.0,0.04557,OK,False
MASS0783,lumpy,A,0.95,0.0,40.404807692307685,40.404807692307685,0.0,,2.6936538461538455,1.733,1.0429,30,135,134.57142857142858,1,200,0.1,94.0,0.47,200.0,0.1,REORDENAR,True
MASS1856,lumpy,A,0.95,1.0,13.045673076923077,13.045673076923077,0.0,,0.8697115384615385,6.5,1.2586,8,92,91.14285714285714,1,1,0.05,1.0,1.0,1.0,0.05,REORDENAR,True
MASS1647,lumpy,A,0.95,57.0,33.02884615384615,33.02884615384615,0.0,,2.201923076923077,2.0,1.3581,26,119,117.85714285714286,0,0,0.0,0.0,1.0,1.0,0.05,OK,False
MASS2085,erratic,A,0.95,0.0,191.79495797501045,58.55357142857143,133.24138654643903,,3.9035714285714285,1.167,1.7906,36,42,41.142857142857146,1,1,0.001,2.3,2.3,1.0,0.001,REORDENAR,True
MASS1980,lumpy,A,0.95,1.0,24.865384615384617,24.865384615384617,0.0,,1.6576923076923078,1.333,0.6536,39,73,71.85714285714286,1,10,0.128016,35.0,3.5,10.0,0.128016,REORDENAR,True
MASS0994,lumpy,A,0.95,0.0,20.128846153846155,20.128846153846155,0.0,,1.341923076923077,1.926,2.4245,27,142,141.28571428571428,1,40,0.06279,88.0,2.2,40.0,0.06279,REORDENAR,True
MASS2475,lumpy,A,0.95,430.0,85.78799999999998,85.78799999999998,0.0,,5.719199999999999,1.389,1.1703,18,25,23.857142857142858,0,0,0.0,0.0,3.8,16.0,0.05,OK,False
MASS0822,lumpy,A,0.95,71.0,65.16346153846153,65.16346153846153,0.0,,4.3442307692307685,1.368,0.9657,38,142,141.42857142857142,0,0,0.0,0.0,1.5,1.0,0.05,OK,False
MASS0795,lumpy,A,0.95,0.0,20.00769230769231,20.00769230769231,0.0,,1.333846153846154,3.059,1.7374,17,122,121.42857142857143,1,1,0.05,1.0,1.0,1.0,0.05,REORDENAR,True
MASS2309,intermittent,A,0.95,17.0,14.281818181818181,14.281818181818181,0.0,,0.9521212121212121,6.0,0.3771,5,30,29.285714285714285,0,0,0.0,0.0,25.4,1.0,0.19836,OK,False
MASS1319,sin_datos,A,0.95,0.0,0.0,0.0,0.0,,0.0,inf,,0,141,140.42857142857142,1,1,0.05,1.0,1.0,1.0,0.05,REORDENAR,True
MASS2142,erratic,A,0.95,123.0,252.61716334081478,162.0220588235294,90.5951045172854,,10.801470588235293,1.133,0.7875,45,51,50.42857142857143,1,50,0.0705,80.0,1.6,50.0,0.0705,REORDENAR,True
MASS1326,sin_datos,A,0.95,0.0,0.0,0.0,0.0,,0.0,inf,,0,139,138.28571428571428,1,1,0.05,1.0,1.0,1.0,0.05,REORDENAR,True
MASS1040,lumpy,A,0.95,1.0,14.166346153846149,14.166346153846149,0.0,,0.9444230769230766,2.364,2.0663,22,127,126.57142857142857,1,24,0.128638125,54.0,2.25,24.0,0.128638125,REORDENAR,True
MASS1361,lumpy,A,0.95,1049.0,121.05576923076926,121.05576923076926,0.0,,8.070384615384617,1.333,3.0447,39,142,141.28571428571428,0,0,0.0,0.0,0.5,70.0,0.05,OK,False
MASS1840,lumpy,A,0.95,256.0,33.87403846153846,33.87403846153846,0.0,,2.2582692307692307,2.737,1.6682,19,97,96.57142857142857,0,0,0.0,0.0,5.0,10.0,0.17496,OK,False
MASS1830,lumpy,A,0.95,33.0,14.74326923076923,14.74326923076923,0.0,,0.9828846153846152,1.529,0.9536,34,106,104.85714285714286,0,0,0.0,0.0,3.1,12.0,0.03746875,OK,False
MASS2081,lumpy,A,0.95,0.0,24.557142857142857,24.557142857142857,0.0,,1.6371428571428572,1.4,2.2007,30,42,41.142857142857146,1,100,0.04185,1065.0,10.65,100.0,0.04185,REORDENAR,True
MASS2474,lumpy,A,0.95,25.0,202.79999999999998,202.79999999999998,0.0,,13.52,3.125,1.2881,8,25,23.857142857142858,1,10,0.05,40.0,4.0,10.0,0.05,REORDENAR,True
MASS2133,lumpy,A,0.95,265.0,38.7970588235294,38.7970588235294,0.0,,2.586470588235293,2.684,1.1401,19,51,50.42857142857143,0,0,0.0,0.0,13.25,30.0,0.1298,OK,False
MASS1267,lumpy,A,0.95,0.0,1.1076923076923075,1.1076923076923075,0.0,,0.07384615384615384,10.4,1.1097,5,125,123.85714285714286,1,8,0.05517792,51.84,6.48,8.0,0.05517792,REORDENAR,True
MASS0208,lumpy,A,0.95,1.0,25.86201923076923,25.86201923076923,0.0,,1.7241346153846153,2.6,1.0696,20,126,125.57142857142857,1,1,0.05,1.0,1.0,1.0,0.05,REORDENAR,True
MASS1124,lumpy,A,0.95,18.0,28.615384615384613,28.615384615384613,0.0,,1.9076923076923076,1.733,0.828,30,142,141.28571428571428,1,10,0.091632,32.0,3.2,10.0,0.091632,REORDENAR,True
MASS0238,lumpy,A,0.95,0.0,32.07692307692307,32.07692307692307,0.0,,2.1384615384615384,1.857,5.9402,28,142,141.42857142857142,1,1,0.05,1.6,1.6,1.0,0.05,REORDENAR,True
MASS0541,sin_datos,A,0.95,0.0,0.25961538461538464,0.25961538461538464,0.0,,0.01730769230769231,52.0,,1,142,141.28571428571428,1,30,0.075106,66.0,2.2,30.0,0.075106,REORDENAR,True
MASS2600,lumpy,A,0.95,1.0,232.7678571428571,232.7678571428571,0.0,,15.51785714285714,1.75,0.9072,8,14,13.571428571428571,1,9,0.105315,49.5,5.5,9.0,0.105315,REORDENAR,True
MASS1857,lumpy,A,0.95,0.0,13.171153846153844,13.171153846153844,0.0,,0.878076923076923,3.467,1.3682,15,92,91.14285714285714,1,1,0.05,1.0,1.0,1.0,0.05,REORDENAR,True
MASS1478,sin_datos,A,0.95,0.0,0.0,0.0,0.0,,0.0,inf,,0,125,123.85714285714286,1,10,0.05,60.8,6.08,10.0,0.05,REORDENAR,True
MASS1013,lumpy,A,0.95,2.0,137.53846153846152,137.53846153846152,0.0,,9.169230769230769,2.08,1.6759,25,102,101.71428571428571,1,200,0.08386875,130.0,0.65,200.0,0.08386875,REORDENAR,True
MASS2585,erratic,A,0.95,2.0,181.89669304398828,135.22058823529414,46.676104808694134,,9.014705882352942,1.062,0.5554,16,17,16.714285714285715,1,16,0.1223235,33.28,2.08,16.0,0.1223235,REORDENAR,True
MASS2324,lumpy,A,0.95,179.0,106.3,106.3,0.0,,7.086666666666667,1.765,0.9007,17,30,29.714285714285715,0,0,0.0,0.0,4.5,100.0,0.05922,OK,False
MASS2116,lumpy,A,0.95,0.0,31.03928571428571,31.03928571428571,0.0,,2.069285714285714,5.25,0.9285,8,42,41.142857142857146,1,100,0.046563,450.0,4.5,100.0,0.046563,REORDENAR,True
MASS2377,erratic,A,0.95,48.0,255.15579872459034,188.6,66.55579872459035,,12.573333333333332,1.034,0.6136,29,30,29.714285714285715,1,40,0.09082125,116.0,2.9,40.0,0.09082125,REORDENAR,True
MASS2195,intermittent,A,0.95,6.0,4.201748582230623,4.201748582230623,0.0,,0.2801165721487082,3.231,0.3277,13,42,41.142857142857146,0,0,0.0,0.0,45.0,1.0,0.05,OK,False
MASS1910,lumpy,A,0.95,98.0,52.84615384615385,52.84615384615385,0.0,,3.523076923076923,1.793,0.889,29,71,69.85714285714286,0,0,0.0,0.0,1.7,60.0,0.134992,OK,False
MASS2431,lumpy,A,0.95,54.0,44.62499999999999,44.62499999999999,0.0,,2.9749999999999996,3.333,0.8081,9,30,29.571428571428573,0,0,0.0,0.0,12.32,1.0,0.02562,OK,False
MASS2135,lumpy,A,0.95,289.0,49.111764705882344,49.111764705882344,0.0,,3.274117647058823,2.125,1.2661,24,51,50.42857142857143,0,0,0.0,0.0,17.0,25.0,0.0673745,OK,False
MASS1224,lumpy,A,0.95,14.0,32.88461538461537,32.88461538461537,0.0,,2.1923076923076916,3.467,1.8059,15,107,106.42857142857143,1,1,0.05,1.0,1.0,1.0,0.05,REORDENAR,True
MASS2083,erratic,A,0.95,0.0,279.0845833910243,157.0178571428571,122.06672624816719,,10.467857142857142,1.024,1.9929,41,42,41.142857142857146,1,1,0.001,2.3,2.3,1.0,0.001,REORDENAR,True
MASS1799,erratic,A,0.95,1.0,83.5384460155488,56.45192307692307,27.086522938625723,,3.7634615384615384,1.209,0.761,43,102,101.71428571428571,1,100,0.06944,320.0,3.2,100.0,0.06944,REORDENAR,True
MASS1443,intermittent,A,0.95,0.0,0.5594093406593406,0.5594093406593406,0.0,,0.037293956043956036,10.4,0.1531,5,142,141.28571428571428,1,48,0.126405,86.4,1.8,48.0,0.126405,REORDENAR,True
MASS2335,lumpy,A,0.95,83.0,54.875,54.875,0.0,,3.658333333333333,1.875,0.6406,16,30,29.571428571428573,0,0,0.0,0.0,10.48,4.0,0.038895375,OK,False
MASS2599,lumpy,A,0.95,237.0,228.2142857142857,228.2142857142857,0.0,,15.214285714285714,1.556,1.1787,9,14,13.571428571428571,0,0,0.0,0.0,5.5,9.0,0.105315,OK,False
MASS2140,erratic,A,0.95,112.0,268.6277846290085,184.86764705882354,83.76013757018497,,12.324509803921568,1.159,0.7343,44,51,50.42857142857143,1,50,0.0705,80.0,1.6,50.0,0.0705,REORDENAR,True
MASS1171,lumpy,A,0.95,99.0,118.26923076923077,118.26923076923077,0.0,,7.884615384615385,1.444,1.5171,36,115,114.42857142857143,1,100,0.03564,260.0,2.6,100.0,0.03564,REORDENAR,True
MASS2124,lumpy,A,0.95,3.0,25.31470588235294,25.31470588235294,0.0,,1.6876470588235293,4.25,0.9632,12,51,50.142857142857146,1,1,0.0089304,11.5,11.5,1.0,0.0089304,REORDENAR,True
MASS1349,lumpy,A,0.95,73.0,38.53846153846153,38.53846153846153,0.0,,2.569230769230769,1.368,0.9239,38,142,141.28571428571428,0,0,0.0,0.0,2.1,100.0,0.0567,OK,False
MASS2041,lumpy,A,0.95,0.0,12.845999999999997,12.845999999999997,0.0,,0.8563999999999998,1.562,1.4712,32,50,48.857142857142854,1,16,0.108315,41.28,2.58,16.0,0.108315,REORDENAR,True
MASS0934,erratic,A,0.95,406.0,270.18831200725714,125.29326923076921,144.8950427764879,,8.352884615384614,1.0,4.0322,52,119,117.85714285714286,0,0,0.0,0.0,0.5,100.0,0.06048,OK,False
MASS0122,lumpy,A,0.95,113.0,47.65384615384615,47.65384615384615,0.0,,3.1769230769230767,1.333,0.7965,39,119,118.14285714285714,0,0,0.0,0.0,2.5,100.0,0.07930125,OK,False
MASS0753,erratic,A,0.95,0.0,140.39373408334507,58.29230769230769,82.10142639103736,,3.886153846153846,1.209,1.7578,43,142,141.14285714285714,1,100,0.038313,160.0,1.6,100.0,0.038313,REORDENAR,True
MASS1147,lumpy,A,0.95,1.0,32.601923076923065,32.601923076923065,0.0,,2.1734615384615377,1.405,1.9553,37,142,141.14285714285714,1,100,0.038313,160.0,1.6,100.0,0.038313,REORDENAR,True
MASS1404,sin_datos,A,0.95,0.0,0.0,0.0,0.0,,0.0,inf,,0,138,137.42857142857142,1,1,0.05,1.0,1.0,1.0,0.05,REORDENAR,True
MASS1365,lumpy,A,0.95,38.0,30.403846153846153,30.403846153846153,0.0,,2.026923076923077,1.529,1.4604,34,127,126.57142857142857,0,0,0.0,0.0,4.65,50.0,0.06601,OK,False
MASS1737,sin_datos,A,0.95,0.0,0.0,0.0,0.0,,0.0,inf,,0,116,115.28571428571429,1,1,0.05,1.0,1.0,1.0,0.05,REORDENAR,True
MASS2343,lumpy,A,0.95,0.0,15.299999999999997,15.299999999999997,0.0,,1.0199999999999998,1.667,0.8946,18,30,29.428571428571427,1,2,0.082656,53.62,26.81,2.0,0.082656,REORDENAR,True
MASS0830,intermittent,A,0.95,142.0,63.155583280356005,63.155583280356005,0.0,,4.2103722186904005,3.25,0.3946,16,73,71.85714285714286,0,0,0.0,0.0,2.15,60.0,0.142624625,OK,False
MASS2127,lumpy,A,0.95,12.0,11.456249999999997,11.456249999999997,0.0,,0.7637499999999998,3.692,0.8452,13,48,47.714285714285715,0,0,0.0,0.0,11.5,1.0,0.0089304,OK,False
MASS2605,intermittent,A,0.95,0.0,0.0,0.0,0.0,,0.0,2.0,0.2645,4,8,7.428571428571429,1,5,0.044604,22.5,4.5,5.0,0.044604,REORDENAR,True
MASS1462,sin_datos,A,0.95,0.0,0.0,0.0,0.0,,0.0,inf,,0,114,113.71428571428571,1,1,0.05,1.0,1.0,1.0,0.05,REORDENAR,True
MASS2226,erratic,A,0.95,11.0,179.22219028566514,109.68461538461537,69.53757490104978,,7.312307692307692,1.054,1.5126,37,39,38.714285714285715,1,40,0.183582,74.0,1.85,40.0,0.183582,REORDENAR,True
MASS1419,lumpy,A,0.95,9.0,44.896153846153844,44.896153846153844,0.0,,2.9930769230769227,4.0,1.215,13,136,135.28571428571428,1,100,0.05,39.0,0.39,100.0,0.05,REORDENAR,True
MASS2118,erratic,A,0.95,0.0,297.8101578292649,100.60714285714286,197.20301497212205,,6.707142857142857,1.167,1.3079,36,42,41.142857142857146,1,400,0.05235225,400.0,1.0,400.0,0.05235225,REORDENAR,True
MASS1865,lumpy,A,0.95,18.0,142.7596153846154,142.7596153846154,0.0,,9.517307692307693,1.625,1.2668,32,71,69.85714285714286,1,120,0.11322675,96.0,0.8,120.0,0.11322675,REORDENAR,True
MASS1005,intermittent,A,0.95,0.0,10.58630892761752,10.58630892761752,0.0,,0.7057539285078347,2.737,0.4416,19,115,114.42857142857143,1,20,0.03675,240.0,12.0,20.0,0.03675,REORDENAR,True
MASS2042,lumpy,A,0.95,0.0,30.222,30.222,0.0,,2.0148,1.852,1.0584,27,50,48.857142857142854,1,50,0.066864,140.0,2.8,50.0,0.066864,REORDENAR,True
MASS0956,lumpy,A,0.95,0.0,9.346153846153847,9.346153846153847,0.0,,0.6230769230769231,3.25,1.7778,16,125,123.85714285714286,1,70,0.05,164.5,2.35,70.0,0.05,REORDENAR,True
MASS0793,lumpy,A,0.95,0.0,7.5,7.5,0.0,,0.5,5.778,1.1738,9,141,140.42857142857142,1,48,0.0814,171.84,3.58,48.0,0.0814,REORDENAR,True
MASS0952,intermittent,A,0.95,3.0,30.563308310841208,30.563308310841208,0.0,,2.037553887389414,2.6,0.4885,20,125,123.85714285714286,1,70,0.05,154.0,2.2,70.0,0.05,REORDENAR,True
MASS0127,lumpy,A,0.95,333.0,65.1923076923077,65.1923076923077,0.0,,4.346153846153846,1.405,1.8023,37,142,141.42857142857142,0,0,0.0,0.0,1.32,100.0,0.06784,OK,False
MASS2115,lumpy,A,0.95,0.0,36.25961538461537,36.25961538461537,0.0,,2.4173076923076913,3.9,2.3561,10,39,38.142857142857146,1,50,0.04557,750.0,15.0,50.0,0.04557,REORDENAR,True
MASS2345,intermittent,A,0.95,18.0,29.5307322544464,29.5307322544464,0.0,,1.96871548362976,2.0,0.3269,15,30,29.428571428571427,1,6,0.127008,48.0,8.0,6.0,0.127008,REORDENAR,True
MASS1555,sin_datos,A,0.95,0.0,0.0,0.0,0.0,,0.0,inf,,0,125,123.85714285714286,1,50,0.0575,290.0,5.8,50.0,0.0575,REORDENAR,True
MASS2480,lumpy,A,0.95,147.0,74.91,74.91,0.0,,4.994,2.083,0.5601,12,25,23.857142857142858,0,0,0.0,0.0,3.8,16.0,0.05,OK,False
MASS1898,lumpy,A,0.95,84.0,95.07692307692307,95.07692307692307,0.0,,6.338461538461538,1.733,0.6875,30,71,69.85714285714286,1,30,0.0484,42.9,1.43,30.0,0.0484,REORDENAR,True
MASS0763,lumpy,A,0.95,40.0,38.88461538461539,38.88461538461539,0.0,,2.5923076923076924,1.926,5.865,27,139,138.14285714285714,0,0,0.0,0.0,0.56,1.0,0.05,OK,False
MASS1687,lumpy,A,0.95,0.0,16.416346153846153,16.416346153846153,0.0,,1.094423076923077,2.167,0.8653,24,115,114.42857142857143,1,75,0.12126,225.0,3.0,75.0,0.12126,REORDENAR,True
MASS0329,lumpy,A,0.95,323.0,110.04807692307692,110.04807692307692,0.0,,7.336538461538462,1.625,1.101,32,142,141.14285714285714,0,0,0.0,0.0,1.0,120.0,0.083968,OK,False
MASS0737,lumpy,A,0.95,0.0,20.645454545454545,20.645454545454545,0.0,,1.3763636363636362,2.588,1.3278,17,44,43.714285714285715,1,1,0.05,1.0,1.0,1.0,0.05,REORDENAR,True
MASS0239,lumpy,A,0.95,0.0,31.153846153846157,31.153846153846157,0.0,,2.076923076923077,1.926,3.012,27,142,141.42857142857142,1,60,0.07623,96.0,1.6,60.0,0.07623,REORDENAR,True
MASS1403,sin_datos,A,0.95,0.0,0.0,0.0,0.0,,0.0,inf,,0,138,137.42857142857142,1,1,0.05,1.0,1.0,1.0,0.05,REORDENAR,True
MASS1908,lumpy,A,0.95,0.0,82.03846153846153,82.03846153846153,0.0,,5.4692307692307685,1.576,0.9568,33,71,69.85714285714286,1,120,0.07252,228.0,1.9,120.0,0.07252,REORDENAR,True
MASS1821,lumpy,A,0.95,3.0,4.9326923076923075,4.9326923076923075,0.0,,0.32884615384615384,2.476,8.9401,21,92,91.14285714285714,1,100,0.06625,308.0,3.08,100.0,0.06625,REORDENAR,True
MASS0951,lumpy,A,0.95,11.0,36.49038461538461,36.49038461538461,0.0,,2.4326923076923075,2.737,0.8085,19,125,123.85714285714286,1,70,0.05,192.5,2.75,70.0,0.05,REORDENAR,True
MASS2588,erratic,A,0.95,54.0,106.69274248136327,64.67647058823529,42.016271893127985,,4.311764705882353,1.214,1.2623,14,17,16.714285714285715,1,10,0.148603,46.0,4.6,10.0,0.148603,REORDENAR,True
MASS2393,lumpy,A,0.95,118.0,41.020161290322584,41.020161290322584,0.0,,2.734677419354839,3.875,0.8119,8,31,30.714285714285715,0,0,0.0,0.0,4.5,10.0,0.05,OK,False
MASS1986,sin_datos,A,0.95,0.0,0.0,0.0,0.0,,0.0,inf,,0,76,75.42857142857143,1,10,0.05,48.0,4.8,10.0,0.05,REORDENAR,True
MASS1988,sin_datos,A,0.95,0.0,0.0,0.0,0.0,,0.0,inf,,0,76,75.42857142857143,1,10,0.05,48.0,4.8,10.0,0.05,REORDENAR,True
MASS1987,sin_datos,A,0.95,0.0,0.0,0.0,0.0,,0.0,inf,,0,76,75.42857142857143,1,10,0.05,48.0,4.8,10.0,0.05,REORDENAR,True
MASS1985,sin_datos,A,0.95,0.0,0.0,0.0,0.0,,0.0,inf,,0,76,75.42857142857143,1,10,0.05,48.0,4.8,10.0,0.05,REORDENAR,True
MASS1984,sin_datos,A,0.95,0.0,0.0,0.0,0.0,,0.0,inf,,0,76,75.42857142857143,1,10,0.05,48.0,4.8,10.0,0.05,REORDENAR,True
MASS1461,sin_datos,A,0.95,0.0,0.0,0.0,0.0,,0.0,inf,,0,128,127.14285714285714,1,1,0.05,1.0,1.0,1.0,0.05,REORDENAR,True
MASS1439,lumpy,A,0.95,0.0,13.110576923076922,13.110576923076922,0.0,,0.8740384615384614,2.0,0.9826,26,142,141.28571428571428,1,40,0.06279,120.0,3.0,40.0,0.06279,REORDENAR,True
MASS2193,lumpy,A,0.95,1.0,32.89285714285714,32.89285714285714,0.0,,2.1928571428571426,1.355,0.8649,31,42,41.142857142857146,1,40,0.16178725,50.0,1.25,40.0,0.16178725,REORDENAR,True
MASS0610,erratic,A,0.95,80.0,85.86393317223528,59.78365384615385,26.08027932608143,,3.985576923076923,1.13,0.7435,46,73,72.57142857142857,1,100,0.051408,398.0,3.98,100.0,0.051408,REORDENAR,True
MASS2219,lumpy,A,0.95,0.0,7.307692307692307,7.307692307692307,0.0,,0.4871794871794871,4.333,1.9565,9,39,38.714285714285715,1,1,0.058609,41.5,41.5,1.0,0.058609,REORDENAR,True
MASS0919,lumpy,A,0.95,0.0,55.96153846153846,55.96153846153846,0.0,,3.730769230769231,2.0,0.9719,26,119,117.85714285714286,1,100,0.100566625,168.0,1.68,100.0,0.100566625,REORDENAR,True
MASS2060,lumpy,A,0.95,144.0,82.90499999999999,82.90499999999999,0.0,,5.526999999999999,2.778,1.1842,18,50,48.857142857142854,0,0,0.0,0.0,4.8,50.0,0.048544,OK,False
MASS2470,lumpy,A,0.95,188.0,155.54399999999998,155.54399999999998,0.0,,10.369599999999998,3.125,0.8988,8,25,23.857142857142858,0,0,0.0,0.0,4.0,10.0,0.05,OK,False
MASS2065,lumpy,A,0.95,41.0,68.22,68.22,0.0,,4.548,1.515,2.3211,33,50,48.857142857142854,1,40,0.095312,152.0,3.8,40.0,0.095312,REORDENAR,True
MASS0721,erratic,A,0.95,0.0,218.08342165856942,162.60576923076923,55.47765242780021,,10.840384615384615,1.0,0.5891,52,92,91.42857142857143,1,1,0.05,1.0,1.0,1.0,0.05,REORDENAR,True
MASS1376,sin_datos,A,0.95,0.0,0.0,0.0,0.0,,0.0,inf,,0,138,137.57142857142858,1,1,0.05,1.0,1.0,1.0,0.05,REORDENAR,True
MASS1735,erratic,A,0.95,0.0,74.82774162721068,30.974999999999987,43.8527416272107,,2.064999999999999,1.156,0.7755,45,116,115.28571428571429,1,300,0.1148,99.0,0.33,300.0,0.1148,REORDENAR,True
MASS0842,lumpy,A,0.95,6.0,88.44230769230768,88.44230769230768,0.0,,5.896153846153846,2.08,0.5553,25,139,138.14285714285714,1,150,0.0156,127.5,0.85,150.0,0.0156,REORDENAR,True
MASS0688,lumpy,A,0.95,0.0,18.490384615384624,18.490384615384624,0.0,,1.2326923076923082,2.6,2.2663,20,141,140.28571428571428,1,25,0.0484,106.25,4.25,25.0,0.0484,REORDENAR,True
MASS1709,lumpy,A,0.95,1.0,11.388461538461538,11.388461538461538,0.0,,0.7592307692307692,2.08,0.762,25,115,114.42857142857143,1,50,0.056672,172.5,3.45,50.0,0.056672,REORDENAR,True
MASS2353,lumpy,A,0.95,5.0,180.7,180.7,0.0,,12.046666666666665,1.579,1.0084,19,30,29.428571428571427,1,36,0.077682,72.0,2.0,36.0,0.077682,REORDENAR,True
MASS1571,sin_datos,A,0.95,0.0,0.0,0.0,0.0,,0.0,inf,,0,129,127.85714285714286,1,1,0.05,1.0,1.0,1.0,0.05,REORDENAR,True
MASS1750,lumpy,A,0.95,825.0,55.254807692307686,55.254807692307686,0.0,,3.6836538461538457,2.0,1.5726,26,116,115.28571428571429,0,0,0.0,0.0,1.0,1.0,0.05,OK,False
MASS2231,lumpy,A,0.95,0.0,13.753846153846148,13.753846153846148,0.0,,0.9169230769230765,2.167,1.9525,18,39,38.714285714285715,1,1,0.05,1.0,1.0,1.0,0.05,REORDENAR,True
MASS2606,erratic,A,0.95,0.0,325.20399775968366,221.97621009057468,103.22778766910898,,14.798414006038312,1.0,0.8574,8,8,7.571428571428571,1,5,0.036639,18.400000000000002,3.68,5.0,0.036639,REORDENAR,True
MASS0408,sin_datos,A,0.95,0.0,0.0,0.0,0.0,,0.0,inf,,0,142,141.14285714285714,1,1,0.05,1.0,1.0,1.0,0.05,REORDENAR,True
MASS1268,lumpy,A,0.95,0.0,24.10096153846154,24.10096153846154,0.0,,1.6067307692307693,6.5,0.9107,8,142,141.14285714285714,1,100,0.050337,400.0,4.0,100.0,0.050337,REORDENAR,True
MASS2224,erratic,A,0.95,27.0,121.56752798008688,54.28846153846154,67.27906644162533,,3.6192307692307693,1.258,1.6783,31,39,38.714285714285715,1,20,0.106672,37.599999999999994,1.88,20.0,0.106672,REORDENAR,True
MASS1323,sin_datos,A,0.95,0.0,0.0,0.0,0.0,,0.0,inf,,0,136,135.57142857142858,1,1,0.05,1.0,1.0,1.0,0.05,REORDENAR,True
MASS1651,intermittent,A,0.95,18.0,7.00896,7.00896,0.0,,0.467264,2.0,0.4742,26,119,117.85714285714286,0,0,0.0,0.0,1.0,1.0,0.05,OK,False
MASS1307,lumpy,A,0.95,0.0,0.7153846153846151,0.7153846153846151,0.0,,0.04769230769230767,6.5,0.9838,8,116,115.28571428571429,1,100,0.293112,170.0,1.7,100.0,0.293112,REORDENAR,True
MASS2063,lumpy,A,0.95,0.0,11.700000000000001,11.700000000000001,0.0,,0.78,1.613,0.9749,31,50,48.857142857142854,1,60,0.043512,384.0,6.4,60.0,0.043512,REORDENAR,True
MASS2622,erratic,A,0.95,66.0,118.24104465773826,71.25,46.99104465773825,,4.75,1.0,0.6908,8,8,7.571428571428571,1,4,0.038895375,43.0,10.75,4.0,0.038895375,REORDENAR,True
MASS2800,smooth,A,0.95,1.0,520.9627263511734,435.375,85.58772635117333,,29.025,1.0,0.2074,2,2,0.8571428571428571,1,1,0.05,1.0,1.0,1.0,0.05,REORDENAR,True
MASS2067,erratic,A,0.95,423.0,109.53532659779324,72.30000000000001,37.235326597793225,,4.82,1.22,0.8806,41,50,48.857142857142854,0,0,0.0,0.0,2.65,50.0,0.0495,OK,False
MASS0826,lumpy,A,0.95,685.0,103.93269230769226,103.93269230769226,0.0,,6.928846153846151,1.529,2.3828,34,142,141.14285714285714,0,0,0.0,0.0,0.45,200.0,0.03009,OK,False
MASS1825,lumpy,A,0.95,0.0,8.48076923076923,8.48076923076923,0.0,,0.5653846153846154,4.727,2.1564,11,92,91.14285714285714,1,1,0.05,1.0,1.0,1.0,0.05,REORDENAR,True
MASS1019,lumpy,A,0.95,2.0,19.142307692307686,19.142307692307686,0.0,,1.2761538461538458,2.08,1.278,25,71,69.85714285714286,1,50,0.07345,170.0,3.4,50.0,0.07345,REORDENAR,True
MASS0006,sin_datos,A,0.95,0.0,0.0,0.0,0.0,,0.0,inf,,0,142,141.28571428571428,1,100,0.037241325,145.0,1.45,100.0,0.037241325,REORDENAR,True
MASS2082,lumpy,A,0.95,1.0,12.899999999999999,12.899999999999999,0.0,,0.8599999999999999,1.826,1.6813,23,42,41.142857142857146,1,100,0.048384,735.0,7.35,100.0,0.048384,REORDENAR,True
MASS0907,lumpy,A,0.95,61.0,19.730769230769226,19.730769230769226,0.0,,1.3153846153846152,3.467,1.1767,15,141,140.28571428571428,0,0,0.0,0.0,7.2,40.0,0.05,OK,False
MASS0745,erratic,A,0.95,36.0,82.8502469972917,53.65384615384615,29.19640084344555,,3.576923076923077,1.13,1.1933,46,141,140.28571428571428,1,60,0.0273,132.0,2.2,60.0,0.0273,REORDENAR,True
MASS2396,lumpy,A,0.95,109.0,89.09032258064515,89.09032258064515,0.0,,5.939354838709677,2.385,0.7325,13,31,30.571428571428573,0,0,0.0,0.0,3.7,30.0,0.05,OK,False
MASS2478,lumpy,A,0.95,301.0,68.925,68.925,0.0,,4.595,2.083,0.7955,12,25,23.857142857142858,0,0,0.0,0.0,3.8,16.0,0.05,OK,False
MASS0626,lumpy,A,0.95,186.0,48.47596153846153,48.47596153846153,0.0,,3.231730769230769,3.714,2.7651,14,142,141.28571428571428,0,0,0.0,0.0,0.79,200.0,0.151998,OK,False
MASS1042,lumpy,A,0.95,70.0,14.711538461538456,14.711538461538456,0.0,,0.9807692307692304,2.737,2.0753,19,142,141.28571428571428,0,0,0.0,0.0,1.8,20.0,0.106848,OK,False
MASS2394,lumpy,A,0.95,196.0,63.37499999999999,63.37499999999999,0.0,,4.225,1.875,2.0616,16,30,29.428571428571427,0,0,0.0,0.0,4.5,10.0,0.05,OK,False
MASS1767,sin_datos,A,0.95,0.0,0.0,0.0,0.0,,0.0,inf,,0,117,116.57142857142857,1,1,0.05,1.0,1.0,1.0,0.05,REORDENAR,True
MASS1539,lumpy,A,0.95,0.0,19.471153846153843,19.471153846153843,0.0,,1.298076923076923,1.444,1.2573,36,125,123.85714285714286,1,200,0.02025,490.00000000000006,2.45,200.0,0.02025,REORDENAR,True
MASS1781,lumpy,A,0.95,244.0,28.817307692307683,28.817307692307683,0.0,,1.9211538461538455,2.737,1.9346,19,115,114.42857142857143,0,0,0.0,0.0,2.8,100.0,0.051408,OK,False
MASS1496,lumpy,A,0.95,0.0,25.28653846153846,25.28653846153846,0.0,,1.6857692307692307,1.368,1.9508,38,135,134.57142857142858,1,100,0.121136,90.0,0.9,100.0,0.121136,REORDENAR,True
MASS2457,lumpy,A,0.95,0.0,28.509000000000004,28.509000000000004,0.0,,1.9006000000000003,1.471,0.8775,17,25,23.857142857142858,1,24,0.131376,91.19999999999999,3.8,24.0,0.131376,REORDENAR,True
MASS0237,lumpy,A,0.95,0.0,8.688461538461537,8.688461538461537,0.0,,0.5792307692307691,3.059,2.2227,17,142,141.42857142857142,1,1,0.05,1.6,1.6,1.0,0.05,REORDENAR,True
MASS1536,lumpy,A,0.95,0.0,14.03653846153846,14.03653846153846,0.0,,0.9357692307692306,1.733,0.7782,30,125,123.85714285714286,1,1,0.001269,3.75,3.75,1.0,0.001269,REORDENAR,True
MASS1269,lumpy,A,0.95,0.0,20.88173076923076,20.88173076923076,0.0,,1.392115384615384,4.333,3.2481,12,142,141.14285714285714,1,100,0.050337,400.0,4.0,100.0,0.050337,REORDENAR,True
MASS1358,lumpy,A,0.95,7.0,16.67307692307692,16.67307692307692,0.0,,1.1115384615384614,5.778,1.6296,9,138,137.42857142857142,1,100,0.134,128.0,1.28,100.0,0.134,REORDENAR,True
MASS1844,lumpy,A,0.95,0.0,0.5798076923076922,0.5798076923076922,0.0,,0.03865384615384615,26.0,0.72,2,98,97.42857142857143,1,1,0.05,1.0,1.0,1.0,0.05,REORDENAR,True
MASS0817,intermittent,A,0.95,0.0,0.4623626373626374,0.4623626373626374,0.0,,0.030824175824175827,17.333,0.4286,3,142,141.14285714285714,1,100,0.045325,362.0,3.62,100.0,0.045325,REORDENAR,True
MASS1000,intermittent,A,0.95,3.0,0.46730769230769237,0.46730769230769237,0.0,,0.031153846153846157,8.667,0.2,6,142,141.14285714285714,0,0,0.0,0.0,0.9,100.0,0.171864,OK,False
MASS1320,intermittent,A,0.95,0.0,0.305859375,0.305859375,0.0,,0.020390625,17.333,0.1875,3,127,126.71428571428571,1,1,0.05,1.0,1.0,1.0,0.05,REORDENAR,True
MASS2073,lumpy,A,0.95,13.0,1.0178571428571428,1.0178571428571428,0.0,,0.06785714285714285,7.0,0.528,6,42,41.142857142857146,0,0,0.0,0.0,1.0,1.0,0.05,OK,False
MASS0364,intermittent,A,0.95,0.0,23.654371204465114,23.654371204465114,0.0,,1.5769580802976744,1.368,0.4897,38,120,119.71428571428571,1,50,0.02448,151.5,3.03,50.0,0.02448,REORDENAR,True
MASS2117,lumpy,A,0.95,30.0,31.56428571428571,31.56428571428571,0.0,,2.104285714285714,2.471,2.3498,17,42,41.142857142857146,1,100,0.046563,450.0,4.5,100.0,0.046563,REORDENAR,True
MASS0614,lumpy,A,0.95,11.0,53.99999999999999,53.99999999999999,0.0,,3.5999999999999996,2.08,1.1426,25,135,134.14285714285714,1,100,0.1215,150.0,1.5,100.0,0.1215,REORDENAR,True
MASS1754,lumpy,A,0.95,876.0,56.44615384615385,56.44615384615385,0.0,,3.763076923076923,2.08,1.6578,25,116,115.28571428571429,0,0,0.0,0.0,1.0,1.0,0.05,OK,False
MASS2369,erratic,A,0.95,70.0,132.66189914437484,88.0,44.66189914437484,,5.866666666666666,1.154,0.6308,26,30,29.571428571428573,1,24,0.0721875,89.03999999999999,3.71,24.0,0.0721875,REORDENAR,True
MASS0439,sin_datos,A,0.95,0.0,0.0,0.0,0.0,,0.0,inf,,0,142,141.28571428571428,1,100,0.047089,240.0,2.4,100.0,0.047089,REORDENAR,True
MASS1878,lumpy,A,0.95,3.0,35.56730769230769,35.56730769230769,0.0,,2.371153846153846,1.368,0.9697,38,73,71.85714285714286,1,40,0.04177125,180.0,4.5,40.0,0.04177125,REORDENAR,True
MASS1399,sin_datos,A,0.95,0.0,0.0,0.0,0.0,,0.0,inf,,0,134,133.57142857142858,1,1,0.05,1.0,1.0,1.0,0.05,REORDENAR,True
MASS2017,lumpy,A,0.95,4.0,48.6,48.6,0.0,,3.24,1.613,0.6988,31,50,48.857142857142854,1,70,0.1677,213.5,3.05,70.0,0.1677,REORDENAR,True
MASS2038,lumpy,A,0.95,0.0,21.854999999999997,21.854999999999997,0.0,,1.4569999999999999,1.389,1.4325,36,50,48.857142857142854,1,1,0.05,1.0,1.0,1.0,0.05,REORDENAR,True
MASS2323,erratic,A,0.95,236.0,196.09333132266687,117.82258064516128,78.27075067750557,,7.854838709677419,1.292,1.2197,24,31,30.285714285714285,0,0,0.0,0.0,4.2,100.0,0.0736,OK,False
MASS2362,intermittent,A,0.95,0.0,5.579153605015673,5.579153605015673,0.0,,0.3719435736677115,2.417,0.302,12,29,28.428571428571427,1,6,0.078,62.099999999999994,10.35,6.0,0.078,REORDENAR,True
MASS1991,lumpy,A,0.95,63.0,46.5576923076923,46.5576923076923,0.0,,3.1038461538461535,1.529,1.3764,34,71,69.85714285714286,0,0,0.0,0.0,3.65,20.0,0.0805638,OK,False
MASS1884,lumpy,A,0.95,0.0,5.607692307692307,5.607692307692307,0.0,,0.37384615384615383,2.261,1.8423,23,71,69.85714285714286,1,1,0.05,1.0,1.0,1.0,0.05,REORDENAR,True
MASS1541,lumpy,A,0.95,0.0,53.278846153846146,53.278846153846146,0.0,,3.5519230769230763,2.364,0.5058,22,125,123.85714285714286,1,1,0.05,2.1,2.1,1.0,0.05,REORDENAR,True
MASS2678,intermittent,A,0.95,0.0,0.0,0.0,0.0,,0.0,3.667,0.48,3,11,10.285714285714286,1,1,0.05,1.0,1.0,1.0,0.05,REORDENAR,True
MASS0287,lumpy,A,0.95,153.0,30.77884615384615,30.77884615384615,0.0,,2.0519230769230767,1.625,1.2984,32,141,140.28571428571428,0,0,0.0,0.0,5.0,40.0,0.01188,OK,False
MASS1416,lumpy,A,0.95,264.0,11.314903846153847,11.314903846153847,0.0,,0.7543269230769231,13.0,1.0699,4,138,137.42857142857142,0,0,0.0,0.0,0.9,50.0,0.05,OK,False
MASS1400,sin_datos,A,0.95,0.0,0.0,0.0,0.0,,0.0,inf,,0,134,133.57142857142858,1,1,0.05,1.0,1.0,1.0,0.05,REORDENAR,True
MASS2653,sin_datos,A,0.95,0.0,18.0,18.0,0.0,,1.2,15.0,,1,15,14.714285714285714,1,1,0.05,1.0,1.0,1.0,0.05,REORDENAR,True
MASS1644,erratic,A,0.95,0.0,102.6566592208316,24.317307692307693,78.3393515285239,,1.6211538461538462,1.3,2.4371,40,119,117.85714285714286,1,96,0.074529,76.80000000000001,0.8,96.0,0.074529,REORDENAR,True
MASS0182,intermittent,A,0.95,0.0,0.22692307692307692,0.22692307692307692,0.0,,0.015128205128205128,26.0,0.2222,2,135,134.57142857142858,1,50,0.0694025,95.0,1.9,50.0,0.0694025,REORDENAR,True
MASS1861,lumpy,A,0.95,929.0,35.19230769230769,35.19230769230769,0.0,,2.3461538461538463,1.576,0.8786,33,73,71.85714285714286,0,0,0.0,0.0,3.5,100.0,0.0245,OK,False
MASS0367,erratic,A,0.95,8.0,46.26806767686958,25.644230769230766,20.623836907638808,,1.7096153846153845,1.182,0.6107,44,104,103.71428571428571,1,50,0.02448,151.5,3.03,50.0,0.02448,REORDENAR,True
MASS0407,lumpy,A,0.95,133.0,17.65384615384615,17.65384615384615,0.0,,1.1769230769230767,13.0,0.6111,4,141,140.28571428571428,0,0,0.0,0.0,2.35,100.0,0.05,OK,False
MASS2586,lumpy,A,0.95,43.0,37.05882352941177,37.05882352941177,0.0,,2.4705882352941178,1.545,2.1953,11,17,16.714285714285715,0,0,0.0,0.0,9.9,1.0,0.017061,OK,False
MASS1694,lumpy,A,0.95,38.0,38.94230769230769,38.94230769230769,0.0,,2.5961538461538463,1.529,0.8977,34,115,114.42857142857143,1,60,0.038304,312.0,5.2,60.0,0.038304,REORDENAR,True
MASS1882,lumpy,A,0.95,0.0,11.325,11.325,0.0,,0.7549999999999999,3.059,1.468,17,71,69.85714285714286,1,1,0.05,1.0,1.0,1.0,0.05,REORDENAR,True
MASS2361,lumpy,A,0.95,0.0,5.3625,5.3625,0.0,,0.3575,2.143,0.8896,14,30,29.428571428571427,1,4,0.0964748,60.0,15.0,4.0,0.0964748,REORDENAR,True
MASS2234,lumpy,A,0.95,30.0,42.92307692307693,42.92307692307693,0.0,,2.8615384615384616,1.696,1.667,23,39,38.714285714285715,1,40,0.023896,456.0,11.4,40.0,0.023896,REORDENAR,True
MASS2212,lumpy,A,0.95,0.0,16.159615384615368,16.159615384615368,0.0,,1.0773076923076912,1.56,3.6064,25,39,38.714285714285715,1,75,0.4125,150.0,2.0,75.0,0.4125,REORDENAR,True
MASS2243,lumpy,A,0.95,0.0,22.5,22.5,0.0,,1.5,3.077,0.5228,13,40,39.285714285714285,1,50,0.1225,132.5,2.65,50.0,0.1225,REORDENAR,True
MASS1401,sin_datos,A,0.95,9.0,0.17307692307692307,0.17307692307692307,0.0,,0.011538461538461539,52.0,,1,134,133.57142857142858,0,0,0.0,0.0,1.0,1.0,0.05,OK,False
MASS0440,sin_datos,A,0.95,0.0,0.17307692307692307,0.17307692307692307,0.0,,0.011538461538461539,52.0,,1,142,141.28571428571428,1,100,0.047089,240.0,2.4,100.0,0.047089,REORDENAR,True
MASS1722,lumpy,A,0.95,1.0,42.375,42.375,0.0,,2.825,2.364,0.9001,22,115,114.42857142857143,1,90,0.132192,448.20000000000005,4.98,90.0,0.132192,REORDENAR,True
MASS1426,lumpy,A,0.95,71.0,51.90865384615382,51.90865384615382,0.0,,3.460576923076921,2.737,3.8742,19,137,136.28571428571428,0,0,0.0,0.0,1.0,1.0,0.05,OK,False
MASS1931,lumpy,A,0.95,0.0,17.290384615384614,17.290384615384614,0.0,,1.1526923076923077,2.364,0.9237,22,71,70.28571428571429,1,50,0.05168,122.50000000000001,2.45,50.0,0.05168,REORDENAR,True
MASS2200,erratic,A,0.95,0.0,171.9364463937949,85.49999999999999,86.43644639379492,,5.699999999999999,1.273,2.7508,33,42,41.142857142857146,1,150,0.093439,387.0,2.58,150.0,0.093439,REORDENAR,True
MASS1558,intermittent,A,0.95,0.0,0.25961538461538464,0.25961538461538464,0.0,,0.01730769230769231,17.333,0.0,3,125,123.85714285714286,1,9,0.122112,84.14999999999999,9.35,9.0,0.122112,REORDENAR,True
MASS1742,lumpy,A,0.95,172.0,39.333173076923075,39.333173076923075,0.0,,2.6222115384615385,3.714,1.0776,14,116,115.28571428571429,0,0,0.0,0.0,0.9,50.0,0.05,OK,False
MASS1470,lumpy,A,0.95,68.0,24.951923076923077,24.951923076923077,0.0,,1.6634615384615385,3.25,0.7449,16,141,140.28571428571428,0,0,0.0,0.0,5.1,100.0,0.06912,OK,False
MASS0009,sin_datos,A,0.95,0.0,0.0,0.0,0.0,,0.0,inf,,0,128,127.14285714285714,1,1,0.05,1.0,1.0,1.0,0.05,REORDENAR,True
MASS1832,lumpy,A,0.95,0.0,11.189423076923077,11.189423076923077,0.0,,0.7459615384615385,17.333,1.0823,3,92,91.14285714285714,1,14,0.05,32.9,2.35,14.0,0.05,REORDENAR,True
MASS1405,sin_datos,A,0.95,0.0,0.0,0.0,0.0,,0.0,inf,,0,139,138.28571428571428,1,1,0.05,1.0,1.0,1.0,0.05,REORDENAR,True
MASS2225,erratic,A,0.95,48.0,118.04693046841115,61.52884615384615,56.518084314564994,,4.101923076923077,1.083,1.3961,36,39,38.714285714285715,1,50,0.072,93.0,1.86,50.0,0.072,REORDENAR,True
MASS2589,erratic,A,0.95,37.0,110.68179560336864,72.13235294117646,38.54944266219218,,4.8088235294117645,1.062,1.0222,16,17,16.714285714285715,1,10,0.08982675,25.0,2.5,10.0,0.08982675,REORDENAR,True
MASS1822,intermittent,A,0.95,0.0,0.5483712715855573,0.5483712715855573,0.0,,0.03655808477237049,8.667,0.1224,6,92,91.14285714285714,1,100,0.06625,260.0,2.6,100.0,0.06625,REORDENAR,True
MASS1718,lumpy,A,0.95,1.0,113.76923076923076,113.76923076923076,0.0,,7.584615384615384,1.529,0.5135,34,115,114.42857142857143,1,100,0.026488,40.0,0.4,100.0,0.026488,REORDENAR,True
MASS0700,lumpy,A,0.95,0.0,36.19903846153846,36.19903846153846,0.0,,2.4132692307692305,1.529,0.5014,34,141,140.28571428571428,1,100,0.0462,54.0,0.54,100.0,0.0462,REORDENAR,True
MASS0821,lumpy,A,0.95,0.0,15.692307692307676,15.692307692307676,0.0,,1.046153846153845,2.737,2.6458,19,142,141.42857142857142,1,1,0.05,1.5,1.5,1.0,0.05,REORDENAR,True
MASS1834,intermittent,A,0.95,0.0,9.973384615384616,9.973384615384616,0.0,,0.6648923076923077,26.0,0.32,2,92,91.14285714285714,1,14,0.05,32.9,2.35,14.0,0.05,REORDENAR,True
MASS2395,lumpy,A,0.95,147.0,30.40887096774193,30.40887096774193,0.0,,2.0272580645161287,6.2,0.8377,5,31,30.714285714285715,0,0,0.0,0.0,4.5,10.0,0.05,OK,False
MASS1676,sin_datos,A,0.95,0.0,0.0,0.0,0.0,,0.0,inf,,0,125,124.42857142857143,1,1,0.05,1.0,1.0,1.0,0.05,REORDENAR,True
MASS1831,intermittent,A,0.95,0.0,9.973384615384616,9.973384615384616,0.0,,0.6648923076923077,26.0,0.32,2,92,91.14285714285714,1,14,0.05,32.9,2.35,14.0,0.05,REORDENAR,True
MASS1107,lumpy,A,0.95,0.0,6.317307692307692,6.317307692307692,0.0,,0.4211538461538461,2.476,1.7254,21,71,69.85714285714286,1,100,0.088407,580.0,5.8,100.0,0.088407,REORDENAR,True
MASS0820,sin_datos,A,0.95,0.0,0.08653846153846154,0.08653846153846154,0.0,,0.0057692307692307696,52.0,,1,142,141.14285714285714,1,100,0.045325,362.0,3.62,100.0,0.045325,REORDENAR,True
MASS0593,lumpy,A,0.95,59.0,27.17307692307692,27.17307692307692,0.0,,1.8115384615384613,3.467,0.6749,15,141,140.28571428571428,0,0,0.0,0.0,5.1,100.0,0.06912,OK,False
MASS1810,lumpy,A,0.95,8.0,18.801923076923075,18.801923076923075,0.0,,1.2534615384615384,1.576,0.7888,33,102,101.71428571428571,1,50,0.1026,190.0,3.8,50.0,0.1026,REORDENAR,True
MASS0021,lumpy,A,0.95,0.0,75.76153846153845,75.76153846153845,0.0,,5.05076923076923,1.486,0.6486,35,138,137.42857142857142,1,300,0.05,60.0,0.2,300.0,0.05,REORDENAR,True
MASS1452,lumpy,A,0.95,0.0,17.515384615384605,17.515384615384605,0.0,,1.167692307692307,2.261,4.8351,23,123,122.57142857142857,1,24,0.02565,35.519999999999996,1.48,24.0,0.02565,REORDENAR,True
MASS1792,lumpy,A,0.95,0.0,19.176923076923075,19.176923076923075,0.0,,1.2784615384615383,1.576,1.3316,33,98,97.14285714285714,1,1,0.05,1.0,1.0,1.0,0.05,REORDENAR,True
MASS2405,lumpy,A,0.95,103.0,67.18548387096773,67.18548387096773,0.0,,4.479032258064516,2.214,0.5258,14,31,30.285714285714285,0,0,0.0,0.0,26.0,1.0,0.12544,OK,False
MASS0805,sin_datos,A,0.95,0.0,0.0,0.0,0.0,,0.0,inf,,0,117,116.57142857142857,1,1,0.05,1.0,1.0,1.0,0.05,REORDENAR,True
MASS1518,sin_datos,A,0.95,0.0,0.0,0.0,0.0,,0.0,inf,,0,125,123.85714285714286,1,50,0.05,200.0,4.0,50.0,0.05,REORDENAR,True
MASS2006,sin_datos,A,0.95,0.0,0.0,0.0,0.0,,0.0,inf,,0,71,69.85714285714286,1,1,0.05,1.0,1.0,1.0,0.05,REORDENAR,True
MASS1295,lumpy,A,0.95,0.0,4.5346153846153845,4.5346153846153845,0.0,,0.3023076923076923,4.0,0.9271,13,125,123.85714285714286,1,32,0.07395,92.8,2.9,32.0,0.07395,REORDENAR,True
MASS0781,lumpy,A,0.95,0.0,19.696153846153837,19.696153846153837,0.0,,1.3130769230769226,1.793,2.0568,29,135,134.57142857142858,1,200,0.1,94.0,0.47,200.0,0.1,REORDENAR,True
MASS1537,intermittent,A,0.95,0.0,0.17307692307692307,0.17307692307692307,0.0,,0.011538461538461539,26.0,0.0,2,125,123.85714285714286,1,8,0.10472,160.0,20.0,8.0,0.10472,REORDENAR,True
MASS2152,lumpy,A,0.95,84.0,64.1326530612245,64.1326530612245,0.0,,4.275510204081633,1.885,0.6747,26,49,48.714285714285715,0,0,0.0,0.0,1.7,60.0,0.134992,OK,False
MASS1691,lumpy,A,0.95,0.0,14.10576923076923,14.10576923076923,0.0,,0.9403846153846154,2.167,0.6268,24,115,114.42857142857143,1,150,0.175,165.0,1.1,150.0,0.175,REORDENAR,True
MASS1883,lumpy,A,0.95,0.0,19.615384615384617,19.615384615384617,0.0,,1.3076923076923077,2.364,1.6589,22,71,69.85714285714286,1,1,0.05,1.0,1.0,1.0,0.05,REORDENAR,True
MASS0663,sin_datos,A,0.95,0.0,0.0,0.0,0.0,,0.0,inf,,0,125,124.28571428571429,1,1,0.05,1.0,1.0,1.0,0.05,REORDENAR,True
MASS2197,lumpy,A,0.95,45.0,5.464285714285714,5.464285714285714,0.0,,0.36428571428571427,7.0,1.0394,6,42,41.142857142857146,0,0,0.0,0.0,31.0,12.0,0.05,OK,False
MASS2602,lumpy,A,0.95,0.0,69.99642857142858,69.99642857142858,0.0,,4.666428571428572,1.75,0.7808,8,14,13.571428571428571,1,9,0.0105315,49.5,5.5,9.0,0.0105315,REORDENAR,True
MASS1363,sin_datos,A,0.95,0.0,0.0,0.0,0.0,,0.0,inf,,0,120,119.71428571428571,1,1,0.05,1.0,1.0,1.0,0.05,REORDENAR,True
MASS1753,lumpy,A,0.95,1080.0,24.144230769230766,24.144230769230766,0.0,,1.6096153846153844,3.25,0.5793,16,116,115.28571428571429,0,0,0.0,0.0,1.0,1.0,0.05,OK,False
MASS1849,sin_datos,A,0.95,0.0,0.0,0.0,0.0,,0.0,inf,,0,96,94.85714285714286,1,1,0.05,1.0,1.0,1.0,0.05,REORDENAR,True
MASS0953,lumpy,A,0.95,13.0,32.538461538461526,32.538461538461526,0.0,,2.169230769230768,2.08,1.3763,25,125,123.85714285714286,1,70,0.05,154.0,2.2,70.0,0.05,REORDENAR,True
MASS1430,lumpy,A,0.95,46.0,14.769230769230768,14.769230769230768,0.0,,0.9846153846153846,3.059,1.1608,17,138,137.42857142857142,0,0,0.0,0.0,1.42,25.0,0.1548,OK,False
MASS2432,lumpy,A,0.95,118.0,16.499999999999993,16.499999999999993,0.0,,1.0999999999999996,4.286,1.0514,7,30,29.571428571428573,0,0,0.0,0.0,12.32,1.0,0.02562,OK,False
MASS1864,lumpy,A,0.95,0.0,3.5999999999999996,3.5999999999999996,0.0,,0.23999999999999996,5.778,1.0347,9,71,69.85714285714286,1,1,0.05,1.0,1.0,1.0,0.05,REORDENAR,True
MASS0906,lumpy,A,0.95,66.0,18.98076923076923,18.98076923076923,0.0,,1.2653846153846153,3.467,0.8637,15,141,140.28571428571428,0,0,0.0,0.0,7.2,40.0,0.05,OK,False
MASS1824,lumpy,A,0.95,0.0,3.9721153846153836,3.9721153846153836,0.0,,0.26480769230769224,6.5,2.2634,8,92,91.14285714285714,1,1,0.05,1.0,1.0,1.0,0.05,REORDENAR,True
MASS1424,lumpy,A,0.95,624.0,85.21153846153845,85.21153846153845,0.0,,5.68076923076923,1.793,1.6029,29,137,136.28571428571428,0,0,0.0,0.0,1.0,1.0,0.05,OK,False
MASS1802,lumpy,A,0.95,0.0,7.148076923076921,7.148076923076921,0.0,,0.4765384615384614,3.467,1.8035,15,102,101.71428571428571,1,60,0.0715968,240.0,4.0,60.0,0.0715968,REORDENAR,True
MASS0841,erratic,A,0.95,0.0,121.17523997537756,75.11538461538461,46.059855359992945,,5.007692307692308,1.238,1.2596,42,115,114.42857142857143,1,100,0.062868,85.0,0.85,100.0,0.062868,REORDENAR,True
MASS1723,lumpy,B,0.9,75.0,15.490384615384613,15.490384615384613,0.0,,1.0326923076923076,1.926,0.8591,27,115,114.42857142857143,0,0,0.0,0.0,4.4,60.0,0.01875,OK,False
MASS0881,lumpy,B,0.9,76.0,81.92307692307692,81.92307692307692,0.0,,5.461538461538462,1.677,0.9061,31,119,117.85714285714286,1,144,0.141588,57.6,0.4,144.0,0.141588,REORDENAR,True
MASS1415,intermittent,B,0.9,220.0,9.066833581930535,9.066833581930535,0.0,,0.6044555721287023,8.667,0.3756,6,138,137.42857142857142,0,0,0.0,0.0,1.0,1.0,0.05,OK,False
MASS1813,lumpy,B,0.9,0.0,11.961057692307689,11.961057692307689,0.0,,0.797403846153846,4.333,1.3298,12,102,101.71428571428571,1,60,0.0715968,240.0,4.0,60.0,0.0715968,REORDENAR,True
MASS1686,lumpy,B,0.9,0.0,4.759615384615384,4.759615384615384,0.0,,0.3173076923076923,2.476,1.0815,21,119,117.85714285714286,1,1,0.05,1.0,1.0,1.0,0.05,REORDENAR,True
MASS2397,lumpy,B,0.9,187.0,77.47258064516129,77.47258064516129,0.0,,5.164838709677419,2.385,0.9477,13,31,30.571428571428573,0,0,0.0,0.0,3.7,30.0,0.05,OK,False
MASS2366,erratic,B,0.9,24.0,59.705005360203,36.5,23.205005360203003,,2.433333333333333,1.154,1.1864,26,30,29.571428571428573,1,10,0.0682375,47.0,4.7,10.0,0.0682375,REORDENAR,True
MASS1978,lumpy,B,0.9,0.0,4.225961538461538,4.225961538461538,0.0,,0.28173076923076923,7.429,0.7906,7,73,71.85714285714286,1,20,0.045279,66.0,3.3,20.0,0.045279,REORDENAR,True
MASS2187,erratic,B,0.9,114.0,140.16317166595314,88.99999999999999,51.16317166595316,,5.933333333333333,1.273,1.5915,33,42,41.142857142857146,1,1,0.002199375,1.9,1.9,1.0,0.002199375,REORDENAR,True
MASS1895,intermittent,B,0.9,0.0,0.3861346153846153,0.3861346153846153,0.0,,0.025742307692307686,13.0,0.16,4,76,75.28571428571429,1,8,0.12177,24.0,3.0,8.0,0.12177,REORDENAR,True
MASS2036,lumpy,B,0.9,24.0,20.112,20.112,0.0,,1.3408,1.562,1.452,32,50,48.857142857142854,0,0,0.0,0.0,1.0,1.0,0.05,OK,False
MASS2232,lumpy,B,0.9,24.0,58.99999999999999,58.99999999999999,0.0,,3.9333333333333327,1.696,1.2532,23,39,38.714285714285715,1,1,0.05,1.0,1.0,1.0,0.05,REORDENAR,True
MASS1604,sin_datos,B,0.9,0.0,0.0,0.0,0.0,,0.0,inf,,0,125,123.85714285714286,1,10,0.05,51.2,5.12,10.0,0.05,REORDENAR,True
MASS1454,intermittent,B,0.9,1.0,0.6760384615384614,0.6760384615384614,0.0,,0.04506923076923076,6.5,0.32,8,122,121.28571428571429,0,0,0.0,0.0,1.0,1.0,0.05,OK,False
MASS1804,lumpy,B,0.9,0.0,14.08846153846153,14.08846153846153,0.0,,0.9392307692307686,4.0,1.8861,13,102,101.71428571428571,1,60,0.18054,54.0,0.9,60.0,0.18054,REORDENAR,True
MASS1429,lumpy,B,0.9,41.0,14.437499999999996,14.437499999999996,0.0,,0.9624999999999998,2.889,1.2628,18,138,137.42857142857142,0,0,0.0,0.0,1.42,25.0,0.1548,OK,False
MASS0550,intermittent,B,0.9,0.0,0.34615384615384615,0.34615384615384615,0.0,,0.023076923076923078,26.0,0.0,2,102,101.14285714285714,1,1,0.05,1.0,1.0,1.0,0.05,REORDENAR,True
MASS0505,sin_datos,B,0.9,0.0,0.0,0.0,0.0,,0.0,inf,,0,132,131.42857142857142,1,1,0.05,1.0,1.0,1.0,0.05,REORDENAR,True
MASS1670,intermittent,B,0.9,0.0,0.31569230769230766,0.31569230769230766,0.0,,0.021046153846153843,17.333,0.48,3,119,117.85714285714286,1,1,0.05,1.0,1.0,1.0,0.05,REORDENAR,True
MASS2733,erratic,B,0.9,18.0,81.71182792097281,65.25,16.4618279209728,,4.35,1.0,0.5432,4,4,3.4285714285714284,1,4,0.114048,184.0,46.0,4.0,0.114048,REORDENAR,True
MASS0742,sin_datos,B,0.9,0.0,0.0,0.0,0.0,,0.0,inf,,0,102,101.14285714285714,1,1,0.05,1.0,1.0,1.0,0.05,REORDENAR,True
MASS0601,lumpy,B,0.9,18.0,71.25,71.25,0.0,,4.75,1.793,0.5043,29,141,140.28571428571428,1,120,0.0648,150.0,1.25,120.0,0.0648,REORDENAR,True
MASS2410,intermittent,B,0.9,28.0,50.13422776845553,50.13422776845553,0.0,,3.3422818512303687,1.938,0.3586,16,31,30.285714285714285,1,1,0.05,1.0,1.0,1.0,0.05,REORDENAR,True
MASS2018,lumpy,B,0.9,19.0,39.959999999999994,39.959999999999994,0.0,,2.6639999999999997,1.667,0.8941,30,50,48.857142857142854,1,70,0.1677,213.5,3.05,70.0,0.1677,REORDENAR,True
MASS0950,intermittent,B,0.9,1.0,22.331564002262233,22.331564002262233,0.0,,1.4887709334841488,3.25,0.4632,16,125,123.85714285714286,1,70,0.05,192.5,2.75,70.0,0.05,REORDENAR,True
MASS2321,erratic,B,0.9,49.0,94.45794403241837,53.429999999999986,41.02794403241839,,3.561999999999999,1.25,2.5141,24,30,29.571428571428573,1,46,0.054756,220.79999999999998,4.8,46.0,0.054756,REORDENAR,True
MASS1570,lumpy,B,0.9,0.0,0.6749999999999999,0.6749999999999999,0.0,,0.045,26.0,0.5,2,129,127.85714285714286,1,1,0.05,1.0,1.0,1.0,0.05,REORDENAR,True
MASS1649,lumpy,B,0.9,26.0,15.634615384615383,15.634615384615383,0.0,,1.0423076923076922,1.444,1.398,36,119,117.85714285714286,0,0,0.0,0.0,0.68,200.0,0.043,OK,False
MASS1054,lumpy,B,0.9,3.0,15.24807692307692,15.24807692307692,0.0,,1.0165384615384614,2.08,1.8863,25,110,109.71428571428571,1,200,0.01188,1100.0,5.5,200.0,0.01188,REORDENAR,True
MASS1082,erratic,B,0.9,170.0,92.03934207924885,68.84134615384616,23.197995925402694,,4.589423076923078,1.182,0.6262,44,129,128.42857142857142,0,0,0.0,0.0,0.58,105.0,0.08424,OK,False
MASS1739,lumpy,B,0.9,8.0,19.722115384615385,19.722115384615385,0.0,,1.3148076923076923,4.333,0.6739,12,116,115.28571428571429,1,50,0.05,42.5,0.85,50.0,0.05,REORDENAR,True
MASS1314,sin_datos,B,0.9,0.0,0.0,0.0,0.0,,0.0,inf,,0,141,140.42857142857142,1,1,0.05,1.0,1.0,1.0,0.05,REORDENAR,True
MASS2416,intermittent,B,0.9,3.0,18.21596557617187,18.21596557617187,0.0,,1.2143977050781247,10.0,0.0754,3,30,29.428571428571427,1,8,0.05,38.4,4.8,8.0,0.05,REORDENAR,True
MASS1549,lumpy,B,0.9,0.0,29.27019230769231,29.27019230769231,0.0,,1.9513461538461538,1.733,1.5127,30,125,123.85714285714286,1,220,0.09867,149.60000000000002,0.68,220.0,0.09867,REORDENAR,True
MASS2079,erratic,B,0.9,355.0,94.03709770364452,45.12857142857142,48.90852627507311,,3.008571428571428,1.05,1.2921,40,42,41.142857142857146,0,0,0.0,0.0,1.4,100.0,0.033495,OK,False
MASS0189,lumpy,B,0.9,105.0,35.30769230769231,35.30769230769231,0.0,,2.353846153846154,2.476,3.0511,21,130,129.42857142857142,0,0,0.0,0.0,0.95,300.0,0.120615,OK,False
MASS1996,lumpy,B,0.9,37.0,56.307692307692285,56.307692307692285,0.0,,3.7538461538461525,4.0,1.0761,13,73,71.85714285714286,1,100,0.07,100.0,1.0,100.0,0.07,REORDENAR,True
MASS1639,lumpy,B,0.9,0.0,8.203846153846152,8.203846153846152,0.0,,0.5469230769230768,3.467,1.0369,15,119,117.85714285714286,1,1,0.05,1.0,1.0,1.0,0.05,REORDENAR,True
MASS2130,lumpy,B,0.9,499.0,37.354838709677416,37.354838709677416,0.0,,2.490322580645161,2.818,0.7062,11,31,30.571428571428573,0,0,0.0,0.0,3.7,1.0,0.006,OK,False
MASS0786,lumpy,B,0.9,0.0,58.15384615384615,58.15384615384615,0.0,,3.876923076923077,2.889,0.6151,18,138,137.57142857142858,1,200,0.11628,136.0,0.68,200.0,0.11628,REORDENAR,True
MASS1654,lumpy,B,0.9,17.0,1.1466346153846152,1.1466346153846152,0.0,,0.07644230769230768,13.0,0.7891,4,119,118.14285714285714,0,0,0.0,0.0,1.0,1.0,0.05,OK,False
MASS1692,lumpy,B,0.9,0.0,13.949999999999998,13.949999999999998,0.0,,0.9299999999999998,1.733,0.8294,30,115,114.42857142857143,1,150,0.147,165.0,1.1,150.0,0.147,REORDENAR,True
MASS0957,lumpy,B,0.9,0.0,5.235576923076923,5.235576923076923,0.0,,0.3490384615384616,2.6,1.3018,20,125,123.85714285714286,1,70,0.05,164.5,2.35,70.0,0.05,REORDENAR,True
MASS2421,intermittent,B,0.9,7.0,17.59473408,17.59473408,0.0,,1.1729822719999998,10.0,0.0958,3,30,29.428571428571427,1,8,0.05,38.4,4.8,8.0,0.05,REORDENAR,True
MASS1862,lumpy,B,0.9,0.0,3.149999999999999,3.149999999999999,0.0,,0.20999999999999994,5.778,2.4049,9,71,69.85714285714286,1,30,0.219375,156.0,5.2,30.0,0.219375,REORDENAR,True
MASS1601,lumpy,B,0.9,3.0,26.999999999999996,26.999999999999996,0.0,,1.7999999999999998,2.737,0.7186,19,125,123.85714285714286,1,70,0.05,192.5,2.75,70.0,0.05,REORDENAR,True
MASS2217,lumpy,B,0.9,0.0,3.980769230769231,3.980769230769231,0.0,,0.2653846153846154,6.5,1.2284,6,39,38.714285714285715,1,1,0.081675,29.5,29.5,1.0,0.081675,REORDENAR,True
MASS1627,lumpy,B,0.9,0.0,31.41346153846154,31.41346153846154,0.0,,2.0942307692307693,2.0,1.6166,26,125,123.85714285714286,1,220,0.09867,149.60000000000002,0.68,220.0,0.09867,REORDENAR,True
MASS0506,intermittent,B,0.9,1.0,2.330769230769231,2.330769230769231,0.0,,0.1553846153846154,8.667,0.384,6,132,131.42857142857142,1,1,0.05,1.0,1.0,1.0,0.05,REORDENAR,True
MASS1173,lumpy,B,0.9,13.0,4.538942307692308,4.538942307692308,0.0,,0.30259615384615385,3.714,1.1737,14,142,141.28571428571428,0,0,0.0,0.0,3.2,10.0,0.091632,OK,False
MASS1981,intermittent,B,0.9,0.0,0.34615384615384615,0.34615384615384615,0.0,,0.023076923076923078,13.0,0.0,4,73,71.85714285714286,1,6,0.144652,43.2,7.2,6.0,0.144652,REORDENAR,True
MASS1275,intermittent,B,0.9,0.0,26.372982998867563,26.372982998867563,0.0,,1.758198866591171,2.6,0.4385,20,100,99.14285714285714,1,100,0.0387,450.0,4.5,100.0,0.0387,REORDENAR,True
MASS0648,lumpy,B,0.9,19.0,3.4874999999999994,3.4874999999999994,0.0,,0.23249999999999996,5.2,0.8419,10,142,141.28571428571428,0,0,0.0,0.0,3.2,10.0,0.091632,OK,False
MASS1423,intermittent,B,0.9,0.0,0.4623626373626374,0.4623626373626374,0.0,,0.030824175824175827,17.333,0.4286,3,138,137.42857142857142,1,1,0.05,1.0,1.0,1.0,0.05,REORDENAR,True
MASS2436,lumpy,B,0.9,0.0,2.6999999999999997,2.6999999999999997,0.0,,0.18,2.727,0.6545,11,30,29.571428571428573,1,5,0.187308,85.0,17.0,5.0,0.187308,REORDENAR,True
MASS1994,lumpy,B,0.9,2.0,10.811538461538463,10.811538461538463,0.0,,0.7207692307692308,1.926,1.7624,27,73,71.85714285714286,1,1,0.05,1.0,1.0,1.0,0.05,REORDENAR,True
MASS2471,lumpy,B,0.9,283.0,38.00999999999999,38.00999999999999,0.0,,2.5339999999999994,3.571,1.5961,7,25,23.857142857142858,0,0,0.0,0.0,4.0,10.0,0.05,OK,False
MASS1975,erratic,B,0.9,0.0,99.42360890876503,59.00480769230769,40.41880121645734,,3.933653846153846,1.182,2.0951,44,73,71.85714285714286,1,80,0.10668875,110.39999999999999,1.38,80.0,0.10668875,REORDENAR,True
MASS1346,lumpy,B,0.9,0.0,1.4495192307692308,1.4495192307692308,0.0,,0.09663461538461539,8.667,1.0173,6,132,131.42857142857142,1,1,0.05,1.0,1.0,1.0,0.05,REORDENAR,True
MASS0608,lumpy,B,0.9,36.0,11.769230769230768,11.769230769230768,0.0,,0.7846153846153846,3.467,1.0317,15,141,140.28571428571428,0,0,0.0,0.0,4.35,80.0,0.028,OK,False
MASS1724,lumpy,B,0.9,0.0,0.9519230769230769,0.9519230769230769,0.0,,0.06346153846153846,7.429,0.6213,7,115,114.42857142857143,1,12,0.062832,198.0,16.5,12.0,0.062832,REORDENAR,True
MASS2785,erratic,B,0.9,11.0,67.31148844386281,51.0,16.311488443862814,,3.4,1.0,0.9343,5,5,3.857142857142857,1,1,0.05,1.0,1.0,1.0,0.05,REORDENAR,True
MASS1798,lumpy,B,0.9,240.0,38.809615384615384,38.809615384615384,0.0,,2.587307692307692,3.059,2.5065,17,102,101.71428571428571,0,0,0.0,0.0,0.85,96.0,0.104412,OK,False
MASS2418,lumpy,B,0.9,12.0,17.595,17.595,0.0,,1.1729999999999998,7.5,0.5778,4,30,29.428571428571427,1,8,0.05,38.4,4.8,8.0,0.05,REORDENAR,True
MASS1530,lumpy,B,0.9,43.0,17.371153846153845,17.371153846153845,0.0,,1.158076923076923,1.793,1.296,29,125,123.85714285714286,0,0,0.0,0.0,4.4,1.0,0.05,OK,False
MASS1715,intermittent,B,0.9,0.0,7.287242338268513,7.287242338268513,0.0,,0.4858161558845675,2.261,0.4708,23,115,114.42857142857143,1,40,0.055692,135.2,3.38,40.0,0.055692,REORDENAR,True
MASS1063,lumpy,B,0.9,0.0,3.708173076923076,3.708173076923076,0.0,,0.2472115384615384,6.5,0.9743,8,133,132.71428571428572,1,1,0.05,1.0,1.0,1.0,0.05,REORDENAR,True
MASS2473,lumpy,B,0.9,288.0,37.56,37.56,0.0,,2.504,4.167,1.3594,6,25,23.857142857142858,0,0,0.0,0.0,4.0,10.0,0.05,OK,False
MASS2472,lumpy,B,0.9,288.0,37.56,37.56,0.0,,2.504,4.167,1.3594,6,25,23.857142857142858,0,0,0.0,0.0,4.0,10.0,0.05,OK,False
MASS2241,lumpy,B,0.9,2.0,15.794999999999996,15.794999999999996,0.0,,1.0529999999999997,1.379,0.9369,29,40,39.285714285714285,1,120,0.045696,120.0,1.0,120.0,0.045696,REORDENAR,True
MASS2420,intermittent,B,0.9,13.0,16.226212131911588,16.226212131911588,0.0,,1.0817474754607725,10.0,0.154,3,30,29.428571428571427,1,8,0.05,38.4,4.8,8.0,0.05,REORDENAR,True
MASS0327,lumpy,B,0.9,0.0,21.96923076923077,21.96923076923077,0.0,,1.4646153846153847,2.261,0.9134,23,142,141.28571428571428,1,100,0.0373275,140.0,1.4,100.0,0.0373275,REORDENAR,True
MASS2037,lumpy,B,0.9,0.0,15.074999999999996,15.074999999999996,0.0,,1.0049999999999997,2.0,1.449,25,50,48.857142857142854,1,1,0.05,1.0,1.0,1.0,0.05,REORDENAR,True
MASS1725,lumpy,B,0.9,362.0,85.32692307692307,85.32692307692307,0.0,,5.688461538461538,1.625,1.6957,32,115,114.42857142857143,0,0,0.0,0.0,1.0,96.0,0.024576,OK,False
MASS2419,intermittent,B,0.9,14.0,15.980420856075842,15.980420856075842,0.0,,1.065361390405056,10.0,0.1663,3,30,29.428571428571427,1,8,0.05,38.4,4.8,8.0,0.05,REORDENAR,True
MASS0846,lumpy,B,0.9,62.0,31.875,31.875,0.0,,2.125,3.25,0.6667,16,137,136.57142857142858,0,0,0.0,0.0,2.8,50.0,0.0656,OK,False
MASS2479,lumpy,B,0.9,451.0,37.754999999999995,37.754999999999995,0.0,,2.5169999999999995,2.273,1.4476,11,25,24.142857142857142,0,0,0.0,0.0,3.8,16.0,0.05,OK,False
MASS1543,lumpy,B,0.9,43.0,60.144230769230774,60.144230769230774,0.0,,4.009615384615385,1.857,2.3359,28,125,123.85714285714286,1,60,0.05,48.0,0.8,60.0,0.05,REORDENAR,True
MASS1653,intermittent,B,0.9,0.0,0.25961538461538464,0.25961538461538464,0.0,,0.01730769230769231,17.333,0.0,3,119,117.85714285714286,1,1,0.05,1.0,1.0,1.0,0.05,REORDENAR,True
MASS0769,lumpy,B,0.9,0.0,6.810576923076922,6.810576923076922,0.0,,0.45403846153846145,2.364,0.7674,22,140,139.28571428571428,1,1,0.05,1.0,1.0,1.0,0.05,REORDENAR,True
MASS2417,intermittent,B,0.9,0.0,13.02675490779298,13.02675490779298,0.0,,0.8684503271861987,7.5,0.4804,4,30,29.428571428571427,1,8,0.05,38.4,4.8,8.0,0.05,REORDENAR,True
MASS0592,lumpy,B,0.9,75.0,23.365384615384617,23.365384615384617,0.0,,1.5576923076923077,4.727,0.753,11,141,140.28571428571428,0,0,0.0,0.0,5.1,150.0,0.08748,OK,False
MASS2598,intermittent,B,0.9,161.0,69.3236313472627,69.3236313472627,0.0,,4.621575423150847,2.333,0.3995,6,14,13.571428571428571,0,0,0.0,0.0,5.5,9.0,0.105315,OK,False
MASS0332,lumpy,B,0.9,175.0,40.687499999999964,40.687499999999964,0.0,,2.7124999999999977,2.889,5.7016,18,142,141.28571428571428,0,0,0.0,0.0,0.6,200.0,0.151998,OK,False
MASS0687,lumpy,B,0.9,238.0,132.28846153846152,132.28846153846152,0.0,,8.819230769230767,2.08,0.7825,25,141,140.28571428571428,0,0,0.0,0.0,0.35,200.0,0.055614,OK,False
MASS1472,lumpy,B,0.9,0.0,3.1370192307692304,3.1370192307692304,0.0,,0.20913461538461536,4.333,1.1382,12,141,140.28571428571428,1,30,0.055692,234.0,7.8,30.0,0.055692,REORDENAR,True
MASS2112,lumpy,B,0.9,0.0,5.860714285714284,5.860714285714284,0.0,,0.3907142857142856,6.0,0.8095,7,42,41.142857142857146,1,50,0.04557,750.0,15.0,50.0,0.04557,REORDENAR,True
MASS1977,lumpy,B,0.9,244.0,42.17307692307692,42.17307692307692,0.0,,2.8115384615384613,1.333,4.5693,39,73,72.14285714285714,0,0,0.0,0.0,0.95,80.0,0.06,OK,False
MASS1912,lumpy,B,0.9,0.0,25.251923076923077,25.251923076923077,0.0,,1.6834615384615386,1.576,1.4526,33,71,69.85714285714286,1,200,0.129792,196.0,0.98,200.0,0.129792,REORDENAR,True
MASS1860,lumpy,B,0.9,0.0,5.841346153846153,5.841346153846153,0.0,,0.38942307692307687,5.2,1.8896,10,71,69.85714285714286,1,30,0.158061,94.5,3.15,30.0,0.158061,REORDENAR,True
MASS2359,lumpy,B,0.9,0.0,54.15,54.15,0.0,,3.61,1.667,0.5604,18,30,29.571428571428573,1,20,0.101802,69.6,3.48,20.0,0.101802,REORDENAR,True
MASS1569,sin_datos,B,0.9,0.0,0.17307692307692307,0.17307692307692307,0.0,,0.011538461538461539,52.0,,1,129,127.85714285714286,1,1,0.05,1.0,1.0,1.0,0.05,REORDENAR,True
MASS1868,lumpy,B,0.9,0.0,1.6528846153846148,1.6528846153846148,0.0,,0.11019230769230766,6.5,3.0794,8,82,80.85714285714286,1,1,0.05,1.0,1.0,1.0,0.05,REORDENAR,True
MASS1902,lumpy,B,0.9,41.0,4.7235576923076925,4.7235576923076925,0.0,,0.31490384615384615,4.333,0.7946,12,71,69.85714285714286,0,0,0.0,0.0,9.65,16.0,0.11285,OK,False
MASS1954,lumpy,B,0.9,0.0,4.084615384615384,4.084615384615384,0.0,,0.2723076923076923,5.778,0.5625,9,71,70.28571428571429,1,50,0.07326,480.0,9.6,50.0,0.07326,REORDENAR,True
MASS0351,lumpy,B,0.9,0.0,2.7778846153846146,2.7778846153846146,0.0,,0.18519230769230766,3.714,1.4359,14,116,115.28571428571429,1,1,0.05,1.0,1.0,1.0,0.05,REORDENAR,True
MASS0498,lumpy,B,0.9,58.0,43.21153846153845,43.21153846153845,0.0,,2.8807692307692303,1.926,1.5629,27,141,140.28571428571428,0,0,0.0,0.0,3.2,50.0,0.08064,OK,False
MASS2464,lumpy,B,0.9,216.0,18.612,18.612,0.0,,1.2408,3.571,0.6198,7,25,23.857142857142858,0,0,0.0,0.0,3.9,8.0,0.05,OK,False
MASS1863,lumpy,B,0.9,0.0,5.363942307692306,5.363942307692306,0.0,,0.35759615384615373,4.333,2.2218,12,71,69.85714285714286,1,1,0.05,1.0,1.0,1.0,0.05,REORDENAR,True
MASS1668,intermittent,B,0.9,0.0,3.8197697631088627,3.8197697631088627,0.0,,0.25465131754059084,4.0,0.1349,13,119,117.85714285714286,1,1,0.05,1.0,1.0,1.0,0.05,REORDENAR,True
MASS2455,erratic,B,0.9,0.0,69.32094842894695,24.60599999999999,44.71494842894696,,1.6403999999999994,1.316,1.4375,19,25,23.857142857142858,1,50,0.02,160.0,3.2,50.0,0.02,REORDENAR,True
MASS0944,erratic,B,0.9,84.0,44.69821955472406,31.442307692307693,13.255911862416372,,2.0961538461538463,1.209,0.8647,43,70,69.57142857142857,0,0,0.0,0.0,1.78,40.0,0.084,OK,False
MASS2380,smooth,B,0.9,109.0,175.8364679079316,135.2,40.63646790793162,,9.013333333333332,1.111,0.4205,27,30,29.714285714285715,1,100,0.06924275,178.0,1.78,100.0,0.06924275,REORDENAR,True
MASS0171,lumpy,B,0.9,0.0,15.923076923076923,15.923076923076923,0.0,,1.0615384615384615,1.444,2.6902,36,119,117.85714285714286,1,300,0.0722,255.0,0.85,300.0,0.0722,REORDENAR,True
MASS0698,lumpy,B,0.9,0.0,35.42884615384615,35.42884615384615,0.0,,2.361923076923077,1.405,0.5619,37,115,114.42857142857143,1,100,0.0462,54.0,0.54,100.0,0.0462,REORDENAR,True
MASS2422,intermittent,B,0.9,18.0,14.667662307150128,14.667662307150128,0.0,,0.9778441538100084,10.0,0.2413,3,30,29.428571428571427,0,0,0.0,0.0,4.8,8.0,0.05,OK,False
MASS0210,lumpy,B,0.9,59.0,17.79807692307692,17.79807692307692,0.0,,1.1865384615384613,3.467,0.8402,15,71,70.28571428571429,0,0,0.0,0.0,6.0,50.0,0.068145,OK,False
MASS1499,intermittent,B,0.9,0.0,0.25961538461538464,0.25961538461538464,0.0,,0.01730769230769231,17.333,0.0,3,135,134.57142857142858,1,1,0.05,1.0,1.0,1.0,0.05,REORDENAR,True
MASS0366,lumpy,B,0.9,27.0,19.67307692307692,19.67307692307692,0.0,,1.3115384615384613,1.486,0.6819,35,105,103.85714285714286,0,0,0.0,0.0,3.03,50.0,0.02448,OK,False
MASS1974,lumpy,B,0.9,26.0,20.31346153846154,20.31346153846154,0.0,,1.3542307692307691,1.333,0.5263,39,73,71.85714285714286,0,0,0.0,0.0,1.0,1.0,0.05,OK,False
MASS1547,sin_datos,B,0.9,0.0,0.0,0.0,0.0,,0.0,inf,,0,125,123.85714285714286,1,100,0.05,218.00000000000003,2.18,100.0,0.05,REORDENAR,True
MASS1615,lumpy,B,0.9,0.0,7.701923076923077,7.701923076923077,0.0,,0.5134615384615384,2.0,1.7192,26,125,123.85714285714286,1,1,0.001269,3.75,3.75,1.0,0.001269,REORDENAR,True
MASS1428,lumpy,B,0.9,0.0,2.769230769230769,2.769230769230769,0.0,,0.1846153846153846,26.0,1.28,2,137,136.57142857142858,1,1,0.05,1.0,1.0,1.0,0.05,REORDENAR,True
MASS2192,lumpy,B,0.9,1.0,23.46428571428571,23.46428571428571,0.0,,1.564285714285714,2.0,0.8385,21,42,41.142857142857146,1,1,0.0108,2.8,2.8,1.0,0.0108,REORDENAR,True
MASS3028,intermittent,B,0.9,20.0,120.97411764705883,120.97411764705883,0.0,,8.064941176470589,2.833,0.3964,6,17,16.428571428571427,1,10,0.05,57.699999999999996,5.77,10.0,0.05,REORDENAR,True
MASS1964,lumpy,B,0.9,0.0,4.491346153846152,4.491346153846152,0.0,,0.2994230769230768,2.737,1.1951,19,73,72.57142857142857,1,1,0.003795,5.9,5.9,1.0,0.003795,REORDENAR,True
MASS1733,lumpy,B,0.9,0.0,4.478365384615384,4.478365384615384,0.0,,0.2985576923076923,3.25,2.3656,16,115,114.42857142857143,1,1,0.05,1.0,1.0,1.0,0.05,REORDENAR,True
MASS0613,lumpy,B,0.9,102.0,51.311538461538454,51.311538461538454,0.0,,3.4207692307692303,1.486,1.911,35,73,72.57142857142857,0,0,0.0,0.0,1.5,100.0,0.1215,OK,False
MASS1560,lumpy,B,0.9,7.0,19.326923076923077,19.326923076923077,0.0,,1.2884615384615385,1.677,0.5596,31,125,123.85714285714286,1,1,0.05,1.75,1.75,1.0,0.05,REORDENAR,True
MASS1075,intermittent,B,0.9,0.0,0.3861346153846153,0.3861346153846153,0.0,,0.025742307692307686,13.0,0.16,4,142,141.14285714285714,1,1,0.05,1.0,1.0,1.0,0.05,REORDENAR,True
MASS0606,lumpy,B,0.9,98.0,22.551923076923075,22.551923076923075,0.0,,1.5034615384615382,2.261,2.5029,23,130,129.14285714285714,0,0,0.0,0.0,1.8,40.0,0.066,OK,False
MASS1384,sin_datos,B,0.9,0.0,0.0,0.0,0.0,,0.0,inf,,0,117,116.57142857142857,1,1,0.05,1.0,1.0,1.0,0.05,REORDENAR,True
MASS1922,lumpy,B,0.9,24.0,65.74038461538461,65.74038461538461,0.0,,4.382692307692308,1.857,0.8484,28,71,70.28571428571429,1,128,0.075,192.0,1.5,128.0,0.075,REORDENAR,True
MASS1631,lumpy,B,0.9,0.0,3.6346153846153846,3.6346153846153846,0.0,,0.2423076923076923,8.667,1.3959,6,119,117.85714285714286,1,20,0.055404,81.0,4.05,20.0,0.055404,REORDENAR,True
MASS1854,sin_datos,B,0.9,2.0,0.0,0.0,0.0,,0.0,inf,,0,92,91.14285714285714,0,0,0.0,0.0,1.0,1.0,0.05,OK,False
MASS1952,lumpy,B,0.9,4.0,14.624999999999998,14.624999999999998,0.0,,0.9749999999999999,2.167,1.3727,24,73,72.57142857142857,1,50,0.02448,254.0,5.08,50.0,0.02448,REORDENAR,True
MASS0246,sin_datos,B,0.9,0.0,0.0,0.0,0.0,,0.0,inf,,0,128,127.14285714285714,1,1,0.05,1.0,1.0,1.0,0.05,REORDENAR,True
MASS1716,lumpy,B,0.9,0.0,4.5,4.5,0.0,,0.3,3.714,0.4954,14,115,114.42857142857143,1,50,0.042999375,375.0,7.5,50.0,0.042999375,REORDENAR,True
MASS0602,lumpy,B,0.9,62.0,63.83653846153847,63.83653846153847,0.0,,4.255769230769231,1.857,0.8141,28,141,140.28571428571428,1,120,0.0648,150.0,1.25,120.0,0.0648,REORDENAR,True
MASS1869,lumpy,B,0.9,0.0,2.4663461538461537,2.4663461538461537,0.0,,0.16442307692307692,4.727,2.2798,11,73,71.85714285714286,1,1,0.05,1.0,1.0,1.0,0.05,REORDENAR,True
MASS1413,intermittent,B,0.9,0.0,7.742543171114599,7.742543171114599,0.0,,0.5161695447409733,26.0,0.3673,2,138,137.42857142857142,1,1,0.05,1.0,1.0,1.0,0.05,REORDENAR,True
MASS2391,lumpy,B,0.9,279.0,20.939999999999998,20.939999999999998,0.0,,1.396,10.0,0.7406,3,30,29.428571428571427,0,0,0.0,0.0,4.5,10.0,0.05,OK,False
MASS0908,lumpy,B,0.9,0.0,1.644230769230769,1.644230769230769,0.0,,0.1096153846153846,8.667,0.5352,6,141,140.28571428571428,1,1,0.05,1.0,1.0,1.0,0.05,REORDENAR,True
MASS2244,lumpy,B,0.9,267.0,156.52499999999998,156.52499999999998,0.0,,10.434999999999999,1.379,0.6051,29,40,39.285714285714285,0,0,0.0,0.0,0.45,750.0,0.0175,OK,False
MASS2311,lumpy,B,0.9,37.0,12.07258064516129,12.07258064516129,0.0,,0.8048387096774193,1.409,2.2166,22,31,30.142857142857142,0,0,0.0,0.0,7.5,50.0,0.0588,OK,False
MASS2481,lumpy,B,0.9,334.0,61.013999999999996,61.013999999999996,0.0,,4.0676,2.778,1.3782,9,25,23.857142857142858,0,0,0.0,0.0,3.7,30.0,0.05,OK,False
MASS0399,lumpy,B,0.9,0.0,1.6096153846153847,1.6096153846153847,0.0,,0.10730769230769231,5.778,0.8663,9,141,140.28571428571428,1,50,0.058656,232.50000000000003,4.65,50.0,0.058656,REORDENAR,True
MASS0958,lumpy,B,0.9,0.0,4.2057692307692305,4.2057692307692305,0.0,,0.28038461538461534,4.333,0.7499,12,125,123.85714285714286,1,70,0.05,164.5,2.35,70.0,0.05,REORDENAR,True
MASS1535,lumpy,B,0.9,69.0,26.076923076923077,26.076923076923077,0.0,,1.7384615384615385,1.926,0.7383,27,125,123.85714285714286,0,0,0.0,0.0,3.29,1.0,0.001,OK,False
MASS1920,lumpy,B,0.9,0.0,3.825,3.825,0.0,,0.255,2.6,0.8662,20,71,70.28571428571429,1,80,0.072072,416.0,5.2,80.0,0.072072,REORDENAR,True
MASS1793,lumpy,B,0.9,0.0,8.965384615384613,8.965384615384613,0.0,,0.5976923076923075,2.737,1.1626,19,98,97.14285714285714,1,1,0.05,1.0,1.0,1.0,0.05,REORDENAR,True
MASS1044,lumpy,B,0.9,1.0,59.42307692307693,59.42307692307693,0.0,,3.9615384615384617,2.737,0.5532,19,141,140.28571428571428,1,100,0.079335,80.0,0.8,100.0,0.079335,REORDENAR,True
MASS2015,intermittent,B,0.9,6.0,0.36,0.36,0.0,,0.024,12.5,0.0,4,50,48.857142857142854,0,0,0.0,0.0,77.0,1.0,0.05,OK,False
MASS0406,lumpy,B,0.9,133.0,17.697115384615383,17.697115384615383,0.0,,1.1798076923076921,13.0,0.517,4,141,140.28571428571428,0,0,0.0,0.0,2.35,100.0,0.05,OK,False
MASS1877,intermittent,B,0.9,30.0,0.17307692307692307,0.17307692307692307,0.0,,0.011538461538461539,26.0,0.0,2,71,69.85714285714286,0,0,0.0,0.0,40.0,4.0,0.061408,OK,False
MASS1624,sin_datos,B,0.9,0.0,0.08653846153846154,0.08653846153846154,0.0,,0.0057692307692307696,52.0,,1,125,123.85714285714286,1,10,0.17856,55.0,5.5,10.0,0.17856,REORDENAR,True
MASS2121,lumpy,B,0.9,1.0,40.30714285714284,40.30714285714284,0.0,,2.6871428571428564,1.4,1.8268,30,42,41.142857142857146,1,400,0.06678,500.0,1.25,400.0,0.06678,REORDENAR,True
MASS1457,lumpy,B,0.9,19.0,2.4187499999999993,2.4187499999999993,0.0,,0.16124999999999995,4.333,1.6269,12,142,141.28571428571428,0,0,0.0,0.0,3.2,10.0,0.091632,OK,False
MASS2191,lumpy,B,0.9,0.0,10.499999999999998,10.499999999999998,0.0,,0.6999999999999998,1.826,1.5385,23,42,41.142857142857146,1,24,0.101601,76.80000000000001,3.2,24.0,0.101601,REORDENAR,True
MASS1546,sin_datos,B,0.9,0.0,0.0,0.0,0.0,,0.0,inf,,0,125,123.85714285714286,1,100,0.05,178.0,1.78,100.0,0.05,REORDENAR,True
MASS0398,lumpy,B,0.9,0.0,3.158653846153846,3.158653846153846,0.0,,0.21057692307692305,4.727,1.1839,11,141,140.28571428571428,1,50,0.058656,232.50000000000003,4.65,50.0,0.058656,REORDENAR,True
MASS1714,intermittent,B,0.9,18.0,17.939843618228426,17.939843618228426,0.0,,1.1959895745485618,1.333,0.4307,39,115,114.42857142857143,0,0,0.0,0.0,3.38,40.0,0.055692,OK,False
MASS1740,lumpy,B,0.9,87.0,43.0889423076923,43.0889423076923,0.0,,2.8725961538461533,5.2,0.8979,10,116,115.28571428571429,0,0,0.0,0.0,0.9,50.0,0.05,OK,False
MASS1126,intermittent,B,0.9,198.0,27.997547937147502,27.997547937147502,0.0,,1.8665031958098335,4.333,0.3797,12,141,139.85714285714286,0,0,0.0,0.0,1.23,200.0,0.084672,OK,False
MASS3000,lumpy,B,0.9,7.0,62.109375,62.109375,0.0,,4.140625,1.455,0.5739,11,16,15.428571428571429,1,10,0.05,47.400000000000006,4.74,10.0,0.05,REORDENAR,True
MASS1427,lumpy,B,0.9,264.0,23.76923076923077,23.76923076923077,0.0,,1.5846153846153848,4.727,1.2973,11,137,136.57142857142858,0,0,0.0,0.0,1.0,1.0,0.05,OK,False
MASS2316,lumpy,B,0.9,0.0,28.016129032258064,28.016129032258064,0.0,,1.867741935483871,1.476,0.7239,21,31,29.857142857142858,1,200,0.03898125,310.0,1.55,200.0,0.03898125,REORDENAR,True
MASS1872,sin_datos,B,0.9,0.0,-0.576923076923077,-0.576923076923077,0.0,,-0.038461538461538464,inf,,0,82,80.85714285714286,0,0,0.0,0.0,1.0,1.0,0.05,OK,False
MASS1299,intermittent,B,0.9,0.0,4.841790570015995,4.841790570015995,0.0,,0.3227860380010663,4.727,0.3664,11,121,120.42857142857143,1,60,0.12,88.8,1.48,60.0,0.12,REORDENAR,True
MASS0812,sin_datos,B,0.9,0.0,0.0,0.0,0.0,,0.0,inf,,0,125,123.85714285714286,1,100,0.067424,980.0000000000001,9.8,100.0,0.067424,REORDENAR,True
MASS1380,sin_datos,B,0.9,0.0,0.0,0.0,0.0,,0.0,inf,,0,117,116.57142857142857,1,1,0.05,1.0,1.0,1.0,0.05,REORDENAR,True
MASS2103,lumpy,B,0.9,75.0,24.374999999999996,24.374999999999996,0.0,,1.6249999999999998,1.615,2.4245,26,42,41.142857142857146,0,0,0.0,0.0,6.95,100.0,0.030336,OK,False
MASS3008,lumpy,B,0.9,24.0,54.075,54.075,0.0,,3.605,1.5,1.1128,10,15,13.857142857142858,1,10,0.05,47.400000000000006,4.74,10.0,0.05,REORDENAR,True
MASS1489,sin_datos,B,0.9,1.0,0.0,0.0,0.0,,0.0,inf,,0,100,98.85714285714286,0,0,0.0,0.0,1.0,1.0,0.05,OK,False
MASS1352,lumpy,B,0.9,0.0,13.482692307692307,13.482692307692307,0.0,,0.8988461538461539,2.261,1.6438,23,142,141.28571428571428,1,1,0.05,1.0,1.0,1.0,0.05,REORDENAR,True
MASS2021,intermittent,B,0.9,0.0,6.650126754187417,6.650126754187417,0.0,,0.44334178361249443,1.786,0.376,28,50,48.857142857142854,1,1,0.05,1.0,1.0,1.0,0.05,REORDENAR,True
MASS1953,intermittent,B,0.9,1.0,2.989960650485774,2.989960650485774,0.0,,0.19933071003238495,5.2,0.4331,10,71,70.28571428571429,1,50,0.07326,480.0,9.6,50.0,0.07326,REORDENAR,True
MASS0600,lumpy,B,0.9,0.0,1.7870192307692305,1.7870192307692305,0.0,,0.11913461538461537,6.5,0.8682,8,127,126.57142857142857,1,40,0.045,512.0,12.8,40.0,0.045,REORDENAR,True
MASS1353,sin_datos,B,0.9,0.0,0.0,0.0,0.0,,0.0,inf,,0,142,141.28571428571428,1,1,0.05,1.0,1.0,1.0,0.05,REORDENAR,True
MASS1354,lumpy,B,0.9,0.0,0.4197115384615384,0.4197115384615384,0.0,,0.027980769230769226,26.0,0.72,2,142,141.14285714285714,1,1,0.05,1.0,1.0,1.0,0.05,REORDENAR,True
MASS2222,lumpy,B,0.9,12.0,16.08461538461538,16.08461538461538,0.0,,1.072307692307692,3.9,2.4027,10,39,38.714285714285715,1,10,0.09856,28.5,2.85,10.0,0.09856,REORDENAR,True
MASS2102,lumpy,B,0.9,3.0,13.232142857142858,13.232142857142858,0.0,,0.8821428571428571,1.615,3.3422,26,42,41.142857142857146,1,100,0.030336,695.0,6.95,100.0,0.030336,REORDENAR,True
MASS3062,lumpy,B,0.9,2.0,54.36562499999998,54.36562499999998,0.0,,3.624374999999999,2.286,1.4291,7,16,14.857142857142858,1,1,0.05,1.0,1.0,1.0,0.05,REORDENAR,True
MASS0057,sin_datos,B,0.9,0.0,0.0,0.0,0.0,,0.0,inf,,0,142,141.28571428571428,1,1,0.05,1.0,1.0,1.0,0.05,REORDENAR,True
MASS2415,lumpy,B,0.9,29.0,14.579999999999998,14.579999999999998,0.0,,0.9719999999999999,10.0,0.6143,3,30,29.428571428571427,0,0,0.0,0.0,4.8,8.0,0.05,OK,False
MASS0954,lumpy,B,0.9,24.0,21.576923076923077,21.576923076923077,0.0,,1.4384615384615385,3.059,0.8138,17,125,123.85714285714286,0,0,0.0,0.0,2.2,70.0,0.05,OK,False
MASS2098,lumpy,B,0.9,0.0,13.2,13.2,0.0,,0.8799999999999999,2.471,1.5872,17,42,41.142857142857146,1,30,0.025839,147.0,4.9,30.0,0.025839,REORDENAR,True
MASS1720,lumpy,B,0.9,17.0,13.257692307692306,13.257692307692306,0.0,,0.8838461538461537,2.737,1.0499,19,115,114.42857142857143,0,0,0.0,0.0,4.5,50.0,0.03726,OK,False
MASS1640,lumpy,B,0.9,26.0,5.740384615384615,5.740384615384615,0.0,,0.38269230769230766,2.476,0.6421,21,119,117.85714285714286,0,0,0.0,0.0,1.0,1.0,0.05,OK,False
MASS0544,sin_datos,B,0.9,0.0,0.0,0.0,0.0,,0.0,inf,,0,102,101.14285714285714,1,1,0.05,1.0,1.0,1.0,0.05,REORDENAR,True
MASS2322,lumpy,B,0.9,0.0,4.65,4.65,0.0,,0.31,2.727,0.507,11,30,29.714285714285715,1,6,0.05616,60.0,10.0,6.0,0.05616,REORDENAR,True
MASS1717,lumpy,B,0.9,0.0,11.596153846153847,11.596153846153847,0.0,,0.7730769230769231,3.059,0.56,17,115,114.42857142857143,1,40,0.044928,220.0,5.5,40.0,0.044928,REORDENAR,True
MASS1621,sin_datos,B,0.9,0.0,0.0,0.0,0.0,,0.0,inf,,0,125,123.85714285714286,1,10,0.17856,55.0,5.5,10.0,0.17856,REORDENAR,True
MASS1425,lumpy,B,0.9,348.0,39.80769230769231,39.80769230769231,0.0,,2.6538461538461537,5.2,0.6591,10,137,136.57142857142858,0,0,0.0,0.0,1.0,1.0,0.05,OK,False
MASS1942,lumpy,B,0.9,10.0,12.432692307692308,12.432692307692308,0.0,,0.8288461538461539,2.6,0.538,20,71,70.28571428571429,1,40,0.049104,263.2,6.58,40.0,0.049104,REORDENAR,True
MASS0149,lumpy,B,0.9,0.0,2.855769230769231,2.855769230769231,0.0,,0.19038461538461537,4.333,0.58,12,115,114.42857142857143,1,40,0.08096,272.0,6.8,40.0,0.08096,REORDENAR,True
MASS1600,lumpy,B,0.9,0.0,19.557692307692307,19.557692307692307,0.0,,1.3038461538461539,4.333,0.6617,12,125,123.85714285714286,1,70,0.05,192.5,2.75,70.0,0.05,REORDENAR,True
MASS1833,sin_datos,B,0.9,93.0,3.6346153846153846,3.6346153846153846,0.0,,0.2423076923076923,52.0,,1,92,91.14285714285714,0,0,0.0,0.0,2.35,14.0,0.05,OK,False
MASS1973,lumpy,B,0.9,0.0,6.144230769230769,6.144230769230769,0.0,,0.4096153846153846,4.727,0.5734,11,71,70.28571428571429,1,20,0.0384,50.0,2.5,20.0,0.0384,REORDENAR,True
MASS1623,sin_datos,B,0.9,0.0,0.08653846153846154,0.08653846153846154,0.0,,0.0057692307692307696,52.0,,1,125,123.85714285714286,1,10,0.17856,55.0,5.5,10.0,0.17856,REORDENAR,True
MASS2057,lumpy,B,0.9,153.0,11.812499999999998,11.812499999999998,0.0,,0.7874999999999999,3.125,1.2401,16,50,48.857142857142854,0,0,0.0,0.0,8.0,1.0,0.0096,OK,False
MASS1757,lumpy,B,0.9,0.0,6.429807692307692,6.429807692307692,0.0,,0.42865384615384616,5.2,0.5886,10,115,114.42857142857143,1,75,0.07056,221.25,2.95,75.0,0.07056,REORDENAR,True
MASS1010,sin_datos,B,0.9,0.0,0.0,0.0,0.0,,0.0,inf,,0,141,140.28571428571428,1,24,0.07730625,216.0,9.0,24.0,0.07730625,REORDENAR,True
MASS1674,intermittent,B,0.9,0.0,1.2324969951923077,1.2324969951923077,0.0,,0.08216646634615385,5.778,0.2197,9,119,117.85714285714286,1,1,0.05,1.0,1.0,1.0,0.05,REORDENAR,True
MASS2614,erratic,B,0.9,115.0,285.3189346106128,225.9390342021012,59.379900408511645,,15.06260228014008,1.0,0.6692,8,8,7.428571428571429,1,24,0.07632,64.32000000000001,2.68,24.0,0.07632,REORDENAR,True
MASS2326,intermittent,B,0.9,812.0,160.07179117704902,160.07179117704902,0.0,,10.671452745136602,1.824,0.4247,17,31,30.285714285714285,0,0,0.0,0.0,0.8,125.0,0.05016,OK,False
MASS1411,lumpy,B,0.9,160.0,23.26586538461538,23.26586538461538,0.0,,1.551057692307692,6.5,1.3127,8,134,133.57142857142858,0,0,0.0,0.0,1.0,1.0,0.05,OK,False
MASS3002,lumpy,B,0.9,20.0,100.21874999999999,100.21874999999999,0.0,,6.6812499999999995,1.455,0.7725,11,16,15.428571428571429,1,10,0.05,47.400000000000006,4.74,10.0,0.05,REORDENAR,True
MASS2701,erratic,B,0.9,90.0,119.60755075435154,67.5,52.10755075435153,,4.5,1.0,2.0968,8,8,7.428571428571429,1,10,0.137826,42.0,4.2,10.0,0.137826,REORDENAR,True
MASS1749,sin_datos,B,0.9,0.0,0.08653846153846154,0.08653846153846154,0.0,,0.0057692307692307696,52.0,,1,116,115.28571428571429,1,1,0.05,1.8,1.8,1.0,0.05,REORDENAR,True
MASS0273,intermittent,B,0.9,0.0,1.4475524475524473,1.4475524475524473,0.0,,0.09650349650349649,17.333,0.0992,3,139,138.14285714285714,1,1,0.05,1.0,1.0,1.0,0.05,REORDENAR,True
MASS2281,lumpy,B,0.9,0.0,16.315384615384616,16.315384615384616,0.0,,1.0876923076923077,7.8,1.2944,5,39,38.142857142857146,1,1,0.05,1.0,1.0,1.0,0.05,REORDENAR,True
MASS0063,lumpy,B,0.9,0.0,8.016346153846154,8.016346153846154,0.0,,0.5344230769230769,2.737,0.9334,19,120,119.42857142857143,1,1,0.05,1.0,1.0,1.0,0.05,REORDENAR,True
MASS1540,lumpy,B,0.9,100.0,48.57692307692307,48.57692307692307,0.0,,3.238461538461538,2.167,1.3027,24,125,123.85714285714286,0,0,0.0,0.0,1.58,1.0,0.001,OK,False
MASS0285,intermittent,B,0.9,0.0,1.7269287664997726,1.7269287664997726,0.0,,0.11512858443331817,4.727,0.4036,11,141,140.28571428571428,1,1,0.05,1.0,1.0,1.0,0.05,REORDENAR,True
MASS2423,intermittent,B,0.9,27.0,14.75,14.75,0.0,,0.9833333333333333,14.0,0.2222,2,28,27.285714285714285,0,0,0.0,0.0,4.8,8.0,0.05,OK,False
MASS0405,lumpy,B,0.9,0.0,13.36153846153846,13.36153846153846,0.0,,0.8907692307692306,2.737,1.2132,19,141,140.28571428571428,1,100,0.032448,150.0,1.5,100.0,0.032448,REORDENAR,True
MASS0905,lumpy,B,0.9,51.0,18.201923076923077,18.201923076923077,0.0,,1.2134615384615384,2.737,0.8247,19,141,140.28571428571428,0,0,0.0,0.0,7.2,40.0,0.05,OK,False
MASS0402,lumpy,B,0.9,0.0,12.61730769230769,12.61730769230769,0.0,,0.841153846153846,4.0,0.6843,13,141,140.28571428571428,1,100,0.032448,150.0,1.5,100.0,0.032448,REORDENAR,True
MASS2044,lumpy,B,0.9,22.0,8.622,8.622,0.0,,0.5748,2.941,1.0771,17,50,48.857142857142854,0,0,0.0,0.0,5.8,40.0,0.09885375,OK,False
MASS2070,erratic,B,0.9,2.0,40.68566025226298,15.137999999999998,25.547660252262983,,1.0091999999999999,1.316,1.3074,38,50,48.857142857142854,1,50,0.0875,120.0,2.4,50.0,0.0875,REORDENAR,True
MASS1474,lumpy,B,0.9,80.0,26.826923076923077,26.826923076923077,0.0,,1.7884615384615385,2.167,0.5828,24,141,140.28571428571428,0,0,0.0,0.0,2.8,40.0,0.051578,OK,False
MASS2329,lumpy,B,0.9,45.0,19.52499999999999,19.52499999999999,0.0,,1.301666666666666,2.5,2.7675,12,30,29.571428571428573,0,0,0.0,0.0,5.0,10.0,0.13545,OK,False
MASS1398,sin_datos,B,0.9,0.0,0.0,0.0,0.0,,0.0,inf,,0,139,138.14285714285714,1,1,0.05,1.0,1.0,1.0,0.05,REORDENAR,True
MASS2429,lumpy,B,0.9,57.0,23.125,23.125,0.0,,1.5416666666666667,5.0,1.192,6,30,29.571428571428573,0,0,0.0,0.0,12.32,1.0,0.02562,OK,False
MASS0235,lumpy,B,0.9,0.0,13.096153846153843,13.096153846153843,0.0,,0.8730769230769229,3.059,2.778,17,125,123.85714285714286,1,1,0.05,1.4,1.4,1.0,0.05,REORDENAR,True
MASS2149,lumpy,B,0.9,1.0,17.807142857142853,17.807142857142853,0.0,,1.1871428571428568,1.633,2.3571,30,49,48.714285714285715,1,40,0.05,34.0,0.85,40.0,0.05,REORDENAR,True
MASS0204,sin_datos,B,0.9,0.0,0.0,0.0,0.0,,0.0,inf,,0,142,141.14285714285714,1,150,0.05,127.5,0.85,150.0,0.05,REORDENAR,True
MASS1734,lumpy,B,0.9,148.0,25.096153846153847,25.096153846153847,0.0,,1.6730769230769231,1.733,1.2105,30,115,114.42857142857143,0,0,0.0,0.0,2.5,40.0,0.0333,OK,False
MASS1004,sin_datos,B,0.9,0.0,0.0,0.0,0.0,,0.0,inf,,0,138,137.42857142857142,1,1,0.05,1.0,1.0,1.0,0.05,REORDENAR,True
MASS2514,sin_datos,B,0.9,0.0,13.499999999999998,13.499999999999998,0.0,,0.8999999999999999,20.0,,1,20,19.428571428571427,1,1,0.05,1.0,1.0,1.0,0.05,REORDENAR,True
MASS1334,lumpy,B,0.9,149.0,16.73076923076923,16.73076923076923,0.0,,1.1153846153846154,4.727,1.2185,11,138,137.42857142857142,0,0,0.0,0.0,3.5,20.0,0.085648,OK,False
MASS2392,lumpy,B,0.9,183.0,18.825000000000003,18.825000000000003,0.0,,1.2550000000000001,7.5,0.7396,4,30,29.428571428571427,0,0,0.0,0.0,4.5,10.0,0.05,OK,False
MASS1817,intermittent,B,0.9,1.0,0.305859375,0.305859375,0.0,,0.020390625,17.333,0.1875,3,92,91.14285714285714,0,0,0.0,0.0,1.0,1.0,0.05,OK,False
MASS1493,intermittent,B,0.9,0.0,0.0,0.0,0.0,,0.0,4.0,0.12,3,12,11.142857142857142,1,1,0.05,1.0,1.0,1.0,0.05,REORDENAR,True
MASS1707,lumpy,B,0.9,0.0,3.0115384615384615,3.0115384615384615,0.0,,0.20076923076923076,5.778,0.8125,9,115,114.42857142857143,1,1,0.05,1.0,1.0,1.0,0.05,REORDENAR,True
MASS1867,intermittent,B,0.9,7.0,1.891587885954711,1.891587885954711,0.0,,0.1261058590636474,6.5,0.4552,8,82,80.85714285714286,0,0,0.0,0.0,1.0,1.0,0.05,OK,False
MASS2184,erratic,B,0.9,144.0,172.87656142988044,101.72093023255815,71.15563119732231,,6.78139534883721,1.229,3.0869,35,43,42.142857142857146,1,150,0.016,270.0,1.8,150.0,0.016,REORDENAR,True
MASS1138,intermittent,B,0.9,0.0,0.3861346153846153,0.3861346153846153,0.0,,0.025742307692307686,13.0,0.16,4,71,69.85714285714286,1,100,0.088407,580.0,5.8,100.0,0.088407,REORDENAR,True
MASS1632,lumpy,B,0.9,0.0,3.175961538461538,3.175961538461538,0.0,,0.2117307692307692,4.333,0.8727,12,119,117.85714285714286,1,20,0.055404,81.0,4.05,20.0,0.055404,REORDENAR,True
MASS2365,lumpy,B,0.9,134.0,20.325000000000003,20.325000000000003,0.0,,1.3550000000000002,1.5,1.7428,20,30,29.428571428571427,0,0,0.0,0.0,6.29,10.0,0.096109548,OK,False
MASS2186,lumpy,B,0.9,0.0,9.557142857142857,9.557142857142857,0.0,,0.6371428571428571,2.471,1.6313,17,42,41.142857142857146,1,8,0.053295,38.4,4.8,8.0,0.053295,REORDENAR,True
MASS1441,sin_datos,B,0.9,0.0,0.08653846153846154,0.08653846153846154,0.0,,0.0057692307692307696,52.0,,1,141,140.42857142857142,1,48,0.0814,171.84,3.58,48.0,0.0814,REORDENAR,True
MASS2074,lumpy,B,0.9,177.0,15.107142857142858,15.107142857142858,0.0,,1.0071428571428571,3.818,5.1417,11,42,41.142857142857146,0,0,0.0,0.0,8.0,54.0,0.064974,OK,False
MASS1544,intermittent,B,0.9,0.0,1.9058944014565318,1.9058944014565318,0.0,,0.12705962676376878,3.714,0.3059,14,125,123.85714285714286,1,24,0.05,56.400000000000006,2.35,24.0,0.05,REORDENAR,True
MASS1870,intermittent,B,0.9,0.0,0.4467548076923077,0.4467548076923077,0.0,,0.029783653846153845,17.333,0.25,3,82,80.85714285714286,1,1,0.05,1.0,1.0,1.0,0.05,REORDENAR,True
MASS1943,lumpy,B,0.9,21.0,17.307692307692307,17.307692307692307,0.0,,1.1538461538461537,2.737,1.2508,19,71,70.28571428571429,0,0,0.0,0.0,4.8,150.0,0.05828,OK,False
MASS2358,lumpy,B,0.9,10.0,47.0,47.0,0.0,,3.1333333333333333,1.429,0.4922,21,30,29.571428571428573,1,20,0.101802,69.6,3.48,20.0,0.101802,REORDENAR,True
MASS2664,intermittent,B,0.9,0.0,2.719948247471183,2.719948247471183,0.0,,0.18132988316474555,3.0,0.0,2,6,5.0,1,1,0.05,1.0,1.0,1.0,0.05,REORDENAR,True
MASS1803,lumpy,B,0.9,269.0,34.84615384615385,34.84615384615385,0.0,,2.3230769230769233,2.261,0.9242,23,102,101.71428571428571,0,0,0.0,0.0,1.25,100.0,0.06784,OK,False
MASS1043,lumpy,B,0.9,48.0,7.716346153846153,7.716346153846153,0.0,,0.5144230769230769,8.667,2.2989,6,142,141.28571428571428,0,0,0.0,0.0,1.8,20.0,0.106848,OK,False
MASS1383,sin_datos,B,0.9,0.0,0.08653846153846154,0.08653846153846154,0.0,,0.0057692307692307696,52.0,,1,117,116.57142857142857,1,1,0.05,1.0,1.0,1.0,0.05,REORDENAR,True
MASS2220,lumpy,B,0.9,0.0,5.56153846153846,5.56153846153846,0.0,,0.3707692307692307,4.875,1.9259,8,39,38.714285714285715,1,30,0.0559845,450.0,15.0,30.0,0.0559845,REORDENAR,True
MASS2319,lumpy,B,0.9,352.0,113.04999999999995,113.04999999999995,0.0,,7.5366666666666635,3.75,3.2605,8,30,29.571428571428573,0,0,0.0,0.0,1.8,100.0,0.080224125,OK,False
MASS1497,intermittent,B,0.9,0.0,0.08653846153846154,0.08653846153846154,0.0,,0.0057692307692307696,26.0,0.0,2,135,134.57142857142858,1,1,0.05,1.0,1.0,1.0,0.05,REORDENAR,True
MASS2499,sin_datos,B,0.9,0.0,10.799999999999999,10.799999999999999,0.0,,0.72,20.0,,1,20,19.428571428571427,1,1,0.05,1.0,1.0,1.0,0.05,REORDENAR,True
MASS0286,lumpy,B,0.9,0.0,1.9903846153846154,1.9903846153846154,0.0,,0.1326923076923077,4.727,0.5385,11,141,140.28571428571428,1,1,0.05,1.0,1.0,1.0,0.05,REORDENAR,True
MASS1741,lumpy,B,0.9,468.0,14.379807692307692,14.379807692307692,0.0,,0.9586538461538461,6.5,1.2496,8,116,115.28571428571429,0,0,0.0,0.0,0.85,50.0,0.05,OK,False
MASS1693,lumpy,B,0.9,0.0,8.348076923076924,8.348076923076924,0.0,,0.5565384615384616,1.576,0.7109,33,115,114.42857142857143,1,50,0.062496,55.00000000000001,1.1,50.0,0.062496,REORDENAR,True
MASS0959,lumpy,B,0.9,0.0,2.6783653846153834,2.6783653846153834,0.0,,0.17855769230769222,5.2,1.5646,10,125,123.85714285714286,1,70,0.05,164.5,2.35,70.0,0.05,REORDENAR,True
MASS2662,lumpy,B,0.9,0.0,0.0,0.0,0.0,,0.0,3.5,0.72,2,7,6.142857142857143,1,1,0.05,1.0,1.0,1.0,0.05,REORDENAR,True
MASS2730,smooth,B,0.9,123.0,622.8047147164091,539.8125,82.99221471640904,,35.9875,1.0,0.2128,4,4,3.4285714285714284,1,100,0.052416,290.0,2.9,100.0,0.052416,REORDENAR,True
MASS1473,lumpy,B,0.9,10.0,35.85576923076923,35.85576923076923,0.0,,2.3903846153846158,1.857,0.9045,28,141,140.28571428571428,1,40,0.051578,112.0,2.8,40.0,0.051578,REORDENAR,True
MASS1458,sin_datos,B,0.9,0.0,0.0,0.0,0.0,,0.0,inf,,0,142,141.14285714285714,1,100,0.037241325,145.0,1.45,100.0,0.037241325,REORDENAR,True
MASS1797,lumpy,B,0.9,0.0,33.60865384615384,33.60865384615384,0.0,,2.240576923076923,2.364,0.7819,22,102,101.71428571428571,1,96,0.054756,91.19999999999999,0.95,96.0,0.054756,REORDENAR,True
MASS2348,intermittent,B,0.9,0.0,5.647186466968418,5.647186466968418,0.0,,0.37647909779789457,3.75,0.4618,8,30,29.571428571428573,1,16,0.113953125,89.6,5.6,16.0,0.113953125,REORDENAR,True
MASS2482,intermittent,B,0.9,205.0,16.821405444384347,16.821405444384347,0.0,,1.121427029625623,6.25,0.4528,4,25,23.857142857142858,0,0,0.0,0.0,3.7,30.0,0.05,OK,False
MASS2497,lumpy,B,0.9,0.0,58.515,58.515,0.0,,3.901,1.786,1.1872,14,25,23.857142857142858,1,1,0.05,1.0,1.0,1.0,0.05,REORDENAR,True
MASS1074,lumpy,B,0.9,53.0,5.547115384615384,5.547115384615384,0.0,,0.3698076923076922,2.737,1.3036,19,142,141.14285714285714,0,0,0.0,0.0,1.0,1.0,0.05,OK,False
MASS2072,lumpy,B,0.9,4656.0,1308.1470588235293,1308.1470588235293,0.0,,87.20980392156862,1.5,2.917,34,51,50.42857142857143,0,0,0.0,0.0,0.01,2.0,0.05,OK,False
MASS1901,lumpy,B,0.9,93.0,8.697115384615383,8.697115384615383,0.0,,0.5798076923076922,3.714,1.1367,14,73,71.85714285714286,0,0,0.0,0.0,2.45,20.0,0.101376,OK,False
MASS2230,lumpy,B,0.9,0.0,15.323076923076918,15.323076923076918,0.0,,1.0215384615384613,3.0,2.2636,13,39,38.714285714285715,1,40,0.183582,74.0,1.85,40.0,0.183582,REORDENAR,True
MASS1712,lumpy,B,0.9,0.0,10.202884615384615,10.202884615384615,0.0,,0.6801923076923077,1.857,0.7683,28,115,114.42857142857143,1,1,0.05,1.0,1.0,1.0,0.05,REORDENAR,True
MASS2274,lumpy,B,0.9,0.0,5.935714285714284,5.935714285714284,0.0,,0.39571428571428563,4.667,2.0561,9,42,41.142857142857146,1,1,0.05,1.0,1.0,1.0,0.05,REORDENAR,True
MASS0611,lumpy,B,0.9,0.0,8.337980769230768,8.337980769230768,0.0,,0.5558653846153845,5.2,1.0215,10,135,134.14285714285714,1,100,0.1215,150.0,1.5,100.0,0.1215,REORDENAR,True
MASS1619,intermittent,B,0.9,0.0,2.6033374174302146,2.6033374174302146,0.0,,0.17355582782868098,3.25,0.3516,16,125,123.85714285714286,1,24,0.05,56.400000000000006,2.35,24.0,0.05,REORDENAR,True
MASS2427,lumpy,B,0.9,110.0,25.312499999999996,25.312499999999996,0.0,,1.6874999999999998,7.0,1.0335,4,28,27.285714285714285,0,0,0.0,0.0,3.1,14.0,0.05,OK,False
MASS0062,lumpy,B,0.9,104.0,6.778846153846154,6.778846153846154,0.0,,0.4519230769230769,4.727,0.6646,11,124,122.85714285714286,0,0,0.0,0.0,1.05,20.0,0.0485625,OK,False
MASS0267,sin_datos,B,0.9,0.0,0.0,0.0,0.0,,0.0,inf,,0,142,141.14285714285714,1,240,0.062208,196.79999999999998,0.82,240.0,0.062208,REORDENAR,True
MASS2426,lumpy,B,0.9,114.0,31.838793103448268,31.838793103448268,0.0,,2.122586206896551,4.143,2.8238,7,29,28.142857142857142,0,0,0.0,0.0,3.1,14.0,0.05,OK,False
MASS3006,lumpy,B,0.9,52.0,92.39558823529411,92.39558823529411,0.0,,6.159705882352941,1.7,0.5791,10,17,16.428571428571427,1,10,0.05,47.400000000000006,4.74,10.0,0.05,REORDENAR,True
MASS0955,lumpy,B,0.9,1.0,17.01923076923077,17.01923076923077,0.0,,1.1346153846153846,4.727,0.8413,11,125,123.85714285714286,1,70,0.05,154.0,2.2,70.0,0.05,REORDENAR,True
MASS1997,lumpy,B,0.9,69.0,31.52884615384613,31.52884615384613,0.0,,2.1019230769230752,2.737,2.3372,19,73,71.85714285714286,0,0,0.0,0.0,1.0,100.0,0.07,OK,False
MASS1828,lumpy,B,0.9,34.0,15.403846153846153,15.403846153846153,0.0,,1.0269230769230768,2.261,1.8631,23,106,105.42857142857143,0,0,0.0,0.0,1.0,1.0,0.05,OK,False
MASS2430,lumpy,B,0.9,69.0,14.024999999999997,14.024999999999997,0.0,,0.9349999999999998,6.0,1.2363,5,30,29.571428571428573,0,0,0.0,0.0,12.32,1.0,0.02562,OK,False
MASS1796,sin_datos,B,0.9,0.0,0.17307692307692307,0.17307692307692307,0.0,,0.011538461538461539,52.0,,1,102,101.71428571428571,1,200,0.0468,229.99999999999997,1.15,200.0,0.0468,REORDENAR,True
MASS2644,intermittent,B,0.9,0.0,54.78234010399679,54.78234010399679,0.0,,3.652156006933119,1.6,0.27,5,8,7.571428571428571,1,1,0.05,1.0,1.0,1.0,0.05,REORDENAR,True
MASS1807,lumpy,B,0.9,35.0,8.524038461538462,8.524038461538462,0.0,,0.5682692307692307,5.2,0.4948,10,102,101.71428571428571,0,0,0.0,0.0,3.2,40.0,0.102396,OK,False
MASS1664,lumpy,B,0.9,35.0,2.7403846153846154,2.7403846153846154,0.0,,0.18269230769230768,8.667,0.528,6,119,117.85714285714286,0,0,0.0,0.0,1.0,1.0,0.05,OK,False
MASS2621,intermittent,B,0.9,20.0,11.953125,11.953125,0.0,,0.796875,1.6,0.4062,5,8,7.285714285714286,0,0,0.0,0.0,20.75,4.0,0.160512,OK,False
MASS1995,lumpy,B,0.9,0.0,16.626923076923074,16.626923076923074,0.0,,1.1084615384615382,2.737,2.6496,19,73,71.85714285714286,1,1,0.05,1.0,1.0,1.0,0.05,REORDENAR,True
MASS1286,intermittent,B,0.9,0.0,3.4768071366251894,3.4768071366251894,0.0,,0.2317871424416793,6.5,0.2398,8,120,119.71428571428571,1,100,0.040095,45.0,0.45,100.0,0.040095,REORDENAR,True
MASS2062,lumpy,B,0.9,114.0,37.79999999999999,37.79999999999999,0.0,,2.519999999999999,2.174,2.1176,23,50,48.857142857142854,0,0,0.0,0.0,1.0,1.0,0.05,OK,False
MASS1442,lumpy,B,0.9,22.0,41.01923076923077,41.01923076923077,0.0,,2.7346153846153842,2.167,1.0403,24,142,141.14285714285714,1,100,0.0373275,140.0,1.4,100.0,0.0373275,REORDENAR,True
MASS2628,smooth,B,0.9,39.0,115.57009885928568,101.784375,13.785723859285689,,6.785625,1.0,0.1574,8,8,7.0,1,1,0.05,1.0,1.0,1.0,0.05,REORDENAR,True
MASS0404,lumpy,B,0.9,0.0,7.645673076923075,7.645673076923075,0.0,,0.5097115384615384,3.714,1.5982,14,130,129.42857142857142,1,100,0.032448,150.0,1.5,100.0,0.032448,REORDENAR,True
MASS1628,lumpy,B,0.9,0.0,8.394230769230766,8.394230769230766,0.0,,0.5596153846153844,4.0,0.7266,13,125,123.85714285714286,1,100,0.05,110.00000000000001,1.1,100.0,0.05,REORDENAR,True
MASS1444,intermittent,B,0.9,0.0,0.9743589743589745,0.9743589743589745,0.0,,0.06495726495726496,5.2,0.1235,10,142,141.42857142857142,1,48,0.126405,86.4,1.8,48.0,0.126405,REORDENAR,True
MASS1331,lumpy,B,0.9,159.0,16.615384615384613,16.615384615384613,0.0,,1.1076923076923075,5.778,0.8831,9,138,137.42857142857142,0,0,0.0,0.0,2.8,20.0,0.084032,OK,False
MASS1085,lumpy,B,0.9,70.0,59.27884615384615,59.27884615384615,0.0,,3.951923076923077,2.0,1.2794,26,141,140.28571428571428,0,0,0.0,0.0,1.25,120.0,0.0648,OK,False
MASS2344,lumpy,B,0.9,14.0,8.19,8.19,0.0,,0.5459999999999999,2.308,0.8567,13,30,29.714285714285715,0,0,0.0,0.0,10.8,8.0,0.15845425,OK,False
MASS0691,erratic,B,0.9,272.0,81.34152583378898,50.33653846153846,31.004987372250515,,3.355769230769231,1.268,1.1036,41,141,140.28571428571428,0,0,0.0,0.0,0.6,120.0,0.0504,OK,False
MASS1308,intermittent,B,0.9,0.0,0.17307692307692307,0.17307692307692307,0.0,,0.011538461538461539,26.0,0.0,2,116,115.28571428571429,1,100,0.293112,170.0,1.7,100.0,0.293112,REORDENAR,True
MASS1948,lumpy,B,0.9,0.0,3.8249999999999993,3.8249999999999993,0.0,,0.25499999999999995,4.0,0.9122,13,73,72.57142857142857,1,20,0.0532,76.0,3.8,20.0,0.0532,REORDENAR,True
MASS1440,sin_datos,B,0.9,0.0,0.0,0.0,0.0,,0.0,inf,,0,142,141.28571428571428,1,1,0.05,1.0,1.0,1.0,0.05,REORDENAR,True
MASS0023,lumpy,B,0.9,122.0,62.24999999999999,62.24999999999999,0.0,,4.1499999999999995,1.486,1.4688,35,89,88.14285714285714,0,0,0.0,0.0,1.0,500.0,0.090901125,OK,False
MASS0948,lumpy,B,0.9,84.0,19.903846153846153,19.903846153846153,0.0,,1.3269230769230769,2.08,0.75,25,141,140.28571428571428,0,0,0.0,0.0,2.5,200.0,0.05,OK,False
MASS1903,intermittent,B,0.9,45.0,6.902337858220211,6.902337858220211,0.0,,0.4601558572146807,2.889,0.1699,18,71,69.85714285714286,0,0,0.0,0.0,2.65,32.0,0.408,OK,False
MASS3004,erratic,B,0.9,60.0,122.92959940767119,78.89999999999999,44.0295994076712,,5.26,1.308,0.6498,13,17,15.857142857142858,1,10,0.05,47.400000000000006,4.74,10.0,0.05,REORDENAR,True
MASS0401,lumpy,B,0.9,0.0,3.0807692307692305,3.0807692307692305,0.0,,0.20538461538461536,4.333,1.8055,12,141,140.28571428571428,1,100,0.046368,295.0,2.95,100.0,0.046368,REORDENAR,True
MASS1721,lumpy,B,0.9,18.0,23.365384615384617,23.365384615384617,0.0,,1.5576923076923077,4.727,1.1013,11,115,114.42857142857143,1,90,0.132192,373.50000000000006,4.15,90.0,0.132192,REORDENAR,True
MASS0998,sin_datos,B,0.9,0.0,0.08653846153846154,0.08653846153846154,0.0,,0.0057692307692307696,52.0,,1,142,141.14285714285714,1,1,0.05,1.0,1.0,1.0,0.05,REORDENAR,True
MASS0764,lumpy,B,0.9,0.0,7.199999999999999,7.199999999999999,0.0,,0.4799999999999999,5.778,3.1196,9,125,123.85714285714286,1,1,0.05,0.56,0.56,1.0,0.05,REORDENAR,True
MASS0499,sin_datos,B,0.9,0.0,0.0,0.0,0.0,,0.0,inf,,0,132,131.42857142857142,1,1,0.05,1.0,1.0,1.0,0.05,REORDENAR,True
MASS2188,lumpy,B,0.9,33.0,41.207142857142856,41.207142857142856,0.0,,2.747142857142857,1.909,1.4562,22,42,41.142857142857146,1,1,0.002199375,1.9,1.9,1.0,0.002199375,REORDENAR,True
MASS2616,lumpy,B,0.9,33.0,7.5,7.5,0.0,,0.5,2.0,0.7917,4,8,7.285714285714286,0,0,0.0,0.0,23.7,2.0,0.10819575,OK,False
MASS1412,lumpy,B,0.9,34.0,14.769230769230768,14.769230769230768,0.0,,0.9846153846153846,17.333,1.1755,3,134,133.57142857142858,0,0,0.0,0.0,1.0,1.0,0.05,OK,False
MASS0904,intermittent,B,0.9,0.0,0.4067307692307693,0.4067307692307693,0.0,,0.027115384615384618,17.333,0.12,3,131,130.57142857142858,1,1,0.05,1.0,1.0,1.0,0.05,REORDENAR,True
MASS2190,lumpy,B,0.9,32.0,29.42857142857143,29.42857142857143,0.0,,1.961904761904762,1.556,4.1161,27,42,41.142857142857146,0,0,0.0,0.0,1.75,48.0,0.168777,OK,False
MASS1364,sin_datos,B,0.9,0.0,0.0,0.0,0.0,,0.0,inf,,0,125,124.42857142857143,1,1,0.05,1.0,1.0,1.0,0.05,REORDENAR,True
MASS1102,lumpy,B,0.9,0.0,2.5139423076923073,2.5139423076923073,0.0,,0.1675961538461538,3.714,0.8842,14,142,141.28571428571428,1,1,0.05,1.0,1.0,1.0,0.05,REORDENAR,True
MASS1853,sin_datos,B,0.9,0.0,0.0,0.0,0.0,,0.0,inf,,0,93,92.14285714285714,1,1,0.05,1.0,1.0,1.0,0.05,REORDENAR,True
MASS0597,sin_datos,B,0.9,0.0,0.0,0.0,0.0,,0.0,inf,,0,129,128.14285714285714,1,1,0.05,1.0,1.0,1.0,0.05,REORDENAR,True
MASS2317,erratic,B,0.9,23.0,105.1211934901519,79.89999999999999,25.221193490151904,,5.326666666666666,1.071,0.649,28,30,29.571428571428573,1,200,0.062604,250.0,1.25,200.0,0.062604,REORDENAR,True
MASS2146,lumpy,B,0.9,139.0,36.78826530612245,36.78826530612245,0.0,,2.4525510204081633,2.882,0.9859,17,49,48.57142857142857,0,0,0.0,0.0,0.9,50.0,0.0625,OK,False
MASS1661,erratic,B,0.9,63.0,73.94611484744756,29.56442307692307,44.38169177052449,,1.970961538461538,1.3,2.1636,40,119,117.85714285714286,1,400,0.025,72.0,0.18,400.0,0.025,REORDENAR,True
MASS1677,sin_datos,B,0.9,0.0,0.0,0.0,0.0,,0.0,inf,,0,125,124.42857142857143,1,1,0.05,1.0,1.0,1.0,0.05,REORDENAR,True
MASS0589,intermittent,B,0.9,1.0,5.441539510307905,5.441539510307905,0.0,,0.36276930068719365,4.727,0.3119,11,115,114.42857142857143,1,75,0.07056,221.25,2.95,75.0,0.07056,REORDENAR,True
MASS2101,erratic,B,0.9,21.0,128.6909975233445,88.54285714285713,40.14814038048736,,5.902857142857142,1.077,1.0734,39,42,41.142857142857146,1,200,0.07,180.0,0.9,200.0,0.07,REORDENAR,True
MASS2630,smooth,B,0.9,33.0,145.32485560986916,121.78125,23.543605609869168,,8.11875,1.0,0.3306,8,8,6.857142857142857,1,1,0.05,1.0,1.0,1.0,0.05,REORDENAR,True
MASS1855,sin_datos,B,0.9,0.0,0.0,0.0,0.0,,0.0,inf,,0,92,91.14285714285714,1,1,0.05,1.0,1.0,1.0,0.05,REORDENAR,True
MASS0365,lumpy,B,0.9,0.0,1.4192307692307693,1.4192307692307693,0.0,,0.09461538461538462,7.429,0.6701,7,117,115.85714285714286,1,1,0.05,1.0,1.0,1.0,0.05,REORDENAR,True
MASS2320,sin_datos,B,0.9,4.0,0.15,0.15,0.0,,0.01,30.0,,1,30,29.571428571428573,0,0,0.0,0.0,790.0,1.0,0.215424,OK,False
MASS1945,lumpy,B,0.9,0.0,53.1,53.1,0.0,,3.54,1.486,0.6334,35,71,70.28571428571429,1,100,0.02625,60.0,0.6,100.0,0.02625,REORDENAR,True
MASS1246,sin_datos,B,0.9,0.0,0.08653846153846154,0.08653846153846154,0.0,,0.0057692307692307696,52.0,,1,71,69.85714285714286,1,1,0.05,1.0,1.0,1.0,0.05,REORDENAR,True
MASS1963,sin_datos,B,0.9,0.0,0.0,0.0,0.0,,0.0,inf,,0,82,80.85714285714286,1,1,0.05,1.0,1.0,1.0,0.05,REORDENAR,True
MASS2199,lumpy,B,0.9,2.0,23.249999999999996,23.249999999999996,0.0,,1.5499999999999998,1.909,3.8036,22,42,41.142857142857146,1,10,0.02625,32.5,3.25,10.0,0.02625,REORDENAR,True
MASS2465,lumpy,B,0.9,221.0,12.635999999999997,12.635999999999997,0.0,,0.8423999999999998,3.571,0.9777,7,25,23.857142857142858,0,0,0.0,0.0,3.9,8.0,0.05,OK,False
MASS0765,lumpy,B,0.9,0.0,12.461538461538455,12.461538461538455,0.0,,0.8307692307692303,2.889,5.738,18,125,123.85714285714286,1,1,0.05,0.56,0.56,1.0,0.05,REORDENAR,True
MASS1065,intermittent,B,0.9,0.0,0.25961538461538464,0.25961538461538464,0.0,,0.01730769230769231,17.333,0.0,3,142,141.14285714285714,1,1,0.05,1.0,1.0,1.0,0.05,REORDENAR,True
MASS0890,lumpy,B,0.9,0.0,16.139423076923077,16.139423076923077,0.0,,1.0759615384615384,3.25,2.1645,16,127,126.71428571428571,1,1,0.05,1.0,1.0,1.0,0.05,REORDENAR,True
MASS2272,lumpy,B,0.9,0.0,23.410714285714285,23.410714285714285,0.0,,1.5607142857142857,2.625,0.7796,16,42,41.142857142857146,1,100,0.0795555,110.00000000000001,1.1,100.0,0.0795555,REORDENAR,True
MASS2428,lumpy,B,0.9,140.0,19.13275862068965,19.13275862068965,0.0,,1.2755172413793099,7.25,1.6861,4,29,28.142857142857142,0,0,0.0,0.0,3.1,14.0,0.05,OK,False
MASS1421,sin_datos,B,0.9,0.0,0.0,0.0,0.0,,0.0,inf,,0,136,135.28571428571428,1,1,0.05,1.0,1.0,1.0,0.05,REORDENAR,True
MASS2399,lumpy,B,0.9,256.0,16.29310344827586,16.29310344827586,0.0,,1.086206896551724,3.222,0.7375,9,29,28.142857142857142,0,0,0.0,0.0,4.5,10.0,0.05,OK,False
MASS2413,lumpy,B,0.9,0.0,8.390322580645162,8.390322580645162,0.0,,0.5593548387096774,6.2,0.5382,5,31,30.285714285714285,1,1,0.05,1.0,1.0,1.0,0.05,REORDENAR,True
MASS0236,lumpy,B,0.9,2.0,18.22788461538461,18.22788461538461,0.0,,1.2151923076923075,3.467,2.6569,15,125,123.85714285714286,1,1,0.05,1.4,1.4,1.0,0.05,REORDENAR,True
MASS2346,lumpy,B,0.9,0.0,3.5625,3.5625,0.0,,0.2375,5.0,0.816,6,30,29.571428571428573,1,6,0.127008,48.0,8.0,6.0,0.127008,REORDENAR,True
MASS2104,lumpy,B,0.9,19.0,17.53928571428571,17.53928571428571,0.0,,1.169285714285714,2.211,2.171,19,42,41.142857142857146,0,0,0.0,0.0,6.95,100.0,0.030336,OK,False
MASS2327,lumpy,B,0.9,112.0,22.019999999999985,22.019999999999985,0.0,,1.467999999999999,1.579,5.3333,19,30,29.714285714285715,0,0,0.0,0.0,3.68,50.0,0.052668,OK,False
MASS1662,lumpy,B,0.9,230.0,18.83653846153846,18.83653846153846,0.0,,1.2557692307692307,3.714,2.3128,14,119,117.85714285714286,0,0,0.0,0.0,0.8,288.0,0.05,OK,False
MASS0784,lumpy,B,0.9,1.0,12.158653846153832,12.158653846153832,0.0,,0.8105769230769222,2.167,3.9312,24,127,126.14285714285714,1,200,0.1,94.0,0.47,200.0,0.1,REORDENAR,True
MASS2597,erratic,B,0.9,286.0,127.56346512740204,74.0735294117647,53.489935715637344,,4.938235294117646,1.062,1.9035,16,17,16.571428571428573,0,0,0.0,0.0,2.5,100.0,0.0825,OK,False
MASS2099,lumpy,B,0.9,33.0,20.4,20.4,0.0,,1.3599999999999999,1.5,3.3853,28,42,41.142857142857146,0,0,0.0,0.0,3.7,80.0,0.105096,OK,False
MASS2177,lumpy,B,0.9,0.0,6.1517441860465105,6.1517441860465105,0.0,,0.4101162790697674,3.583,1.1754,12,43,42.142857142857146,1,30,0.03132,435.0,14.5,30.0,0.03132,REORDENAR,True
MASS1808,sin_datos,B,0.9,0.0,0.08653846153846154,0.08653846153846154,0.0,,0.0057692307692307696,52.0,,1,102,101.71428571428571,1,40,0.102396,128.0,3.2,40.0,0.102396,REORDENAR,True
MASS0180,sin_datos,B,0.9,0.0,0.0,0.0,0.0,,0.0,inf,,0,135,134.57142857142858,1,1,0.05,1.0,1.0,1.0,0.05,REORDENAR,True
MASS1366,sin_datos,B,0.9,0.0,0.0,0.0,0.0,,0.0,inf,,0,133,132.14285714285714,1,1,0.05,1.0,1.0,1.0,0.05,REORDENAR,True
MASS2331,lumpy,B,0.9,76.0,26.924999999999997,26.924999999999997,0.0,,1.7949999999999997,1.579,1.2421,19,30,29.571428571428573,0,0,0.0,0.0,4.5,40.0,0.147784,OK,False
MASS1756,lumpy,B,0.9,564.0,23.711538461538456,23.711538461538456,0.0,,1.5807692307692305,8.667,1.1155,6,116,115.28571428571429,0,0,0.0,0.0,1.0,1.0,0.05,OK,False
MASS2542,sin_datos,B,0.9,0.0,10.799999999999999,10.799999999999999,0.0,,0.72,20.0,,1,20,19.428571428571427,1,1,0.05,1.0,1.0,1.0,0.05,REORDENAR,True
MASS1345,sin_datos,B,0.9,0.0,0.0,0.0,0.0,,0.0,inf,,0,138,137.28571428571428,1,1,0.05,1.0,1.0,1.0,0.05,REORDENAR,True
MASS1310,intermittent,B,0.9,0.0,1.050110946745562,1.050110946745562,0.0,,0.07000739644970413,5.778,0.1331,9,116,115.28571428571429,1,100,0.293112,170.0,1.7,100.0,0.293112,REORDENAR,True
MASS0339,intermittent,B,0.9,0.0,0.6905982905982905,0.6905982905982905,0.0,,0.046039886039886034,5.2,0.4198,10,99,98.14285714285714,1,80,0.08928,576.0,7.2,80.0,0.08928,REORDENAR,True
MASS2228,lumpy,B,0.9,0.0,14.457692307692307,14.457692307692307,0.0,,0.9638461538461538,2.6,1.8292,15,39,38.714285714285715,1,40,0.183582,74.0,1.85,40.0,0.183582,REORDENAR,True
MASS0018,lumpy,B,0.9,215.0,54.74999999999999,54.74999999999999,0.0,,3.6499999999999995,2.737,1.0879,19,141,140.28571428571428,0,0,0.0,0.0,0.8,300.0,0.027,OK,False
MASS0280,sin_datos,B,0.9,0.0,0.0,0.0,0.0,,0.0,inf,,0,132,131.42857142857142,1,1,0.05,1.0,1.0,1.0,0.05,REORDENAR,True
MASS1550,sin_datos,B,0.9,0.0,0.0,0.0,0.0,,0.0,inf,,0,125,123.85714285714286,1,10,0.17856,55.0,5.5,10.0,0.17856,REORDENAR,True
MASS1290,sin_datos,B,0.9,0.0,0.0,0.0,0.0,,0.0,inf,,0,133,132.14285714285714,1,1,0.05,1.0,1.0,1.0,0.05,REORDENAR,True
MASS1557,lumpy,B,0.9,60.0,3.5048076923076925,3.5048076923076925,0.0,,0.23365384615384616,3.25,1.1667,16,125,123.85714285714286,0,0,0.0,0.0,3.5,100.0,0.07107,OK,False
MASS0358,intermittent,B,0.9,0.0,0.17307692307692307,0.17307692307692307,0.0,,0.011538461538461539,26.0,0.0,2,123,122.28571428571429,1,1,0.05,1.0,1.0,1.0,0.05,REORDENAR,True
MASS1751,lumpy,B,0.9,1425.0,7.272115384615384,7.272115384615384,0.0,,0.4848076923076923,13.0,2.4681,4,116,115.28571428571429,0,0,0.0,0.0,1.0,1.0,0.05,OK,False
MASS1066,sin_datos,B,0.9,0.0,0.0,0.0,0.0,,0.0,inf,,0,142,141.14285714285714,1,1,0.05,1.0,1.0,1.0,0.05,REORDENAR,True
MASS2407,lumpy,B,0.9,0.0,8.201612903225806,8.201612903225806,0.0,,0.5467741935483871,5.167,0.7422,6,31,30.571428571428573,1,1,0.05,1.0,1.0,1.0,0.05,REORDENAR,True
MASS0605,lumpy,B,0.9,23.0,3.865384615384615,3.865384615384615,0.0,,0.25769230769230766,17.333,0.6582,3,125,124.71428571428571,0,0,0.0,0.0,9.5,40.0,0.08976,OK,False
MASS0612,lumpy,B,0.9,3.0,23.58173076923077,23.58173076923077,0.0,,1.5721153846153846,3.25,1.8407,16,135,134.14285714285714,1,100,0.1215,150.0,1.5,100.0,0.1215,REORDENAR,True
MASS2218,lumpy,B,0.9,12.0,1.0096153846153846,1.0096153846153846,0.0,,0.0673076923076923,19.5,0.6173,2,39,38.714285714285715,0,0,0.0,0.0,22.5,1.0,0.08428875,OK,False
MASS0785,lumpy,B,0.9,0.0,8.372596153846153,8.372596153846153,0.0,,0.5581730769230769,3.25,1.7067,16,138,137.57142857142858,1,200,0.11628,136.0,0.68,200.0,0.11628,REORDENAR,True
MASS2398,intermittent,B,0.9,249.0,34.56602644608139,34.56602644608139,0.0,,2.3044017630720925,3.5,0.4433,8,28,27.142857142857142,0,0,0.0,0.0,4.5,10.0,0.05,OK,False
MASS1634,intermittent,B,0.9,0.0,2.2319736491881823,2.2319736491881823,0.0,,0.14879824327921215,4.0,0.4273,13,119,117.85714285714286,1,20,0.055404,81.0,4.05,20.0,0.055404,REORDENAR,True
MASS1789,lumpy,B,0.9,0.0,6.888461538461536,6.888461538461536,0.0,,0.45923076923076905,2.889,1.9062,18,102,101.71428571428571,1,120,0.061952,102.0,0.85,120.0,0.061952,REORDENAR,True
MASS0622,lumpy,B,0.9,0.0,4.119230769230768,4.119230769230768,0.0,,0.27461538461538454,3.059,0.8449,17,94,93.57142857142857,1,1,0.05,1.0,1.0,1.0,0.05,REORDENAR,True
MASS1420,lumpy,B,0.9,8.0,5.832692307692308,5.832692307692308,0.0,,0.38884615384615384,10.4,0.6829,5,136,135.28571428571428,0,0,0.0,0.0,1.0,1.0,0.05,OK,False
MASS0696,lumpy,B,0.9,0.0,21.115384615384617,21.115384615384617,0.0,,1.4076923076923078,1.926,0.7409,27,141,140.28571428571428,1,100,0.01875,20.0,0.2,100.0,0.01875,REORDENAR,True
MASS2223,lumpy,B,0.9,246.0,11.919230769230765,11.919230769230765,0.0,,0.7946153846153844,3.0,3.7045,13,39,38.714285714285715,0,0,0.0,0.0,2.25,10.0,0.0812,OK,False
MASS1057,intermittent,B,0.9,2.0,0.7269230769230769,0.7269230769230769,0.0,,0.04846153846153846,8.667,0.1333,6,122,121.28571428571429,0,0,0.0,0.0,1.0,1.0,0.05,OK,False
MASS1211,lumpy,B,0.9,0.0,5.6076923076923055,5.6076923076923055,0.0,,0.3738461538461537,2.889,1.1944,18,142,141.14285714285714,1,1,0.05,1.0,1.0,1.0,0.05,REORDENAR,True
MASS1713,lumpy,B,0.9,0.0,11.0625,11.0625,0.0,,0.7375,3.714,0.8362,14,115,114.42857142857143,1,40,0.055692,135.2,3.38,40.0,0.055692,REORDENAR,True
MASS2636,intermittent,B,0.9,0.0,52.60074080828455,52.60074080828455,0.0,,3.506716053885637,1.333,0.3955,6,8,7.428571428571429,1,1,0.05,1.0,1.0,1.0,0.05,REORDENAR,True
MASS1272,lumpy,B,0.9,0.0,4.145192307692306,4.145192307692306,0.0,,0.27634615384615374,7.429,2.8023,7,142,141.14285714285714,1,100,0.050337,400.0,4.0,100.0,0.050337,REORDENAR,True
MASS2048,lumpy,B,0.9,38.0,16.061999999999998,16.061999999999998,0.0,,1.0707999999999998,3.846,0.6302,13,50,48.857142857142854,0,0,0.0,0.0,5.5,24.0,0.069509328,OK,False
MASS1752,lumpy,B,0.9,559.0,10.30528846153846,10.30528846153846,0.0,,0.6870192307692307,6.5,1.5558,8,116,115.28571428571429,0,0,0.0,0.0,1.0,1.0,0.05,OK,False
MASS2424,lumpy,B,0.9,217.0,31.816071428571423,31.816071428571423,0.0,,2.1210714285714283,7.0,1.9544,4,28,27.285714285714285,0,0,0.0,0.0,3.1,14.0,0.05,OK,False
MASS2360,erratic,B,0.9,44.0,47.269135318881496,33.45,13.819135318881495,,2.23,1.304,0.5221,23,30,29.142857142857142,1,20,0.101802,69.6,3.48,20.0,0.101802,REORDENAR,True
MASS2381,lumpy,B,0.9,86.0,15.967241379310343,15.967241379310343,0.0,,1.0644827586206895,2.071,1.5763,14,29,28.428571428571427,0,0,0.0,0.0,8.03,36.0,0.098982,OK,False
MASS1622,sin_datos,B,0.9,0.0,0.0,0.0,0.0,,0.0,inf,,0,125,123.85714285714286,1,10,0.17856,55.0,5.5,10.0,0.17856,REORDENAR,True
MASS2282,lumpy,B,0.9,0.0,15.923076923076923,15.923076923076923,0.0,,1.0615384615384615,3.545,1.3567,11,39,38.142857142857146,1,1,0.05,1.0,1.0,1.0,0.05,REORDENAR,True
MASS1680,sin_datos,B,0.9,0.0,0.08653846153846154,0.08653846153846154,0.0,,0.0057692307692307696,52.0,,1,122,120.85714285714286,1,1,0.05,1.0,1.0,1.0,0.05,REORDENAR,True
MASS1512,sin_datos,B,0.9,0.0,0.0,0.0,0.0,,0.0,inf,,0,133,132.14285714285714,1,1,0.05,1.0,1.0,1.0,0.05,REORDENAR,True
MASS0010,sin_datos,B,0.9,0.0,0.0,0.0,0.0,,0.0,inf,,0,133,132.14285714285714,1,1,0.05,1.0,1.0,1.0,0.05,REORDENAR,True
MASS1588,sin_datos,B,0.9,0.0,0.0,0.0,0.0,,0.0,inf,,0,128,127.14285714285714,1,1,0.05,1.0,1.0,1.0,0.05,REORDENAR,True
MASS2458,lumpy,B,0.9,49.0,11.24999999999999,11.24999999999999,0.0,,0.7499999999999993,3.125,4.4434,8,25,23.857142857142858,0,0,0.0,0.0,14.5,40.0,0.09441144,OK,False
MASS2624,smooth,B,0.9,0.0,105.54047340002128,93.75,11.790473400021284,,6.25,1.0,0.1445,8,8,7.571428571428571,1,1,0.05,1.0,1.0,1.0,0.05,REORDENAR,True
MASS1475,lumpy,B,0.9,0.0,4.404807692307692,4.404807692307692,0.0,,0.29365384615384615,4.333,0.6713,12,130,129.42857142857142,1,1,0.05,1.0,1.0,1.0,0.05,REORDENAR,True
MASS2004,intermittent,B,0.9,0.0,0.25961538461538464,0.25961538461538464,0.0,,0.01730769230769231,17.333,0.0,3,71,69.85714285714286,1,1,0.05,1.0,1.0,1.0,0.05,REORDENAR,True
MASS1330,sin_datos,B,0.9,0.0,0.0,0.0,0.0,,0.0,52.0,,1,138,137.57142857142858,1,1,0.05,1.0,1.0,1.0,0.05,REORDENAR,True
MASS2229,lumpy,B,0.9,0.0,16.29230769230769,16.29230769230769,0.0,,1.086153846153846,2.167,1.861,18,39,38.714285714285715,1,40,0.183582,74.0,1.85,40.0,0.183582,REORDENAR,True
MASS2611,erratic,B,0.9,84.0,223.50467162271786,159.61387710182308,63.89079452089479,,10.640925140121539,1.0,1.2806,8,8,7.428571428571429,1,60,0.049728,255.0,4.25,60.0,0.049728,REORDENAR,True
MASS0960,intermittent,B,0.9,0.0,8.620853365384615,8.620853365384615,0.0,,0.5747235576923077,3.25,0.425,16,71,70.28571428571429,1,432,0.03528,280.8,0.65,432.0,0.03528,REORDENAR,True
MASS1633,lumpy,B,0.9,0.0,1.600961538461538,1.600961538461538,0.0,,0.10673076923076921,13.0,1.52,4,119,117.85714285714286,1,20,0.055404,81.0,4.05,20.0,0.055404,REORDENAR,True
MASS1332,lumpy,B,0.9,0.0,4.348557692307692,4.348557692307692,0.0,,0.2899038461538461,4.333,0.5262,12,138,137.42857142857142,1,1,0.05,1.0,1.0,1.0,0.05,REORDENAR,True
MASS2100,lumpy,B,0.9,0.0,18.9375,18.9375,0.0,,1.2625,4.2,0.5066,10,42,41.142857142857146,1,120,0.080896,162.0,1.35,120.0,0.080896,REORDENAR,True
MASS2632,erratic,B,0.9,33.0,129.52311338769385,71.25,58.27311338769386,,4.75,1.0,2.2227,8,8,7.428571428571429,1,25,0.085904,137.0,5.48,25.0,0.085904,REORDENAR,True
MASS1127,lumpy,B,0.9,115.0,33.82211538461539,33.82211538461539,0.0,,2.2548076923076925,3.25,0.739,16,141,139.85714285714286,0,0,0.0,0.0,1.23,200.0,0.084672,OK,False
MASS2468,lumpy,B,0.9,147.0,12.743999999999998,12.743999999999998,0.0,,0.8495999999999999,5.0,0.5807,5,25,23.857142857142858,0,0,0.0,0.0,3.9,8.0,0.05,OK,False
MASS1678,sin_datos,B,0.9,0.0,0.0,0.0,0.0,,0.0,inf,,0,125,124.42857142857143,1,1,0.05,1.0,1.0,1.0,0.05,REORDENAR,True
MASS1289,sin_datos,B,0.9,0.0,0.0,0.0,0.0,,0.0,inf,,0,133,132.14285714285714,1,1,0.05,1.0,1.0,1.0,0.05,REORDENAR,True
MASS1481,intermittent,B,0.9,52.0,9.217251757937353,9.217251757937353,0.0,,0.6144834505291569,13.0,0.2844,4,138,137.28571428571428,0,0,0.0,0.0,1.9,200.0,0.05,OK,False
MASS2502,sin_datos,B,0.9,0.0,5.3999999999999995,5.3999999999999995,0.0,,0.36,20.0,,1,20,19.428571428571427,1,1,0.05,1.0,1.0,1.0,0.05,REORDENAR,True
MASS0604,lumpy,B,0.9,23.0,3.4903846153846145,3.4903846153846145,0.0,,0.23269230769230764,13.0,0.9704,4,125,124.71428571428571,0,0,0.0,0.0,9.5,40.0,0.08976,OK,False
MASS2591,lumpy,B,0.9,200.0,21.489705882352936,21.489705882352936,0.0,,1.4326470588235292,2.429,2.0898,7,17,16.714285714285715,0,0,0.0,0.0,6.35,10.0,0.112518,OK,False
MASS1270,lumpy,B,0.9,0.0,3.915865384615385,3.915865384615385,0.0,,0.2610576923076923,8.667,2.673,6,142,141.14285714285714,1,100,0.050337,400.0,4.0,100.0,0.050337,REORDENAR,True
MASS1396,sin_datos,B,0.9,0.0,0.08653846153846154,0.08653846153846154,0.0,,0.0057692307692307696,52.0,,1,117,116.57142857142857,1,1,0.05,1.0,1.0,1.0,0.05,REORDENAR,True
MASS0787,lumpy,B,0.9,216.0,26.192307692307686,26.192307692307686,0.0,,1.7461538461538457,2.737,0.5566,19,138,137.57142857142858,0,0,0.0,0.0,0.68,200.0,0.11628,OK,False
MASS1073,intermittent,B,0.9,0.0,0.5594093406593406,0.5594093406593406,0.0,,0.037293956043956036,10.4,0.1531,5,120,119.14285714285714,1,1,0.05,1.0,1.0,1.0,0.05,REORDENAR,True
MASS0400,lumpy,B,0.9,0.0,2.4749999999999996,2.4749999999999996,0.0,,0.16499999999999998,6.5,1.9251,8,141,140.28571428571428,1,100,0.046368,295.0,2.95,100.0,0.046368,REORDENAR,True
MASS1329,intermittent,B,0.9,0.0,3.7067547411037713,3.7067547411037713,0.0,,0.24711698274025143,5.778,0.2493,9,138,137.42857142857142,1,1,0.05,1.0,1.0,1.0,0.05,REORDENAR,True
MASS1553,sin_datos,B,0.9,0.0,0.0,0.0,0.0,,0.0,inf,,0,125,123.85714285714286,1,72,0.21420025,162.0,2.25,72.0,0.21420025,REORDENAR,True
MASS1234,intermittent,B,0.9,15.0,2.307692307692308,2.307692307692308,0.0,,0.15384615384615385,6.5,0.0,8,125,123.85714285714286,0,0,0.0,0.0,5.32,24.0,0.088452,OK,False
MASS2708,smooth,B,0.9,186.0,448.90524150528427,383.99999999999994,64.9052415052843,,25.599999999999998,1.0,0.2435,4,4,3.4285714285714284,1,60,0.103936,156.0,2.6,60.0,0.103936,REORDENAR,True
MASS1333,lumpy,B,0.9,155.0,13.125,13.125,0.0,,0.875,8.667,0.8893,6,138,137.42857142857142,0,0,0.0,0.0,3.5,20.0,0.085648,OK,False
MASS3025,lumpy,B,0.9,97.0,82.06875,82.06875,0.0,,5.4712499999999995,1.778,1.3802,9,16,15.142857142857142,0,0,0.0,0.0,5.77,10.0,0.05,OK,False
MASS2236,intermittent,B,0.9,0.0,3.701199491965973,3.701199491965973,0.0,,0.24674663279773154,3.636,0.3753,11,40,39.285714285714285,1,40,0.05,560.0,14.0,40.0,0.05,REORDENAR,True
MASS1008,lumpy,B,0.9,0.0,2.288942307692307,2.288942307692307,0.0,,0.15259615384615383,4.333,0.9383,12,99,97.85714285714286,1,1,0.05,1.0,1.0,1.0,0.05,REORDENAR,True
MASS2703,intermittent,B,0.9,3.0,3.1887755102040813,3.1887755102040813,0.0,,0.21258503401360543,2.0,0.2993,4,8,7.285714285714286,1,1,0.05,45.0,45.0,1.0,0.05,REORDENAR,True
MASS0779,lumpy,B,0.9,0.0,7.502884615384614,7.502884615384614,0.0,,0.5001923076923076,2.167,0.5324,24,71,69.85714285714286,1,200,0.135759,196.0,0.98,200.0,0.135759,REORDENAR,True
MASS0705,lumpy,B,0.9,107.0,32.22115384615385,32.22115384615385,0.0,,2.148076923076923,2.167,0.872,24,141,140.28571428571428,0,0,0.0,0.0,1.4,200.0,0.065968,OK,False
MASS2466,lumpy,B,0.9,151.0,12.023999999999997,12.023999999999997,0.0,,0.8015999999999999,5.0,0.5918,5,25,23.857142857142858,0,0,0.0,0.0,3.9,8.0,0.05,OK,False
MASS2379,erratic,B,0.9,212.0,118.96186779462896,83.75999999999999,35.20186779462897,,5.584,1.25,0.5641,24,30,29.714285714285715,0,0,0.0,0.0,1.78,100.0,0.06924275,OK,False
MASS0980,lumpy,B,0.9,4.0,5.971153846153845,5.971153846153845,0.0,,0.398076923076923,4.333,0.9545,12,117,115.85714285714286,1,1,0.05,1.0,1.0,1.0,0.05,REORDENAR,True
MASS1766,intermittent,B,0.9,933.0,169.6565414736492,169.6565414736492,0.0,,11.310436098243281,6.5,0.2417,8,118,116.85714285714286,0,0,0.0,0.0,1.0,1.0,0.05,OK,False
MASS1610,intermittent,B,0.9,0.0,0.22692307692307692,0.22692307692307692,0.0,,0.015128205128205128,26.0,0.2222,2,125,123.85714285714286,1,20,0.05,60.0,3.0,20.0,0.05,REORDENAR,True
MASS1652,lumpy,B,0.9,87.0,14.249999999999998,14.249999999999998,0.0,,0.9499999999999998,2.167,1.0014,24,119,118.14285714285714,0,0,0.0,0.0,1.0,1.0,0.05,OK,False
MASS0697,erratic,B,0.9,7.0,103.88167820001443,76.4423076923077,27.43937050770674,,5.096153846153846,1.13,0.8512,46,141,140.28571428571428,1,100,0.01875,20.0,0.2,100.0,0.01875,REORDENAR,True
MASS2637,erratic,B,0.9,23.0,118.35606358923204,89.81249999999999,28.543563589232054,,5.987499999999999,1.143,0.6104,7,8,7.428571428571429,1,1,0.05,1.0,1.0,1.0,0.05,REORDENAR,True
MASS1695,lumpy,B,0.9,0.0,5.837019230769231,5.837019230769231,0.0,,0.3891346153846154,4.333,0.5568,12,115,114.42857142857143,1,1,0.05,1.0,1.0,1.0,0.05,REORDENAR,True
MASS2434,intermittent,B,0.9,0.0,2.484591942148761,2.484591942148761,0.0,,0.16563946280991737,6.0,0.4804,5,30,29.571428571428573,1,1,0.05,1.0,1.0,1.0,0.05,REORDENAR,True
MASS2639,erratic,B,0.9,1.0,95.97490822733724,67.5239686689956,28.45093955834164,,4.501597911266373,1.143,0.5918,7,8,7.571428571428571,1,1,0.05,1.0,1.0,1.0,0.05,REORDENAR,True
MASS1271,lumpy,B,0.9,0.0,3.928846153846153,3.928846153846153,0.0,,0.26192307692307687,10.4,2.2217,5,142,141.14285714285714,1,100,0.050337,400.0,4.0,100.0,0.050337,REORDENAR,True
MASS1612,lumpy,B,0.9,0.0,4.573557692307692,4.573557692307692,0.0,,0.30490384615384614,3.714,2.6085,14,125,123.85714285714286,1,1,0.001,3.29,3.29,1.0,0.001,REORDENAR,True
MASS1866,sin_datos,B,0.9,0.0,0.0,0.0,0.0,,0.0,inf,,0,72,71.71428571428571,1,20,0.113755125,116.0,5.8,20.0,0.113755125,REORDENAR,True
MASS1871,sin_datos,B,0.9,0.0,0.0,0.0,0.0,,0.0,inf,,0,72,71.71428571428571,1,1,0.05,1.0,1.0,1.0,0.05,REORDENAR,True
MASS1162,lumpy,B,0.9,0.0,4.95,4.95,0.0,,0.33,3.059,0.8168,17,89,88.42857142857143,1,1,0.05,1.0,1.0,1.0,0.05,REORDENAR,True
MASS2374,erratic,B,0.9,89.0,61.76666817098803,31.304999999999996,30.461668170988027,,2.0869999999999997,1.304,1.4082,23,30,29.428571428571427,0,0,0.0,0.0,3.25,100.0,0.06122025,OK,False
MASS2022,lumpy,B,0.9,0.0,4.679999999999999,4.679999999999999,0.0,,0.31199999999999994,3.333,1.5094,15,50,48.857142857142854,1,1,0.05,1.0,1.0,1.0,0.05,REORDENAR,True
MASS0363,lumpy,B,0.9,40.0,12.276923076923076,12.276923076923076,0.0,,0.8184615384615384,1.793,0.9387,29,71,70.28571428571429,0,0,0.0,0.0,3.03,50.0,0.02448,OK,False
MASS2315,erratic,B,0.9,52.0,68.2663283720789,36.074999999999996,32.1913283720789,,2.405,1.154,2.2303,26,30,29.714285714285715,1,96,0.050715,144.0,1.5,96.0,0.050715,REORDENAR,True
MASS1790,lumpy,B,0.9,1.0,26.03076923076923,26.03076923076923,0.0,,1.7353846153846153,1.576,1.0037,33,102,101.71428571428571,1,120,0.061952,102.0,0.85,120.0,0.061952,REORDENAR,True
MASS1614,lumpy,B,0.9,71.0,11.682692307692307,11.682692307692307,0.0,,0.7788461538461537,2.889,0.9647,18,125,123.85714285714286,0,0,0.0,0.0,3.75,1.0,0.001269,OK,False
MASS0020,lumpy,B,0.9,235.0,44.97115384615384,44.97115384615384,0.0,,2.9980769230769226,2.364,1.1281,22,141,140.28571428571428,0,0,0.0,0.0,0.8,300.0,0.027,OK,False
MASS2495,lumpy,B,0.9,1.0,27.99,27.99,0.0,,1.8659999999999999,1.562,1.8566,16,25,23.857142857142858,1,1,0.05,1.0,1.0,1.0,0.05,REORDENAR,True
MASS1053,lumpy,B,0.9,45.0,11.076923076923077,11.076923076923077,0.0,,0.7384615384615384,3.714,0.959,14,133,132.28571428571428,0,0,0.0,0.0,3.5,80.0,0.0387,OK,False
MASS1422,intermittent,B,0.9,41.0,7.426909029611732,7.426909029611732,0.0,,0.4951272686407821,8.667,0.3807,6,139,138.28571428571428,0,0,0.0,0.0,1.0,1.0,0.05,OK,False
MASS2349,erratic,B,0.9,0.0,37.60009819992807,24.89999999999999,12.70009819992808,,1.6599999999999995,1.25,0.7623,24,30,29.428571428571427,1,20,0.074844,83.0,4.15,20.0,0.074844,REORDENAR,True
MASS1471,intermittent,B,0.9,1.0,1.5383166006787325,1.5383166006787325,0.0,,0.10255444004524883,2.889,0.3309,18,141,140.28571428571428,1,1,0.05,1.0,1.0,1.0,0.05,REORDENAR,True
MASS2105,lumpy,B,0.9,0.0,4.682142857142857,4.682142857142857,0.0,,0.3121428571428571,3.5,1.3977,12,42,41.142857142857146,1,100,0.030336,695.0,6.95,100.0,0.030336,REORDENAR,True
MASS2318,lumpy,B,0.9,6.0,3.75,3.75,0.0,,0.25,10.0,1.1719,3,30,29.571428571428573,0,0,0.0,0.0,59.0,10.0,0.032,OK,False
MASS1646,intermittent,B,0.9,0.0,0.17307692307692307,0.17307692307692307,0.0,,0.011538461538461539,26.0,0.0,2,119,117.85714285714286,1,1,0.05,1.0,1.0,1.0,0.05,REORDENAR,True
MASS2277,lumpy,B,0.9,19.0,16.275,16.275,0.0,,1.085,2.211,1.8019,19,42,41.142857142857146,0,0,0.0,0.0,1.0,1.0,0.05,OK,False
MASS0153,lumpy,B,0.9,166.0,28.427884615384603,28.427884615384603,0.0,,1.8951923076923067,6.5,4.0321,8,119,118.14285714285714,0,0,0.0,0.0,0.8,300.0,0.05,OK,False
MASS2204,lumpy,B,0.9,1.0,10.629,10.629,0.0,,0.7086,2.5,1.1172,20,50,48.857142857142854,1,1,0.05,1.0,1.0,1.0,0.05,REORDENAR,True
MASS1567,sin_datos,B,0.9,0.0,0.0,0.0,0.0,,0.0,inf,,0,129,127.85714285714286,1,1,0.05,1.0,1.0,1.0,0.05,REORDENAR,True
MASS2408,lumpy,B,0.9,0.0,7.729838709677418,7.729838709677418,0.0,,0.5153225806451612,3.875,0.5467,8,31,30.428571428571427,1,1,0.05,1.0,1.0,1.0,0.05,REORDENAR,True
MASS1696,intermittent,B,0.9,0.0,2.041745175157779,2.041745175157779,0.0,,0.1361163450105186,7.429,0.3385,7,115,114.42857142857143,1,100,0.04968,250.0,2.5,100.0,0.04968,REORDENAR,True
MASS3067,lumpy,B,0.9,0.0,6.749999999999999,6.749999999999999,0.0,,0.44999999999999996,2.8,0.6095,5,14,13.714285714285714,1,1,0.05,1.0,1.0,1.0,0.05,REORDENAR,True
MASS2227,lumpy,B,0.9,0.0,13.107692307692307,13.107692307692307,0.0,,0.8738461538461538,2.6,2.0262,15,39,38.714285714285715,1,40,0.183582,74.0,1.85,40.0,0.183582,REORDENAR,True
MASS2460,sin_datos,B,0.9,80.0,6.12,6.12,0.0,,0.40800000000000003,25.0,,1,25,23.857142857142858,0,0,0.0,0.0,8.0,6.0,0.14332575,OK,False
MASS2049,lumpy,B,0.9,2.0,21.623999999999995,21.623999999999995,0.0,,1.4415999999999998,1.786,1.3919,28,50,48.857142857142854,1,1,0.05,1.0,1.0,1.0,0.05,REORDENAR,True
MASS2242,erratic,B,0.9,22.0,45.03179582792831,30.359999999999992,14.671795827928323,,2.0239999999999996,1.176,1.1239,34,40,39.285714285714285,1,100,0.0504,254.99999999999997,2.55,100.0,0.0504,REORDENAR,True
MASS2615,erratic,B,0.9,138.0,102.39560597518496,67.5,34.89560597518496,,4.5,1.0,0.8787,8,8,7.285714285714286,0,0,0.0,0.0,5.35,20.0,0.120064,OK,False
MASS2043,erratic,B,0.9,1.0,52.883375890679574,21.633000000000003,31.25037589067957,,1.4422000000000001,1.25,1.3973,40,50,48.857142857142854,1,100,0.115506,108.0,1.08,100.0,0.115506,REORDENAR,True
MASS2469,lumpy,B,0.9,1032.0,128.124,128.124,0.0,,8.541599999999999,3.125,1.5824,8,25,23.857142857142858,0,0,0.0,0.0,0.65,270.0,0.05,OK,False
MASS2400,lumpy,B,0.9,297.0,45.535714285714285,45.535714285714285,0.0,,3.0357142857142856,4.667,0.528,6,28,27.142857142857142,0,0,0.0,0.0,4.5,10.0,0.05,OK,False
MASS2295,lumpy,B,0.9,51.0,5.887499999999999,5.887499999999999,0.0,,0.39249999999999996,3.636,2.2076,11,40,39.285714285714285,0,0,0.0,0.0,1.0,1.0,0.05,OK,False
MASS1665,sin_datos,B,0.9,92.0,0.0,0.0,0.0,,0.0,inf,,0,119,117.85714285714286,0,0,0.0,0.0,1.0,1.0,0.05,OK,False
MASS2095,erratic,B,0.9,13.0,100.84501479182273,54.42857142857141,46.416443363251325,,3.6285714285714272,1.2,3.0581,35,42,41.142857142857146,1,80,0.04352,72.0,0.9,80.0,0.04352,REORDENAR,True
MASS2529,sin_datos,B,0.9,0.0,8.100000000000001,8.100000000000001,0.0,,0.54,20.0,,1,20,19.428571428571427,1,1,0.05,1.0,1.0,1.0,0.05,REORDENAR,True
MASS2054,lumpy,B,0.9,4.0,17.4,17.4,0.0,,1.16,2.174,0.7436,23,50,48.857142857142854,1,1,0.05,1.0,1.0,1.0,0.05,REORDENAR,True
MASS2584,erratic,B,0.9,64.0,94.51671710866299,54.88235294117644,39.63436416748655,,3.658823529411763,1.308,2.2327,13,17,16.714285714285715,1,24,0.1566,34.8,1.45,24.0,0.1566,REORDENAR,True
MASS1519,erratic,B,0.9,27.0,61.4542255272246,45.86538461538461,15.588840911839988,,3.0576923076923075,1.156,0.6449,45,125,123.85714285714286,1,1,0.05,0.3,0.3,1.0,0.05,REORDENAR,True
MASS2437,lumpy,B,0.9,0.0,1.3649999999999998,1.3649999999999998,0.0,,0.09099999999999998,4.286,0.63,7,30,29.571428571428573,1,1,0.05,1.0,1.0,1.0,0.05,REORDENAR,True
MASS2261,intermittent,B,0.9,0.0,3.980209375,3.980209375,0.0,,0.26534729166666665,5.714,0.3442,7,40,39.285714285714285,1,20,0.027,580.0,29.0,20.0,0.027,REORDENAR,True
MASS0394,lumpy,B,0.9,0.0,20.249999999999996,20.249999999999996,0.0,,1.3499999999999999,1.677,0.6228,31,138,137.42857142857142,1,300,0.02448,165.0,0.55,300.0,0.02448,REORDENAR,True
MASS1563,sin_datos,B,0.9,0.0,0.0,0.0,0.0,,0.0,inf,,0,129,127.85714285714286,1,1,0.05,1.0,1.0,1.0,0.05,REORDENAR,True
MASS2461,erratic,B,0.9,1.0,123.9847600201547,93.1875,30.7972600201547,,6.2125,1.143,0.7345,7,8,6.857142857142857,1,25,0.0744,131.25,5.25,25.0,0.0744,REORDENAR,True
MASS1809,lumpy,B,0.9,0.0,1.246153846153846,1.246153846153846,0.0,,0.08307692307692306,5.778,0.8525,9,102,101.71428571428571,1,40,0.102396,128.0,3.2,40.0,0.102396,REORDENAR,True
MASS2634,lumpy,B,0.9,19.0,91.30723638964946,91.30723638964946,0.0,,6.087149092643298,1.333,0.649,6,8,7.428571428571429,1,1,0.05,1.0,1.0,1.0,0.05,REORDENAR,True
MASS1998,lumpy,B,0.9,67.0,20.798076923076895,20.798076923076895,0.0,,1.3865384615384597,2.737,2.9544,19,73,71.85714285714286,0,0,0.0,0.0,1.0,100.0,0.07,OK,False
MASS1886,lumpy,B,0.9,1.0,11.440384615384614,11.440384615384614,0.0,,0.7626923076923077,1.793,0.7998,29,71,69.85714285714286,1,100,0.0392,70.0,0.7,100.0,0.0392,REORDENAR,True
MASS0920,sin_datos,B,0.9,0.0,0.0,0.0,0.0,,0.0,inf,,0,141,139.85714285714286,1,48,0.126405,86.4,1.8,48.0,0.126405,REORDENAR,True
MASS1760,lumpy,B,0.9,98.0,31.990384615384613,31.990384615384613,0.0,,2.1326923076923077,3.467,0.6542,15,115,114.42857142857143,0,0,0.0,0.0,0.55,150.0,0.05,OK,False
MASS1087,sin_datos,B,0.9,0.0,0.0,0.0,0.0,,0.0,inf,,0,126,125.71428571428571,1,1,0.05,1.0,1.0,1.0,0.05,REORDENAR,True
MASS2411,intermittent,B,0.9,94.0,19.31618767313019,19.31618767313019,0.0,,1.287745844875346,3.444,0.3802,9,31,30.285714285714285,0,0,0.0,0.0,1.0,1.0,0.05,OK,False
MASS2631,smooth,B,0.9,2.0,103.23454321864084,86.15625,17.078293218640837,,5.74375,1.0,0.343,8,8,6.857142857142857,1,1,0.05,1.0,1.0,1.0,0.05,REORDENAR,True
MASS1636,intermittent,B,0.9,0.0,1.0384615384615385,1.0384615384615385,0.0,,0.06923076923076923,26.0,0.0,2,119,117.85714285714286,1,20,0.055404,81.0,4.05,20.0,0.055404,REORDENAR,True
MASS2189,lumpy,B,0.9,2.0,27.982142857142854,27.982142857142854,0.0,,1.8654761904761903,2.333,1.3207,18,42,41.142857142857146,1,1,0.002199375,1.9,1.9,1.0,0.002199375,REORDENAR,True
MASS1561,lumpy,B,0.9,0.0,11.418749999999996,11.418749999999996,0.0,,0.7612499999999998,5.2,0.7745,10,116,115.57142857142857,1,1,0.05,1.0,1.0,1.0,0.05,REORDENAR,True
MASS1564,sin_datos,B,0.9,0.0,0.08653846153846154,0.08653846153846154,0.0,,0.0057692307692307696,52.0,,1,129,127.85714285714286,1,1,0.05,1.0,1.0,1.0,0.05,REORDENAR,True
MASS0251,lumpy,B,0.9,0.0,3.0634615384615387,3.0634615384615387,0.0,,0.20423076923076924,4.0,0.5684,13,141,140.28571428571428,1,30,0.055,69.0,2.3,30.0,0.055,REORDENAR,True
MASS2055,lumpy,B,0.9,17.0,9.471,9.471,0.0,,0.6314,2.273,0.6729,22,50,48.857142857142854,0,0,0.0,0.0,1.0,1.0,0.05,OK,False
MASS2058,lumpy,B,0.9,183.0,23.870999999999995,23.870999999999995,0.0,,1.5913999999999997,1.724,1.2989,29,50,48.857142857142854,0,0,0.0,0.0,1.6,100.0,0.1296,OK,False
MASS2370,lumpy,B,0.9,107.0,36.945,36.945,0.0,,2.463,1.364,2.4286,22,30,29.428571428571427,0,0,0.0,0.0,2.2,60.0,0.126984,OK,False
MASS2467,lumpy,B,0.9,182.0,11.088,11.088,0.0,,0.7392,6.25,0.5,4,25,23.857142857142858,0,0,0.0,0.0,3.9,8.0,0.05,OK,False
MASS2555,sin_datos,B,0.9,0.0,8.100000000000001,8.100000000000001,0.0,,0.54,20.0,,1,20,19.428571428571427,1,1,0.05,1.0,1.0,1.0,0.05,REORDENAR,True
MASS0863,lumpy,B,0.9,0.0,1.8259615384615382,1.8259615384615382,0.0,,0.12173076923076921,13.0,0.7603,4,120,119.42857142857143,1,1,0.05,1.0,1.0,1.0,0.05,REORDENAR,True
MASS1923,lumpy,B,0.9,0.0,8.307692307692308,8.307692307692308,0.0,,0.5538461538461539,2.364,1.0431,22,71,70.28571428571429,1,120,0.075,240.0,2.0,120.0,0.075,REORDENAR,True
MASS1532,lumpy,B,0.9,128.0,27.548076923076923,27.548076923076923,0.0,,1.8365384615384615,1.677,1.3493,31,71,69.85714285714286,0,0,0.0,0.0,0.6,200.0,0.025012,OK,False
MASS1172,lumpy,B,0.9,40.0,33.46153846153846,33.46153846153846,0.0,,2.230769230769231,2.737,0.5094,19,141,140.28571428571428,0,0,0.0,0.0,0.6,150.0,0.057456,OK,False
MASS1482,lumpy,B,0.9,83.0,22.153846153846153,22.153846153846153,0.0,,1.4769230769230768,4.333,0.8116,12,138,137.28571428571428,0,0,0.0,0.0,1.9,200.0,0.05,OK,False
MASS1950,lumpy,B,0.9,109.0,39.72115384615385,39.72115384615385,0.0,,2.648076923076923,2.167,0.7226,24,71,70.28571428571429,0,0,0.0,0.0,1.5,50.0,0.0088,OK,False
MASS1972,lumpy,B,0.9,0.0,0.7442307692307691,0.7442307692307691,0.0,,0.04961538461538461,17.333,0.7778,3,71,70.28571428571429,1,30,0.067116,306.0,10.2,30.0,0.067116,REORDENAR,True
MASS2554,sin_datos,B,0.9,0.0,8.100000000000001,8.100000000000001,0.0,,0.54,20.0,,1,20,19.428571428571427,1,1,0.05,1.0,1.0,1.0,0.05,REORDENAR,True
MASS2406,lumpy,B,0.9,0.0,7.722580645161291,7.722580645161291,0.0,,0.5148387096774194,3.444,0.6528,9,31,30.285714285714285,1,1,0.05,1.0,1.0,1.0,0.05,REORDENAR,True
MASS2414,lumpy,B,0.9,0.0,7.069354838709676,7.069354838709676,0.0,,0.471290322580645,4.429,1.1649,7,31,30.428571428571427,1,1,0.05,1.0,1.0,1.0,0.05,REORDENAR,True
MASS1294,lumpy,B,0.9,0.0,4.759615384615384,4.759615384615384,0.0,,0.3173076923076923,2.476,0.746,21,126,125.57142857142857,1,100,0.03456,95.0,0.95,100.0,0.03456,REORDENAR,True
MASS1464,lumpy,B,0.9,23.0,32.59615384615385,32.59615384615385,0.0,,2.173076923076923,2.476,0.6889,21,141,140.28571428571428,1,200,0.094116,229.99999999999997,1.15,200.0,0.094116,REORDENAR,True
MASS2357,lumpy,B,0.9,3.0,16.034482758620687,16.034482758620687,0.0,,1.0689655172413792,1.706,1.1409,17,29,28.714285714285715,1,10,0.0552885,48.5,4.85,10.0,0.0552885,REORDENAR,True
MASS1293,lumpy,B,0.9,0.0,3.9375,3.9375,0.0,,0.2625,3.25,0.5326,16,126,125.57142857142857,1,100,0.03024,65.0,0.65,100.0,0.03024,REORDENAR,True
MASS2372,lumpy,B,0.9,74.0,21.13189655172414,21.13189655172414,0.0,,1.408793103448276,1.933,0.7079,15,29,28.428571428571427,0,0,0.0,0.0,6.97,40.0,0.09082125,OK,False
MASS2278,lumpy,B,0.9,11.0,27.42857142857142,27.42857142857142,0.0,,1.828571428571428,2.333,1.4466,18,42,41.142857142857146,1,1,0.05,1.0,1.0,1.0,0.05,REORDENAR,True
MASS1538,lumpy,B,0.9,0.0,7.000961538461539,7.000961538461539,0.0,,0.4667307692307692,2.364,0.6313,22,125,123.85714285714286,1,250,0.05,125.0,0.5,250.0,0.05,REORDENAR,True
MASS1926,lumpy,B,0.9,34.0,16.73076923076923,16.73076923076923,0.0,,1.1153846153846154,1.793,1.9152,29,70,69.71428571428571,0,0,0.0,0.0,1.2,100.0,0.096,OK,False
MASS2385,lumpy,B,0.9,2.0,10.241379310344827,10.241379310344827,0.0,,0.6827586206896552,2.231,0.5914,13,29,28.714285714285715,1,60,0.098423,165.0,2.75,60.0,0.098423,REORDENAR,True
MASS1359,lumpy,B,0.9,0.0,3.4269230769230763,3.4269230769230763,0.0,,0.2284615384615384,7.429,0.8889,7,139,138.14285714285714,1,200,0.04536,104.0,0.52,200.0,0.04536,REORDENAR,True
MASS1281,intermittent,B,0.9,0.0,1.1299450549450547,1.1299450549450547,0.0,,0.07532967032967032,4.727,0.1347,11,120,119.42857142857143,1,1,0.05,1.0,1.0,1.0,0.05,REORDENAR,True
MASS1635,intermittent,B,0.9,8.0,1.736094674556213,1.736094674556213,0.0,,0.1157396449704142,5.778,0.4327,9,119,117.85714285714286,0,0,0.0,0.0,4.05,20.0,0.055404,OK,False
MASS1450,sin_datos,B,0.9,0.0,0.0,0.0,0.0,,0.0,inf,,0,138,136.85714285714286,1,1,0.05,1.0,1.0,1.0,0.05,REORDENAR,True
MASS1846,sin_datos,B,0.9,0.0,0.0,0.0,0.0,,0.0,inf,,0,98,97.42857142857143,1,1,0.05,1.0,1.0,1.0,0.05,REORDENAR,True
MASS0780,lumpy,B,0.9,0.0,6.29134615384615,6.29134615384615,0.0,,0.4194230769230767,1.733,1.1745,30,71,69.85714285714286,1,200,0.135759,196.0,0.98,200.0,0.135759,REORDENAR,True
MASS2181,lumpy,B,0.9,0.0,25.648255813953476,25.648255813953476,0.0,,1.7098837209302318,1.483,1.2179,29,43,42.142857142857146,1,80,0.014,14.399999999999999,0.18,80.0,0.014,REORDENAR,True
MASS2409,lumpy,B,0.9,0.0,7.025806451612903,7.025806451612903,0.0,,0.46838709677419355,6.2,1.1723,5,31,30.285714285714285,1,1,0.05,1.0,1.0,1.0,0.05,REORDENAR,True
MASS0947,lumpy,B,0.9,89.0,12.764423076923077,12.764423076923077,0.0,,0.8509615384615384,3.25,0.7622,16,141,140.28571428571428,0,0,0.0,0.0,2.5,100.0,0.05,OK,False
MASS1045,lumpy,B,0.9,0.0,8.549999999999997,8.549999999999997,0.0,,0.5699999999999998,4.0,0.9875,13,141,140.28571428571428,1,100,0.079335,80.0,0.8,100.0,0.079335,REORDENAR,True
MASS2352,lumpy,B,0.9,0.0,24.42155172413793,24.42155172413793,0.0,,1.628103448275862,1.706,1.1828,17,29,28.571428571428573,1,24,0.051971625,79.92,3.33,24.0,0.051971625,REORDENAR,True
MASS2064,lumpy,B,0.9,44.0,18.78,18.78,0.0,,1.252,1.613,1.509,31,50,48.857142857142854,0,0,0.0,0.0,2.5,72.0,0.0247,OK,False
MASS0699,lumpy,B,0.9,24.0,59.88461538461537,59.88461538461537,0.0,,3.9923076923076914,1.486,0.9806,35,141,140.28571428571428,1,100,0.0462,54.0,0.54,100.0,0.0462,REORDENAR,True
MASS1566,sin_datos,B,0.9,0.0,0.0,0.0,0.0,,0.0,inf,,0,129,127.85714285714286,1,1,0.05,1.0,1.0,1.0,0.05,REORDENAR,True
MASS0695,lumpy,B,0.9,0.0,3.007211538461538,3.007211538461538,0.0,,0.20048076923076918,5.2,1.1046,10,123,122.71428571428571,1,50,0.075,140.0,2.8,50.0,0.075,REORDENAR,True
MASS0412,sin_datos,B,0.9,0.0,0.0,0.0,0.0,,0.0,inf,,0,142,141.28571428571428,1,1,0.05,1.0,1.0,1.0,0.05,REORDENAR,True
MASS2249,lumpy,B,0.9,3.0,15.48,15.48,0.0,,1.032,1.6,0.8197,25,40,39.285714285714285,1,120,0.043472,216.0,1.8,120.0,0.043472,REORDENAR,True
MASS1342,sin_datos,B,0.9,0.0,0.0,0.0,0.0,,0.0,inf,,0,140,139.28571428571428,1,1,0.05,1.0,1.0,1.0,0.05,REORDENAR,True
MASS1500,sin_datos,B,0.9,0.0,0.08653846153846154,0.08653846153846154,0.0,,0.0057692307692307696,52.0,,1,135,134.57142857142858,1,1,0.05,1.0,1.0,1.0,0.05,REORDENAR,True
MASS2590,lumpy,B,0.9,173.0,52.191176470588225,52.191176470588225,0.0,,3.4794117647058815,1.7,1.3158,10,17,16.714285714285715,0,0,0.0,0.0,3.68,30.0,0.11158875,OK,False
MASS1501,sin_datos,B,0.9,0.0,0.0,0.0,0.0,,0.0,inf,,0,135,134.57142857142858,1,1,0.05,1.0,1.0,1.0,0.05,REORDENAR,True
MASS2530,sin_datos,B,0.9,0.0,5.3999999999999995,5.3999999999999995,0.0,,0.36,20.0,,1,20,19.428571428571427,1,1,0.05,1.0,1.0,1.0,0.05,REORDENAR,True
MASS2145,lumpy,B,0.9,200.0,54.52959183673468,54.52959183673468,0.0,,3.635306122448979,5.444,0.8862,9,49,48.714285714285715,0,0,0.0,0.0,0.85,50.0,0.0625,OK,False
MASS1459,lumpy,B,0.9,0.0,4.1105769230769225,4.1105769230769225,0.0,,0.2740384615384615,4.727,0.558,11,139,138.14285714285714,1,200,0.04536,104.0,0.52,200.0,0.04536,REORDENAR,True
MASS0391,lumpy,B,0.9,0.0,14.048076923076923,14.048076923076923,0.0,,0.9365384615384615,1.857,0.6027,28,138,137.42857142857142,1,300,0.02448,165.0,0.55,300.0,0.02448,REORDENAR,True
MASS0596,intermittent,B,0.9,4.0,2.9955621301775146,2.9955621301775146,0.0,,0.1997041420118343,13.0,0.4024,4,105,103.85714285714286,0,0,0.0,0.0,11.0,90.0,0.1598,OK,False
MASS1565,sin_datos,B,0.9,0.0,0.0,0.0,0.0,,0.0,inf,,0,129,127.85714285714286,1,1,0.05,1.0,1.0,1.0,0.05,REORDENAR,True
MASS1599,lumpy,B,0.9,125.0,19.413461538461537,19.413461538461537,0.0,,1.294230769230769,3.467,0.7012,15,125,123.85714285714286,0,0,0.0,0.0,0.85,250.0,0.0882,OK,False
MASS2459,lumpy,B,0.9,54.0,8.924999999999997,8.924999999999997,0.0,,0.5949999999999998,3.429,3.6288,7,24,23.428571428571427,0,0,0.0,0.0,14.5,40.0,0.09441144,OK,False
MASS2023,lumpy,B,0.9,0.0,4.122,4.122,0.0,,0.2748,2.174,0.5068,23,50,48.857142857142854,1,1,0.05,1.0,1.0,1.0,0.05,REORDENAR,True
MASS2144,lumpy,B,0.9,366.0,29.778061224489797,29.778061224489797,0.0,,1.985204081632653,8.167,1.4457,6,49,48.57142857142857,0,0,0.0,0.0,0.9,50.0,0.0625,OK,False
MASS1730,intermittent,B,0.9,0.0,1.2650686813186813,1.2650686813186813,0.0,,0.08433791208791208,6.5,0.4571,8,115,114.42857142857143,1,1,0.05,1.0,1.0,1.0,0.05,REORDENAR,True
MASS1827,lumpy,B,0.9,1.0,10.21153846153846,10.21153846153846,0.0,,0.6807692307692307,2.476,1.6417,21,92,91.14285714285714,1,1,0.05,1.0,1.0,1.0,0.05,REORDENAR,True
MASS3061,erratic,B,0.9,1382.0,201.88657554143012,123.58235294117638,78.30422260025374,,8.238823529411759,1.308,1.0084,13,17,16.428571428571427,0,0,0.0,0.0,2.1,20.0,0.05,OK,False
MASS0019,lumpy,B,0.9,0.0,10.055769230769227,10.055769230769227,0.0,,0.6703846153846151,3.467,1.4934,15,141,140.28571428571428,1,300,0.027,240.0,0.8,300.0,0.027,REORDENAR,True
MASS0864,lumpy,B,0.9,0.0,2.6610576923076925,2.6610576923076925,0.0,,0.17740384615384616,8.667,0.7901,6,123,122.57142857142857,1,1,0.05,1.0,1.0,1.0,0.05,REORDENAR,True
MASS2005,intermittent,B,0.9,0.0,0.17307692307692307,0.17307692307692307,0.0,,0.011538461538461539,26.0,0.0,2,71,69.85714285714286,1,1,0.05,1.0,1.0,1.0,0.05,REORDENAR,True
MASS2143,lumpy,B,0.9,224.0,19.40510204081632,19.40510204081632,0.0,,1.2936734693877547,4.9,0.8359,10,49,48.57142857142857,0,0,0.0,0.0,0.85,50.0,0.0625,OK,False
MASS2024,lumpy,B,0.9,0.0,3.887999999999999,3.887999999999999,0.0,,0.25919999999999993,2.632,0.9153,19,50,48.857142857142854,1,1,0.05,1.0,1.0,1.0,0.05,REORDENAR,True
MASS1389,sin_datos,B,0.9,0.0,0.0,0.0,0.0,,0.0,inf,,0,117,116.57142857142857,1,1,0.05,1.0,1.0,1.0,0.05,REORDENAR,True
MASS3035,lumpy,B,0.9,229.0,37.5,37.5,0.0,,2.5,4.0,1.1589,3,12,11.714285714285714,0,0,0.0,0.0,5.3,16.0,0.05,OK,False
MASS2412,lumpy,B,0.9,97.0,12.59516129032258,12.59516129032258,0.0,,0.8396774193548386,3.444,0.8034,9,31,30.285714285714285,0,0,0.0,0.0,1.0,1.0,0.05,OK,False
MASS0692,sin_datos,B,0.9,0.0,0.0,0.0,0.0,,0.0,inf,,0,115,114.42857142857143,1,1,0.05,1.0,1.0,1.0,0.05,REORDENAR,True
MASS1210,lumpy,B,0.9,19.0,2.5788461538461536,2.5788461538461536,0.0,,0.1719230769230769,4.0,1.0072,13,127,126.57142857142857,0,0,0.0,0.0,1.0,1.0,0.05,OK,False
MASS1618,intermittent,B,0.9,0.0,0.4067307692307693,0.4067307692307693,0.0,,0.027115384615384618,17.333,0.12,3,125,123.85714285714286,1,24,0.05,56.400000000000006,2.35,24.0,0.05,REORDENAR,True
MASS2442,intermittent,B,0.9,8.0,5.598691484707473,5.598691484707473,0.0,,0.3732460989804982,2.9,0.4652,10,29,28.714285714285715,0,0,0.0,0.0,5.65,16.0,0.1170675,OK,False
MASS1914,lumpy,B,0.9,22.0,5.744711538461537,5.744711538461537,0.0,,0.3829807692307692,2.6,0.6236,20,71,69.85714285714286,0,0,0.0,0.0,1.65,60.0,0.1081235,OK,False
MASS0603,lumpy,B,0.9,21.0,34.61538461538461,34.61538461538461,0.0,,2.3076923076923075,3.25,1.4514,16,141,140.28571428571428,1,150,0.057456,90.0,0.6,150.0,0.057456,REORDENAR,True
MASS2069,lumpy,B,0.9,122.0,40.53,40.53,0.0,,2.702,1.667,1.2372,30,50,48.857142857142854,0,0,0.0,0.0,1.0,1.0,0.001,OK,False
MASS1590,sin_datos,B,0.9,0.0,0.0,0.0,0.0,,0.0,inf,,0,128,127.14285714285714,1,1,0.05,1.0,1.0,1.0,0.05,REORDENAR,True
MASS1313,sin_datos,B,0.9,0.0,0.0,0.0,0.0,,0.0,inf,,0,127,126.57142857142857,1,1,0.05,1.0,1.0,1.0,0.05,REORDENAR,True
MASS1161,lumpy,B,0.9,1.0,3.980769230769231,3.980769230769231,0.0,,0.2653846153846154,4.333,0.9418,12,89,88.42857142857143,1,1,0.05,1.0,1.0,1.0,0.05,REORDENAR,True
MASS2620,intermittent,B,0.9,45.0,0.0,0.0,0.0,,0.0,4.0,0.08,2,8,7.285714285714286,0,0,0.0,0.0,14.75,2.0,0.0697376,OK,False
MASS2364,intermittent,B,0.9,22.0,3.026327586206897,3.026327586206897,0.0,,0.20175517241379312,9.667,0.03,3,29,28.428571428571427,0,0,0.0,0.0,13.98,6.0,0.16274412,OK,False
MASS1552,intermittent,C,0.85,55.0,0.6403846153846154,0.6403846153846154,0.0,,0.042692307692307696,8.667,0.15,6,125,123.85714285714286,0,0,0.0,0.0,2.1,48.0,0.18772,OK,False
MASS2617,intermittent,C,0.85,26.0,0.0,0.0,0.0,,0.0,4.0,0.0408,2,8,7.285714285714286,0,0,0.0,0.0,20.7,2.0,0.0716875,OK,False
MASS2618,intermittent,C,0.85,26.0,0.0,0.0,0.0,,0.0,4.0,0.0408,2,8,7.285714285714286,0,0,0.0,0.0,20.7,2.0,0.0716875,OK,False
MASS2347,lumpy,C,0.85,88.0,3.577499999999999,3.577499999999999,0.0,,0.23849999999999993,3.0,0.7922,10,30,29.428571428571427,0,0,0.0,0.0,7.15,6.0,0.09713925,OK,False
MASS2178,lumpy,C,0.85,0.0,3.872093023255814,3.872093023255814,0.0,,0.25813953488372093,3.308,0.5935,13,43,42.142857142857146,1,30,0.04032,204.0,6.8,30.0,0.04032,REORDENAR,True
MASS1933,intermittent,C,0.85,28.0,10.12078125,10.12078125,0.0,,0.67471875,4.727,0.2007,11,71,70.28571428571429,0,0,0.0,0.0,3.5,100.0,0.072,OK,False
MASS2567,sin_datos,C,0.85,0.0,8.100000000000001,8.100000000000001,0.0,,0.54,20.0,,1,20,19.428571428571427,1,1,0.05,1.0,1.0,1.0,0.05,REORDENAR,True
MASS1924,lumpy,C,0.85,0.0,6.778846153846154,6.778846153846154,0.0,,0.4519230769230769,2.261,0.8589,23,71,70.28571428571429,1,80,0.084,214.4,2.68,80.0,0.084,REORDENAR,True
MASS2350,lumpy,C,0.85,0.0,2.8799999999999994,2.8799999999999994,0.0,,0.19199999999999998,4.286,0.7541,7,30,29.571428571428573,1,12,0.1327185,62.400000000000006,5.2,12.0,0.1327185,REORDENAR,True
MASS2110,erratic,C,0.85,88.0,75.72527953752478,56.43214285714286,19.29313668038193,,3.762142857142857,1.077,1.1789,39,42,41.142857142857146,0,0,0.0,0.0,0.68,120.0,0.112216,OK,False
MASS2625,erratic,C,0.85,7.0,95.79956210032879,77.625,18.174562100328792,,5.175,1.143,0.5185,7,8,6.857142857142857,1,1,0.05,1.0,1.0,1.0,0.05,REORDENAR,True
MASS0016,sin_datos,C,0.85,0.0,0.0,0.0,0.0,,0.0,inf,,0,128,127.14285714285714,1,1,0.05,1.0,1.0,1.0,0.05,REORDENAR,True
MASS2151,lumpy,C,0.85,0.0,3.1408163265306124,3.1408163265306124,0.0,,0.20938775510204083,5.444,1.1976,9,49,48.714285714285715,1,10,0.05,49.5,4.95,10.0,0.05,REORDENAR,True
MASS1321,lumpy,C,0.85,11.0,22.459615384615383,22.459615384615383,0.0,,1.4973076923076922,1.625,4.1548,32,125,123.85714285714286,1,50,0.056448,21.0,0.42,50.0,0.056448,REORDENAR,True
MASS2512,sin_datos,C,0.85,0.0,8.100000000000001,8.100000000000001,0.0,,0.54,20.0,,1,20,19.428571428571427,1,1,0.05,1.0,1.0,1.0,0.05,REORDENAR,True
MASS1451,lumpy,C,0.85,40.0,12.692307692307692,12.692307692307692,0.0,,0.8461538461538461,2.476,1.6151,21,120,119.14285714285714,0,0,0.0,0.0,1.0,1.0,0.05,OK,False
MASS2176,lumpy,C,0.85,2.0,8.912790697674419,8.912790697674419,0.0,,0.5941860465116279,4.3,0.4943,10,43,42.142857142857146,1,30,0.02376,315.0,10.5,30.0,0.02376,REORDENAR,True
MASS1667,lumpy,C,0.85,325.0,7.644230769230768,7.644230769230768,0.0,,0.5096153846153846,3.25,1.4019,16,119,117.85714285714286,0,0,0.0,0.0,1.0,1.0,0.05,OK,False
MASS1360,sin_datos,C,0.85,1.0,0.0,0.0,0.0,,0.0,inf,,0,142,141.28571428571428,0,0,0.0,0.0,1.0,1.0,0.05,OK,False
MASS2556,sin_datos,C,0.85,0.0,5.3999999999999995,5.3999999999999995,0.0,,0.36,20.0,,1,20,19.428571428571427,1,1,0.05,1.0,1.0,1.0,0.05,REORDENAR,True
MASS1382,sin_datos,C,0.85,0.0,0.0,0.0,0.0,,0.0,inf,,0,117,116.57142857142857,1,1,0.05,1.0,1.0,1.0,0.05,REORDENAR,True
MASS1312,sin_datos,C,0.85,0.0,0.08653846153846154,0.08653846153846154,0.0,,0.0057692307692307696,52.0,,1,127,126.57142857142857,1,1,0.05,1.0,1.0,1.0,0.05,REORDENAR,True
MASS2107,lumpy,C,0.85,0.0,3.0535714285714284,3.0535714285714284,0.0,,0.20357142857142857,3.818,2.1695,11,42,41.142857142857146,1,100,0.030336,695.0,6.95,100.0,0.030336,REORDENAR,True
MASS2702,lumpy,C,0.85,96.0,15.0,15.0,0.0,,1.0,1.6,3.3776,5,8,7.428571428571429,0,0,0.0,0.0,5.0,10.0,0.137826,OK,False
MASS2635,erratic,C,0.85,7.0,88.52783293015015,67.02473909605514,21.503093834095008,,4.46831593973701,1.0,1.0925,8,8,7.428571428571429,1,1,0.05,1.0,1.0,1.0,0.05,REORDENAR,True
MASS2378,lumpy,C,0.85,71.0,18.01810344827586,18.01810344827586,0.0,,1.201206896551724,1.933,0.5444,15,29,28.428571428571427,0,0,0.0,0.0,3.18,60.0,0.09991,OK,False
MASS1719,intermittent,C,0.85,25.0,1.4423076923076923,1.4423076923076923,0.0,,0.09615384615384616,10.4,0.0,5,115,114.42857142857143,0,0,0.0,0.0,1.0,1.0,0.05,OK,False
MASS0295,lumpy,C,0.85,0.0,1.6788461538461537,1.6788461538461537,0.0,,0.1119230769230769,7.429,0.8581,7,71,69.85714285714286,1,1,0.05,1.0,1.0,1.0,0.05,REORDENAR,True
MASS1852,sin_datos,C,0.85,0.0,0.0,0.0,0.0,,0.0,inf,,0,93,92.14285714285714,1,1,0.05,1.0,1.0,1.0,0.05,REORDENAR,True
MASS2273,lumpy,C,0.85,0.0,15.75,15.75,0.0,,1.05,3.0,1.326,14,42,41.142857142857146,1,1,0.05,1.0,1.0,1.0,0.05,REORDENAR,True
MASS0949,lumpy,C,0.85,0.0,2.146153846153846,2.146153846153846,0.0,,0.14307692307692307,5.778,1.5871,9,141,140.28571428571428,1,1,0.05,1.0,1.0,1.0,0.05,REORDENAR,True
MASS2501,sin_datos,C,0.85,0.0,5.3999999999999995,5.3999999999999995,0.0,,0.36,20.0,,1,20,19.428571428571427,1,1,0.05,1.0,1.0,1.0,0.05,REORDENAR,True
MASS1925,lumpy,C,0.85,0.0,6.793269230769228,6.793269230769228,0.0,,0.4528846153846152,2.167,1.1568,24,71,70.28571428571429,1,240,0.075,156.0,0.65,240.0,0.075,REORDENAR,True
MASS2638,erratic,C,0.85,8.0,95.06488048558623,76.14566159682764,18.919218888758593,,5.0763774397885095,1.143,0.5741,7,8,7.428571428571429,1,1,0.05,1.0,1.0,1.0,0.05,REORDENAR,True
MASS2203,lumpy,C,0.85,0.0,8.028,8.028,0.0,,0.5352,2.5,0.6732,20,50,48.857142857142854,1,1,0.05,1.0,1.0,1.0,0.05,REORDENAR,True
MASS1816,sin_datos,C,0.85,0.0,0.0,0.0,0.0,,0.0,inf,,0,92,91.14285714285714,1,1,0.05,1.0,1.0,1.0,0.05,REORDENAR,True
MASS1298,lumpy,C,0.85,2.0,10.678846153846154,10.678846153846154,0.0,,0.7119230769230769,2.261,0.4955,23,112,111.71428571428571,1,1,0.05,1.0,1.0,1.0,0.05,REORDENAR,True
MASS1216,sin_datos,C,0.85,0.0,0.0,0.0,0.0,,0.0,inf,,0,138,137.42857142857142,1,1,0.05,1.0,1.0,1.0,0.05,REORDENAR,True
MASS2155,lumpy,C,0.85,0.0,13.196511627906974,13.196511627906974,0.0,,0.879767441860465,4.3,0.8584,10,43,41.857142857142854,1,50,0.0376125,50.0,1.0,50.0,0.0376125,REORDENAR,True
MASS2166,lumpy,C,0.85,0.0,7.875,7.875,0.0,,0.525,2.688,7.7121,16,43,41.857142857142854,1,60,0.08505,114.0,1.9,60.0,0.08505,REORDENAR,True
MASS0635,lumpy,C,0.85,17.0,8.956730769230768,8.956730769230768,0.0,,0.5971153846153846,3.714,1.7336,14,111,110.14285714285714,0,0,0.0,0.0,1.0,1.0,0.05,OK,False
MASS2045,lumpy,C,0.85,0.0,4.175999999999999,4.175999999999999,0.0,,0.2783999999999999,7.143,1.8133,7,50,48.857142857142854,1,1,0.05,1.0,1.0,1.0,0.05,REORDENAR,True
MASS2093,lumpy,C,0.85,0.0,15.674999999999999,15.674999999999999,0.0,,1.045,1.4,0.6929,30,42,41.142857142857146,1,200,0.11628,130.0,0.65,200.0,0.11628,REORDENAR,True
MASS0574,sin_datos,C,0.85,0.0,0.0,0.0,0.0,,0.0,inf,,0,119,117.85714285714286,1,1,0.05,1.0,1.0,1.0,0.05,REORDENAR,True
MASS2403,lumpy,C,0.85,165.0,23.731451612903214,23.731451612903214,0.0,,1.5820967741935477,2.583,4.5863,12,31,30.571428571428573,0,0,0.0,0.0,1.5,30.0,0.041664,OK,False
MASS2564,sin_datos,C,0.85,0.0,5.3999999999999995,5.3999999999999995,0.0,,0.36,20.0,,1,20,19.428571428571427,1,1,0.05,1.0,1.0,1.0,0.05,REORDENAR,True
MASS2543,sin_datos,C,0.85,0.0,5.3999999999999995,5.3999999999999995,0.0,,0.36,20.0,,1,20,19.428571428571427,1,1,0.05,1.0,1.0,1.0,0.05,REORDENAR,True
MASS1309,intermittent,C,0.85,0.0,0.17307692307692307,0.17307692307692307,0.0,,0.011538461538461539,26.0,0.0,2,116,115.28571428571429,1,100,0.293112,170.0,1.7,100.0,0.293112,REORDENAR,True
MASS2009,sin_datos,C,0.85,0.0,0.08653846153846154,0.08653846153846154,0.0,,0.0057692307692307696,52.0,,1,71,69.85714285714286,1,1,0.05,1.0,1.0,1.0,0.05,REORDENAR,True
MASS2452,lumpy,C,0.85,3.0,10.179310344827584,10.179310344827584,0.0,,0.6786206896551723,1.933,0.5292,15,29,28.428571428571427,1,1,0.05,1.0,1.0,1.0,0.05,REORDENAR,True
MASS1524,lumpy,C,0.85,64.0,22.61538461538461,22.61538461538461,0.0,,1.5076923076923072,1.793,0.7999,29,125,123.85714285714286,0,0,0.0,0.0,0.85,250.0,0.0882,OK,False
MASS2119,lumpy,C,0.85,0.0,19.85892857142857,19.85892857142857,0.0,,1.3239285714285713,2.333,1.2708,18,42,41.285714285714285,1,200,0.0795555,240.0,1.2,200.0,0.0795555,REORDENAR,True
MASS2368,lumpy,C,0.85,72.0,16.0,16.0,0.0,,1.0666666666666667,2.727,1.4775,11,30,29.428571428571427,0,0,0.0,0.0,4.55,10.0,0.0682375,OK,False
MASS0045,sin_datos,C,0.85,0.0,0.0,0.0,0.0,,0.0,inf,,0,132,131.28571428571428,1,1,0.05,1.0,1.0,1.0,0.05,REORDENAR,True
MASS2685,intermittent,C,0.85,4.0,17.989583333333336,17.989583333333336,0.0,,1.1993055555555556,1.5,0.1667,4,6,5.428571428571429,1,1,0.05,1.0,1.0,1.0,0.05,REORDENAR,True
MASS1574,intermittent,C,0.85,111.0,12.46459630333087,12.46459630333087,0.0,,0.8309730868887246,4.0,0.3055,13,126,125.57142857142857,0,0,0.0,0.0,0.65,72.0,0.053865,OK,False
MASS1591,sin_datos,C,0.85,0.0,0.0,0.0,0.0,,0.0,inf,,0,128,127.14285714285714,1,1,0.05,1.0,1.0,1.0,0.05,REORDENAR,True
MASS1611,lumpy,C,0.85,17.0,3.046153846153846,3.046153846153846,0.0,,0.20307692307692307,5.778,0.8125,9,125,123.85714285714286,0,0,0.0,0.0,3.29,1.0,0.001,OK,False
MASS2402,lumpy,C,0.85,160.0,28.41532258064516,28.41532258064516,0.0,,1.8943548387096774,2.818,3.1095,11,31,30.571428571428573,0,0,0.0,0.0,1.5,30.0,0.041664,OK,False
MASS0388,lumpy,C,0.85,0.0,34.52884615384615,34.52884615384615,0.0,,2.3019230769230767,2.0,0.6727,26,138,137.42857142857142,1,300,0.02448,165.0,0.55,300.0,0.02448,REORDENAR,True
MASS1944,intermittent,C,0.85,0.0,0.4067307692307693,0.4067307692307693,0.0,,0.027115384615384618,17.333,0.12,3,73,72.57142857142857,1,30,0.0108,234.0,7.8,30.0,0.0108,REORDENAR,True
MASS2332,lumpy,C,0.85,48.0,14.684999999999997,14.684999999999997,0.0,,0.9789999999999998,2.5,1.3104,12,30,29.571428571428573,0,0,0.0,0.0,2.1,20.0,0.1272375,OK,False
MASS1851,sin_datos,C,0.85,0.0,0.08653846153846154,0.08653846153846154,0.0,,0.0057692307692307696,52.0,,1,93,92.14285714285714,1,1,0.05,1.0,1.0,1.0,0.05,REORDENAR,True
MASS2007,intermittent,C,0.85,0.0,0.7572115384615384,0.7572115384615384,0.0,,0.05048076923076923,10.4,0.25,5,71,69.85714285714286,1,1,0.05,1.0,1.0,1.0,0.05,REORDENAR,True
MASS2454,lumpy,C,0.85,45.0,20.083333333333336,20.083333333333336,0.0,,1.338888888888889,1.688,1.3014,16,27,26.571428571428573,0,0,0.0,0.0,1.0,1.0,0.05,OK,False
MASS2046,lumpy,C,0.85,0.0,7.4895,7.4895,0.0,,0.49929999999999997,2.5,0.6385,20,50,48.857142857142854,1,1,0.05,1.0,1.0,1.0,0.05,REORDENAR,True
MASS1598,lumpy,C,0.85,79.0,19.557692307692303,19.557692307692303,0.0,,1.3038461538461534,2.167,1.076,24,125,123.85714285714286,0,0,0.0,0.0,0.85,250.0,0.0882,OK,False
MASS2194,lumpy,C,0.85,130.0,11.89285714285714,11.89285714285714,0.0,,0.7928571428571427,4.667,2.2143,9,42,41.142857142857146,0,0,0.0,0.0,1.8,20.0,0.095201,OK,False
MASS2002,lumpy,C,0.85,0.0,2.319230769230769,2.319230769230769,0.0,,0.1546153846153846,10.4,1.2693,5,73,71.85714285714286,1,1,0.05,1.0,1.0,1.0,0.05,REORDENAR,True
MASS2592,lumpy,C,0.85,193.0,19.11617647058823,19.11617647058823,0.0,,1.274411764705882,1.417,3.1902,12,17,16.714285714285715,0,0,0.0,0.0,4.35,30.0,0.11158875,OK,False
MASS1916,intermittent,C,0.85,0.0,8.447535614678689,8.447535614678689,0.0,,0.5631690409785792,2.167,0.1697,24,71,69.85714285714286,1,1,0.05,1.0,1.0,1.0,0.05,REORDENAR,True
MASS1732,lumpy,C,0.85,29.0,4.730769230769231,4.730769230769231,0.0,,0.3153846153846154,17.333,0.7889,3,115,114.42857142857143,0,0,0.0,0.0,5.0,50.0,0.046656,OK,False
MASS0693,lumpy,C,0.85,44.0,30.519230769230766,30.519230769230766,0.0,,2.0346153846153845,3.059,0.7026,17,141,140.28571428571428,0,0,0.0,0.0,0.65,40.0,0.02511,OK,False
MASS1199,intermittent,C,0.85,0.0,0.4067307692307693,0.4067307692307693,0.0,,0.027115384615384618,17.333,0.12,3,90,89.57142857142857,1,1,0.05,1.0,1.0,1.0,0.05,REORDENAR,True
MASS1999,lumpy,C,0.85,48.0,15.519230769230747,15.519230769230747,0.0,,1.0346153846153832,2.737,3.3583,19,73,71.85714285714286,0,0,0.0,0.0,1.0,100.0,0.07,OK,False
MASS1597,lumpy,C,0.85,58.0,6.923076923076921,6.923076923076921,0.0,,0.4615384615384614,7.429,1.4659,7,125,123.85714285714286,0,0,0.0,0.0,0.85,250.0,0.0882,OK,False
MASS2246,lumpy,C,0.85,49.0,5.6625,5.6625,0.0,,0.3775,4.444,1.1475,9,40,39.285714285714285,0,0,0.0,0.0,0.45,150.0,0.069888,OK,False
MASS1285,lumpy,C,0.85,0.0,5.676923076923077,5.676923076923077,0.0,,0.37846153846153846,1.793,1.4212,29,71,69.85714285714286,1,200,0.135759,196.0,0.98,200.0,0.135759,REORDENAR,True
MASS0982,intermittent,C,0.85,37.0,0.5483712715855573,0.5483712715855573,0.0,,0.03655808477237049,8.667,0.1224,6,117,115.85714285714286,0,0,0.0,0.0,1.0,1.0,0.05,OK,False
MASS0961,lumpy,C,0.85,0.0,0.8221153846153845,0.8221153846153845,0.0,,0.0548076923076923,8.667,0.528,6,107,106.42857142857143,1,1,0.05,1.0,1.0,1.0,0.05,REORDENAR,True
MASS2182,lumpy,C,0.85,0.0,10.841860465116277,10.841860465116277,0.0,,0.7227906976744185,3.583,0.6173,12,43,42.142857142857146,1,80,0.014,80.0,1.0,80.0,0.014,REORDENAR,True
MASS2313,lumpy,C,0.85,62.0,33.67258064516129,33.67258064516129,0.0,,2.244838709677419,1.409,5.8413,22,31,30.571428571428573,0,0,0.0,0.0,1.0,100.0,0.05145,OK,False
MASS2296,lumpy,C,0.85,1.0,3.9825000000000004,3.9825000000000004,0.0,,0.2655,13.333,1.4044,3,40,39.285714285714285,1,1,0.05,1.0,1.0,1.0,0.05,REORDENAR,True
MASS2028,lumpy,C,0.85,0.0,7.748999999999999,7.748999999999999,0.0,,0.5166,1.667,1.079,30,50,48.857142857142854,1,1,0.05,1.0,1.0,1.0,0.05,REORDENAR,True
MASS1508,lumpy,C,0.85,0.0,17.65384615384615,17.65384615384615,0.0,,1.1769230769230767,1.486,0.7792,35,135,134.42857142857142,1,1,0.05,1.0,1.0,1.0,0.05,REORDENAR,True
MASS2404,lumpy,C,0.85,157.0,26.455645161290317,26.455645161290317,0.0,,1.7637096774193544,2.385,2.7778,13,31,30.571428571428573,0,0,0.0,0.0,1.5,30.0,0.041664,OK,False
MASS0768,lumpy,C,0.85,0.0,6.801923076923076,6.801923076923076,0.0,,0.4534615384615384,2.08,0.5876,25,138,137.57142857142858,1,144,0.053312,109.44,0.76,144.0,0.053312,REORDENAR,True
MASS0151,lumpy,C,0.85,0.0,1.6096153846153842,1.6096153846153842,0.0,,0.10730769230769228,10.4,1.0313,5,141,140.28571428571428,1,1,0.05,1.0,1.0,1.0,0.05,REORDENAR,True
MASS2627,smooth,C,0.85,104.0,98.73625003240402,82.125,16.611250032404012,,5.475,1.143,0.3376,7,8,7.714285714285714,0,0,0.0,0.0,1.0,1.0,0.05,OK,False
MASS1888,intermittent,C,0.85,0.0,1.5841947115384614,1.5841947115384614,0.0,,0.10561298076923076,5.778,0.4219,9,71,69.85714285714286,1,1,0.05,1.0,1.0,1.0,0.05,REORDENAR,True
MASS1929,sin_datos,C,0.85,0.0,0.0,0.0,0.0,,0.0,inf,,0,71,70.28571428571429,1,156,0.13398,106.08000000000001,0.68,156.0,0.13398,REORDENAR,True
MASS2341,lumpy,C,0.85,23.0,4.634999999999998,4.634999999999998,0.0,,0.3089999999999999,4.286,1.698,7,30,29.428571428571427,0,0,0.0,0.0,9.7,8.0,0.119349,OK,False
MASS1845,sin_datos,C,0.85,0.0,0.17307692307692307,0.17307692307692307,0.0,,0.011538461538461539,52.0,,1,98,97.42857142857143,1,1,0.05,1.0,1.0,1.0,0.05,REORDENAR,True
MASS1386,sin_datos,C,0.85,0.0,0.0,0.0,0.0,,0.0,inf,,0,117,116.57142857142857,1,1,0.05,1.0,1.0,1.0,0.05,REORDENAR,True
MASS0533,intermittent,C,0.85,3.0,12.63,12.63,0.0,,0.8420000000000001,1.667,0.4,6,10,9.142857142857142,1,1,0.05,1.0,1.0,1.0,0.05,REORDENAR,True
MASS1445,sin_datos,C,0.85,0.0,0.0,0.0,0.0,,0.0,inf,,0,142,141.42857142857142,1,48,0.126405,86.4,1.8,48.0,0.126405,REORDENAR,True
MASS2509,sin_datos,C,0.85,0.0,5.3999999999999995,5.3999999999999995,0.0,,0.36,20.0,,1,20,19.428571428571427,1,1,0.05,1.0,1.0,1.0,0.05,REORDENAR,True
MASS0341,sin_datos,C,0.85,0.0,0.0,0.0,0.0,,0.0,inf,,0,125,123.85714285714286,1,1,0.05,2.0,2.0,1.0,0.05,REORDENAR,True
MASS2248,lumpy,C,0.85,15.0,8.135625,8.135625,0.0,,0.5423749999999999,4.0,1.0075,10,40,39.285714285714285,0,0,0.0,0.0,7.0,40.0,0.055575,OK,False
MASS2047,lumpy,C,0.85,0.0,5.291999999999996,5.291999999999996,0.0,,0.3527999999999998,4.167,4.7904,12,50,48.857142857142854,1,1,0.05,1.0,1.0,1.0,0.05,REORDENAR,True
MASS0572,intermittent,C,0.85,0.0,4.568848103055331,4.568848103055331,0.0,,0.3045898735370221,4.727,0.4122,11,119,117.85714285714286,1,1,0.05,1.0,1.0,1.0,0.05,REORDENAR,True
MASS1913,lumpy,C,0.85,171.0,4.433653846153846,4.433653846153846,0.0,,0.29557692307692307,4.333,0.8024,12,71,69.85714285714286,0,0,0.0,0.0,1.45,48.0,0.196883,OK,False
MASS1504,intermittent,C,0.85,0.0,3.5433921980011838,3.5433921980011838,0.0,,0.23622614653341226,2.08,0.2197,25,135,134.42857142857142,1,1,0.05,1.0,1.0,1.0,0.05,REORDENAR,True
MASS1505,lumpy,C,0.85,0.0,12.721153846153843,12.721153846153843,0.0,,0.8480769230769228,2.167,1.4771,24,135,134.42857142857142,1,1,0.05,1.0,1.0,1.0,0.05,REORDENAR,True
MASS1625,sin_datos,C,0.85,0.0,0.0,0.0,0.0,,0.0,inf,,0,125,123.85714285714286,1,30,0.165888,55.5,1.85,30.0,0.165888,REORDENAR,True
MASS2382,lumpy,C,0.85,73.0,12.139655172413791,12.139655172413791,0.0,,0.8093103448275861,2.071,1.1413,14,29,28.428571428571427,0,0,0.0,0.0,4.92,60.0,0.14259375,OK,False
MASS2435,lumpy,C,0.85,19.0,3.329999999999999,3.329999999999999,0.0,,0.22199999999999995,6.0,2.7485,5,30,29.571428571428573,0,0,0.0,0.0,5.0,10.0,0.1521856,OK,False
MASS2096,lumpy,C,0.85,0.0,11.635714285714283,11.635714285714283,0.0,,0.7757142857142855,3.231,1.6319,13,42,41.142857142857146,1,250,0.0882,250.0,1.0,250.0,0.0882,REORDENAR,True
MASS1962,intermittent,C,0.85,0.0,0.17307692307692307,0.17307692307692307,0.0,,0.011538461538461539,26.0,0.0,2,82,80.85714285714286,1,1,0.05,1.0,1.0,1.0,0.05,REORDENAR,True
MASS0393,lumpy,C,0.85,1.0,34.61538461538461,34.61538461538461,0.0,,2.3076923076923075,1.733,0.7901,30,115,114.42857142857143,1,300,0.02448,165.0,0.55,300.0,0.02448,REORDENAR,True
MASS2650,erratic,C,0.85,13.0,77.82836793310528,61.07053252622181,16.757835406883476,,4.071368835081454,1.0,0.8607,8,8,7.428571428571429,1,1,0.05,1.0,1.0,1.0,0.05,REORDENAR,True
MASS2383,lumpy,C,0.85,27.0,14.358620689655172,14.358620689655172,0.0,,0.9572413793103448,2.071,1.4945,14,29,28.428571428571427,0,0,0.0,0.0,3.75,60.0,0.0962,OK,False
MASS0046,lumpy,C,0.85,0.0,7.182692307692308,7.182692307692308,0.0,,0.47884615384615387,2.476,1.4813,21,141,140.28571428571428,1,100,0.045864,95.0,0.95,100.0,0.045864,REORDENAR,True
MASS2619,intermittent,C,0.85,47.0,0.0,0.0,0.0,,0.0,4.0,0.0118,2,8,7.285714285714286,0,0,0.0,0.0,14.75,2.0,0.0697376,OK,False
MASS2153,lumpy,C,0.85,0.0,3.8159999999999994,3.8159999999999994,0.0,,0.25439999999999996,4.167,1.3962,12,50,48.857142857142854,1,1,0.05,1.0,1.0,1.0,0.05,REORDENAR,True
MASS2500,sin_datos,C,0.85,0.0,5.3999999999999995,5.3999999999999995,0.0,,0.36,20.0,,1,20,19.428571428571427,1,1,0.05,1.0,1.0,1.0,0.05,REORDENAR,True
MASS2626,smooth,C,0.85,59.0,89.26421529190907,76.3125,12.951715291909071,,5.0875,1.143,0.2082,7,8,6.857142857142857,1,1,0.05,1.0,1.0,1.0,0.05,REORDENAR,True
MASS2245,lumpy,C,0.85,0.0,7.5375,7.5375,0.0,,0.5025,2.105,0.6707,19,40,39.285714285714285,1,80,0.059168,212.0,2.65,80.0,0.059168,REORDENAR,True
MASS1431,intermittent,C,0.85,0.0,0.17307692307692307,0.17307692307692307,0.0,,0.011538461538461539,26.0,0.0,2,138,137.42857142857142,1,100,0.134,128.0,1.28,100.0,0.134,REORDENAR,True
MASS1191,lumpy,C,0.85,59.0,25.427884615384617,25.427884615384617,0.0,,1.6951923076923079,2.889,0.5557,18,141,140.28571428571428,0,0,0.0,0.0,0.65,40.0,0.02511,OK,False
MASS1887,lumpy,C,0.85,1.0,9.490384615384615,9.490384615384615,0.0,,0.6326923076923077,3.467,0.4911,15,71,69.85714285714286,1,60,0.1724775,87.0,1.45,60.0,0.1724775,REORDENAR,True
MASS2337,lumpy,C,0.85,128.0,5.145,5.145,0.0,,0.34299999999999997,3.75,1.9417,8,30,29.714285714285715,0,0,0.0,0.0,5.47,16.0,0.19095,OK,False
MASS1889,lumpy,C,0.85,8.0,10.096153846153847,10.096153846153847,0.0,,0.6730769230769231,2.889,0.5294,18,71,69.85714285714286,1,1,0.05,1.0,1.0,1.0,0.05,REORDENAR,True
MASS1397,sin_datos,C,0.85,0.0,0.0,0.0,0.0,,0.0,inf,,0,117,116.57142857142857,1,1,0.05,1.0,1.0,1.0,0.05,REORDENAR,True
MASS2593,lumpy,C,0.85,109.0,10.195588235294114,10.195588235294114,0.0,,0.6797058823529409,1.889,4.2071,9,17,16.714285714285715,0,0,0.0,0.0,4.35,50.0,0.16875,OK,False
MASS1502,sin_datos,C,0.85,0.0,0.0,0.0,0.0,,0.0,inf,,0,135,134.57142857142858,1,1,0.05,1.0,1.0,1.0,0.05,REORDENAR,True
MASS2202,lumpy,C,0.85,0.0,3.2939999999999996,3.2939999999999996,0.0,,0.21959999999999996,3.333,0.6426,15,50,48.857142857142854,1,1,0.05,1.0,1.0,1.0,0.05,REORDENAR,True
MASS1521,sin_datos,C,0.85,0.0,0.0,0.0,0.0,,0.0,inf,,0,125,123.85714285714286,1,25,0.048509375,50.0,2.0,25.0,0.048509375,REORDENAR,True
MASS2201,lumpy,C,0.85,0.0,6.1125,6.1125,0.0,,0.4075,3.125,0.6168,16,50,48.857142857142854,1,1,0.05,90.0,90.0,1.0,0.05,REORDENAR,True
MASS2196,lumpy,C,0.85,320.0,33.14634146341463,33.14634146341463,0.0,,2.2097560975609754,1.464,0.7178,28,41,39.857142857142854,0,0,0.0,0.0,0.8,100.0,0.05,OK,False
MASS1093,lumpy,C,0.85,0.0,2.2586538461538455,2.2586538461538455,0.0,,0.15057692307692302,6.5,2.2536,8,122,121.42857142857143,1,100,0.034034,55.00000000000001,0.55,100.0,0.034034,REORDENAR,True
MASS0494,sin_datos,C,0.85,0.0,0.0,0.0,0.0,,0.0,inf,,0,125,124.42857142857143,1,1,0.05,1.0,1.0,1.0,0.05,REORDENAR,True
MASS1542,lumpy,C,0.85,0.0,11.379807692307692,11.379807692307692,0.0,,0.7586538461538461,1.857,2.4328,28,125,123.85714285714286,1,1,0.05,0.3,0.3,1.0,0.05,REORDENAR,True
MASS1626,sin_datos,C,0.85,0.0,0.0,0.0,0.0,,0.0,inf,,0,125,123.85714285714286,1,30,0.165888,55.5,1.85,30.0,0.165888,REORDENAR,True
MASS1514,sin_datos,C,0.85,0.0,0.0,0.0,0.0,,0.0,inf,,0,133,132.14285714285714,1,1,0.05,1.0,1.0,1.0,0.05,REORDENAR,True
MASS2291,lumpy,C,0.85,0.0,12.543750000000001,12.543750000000001,0.0,,0.83625,3.636,0.6457,11,40,39.285714285714285,1,1,0.05,1.0,1.0,1.0,0.05,REORDENAR,True
MASS1669,sin_datos,C,0.85,178.0,0.25961538461538464,0.25961538461538464,0.0,,0.01730769230769231,52.0,,1,119,117.85714285714286,0,0,0.0,0.0,1.0,1.0,0.05,OK,False
MASS0249,sin_datos,C,0.85,0.0,0.0,0.0,0.0,,0.0,inf,,0,126,125.71428571428571,1,1,0.05,1.0,1.0,1.0,0.05,REORDENAR,True
MASS1055,lumpy,C,0.85,160.0,19.139423076923077,19.139423076923077,0.0,,1.2759615384615384,3.714,1.1902,14,141,140.28571428571428,0,0,0.0,0.0,0.6,60.0,0.004218,OK,False
MASS2165,lumpy,C,0.85,56.0,28.029069767441847,28.029069767441847,0.0,,1.8686046511627898,3.071,7.0177,14,43,41.857142857142854,0,0,0.0,0.0,1.6,90.0,0.08505,OK,False
MASS0559,lumpy,C,0.85,0.0,5.884615384615384,5.884615384615384,0.0,,0.3923076923076923,2.476,0.5466,21,122,121.28571428571429,1,1,0.05,1.0,1.0,1.0,0.05,REORDENAR,True
MASS1679,intermittent,C,0.85,0.0,0.22692307692307692,0.22692307692307692,0.0,,0.015128205128205128,26.0,0.2222,2,122,120.85714285714286,1,1,0.05,1.0,1.0,1.0,0.05,REORDENAR,True
MASS3001,intermittent,C,0.85,145.0,17.42390845518118,17.42390845518118,0.0,,1.1615938970120787,3.25,0.1494,4,13,12.142857142857142,0,0,0.0,0.0,4.74,10.0,0.05,OK,False
MASS2053,lumpy,C,0.85,0.0,3.042,3.042,0.0,,0.20279999999999998,3.846,0.9976,13,50,48.857142857142854,1,1,0.05,1.0,1.0,1.0,0.05,REORDENAR,True
MASS1706,intermittent,C,0.85,0.0,3.079017857142857,3.079017857142857,0.0,,0.20526785714285714,6.5,0.4286,8,115,114.42857142857143,1,1,0.05,1.0,1.0,1.0,0.05,REORDENAR,True
MASS2279,intermittent,C,0.85,0.0,11.280544570769486,11.280544570769486,0.0,,0.7520363047179657,10.5,0.1338,4,42,41.142857142857146,1,1,0.05,1.0,1.0,1.0,0.05,REORDENAR,True
MASS1479,lumpy,C,0.85,35.0,2.635096153846154,2.635096153846154,0.0,,0.17567307692307693,4.333,0.6936,12,99,98.14285714285714,0,0,0.0,0.0,1.0,1.0,0.05,OK,False
MASS2731,erratic,C,0.85,177.0,204.8809343175036,119.83180147058819,85.04913284691543,,7.988786764705879,1.0,1.9303,4,4,3.4285714285714284,1,50,0.12,137.5,2.75,50.0,0.12,REORDENAR,True
MASS1235,intermittent,C,0.85,4.0,0.22692307692307692,0.22692307692307692,0.0,,0.015128205128205128,26.0,0.2222,2,125,123.85714285714286,0,0,0.0,0.0,5.32,24.0,0.088452,OK,False
MASS2025,lumpy,C,0.85,0.0,7.073999999999999,7.073999999999999,0.0,,0.4715999999999999,1.786,0.9953,28,50,48.857142857142854,1,1,0.05,1.0,1.0,1.0,0.05,REORDENAR,True
MASS1455,sin_datos,C,0.85,0.0,0.0,0.0,0.0,,0.0,inf,,0,141,140.42857142857142,1,1,0.05,1.0,1.0,1.0,0.05,REORDENAR,True
MASS1932,lumpy,C,0.85,32.0,9.028846153846153,9.028846153846153,0.0,,0.6019230769230769,3.467,0.5922,15,71,70.28571428571429,0,0,0.0,0.0,3.5,100.0,0.072,OK,False
MASS2525,sin_datos,C,0.85,0.0,2.6999999999999997,2.6999999999999997,0.0,,0.18,20.0,,1,20,19.428571428571427,1,1,0.05,1.0,1.0,1.0,0.05,REORDENAR,True
MASS1086,sin_datos,C,0.85,0.0,0.0,0.0,0.0,,0.0,inf,,0,127,126.14285714285714,1,1,0.05,1.0,1.0,1.0,0.05,REORDENAR,True
MASS3009,lumpy,C,0.85,144.0,16.560000000000002,16.560000000000002,0.0,,1.104,3.0,1.1376,5,15,14.571428571428571,0,0,0.0,0.0,4.74,10.0,0.05,OK,False
MASS2280,intermittent,C,0.85,0.0,9.419921875,9.419921875,0.0,,0.6279947916666667,10.5,0.3438,4,42,41.142857142857146,1,1,0.05,1.0,1.0,1.0,0.05,REORDENAR,True
MASS2515,sin_datos,C,0.85,0.0,5.8500000000000005,5.8500000000000005,0.0,,0.39,20.0,,1,20,19.428571428571427,1,1,0.05,1.0,1.0,1.0,0.05,REORDENAR,True
MASS2051,lumpy,C,0.85,0.0,5.143499999999999,5.143499999999999,0.0,,0.3428999999999999,4.167,1.129,12,50,48.857142857142854,1,1,0.05,1.0,1.0,1.0,0.05,REORDENAR,True
MASS2122,sin_datos,C,0.85,0.0,0.08653846153846154,0.08653846153846154,0.0,,0.0057692307692307696,52.0,,1,57,56.57142857142857,1,1,0.05,1.0,1.0,1.0,0.05,REORDENAR,True
MASS2050,lumpy,C,0.85,10.0,11.444999999999999,11.444999999999999,0.0,,0.7629999999999999,2.632,1.091,19,50,48.857142857142854,1,1,0.05,1.0,1.0,1.0,0.05,REORDENAR,True
MASS2029,lumpy,C,0.85,0.0,6.263999999999999,6.263999999999999,0.0,,0.41759999999999997,2.0,1.1499,25,50,48.857142857142854,1,1,0.05,1.0,1.0,1.0,0.05,REORDENAR,True
MASS1812,lumpy,C,0.85,0.0,6.674999999999999,6.674999999999999,0.0,,0.44499999999999995,3.059,1.0183,17,102,101.71428571428571,1,100,0.0176,50.0,0.5,100.0,0.0176,REORDENAR,True
MASS2169,lumpy,C,0.85,70.0,18.540697674418603,18.540697674418603,0.0,,1.236046511627907,2.389,0.6013,18,43,42.142857142857146,0,0,0.0,0.0,2.58,100.0,0.0324,OK,False
MASS2704,intermittent,C,0.85,3.0,10.0,10.0,0.0,,0.6666666666666666,1.5,0.0,2,3,2.7142857142857144,1,1,0.05,45.0,45.0,1.0,0.05,REORDENAR,True
MASS2371,lumpy,C,0.85,48.0,7.171551724137931,7.171551724137931,0.0,,0.47810344827586204,3.625,0.5232,8,29,28.428571428571427,0,0,0.0,0.0,9.54,40.0,0.06185875,OK,False
MASS1650,intermittent,C,0.85,132.0,1.2871153846153844,1.2871153846153844,0.0,,0.0858076923076923,13.0,0.16,4,119,117.85714285714286,0,0,0.0,0.0,1.0,1.0,0.05,OK,False
MASS0326,sin_datos,C,0.85,0.0,0.0,0.0,0.0,,0.0,inf,,0,142,141.28571428571428,1,1,0.05,1.0,1.0,1.0,0.05,REORDENAR,True
MASS2205,lumpy,C,0.85,0.0,2.8289999999999997,2.8289999999999997,0.0,,0.1886,2.0,0.5917,25,50,48.857142857142854,1,1,0.05,1.0,1.0,1.0,0.05,REORDENAR,True
MASS1223,lumpy,C,0.85,12.0,22.990384615384613,22.990384615384613,0.0,,1.5326923076923076,2.167,0.7524,24,138,137.57142857142858,1,144,0.053312,109.44,0.76,144.0,0.053312,REORDENAR,True
MASS1911,lumpy,C,0.85,51.0,9.94903846153846,9.94903846153846,0.0,,0.6632692307692307,2.737,1.2346,19,71,69.85714285714286,0,0,0.0,0.0,1.45,150.0,0.104832,OK,False
MASS1947,lumpy,C,0.85,26.0,8.798076923076923,8.798076923076923,0.0,,0.5865384615384616,4.727,0.6016,11,73,72.57142857142857,0,0,0.0,0.0,3.8,20.0,0.0532,OK,False
MASS2510,sin_datos,C,0.85,0.0,2.6999999999999997,2.6999999999999997,0.0,,0.18,20.0,,1,20,19.428571428571427,1,1,0.05,1.0,1.0,1.0,0.05,REORDENAR,True
MASS1507,lumpy,C,0.85,0.0,4.171153846153846,4.171153846153846,0.0,,0.27807692307692305,2.737,0.8537,19,135,134.42857142857142,1,1,0.05,1.0,1.0,1.0,0.05,REORDENAR,True
MASS2544,sin_datos,C,0.85,0.0,5.3999999999999995,5.3999999999999995,0.0,,0.36,20.0,,1,20,19.428571428571427,1,1,0.05,1.0,1.0,1.0,0.05,REORDENAR,True
MASS1961,sin_datos,C,0.85,0.0,0.08653846153846154,0.08653846153846154,0.0,,0.0057692307692307696,52.0,,1,82,80.85714285714286,1,1,0.05,1.0,1.0,1.0,0.05,REORDENAR,True
MASS3020,lumpy,C,0.85,130.0,49.5,49.5,0.0,,3.3,2.5,0.688,6,15,14.428571428571429,0,0,0.0,0.0,5.77,10.0,0.05,OK,False
MASS2734,lumpy,C,0.85,247.0,111.36948529411764,111.36948529411764,0.0,,7.424632352941176,1.333,1.43,3,4,3.4285714285714284,0,0,0.0,0.0,4.58,50.0,0.05733,OK,False
MASS0050,lumpy,C,0.85,7.0,14.326442307692307,14.326442307692307,0.0,,0.9550961538461538,2.6,1.87,20,141,140.28571428571428,1,100,0.045864,95.0,0.95,100.0,0.045864,REORDENAR,True
MASS2401,lumpy,C,0.85,172.0,25.035483870967735,25.035483870967735,0.0,,1.6690322580645156,3.875,2.5789,8,31,30.571428571428573,0,0,0.0,0.0,1.5,30.0,0.041664,OK,False
MASS2451,intermittent,C,0.85,1.0,6.829599689774489,6.829599689774489,0.0,,0.45530664598496595,2.231,0.2324,13,29,28.428571428571427,1,1,0.05,1.0,1.0,1.0,0.05,REORDENAR,True
MASS2649,erratic,C,0.85,18.0,53.991747652490574,33.75,20.241747652490574,,2.25,1.0,1.5893,8,8,7.428571428571429,1,1,0.05,1.0,1.0,1.0,0.05,REORDENAR,True
MASS2548,sin_datos,C,0.85,0.0,5.3999999999999995,5.3999999999999995,0.0,,0.36,20.0,,1,20,19.428571428571427,1,1,0.05,1.0,1.0,1.0,0.05,REORDENAR,True
MASS0361,sin_datos,C,0.85,0.0,0.0,0.0,0.0,,0.0,inf,,0,105,103.85714285714286,1,1,0.05,1.0,1.0,1.0,0.05,REORDENAR,True
MASS2363,lumpy,C,0.85,46.0,4.189655172413794,4.189655172413794,0.0,,0.2793103448275862,4.833,0.7259,6,29,28.428571428571427,0,0,0.0,0.0,5.3,12.0,0.153076,OK,False
MASS0632,sin_datos,C,0.85,0.0,0.0,0.0,0.0,,0.0,inf,,0,128,127.14285714285714,1,1,0.05,1.0,1.0,1.0,0.05,REORDENAR,True
MASS2487,lumpy,C,0.85,520.0,84.14999999999999,84.14999999999999,0.0,,5.609999999999999,4.167,0.6765,6,25,23.857142857142858,0,0,0.0,0.0,0.6,250.0,0.024986,OK,False
MASS2739,erratic,C,0.85,304.0,276.8168806180376,195.67003676470586,81.14684385333173,,13.044669117647057,1.0,1.132,4,4,3.4285714285714284,0,0,0.0,0.0,2.48,48.0,0.027048,OK,False
MASS0560,intermittent,C,0.85,2.0,0.0,0.0,0.0,,0.0,17.333,0.1875,3,122,121.28571428571429,0,0,0.0,0.0,1.0,1.0,0.05,OK,False
MASS2237,lumpy,C,0.85,0.0,11.774999999999999,11.774999999999999,0.0,,0.7849999999999999,1.739,0.9232,23,40,39.285714285714285,1,300,0.1225,675.0,2.25,300.0,0.1225,REORDENAR,True
MASS1509,lumpy,C,0.85,3.0,14.076923076923071,14.076923076923071,0.0,,0.9384615384615381,2.261,1.2844,23,135,134.42857142857142,1,1,0.05,1.0,1.0,1.0,0.05,REORDENAR,True
MASS2710,erratic,C,0.85,58.0,97.84743551338207,73.6516544117647,24.195781101617374,,4.910110294117646,1.0,0.6459,4,4,3.4285714285714284,1,60,0.071994,390.0,6.5,60.0,0.071994,REORDENAR,True
MASS1503,intermittent,C,0.85,0.0,7.648076065071155,7.648076065071155,0.0,,0.5098717376714104,2.08,0.2442,25,135,134.42857142857142,1,1,0.05,1.0,1.0,1.0,0.05,REORDENAR,True
MASS1463,lumpy,C,0.85,5.0,20.581730769230766,20.581730769230766,0.0,,1.3721153846153844,3.714,0.5634,14,141,140.28571428571428,1,200,0.094116,229.99999999999997,1.15,200.0,0.094116,REORDENAR,True
MASS2613,sin_datos,C,0.85,157.0,0.0,0.0,0.0,,0.0,8.0,,1,8,7.428571428571429,0,0,0.0,0.0,7.8,100.0,0.094392,OK,False
MASS2724,erratic,C,0.85,28.0,127.51210036882973,104.24999999999999,23.262100368829746,,6.949999999999999,1.0,0.6389,4,4,3.4285714285714284,1,18,0.092538,86.39999999999999,4.8,18.0,0.092538,REORDENAR,True
MASS0184,sin_datos,C,0.85,0.0,0.0,0.0,0.0,,0.0,inf,,0,135,134.57142857142858,1,1,0.05,1.0,1.0,1.0,0.05,REORDENAR,True
MASS2516,sin_datos,C,0.85,0.0,5.3999999999999995,5.3999999999999995,0.0,,0.36,20.0,,1,20,19.428571428571427,1,1,0.05,1.0,1.0,1.0,0.05,REORDENAR,True
MASS2325,lumpy,C,0.85,52.0,6.8549999999999995,6.8549999999999995,0.0,,0.45699999999999996,10.0,0.7741,3,30,29.571428571428573,0,0,0.0,0.0,10.5,50.0,0.040774,OK,False
MASS2648,erratic,C,0.85,76.0,73.63976723602185,57.5,16.139767236021854,,3.8333333333333335,1.0,1.1002,6,6,5.428571428571429,0,0,0.0,0.0,1.0,1.0,0.05,OK,False
MASS0971,intermittent,C,0.85,0.0,3.7067547411037713,3.7067547411037713,0.0,,0.24711698274025143,5.778,0.2493,9,117,115.85714285714286,1,1,0.05,1.0,1.0,1.0,0.05,REORDENAR,True
MASS2339,lumpy,C,0.85,27.0,1.0424999999999995,1.0424999999999995,0.0,,0.06949999999999996,7.5,1.1156,4,30,29.428571428571427,0,0,0.0,0.0,26.14,4.0,0.124488,OK,False
MASS0183,sin_datos,C,0.85,0.0,0.0,0.0,0.0,,0.0,inf,,0,135,134.57142857142858,1,1,0.05,1.0,1.0,1.0,0.05,REORDENAR,True
MASS2164,lumpy,C,0.85,471.0,18.573837209302315,18.573837209302315,0.0,,1.2382558139534876,2.389,7.5067,18,43,41.857142857142854,0,0,0.0,0.0,0.95,120.0,0.08505,OK,False
MASS1513,sin_datos,C,0.85,0.0,0.0,0.0,0.0,,0.0,inf,,0,133,132.14285714285714,1,1,0.05,1.0,1.0,1.0,0.05,REORDENAR,True
MASS3068,lumpy,C,0.85,2.0,15.874080882352935,15.874080882352935,0.0,,1.058272058823529,2.0,1.3388,2,4,3.2857142857142856,1,1,0.05,1.0,1.0,1.0,0.05,REORDENAR,True
MASS2642,lumpy,C,0.85,20.0,54.53013116009047,54.53013116009047,0.0,,3.6353420773393648,1.333,0.912,6,8,7.428571428571429,1,1,0.05,1.0,1.0,1.0,0.05,REORDENAR,True
MASS2513,sin_datos,C,0.85,0.0,5.3999999999999995,5.3999999999999995,0.0,,0.36,20.0,,1,20,19.428571428571427,1,1,0.05,1.0,1.0,1.0,0.05,REORDENAR,True
MASS0599,sin_datos,C,0.85,0.0,0.0,0.0,0.0,,0.0,inf,,0,127,126.57142857142857,1,40,0.045,512.0,12.8,40.0,0.045,REORDENAR,True
MASS2290,lumpy,C,0.85,0.0,13.499999999999998,13.499999999999998,0.0,,0.8999999999999999,3.333,0.5764,12,40,39.285714285714285,1,1,0.05,1.0,1.0,1.0,0.05,REORDENAR,True
MASS2448,intermittent,C,0.85,2.0,2.1006954505940305,2.1006954505940305,0.0,,0.14004636337293536,3.625,0.4073,8,29,28.428571428571427,1,1,0.05,1.0,1.0,1.0,0.05,REORDENAR,True
MASS1589,sin_datos,C,0.85,0.0,0.0,0.0,0.0,,0.0,inf,,0,128,127.14285714285714,1,1,0.05,1.0,1.0,1.0,0.05,REORDENAR,True
MASS2453,lumpy,C,0.85,2.0,6.364285714285712,6.364285714285712,0.0,,0.42428571428571416,2.154,1.1796,13,28,27.714285714285715,1,1,0.05,1.0,1.0,1.0,0.05,REORDENAR,True
MASS2587,lumpy,C,0.85,130.0,9.136764705882351,9.136764705882351,0.0,,0.6091176470588234,3.4,3.0826,5,17,16.714285714285715,0,0,0.0,0.0,5.8,16.0,0.07710625,OK,False
MASS2168,intermittent,C,0.85,43.0,13.63407688656858,13.63407688656858,0.0,,0.908938459104572,2.688,0.4047,16,43,42.142857142857146,0,0,0.0,0.0,2.58,100.0,0.0324,OK,False
MASS0181,sin_datos,C,0.85,0.0,0.0,0.0,0.0,,0.0,inf,,0,135,134.57142857142858,1,1,0.05,1.0,1.0,1.0,0.05,REORDENAR,True
MASS2301,lumpy,C,0.85,42.0,5.90625,5.90625,0.0,,0.39375,6.667,1.698,6,40,39.285714285714285,0,0,0.0,0.0,1.0,1.0,0.05,OK,False
MASS2167,lumpy,C,0.85,58.0,19.534883720930235,19.534883720930235,0.0,,1.302325581395349,2.263,0.5177,19,43,42.142857142857146,0,0,0.0,0.0,2.58,100.0,0.0324,OK,False
MASS0507,intermittent,C,0.85,17.0,15.487500000000002,15.487500000000002,0.0,,1.0325000000000002,1.667,0.25,3,5,4.428571428571429,0,0,0.0,0.0,1.0,1.0,0.05,OK,False
MASS1643,sin_datos,C,0.85,0.0,0.17307692307692307,0.17307692307692307,0.0,,0.011538461538461539,52.0,,1,119,118.14285714285714,1,1,0.05,1.0,1.0,1.0,0.05,REORDENAR,True
MASS2338,lumpy,C,0.85,49.0,1.0499999999999998,1.0499999999999998,0.0,,0.06999999999999999,6.0,0.932,5,30,29.428571428571427,0,0,0.0,0.0,22.88,6.0,0.143842,OK,False
MASS1072,lumpy,C,0.85,0.0,0.9519230769230769,0.9519230769230769,0.0,,0.06346153846153846,8.667,1.0,6,93,92.57142857142857,1,1,0.05,1.0,1.0,1.0,0.05,REORDENAR,True
MASS0047,lumpy,C,0.85,5.0,19.399038461538463,19.399038461538463,0.0,,1.2932692307692308,3.25,1.3751,16,141,140.28571428571428,1,100,0.045864,95.0,0.95,100.0,0.045864,REORDENAR,True
MASS1468,intermittent,C,0.85,6.0,0.576923076923077,0.576923076923077,0.0,,0.038461538461538464,26.0,0.0,2,141,140.28571428571428,0,0,0.0,0.0,1.0,1.0,0.05,OK,False
MASS2003,sin_datos,C,0.85,0.0,0.08653846153846154,0.08653846153846154,0.0,,0.0057692307692307696,52.0,,1,71,69.85714285714286,1,1,0.05,1.0,1.0,1.0,0.05,REORDENAR,True
MASS2008,sin_datos,C,0.85,0.0,0.0,0.0,0.0,,0.0,inf,,0,71,69.85714285714286,1,1,0.05,1.0,1.0,1.0,0.05,REORDENAR,True
MASS0749,lumpy,C,0.85,0.0,7.970192307692307,7.970192307692307,0.0,,0.5313461538461538,2.6,0.5342,20,141,140.28571428571428,1,40,0.010875,19.2,0.48,40.0,0.010875,REORDENAR,True
MASS0813,sin_datos,C,0.85,0.0,0.0,0.0,0.0,,0.0,inf,,0,125,123.85714285714286,1,100,0.067424,980.0000000000001,9.8,100.0,0.067424,REORDENAR,True
MASS0382,lumpy,C,0.85,0.0,12.276923076923076,12.276923076923076,0.0,,0.8184615384615384,2.08,0.7615,25,138,137.42857142857142,1,250,0.0136,220.0,0.88,250.0,0.0136,REORDENAR,True
MASS2109,lumpy,C,0.85,0.0,1.9017857142857142,1.9017857142857142,0.0,,0.12678571428571428,7.0,0.8444,6,42,41.142857142857146,1,100,0.030336,695.0,6.95,100.0,0.030336,REORDENAR,True
MASS1498,lumpy,C,0.85,0.0,2.769230769230769,2.769230769230769,0.0,,0.18461538461538463,4.0,0.5946,13,135,134.57142857142858,1,1,0.05,1.0,1.0,1.0,0.05,REORDENAR,True
MASS2351,intermittent,C,0.85,0.0,0.012335086565855123,0.012335086565855123,0.0,,0.0008223391043903416,1.579,0.3553,19,30,29.571428571428573,1,24,0.053157,58.800000000000004,2.45,24.0,0.053157,REORDENAR,True
MASS2179,lumpy,C,0.85,1.0,10.883720930232558,10.883720930232558,0.0,,0.7255813953488371,1.654,1.116,26,43,42.142857142857146,1,80,0.035,80.0,1.0,80.0,0.035,REORDENAR,True
MASS1935,intermittent,C,0.85,34.0,7.212439903846154,7.212439903846154,0.0,,0.48082932692307695,4.727,0.4125,11,71,70.28571428571429,0,0,0.0,0.0,3.5,100.0,0.072,OK,False
MASS2711,lumpy,C,0.85,231.0,130.33455882352933,130.33455882352933,0.0,,8.68897058823529,1.333,0.6738,3,4,3.4285714285714284,0,0,0.0,0.0,3.45,60.0,0.0828945,OK,False
MASS1921,intermittent,C,0.85,19.0,0.41123076923076923,0.41123076923076923,0.0,,0.027415384615384616,26.0,0.08,2,71,70.28571428571429,0,0,0.0,0.0,11.0,40.0,0.010125,OK,False
MASS1675,sin_datos,C,0.85,0.0,0.0,0.0,0.0,,0.0,inf,,0,125,124.42857142857143,1,1,0.05,1.0,1.0,1.0,0.05,REORDENAR,True
MASS1548,sin_datos,C,0.85,0.0,0.0,0.0,0.0,,0.0,inf,,0,125,123.85714285714286,1,30,0.165888,55.5,1.85,30.0,0.165888,REORDENAR,True
MASS1826,lumpy,C,0.85,6.0,8.653846153846153,8.653846153846153,0.0,,0.5769230769230769,1.857,0.5362,28,92,91.14285714285714,1,100,0.00495,15.0,0.15,100.0,0.00495,REORDENAR,True
MASS1605,sin_datos,C,0.85,1.0,0.08653846153846154,0.08653846153846154,0.0,,0.0057692307692307696,52.0,,1,125,123.85714285714286,0,0,0.0,0.0,2.3,72.0,0.05,OK,False
MASS2238,lumpy,C,0.85,0.0,3.4500000000000006,3.4500000000000006,0.0,,0.23000000000000004,1.905,0.844,21,40,39.285714285714285,1,300,0.1225,675.0,2.25,300.0,0.1225,REORDENAR,True
MASS1531,intermittent,C,0.85,2.0,0.5040718210361068,0.5040718210361068,0.0,,0.033604788069073785,13.0,0.2993,4,125,123.85714285714286,0,0,0.0,0.0,2.3,72.0,0.05,OK,False
MASS1128,sin_datos,C,0.85,0.0,0.0,0.0,0.0,,0.0,inf,,0,140,139.28571428571428,1,1,0.05,1.0,1.0,1.0,0.05,REORDENAR,True
MASS0328,lumpy,C,0.85,0.0,14.019230769230768,14.019230769230768,0.0,,0.9346153846153845,6.5,0.4955,8,142,141.14285714285714,1,100,0.0373275,140.0,1.4,100.0,0.0373275,REORDENAR,True
MASS3007,intermittent,C,0.85,150.0,14.274,14.274,0.0,,0.9515999999999999,2.8,0.18,5,14,14.571428571428571,0,0,0.0,0.0,4.74,10.0,0.05,OK,False
MASS2646,erratic,C,0.85,16.0,69.89806229775763,52.5,17.39806229775763,,3.5,1.0,1.04,8,8,7.428571428571429,1,1,0.05,1.0,1.0,1.0,0.05,REORDENAR,True
MASS0049,lumpy,C,0.85,20.0,17.480769230769226,17.480769230769226,0.0,,1.165384615384615,4.0,1.641,13,141,140.28571428571428,0,0,0.0,0.0,0.95,100.0,0.045864,OK,False
MASS2027,lumpy,C,0.85,7.0,20.82,20.82,0.0,,1.388,1.852,1.4468,27,50,48.857142857142854,1,1,0.05,1.0,1.0,1.0,0.05,REORDENAR,True
MASS2298,lumpy,C,0.85,43.0,5.415,5.415,0.0,,0.361,4.444,1.3029,9,40,39.285714285714285,0,0,0.0,0.0,1.0,1.0,0.05,OK,False
MASS3024,lumpy,C,0.85,160.0,20.77058823529412,20.77058823529412,0.0,,1.3847058823529412,3.4,0.54,5,17,16.285714285714285,0,0,0.0,0.0,5.77,10.0,0.05,OK,False
MASS0385,lumpy,C,0.85,12.0,18.403846153846153,18.403846153846153,0.0,,1.2269230769230768,2.261,0.599,23,138,137.42857142857142,1,250,0.0136,220.0,0.88,250.0,0.0136,REORDENAR,True
MASS2334,lumpy,C,0.85,21.0,13.149999999999997,13.149999999999997,0.0,,0.8766666666666665,3.0,1.2562,10,30,29.571428571428573,0,0,0.0,0.0,2.1,20.0,0.1272375,OK,False
MASS1673,sin_datos,C,0.85,0.0,0.0,0.0,0.0,,0.0,inf,,0,119,117.85714285714286,1,1,0.05,1.0,1.0,1.0,0.05,REORDENAR,True
MASS1698,sin_datos,C,0.85,0.0,0.0,0.0,0.0,,0.0,inf,,0,115,114.42857142857143,1,1,0.05,1.0,1.0,1.0,0.05,REORDENAR,True
MASS2389,lumpy,C,0.85,0.0,7.293103448275861,7.293103448275861,0.0,,0.4862068965517241,2.636,0.598,11,29,28.428571428571427,1,60,0.10465,132.0,2.2,60.0,0.10465,REORDENAR,True
MASS1949,lumpy,C,0.85,1.0,6.421153846153845,6.421153846153845,0.0,,0.428076923076923,4.0,0.8519,13,71,70.28571428571429,1,500,0.0225,400.0,0.8,500.0,0.0225,REORDENAR,True
MASS2384,lumpy,C,0.85,36.0,7.727586206896551,7.727586206896551,0.0,,0.5151724137931034,2.231,1.6727,13,29,28.428571428571427,0,0,0.0,0.0,3.75,60.0,0.0962,OK,False
MASS0338,lumpy,C,0.85,14.0,0.6403846153846152,0.6403846153846152,0.0,,0.04269230769230768,13.0,1.0,4,141,140.28571428571428,0,0,0.0,0.0,1.0,1.0,0.05,OK,False
MASS2643,erratic,C,0.85,21.0,51.30447101922385,33.75,17.554471019223847,,2.25,1.143,1.1542,7,8,7.428571428571429,1,1,0.05,1.0,1.0,1.0,0.05,REORDENAR,True
MASS2496,lumpy,C,0.85,2.0,65.4,65.4,0.0,,4.36,1.562,4.3444,16,25,23.857142857142858,1,1,0.05,1.0,1.0,1.0,0.05,REORDENAR,True
MASS1469,sin_datos,C,0.85,0.0,0.08653846153846154,0.08653846153846154,0.0,,0.0057692307692307696,52.0,,1,141,140.28571428571428,1,1,0.05,1.0,1.0,1.0,0.05,REORDENAR,True
MASS0264,lumpy,C,0.85,0.0,0.6663461538461537,0.6663461538461537,0.0,,0.04442307692307691,17.333,0.6094,3,99,98.42857142857143,1,1,0.05,1.0,1.0,1.0,0.05,REORDENAR,True
MASS1711,lumpy,C,0.85,0.0,3.4615384615384617,3.4615384615384617,0.0,,0.23076923076923078,3.714,0.9773,14,115,114.42857142857143,1,1,0.05,1.0,1.0,1.0,0.05,REORDENAR,True
MASS2010,intermittent,C,0.85,30.0,6.232005583595952,6.232005583595952,0.0,,0.4154670389063968,4.333,0.4812,12,71,70.28571428571429,0,0,0.0,0.0,1.0,1.0,0.05,OK,False
MASS0988,intermittent,C,0.85,0.0,0.4623626373626374,0.4623626373626374,0.0,,0.030824175824175827,17.333,0.4286,3,119,118.14285714285714,1,1,0.05,1.0,1.0,1.0,0.05,REORDENAR,True
MASS0800,intermittent,C,0.85,39.0,23.436615793335992,23.436615793335992,0.0,,1.5624410528890662,5.2,0.1783,10,141,140.28571428571428,0,0,0.0,0.0,0.8,200.0,0.014112,OK,False
MASS0586,lumpy,C,0.85,0.0,-3.1903846153846156,-3.1903846153846156,0.0,,-0.2126923076923077,4.333,0.5121,12,83,82.71428571428571,0,0,0.0,0.0,1.0,1.0,0.05,OK,False
MASS2108,lumpy,C,0.85,0.0,2.517857142857143,2.517857142857143,0.0,,0.16785714285714284,7.0,1.5692,6,42,41.142857142857146,1,100,0.030336,695.0,6.95,100.0,0.030336,REORDENAR,True
MASS1146,sin_datos,C,0.85,0.0,0.08653846153846154,0.08653846153846154,0.0,,0.0057692307692307696,52.0,,1,125,123.85714285714286,1,100,0.038313,160.0,1.6,100.0,0.038313,REORDENAR,True
MASS2106,lumpy,C,0.85,0.0,2.373214285714285,2.373214285714285,0.0,,0.15821428571428567,5.25,1.8659,8,42,41.142857142857146,1,100,0.030336,695.0,6.95,100.0,0.030336,REORDENAR,True
MASS2441,lumpy,C,0.85,0.0,7.68103448275862,7.68103448275862,0.0,,0.5120689655172413,2.636,0.6908,11,29,28.714285714285715,1,1,0.05,1.0,1.0,1.0,0.05,REORDENAR,True
MASS1727,sin_datos,C,0.85,0.0,0.08653846153846154,0.08653846153846154,0.0,,0.0057692307692307696,52.0,,1,115,114.42857142857143,1,1,0.05,1.0,1.0,1.0,0.05,REORDENAR,True
MASS1768,sin_datos,C,0.85,0.0,0.08653846153846154,0.08653846153846154,0.0,,0.0057692307692307696,52.0,,1,113,112.14285714285714,1,1,0.05,1.0,1.0,1.0,0.05,REORDENAR,True
MASS0337,lumpy,C,0.85,13.0,1.9038461538461537,1.9038461538461537,0.0,,0.12692307692307692,17.333,0.9796,3,141,140.28571428571428,0,0,0.0,0.0,1.0,1.0,0.05,OK,False
MASS0802,lumpy,C,0.85,43.0,24.403846153846153,24.403846153846153,0.0,,1.626923076923077,4.333,0.5105,12,141,140.28571428571428,0,0,0.0,0.0,0.8,200.0,0.014112,OK,False
MASS2531,sin_datos,C,0.85,0.0,2.6999999999999997,2.6999999999999997,0.0,,0.18,20.0,,1,20,19.428571428571427,1,1,0.05,1.0,1.0,1.0,0.05,REORDENAR,True
MASS2700,sin_datos,C,0.85,180.0,0.0,0.0,0.0,,0.0,7.0,,1,7,6.428571428571429,0,0,0.0,0.0,1.0,1.0,0.05,OK,False
MASS1077,intermittent,C,0.85,0.0,0.6346153846153846,0.6346153846153846,0.0,,0.0423076923076923,10.4,0.3704,5,107,106.42857142857143,1,1,0.05,1.0,1.0,1.0,0.05,REORDENAR,True
MASS0814,sin_datos,C,0.85,0.0,0.0,0.0,0.0,,0.0,inf,,0,125,123.85714285714286,1,100,0.067424,980.0000000000001,9.8,100.0,0.067424,REORDENAR,True
MASS1791,lumpy,C,0.85,0.0,4.612499999999999,4.612499999999999,0.0,,0.30749999999999994,3.467,1.056,15,102,101.71428571428571,1,120,0.061952,102.0,0.85,120.0,0.061952,REORDENAR,True
MASS2336,lumpy,C,0.85,44.0,1.2974999999999994,1.2974999999999994,0.0,,0.08649999999999997,7.5,1.0748,4,30,29.428571428571427,0,0,0.0,0.0,12.25,6.0,0.186048,OK,False
MASS2297,lumpy,C,0.85,29.0,5.932499999999998,5.932499999999998,0.0,,0.3954999999999999,5.0,2.1784,8,40,39.285714285714285,0,0,0.0,0.0,1.0,1.0,0.05,OK,False
MASS1992,lumpy,C,0.85,0.0,3.933173076923077,3.933173076923077,0.0,,0.26221153846153844,4.333,0.5176,12,73,71.85714285714286,1,1,0.05,1.0,1.0,1.0,0.05,REORDENAR,True
MASS2292,intermittent,C,0.85,0.0,9.664772727272727,9.664772727272727,0.0,,0.6443181818181818,3.333,0.3636,12,40,39.285714285714285,1,1,0.05,1.0,1.0,1.0,0.05,REORDENAR,True
MASS1198,lumpy,C,0.85,0.0,7.528846153846153,7.528846153846153,0.0,,0.5019230769230769,2.737,0.68,19,141,140.28571428571428,1,40,0.010875,19.2,0.48,40.0,0.010875,REORDENAR,True
MASS1811,intermittent,C,0.85,0.0,0.9288461538461537,0.9288461538461537,0.0,,0.061923076923076914,7.429,0.4667,7,102,101.71428571428571,1,100,0.0176,50.0,0.5,100.0,0.0176,REORDENAR,True
MASS2275,lumpy,C,0.85,38.0,7.992857142857142,7.992857142857142,0.0,,0.5328571428571428,4.667,0.7023,9,42,41.142857142857146,0,0,0.0,0.0,1.0,1.0,0.05,OK,False
MASS1928,lumpy,C,0.85,4.0,2.4620192307692292,2.4620192307692292,0.0,,0.16413461538461527,5.2,3.4259,10,70,69.71428571428571,0,0,0.0,0.0,1.2,100.0,0.096,OK,False
MASS2641,lumpy,C,0.85,19.0,45.0,45.0,0.0,,3.0,1.333,0.88,6,8,7.428571428571429,1,25,0.052992,137.5,5.5,25.0,0.052992,REORDENAR,True
MASS0801,intermittent,C,0.85,47.0,21.102347368283596,21.102347368283596,0.0,,1.406823157885573,4.727,0.3653,11,141,140.28571428571428,0,0,0.0,0.0,0.8,200.0,0.014112,OK,False
MASS0379,lumpy,C,0.85,6.0,21.057692307692307,21.057692307692307,0.0,,1.4038461538461537,2.261,1.2525,23,138,137.42857142857142,1,250,0.0136,220.0,0.88,250.0,0.0136,REORDENAR,True
MASS2263,lumpy,C,0.85,1.0,3.034883720930232,3.034883720930232,0.0,,0.2023255813953488,3.909,0.6,11,43,42.142857142857146,1,1,0.05,1.0,1.0,1.0,0.05,REORDENAR,True
MASS0253,intermittent,C,0.85,0.0,0.17307692307692307,0.17307692307692307,0.0,,0.011538461538461539,17.333,0.0,3,115,114.42857142857143,1,1,0.05,1.0,1.0,1.0,0.05,REORDENAR,True
MASS2026,lumpy,C,0.85,0.0,17.009999999999998,17.009999999999998,0.0,,1.134,2.083,1.4045,24,50,48.857142857142854,1,1,0.05,1.0,1.0,1.0,0.05,REORDENAR,True
MASS2645,erratic,C,0.85,82.0,40.14876862071452,30.374999999999993,9.773768620714524,,2.0249999999999995,1.143,0.9002,7,8,7.0,0,0,0.0,0.0,1.0,1.0,0.05,OK,False
MASS1927,lumpy,C,0.85,0.0,2.284615384615383,2.284615384615383,0.0,,0.1523076923076922,3.467,3.9053,15,70,69.71428571428571,1,100,0.096,120.0,1.2,100.0,0.096,REORDENAR,True
MASS0750,lumpy,C,0.85,37.0,16.067307692307693,16.067307692307693,0.0,,1.0711538461538461,3.714,0.9111,14,131,130.71428571428572,0,0,0.0,0.0,1.0,1.0,0.05,OK,False
MASS0633,intermittent,C,0.85,31.0,8.254086167497626,8.254086167497626,0.0,,0.5502724111665084,2.08,0.3649,25,105,104.28571428571429,0,0,0.0,0.0,1.0,1.0,0.05,OK,False
MASS1893,lumpy,C,0.85,0.0,4.240384615384615,4.240384615384615,0.0,,0.2826923076923077,4.727,1.9209,11,71,69.85714285714286,1,1,0.05,1.0,1.0,1.0,0.05,REORDENAR,True
MASS1467,lumpy,C,0.85,0.0,3.0807692307692305,3.0807692307692305,0.0,,0.20538461538461536,3.467,0.7247,15,141,140.28571428571428,1,200,0.094116,229.99999999999997,1.15,200.0,0.094116,REORDENAR,True
MASS2684,intermittent,C,0.85,5.0,10.229249999999997,10.229249999999997,0.0,,0.6819499999999998,1.5,0.16,4,6,5.428571428571429,1,1,0.05,1.0,1.0,1.0,0.05,REORDENAR,True
MASS2736,erratic,C,0.85,91.0,83.19499621705913,54.34191176470587,28.853084452353254,,3.622794117647058,1.0,1.2229,4,4,3.4285714285714284,0,0,0.0,0.0,6.5,60.0,0.071994,OK,False
MASS2507,sin_datos,C,0.85,0.0,5.3999999999999995,5.3999999999999995,0.0,,0.36,20.0,,1,20,19.428571428571427,1,1,0.05,1.0,1.0,1.0,0.05,REORDENAR,True
MASS2550,sin_datos,C,0.85,0.0,5.3999999999999995,5.3999999999999995,0.0,,0.36,20.0,,1,20,19.428571428571427,1,1,0.05,1.0,1.0,1.0,0.05,REORDENAR,True
MASS1587,sin_datos,C,0.85,0.0,0.0,0.0,0.0,,0.0,inf,,0,128,127.14285714285714,1,1,0.05,1.0,1.0,1.0,0.05,REORDENAR,True
MASS0065,lumpy,C,0.85,121.0,0.6663461538461537,0.6663461538461537,0.0,,0.04442307692307691,17.333,0.6094,3,111,110.14285714285714,0,0,0.0,0.0,1.0,1.0,0.05,OK,False
MASS2633,lumpy,C,0.85,21.0,41.25,41.25,0.0,,2.75,1.333,1.1543,6,8,7.428571428571429,1,1,0.05,1.0,1.0,1.0,0.05,REORDENAR,True
MASS0173,lumpy,C,0.85,54.0,9.923076923076923,9.923076923076923,0.0,,0.6615384615384615,3.059,1.4611,17,85,84.71428571428571,0,0,0.0,0.0,1.0,1.0,0.05,OK,False
MASS1617,lumpy,C,0.85,20.0,25.09615384615383,25.09615384615383,0.0,,1.673076923076922,1.733,5.6811,30,125,123.85714285714286,1,1,0.05,0.3,0.3,1.0,0.05,REORDENAR,True
MASS2250,lumpy,C,0.85,34.0,3.15,3.15,0.0,,0.21,4.444,0.8897,9,40,39.285714285714285,0,0,0.0,0.0,4.0,80.0,0.129688,OK,False
MASS2438,erratic,C,0.85,2.0,48.44776009728323,33.75,14.697760097283227,,2.25,1.25,0.8478,24,30,29.571428571428573,1,1,0.05,1.0,1.0,1.0,0.05,REORDENAR,True
MASS1595,lumpy,C,0.85,0.0,2.1346153846153846,2.1346153846153846,0.0,,0.1423076923076923,10.4,0.7031,5,125,123.85714285714286,1,25,0.048509375,50.0,2.0,25.0,0.048509375,REORDENAR,True
MASS1388,sin_datos,C,0.85,0.0,0.0,0.0,0.0,,0.0,inf,,0,123,122.57142857142857,1,1,0.05,1.0,1.0,1.0,0.05,REORDENAR,True
MASS2160,lumpy,C,0.85,58.0,13.622093023255813,13.622093023255813,0.0,,0.9081395348837209,4.778,1.389,9,43,41.857142857142854,0,0,0.0,0.0,1.0,50.0,0.0376125,OK,False
MASS1456,sin_datos,C,0.85,0.0,0.0,0.0,0.0,,0.0,inf,,0,138,137.57142857142858,1,200,0.11628,136.0,0.68,200.0,0.11628,REORDENAR,True
MASS0150,lumpy,C,0.85,0.0,2.3019230769230767,2.3019230769230767,0.0,,0.15346153846153845,6.5,1.0729,8,141,140.28571428571428,1,40,0.04565356,108.0,2.7,40.0,0.04565356,REORDENAR,True
MASS1296,sin_datos,C,0.85,0.0,0.0,0.0,0.0,,0.0,inf,,0,135,134.57142857142858,1,1,0.05,1.0,1.0,1.0,0.05,REORDENAR,True
MASS2486,lumpy,C,0.85,708.0,84.53653846153846,84.53653846153846,0.0,,5.63576923076923,3.714,1.2419,7,26,25.285714285714285,0,0,0.0,0.0,0.6,250.0,0.024986,OK,False
MASS2314,lumpy,C,0.85,0.0,21.11370967741935,21.11370967741935,0.0,,1.40758064516129,1.348,0.9275,23,31,30.285714285714285,1,100,0.027692,65.0,0.65,100.0,0.027692,REORDENAR,True
MASS2376,intermittent,C,0.85,84.0,4.43793103448276,4.43793103448276,0.0,,0.2958620689655173,3.222,0.375,9,29,28.428571428571427,0,0,0.0,0.0,4.62,60.0,0.11709775,OK,False
MASS1237,intermittent,C,0.85,0.0,0.22692307692307692,0.22692307692307692,0.0,,0.015128205128205128,26.0,0.2222,2,125,123.85714285714286,1,24,0.088452,127.68,5.32,24.0,0.088452,REORDENAR,True
MASS2373,intermittent,C,0.85,90.0,6.704145231499801,6.704145231499801,0.0,,0.4469430154333201,3.75,0.3894,8,30,29.714285714285715,0,0,0.0,0.0,5.76,60.0,0.060372,OK,False
MASS2097,erratic,C,0.85,12.0,37.182538996738714,24.428571428571423,12.753967568167289,,1.6285714285714283,1.312,1.7876,32,42,41.142857142857146,1,400,0.18,260.0,0.65,400.0,0.18,REORDENAR,True
MASS2031,lumpy,C,0.85,15.0,12.392999999999997,12.392999999999997,0.0,,0.8261999999999998,2.778,1.3639,18,50,48.857142857142854,0,0,0.0,0.0,1.0,1.0,0.05,OK,False
MASS2148,lumpy,C,0.85,203.0,17.65561224489796,17.65561224489796,0.0,,1.1770408163265307,12.25,0.5167,4,49,48.57142857142857,0,0,0.0,0.0,0.9,50.0,0.0625,OK,False
MASS1068,intermittent,C,0.85,0.0,0.5891679748822606,0.5891679748822606,0.0,,0.039277864992150704,26.0,0.0408,2,100,99.28571428571429,1,1,0.05,1.0,1.0,1.0,0.05,REORDENAR,True
MASS1915,lumpy,C,0.85,3.0,2.2802884615384613,2.2802884615384613,0.0,,0.15201923076923077,3.714,0.7308,14,71,69.85714285714286,0,0,0.0,0.0,1.0,1.0,0.05,OK,False
MASS1078,sin_datos,C,0.85,0.0,0.0,0.0,0.0,,0.0,inf,,0,83,82.57142857142857,1,1,0.05,1.0,1.0,1.0,0.05,REORDENAR,True
MASS2032,lumpy,C,0.85,5.0,17.939999999999998,17.939999999999998,0.0,,1.1959999999999997,2.632,1.156,19,50,48.857142857142854,1,1,0.05,1.0,1.0,1.0,0.05,REORDENAR,True
MASS1262,sin_datos,C,0.85,0.0,0.0,0.0,0.0,,0.0,inf,,0,127,126.57142857142857,1,1,0.05,1.0,1.0,1.0,0.05,REORDENAR,True
MASS1955,lumpy,C,0.85,0.0,2.552884615384615,2.552884615384615,0.0,,0.17019230769230767,4.727,1.5351,11,71,70.28571428571429,1,50,0.055,42.5,0.85,50.0,0.055,REORDENAR,True
MASS1934,lumpy,C,0.85,33.0,8.653846153846153,8.653846153846153,0.0,,0.5769230769230769,5.2,0.4938,10,71,70.28571428571429,0,0,0.0,0.0,3.5,100.0,0.072,OK,False
MASS2721,lumpy,C,0.85,137.0,87.03860294117646,87.03860294117646,0.0,,5.802573529411764,1.333,0.6206,3,4,3.4285714285714284,0,0,0.0,0.0,2.85,60.0,0.136206,OK,False
MASS1892,intermittent,C,0.85,0.0,0.9230769230769231,0.9230769230769231,0.0,,0.06153846153846154,13.0,0.2222,4,71,69.85714285714286,1,1,0.05,1.0,1.0,1.0,0.05,REORDENAR,True
MASS1814,sin_datos,C,0.85,0.0,0.0,0.0,0.0,,0.0,inf,,0,107,106.28571428571429,1,1,0.05,1.0,1.0,1.0,0.05,REORDENAR,True
MASS0053,lumpy,C,0.85,0.0,4.512980769230766,4.512980769230766,0.0,,0.3008653846153844,2.889,2.8307,18,141,140.28571428571428,1,100,0.0175,70.0,0.7,100.0,0.0175,REORDENAR,True
MASS0859,sin_datos,C,0.85,0.0,0.0,0.0,0.0,,0.0,inf,,0,125,124.42857142857143,1,1,0.05,1.0,1.0,1.0,0.05,REORDENAR,True
MASS0390,lumpy,C,0.85,29.0,30.251162790697673,30.251162790697673,0.0,,2.0167441860465116,1.593,0.9261,27,43,42.142857142857146,1,300,0.02448,165.0,0.55,300.0,0.02448,REORDENAR,True
MASS1596,sin_datos,C,0.85,0.0,0.08653846153846154,0.08653846153846154,0.0,,0.0057692307692307696,52.0,,1,124,123.71428571428571,1,25,0.048509375,50.0,2.0,25.0,0.048509375,REORDENAR,True
MASS1465,lumpy,C,0.85,18.0,13.846153846153847,13.846153846153847,0.0,,0.9230769230769231,4.0,0.6037,13,141,140.28571428571428,0,0,0.0,0.0,1.15,200.0,0.094116,OK,False
MASS2252,lumpy,C,0.85,4.0,12.239999999999998,12.239999999999998,0.0,,0.8159999999999998,2.105,1.9774,19,40,39.285714285714285,1,50,0.031768,120.0,2.4,50.0,0.031768,REORDENAR,True
MASS2239,lumpy,C,0.85,0.0,18.15,18.15,0.0,,1.21,2.353,0.6137,17,40,39.285714285714285,1,300,0.1225,675.0,2.25,300.0,0.1225,REORDENAR,True
MASS1213,lumpy,C,0.85,15.0,1.6009615384615383,1.6009615384615383,0.0,,0.10673076923076923,8.667,0.9341,6,105,104.28571428571429,0,0,0.0,0.0,1.0,1.0,0.05,OK,False
MASS1936,sin_datos,C,0.85,12.0,0.0,0.0,0.0,,0.0,inf,,0,71,70.28571428571429,0,0,0.0,0.0,7.5,1.0,0.03626,OK,False
MASS2375,lumpy,C,0.85,127.0,8.04,8.04,0.0,,0.5359999999999999,3.333,0.67,9,30,29.428571428571427,0,0,0.0,0.0,3.25,100.0,0.06122025,OK,False
MASS1759,intermittent,C,0.85,37.0,21.8903067536002,21.8903067536002,0.0,,1.4593537835733466,4.333,0.3485,12,115,114.42857142857143,0,0,0.0,0.0,0.8,200.0,0.014112,OK,False
MASS2727,lumpy,C,0.85,149.0,43.13878676470588,43.13878676470588,0.0,,2.8759191176470584,2.0,1.3007,2,4,3.4285714285714284,0,0,0.0,0.0,3.9,45.0,0.102336,OK,False
MASS2581,sin_datos,C,0.85,0.0,8.100000000000001,8.100000000000001,0.0,,0.54,20.0,,1,20,19.428571428571427,1,1,0.05,1.0,1.0,1.0,0.05,REORDENAR,True
MASS0055,lumpy,C,0.85,0.0,4.413461538461537,4.413461538461537,0.0,,0.2942307692307692,4.727,2.2618,11,141,140.28571428571428,1,100,0.0175,70.0,0.7,100.0,0.0175,REORDENAR,True
MASS2640,lumpy,C,0.85,23.0,37.5,37.5,0.0,,2.5,1.333,1.2198,6,8,7.428571428571429,1,1,0.05,1.0,1.0,1.0,0.05,REORDENAR,True
MASS1024,sin_datos,C,0.85,0.0,0.0,0.0,0.0,,0.0,inf,,0,119,118.14285714285714,1,1,0.05,1.0,1.0,1.0,0.05,REORDENAR,True
MASS0279,sin_datos,C,0.85,0.0,0.0,0.0,0.0,,0.0,inf,,0,126,125.57142857142857,1,1,0.05,1.0,1.0,1.0,0.05,REORDENAR,True
MASS0598,lumpy,C,0.85,63.0,3.346153846153846,3.346153846153846,0.0,,0.22307692307692306,26.0,0.8889,2,141,140.28571428571428,0,0,0.0,0.0,2.3,100.0,0.05,OK,False
MASS0012,sin_datos,C,0.85,0.0,0.0,0.0,0.0,,0.0,inf,,0,132,131.57142857142858,1,1,0.05,1.0,1.0,1.0,0.05,REORDENAR,True
MASS1240,lumpy,C,0.85,0.0,5.3076923076923075,5.3076923076923075,0.0,,0.3538461538461538,3.25,1.0888,16,138,137.57142857142858,1,144,0.053312,109.44,0.76,144.0,0.053312,REORDENAR,True
MASS2092,lumpy,C,0.85,0.0,10.275,10.275,0.0,,0.685,1.909,0.9328,22,42,41.142857142857146,1,200,0.11628,130.0,0.65,200.0,0.11628,REORDENAR,True
MASS2433,lumpy,C,0.85,5.0,0.585,0.585,0.0,,0.039,15.0,0.5,2,30,29.571428571428573,0,0,0.0,0.0,1.0,1.0,0.05,OK,False
MASS1316,sin_datos,C,0.85,0.0,0.17307692307692307,0.17307692307692307,0.0,,0.011538461538461539,52.0,,1,115,114.42857142857143,1,1,0.05,1.0,1.0,1.0,0.05,REORDENAR,True
MASS2722,erratic,C,0.85,81.0,131.10366236444995,91.99632352941174,39.10733883503821,,6.133088235294116,1.0,0.9985,4,4,3.4285714285714284,1,60,0.136206,171.0,2.85,60.0,0.136206,REORDENAR,True
MASS0588,intermittent,C,0.85,0.0,0.9875369822485207,0.9875369822485207,0.0,,0.06583579881656805,17.333,0.2308,3,117,115.85714285714286,1,1,0.05,1.0,1.0,1.0,0.05,REORDENAR,True
MASS2572,sin_datos,C,0.85,0.0,1.3499999999999999,1.3499999999999999,0.0,,0.09,20.0,,1,20,19.428571428571427,1,1,0.05,1.0,1.0,1.0,0.05,REORDENAR,True
MASS2573,sin_datos,C,0.85,0.0,1.3499999999999999,1.3499999999999999,0.0,,0.09,20.0,,1,20,19.428571428571427,1,1,0.05,1.0,1.0,1.0,0.05,REORDENAR,True
MASS0778,intermittent,C,0.85,0.0,0.25961538461538464,0.25961538461538464,0.0,,0.01730769230769231,17.333,0.0,3,71,69.85714285714286,1,200,0.135759,196.0,0.98,200.0,0.135759,REORDENAR,True
MASS2163,lumpy,C,0.85,858.0,22.203488372093027,22.203488372093027,0.0,,1.480232558139535,2.688,6.6045,16,43,41.857142857142854,0,0,0.0,0.0,0.65,330.0,0.08505,OK,False
MASS1672,sin_datos,C,0.85,1.0,0.0,0.0,0.0,,0.0,inf,,0,119,118.14285714285714,0,0,0.0,0.0,1.0,1.0,0.05,OK,False
MASS2735,erratic,C,0.85,111.0,138.15703199843827,87.23713235294115,50.919899645497125,,5.81580882352941,1.0,1.8807,4,4,3.4285714285714284,1,100,0.04704,420.0,4.2,100.0,0.04704,REORDENAR,True
MASS2725,erratic,C,0.85,93.0,87.10344750659466,61.40073529411764,25.70271221247702,,4.093382352941176,1.0,0.9704,4,4,3.4285714285714284,0,0,0.0,0.0,5.48,40.0,0.05418,OK,False
MASS1090,sin_datos,C,0.85,0.0,0.0,0.0,0.0,,0.0,inf,,0,110,109.28571428571429,1,1,0.05,1.0,1.0,1.0,0.05,REORDENAR,True
MASS2340,lumpy,C,0.85,19.0,4.05,4.05,0.0,,0.26999999999999996,7.5,1.1733,4,30,29.428571428571427,0,0,0.0,0.0,9.39,6.0,0.1428,OK,False
MASS1894,lumpy,C,0.85,0.0,4.603846153846152,4.603846153846152,0.0,,0.3069230769230768,3.467,1.6537,15,71,69.85714285714286,1,1,0.05,1.0,1.0,1.0,0.05,REORDENAR,True
MASS2251,lumpy,C,0.85,5.0,10.99875,10.99875,0.0,,0.73325,2.667,1.0297,15,40,39.285714285714285,1,50,0.01188,92.5,1.85,50.0,0.01188,REORDENAR,True
MASS2001,lumpy,C,0.85,0.0,1.9124999999999992,1.9124999999999992,0.0,,0.12749999999999995,7.429,1.8052,7,73,71.85714285714286,1,1,0.05,1.0,1.0,1.0,0.05,REORDENAR,True
MASS1958,sin_datos,C,0.85,0.0,0.25961538461538464,0.25961538461538464,0.0,,0.01730769230769231,52.0,,1,71,70.28571428571429,1,20,0.030096,170.0,8.5,20.0,0.030096,REORDENAR,True
MASS1891,lumpy,C,0.85,0.0,18.461538461538463,18.461538461538463,0.0,,1.2307692307692308,4.727,1.4287,11,71,69.85714285714286,1,1,0.05,1.0,1.0,1.0,0.05,REORDENAR,True
MASS0931,intermittent,C,0.85,0.0,0.25961538461538464,0.25961538461538464,0.0,,0.01730769230769231,17.333,0.0,3,71,70.28571428571429,1,1,0.05,1.0,1.0,1.0,0.05,REORDENAR,True
MASS1968,intermittent,C,0.85,1.0,0.4670673076923077,0.4670673076923077,0.0,,0.031137820512820512,10.4,0.1389,5,71,70.28571428571429,0,0,0.0,0.0,1.0,1.0,0.05,OK,False
MASS1484,sin_datos,C,0.85,0.0,0.0,0.0,0.0,,0.0,inf,,0,84,82.85714285714286,1,1,0.05,1.0,1.0,1.0,0.05,REORDENAR,True
MASS1438,intermittent,C,0.85,33.0,22.5,22.5,0.0,,1.5,2.0,0.0,2,4,3.2857142857142856,0,0,0.0,0.0,1.0,1.0,0.05,OK,False
MASS2310,erratic,C,0.85,0.0,56.95234692132435,35.849999999999994,21.102346921324358,,2.3899999999999997,1.25,2.0629,24,30,29.571428571428573,1,96,0.043316,48.0,0.5,96.0,0.043316,REORDENAR,True
MASS1616,sin_datos,C,0.85,0.0,0.0,0.0,0.0,,0.0,inf,,0,125,123.85714285714286,1,1,0.001269,3.75,3.75,1.0,0.001269,REORDENAR,True
MASS2180,intermittent,C,0.85,1.0,5.831423255813954,5.831423255813954,0.0,,0.3887615503875969,3.909,0.4079,11,43,42.142857142857146,1,100,0.0168,145.0,1.45,100.0,0.0168,REORDENAR,True
MASS1890,lumpy,C,0.85,0.0,3.236538461538461,3.236538461538461,0.0,,0.21576923076923074,7.429,1.3547,7,71,69.85714285714286,1,12,0.0126,3.7199999999999998,0.31,12.0,0.0126,REORDENAR,True
MASS1758,lumpy,C,0.85,41.0,26.826923076923077,26.826923076923077,0.0,,1.7884615384615385,4.0,0.5732,13,115,114.42857142857143,0,0,0.0,0.0,0.8,200.0,0.014112,OK,False
MASS2612,erratic,C,0.85,143.0,124.13074360199128,63.75,60.380743601991284,,4.25,1.143,2.1537,7,8,7.571428571428571,0,0,0.0,0.0,1.15,500.0,0.108,OK,False
MASS0052,lumpy,C,0.85,2.0,4.274999999999998,4.274999999999998,0.0,,0.28499999999999986,3.467,2.4167,15,141,140.28571428571428,1,100,0.0175,70.0,0.7,100.0,0.0175,REORDENAR,True
MASS0703,lumpy,C,0.85,63.0,1.544711538461538,1.544711538461538,0.0,,0.1029807692307692,5.2,1.8367,10,115,114.42857142857143,0,0,0.0,0.0,1.0,1.0,0.05,OK,False
MASS2689,lumpy,C,0.85,0.0,440.09999999999997,440.09999999999997,0.0,,29.339999999999996,1.667,2.2227,3,5,3.857142857142857,1,1,0.05,1.0,1.0,1.0,0.05,REORDENAR,True
MASS2728,erratic,C,0.85,160.0,124.40466808342445,72.23437499999997,52.17029308342448,,4.815624999999998,1.0,1.7769,4,4,3.4285714285714284,0,0,0.0,0.0,3.3,40.0,0.056,OK,False
MASS1297,intermittent,C,0.85,0.0,0.45384615384615384,0.45384615384615384,0.0,,0.030256410256410255,26.0,0.2222,2,113,112.57142857142857,1,1,0.05,1.0,1.0,1.0,0.05,REORDENAR,True
MASS0172,sin_datos,C,0.85,0.0,0.0,0.0,0.0,,0.0,inf,,0,142,141.14285714285714,1,1,0.05,1.0,1.0,1.0,0.05,REORDENAR,True
MASS2523,sin_datos,C,0.85,0.0,2.6999999999999997,2.6999999999999997,0.0,,0.18,20.0,,1,20,19.428571428571427,1,1,0.05,1.0,1.0,1.0,0.05,REORDENAR,True
MASS1761,lumpy,C,0.85,0.0,0.7442307692307691,0.7442307692307691,0.0,,0.04961538461538461,10.4,0.5247,5,115,114.42857142857143,1,1,0.05,1.0,1.0,1.0,0.05,REORDENAR,True
MASS0594,sin_datos,C,0.85,0.0,0.0,0.0,0.0,,0.0,inf,,0,141,140.28571428571428,1,150,0.08748,765.0,5.1,150.0,0.08748,REORDENAR,True
MASS2489,lumpy,C,0.85,689.0,80.35499999999999,80.35499999999999,0.0,,5.356999999999999,4.167,1.5568,6,25,23.857142857142858,0,0,0.0,0.0,0.6,250.0,0.024986,OK,False
MASS2498,sin_datos,C,0.85,0.0,2.6999999999999997,2.6999999999999997,0.0,,0.18,20.0,,1,20,19.428571428571427,1,1,0.05,1.0,1.0,1.0,0.05,REORDENAR,True
MASS2576,sin_datos,C,0.85,0.0,2.6999999999999997,2.6999999999999997,0.0,,0.18,20.0,,1,20,19.428571428571427,1,1,0.05,1.0,1.0,1.0,0.05,REORDENAR,True
MASS2522,sin_datos,C,0.85,0.0,2.6999999999999997,2.6999999999999997,0.0,,0.18,20.0,,1,20,19.428571428571427,1,1,0.05,1.0,1.0,1.0,0.05,REORDENAR,True
MASS2723,lumpy,C,0.85,93.0,41.31066176470588,41.31066176470588,0.0,,2.7540441176470583,1.333,0.7872,3,4,3.4285714285714284,0,0,0.0,0.0,4.8,18.0,0.092538,OK,False
MASS1710,sin_datos,C,0.85,0.0,0.0,0.0,0.0,,0.0,inf,,0,115,114.42857142857143,1,1,0.05,1.0,1.0,1.0,0.05,REORDENAR,True
MASS2483,lumpy,C,0.85,728.0,46.25999999999999,46.25999999999999,0.0,,3.0839999999999996,3.571,1.4534,7,25,23.857142857142858,0,0,0.0,0.0,0.6,250.0,0.024986,OK,False
MASS1762,intermittent,C,0.85,0.0,0.17307692307692307,0.17307692307692307,0.0,,0.011538461538461539,26.0,0.0,2,115,114.42857142857143,1,1,0.05,1.0,1.0,1.0,0.05,REORDENAR,True
MASS0771,lumpy,C,0.85,0.0,7.707692307692308,7.707692307692308,0.0,,0.5138461538461538,4.0,0.9764,13,140,139.28571428571428,1,144,0.053312,109.44,0.76,144.0,0.053312,REORDENAR,True
MASS0930,intermittent,C,0.85,0.0,0.4670673076923077,0.4670673076923077,0.0,,0.031137820512820512,10.4,0.1389,5,71,70.28571428571429,1,1,0.05,1.0,1.0,1.0,0.05,REORDENAR,True
MASS2276,lumpy,C,0.85,50.0,2.5285714285714285,2.5285714285714285,0.0,,0.16857142857142857,8.4,0.6597,5,42,41.142857142857146,0,0,0.0,0.0,1.0,1.0,0.05,OK,False
MASS1967,intermittent,C,0.85,2.0,0.5594093406593406,0.5594093406593406,0.0,,0.037293956043956036,10.4,0.1531,5,71,70.28571428571429,0,0,0.0,0.0,1.0,1.0,0.05,OK,False
MASS2709,lumpy,C,0.85,65.0,44.15624999999999,44.15624999999999,0.0,,2.9437499999999996,1.333,0.7543,3,4,3.4285714285714284,0,0,0.0,0.0,6.5,60.0,0.071994,OK,False
MASS1951,sin_datos,C,0.85,29.0,0.08653846153846154,0.08653846153846154,0.0,,0.0057692307692307696,52.0,,1,71,70.28571428571429,0,0,0.0,0.0,8.0,50.0,0.027,OK,False
MASS1047,lumpy,C,0.85,9.0,17.076923076923077,17.076923076923077,0.0,,1.1384615384615384,2.737,0.7932,19,141,140.28571428571428,1,150,0.0136,127.5,0.85,150.0,0.0136,REORDENAR,True
MASS1225,intermittent,C,0.85,2.0,0.3060096153846153,0.3060096153846153,0.0,,0.02040064102564102,10.4,0.1389,5,92,91.14285714285714,0,0,0.0,0.0,1.0,1.0,0.05,OK,False
MASS1956,lumpy,C,0.85,6.0,12.565384615384612,12.565384615384612,0.0,,0.8376923076923075,2.737,0.6376,19,71,70.28571428571429,1,50,0.00125,54.0,1.08,50.0,0.00125,REORDENAR,True
MASS3021,lumpy,C,0.85,171.0,33.555,33.555,0.0,,2.237,3.333,0.7955,3,10,9.428571428571429,0,0,0.0,0.0,5.77,10.0,0.05,OK,False
MASS1971,intermittent,C,0.85,1.0,0.3836538461538461,0.3836538461538461,0.0,,0.025576923076923073,13.0,0.4444,4,71,70.28571428571429,0,0,0.0,0.0,1.0,1.0,0.05,OK,False
MASS1969,intermittent,C,0.85,5.0,1.5568910256410255,1.5568910256410255,0.0,,0.10379273504273503,10.4,0.1389,5,71,70.28571428571429,0,0,0.0,0.0,1.0,1.0,0.05,OK,False
MASS2575,sin_datos,C,0.85,0.0,2.6999999999999997,2.6999999999999997,0.0,,0.18,20.0,,1,20,19.428571428571427,1,1,0.05,1.0,1.0,1.0,0.05,REORDENAR,True
MASS2300,lumpy,C,0.85,7.0,2.3625,2.3625,0.0,,0.1575,6.667,1.1819,6,40,39.285714285714285,0,0,0.0,0.0,1.0,1.0,0.05,OK,False
MASS2183,lumpy,C,0.85,10.0,8.598837209302324,8.598837209302324,0.0,,0.5732558139534883,3.583,0.6041,12,43,42.142857142857146,0,0,0.0,0.0,3.5,40.0,0.014,OK,False
MASS1697,intermittent,C,0.85,0.0,1.8024578971324534,1.8024578971324534,0.0,,0.12016385980883022,5.778,0.3728,9,115,114.42857142857143,1,1,0.05,1.0,1.0,1.0,0.05,REORDENAR,True
MASS3026,intermittent,C,0.85,173.0,25.80790711346267,25.80790711346267,0.0,,1.7205271408975114,3.5,0.1957,4,14,13.714285714285714,0,0,0.0,0.0,5.77,10.0,0.05,OK,False
MASS1236,sin_datos,C,0.85,6.0,0.0,0.0,0.0,,0.0,inf,,0,125,123.85714285714286,0,0,0.0,0.0,5.32,24.0,0.088452,OK,False
MASS2609,erratic,C,0.85,179.0,142.48473822853714,87.64999999999998,54.83473822853715,,5.843333333333332,1.125,2.5807,8,9,7.857142857142857,0,0,0.0,0.0,1.25,250.0,0.096,OK,False
MASS1511,intermittent,C,0.85,42.0,5.6334671188186825,5.6334671188186825,0.0,,0.37556447458791214,3.467,0.3237,15,135,134.42857142857142,0,0,0.0,0.0,1.0,1.0,0.05,OK,False
MASS3060,lumpy,C,0.85,24561.0,123.3703125,123.3703125,0.0,,8.2246875,2.0,0.5558,8,16,15.714285714285714,0,0,0.0,0.0,0.03,5000.0,0.05,OK,False
MASS2071,intermittent,C,0.85,2.0,4.469787272727273,4.469787272727273,0.0,,0.2979858181818182,4.167,0.3055,12,50,48.857142857142854,1,48,0.13284,114.24,2.38,48.0,0.13284,REORDENAR,True
MASS1029,lumpy,C,0.85,0.0,3.8076923076923075,3.8076923076923075,0.0,,0.25384615384615383,3.059,0.5795,17,96,95.71428571428571,1,1,0.05,1.0,1.0,1.0,0.05,REORDENAR,True
MASS1726,intermittent,C,0.85,136.0,0.7933846153846152,0.7933846153846152,0.0,,0.05289230769230768,5.778,0.09,9,115,114.42857142857143,0,0,0.0,0.0,1.0,1.0,0.05,OK,False
MASS1748,sin_datos,C,0.85,0.0,0.0,0.0,0.0,,0.0,inf,,0,116,115.28571428571429,1,1,0.05,1.0,1.0,1.0,0.05,REORDENAR,True
MASS2386,lumpy,C,0.85,25.0,10.525862068965516,10.525862068965516,0.0,,0.7017241379310344,2.636,1.0562,11,29,28.428571428571427,0,0,0.0,0.0,2.75,60.0,0.098423,OK,False
MASS2707,lumpy,C,0.85,193.0,77.96139705882352,77.96139705882352,0.0,,5.197426470588235,1.333,2.12,3,4,3.4285714285714284,0,0,0.0,0.0,3.35,120.0,0.05472,OK,False
MASS2647,lumpy,C,0.85,25.0,30.0,30.0,0.0,,2.0,1.333,1.5533,6,8,7.428571428571429,1,1,0.05,1.0,1.0,1.0,0.05,REORDENAR,True
MASS2557,sin_datos,C,0.85,0.0,2.6999999999999997,2.6999999999999997,0.0,,0.18,20.0,,1,20,19.428571428571427,1,1,0.05,1.0,1.0,1.0,0.05,REORDENAR,True
MASS1850,sin_datos,C,0.85,0.0,0.0,0.0,0.0,,0.0,inf,,0,96,94.85714285714286,1,1,0.05,1.0,1.0,1.0,0.05,REORDENAR,True
MASS2578,sin_datos,C,0.85,0.0,1.3499999999999999,1.3499999999999999,0.0,,0.09,20.0,,1,20,19.428571428571427,1,1,0.05,1.0,1.0,1.0,0.05,REORDENAR,True
MASS2508,sin_datos,C,0.85,0.0,1.3499999999999999,1.3499999999999999,0.0,,0.09,20.0,,1,20,19.428571428571427,1,1,0.05,1.0,1.0,1.0,0.05,REORDENAR,True
MASS2439,lumpy,C,0.85,11.0,38.5,38.5,0.0,,2.566666666666667,1.875,0.6601,16,30,29.571428571428573,1,1,0.05,1.0,1.0,1.0,0.05,REORDENAR,True
MASS2553,sin_datos,C,0.85,0.0,2.6999999999999997,2.6999999999999997,0.0,,0.18,20.0,,1,20,19.428571428571427,1,1,0.05,1.0,1.0,1.0,0.05,REORDENAR,True
MASS2253,lumpy,C,0.85,15.0,9.6375,9.6375,0.0,,0.6425,2.857,0.6397,14,40,39.285714285714285,0,0,0.0,0.0,3.58,40.0,0.031768,OK,False
MASS2440,lumpy,C,0.85,0.0,5.818965517241379,5.818965517241379,0.0,,0.3879310344827586,3.625,0.7832,8,29,28.714285714285715,1,40,0.04565356,108.0,2.7,40.0,0.04565356,REORDENAR,True
MASS2172,lumpy,C,0.85,16.0,12.680232558139535,12.680232558139535,0.0,,0.8453488372093023,3.071,0.564,14,43,42.142857142857146,0,0,0.0,0.0,2.35,240.0,0.091834,OK,False
MASS2161,lumpy,C,0.85,165.0,7.325581395348837,7.325581395348837,0.0,,0.4883720930232558,7.167,1.4611,6,43,41.857142857142854,0,0,0.0,0.0,1.0,50.0,0.0376125,OK,False
MASS0011,sin_datos,C,0.85,0.0,0.0,0.0,0.0,,0.0,inf,,0,71,69.85714285714286,1,1,0.05,1.0,1.0,1.0,0.05,REORDENAR,True
MASS1103,sin_datos,C,0.85,0.0,0.0,0.0,0.0,,0.0,inf,,0,141,140.42857142857142,1,1,0.05,1.0,1.0,1.0,0.05,REORDENAR,True
MASS0262,lumpy,C,0.85,0.0,3.0721153846153846,3.0721153846153846,0.0,,0.2048076923076923,8.667,1.959,6,83,82.57142857142857,1,1,0.05,1.0,1.0,1.0,0.05,REORDENAR,True
MASS0747,lumpy,C,0.85,77.0,16.673076923076923,16.673076923076923,0.0,,1.1115384615384616,4.0,0.628,13,141,140.28571428571428,0,0,0.0,0.0,1.0,1.0,0.05,OK,False
MASS1207,intermittent,C,0.85,0.0,0.2884615384615385,0.2884615384615385,0.0,,0.019230769230769232,26.0,0.0,2,127,126.57142857142857,1,1,0.05,1.0,1.0,1.0,0.05,REORDENAR,True
MASS2014,sin_datos,C,0.85,0.0,0.08653846153846154,0.08653846153846154,0.0,,0.0057692307692307696,52.0,,1,62,60.857142857142854,1,1,0.05,1.0,1.0,1.0,0.05,REORDENAR,True
MASS2663,sin_datos,C,0.85,0.0,0.0,0.0,0.0,,0.0,6.0,,1,6,5.714285714285714,1,1,0.05,1.0,1.0,1.0,0.05,REORDENAR,True
MASS2658,sin_datos,C,0.85,0.0,0.0,0.0,0.0,,0.0,7.0,,1,7,5.857142857142857,1,1,0.05,1.0,1.0,1.0,0.05,REORDENAR,True
MASS2660,sin_datos,C,0.85,0.0,0.0,0.0,0.0,,0.0,6.0,,1,6,5.714285714285714,1,1,0.05,1.0,1.0,1.0,0.05,REORDENAR,True
MASS1163,lumpy,C,0.85,130.0,5.3076923076923075,5.3076923076923075,0.0,,0.3538461538461538,17.333,0.7562,3,141,140.28571428571428,0,0,0.0,0.0,2.3,100.0,0.05,OK,False
MASS0963,sin_datos,C,0.85,0.0,0.0,0.0,0.0,,0.0,inf,,0,78,77.57142857142857,1,1,0.05,1.0,1.0,1.0,0.05,REORDENAR,True
MASS2158,lumpy,C,0.85,64.0,7.011627906976744,7.011627906976744,0.0,,0.46744186046511627,4.778,1.6689,9,43,41.857142857142854,0,0,0.0,0.0,1.0,50.0,0.0376125,OK,False
MASS2491,intermittent,C,0.85,700.0,41.01428571428572,41.01428571428572,0.0,,2.7342857142857144,8.333,0.4286,3,25,23.857142857142858,0,0,0.0,0.0,0.6,250.0,0.024986,OK,False
MASS2490,intermittent,C,0.85,700.0,41.01428571428572,41.01428571428572,0.0,,2.7342857142857144,8.333,0.4286,3,25,23.857142857142858,0,0,0.0,0.0,0.6,250.0,0.024986,OK,False
MASS2492,intermittent,C,0.85,700.0,41.01428571428572,41.01428571428572,0.0,,2.7342857142857144,8.333,0.4286,3,25,23.857142857142858,0,0,0.0,0.0,0.6,250.0,0.024986,OK,False
MASS1930,lumpy,C,0.85,50.0,7.877884615384614,7.877884615384614,0.0,,0.5251923076923076,2.364,2.8737,22,71,70.28571428571429,0,0,0.0,0.0,0.35,100.0,0.03666,OK,False
MASS0335,sin_datos,C,0.85,0.0,0.0,0.0,0.0,,0.0,inf,,0,89,87.85714285714286,1,1,0.05,1.0,1.0,1.0,0.05,REORDENAR,True
MASS0788,lumpy,C,0.85,154.0,10.817307692307692,10.817307692307692,0.0,,0.7211538461538461,4.727,1.8507,11,73,71.85714285714286,0,0,0.0,0.0,0.68,200.0,0.11628,OK,False
MASS1209,sin_datos,C,0.85,0.0,0.0,0.0,0.0,,0.0,inf,,0,107,106.42857142857143,1,1,0.05,1.0,1.0,1.0,0.05,REORDENAR,True
MASS2574,sin_datos,C,0.85,0.0,2.6999999999999997,2.6999999999999997,0.0,,0.18,20.0,,1,20,19.428571428571427,1,1,0.05,1.0,1.0,1.0,0.05,REORDENAR,True
MASS3022,lumpy,C,0.85,173.0,8.325,8.325,0.0,,0.5549999999999999,4.667,0.6049,3,14,12.857142857142858,0,0,0.0,0.0,5.77,10.0,0.05,OK,False
MASS2256,lumpy,C,0.85,20.0,9.238125,9.238125,0.0,,0.615875,3.333,0.8081,12,40,39.285714285714285,0,0,0.0,0.0,2.8,50.0,0.028,OK,False
MASS2287,lumpy,C,0.85,0.0,5.11125,5.11125,0.0,,0.34075,4.0,0.6322,10,40,39.285714285714285,1,1,0.05,1.0,1.0,1.0,0.05,REORDENAR,True
MASS2583,lumpy,C,0.85,138.0,22.32794117647058,22.32794117647058,0.0,,1.4885294117647054,2.429,2.1481,7,17,16.714285714285715,0,0,0.0,0.0,0.8,200.0,0.132,OK,False
MASS2355,lumpy,C,0.85,16.0,1.9499999999999997,1.9499999999999997,0.0,,0.12999999999999998,3.333,1.897,9,30,29.428571428571427,0,0,0.0,0.0,4.85,10.0,0.0552885,OK,False
MASS2563,sin_datos,C,0.85,0.0,2.6999999999999997,2.6999999999999997,0.0,,0.18,20.0,,1,20,19.428571428571427,1,1,0.05,1.0,1.0,1.0,0.05,REORDENAR,True
MASS2120,lumpy,C,0.85,42.0,2.153571428571428,2.153571428571428,0.0,,0.14357142857142854,6.0,0.7407,7,42,41.142857142857146,0,0,0.0,0.0,5.8,500.0,0.6,OK,False
MASS2094,lumpy,C,0.85,0.0,6.803571428571428,6.803571428571428,0.0,,0.4535714285714285,2.625,0.9816,16,42,41.142857142857146,1,200,0.11628,130.0,0.65,200.0,0.11628,REORDENAR,True
MASS1533,sin_datos,C,0.85,0.0,0.0,0.0,0.0,,0.0,inf,,0,125,123.85714285714286,1,20,0.05,60.0,3.0,20.0,0.05,REORDENAR,True
MASS1046,lumpy,C,0.85,20.0,11.79951923076923,11.79951923076923,0.0,,0.7866346153846153,4.333,0.6929,12,141,140.28571428571428,0,0,0.0,0.0,0.85,150.0,0.0136,OK,False
MASS1744,sin_datos,C,0.85,0.0,0.08653846153846154,0.08653846153846154,0.0,,0.0057692307692307696,52.0,,1,116,115.28571428571429,1,1,0.05,1.0,1.0,1.0,0.05,REORDENAR,True
MASS0384,intermittent,C,0.85,33.0,7.00289832677508,7.00289832677508,0.0,,0.466859888451672,3.25,0.4863,16,115,114.42857142857143,0,0,0.0,0.0,0.88,250.0,0.0136,OK,False
MASS2443,intermittent,C,0.85,15.0,2.3275862068965516,2.3275862068965516,0.0,,0.15517241379310345,4.833,0.4,6,29,28.714285714285715,0,0,0.0,0.0,5.65,16.0,0.1170675,OK,False
MASS0917,lumpy,C,0.85,137.0,4.611057692307691,4.611057692307691,0.0,,0.3074038461538461,4.333,2.2585,12,115,114.14285714285714,0,0,0.0,0.0,1.0,1.0,0.05,OK,False
MASS2546,sin_datos,C,0.85,0.0,2.6999999999999997,2.6999999999999997,0.0,,0.18,20.0,,1,20,19.428571428571427,1,1,0.05,1.0,1.0,1.0,0.05,REORDENAR,True
MASS2565,sin_datos,C,0.85,0.0,2.6999999999999997,2.6999999999999997,0.0,,0.18,20.0,,1,20,19.428571428571427,1,1,0.05,1.0,1.0,1.0,0.05,REORDENAR,True
MASS2356,lumpy,C,0.85,18.0,5.689655172413793,5.689655172413793,0.0,,0.3793103448275862,4.833,2.472,6,29,28.714285714285715,0,0,0.0,0.0,4.85,10.0,0.0552885,OK,False
MASS2171,intermittent,C,0.85,20.0,9.30232558139535,9.30232558139535,0.0,,0.6201550387596899,2.688,0.3333,16,43,42.142857142857146,0,0,0.0,0.0,2.35,240.0,0.091834,OK,False
MASS2354,intermittent,C,0.85,31.0,2.3283455917470626,2.3283455917470626,0.0,,0.15522303944980417,7.25,0.3952,4,29,28.428571428571427,0,0,0.0,0.0,5.7,10.0,0.05952,OK,False
MASS2288,lumpy,C,0.85,0.0,4.14,4.14,0.0,,0.27599999999999997,3.077,0.7112,13,40,39.285714285714285,1,1,0.05,1.0,1.0,1.0,0.05,REORDENAR,True
MASS2493,sin_datos,C,0.85,0.0,0.0,0.0,0.0,,0.0,7.0,,1,7,6.571428571428571,1,1,0.05,1.0,1.0,1.0,0.05,REORDENAR,True
MASS2511,sin_datos,C,0.85,0.0,2.6999999999999997,2.6999999999999997,0.0,,0.18,20.0,,1,20,19.428571428571427,1,1,0.05,1.0,1.0,1.0,0.05,REORDENAR,True
MASS0254,sin_datos,C,0.85,0.0,0.0,0.0,0.0,,0.0,inf,,0,141,140.28571428571428,1,1,0.05,1.0,1.0,1.0,0.05,REORDENAR,True
MASS2206,intermittent,C,0.85,0.0,2.920461538461538,2.920461538461538,0.0,,0.19469743589743588,3.125,0.3359,16,50,48.857142857142854,1,1,0.05,1.0,1.0,1.0,0.05,REORDENAR,True
MASS1390,sin_datos,C,0.85,0.0,0.08653846153846154,0.08653846153846154,0.0,,0.0057692307692307696,52.0,,1,117,116.57142857142857,1,1,0.05,1.0,1.0,1.0,0.05,REORDENAR,True
MASS1050,lumpy,C,0.85,30.0,9.288461538461538,9.288461538461538,0.0,,0.6192307692307693,5.778,0.6136,9,141,140.28571428571428,0,0,0.0,0.0,0.85,150.0,0.0136,OK,False
MASS2264,lumpy,C,0.85,19.0,8.035714285714286,8.035714285714286,0.0,,0.5357142857142858,2.1,1.7076,20,42,41.142857142857146,0,0,0.0,0.0,1.0,1.0,0.05,OK,False
MASS2170,lumpy,C,0.85,19.0,12.418604651162788,12.418604651162788,0.0,,0.8279069767441859,3.308,0.7502,13,43,42.142857142857146,0,0,0.0,0.0,2.35,240.0,0.091834,OK,False
MASS0257,sin_datos,C,0.85,1.0,0.0,0.0,0.0,,0.0,inf,,0,127,126.57142857142857,0,0,0.0,0.0,1.0,1.0,0.05,OK,False
MASS2526,sin_datos,C,0.85,0.0,2.6999999999999997,2.6999999999999997,0.0,,0.18,20.0,,1,20,19.428571428571427,1,1,0.05,1.0,1.0,1.0,0.05,REORDENAR,True
MASS0484,sin_datos,C,0.85,0.0,0.0,0.0,0.0,,0.0,inf,,0,68,67.71428571428571,1,1,0.05,1.0,1.0,1.0,0.05,REORDENAR,True
MASS1642,intermittent,C,0.85,41.0,0.8653846153846154,0.8653846153846154,0.0,,0.057692307692307696,17.333,0.0,3,119,117.85714285714286,0,0,0.0,0.0,1.0,1.0,0.05,OK,False
MASS2568,sin_datos,C,0.85,0.0,1.3499999999999999,1.3499999999999999,0.0,,0.09,20.0,,1,20,19.428571428571427,1,1,0.05,1.0,1.0,1.0,0.05,REORDENAR,True
MASS2566,sin_datos,C,0.85,0.0,2.6999999999999997,2.6999999999999997,0.0,,0.18,20.0,,1,20,19.428571428571427,1,1,0.05,1.0,1.0,1.0,0.05,REORDENAR,True
MASS2208,lumpy,C,0.85,17.0,4.704,4.704,0.0,,0.3136,5.0,1.088,10,50,48.857142857142854,0,0,0.0,0.0,1.0,1.0,0.05,OK,False
MASS1606,sin_datos,C,0.85,0.0,0.08653846153846154,0.08653846153846154,0.0,,0.0057692307692307696,52.0,,1,125,123.85714285714286,1,72,0.05,165.6,2.3,72.0,0.05,REORDENAR,True
MASS2185,lumpy,C,0.85,29.0,2.1976744186046506,2.1976744186046506,0.0,,0.14651162790697672,6.143,0.5185,7,43,42.142857142857146,0,0,0.0,0.0,4.88,100.0,0.06,OK,False
MASS1607,intermittent,C,0.85,1.0,0.3861346153846153,0.3861346153846153,0.0,,0.025742307692307686,13.0,0.16,4,125,123.85714285714286,0,0,0.0,0.0,2.3,72.0,0.05,OK,False
MASS1782,sin_datos,C,0.85,0.0,0.0,0.0,0.0,,0.0,inf,,0,113,112.14285714285714,1,1,0.05,1.0,1.0,1.0,0.05,REORDENAR,True
MASS1056,intermittent,C,0.85,0.0,0.7787259615384614,0.7787259615384614,0.0,,0.05191506410256409,7.429,0.4213,7,141,140.28571428571428,1,60,0.004218,36.0,0.6,60.0,0.004218,REORDENAR,True
MASS2737,lumpy,C,0.85,119.0,46.91911764705882,46.91911764705882,0.0,,3.127941176470588,1.333,2.1946,3,4,3.4285714285714284,0,0,0.0,0.0,4.65,100.0,0.04704,OK,False
MASS3038,intermittent,C,0.85,291.0,0.0,0.0,0.0,,0.0,6.0,0.1926,2,12,11.714285714285714,0,0,0.0,0.0,5.3,16.0,0.05,OK,False
MASS1208,sin_datos,C,0.85,0.0,0.0,0.0,0.0,,0.0,inf,,0,108,106.85714285714286,1,1,0.05,1.0,1.0,1.0,0.05,REORDENAR,True
MASS1594,sin_datos,C,0.85,0.0,0.0,0.0,0.0,,0.0,inf,,0,125,123.85714285714286,1,25,0.048509375,50.0,2.0,25.0,0.048509375,REORDENAR,True
MASS1051,lumpy,C,0.85,29.0,12.144230769230768,12.144230769230768,0.0,,0.8096153846153845,2.737,0.9728,19,71,70.28571428571429,0,0,0.0,0.0,0.85,150.0,0.0136,OK,False
MASS2519,sin_datos,C,0.85,0.0,5.3999999999999995,5.3999999999999995,0.0,,0.36,20.0,,1,20,19.428571428571427,1,1,0.05,1.0,1.0,1.0,0.05,REORDENAR,True
MASS2333,lumpy,C,0.85,29.0,5.324999999999998,5.324999999999998,0.0,,0.35499999999999987,4.286,2.2222,7,30,29.571428571428573,0,0,0.0,0.0,2.1,20.0,0.1272375,OK,False
MASS1593,sin_datos,C,0.85,0.0,0.0,0.0,0.0,,0.0,inf,,0,125,123.85714285714286,1,25,0.048509375,50.0,2.0,25.0,0.048509375,REORDENAR,True
MASS0501,sin_datos,C,0.85,0.0,0.08653846153846154,0.08653846153846154,0.0,,0.0057692307692307696,52.0,,1,64,63.714285714285715,1,1,0.05,1.0,1.0,1.0,0.05,REORDENAR,True
MASS1772,sin_datos,C,0.85,0.0,0.0,0.0,0.0,,0.0,inf,,0,113,112.14285714285714,1,1,0.05,1.0,1.0,1.0,0.05,REORDENAR,True
MASS1486,sin_datos,C,0.85,0.0,0.0,0.0,0.0,,0.0,inf,,0,84,82.85714285714286,1,1,0.05,1.0,1.0,1.0,0.05,REORDENAR,True
MASS1387,sin_datos,C,0.85,0.0,0.0,0.0,0.0,,0.0,inf,,0,117,116.57142857142857,1,1,0.05,1.0,1.0,1.0,0.05,REORDENAR,True
MASS2485,lumpy,C,0.85,750.0,43.65,43.65,0.0,,2.9099999999999997,6.25,0.6146,4,25,23.857142857142858,0,0,0.0,0.0,0.6,250.0,0.024986,OK,False
MASS2484,lumpy,C,0.85,750.0,43.65,43.65,0.0,,2.9099999999999997,6.25,0.6146,4,25,23.857142857142858,0,0,0.0,0.0,0.6,250.0,0.024986,OK,False
MASS2488,lumpy,C,0.85,750.0,43.65,43.65,0.0,,2.9099999999999997,6.25,0.6146,4,25,23.857142857142858,0,0,0.0,0.0,0.6,250.0,0.024986,OK,False
MASS2162,lumpy,C,0.85,73.0,6.593023255813953,6.593023255813953,0.0,,0.4395348837209302,8.6,1.4938,5,43,41.857142857142854,0,0,0.0,0.0,1.0,50.0,0.0376125,OK,False
MASS2654,sin_datos,C,0.85,1.0,0.0,0.0,0.0,,0.0,10.0,,1,10,9.714285714285714,0,0,0.0,0.0,1.0,1.0,0.05,OK,False
MASS2719,smooth,C,0.85,8.0,162.6259016563324,144.5625,18.063401656332392,,9.6375,1.0,0.213,4,4,3.4285714285714284,1,350,0.068172,700.0,2.0,350.0,0.068172,REORDENAR,True
MASS2713,smooth,C,0.85,34.0,189.94444324429276,167.625,22.319443244292753,,11.175,1.0,0.2443,4,4,3.4285714285714284,1,350,0.068172,700.0,2.0,350.0,0.068172,REORDENAR,True
MASS2367,lumpy,C,0.85,91.0,2.399999999999999,2.399999999999999,0.0,,0.15999999999999995,6.0,1.237,5,30,29.428571428571427,0,0,0.0,0.0,4.55,10.0,0.0682375,OK,False
MASS1937,lumpy,C,0.85,0.0,1.9038461538461537,1.9038461538461537,0.0,,0.12692307692307692,4.727,1.1911,11,71,70.28571428571429,1,100,0.0375,75.0,0.75,100.0,0.0375,REORDENAR,True
MASS2388,intermittent,C,0.85,0.0,5.092551724137931,5.092551724137931,0.0,,0.3395034482758621,7.25,0.3467,4,29,28.428571428571427,1,60,0.10465,132.0,2.2,60.0,0.10465,REORDENAR,True
MASS1568,sin_datos,C,0.85,0.0,0.0,0.0,0.0,,0.0,inf,,0,129,127.85714285714286,1,1,0.05,1.0,1.0,1.0,0.05,REORDENAR,True
MASS0054,lumpy,C,0.85,0.0,4.534615384615384,4.534615384615384,0.0,,0.3023076923076922,5.778,1.4634,9,141,140.28571428571428,1,1,0.05,1.0,1.0,1.0,0.05,REORDENAR,True
MASS1765,sin_datos,C,0.85,0.0,0.0,0.0,0.0,,0.0,inf,,0,118,117.28571428571429,1,1,0.05,1.0,1.0,1.0,0.05,REORDENAR,True
MASS2503,sin_datos,C,0.85,0.0,2.6999999999999997,2.6999999999999997,0.0,,0.18,20.0,,1,20,19.428571428571427,1,1,0.05,1.0,1.0,1.0,0.05,REORDENAR,True
MASS1699,sin_datos,C,0.85,0.0,0.0,0.0,0.0,,0.0,inf,,0,115,114.42857142857143,1,1,0.05,1.0,1.0,1.0,0.05,REORDENAR,True
MASS0383,sin_datos,C,0.85,0.0,0.0,0.0,0.0,,0.0,inf,,0,138,137.42857142857142,1,1,0.05,1.0,1.0,1.0,0.05,REORDENAR,True
MASS2299,lumpy,C,0.85,38.0,4.852499999999999,4.852499999999999,0.0,,0.32349999999999995,10.0,0.8073,4,40,39.285714285714285,0,0,0.0,0.0,1.0,1.0,0.05,OK,False
MASS1701,lumpy,C,0.85,0.0,1.1942307692307692,1.1942307692307692,0.0,,0.07961538461538462,5.778,0.63,9,115,114.42857142857143,1,1,0.05,1.0,1.0,1.0,0.05,REORDENAR,True
MASS2726,erratic,C,0.85,99.0,73.03873008379625,49.546874999999986,23.491855083796274,,3.303124999999999,1.0,1.2426,4,4,3.4285714285714284,0,0,0.0,0.0,5.48,40.0,0.05418,OK,False
MASS2271,lumpy,C,0.85,0.0,1.6607142857142858,1.6607142857142858,0.0,,0.11071428571428572,7.0,2.1778,6,42,41.142857142857146,1,1,0.05,1.0,1.0,1.0,0.05,REORDENAR,True
MASS1049,lumpy,C,0.85,27.0,8.278846153846155,8.278846153846155,0.0,,0.551923076923077,5.2,1.0023,10,71,70.28571428571429,0,0,0.0,0.0,0.85,150.0,0.0136,OK,False
MASS1641,intermittent,C,0.85,46.0,0.17307692307692307,0.17307692307692307,0.0,,0.011538461538461539,26.0,0.0,2,119,117.85714285714286,0,0,0.0,0.0,1.0,1.0,0.05,OK,False
MASS1965,intermittent,C,0.85,39.0,6.6295702754036085,6.6295702754036085,0.0,,0.44197135169357393,7.429,0.2785,7,71,70.28571428571429,0,0,0.0,0.0,2.5,80.0,0.080325,OK,False
MASS2686,intermittent,C,0.85,0.0,266.4557598391267,266.4557598391267,0.0,,17.763717322608446,1.333,0.1301,3,4,3.7142857142857144,1,1,0.05,1.0,1.0,1.0,0.05,REORDENAR,True
MASS1143,lumpy,C,0.85,105.0,4.038461538461538,4.038461538461538,0.0,,0.2692307692307692,8.667,1.8375,6,117,115.85714285714286,0,0,0.0,0.0,1.0,1.0,0.05,OK,False
MASS2570,sin_datos,C,0.85,0.0,2.6999999999999997,2.6999999999999997,0.0,,0.18,20.0,,1,20,19.428571428571427,1,1,0.05,1.0,1.0,1.0,0.05,REORDENAR,True
MASS2066,lumpy,C,0.85,0.0,3.6719999999999993,3.6719999999999993,0.0,,0.24479999999999996,4.167,0.5021,12,50,48.857142857142854,1,100,0.104676,140.0,1.4,100.0,0.104676,REORDENAR,True
MASS1204,sin_datos,C,0.85,0.0,0.0,0.0,0.0,,0.0,inf,,0,142,141.14285714285714,1,50,0.062208,102.49999999999999,2.05,50.0,0.062208,REORDENAR,True
MASS2156,lumpy,C,0.85,70.0,20.58139534883721,20.58139534883721,0.0,,1.372093023255814,8.6,1.0494,5,43,41.857142857142854,0,0,0.0,0.0,1.0,50.0,0.0376125,OK,False
MASS2207,lumpy,C,0.85,18.0,1.6919999999999997,1.6919999999999997,0.0,,0.11279999999999998,5.556,0.8494,9,50,48.857142857142854,0,0,0.0,0.0,1.0,1.0,0.05,OK,False
MASS1731,sin_datos,C,0.85,0.0,0.0,0.0,0.0,,0.0,inf,,0,115,114.42857142857143,1,1,0.05,1.0,1.0,1.0,0.05,REORDENAR,True
MASS2610,lumpy,C,0.85,201.0,22.5,22.5,0.0,,1.5,1.6,3.3913,5,8,7.428571428571429,0,0,0.0,0.0,2.0,500.0,0.14256,OK,False
MASS0346,sin_datos,C,0.85,0.0,0.0,0.0,0.0,,0.0,inf,,0,128,126.85714285714286,1,1,0.05,1.0,1.0,1.0,0.05,REORDENAR,True
MASS2517,sin_datos,C,0.85,0.0,5.3999999999999995,5.3999999999999995,0.0,,0.36,20.0,,1,20,19.428571428571427,1,1,0.05,1.0,1.0,1.0,0.05,REORDENAR,True
MASS2289,intermittent,C,0.85,0.0,2.321517857142857,2.321517857142857,0.0,,0.15476785714285715,6.667,0.4714,6,40,39.285714285714285,1,1,0.05,1.0,1.0,1.0,0.05,REORDENAR,True
MASS1339,intermittent,C,0.85,0.0,0.22692307692307692,0.22692307692307692,0.0,,0.015128205128205128,26.0,0.2222,2,137,136.57142857142858,1,1,0.05,1.0,1.0,1.0,0.05,REORDENAR,True
MASS1026,sin_datos,C,0.85,0.0,0.0,0.0,0.0,,0.0,inf,,0,119,118.14285714285714,1,1,0.05,1.0,1.0,1.0,0.05,REORDENAR,True
MASS2562,sin_datos,C,0.85,0.0,2.6999999999999997,2.6999999999999997,0.0,,0.18,20.0,,1,20,19.428571428571427,1,1,0.05,1.0,1.0,1.0,0.05,REORDENAR,True
MASS2078,lumpy,C,0.85,0.0,5.978571428571427,5.978571428571427,0.0,,0.39857142857142847,3.231,0.9666,13,42,41.142857142857146,1,100,0.025,100.0,1.0,100.0,0.025,REORDENAR,True
MASS1292,sin_datos,C,0.85,0.0,0.0,0.0,0.0,,0.0,inf,,0,126,125.57142857142857,1,1,0.05,1.0,1.0,1.0,0.05,REORDENAR,True
MASS2173,intermittent,C,0.85,21.0,8.59278595158994,8.59278595158994,0.0,,0.5728523967726626,2.867,0.2405,15,43,42.142857142857146,0,0,0.0,0.0,2.35,240.0,0.091834,OK,False
MASS0969,intermittent,C,0.85,37.0,4.2946832579185505,4.2946832579185505,0.0,,0.28631221719457006,2.889,0.2381,18,85,84.71428571428571,0,0,0.0,0.0,1.0,1.0,0.05,OK,False
MASS1966,lumpy,C,0.85,46.0,1.4278846153846154,1.4278846153846154,0.0,,0.09519230769230769,17.333,2.0833,3,71,70.28571428571429,0,0,0.0,0.0,2.15,40.0,0.12,OK,False
MASS1939,intermittent,C,0.85,0.0,1.4531397174254315,1.4531397174254315,0.0,,0.09687598116169543,4.0,0.3537,13,71,70.28571428571429,1,100,0.0375,75.0,0.75,100.0,0.0375,REORDENAR,True
MASS2705,intermittent,C,0.85,114.0,39.388020833333336,39.388020833333336,0.0,,2.625868055555556,2.667,0.0903,3,8,7.714285714285714,0,0,0.0,0.0,1.0,1.0,0.05,OK,False
MASS2012,sin_datos,C,0.85,0.0,0.0,0.0,0.0,,0.0,inf,,0,68,67.71428571428571,1,1,0.05,1.0,1.0,1.0,0.05,REORDENAR,True
MASS2030,lumpy,C,0.85,16.0,12.032999999999998,12.032999999999998,0.0,,0.8021999999999998,3.846,1.1096,13,50,48.857142857142854,0,0,0.0,0.0,1.0,1.0,0.05,OK,False
MASS2607,smooth,C,0.85,37.0,15.0,15.0,0.0,,1.0,1.0,0.0,3,3,2.7142857142857144,0,0,0.0,0.0,1.0,1.0,0.05,OK,False
MASS2075,lumpy,C,0.85,0.0,6.691071428571427,6.691071428571427,0.0,,0.4460714285714285,3.0,0.9752,14,42,41.142857142857146,1,100,0.025,100.0,1.0,100.0,0.025,REORDENAR,True
MASS0392,sin_datos,C,0.85,0.0,0.0,0.0,0.0,,0.0,inf,,0,138,137.42857142857142,1,1,0.05,1.0,1.0,1.0,0.05,REORDENAR,True
MASS2571,sin_datos,C,0.85,0.0,2.6999999999999997,2.6999999999999997,0.0,,0.18,20.0,,1,20,19.428571428571427,1,1,0.05,1.0,1.0,1.0,0.05,REORDENAR,True
MASS2505,sin_datos,C,0.85,0.0,2.6999999999999997,2.6999999999999997,0.0,,0.18,20.0,,1,20,19.428571428571427,1,1,0.05,1.0,1.0,1.0,0.05,REORDENAR,True
MASS0741,sin_datos,C,0.85,0.0,0.0,0.0,0.0,,0.0,inf,,0,99,98.28571428571429,1,1,0.05,1.0,1.0,1.0,0.05,REORDENAR,True
MASS2528,sin_datos,C,0.85,0.0,1.3499999999999999,1.3499999999999999,0.0,,0.09,20.0,,1,20,19.428571428571427,1,1,0.05,1.0,1.0,1.0,0.05,REORDENAR,True
MASS1970,sin_datos,C,0.85,6.0,0.08653846153846154,0.08653846153846154,0.0,,0.0057692307692307696,52.0,,1,71,70.28571428571429,0,0,0.0,0.0,1.0,1.0,0.05,OK,False
MASS2623,lumpy,C,0.85,224.0,60.0,60.0,0.0,,4.0,1.333,0.9524,6,8,7.285714285714286,0,0,0.0,0.0,1.2,100.0,0.060606,OK,False
MASS0381,lumpy,C,0.85,36.0,12.30174418604651,12.30174418604651,0.0,,0.8201162790697674,2.389,0.7526,18,43,42.142857142857146,0,0,0.0,0.0,0.88,250.0,0.0136,OK,False
MASS3054,lumpy,C,0.85,512.0,39.30882352941177,39.30882352941177,0.0,,2.6205882352941177,1.7,1.3964,10,17,16.285714285714285,0,0,0.0,0.0,1.1,70.0,0.05,OK,False
MASS1708,sin_datos,C,0.85,0.0,0.0,0.0,0.0,,0.0,inf,,0,115,114.42857142857143,1,1,0.05,1.0,1.0,1.0,0.05,REORDENAR,True
MASS1630,sin_datos,C,0.85,0.0,0.0,0.0,0.0,,0.0,inf,,0,110,109.28571428571429,1,1,0.05,1.0,1.0,1.0,0.05,REORDENAR,True
MASS0297,intermittent,C,0.85,0.0,0.28212890625000003,0.28212890625000003,0.0,,0.01880859375,17.333,0.3281,3,89,88.28571428571429,1,1,0.05,1.0,1.0,1.0,0.05,REORDENAR,True
MASS2559,sin_datos,C,0.85,0.0,2.6999999999999997,2.6999999999999997,0.0,,0.18,20.0,,1,20,19.428571428571427,1,1,0.05,1.0,1.0,1.0,0.05,REORDENAR,True
MASS1164,lumpy,C,0.85,63.0,3.317307692307692,3.317307692307692,0.0,,0.22115384615384615,26.0,1.3889,2,141,140.28571428571428,0,0,0.0,0.0,2.3,100.0,0.05,OK,False
MASS2247,intermittent,C,0.85,0.0,3.0676506232686984,3.0676506232686984,0.0,,0.20451004155124655,3.636,0.4418,11,40,39.285714285714285,1,80,0.053248,176.0,2.2,80.0,0.053248,REORDENAR,True
MASS0474,sin_datos,C,0.85,0.0,0.0,0.0,0.0,,0.0,inf,,0,68,67.71428571428571,1,1,0.05,1.0,1.0,1.0,0.05,REORDENAR,True
MASS2706,lumpy,C,0.85,273.0,72.40808823529409,72.40808823529409,0.0,,4.827205882352939,1.333,2.287,3,4,3.4285714285714284,0,0,0.0,0.0,1.1,40.0,0.09,OK,False
MASS1700,lumpy,C,0.85,6.0,5.480769230769231,5.480769230769231,0.0,,0.36538461538461536,4.727,1.6219,11,115,114.42857142857143,0,0,0.0,0.0,1.0,1.0,0.05,OK,False
MASS0985,sin_datos,C,0.85,0.0,0.0,0.0,0.0,,0.0,inf,,0,128,127.14285714285714,1,1,0.05,1.0,1.0,1.0,0.05,REORDENAR,True
MASS1613,sin_datos,C,0.85,0.0,0.0,0.0,0.0,,0.0,inf,,0,125,123.85714285714286,1,1,0.001,3.29,3.29,1.0,0.001,REORDENAR,True
MASS2688,lumpy,C,0.85,85.0,0.0,0.0,0.0,,0.0,4.0,1.9167,2,8,7.571428571428571,0,0,0.0,0.0,1.0,1.0,0.05,OK,False
MASS1688,sin_datos,C,0.85,0.0,0.0,0.0,0.0,,0.0,inf,,0,115,114.42857142857143,1,1,0.05,1.0,1.0,1.0,0.05,REORDENAR,True
MASS2549,sin_datos,C,0.85,0.0,2.6999999999999997,2.6999999999999997,0.0,,0.18,20.0,,1,20,19.428571428571427,1,1,0.05,1.0,1.0,1.0,0.05,REORDENAR,True
MASS2521,sin_datos,C,0.85,0.0,2.6999999999999997,2.6999999999999997,0.0,,0.18,20.0,,1,20,19.428571428571427,1,1,0.05,1.0,1.0,1.0,0.05,REORDENAR,True
MASS2506,sin_datos,C,0.85,0.0,2.6999999999999997,2.6999999999999997,0.0,,0.18,20.0,,1,20,19.428571428571427,1,1,0.05,1.0,1.0,1.0,0.05,REORDENAR,True
MASS2536,sin_datos,C,0.85,0.0,2.6999999999999997,2.6999999999999997,0.0,,0.18,20.0,,1,20,19.428571428571427,1,1,0.05,1.0,1.0,1.0,0.05,REORDENAR,True
MASS1149,lumpy,C,0.85,2.0,4.673076923076923,4.673076923076923,0.0,,0.31153846153846154,4.727,1.3887,11,141,140.28571428571428,1,100,0.0175,70.0,0.7,100.0,0.0175,REORDENAR,True
MASS2210,lumpy,C,0.85,19.0,4.353,4.353,0.0,,0.2902,5.556,1.0012,9,50,48.857142857142854,0,0,0.0,0.0,1.0,1.0,0.05,OK,False
MASS1506,intermittent,C,0.85,0.0,0.34615384615384615,0.34615384615384615,0.0,,0.023076923076923078,13.0,0.0,4,135,134.42857142857142,1,1,0.05,1.0,1.0,1.0,0.05,REORDENAR,True
MASS0500,sin_datos,C,0.85,0.0,0.0,0.0,0.0,,0.0,inf,,0,80,79.71428571428571,1,1,0.05,1.0,1.0,1.0,0.05,REORDENAR,True
MASS0374,sin_datos,C,0.85,0.0,0.0,0.0,0.0,,0.0,inf,,0,138,137.42857142857142,1,200,0.05,262.0,1.31,200.0,0.05,REORDENAR,True
MASS1232,sin_datos,C,0.85,0.0,0.0,0.0,0.0,,0.0,inf,,0,112,111.28571428571429,1,1,0.05,1.0,1.0,1.0,0.05,REORDENAR,True
MASS1658,lumpy,C,0.85,44.0,0.6620192307692306,0.6620192307692306,0.0,,0.044134615384615376,26.0,1.2099,2,119,117.85714285714286,0,0,0.0,0.0,1.0,1.0,0.05,OK,False
MASS2712,erratic,C,0.85,1.0,150.00828110161737,125.81249999999999,24.195781101617374,,8.3875,1.0,0.5029,4,4,3.4285714285714284,1,350,0.068172,700.0,2.0,350.0,0.068172,REORDENAR,True
MASS0827,sin_datos,C,0.85,0.0,0.0,0.0,0.0,,0.0,inf,,0,91,90.42857142857143,1,1,0.05,1.0,1.0,1.0,0.05,REORDENAR,True
MASS2552,sin_datos,C,0.85,0.0,1.3499999999999999,1.3499999999999999,0.0,,0.09,20.0,,1,20,19.428571428571427,1,1,0.05,1.0,1.0,1.0,0.05,REORDENAR,True
MASS1395,sin_datos,C,0.85,0.0,0.0,0.0,0.0,,0.0,inf,,0,117,116.57142857142857,1,1,0.05,1.0,1.0,1.0,0.05,REORDENAR,True
MASS2387,intermittent,C,0.85,31.0,9.41671988080034,9.41671988080034,0.0,,0.6277813253866893,5.8,0.439,5,29,28.428571428571427,0,0,0.0,0.0,2.75,60.0,0.098423,OK,False
MASS0370,sin_datos,C,0.85,0.0,0.08653846153846154,0.08653846153846154,0.0,,0.0057692307692307696,52.0,,1,138,137.42857142857142,1,200,0.05,262.0,1.31,200.0,0.05,REORDENAR,True
MASS1515,sin_datos,C,0.85,0.0,0.0,0.0,0.0,,0.0,inf,,0,133,132.14285714285714,1,1,0.05,1.0,1.0,1.0,0.05,REORDENAR,True
MASS3032,lumpy,C,0.85,303.0,17.785714285714285,17.785714285714285,0.0,,1.1857142857142857,4.667,0.6332,3,14,13.714285714285714,0,0,0.0,0.0,5.3,16.0,0.05,OK,False
MASS1466,sin_datos,C,0.85,0.0,0.5192307692307693,0.5192307692307693,0.0,,0.03461538461538462,52.0,,1,141,140.28571428571428,1,1,0.05,1.0,1.0,1.0,0.05,REORDENAR,True
MASS0828,sin_datos,C,0.85,0.0,0.17307692307692307,0.17307692307692307,0.0,,0.011538461538461539,52.0,,1,83,82.57142857142857,1,1,0.05,1.0,1.0,1.0,0.05,REORDENAR,True
MASS2540,sin_datos,C,0.85,0.0,2.6999999999999997,2.6999999999999997,0.0,,0.18,20.0,,1,20,19.428571428571427,1,1,0.05,1.0,1.0,1.0,0.05,REORDENAR,True
MASS2147,intermittent,C,0.85,310.0,7.224489795918367,7.224489795918367,0.0,,0.48163265306122444,24.5,0.2222,2,49,48.57142857142857,0,0,0.0,0.0,0.85,50.0,0.0625,OK,False
MASS0132,lumpy,C,0.85,0.0,1.0259999999999998,1.0259999999999998,0.0,,0.06839999999999999,16.667,0.75,3,50,49.57142857142857,1,1,0.05,1.0,1.0,1.0,0.05,REORDENAR,True
MASS0487,sin_datos,C,0.85,0.0,0.0,0.0,0.0,,0.0,inf,,0,68,67.71428571428571,1,1,0.05,1.0,1.0,1.0,0.05,REORDENAR,True
MASS2551,sin_datos,C,0.85,0.0,1.3499999999999999,1.3499999999999999,0.0,,0.09,20.0,,1,20,19.428571428571427,1,1,0.05,1.0,1.0,1.0,0.05,REORDENAR,True
MASS1941,intermittent,C,0.85,0.0,1.2166666666666666,1.2166666666666666,0.0,,0.0811111111111111,5.2,0.3978,10,71,70.28571428571429,1,100,0.0375,75.0,0.75,100.0,0.0375,REORDENAR,True
MASS1155,sin_datos,C,0.85,0.0,0.0,0.0,0.0,,0.0,inf,,0,71,70.28571428571429,1,1,0.05,1.0,1.0,1.0,0.05,REORDENAR,True
MASS0143,intermittent,C,0.85,0.0,0.7239192625556261,0.7239192625556261,0.0,,0.04826128417037508,8.667,0.4066,6,92,91.42857142857143,1,1,0.05,1.0,1.0,1.0,0.05,REORDENAR,True
MASS0252,sin_datos,C,0.85,0.0,0.08653846153846154,0.08653846153846154,0.0,,0.0057692307692307696,52.0,,1,141,140.28571428571428,1,1,0.05,1.0,1.0,1.0,0.05,REORDENAR,True
MASS2159,lumpy,C,0.85,74.0,18.828488372093023,18.828488372093023,0.0,,1.255232558139535,10.75,0.9218,4,43,41.857142857142854,0,0,0.0,0.0,1.0,50.0,0.0376125,OK,False
MASS2541,sin_datos,C,0.85,0.0,1.3499999999999999,1.3499999999999999,0.0,,0.09,20.0,,1,20,19.428571428571427,1,1,0.05,1.0,1.0,1.0,0.05,REORDENAR,True
MASS1779,sin_datos,C,0.85,0.0,0.0,0.0,0.0,,0.0,inf,,0,115,114.42857142857143,1,1,0.05,1.0,1.0,1.0,0.05,REORDENAR,True
MASS1480,sin_datos,C,0.85,0.0,0.0,0.0,0.0,,0.0,inf,,0,138,137.28571428571428,1,1,0.05,1.0,1.0,1.0,0.05,REORDENAR,True
MASS2174,intermittent,C,0.85,35.0,4.072420058139535,4.072420058139535,0.0,,0.27149467054263565,3.308,0.4583,13,43,42.142857142857146,0,0,0.0,0.0,1.2,100.0,0.018,OK,False
MASS2268,lumpy,C,0.85,0.0,6.016071428571427,6.016071428571427,0.0,,0.40107142857142847,3.5,1.6218,12,42,41.142857142857146,1,1,0.05,1.0,1.0,1.0,0.05,REORDENAR,True
MASS0051,lumpy,C,0.85,0.0,0.9865384615384614,0.9865384615384614,0.0,,0.06576923076923076,13.0,0.8889,4,141,140.28571428571428,1,1,0.05,1.0,1.0,1.0,0.05,REORDENAR,True
MASS0995,sin_datos,C,0.85,2.0,0.0,0.0,0.0,,0.0,inf,,0,99,98.28571428571429,0,0,0.0,0.0,1.0,1.0,0.05,OK,False
MASS2157,lumpy,C,0.85,95.0,18.828488372093023,18.828488372093023,0.0,,1.255232558139535,10.75,0.9218,4,43,41.857142857142854,0,0,0.0,0.0,1.0,50.0,0.0376125,OK,False
MASS0898,sin_datos,C,0.85,0.0,0.0,0.0,0.0,,0.0,inf,,0,76,74.85714285714286,1,1,0.05,1.0,1.0,1.0,0.05,REORDENAR,True
MASS1771,sin_datos,C,0.85,0.0,0.0,0.0,0.0,,0.0,inf,,0,113,112.14285714285714,1,1,0.05,1.0,1.0,1.0,0.05,REORDENAR,True
MASS2011,intermittent,C,0.85,11.0,5.315204326923076,5.315204326923076,0.0,,0.3543469551282051,4.0,0.3837,13,70,69.71428571428571,0,0,0.0,0.0,1.0,1.0,0.05,OK,False
MASS1775,sin_datos,C,0.85,0.0,0.0,0.0,0.0,,0.0,inf,,0,113,112.14285714285714,1,1,0.05,1.0,1.0,1.0,0.05,REORDENAR,True
MASS1003,intermittent,C,0.85,0.0,6.004056490384615,6.004056490384615,0.0,,0.40027043269230766,2.737,0.1979,19,91,90.71428571428571,1,1,0.05,1.0,1.0,1.0,0.05,REORDENAR,True
MASS1660,lumpy,C,0.85,37.0,2.221153846153846,2.221153846153846,0.0,,0.14807692307692305,13.0,0.5,4,119,117.85714285714286,0,0,0.0,0.0,1.0,1.0,0.05,OK,False
MASS2000,lumpy,C,0.85,25.0,0.4932692307692307,0.4932692307692307,0.0,,0.03288461538461538,17.333,0.75,3,73,71.85714285714286,0,0,0.0,0.0,1.0,1.0,0.05,OK,False
MASS0104,sin_datos,C,0.85,0.0,0.0,0.0,0.0,,0.0,inf,,0,128,127.14285714285714,1,1,0.05,1.0,1.0,1.0,0.05,REORDENAR,True
MASS1847,sin_datos,C,0.85,1.0,0.0,0.0,0.0,,0.0,inf,,0,96,94.85714285714286,0,0,0.0,0.0,1.0,1.0,0.05,OK,False
MASS0847,sin_datos,C,0.85,0.0,0.0,0.0,0.0,,0.0,inf,,0,137,136.57142857142858,1,1,0.05,1.0,1.0,1.0,0.05,REORDENAR,True
MASS2545,sin_datos,C,0.85,0.0,1.3499999999999999,1.3499999999999999,0.0,,0.09,20.0,,1,20,19.428571428571427,1,1,0.05,1.0,1.0,1.0,0.05,REORDENAR,True
MASS1659,lumpy,C,0.85,35.0,0.7485576923076921,0.7485576923076921,0.0,,0.04990384615384614,26.0,1.2099,2,119,118.14285714285714,0,0,0.0,0.0,1.0,1.0,0.05,OK,False
MASS3058,lumpy,C,0.85,523.0,8.999999999999998,8.999999999999998,0.0,,0.5999999999999999,2.429,1.2971,7,17,16.428571428571427,0,0,0.0,0.0,1.1,70.0,0.05,OK,False
MASS2445,intermittent,C,0.85,0.0,2.1839080459770117,2.1839080459770117,0.0,,0.14559386973180077,2.9,0.1235,10,29,28.428571428571427,1,1,0.05,1.0,1.0,1.0,0.05,REORDENAR,True
MASS2524,sin_datos,C,0.85,0.0,1.3499999999999999,1.3499999999999999,0.0,,0.09,20.0,,1,20,19.428571428571427,1,1,0.05,1.0,1.0,1.0,0.05,REORDENAR,True
MASS1773,sin_datos,C,0.85,0.0,0.0,0.0,0.0,,0.0,inf,,0,113,112.14285714285714,1,1,0.05,1.0,1.0,1.0,0.05,REORDENAR,True
MASS3034,intermittent,C,0.85,305.0,0.0,0.0,0.0,,0.0,5.5,0.2222,2,11,10.428571428571429,0,0,0.0,0.0,5.3,16.0,0.05,OK,False
MASS1702,intermittent,C,0.85,3.0,4.341840659340659,4.341840659340659,0.0,,0.2894560439560439,6.5,0.4114,8,115,114.42857142857143,1,1,0.05,1.0,1.0,1.0,0.05,REORDENAR,True
MASS1783,sin_datos,C,0.85,0.0,0.0,0.0,0.0,,0.0,inf,,0,113,112.14285714285714,1,1,0.05,1.0,1.0,1.0,0.05,REORDENAR,True
MASS2520,sin_datos,C,0.85,0.0,2.6999999999999997,2.6999999999999997,0.0,,0.18,20.0,,1,20,19.428571428571427,1,1,0.05,1.0,1.0,1.0,0.05,REORDENAR,True
MASS2198,lumpy,C,0.85,0.0,8.764285714285714,8.764285714285714,0.0,,0.5842857142857143,3.5,1.3655,12,42,41.142857142857146,1,500,0.099792,250.0,0.5,500.0,0.099792,REORDENAR,True
MASS0376,sin_datos,C,0.85,0.0,0.0,0.0,0.0,,0.0,inf,,0,138,137.42857142857142,1,200,0.05,262.0,1.31,200.0,0.05,REORDENAR,True
MASS1704,lumpy,C,0.85,0.0,5.697115384615384,5.697115384615384,0.0,,0.3798076923076923,3.714,0.9466,14,115,114.42857142857143,1,1,0.05,1.0,1.0,1.0,0.05,REORDENAR,True
MASS2262,lumpy,C,0.85,0.0,4.395348837209301,4.395348837209301,0.0,,0.29302325581395344,3.909,0.5737,11,43,42.142857142857146,1,1,0.05,1.0,1.0,1.0,0.05,REORDENAR,True
MASS1261,sin_datos,C,0.85,0.0,0.0,0.0,0.0,,0.0,inf,,0,127,126.57142857142857,1,1,0.05,1.0,1.0,1.0,0.05,REORDENAR,True
MASS2680,sin_datos,C,0.85,20.0,0.0,0.0,0.0,,0.0,12.0,,1,12,11.285714285714286,0,0,0.0,0.0,1.0,1.0,0.05,OK,False
MASS1603,sin_datos,C,0.85,0.0,0.0,0.0,0.0,,0.0,inf,,0,125,123.85714285714286,1,1,0.05,1.8,1.8,1.0,0.05,REORDENAR,True
MASS1105,sin_datos,C,0.85,0.0,0.0,0.0,0.0,,0.0,inf,,0,141,140.42857142857142,1,1,0.05,1.0,1.0,1.0,0.05,REORDENAR,True
MASS0174,sin_datos,C,0.85,0.0,0.0,0.0,0.0,,0.0,inf,,0,125,123.85714285714286,1,200,0.05,200.0,1.0,200.0,0.05,REORDENAR,True
MASS2535,sin_datos,C,0.85,0.0,1.3499999999999999,1.3499999999999999,0.0,,0.09,20.0,,1,20,19.428571428571427,1,1,0.05,1.0,1.0,1.0,0.05,REORDENAR,True
MASS0373,sin_datos,C,0.85,0.0,0.0,0.0,0.0,,0.0,inf,,0,138,137.42857142857142,1,200,0.05,262.0,1.31,200.0,0.05,REORDENAR,True
MASS1460,sin_datos,C,0.85,0.0,0.0,0.0,0.0,,0.0,inf,,0,139,138.14285714285714,1,200,0.04536,104.0,0.52,200.0,0.04536,REORDENAR,True
MASS1529,sin_datos,C,0.85,0.0,0.0,0.0,0.0,,0.0,inf,,0,125,123.85714285714286,1,1,0.05,1.0,1.0,1.0,0.05,REORDENAR,True
MASS2312,erratic,C,0.85,141.0,94.8286758914389,49.949999999999996,44.87867589143892,,3.3299999999999996,1.071,4.5473,28,30,29.571428571428573,0,0,0.0,0.0,0.15,300.0,0.023345,OK,False
MASS1259,lumpy,C,0.85,0.0,3.856034482758621,3.856034482758621,0.0,,0.2570689655172414,7.25,0.9451,4,29,28.714285714285715,1,40,0.04565356,108.0,2.7,40.0,0.04565356,REORDENAR,True
MASS0272,lumpy,C,0.85,0.0,1.073076923076923,1.073076923076923,0.0,,0.07153846153846154,13.0,0.6548,4,96,95.42857142857143,1,1,0.05,1.0,1.0,1.0,0.05,REORDENAR,True
MASS0844,intermittent,C,0.85,0.0,1.6802394034536892,1.6802394034536892,0.0,,0.11201596023024595,13.0,0.2993,4,98,96.85714285714286,1,1,0.05,1.0,1.0,1.0,0.05,REORDENAR,True
MASS0972,sin_datos,C,0.85,0.0,0.0,0.0,0.0,,0.0,inf,,0,120,119.42857142857143,1,1,0.05,1.0,1.0,1.0,0.05,REORDENAR,True
MASS0746,intermittent,C,0.85,1.0,2.966564685314685,2.966564685314685,0.0,,0.197770979020979,5.778,0.1302,9,117,115.85714285714286,1,1,0.05,1.0,1.0,1.0,0.05,REORDENAR,True
MASS2258,lumpy,C,0.85,0.0,3.5324999999999993,3.5324999999999993,0.0,,0.23549999999999996,3.077,0.512,13,40,39.285714285714285,1,100,0.036,145.0,1.45,100.0,0.036,REORDENAR,True
MASS2690,intermittent,C,0.85,128.0,0.0,0.0,0.0,,0.0,3.5,0.0473,2,7,6.142857142857143,0,0,0.0,0.0,1.0,1.0,0.05,OK,False
MASS0304,lumpy,C,0.85,1.0,0.25096153846153846,0.25096153846153846,0.0,,0.01673076923076923,26.0,0.5,2,93,92.57142857142857,0,0,0.0,0.0,1.0,1.0,0.05,OK,False
MASS2285,intermittent,C,0.85,0.0,2.4724218749999998,2.4724218749999998,0.0,,0.164828125,5.714,0.3958,7,40,39.285714285714285,1,1,0.05,1.0,1.0,1.0,0.05,REORDENAR,True
MASS2284,lumpy,C,0.85,34.0,1.125,1.125,0.0,,0.075,6.5,1.2397,6,39,38.714285714285715,0,0,0.0,0.0,4.55,50.0,0.031768,OK,False
MASS2013,sin_datos,C,0.85,0.0,0.0,0.0,0.0,,0.0,inf,,0,68,67.71428571428571,1,1,0.05,1.0,1.0,1.0,0.05,REORDENAR,True
MASS1572,sin_datos,C,0.85,0.0,0.0,0.0,0.0,,0.0,inf,,0,128,127.28571428571429,1,1,0.05,1.0,1.0,1.0,0.05,REORDENAR,True
MASS2534,sin_datos,C,0.85,0.0,1.3499999999999999,1.3499999999999999,0.0,,0.09,20.0,,1,20,19.428571428571427,1,1,0.05,1.0,1.0,1.0,0.05,REORDENAR,True
MASS2558,sin_datos,C,0.85,0.0,1.3499999999999999,1.3499999999999999,0.0,,0.09,20.0,,1,20,19.428571428571427,1,1,0.05,1.0,1.0,1.0,0.05,REORDENAR,True
MASS1279,sin_datos,C,0.85,0.0,0.0,0.0,0.0,,0.0,inf,,0,128,127.28571428571429,1,1,0.05,1.0,1.0,1.0,0.05,REORDENAR,True
MASS0970,sin_datos,C,0.85,0.0,0.0,0.0,0.0,,0.0,inf,,0,99,98.28571428571429,1,1,0.05,1.0,1.0,1.0,0.05,REORDENAR,True
MASS0987,sin_datos,C,0.85,0.0,0.0,0.0,0.0,,0.0,inf,,0,108,106.85714285714286,1,1,0.05,1.0,1.0,1.0,0.05,REORDENAR,True
MASS1940,intermittent,C,0.85,0.0,1.1695054945054941,1.1695054945054941,0.0,,0.07796703296703295,6.5,0.1981,8,71,70.28571428571429,1,100,0.0375,75.0,0.75,100.0,0.0375,REORDENAR,True
MASS1938,intermittent,C,0.85,0.0,0.4326923076923077,0.4326923076923077,0.0,,0.028846153846153848,10.4,0.0,5,71,70.28571428571429,1,100,0.0375,75.0,0.75,100.0,0.0375,REORDENAR,True
MASS1573,sin_datos,C,0.85,0.0,0.0,0.0,0.0,,0.0,inf,,0,128,126.85714285714286,1,1,0.05,1.0,1.0,1.0,0.05,REORDENAR,True
MASS1110,intermittent,C,0.85,0.0,0.7469551282051283,0.7469551282051283,0.0,,0.04979700854700855,13.0,0.0494,4,117,116.14285714285714,1,1,0.05,1.0,1.0,1.0,0.05,REORDENAR,True
MASS3029,lumpy,C,0.85,185.0,19.636363636363633,19.636363636363633,0.0,,1.3090909090909089,3.667,0.84,3,11,10.142857142857142,0,0,0.0,0.0,5.77,10.0,0.05,OK,False
MASS2527,sin_datos,C,0.85,0.0,1.3499999999999999,1.3499999999999999,0.0,,0.09,20.0,,1,20,19.428571428571427,1,1,0.05,1.0,1.0,1.0,0.05,REORDENAR,True
MASS3005,lumpy,C,0.85,187.0,11.25,11.25,0.0,,0.75,2.5,0.5799,2,5,4.571428571428571,0,0,0.0,0.0,4.74,10.0,0.05,OK,False
MASS0649,lumpy,C,0.85,0.0,0.0,0.0,0.0,,0.0,6.0,0.5,2,12,11.142857142857142,1,1,0.05,1.0,1.0,1.0,0.05,REORDENAR,True
MASS1609,intermittent,C,0.85,25.0,3.541280148423006,3.541280148423006,0.0,,0.23608534322820038,4.333,0.1113,12,125,123.85714285714286,0,0,0.0,0.0,0.35,400.0,0.05,OK,False
MASS2260,intermittent,C,0.85,0.0,2.544729488703924,2.544729488703924,0.0,,0.16964863258026158,3.077,0.4071,13,40,39.285714285714285,1,100,0.036,145.0,1.45,100.0,0.036,REORDENAR,True
MASS0712,sin_datos,C,0.85,0.0,0.0,0.0,0.0,,0.0,inf,,0,83,82.57142857142857,1,1,0.05,1.0,1.0,1.0,0.05,REORDENAR,True
MASS2444,intermittent,C,0.85,1.0,5.692945317282187,5.692945317282187,0.0,,0.37952968781881247,3.222,0.253,9,29,28.428571428571427,1,1,0.05,1.0,1.0,1.0,0.05,REORDENAR,True
MASS2594,lumpy,C,0.85,66.0,41.25,41.25,0.0,,2.75,2.0,0.6556,10,20,19.571428571428573,0,0,0.0,0.0,0.85,100.0,0.062868,OK,False
MASS0064,sin_datos,C,0.85,0.0,0.0,0.0,0.0,,0.0,inf,,0,129,128.42857142857142,1,1,0.05,1.0,1.0,1.0,0.05,REORDENAR,True
MASS0136,sin_datos,C,0.85,0.0,0.0,0.0,0.0,,0.0,inf,,0,119,118.14285714285714,1,1,0.05,1.0,1.0,1.0,0.05,REORDENAR,True
MASS2283,lumpy,C,0.85,35.0,3.4615384615384617,3.4615384615384617,0.0,,0.23076923076923078,7.8,1.25,5,39,38.714285714285715,0,0,0.0,0.0,4.55,50.0,0.031768,OK,False
MASS3050,lumpy,C,0.85,525.0,12.075,12.075,0.0,,0.8049999999999999,2.0,0.835,8,16,15.428571428571429,0,0,0.0,0.0,1.1,70.0,0.05,OK,False
MASS0245,intermittent,C,0.85,1.0,0.48076923076923084,0.48076923076923084,0.0,,0.032051282051282055,13.0,0.1481,4,98,97.42857142857143,0,0,0.0,0.0,1.0,1.0,0.05,OK,False
MASS2579,sin_datos,C,0.85,0.0,0.6749999999999999,0.6749999999999999,0.0,,0.045,20.0,,1,20,19.428571428571427,1,1,0.05,1.0,1.0,1.0,0.05,REORDENAR,True
MASS1317,sin_datos,C,0.85,0.0,0.0,0.0,0.0,,0.0,inf,,0,141,140.42857142857142,1,1,0.05,1.0,1.0,1.0,0.05,REORDENAR,True
MASS1114,intermittent,C,0.85,0.0,0.22692307692307692,0.22692307692307692,0.0,,0.015128205128205128,26.0,0.2222,2,124,122.85714285714286,1,1,0.05,1.0,1.0,1.0,0.05,REORDENAR,True
MASS2077,lumpy,C,0.85,8.0,4.553571428571428,4.553571428571428,0.0,,0.30357142857142855,3.818,1.4504,11,42,41.142857142857146,0,0,0.0,0.0,1.0,100.0,0.025,OK,False
MASS1154,lumpy,C,0.85,86.0,5.4375,5.4375,0.0,,0.3625,8.667,0.8562,6,125,123.85714285714286,0,0,0.0,0.0,1.0,1.0,0.05,OK,False
MASS3052,lumpy,C,0.85,530.0,26.531249999999996,26.531249999999996,0.0,,1.7687499999999998,1.455,0.5671,11,16,15.428571428571429,0,0,0.0,0.0,1.1,70.0,0.05,OK,False
MASS1495,sin_datos,C,0.85,0.0,0.0,0.0,0.0,,0.0,inf,,0,124,123.28571428571429,1,1,0.05,1.0,1.0,1.0,0.05,REORDENAR,True
MASS2450,intermittent,C,0.85,68.0,1.8900000000000001,1.8900000000000001,0.0,,0.126,4.667,0.432,6,28,27.714285714285715,0,0,0.0,0.0,1.0,1.0,0.05,OK,False
MASS1167,sin_datos,C,0.85,0.0,0.0,0.0,0.0,,0.0,inf,,0,141,140.28571428571428,1,1,0.05,1.0,1.0,1.0,0.05,REORDENAR,True
MASS2266,lumpy,C,0.85,0.0,5.357142857142856,5.357142857142856,0.0,,0.35714285714285704,3.231,1.8627,13,42,41.142857142857146,1,1,0.05,1.0,1.0,1.0,0.05,REORDENAR,True
MASS2547,sin_datos,C,0.85,0.0,1.3499999999999999,1.3499999999999999,0.0,,0.09,20.0,,1,20,19.428571428571427,1,1,0.05,1.0,1.0,1.0,0.05,REORDENAR,True
MASS3031,lumpy,C,0.85,307.0,3.921428571428571,3.921428571428571,0.0,,0.2614285714285714,4.667,1.2959,3,14,13.714285714285714,0,0,0.0,0.0,5.3,16.0,0.05,OK,False
MASS0471,sin_datos,C,0.85,0.0,0.0,0.0,0.0,,0.0,inf,,0,88,87.71428571428571,1,1,0.05,1.0,1.0,1.0,0.05,REORDENAR,True
MASS2729,lumpy,C,0.85,116.0,44.71874999999999,44.71874999999999,0.0,,2.9812499999999997,2.0,1.5022,2,4,3.4285714285714284,0,0,0.0,0.0,2.3,75.0,0.0594,OK,False
MASS2784,intermittent,C,0.85,64.0,20.0,20.0,0.0,,1.3333333333333333,1.5,0.0,2,3,2.7142857142857144,0,0,0.0,0.0,1.0,1.0,0.05,OK,False
MASS0212,sin_datos,C,0.85,0.0,0.0,0.0,0.0,,0.0,inf,,0,135,134.42857142857142,1,1,0.05,1.0,1.0,1.0,0.05,REORDENAR,True
MASS2270,lumpy,C,0.85,0.0,4.066071428571428,4.066071428571428,0.0,,0.2710714285714285,3.0,2.1695,14,42,41.142857142857146,1,1,0.05,1.0,1.0,1.0,0.05,REORDENAR,True
MASS0967,lumpy,C,0.85,0.0,1.0081730769230766,1.0081730769230766,0.0,,0.06721153846153843,5.2,0.5325,10,78,77.28571428571429,1,1,0.05,1.0,1.0,1.0,0.05,REORDENAR,True
MASS1385,sin_datos,C,0.85,0.0,0.0,0.0,0.0,,0.0,inf,,0,99,98.42857142857143,1,1,0.05,1.0,1.0,1.0,0.05,REORDENAR,True
MASS2267,lumpy,C,0.85,0.0,4.703571428571427,4.703571428571427,0.0,,0.3135714285714285,3.0,2.0415,14,42,41.142857142857146,1,1,0.05,1.0,1.0,1.0,0.05,REORDENAR,True
MASS2269,lumpy,C,0.85,0.0,3.1821428571428534,3.1821428571428534,0.0,,0.21214285714285688,2.211,2.7618,19,42,41.142857142857146,1,1,0.05,1.0,1.0,1.0,0.05,REORDENAR,True
MASS2111,lumpy,C,0.85,222.0,19.18928571428571,19.18928571428571,0.0,,1.279285714285714,3.5,4.6612,12,42,41.142857142857146,0,0,0.0,0.0,0.22,100.0,0.0432,OK,False
MASS1516,sin_datos,C,0.85,0.0,0.0,0.0,0.0,,0.0,inf,,0,129,128.42857142857142,1,1,0.05,1.0,1.0,1.0,0.05,REORDENAR,True
MASS2596,lumpy,C,0.85,49.0,38.10882352941176,38.10882352941176,0.0,,2.540588235294117,2.429,2.2401,7,17,16.714285714285715,0,0,0.0,0.0,0.68,200.0,0.11628,OK,False
MASS2265,lumpy,C,0.85,18.0,5.96785714285714,5.96785714285714,0.0,,0.3978571428571427,3.231,2.4074,13,42,41.142857142857146,0,0,0.0,0.0,1.0,1.0,0.05,OK,False
MASS1510,lumpy,C,0.85,2.0,0.9865384615384614,0.9865384615384614,0.0,,0.06576923076923076,10.4,0.8333,5,135,134.42857142857142,0,0,0.0,0.0,1.0,1.0,0.05,OK,False
MASS2683,sin_datos,C,0.85,11.0,2.142857142857143,2.142857142857143,0.0,,0.14285714285714285,3.0,,1,3,2.7142857142857144,0,0,0.0,0.0,1.0,1.0,0.05,OK,False
MASS0007,sin_datos,C,0.85,0.0,0.0,0.0,0.0,,0.0,inf,,0,75,74.42857142857143,1,1,0.05,1.0,1.0,1.0,0.05,REORDENAR,True
MASS0432,sin_datos,C,0.85,0.0,0.0,0.0,0.0,,0.0,inf,,0,80,79.14285714285714,1,1,0.05,1.0,1.0,1.0,0.05,REORDENAR,True
MASS0048,sin_datos,C,0.85,0.0,0.0,0.0,0.0,,0.0,inf,,0,141,140.28571428571428,1,1,0.05,1.0,1.0,1.0,0.05,REORDENAR,True
MASS0473,sin_datos,C,0.85,0.0,0.0,0.0,0.0,,0.0,inf,,0,88,87.71428571428571,1,1,0.05,1.0,1.0,1.0,0.05,REORDENAR,True
MASS0082,sin_datos,C,0.85,0.0,0.0,0.0,0.0,,0.0,inf,,0,90,89.14285714285714,1,1,0.05,1.0,1.0,1.0,0.05,REORDENAR,True
MASS2533,sin_datos,C,0.85,0.0,0.6749999999999999,0.6749999999999999,0.0,,0.045,20.0,,1,20,19.428571428571427,1,1,0.05,1.0,1.0,1.0,0.05,REORDENAR,True
MASS0725,sin_datos,C,0.85,0.0,0.5192307692307693,0.5192307692307693,0.0,,0.03461538461538462,52.0,,1,115,114.14285714285714,1,1,0.05,1.0,1.0,1.0,0.05,REORDENAR,True
MASS1534,intermittent,C,0.85,30.0,3.1322636929145804,3.1322636929145804,0.0,,0.20881757952763869,5.2,0.2696,10,125,123.85714285714286,0,0,0.0,0.0,0.35,400.0,0.05,OK,False
MASS0871,intermittent,C,0.85,0.0,0.17307692307692307,0.17307692307692307,0.0,,0.011538461538461539,26.0,0.0,2,127,126.57142857142857,1,1,0.05,1.0,1.0,1.0,0.05,REORDENAR,True
MASS2539,sin_datos,C,0.85,0.0,1.3499999999999999,1.3499999999999999,0.0,,0.09,20.0,,1,20,19.428571428571427,1,1,0.05,1.0,1.0,1.0,0.05,REORDENAR,True
MASS2538,sin_datos,C,0.85,0.0,1.3499999999999999,1.3499999999999999,0.0,,0.09,20.0,,1,20,19.428571428571427,1,1,0.05,1.0,1.0,1.0,0.05,REORDENAR,True
MASS2537,sin_datos,C,0.85,0.0,1.3499999999999999,1.3499999999999999,0.0,,0.09,20.0,,1,20,19.428571428571427,1,1,0.05,1.0,1.0,1.0,0.05,REORDENAR,True
MASS1391,sin_datos,C,0.85,0.0,0.0,0.0,0.0,,0.0,inf,,0,99,98.42857142857143,1,1,0.05,1.0,1.0,1.0,0.05,REORDENAR,True
MASS1485,sin_datos,C,0.85,0.0,0.0,0.0,0.0,,0.0,inf,,0,84,82.85714285714286,1,1,0.05,1.0,1.0,1.0,0.05,REORDENAR,True
MASS1260,sin_datos,C,0.85,0.0,0.0,0.0,0.0,,0.0,inf,,0,100,98.85714285714286,1,1,0.05,1.0,1.0,1.0,0.05,REORDENAR,True
MASS1338,sin_datos,C,0.85,0.0,0.0,0.0,0.0,,0.0,inf,,0,137,136.57142857142858,1,1,0.05,1.0,1.0,1.0,0.05,REORDENAR,True
MASS2518,sin_datos,C,0.85,0.0,1.3499999999999999,1.3499999999999999,0.0,,0.09,20.0,,1,20,19.428571428571427,1,1,0.05,1.0,1.0,1.0,0.05,REORDENAR,True
MASS2682,sin_datos,C,0.85,7.0,2.977941176470588,2.977941176470588,0.0,,0.19852941176470584,4.0,,1,4,3.2857142857142856,0,0,0.0,0.0,1.0,1.0,0.05,OK,False
MASS2681,sin_datos,C,0.85,7.0,2.977941176470588,2.977941176470588,0.0,,0.19852941176470584,4.0,,1,4,3.2857142857142856,0,0,0.0,0.0,1.0,1.0,0.05,OK,False
MASS1337,sin_datos,C,0.85,0.0,0.0,0.0,0.0,,0.0,inf,,0,137,136.57142857142858,1,1,0.05,1.0,1.0,1.0,0.05,REORDENAR,True
MASS2257,lumpy,C,0.85,0.0,0.2437499999999998,0.2437499999999998,0.0,,0.016249999999999987,3.636,0.6428,11,40,39.285714285714285,1,100,0.036,145.0,1.45,100.0,0.036,REORDENAR,True
MASS2255,intermittent,C,0.85,29.0,4.646591796875,4.646591796875,0.0,,0.30977278645833334,8.0,0.2474,5,40,39.285714285714285,0,0,0.0,0.0,2.25,50.0,0.028,OK,False
MASS2679,intermittent,C,0.85,19.0,0.0,0.0,0.0,,0.0,6.0,0.2222,2,12,11.285714285714286,0,0,0.0,0.0,1.0,1.0,0.05,OK,False
MASS0770,sin_datos,C,0.85,0.0,0.0,0.0,0.0,,0.0,inf,,0,140,139.28571428571428,1,1,0.05,1.0,1.0,1.0,0.05,REORDENAR,True
MASS2714,erratic,C,0.85,17.0,64.04084665476866,48.843749999999986,15.197096654768666,,3.256249999999999,1.0,0.7078,4,4,3.4285714285714284,1,350,0.068172,700.0,2.0,350.0,0.068172,REORDENAR,True
MASS2561,sin_datos,C,0.85,0.0,1.3499999999999999,1.3499999999999999,0.0,,0.09,20.0,,1,20,19.428571428571427,1,1,0.05,1.0,1.0,1.0,0.05,REORDENAR,True
MASS1705,sin_datos,C,0.85,0.0,0.0,0.0,0.0,,0.0,inf,,0,115,114.42857142857143,1,1,0.05,1.0,1.0,1.0,0.05,REORDENAR,True
MASS2560,sin_datos,C,0.85,0.0,1.3499999999999999,1.3499999999999999,0.0,,0.09,20.0,,1,20,19.428571428571427,1,1,0.05,1.0,1.0,1.0,0.05,REORDENAR,True
MASS1097,sin_datos,C,0.85,0.0,0.0,0.0,0.0,,0.0,inf,,0,128,127.28571428571429,1,1,0.05,1.0,1.0,1.0,0.05,REORDENAR,True
MASS2718,intermittent,C,0.85,0.0,88.40129999999999,88.40129999999999,0.0,,5.89342,1.333,0.0912,3,4,3.4285714285714284,1,350,0.068172,700.0,2.0,350.0,0.068172,REORDENAR,True
MASS0940,sin_datos,C,0.85,0.0,0.08653846153846154,0.08653846153846154,0.0,,0.0057692307692307696,52.0,,1,123,122.71428571428571,1,1,0.05,1.0,1.0,1.0,0.05,REORDENAR,True
MASS1957,lumpy,C,0.85,15.0,1.7307692307692308,1.7307692307692308,0.0,,0.11538461538461539,7.429,0.7117,7,71,70.28571428571429,0,0,0.0,0.0,1.08,50.0,0.00125,OK,False
MASS1116,sin_datos,C,0.85,0.0,0.0,0.0,0.0,,0.0,inf,,0,124,122.85714285714286,1,1,0.05,1.0,1.0,1.0,0.05,REORDENAR,True
MASS0056,sin_datos,C,0.85,0.0,0.0,0.0,0.0,,0.0,inf,,0,135,134.14285714285714,1,100,0.0175,70.0,0.7,100.0,0.0175,REORDENAR,True
MASS0462,lumpy,C,0.85,0.0,0.4197115384615384,0.4197115384615384,0.0,,0.027980769230769226,26.0,0.72,2,78,77.28571428571429,1,60,0.140562,58.8,0.98,60.0,0.140562,REORDENAR,True
MASS2569,sin_datos,C,0.85,0.0,1.3499999999999999,1.3499999999999999,0.0,,0.09,20.0,,1,20,19.428571428571427,1,1,0.05,1.0,1.0,1.0,0.05,REORDENAR,True
MASS0941,sin_datos,C,0.85,0.0,0.0,0.0,0.0,,0.0,inf,,0,89,88.28571428571429,1,1,0.05,1.0,1.0,1.0,0.05,REORDENAR,True
MASS3010,sin_datos,C,0.85,190.0,0.0,0.0,0.0,,0.0,5.0,,1,5,4.142857142857143,0,0,0.0,0.0,5.62,10.0,0.05,OK,False
MASS0375,sin_datos,C,0.85,0.0,0.17307692307692307,0.17307692307692307,0.0,,0.011538461538461539,52.0,,1,115,114.42857142857143,1,1,0.05,1.0,1.0,1.0,0.05,REORDENAR,True
MASS0720,sin_datos,C,0.85,0.0,0.0,0.0,0.0,,0.0,inf,,0,75,73.85714285714286,1,1,0.05,1.0,1.0,1.0,0.05,REORDENAR,True
MASS2577,sin_datos,C,0.85,0.0,0.6749999999999999,0.6749999999999999,0.0,,0.045,20.0,,1,20,19.428571428571427,1,1,0.05,1.0,1.0,1.0,0.05,REORDENAR,True
MASS1608,intermittent,C,0.85,37.0,2.307692307692308,2.307692307692308,0.0,,0.15384615384615385,6.5,0.0,8,125,123.85714285714286,0,0,0.0,0.0,0.35,400.0,0.05,OK,False
MASS0595,sin_datos,C,0.85,4.0,7.444852941176469,7.444852941176469,0.0,,0.4963235294117646,4.0,,1,4,3.2857142857142856,1,90,0.1598,990.0,11.0,90.0,0.1598,REORDENAR,True
MASS1112,sin_datos,C,0.85,0.0,0.0,0.0,0.0,,0.0,inf,,0,124,122.85714285714286,1,1,0.05,1.0,1.0,1.0,0.05,REORDENAR,True
MASS2715,intermittent,C,0.85,2.0,84.22967863894141,84.22967863894141,0.0,,5.61531190926276,2.0,0.034,2,4,3.4285714285714284,1,350,0.068172,700.0,2.0,350.0,0.068172,REORDENAR,True
MASS2716,intermittent,C,0.85,27.0,68.09936200378073,68.09936200378073,0.0,,4.539957466918715,1.333,0.414,3,4,3.4285714285714284,1,350,0.068172,700.0,2.0,350.0,0.068172,REORDENAR,True
MASS1190,sin_datos,C,0.85,0.0,0.0,0.0,0.0,,0.0,inf,,0,141,140.28571428571428,1,1,0.05,1.0,1.0,1.0,0.05,REORDENAR,True
MASS1446,sin_datos,C,0.85,0.0,0.0,0.0,0.0,,0.0,inf,,0,135,134.42857142857142,1,1,0.05,1.0,1.0,1.0,0.05,REORDENAR,True
MASS0403,sin_datos,C,0.85,0.0,0.0,0.0,0.0,,0.0,inf,,0,130,129.42857142857142,1,1,0.05,1.0,1.0,1.0,0.05,REORDENAR,True
MASS2259,lumpy,C,0.85,0.0,5.1675,5.1675,0.0,,0.34450000000000003,4.444,0.5402,9,40,39.285714285714285,1,100,0.036,145.0,1.45,100.0,0.036,REORDENAR,True
MASS2076,lumpy,C,0.85,13.0,3.9857142857142853,3.9857142857142853,0.0,,0.2657142857142857,6.0,1.2227,7,42,41.142857142857146,0,0,0.0,0.0,1.0,100.0,0.025,OK,False
MASS1393,sin_datos,C,0.85,1.0,0.0,0.0,0.0,,0.0,inf,,0,117,116.57142857142857,0,0,0.0,0.0,1.0,1.0,0.05,OK,False
MASS3051,lumpy,C,0.85,541.0,16.285714285714285,16.285714285714285,0.0,,1.0857142857142856,2.8,0.6717,5,14,13.714285714285714,0,0,0.0,0.0,1.1,70.0,0.05,OK,False
MASS0685,sin_datos,C,0.85,0.0,0.0,0.0,0.0,,0.0,inf,,0,84,83.57142857142857,1,1,0.05,1.0,1.0,1.0,0.05,REORDENAR,True
MASS1096,sin_datos,C,0.85,0.0,0.08653846153846154,0.08653846153846154,0.0,,0.0057692307692307696,52.0,,1,128,127.28571428571429,1,1,0.05,1.0,1.0,1.0,0.05,REORDENAR,True
MASS2254,intermittent,C,0.85,29.0,2.346298828125,2.346298828125,0.0,,0.156419921875,8.0,0.2474,5,40,39.285714285714285,0,0,0.0,0.0,1.8,50.0,0.0252,OK,False
MASS1192,intermittent,C,0.85,0.0,0.5325443786982249,0.5325443786982249,0.0,,0.03550295857988166,8.667,0.4615,6,96,95.71428571428571,1,1,0.05,1.0,1.0,1.0,0.05,REORDENAR,True
MASS0624,sin_datos,C,0.85,0.0,0.0,0.0,0.0,,0.0,inf,,0,99,97.85714285714286,1,1,0.05,1.0,1.0,1.0,0.05,REORDENAR,True
MASS2595,intermittent,C,0.85,19.0,13.881818181818183,13.881818181818183,0.0,,0.9254545454545455,3.333,0.3174,6,20,19.571428571428573,0,0,0.0,0.0,0.85,100.0,0.062868,OK,False
MASS2790,smooth,C,0.85,13.0,229.25475774872314,204.0,25.254757748723144,,13.6,1.0,0.2094,4,4,3.4285714285714284,1,432,0.051984,56.160000000000004,0.13,432.0,0.051984,REORDENAR,True
MASS1703,intermittent,C,0.85,10.0,0.46706730769230764,0.46706730769230764,0.0,,0.03113782051282051,10.4,0.1389,5,115,114.42857142857143,0,0,0.0,0.0,1.0,1.0,0.05,OK,False
MASS1770,sin_datos,C,0.85,0.0,0.0,0.0,0.0,,0.0,inf,,0,113,112.14285714285714,1,1,0.05,1.0,1.0,1.0,0.05,REORDENAR,True
MASS2532,sin_datos,C,0.85,0.0,0.6749999999999999,0.6749999999999999,0.0,,0.045,20.0,,1,20,19.428571428571427,1,1,0.05,1.0,1.0,1.0,0.05,REORDENAR,True
MASS0206,intermittent,C,0.85,1.0,0.09782608695652173,0.09782608695652173,0.0,,0.006521739130434782,23.0,0.0,2,46,45.57142857142857,0,0,0.0,0.0,1.0,1.0,0.05,OK,False
MASS1115,sin_datos,C,0.85,1.0,0.0,0.0,0.0,,0.0,inf,,0,124,122.85714285714286,0,0,0.0,0.0,1.0,1.0,0.05,OK,False
MASS0929,sin_datos,C,0.85,0.0,0.0,0.0,0.0,,0.0,inf,,0,79,78.28571428571429,1,1,0.05,1.0,1.0,1.0,0.05,REORDENAR,True
MASS0308,sin_datos,C,0.85,0.0,0.0,0.0,0.0,,0.0,inf,,0,94,93.57142857142857,1,1,0.05,1.0,1.0,1.0,0.05,REORDENAR,True
MASS0981,sin_datos,C,0.85,0.0,0.0,0.0,0.0,,0.0,inf,,0,77,75.85714285714286,1,1,0.05,1.0,1.0,1.0,0.05,REORDENAR,True
MASS1002,sin_datos,C,0.85,0.0,0.0,0.0,0.0,,0.0,inf,,0,94,93.57142857142857,1,1,0.05,1.0,1.0,1.0,0.05,REORDENAR,True
MASS2240,intermittent,C,0.85,40.0,1.0692,1.0692,0.0,,0.07128,20.0,0.08,2,40,39.285714285714285,0,0,0.0,0.0,4.55,50.0,0.031768,OK,False
MASS0485,sin_datos,C,0.85,0.0,0.0,0.0,0.0,,0.0,inf,,0,68,67.71428571428571,1,1,0.05,1.0,1.0,1.0,0.05,REORDENAR,True
MASS2209,lumpy,C,0.85,29.0,1.0799999999999998,1.0799999999999998,0.0,,0.072,12.5,0.5926,4,50,48.857142857142854,0,0,0.0,0.0,1.0,1.0,0.05,OK,False
MASS2797,smooth,C,0.85,20.0,204.93418720541783,181.875,23.059187205417825,,12.125,1.0,0.2112,4,4,3.4285714285714284,1,432,0.051984,56.160000000000004,0.13,432.0,0.051984,REORDENAR,True
MASS0100,sin_datos,C,0.85,0.0,0.0,0.0,0.0,,0.0,inf,,0,97,96.71428571428571,1,1,0.05,1.0,1.0,1.0,0.05,REORDENAR,True
MASS3059,lumpy,C,0.85,544.0,13.799999999999997,13.799999999999997,0.0,,0.9199999999999998,3.0,2.3633,5,15,14.571428571428571,0,0,0.0,0.0,1.1,70.0,0.05,OK,False
MASS0410,sin_datos,C,0.85,0.0,0.0,0.0,0.0,,0.0,inf,,0,90,89.57142857142857,1,1,0.05,1.0,1.0,1.0,0.05,REORDENAR,True
MASS0140,intermittent,C,0.85,0.0,0.423,0.423,0.0,,0.0282,16.667,0.12,3,50,49.57142857142857,1,1,0.05,1.0,1.0,1.0,0.05,REORDENAR,True
MASS3045,intermittent,C,0.85,625.0,11.986249999999998,11.986249999999998,0.0,,0.7990833333333333,4.0,0.0178,4,16,15.142857142857142,0,0,0.0,0.0,1.67,80.0,0.05,OK,False
MASS1109,sin_datos,C,0.85,0.0,0.0,0.0,0.0,,0.0,inf,,0,124,122.85714285714286,1,1,0.05,1.0,1.0,1.0,0.05,REORDENAR,True
MASS0244,sin_datos,C,0.85,0.0,0.0,0.0,0.0,,0.0,inf,,0,99,98.57142857142857,1,1,0.05,1.0,1.0,1.0,0.05,REORDENAR,True
MASS1394,sin_datos,C,0.85,0.0,0.0,0.0,0.0,,0.0,inf,,0,117,116.57142857142857,1,1,0.05,1.0,1.0,1.0,0.05,REORDENAR,True
MASS3055,intermittent,C,0.85,545.0,5.833333333333333,5.833333333333333,0.0,,0.3888888888888889,2.4,0.4444,5,12,11.285714285714286,0,0,0.0,0.0,1.1,70.0,0.05,OK,False
MASS0344,intermittent,C,0.85,32.0,0.3861346153846153,0.3861346153846153,0.0,,0.025742307692307686,13.0,0.16,4,76,74.85714285714286,0,0,0.0,0.0,1.0,1.0,0.05,OK,False
MASS2788,smooth,C,0.85,15.0,217.5229516193078,195.9375,21.585451619307804,,13.0625,1.0,0.1647,4,4,3.4285714285714284,1,432,0.051984,56.160000000000004,0.13,432.0,0.051984,REORDENAR,True
MASS0983,sin_datos,C,0.85,0.0,0.0,0.0,0.0,,0.0,inf,,0,114,113.14285714285714,1,1,0.05,1.0,1.0,1.0,0.05,REORDENAR,True
MASS1111,sin_datos,C,0.85,0.0,0.08653846153846154,0.08653846153846154,0.0,,0.0057692307692307696,52.0,,1,124,122.85714285714286,1,1,0.05,1.0,1.0,1.0,0.05,REORDENAR,True
MASS1034,sin_datos,C,0.85,0.0,0.08653846153846154,0.08653846153846154,0.0,,0.0057692307692307696,52.0,,1,89,88.28571428571429,1,1,0.05,1.0,1.0,1.0,0.05,REORDENAR,True
MASS2793,smooth,C,0.85,28.0,171.55941320737693,154.6875,16.871913207376938,,10.3125,1.0,0.1602,4,4,3.4285714285714284,1,432,0.051984,56.160000000000004,0.13,432.0,0.051984,REORDENAR,True
MASS0990,intermittent,C,0.85,0.0,0.2274338942307692,0.2274338942307692,0.0,,0.015162259615384614,17.333,0.1875,3,117,115.85714285714286,1,1,0.05,1.0,1.0,1.0,0.05,REORDENAR,True
MASS0740,sin_datos,C,0.85,0.0,0.0,0.0,0.0,,0.0,inf,,0,106,105.57142857142857,1,1,0.05,1.0,1.0,1.0,0.05,REORDENAR,True
MASS0966,intermittent,C,0.85,2.0,0.17307692307692307,0.17307692307692307,0.0,,0.011538461538461539,26.0,0.0,2,78,77.71428571428571,0,0,0.0,0.0,1.0,1.0,0.05,OK,False
MASS0690,intermittent,C,0.85,0.0,0.17307692307692307,0.17307692307692307,0.0,,0.011538461538461539,26.0,0.0,2,69,68.28571428571429,1,1,0.05,1.0,1.0,1.0,0.05,REORDENAR,True
MASS0617,intermittent,C,0.85,8.0,0.5695312499999999,0.5695312499999999,0.0,,0.037968749999999996,10.4,0.3125,5,55,54.57142857142857,0,0,0.0,0.0,1.0,1.0,0.05,OK,False
MASS0430,sin_datos,C,0.85,0.0,0.0,0.0,0.0,,0.0,inf,,0,80,79.14285714285714,1,1,0.05,1.0,1.0,1.0,0.05,REORDENAR,True
MASS0107,sin_datos,C,0.85,0.0,0.17307692307692307,0.17307692307692307,0.0,,0.011538461538461539,52.0,,1,97,95.85714285714286,1,1,0.05,1.0,1.0,1.0,0.05,REORDENAR,True
MASS1156,sin_datos,C,0.85,0.0,0.0,0.0,0.0,,0.0,inf,,0,141,140.28571428571428,1,1,0.05,1.0,1.0,1.0,0.05,REORDENAR,True
MASS1769,sin_datos,C,0.85,0.0,0.0,0.0,0.0,,0.0,inf,,0,113,112.14285714285714,1,1,0.05,1.0,1.0,1.0,0.05,REORDENAR,True
MASS3056,intermittent,C,0.85,548.0,9.529411764705884,9.529411764705884,0.0,,0.6352941176470589,2.833,0.2,6,17,16.428571428571427,0,0,0.0,0.0,1.1,70.0,0.05,OK,False
MASS0803,sin_datos,C,0.85,0.0,0.0,0.0,0.0,,0.0,inf,,0,115,114.42857142857143,1,1,0.05,1.0,1.0,1.0,0.05,REORDENAR,True
MASS1576,sin_datos,C,0.85,0.0,0.0,0.0,0.0,,0.0,inf,,0,127,126.14285714285714,1,1,0.05,1.0,1.0,1.0,0.05,REORDENAR,True
MASS2794,erratic,C,0.85,28.0,188.51081728206637,154.6875,33.82331728206636,,10.3125,1.0,0.644,4,4,3.4285714285714284,1,432,0.051984,56.160000000000004,0.13,432.0,0.051984,REORDENAR,True
MASS0098,sin_datos,C,0.85,0.0,0.08653846153846154,0.08653846153846154,0.0,,0.0057692307692307696,52.0,,1,97,96.71428571428571,1,1,0.05,1.0,1.0,1.0,0.05,REORDENAR,True
MASS1048,sin_datos,C,0.85,0.0,0.0,0.0,0.0,,0.0,inf,,0,141,140.28571428571428,1,1,0.05,1.0,1.0,1.0,0.05,REORDENAR,True
MASS2449,intermittent,C,0.85,9.0,0.3103448275862069,0.3103448275862069,0.0,,0.020689655172413793,14.5,0.0,2,29,28.428571428571427,0,0,0.0,0.0,1.0,1.0,0.05,OK,False
MASS0436,sin_datos,C,0.85,0.0,0.0,0.0,0.0,,0.0,inf,,0,89,87.85714285714286,1,1,0.05,1.0,1.0,1.0,0.05,REORDENAR,True
MASS0302,sin_datos,C,0.85,0.0,0.0,0.0,0.0,,0.0,inf,,0,98,97.57142857142857,1,1,0.05,1.0,1.0,1.0,0.05,REORDENAR,True
MASS2717,lumpy,C,0.85,14.0,20.117647058823522,20.117647058823522,0.0,,1.3411764705882347,1.333,1.0661,3,4,3.4285714285714284,1,350,0.068172,700.0,2.0,350.0,0.068172,REORDENAR,True
MASS0978,sin_datos,C,0.85,0.0,0.0,0.0,0.0,,0.0,inf,,0,84,83.57142857142857,1,1,0.05,1.0,1.0,1.0,0.05,REORDENAR,True
MASS0965,intermittent,C,0.85,9.0,1.4423076923076923,1.4423076923076923,0.0,,0.09615384615384616,10.4,0.0,5,90,89.57142857142857,0,0,0.0,0.0,1.0,1.0,0.05,OK,False
MASS0849,sin_datos,C,0.85,0.0,0.0,0.0,0.0,,0.0,inf,,0,137,136.57142857142858,1,1,0.05,1.0,1.0,1.0,0.05,REORDENAR,True
MASS1300,sin_datos,C,0.85,0.0,0.0,0.0,0.0,,0.0,inf,,0,99,98.14285714285714,1,1,0.05,1.0,1.0,1.0,0.05,REORDENAR,True
MASS0313,sin_datos,C,0.85,0.0,0.0,0.0,0.0,,0.0,inf,,0,89,88.28571428571429,1,1,0.05,1.0,1.0,1.0,0.05,REORDENAR,True
MASS0121,sin_datos,C,0.85,0.0,0.0,0.0,0.0,,0.0,inf,,0,107,106.57142857142857,1,1,0.05,1.0,1.0,1.0,0.05,REORDENAR,True
MASS0431,sin_datos,C,0.85,0.0,0.0,0.0,0.0,,0.0,inf,,0,89,87.85714285714286,1,1,0.05,1.0,1.0,1.0,0.05,REORDENAR,True
MASS1113,sin_datos,C,0.85,1.0,0.0,0.0,0.0,,0.0,inf,,0,124,122.85714285714286,0,0,0.0,0.0,1.0,1.0,0.05,OK,False
MASS0760,sin_datos,C,0.85,0.0,0.0,0.0,0.0,,0.0,inf,,0,128,127.57142857142857,1,1,0.05,1.0,1.0,1.0,0.05,REORDENAR,True
MASS1577,sin_datos,C,0.85,0.0,0.0,0.0,0.0,,0.0,inf,,0,122,121.57142857142857,1,1,0.05,1.0,1.0,1.0,0.05,REORDENAR,True
MASS1780,sin_datos,C,0.85,0.0,0.0,0.0,0.0,,0.0,inf,,0,115,114.42857142857143,1,1,0.05,1.0,1.0,1.0,0.05,REORDENAR,True
MASS0775,sin_datos,C,0.85,0.0,0.0,0.0,0.0,,0.0,inf,,0,119,118.14285714285714,1,1,0.05,1.0,1.0,1.0,0.05,REORDENAR,True
MASS1729,sin_datos,C,0.85,0.0,0.0,0.0,0.0,,0.0,inf,,0,115,114.42857142857143,1,1,0.05,1.0,1.0,1.0,0.05,REORDENAR,True
MASS1084,sin_datos,C,0.85,0.0,0.0,0.0,0.0,,0.0,inf,,0,141,140.28571428571428,1,1,0.05,1.0,1.0,1.0,0.05,REORDENAR,True
MASS0996,sin_datos,C,0.85,0.0,0.0,0.0,0.0,,0.0,inf,,0,91,90.57142857142857,1,1,0.05,1.0,1.0,1.0,0.05,REORDENAR,True
MASS3003,sin_datos,C,0.85,196.0,0.0,0.0,0.0,,0.0,12.0,,1,12,11.285714285714286,0,0,0.0,0.0,4.74,10.0,0.05,OK,False
MASS2792,erratic,C,0.85,42.0,102.16430992912518,68.34099264705881,33.82331728206636,,4.556066176470587,1.0,1.2622,4,4,3.4285714285714284,1,432,0.051984,56.160000000000004,0.13,432.0,0.051984,REORDENAR,True
MASS1728,sin_datos,C,0.85,0.0,0.0,0.0,0.0,,0.0,inf,,0,115,114.42857142857143,1,1,0.05,1.0,1.0,1.0,0.05,REORDENAR,True
MASS0975,sin_datos,C,0.85,0.0,0.0,0.0,0.0,,0.0,inf,,0,100,99.14285714285714,1,1,0.05,1.0,1.0,1.0,0.05,REORDENAR,True
MASS0558,sin_datos,C,0.85,1.0,0.6923076923076923,0.6923076923076923,0.0,,0.046153846153846156,13.0,,1,13,11.857142857142858,0,0,0.0,0.0,1.0,1.0,0.05,OK,False
MASS1108,sin_datos,C,0.85,0.0,0.0,0.0,0.0,,0.0,inf,,0,138,137.14285714285714,1,1,0.05,1.0,1.0,1.0,0.05,REORDENAR,True
MASS2504,sin_datos,C,0.85,0.0,0.44999999999999996,0.44999999999999996,0.0,,0.03,20.0,,1,20,19.428571428571427,1,1,0.05,1.0,1.0,1.0,0.05,REORDENAR,True
MASS2791,smooth,C,0.85,41.0,127.773791593606,107.4375,20.336291593606013,,7.1625,1.0,0.4563,4,4,3.4285714285714284,1,432,0.051984,56.160000000000004,0.13,432.0,0.051984,REORDENAR,True
MASS1302,intermittent,C,0.85,0.0,0.17307692307692307,0.17307692307692307,0.0,,0.011538461538461539,26.0,0.0,2,62,61.57142857142857,1,1,0.05,1.0,1.0,1.0,0.05,REORDENAR,True
MASS0976,sin_datos,C,0.85,0.0,0.08653846153846154,0.08653846153846154,0.0,,0.0057692307692307696,52.0,,1,100,99.14285714285714,1,1,0.05,1.0,1.0,1.0,0.05,REORDENAR,True
MASS2692,sin_datos,C,0.85,2.0,0.0,0.0,0.0,,0.0,7.0,,1,7,6.714285714285714,0,0,0.0,0.0,1.0,1.0,0.05,OK,False
MASS1121,sin_datos,C,0.85,0.0,0.0,0.0,0.0,,0.0,inf,,0,61,59.857142857142854,1,1,0.05,1.0,1.0,1.0,0.05,REORDENAR,True
MASS2783,intermittent,C,0.85,16.0,51.06122448979592,51.06122448979592,0.0,,3.404081632653061,2.0,0.0408,2,4,3.2857142857142856,1,200,0.094116,229.99999999999997,1.15,200.0,0.094116,REORDENAR,True
MASS3046,intermittent,C,0.85,631.0,5.15,5.15,0.0,,0.3433333333333334,2.333,0.1333,6,14,13.714285714285714,0,0,0.0,0.0,1.67,80.0,0.05,OK,False
MASS2786,erratic,C,0.85,38.0,140.2445080247885,115.49999999999999,24.74450802478853,,7.699999999999999,1.0,0.5937,4,4,3.4285714285714284,1,432,0.051984,56.160000000000004,0.13,432.0,0.051984,REORDENAR,True
MASS2580,sin_datos,C,0.85,0.0,0.22499999999999998,0.22499999999999998,0.0,,0.015,20.0,,1,20,19.428571428571427,1,1,0.05,1.0,1.0,1.0,0.05,REORDENAR,True
MASS1959,sin_datos,C,0.85,0.0,0.1,0.1,0.0,,0.006666666666666667,45.0,,1,45,44.42857142857143,1,1,0.003795,5.9,5.9,1.0,0.003795,REORDENAR,True
MASS1252,sin_datos,C,0.85,0.0,0.0,0.0,0.0,,0.0,inf,,0,84,83.14285714285714,1,1,0.05,1.0,1.0,1.0,0.05,REORDENAR,True
MASS0001,sin_datos,C,0.85,0.0,0.0,0.0,0.0,,0.0,inf,,0,87,85.85714285714286,1,1,0.05,1.0,1.0,1.0,0.05,REORDENAR,True
MASS1584,sin_datos,C,0.85,0.0,0.0,0.0,0.0,,0.0,inf,,0,126,125.57142857142857,1,1,0.05,1.0,1.0,1.0,0.05,REORDENAR,True
MASS0776,sin_datos,C,0.85,0.0,0.0,0.0,0.0,,0.0,inf,,0,89,87.85714285714286,1,1,0.05,1.0,1.0,1.0,0.05,REORDENAR,True
MASS0360,sin_datos,C,0.85,0.0,0.0,0.0,0.0,,0.0,inf,,0,86,85.28571428571429,1,1,0.05,1.0,1.0,1.0,0.05,REORDENAR,True
MASS2789,erratic,C,0.85,39.0,120.91049970810715,89.58088235294115,31.329617355166008,,5.97205882352941,1.0,1.0142,4,4,3.4285714285714284,1,432,0.051984,56.160000000000004,0.13,432.0,0.051984,REORDENAR,True
MASS0804,sin_datos,C,0.85,0.0,0.0,0.0,0.0,,0.0,inf,,0,141,140.28571428571428,1,1,0.05,1.0,1.0,1.0,0.05,REORDENAR,True
MASS1774,sin_datos,C,0.85,0.0,0.0,0.0,0.0,,0.0,inf,,0,113,112.14285714285714,1,1,0.05,1.0,1.0,1.0,0.05,REORDENAR,True
MASS0706,sin_datos,C,0.85,0.0,0.0,0.0,0.0,,0.0,inf,,0,138,137.42857142857142,1,1,0.05,1.0,1.0,1.0,0.05,REORDENAR,True
MASS0974,sin_datos,C,0.85,0.0,0.0,0.0,0.0,,0.0,inf,,0,95,94.57142857142857,1,1,0.05,1.0,1.0,1.0,0.05,REORDENAR,True
MASS2687,sin_datos,C,0.85,174.0,165.0,165.0,0.0,,11.0,1.0,,1,1,0.42857142857142855,0,0,0.0,0.0,1.0,1.0,0.05,OK,False
MASS1106,sin_datos,C,0.85,0.0,0.0,0.0,0.0,,0.0,inf,,0,65,64.14285714285714,1,1,0.05,1.0,1.0,1.0,0.05,REORDENAR,True
MASS0548,sin_datos,C,0.85,1.0,0.0,0.0,0.0,,0.0,inf,,0,90,89.57142857142857,0,0,0.0,0.0,1.0,1.0,0.05,OK,False
MASS3044,intermittent,C,0.85,633.0,1.6260504201680672,1.6260504201680672,0.0,,0.10840336134453782,5.667,0.2449,3,17,16.285714285714285,0,0,0.0,0.0,1.67,80.0,0.05,OK,False
MASS0517,sin_datos,C,0.85,2.0,0.0,0.0,0.0,,0.0,inf,,0,107,106.57142857142857,0,0,0.0,0.0,1.0,1.0,0.05,OK,False
MASS2447,intermittent,C,0.85,11.0,0.8597818437719915,0.8597818437719915,0.0,,0.05731878958479943,5.8,0.1531,5,29,28.428571428571427,0,0,0.0,0.0,1.0,1.0,0.05,OK,False
MASS2446,intermittent,C,0.85,9.0,0.8620689655172413,0.8620689655172413,0.0,,0.05747126436781609,7.25,0.1481,4,29,28.428571428571427,0,0,0.0,0.0,1.0,1.0,0.05,OK,False
MASS0638,sin_datos,C,0.85,0.0,0.0,0.0,0.0,,0.0,inf,,0,100,99.42857142857143,1,1,0.05,1.0,1.0,1.0,0.05,REORDENAR,True
MASS1098,sin_datos,C,0.85,0.0,0.0,0.0,0.0,,0.0,inf,,0,128,127.28571428571429,1,1,0.05,1.0,1.0,1.0,0.05,REORDENAR,True
MASS2286,intermittent,C,0.85,53.0,2.3857031249999996,2.3857031249999996,0.0,,0.15904687499999998,13.333,0.1875,3,40,39.285714285714285,0,0,0.0,0.0,1.0,1.0,0.05,OK,False
MASS2720,lumpy,C,0.85,16.0,13.87224264705882,13.87224264705882,0.0,,0.924816176470588,2.0,1.2099,2,4,3.4285714285714284,0,0,0.0,0.0,2.0,350.0,0.068172,OK,False
MASS0003,sin_datos,C,0.85,0.0,0.08653846153846154,0.08653846153846154,0.0,,0.0057692307692307696,52.0,,1,95,94.71428571428571,1,1,0.05,1.0,1.0,1.0,0.05,REORDENAR,True
MASS1104,sin_datos,C,0.85,0.0,0.0,0.0,0.0,,0.0,inf,,0,141,140.42857142857142,1,1,0.05,1.0,1.0,1.0,0.05,REORDENAR,True
MASS0188,intermittent,C,0.85,0.0,0.22692307692307692,0.22692307692307692,0.0,,0.015128205128205128,26.0,0.2222,2,73,72.42857142857143,1,1,0.05,1.0,1.0,1.0,0.05,REORDENAR,True
MASS0620,sin_datos,C,0.85,0.0,0.0,0.0,0.0,,0.0,inf,,0,77,76.57142857142857,1,1,0.05,1.0,1.0,1.0,0.05,REORDENAR,True
MASS2787,erratic,C,0.85,42.0,118.63984447749277,91.51378676470586,27.126057712786913,,6.100919117647057,1.0,0.8119,4,4,3.4285714285714284,1,432,0.051984,56.160000000000004,0.13,432.0,0.051984,REORDENAR,True
MASS3048,intermittent,C,0.85,634.0,1.6593749999999998,1.6593749999999998,0.0,,0.11062499999999999,4.667,0.25,3,14,13.571428571428571,0,0,0.0,0.0,1.67,80.0,0.05,OK,False
MASS1144,sin_datos,C,0.85,0.0,0.0,0.0,0.0,,0.0,inf,,0,80,79.14285714285714,1,1,0.05,1.0,1.0,1.0,0.05,REORDENAR,True
MASS0444,sin_datos,C,0.85,0.0,0.0,0.0,0.0,,0.0,inf,,0,89,88.28571428571429,1,1,0.05,1.0,1.0,1.0,0.05,REORDENAR,True
MASS0250,sin_datos,C,0.85,0.0,0.0,0.0,0.0,,0.0,inf,,0,79,78.28571428571429,1,1,0.05,1.0,1.0,1.0,0.05,REORDENAR,True
MASS1067,sin_datos,C,0.85,0.0,0.0,0.0,0.0,,0.0,inf,,0,98,96.85714285714286,1,1,0.05,1.0,1.0,1.0,0.05,REORDENAR,True
MASS0773,sin_datos,C,0.85,0.0,0.0,0.0,0.0,,0.0,inf,,0,107,106.57142857142857,1,1,0.05,1.0,1.0,1.0,0.05,REORDENAR,True
MASS2795,erratic,C,0.85,52.0,67.84116138463922,38.343749999999986,29.49741138463924,,2.556249999999999,1.0,2.16,4,4,3.4285714285714284,1,432,0.051984,56.160000000000004,0.13,432.0,0.051984,REORDENAR,True
MASS0647,sin_datos,C,0.85,0.0,0.0,0.0,0.0,,0.0,inf,,0,78,77.28571428571429,1,1,0.05,1.0,1.0,1.0,0.05,REORDENAR,True
MASS1350,sin_datos,C,0.85,0.0,0.0,0.0,0.0,,0.0,inf,,0,86,85.28571428571429,1,1,0.05,1.0,1.0,1.0,0.05,REORDENAR,True
MASS0909,sin_datos,C,0.85,0.0,0.0,0.0,0.0,,0.0,inf,,0,77,75.85714285714286,1,1,0.05,1.0,1.0,1.0,0.05,REORDENAR,True
MASS0536,intermittent,C,0.85,0.0,0.08653846153846154,0.08653846153846154,0.0,,0.0057692307692307696,26.0,0.0,2,97,96.28571428571429,1,1,0.05,1.0,1.0,1.0,0.05,REORDENAR,True
MASS0176,sin_datos,C,0.85,0.0,0.0,0.0,0.0,,0.0,inf,,0,82,81.71428571428571,1,1,0.05,1.0,1.0,1.0,0.05,REORDENAR,True
MASS0991,sin_datos,C,0.85,0.0,0.0,0.0,0.0,,0.0,inf,,0,109,108.28571428571429,1,1,0.05,1.0,1.0,1.0,0.05,REORDENAR,True
MASS0187,sin_datos,C,0.85,0.0,0.0,0.0,0.0,,0.0,inf,,0,90,89.28571428571429,1,1,0.05,1.0,1.0,1.0,0.05,REORDENAR,True
MASS0372,sin_datos,C,0.85,0.0,0.0,0.0,0.0,,0.0,inf,,0,75,74.42857142857143,1,1,0.05,1.0,1.0,1.0,0.05,REORDENAR,True
MASS0105,sin_datos,C,0.85,0.0,0.0,0.0,0.0,,0.0,inf,,0,78,77.71428571428571,1,1,0.05,1.0,1.0,1.0,0.05,REORDENAR,True
MASS0838,sin_datos,C,0.85,0.0,0.0,0.0,0.0,,0.0,inf,,0,91,90.57142857142857,1,1,0.05,1.0,1.0,1.0,0.05,REORDENAR,True
MASS0689,sin_datos,C,0.85,0.0,0.10714285714285712,0.10714285714285712,0.0,,0.007142857142857142,42.0,,1,42,40.857142857142854,1,1,0.05,1.0,1.0,1.0,0.05,REORDENAR,True
MASS0123,sin_datos,C,0.85,1.0,0.17307692307692307,0.17307692307692307,0.0,,0.011538461538461539,52.0,,1,66,65.42857142857143,0,0,0.0,0.0,1.0,1.0,0.05,OK,False
MASS0901,sin_datos,C,0.85,0.0,0.0,0.0,0.0,,0.0,inf,,0,93,92.71428571428571,1,1,0.05,1.0,1.0,1.0,0.05,REORDENAR,True
MASS2798,sin_datos,C,0.85,50.0,15.0,15.0,0.0,,1.0,1.0,,1,1,0.7142857142857143,0,0,0.0,0.0,1.0,1.0,0.05,OK,False
MASS1578,sin_datos,C,0.85,0.0,0.0,0.0,0.0,,0.0,inf,,0,122,121.42857142857143,1,1,0.05,1.0,1.0,1.0,0.05,REORDENAR,True
MASS2796,lumpy,C,0.85,55.0,26.329963235294112,26.329963235294112,0.0,,1.7553308823529408,2.0,1.1696,2,4,3.4285714285714284,0,0,0.0,0.0,0.13,432.0,0.051984,OK,False
MASS1494,sin_datos,C,0.85,0.0,0.0,0.0,0.0,,0.0,inf,,0,84,83.57142857142857,1,1,0.05,1.0,1.0,1.0,0.05,REORDENAR,True
MASS1218,sin_datos,C,0.85,0.0,0.0,0.0,0.0,,0.0,inf,,0,89,88.28571428571429,1,1,0.05,1.0,1.0,1.0,0.05,REORDENAR,True
MASS0997,sin_datos,C,0.85,0.0,0.0,0.0,0.0,,0.0,inf,,0,66,65.71428571428571,1,1,0.05,1.0,1.0,1.0,0.05,REORDENAR,True
MASS0437,sin_datos,C,0.85,0.0,0.0,0.0,0.0,,0.0,inf,,0,89,87.85714285714286,1,1,0.05,1.0,1.0,1.0,0.05,REORDENAR,True
MASS0748,sin_datos,C,0.85,0.0,0.0,0.0,0.0,,0.0,inf,,0,141,140.28571428571428,1,1,0.05,1.0,1.0,1.0,0.05,REORDENAR,True
MASS0196,sin_datos,C,0.85,0.0,0.0,0.0,0.0,,0.0,inf,,0,86,85.28571428571429,1,1,0.05,1.0,1.0,1.0,0.05,REORDENAR,True
MASS2175,intermittent,C,0.85,32.0,0.7750726744186046,0.7750726744186046,0.0,,0.05167151162790697,21.5,0.125,2,43,42.142857142857146,0,0,0.0,0.0,1.2,100.0,0.018,OK,False
MASS0026,sin_datos,C,0.85,0.0,0.0,0.0,0.0,,0.0,inf,,0,89,88.14285714285714,1,1,0.05,1.0,1.0,1.0,0.05,REORDENAR,True
MASS0860,sin_datos,C,0.85,0.0,0.20454545454545453,0.20454545454545453,0.0,,0.013636363636363636,44.0,,1,44,43.42857142857143,1,1,0.05,1.0,1.0,1.0,0.05,REORDENAR,True
MASS0022,sin_datos,C,0.85,0.0,0.0,0.0,0.0,,0.0,inf,,0,89,88.14285714285714,1,1,0.05,1.0,1.0,1.0,0.05,REORDENAR,True
MASS3041,sin_datos,C,0.85,637.0,0.0,0.0,0.0,,0.0,7.0,,1,7,6.142857142857143,0,0,0.0,0.0,1.67,80.0,0.05,OK,False
MASS0734,sin_datos,C,0.85,0.0,0.2571428571428571,0.2571428571428571,0.0,,0.01714285714285714,35.0,,1,35,34.285714285714285,1,1,0.05,1.0,1.0,1.0,0.05,REORDENAR,True
MASS1145,sin_datos,C,0.85,0.0,0.0,0.0,0.0,,0.0,inf,,0,80,79.14285714285714,1,1,0.05,1.0,1.0,1.0,0.05,REORDENAR,True
MASS0458,sin_datos,C,0.85,0.0,0.0,0.0,0.0,,0.0,inf,,0,80,79.14285714285714,1,1,0.05,1.0,1.0,1.0,0.05,REORDENAR,True
MASS0774,sin_datos,C,0.85,0.0,0.0,0.0,0.0,,0.0,inf,,0,107,106.57142857142857,1,1,0.05,1.0,1.0,1.0,0.05,REORDENAR,True
MASS3057,intermittent,C,0.85,556.0,0.0,0.0,0.0,,0.0,5.0,0.0,2,10,14.571428571428571,0,0,0.0,0.0,1.1,70.0,0.05,OK,False
MASS0926,sin_datos,C,0.85,0.0,0.0,0.0,0.0,,0.0,inf,,0,108,106.85714285714286,1,1,0.05,1.0,1.0,1.0,0.05,REORDENAR,True
MASS0659,sin_datos,C,0.85,0.0,0.0,0.0,0.0,,0.0,inf,,0,89,88.28571428571429,1,1,0.05,1.0,1.0,1.0,0.05,REORDENAR,True
MASS0756,sin_datos,C,0.85,0.0,0.0,0.0,0.0,,0.0,inf,,0,86,85.28571428571429,1,1,0.05,1.0,1.0,1.0,0.05,REORDENAR,True
MASS1248,sin_datos,C,0.85,0.0,0.0,0.0,0.0,,0.0,10.0,,1,10,9.714285714285714,1,1,0.05,1.0,1.0,1.0,0.05,REORDENAR,True
MASS0845,sin_datos,C,0.85,0.0,0.1097560975609756,0.1097560975609756,0.0,,0.007317073170731707,41.0,,1,41,40.714285714285715,1,1,0.05,1.0,1.0,1.0,0.05,REORDENAR,True
MASS0294,sin_datos,C,0.85,0.0,0.0,0.0,0.0,,0.0,inf,,0,93,92.28571428571429,1,1,0.05,1.0,1.0,1.0,0.05,REORDENAR,True
MASS0226,sin_datos,C,0.85,1.0,0.0,0.0,0.0,,0.0,inf,,0,78,77.42857142857143,0,0,0.0,0.0,1.0,1.0,0.05,OK,False
MASS1001,sin_datos,C,0.85,0.0,0.0,0.0,0.0,,0.0,inf,,0,94,93.57142857142857,1,1,0.05,1.0,1.0,1.0,0.05,REORDENAR,True
MASS0223,sin_datos,C,0.85,0.0,0.0,0.0,0.0,,0.0,inf,,0,80,79.28571428571429,1,1,0.05,1.0,1.0,1.0,0.05,REORDENAR,True
MASS0977,sin_datos,C,0.85,0.0,0.0,0.0,0.0,,0.0,inf,,0,92,91.42857142857143,1,1,0.05,1.0,1.0,1.0,0.05,REORDENAR,True
MASS0925,sin_datos,C,0.85,0.0,0.0,0.0,0.0,,0.0,inf,,0,108,106.85714285714286,1,1,0.05,1.0,1.0,1.0,0.05,REORDENAR,True
MASS2302,sin_datos,C,0.85,0.0,0.44999999999999996,0.44999999999999996,0.0,,0.03,40.0,,1,40,39.285714285714285,1,40,0.04565356,108.0,2.7,40.0,0.04565356,REORDENAR,True
MASS3042,intermittent,C,0.85,638.0,0.5625,0.5625,0.0,,0.0375,8.0,0.0,2,16,15.428571428571429,0,0,0.0,0.0,1.67,80.0,0.05,OK,False
MASS0451,sin_datos,C,0.85,0.0,0.0,0.0,0.0,,0.0,inf,,0,78,77.28571428571429,1,1,0.05,1.0,1.0,1.0,0.05,REORDENAR,True
MASS0455,sin_datos,C,0.85,0.0,0.0,0.0,0.0,,0.0,inf,,0,89,87.85714285714286,1,1,0.05,1.0,1.0,1.0,0.05,REORDENAR,True
MASS0636,sin_datos,C,0.85,0.0,0.0,0.0,0.0,,0.0,inf,,0,93,92.57142857142857,1,1,0.05,1.0,1.0,1.0,0.05,REORDENAR,True
MASS3033,sin_datos,C,0.85,319.0,0.0,0.0,0.0,,0.0,8.0,,1,8,7.285714285714286,0,0,0.0,0.0,5.3,16.0,0.05,OK,False
MASS3040,intermittent,C,0.85,638.0,0.5625,0.5625,0.0,,0.0375,8.0,0.0,2,16,15.428571428571429,0,0,0.0,0.0,1.67,80.0,0.05,OK,False
MASS3030,sin_datos,C,0.85,319.0,0.3214285714285714,0.3214285714285714,0.0,,0.021428571428571425,14.0,,1,14,13.714285714285714,0,0,0.0,0.0,5.3,16.0,0.05,OK,False
MASS1123,sin_datos,C,0.85,0.0,0.0,0.0,0.0,,0.0,inf,,0,78,76.85714285714286,1,1,0.05,1.0,1.0,1.0,0.05,REORDENAR,True
MASS0269,sin_datos,C,0.85,0.0,0.0,0.0,0.0,,0.0,inf,,0,89,88.14285714285714,1,1,0.05,1.0,1.0,1.0,0.05,REORDENAR,True
MASS0268,sin_datos,C,0.85,0.0,0.0,0.0,0.0,,0.0,inf,,0,89,88.14285714285714,1,1,0.05,1.0,1.0,1.0,0.05,REORDENAR,True
MASS0378,sin_datos,C,0.85,0.0,0.0,0.0,0.0,,0.0,inf,,0,69,68.71428571428571,1,1,0.05,1.0,1.0,1.0,0.05,REORDENAR,True
MASS0101,sin_datos,C,0.85,0.0,0.0,0.0,0.0,,0.0,inf,,0,89,88.14285714285714,1,1,0.05,1.0,1.0,1.0,0.05,REORDENAR,True
MASS0120,sin_datos,C,0.85,0.0,0.0,0.0,0.0,,0.0,inf,,0,98,97.42857142857143,1,1,0.05,1.0,1.0,1.0,0.05,REORDENAR,True
MASS0371,sin_datos,C,0.85,0.0,0.0,0.0,0.0,,0.0,inf,,0,63,61.857142857142854,1,1,0.05,1.0,1.0,1.0,0.05,REORDENAR,True
MASS1629,sin_datos,C,0.85,0.0,0.0,0.0,0.0,,0.0,inf,,0,126,125.57142857142857,1,1,0.05,1.0,1.0,1.0,0.05,REORDENAR,True
MASS1122,sin_datos,C,0.85,0.0,0.0,0.0,0.0,,0.0,inf,,0,66,65.28571428571429,1,1,0.05,1.0,1.0,1.0,0.05,REORDENAR,True
MASS0989,sin_datos,C,0.85,0.0,0.0,0.0,0.0,,0.0,inf,,0,104,103.57142857142857,1,1,0.05,1.0,1.0,1.0,0.05,REORDENAR,True
MASS0510,sin_datos,C,0.85,0.0,0.0,0.0,0.0,,0.0,inf,,0,69,68.28571428571429,1,1,0.05,1.0,1.0,1.0,0.05,REORDENAR,True
MASS1197,sin_datos,C,0.85,0.0,0.0,0.0,0.0,,0.0,inf,,0,74,73.42857142857143,1,1,0.05,1.0,1.0,1.0,0.05,REORDENAR,True
MASS0729,sin_datos,C,0.85,0.0,0.0,0.0,0.0,,0.0,inf,,0,70,69.28571428571429,1,1,0.05,1.0,1.0,1.0,0.05,REORDENAR,True
MASS3053,sin_datos,C,0.85,559.0,0.0,0.0,0.0,,0.0,12.0,,1,12,11.285714285714286,0,0,0.0,0.0,1.1,70.0,0.05,OK,False
MASS0263,sin_datos,C,0.85,26.0,0.0,0.0,0.0,,0.0,12.0,,1,12,11.428571428571429,0,0,0.0,0.0,1.0,1.0,0.05,OK,False
MASS3049,sin_datos,C,0.85,639.0,0.0,0.0,0.0,,0.0,12.0,,1,12,10.857142857142858,0,0,0.0,0.0,1.67,80.0,0.05,OK,False
MASS1052,sin_datos,C,0.85,0.0,0.0,0.0,0.0,,0.0,inf,,0,88,87.42857142857143,1,1,0.05,1.0,1.0,1.0,0.05,REORDENAR,True
MASS1277,sin_datos,C,0.85,0.0,0.09,0.09,0.0,,0.006,50.0,,1,50,48.714285714285715,1,1,0.05,1.0,1.0,1.0,0.05,REORDENAR,True
MASS1682,sin_datos,C,0.85,0.0,0.0,0.0,0.0,,0.0,inf,,0,114,113.14285714285714,1,1,0.05,1.0,1.0,1.0,0.05,REORDENAR,True
MASS0170,sin_datos,C,0.85,0.0,0.0,0.0,0.0,,0.0,inf,,0,89,87.85714285714286,1,1,0.05,1.0,1.0,1.0,0.05,REORDENAR,True
MASS0772,sin_datos,C,0.85,0.0,0.0,0.0,0.0,,0.0,inf,,0,97,95.85714285714286,1,1,0.05,1.0,1.0,1.0,0.05,REORDENAR,True
MASS0922,sin_datos,C,0.85,0.0,0.0,0.0,0.0,,0.0,inf,,0,108,106.85714285714286,1,1,0.05,1.0,1.0,1.0,0.05,REORDENAR,True
MASS0924,sin_datos,C,0.85,0.0,0.0,0.0,0.0,,0.0,inf,,0,85,84.71428571428571,1,1,0.05,1.0,1.0,1.0,0.05,REORDENAR,True
MASS0923,sin_datos,C,0.85,0.0,0.0,0.0,0.0,,0.0,inf,,0,108,106.85714285714286,1,1,0.05,1.0,1.0,1.0,0.05,REORDENAR,True
MASS1690,sin_datos,C,0.85,0.0,0.0,0.0,0.0,,0.0,inf,,0,62,61.714285714285715,1,1,0.05,1.0,1.0,1.0,0.05,REORDENAR,True
MASS0146,sin_datos,C,0.85,0.0,0.0,0.0,0.0,,0.0,inf,,0,94,93.57142857142857,1,1,0.05,1.0,1.0,1.0,0.05,REORDENAR,True
MASS3065,lumpy,C,0.85,10.0,5.429999999999999,5.429999999999999,0.0,,0.36199999999999993,3.75,0.5725,4,15,14.571428571428571,0,0,0.0,0.0,1.0,1.0,0.05,OK,False
MASS0309,sin_datos,C,0.85,0.0,0.0,0.0,0.0,0.0,0.0,0.0,,0,0,88.28571428571429,1,1,0.05,1.0,1.0,1.0,0.05,REORDENAR,True
MASS2661,sin_datos,C,0.85,0.0,0.0,0.0,0.0,0.0,0.0,0.0,,0,0,5.571428571428571,1,1,0.05,1.0,1.0,1.0,0.05,REORDENAR,True
MASS0296,sin_datos,C,0.85,4.0,0.0,0.0,0.0,0.0,0.0,0.0,,0,0,11.285714285714286,0,0,0.0,0.0,1.0,1.0,0.05,OK,False
