sku,demanda_semanal_prom,demanda_semanal_std,cv,n_semanas_historial,total_ventas,total_unidades,costo_unit_trans_prom,stock_actual,costo,cantidad_por_caja,CBMM,costo_final,clase_abc,clase_xyz,clase_abc_xyz,nivel_servicio,cbm_unitario,costo_flete_unitario,costo_puesto,demanda_anual,demanda_esperada_lt,rop,stock_seguridad,eoq_teorico,cajas_a_pedir,unidades_a_pedir,cbm_total_pedido,inversion_fob_usd,posicion_inventario,requiere_pedido,estado,porcentaje_contenedor
MASS3063,315.09859154929575,1625.7085364633836,5.159364656217604,142,110807.64,44744.0,1.6416399506781751,0.0,,1.0,0.05,1.6416399506781751,AA,Z,AA-Z,0.95,0.05,4.25,5.891639950678175,16385.12676056338,4726.478873239436,15083.039992407328,10356.56111916789,1361.6364669626396,1362,1362,68.10000000000001,2235.9136128236746,0.0,True,REORDENAR,100.14705882352943
MASS0722,71.63239436619718,96.42506556598059,1.3461097652695928,142,6915.44,10171.8,0.0,0.0,,1.0,0.05,1.0,A,Z,A-Z,0.9,0.05,4.25,5.25,3724.884507042253,1074.4859154929577,1553.0847733533906,478.5988578604329,687.7508322375631,688,688,34.4,688.0,0.0,True,REORDENAR,50.588235294117645
MASS1230,20.633802816901408,48.08480671168233,2.330389949849451,142,27328.72,2930.0,3.9056211989574283,3.0,3.72,1.0,0.05,3.72,AA,Z,AA-Z,0.95,0.05,4.25,7.970000000000001,1072.957746478873,309.50704225352115,615.8308564202736,306.3238141667524,299.5825544669359,300,300,15.0,1116.0,3.0,True,REORDENAR,22.058823529411764
MASS0208,12.43661971830986,27.989730839439837,2.2505899089470307,142,3914.5,1766.0,1.3428846153846155,1.0,,1.0,0.05,1.3428846153846155,A,Z,A-Z,0.9,0.05,4.25,5.592884615384616,646.7042253521128,186.5492957746479,325.47430591540314,138.92501014075523,277.6446375473807,278,278,13.9,373.3219230769231,1.0,True,REORDENAR,20.441176470588236
MASS1426,10.32394366197183,35.0190524224197,3.3920228130856738,142,2427.7,1466.0,0.5238805970149254,71.0,,1.0,0.05,0.5238805970149254,A,Z,A-Z,0.9,0.05,4.25,4.773880597014926,536.8450704225352,154.85915492957744,328.67369572712875,173.8145407975513,273.8060746060764,274,274,13.700000000000001,143.54328358208957,71.0,True,REORDENAR,20.147058823529413
MASS0763,10.338028169014084,29.562264456097584,2.859565090439957,142,3339.3,1468.0,0.9031250000000001,1.0,0.56,1.0,0.05,0.56,A,Z,A-Z,0.9,0.05,4.25,4.8100000000000005,537.5774647887324,155.07042253521126,301.80058985643575,146.73016732122449,272.9621056630928,273,273,13.65,152.88000000000002,1.0,True,REORDENAR,20.073529411764707
MASS1423,8.591549295774648,32.424085901052464,3.7739509819257786,142,1831.71,1220.0,0.5323333333333333,0.0,,1.0,0.05,0.5323333333333333,B,Z,B-Z,0.85,0.05,4.25,4.782333333333334,446.7605633802817,128.8732394366197,259.02641431887184,130.15317488225213,249.55821099164572,250,250,12.5,133.08333333333334,0.0,True,REORDENAR,18.38235294117647
MASS1428,8.17605633802817,32.48770619543299,3.9735178981494266,142,1653.98,1161.0,0.47276595744680855,16.0,,1.0,0.05,0.47276595744680855,B,Z,B-Z,0.85,0.05,4.25,4.722765957446809,425.1549295774648,122.64084507042254,253.0493974928724,130.40855242244987,244.97951353603418,245,245,12.25,115.8276595744681,16.0,True,REORDENAR,18.014705882352942
MASS0823,9.366197183098592,18.1582792297331,1.938703496708346,142,5939.5199999999995,1330.0,2.197731092436975,127.0,1.5,1.0,0.05,1.5,A,Z,A-Z,0.9,0.05,4.25,5.75,487.0422535211268,140.49295774647888,230.62026695856784,90.12730921208896,237.631368036531,238,238,11.9,357.0,127.0,True,REORDENAR,17.5
MASS0234,8.30281690140845,18.930627155249237,2.28002464465258,142,4536.44,1179.0,1.6966587677725118,29.0,1.4,1.0,0.05,1.4,A,Z,A-Z,0.9,0.05,4.25,5.65,431.7464788732394,124.54225352112675,218.50305595256913,93.96080243144237,225.7067507412566,226,226,11.3,316.4,29.0,True,REORDENAR,16.617647058823533
MASS0721,7.105633802816901,8.06332010748232,1.134778449219514,142,3096.21,1009.0,0.0,0.0,,1.0,0.05,1.0,A,Z,A-Z,0.9,0.05,4.25,5.25,369.49295774647885,106.58450704225352,146.6062147937867,40.021707751533185,216.60965044572586,217,217,10.850000000000001,217.0,0.0,True,REORDENAR,15.955882352941178
MASS0238,7.28169014084507,18.56381219912277,2.5493823329549645,142,3869.35,1034.0,1.7748805460750852,0.0,1.6,1.0,0.05,1.6,A,Z,A-Z,0.9,0.05,4.25,5.85,378.6478873239436,109.22535211267605,201.3654949675053,92.14014285482925,207.72760141635732,208,208,10.4,332.8,0.0,True,REORDENAR,15.294117647058824
MASS0247,7.880281690140845,23.576187768749254,2.991795051977117,142,4832.72,1119.0,2.288151260504202,0.0,,1.0,0.05,2.288151260504202,A,Z,A-Z,0.9,0.05,4.25,6.538151260504202,409.77464788732397,118.20422535211267,235.22293280744273,117.01870745533006,204.40872600999148,205,205,10.25,469.07100840336136,0.0,True,REORDENAR,15.073529411764705
MASS1745,7.21830985915493,20.506742083569243,2.840934025235934,142,5875.04,1025.0,2.0180794701986757,15.0,1.8,1.0,0.05,1.8,A,Z,A-Z,0.9,0.05,4.25,6.05,375.3521126760564,108.27464788732395,210.0583830813536,101.78373519402966,203.3743207596992,204,204,10.200000000000001,367.2,15.0,True,REORDENAR,15.000000000000002
MASS1746,6.830985915492958,19.930009387814692,2.917589003164625,142,5713.25,970.0,2.0223487544483985,86.0,1.8,1.0,0.05,1.8,A,Z,A-Z,0.9,0.05,4.25,6.05,355.2112676056338,102.46478873239437,201.38595279039484,98.92116405800047,197.84270893112242,198,198,9.9,356.40000000000003,86.0,True,REORDENAR,14.558823529411766
MASS0616,7.359154929577465,14.679237785928349,1.9946906847864359,142,8373.68,1045.0,2.6264732142857143,64.0,,1.0,0.05,2.6264732142857143,AA,Z,AA-Z,0.95,0.05,4.25,6.876473214285714,382.67605633802816,110.38732394366197,203.90127180266052,93.51394785899855,192.6136838699903,193,193,9.65,506.9093303571429,64.0,True,REORDENAR,14.191176470588236
MASS1224,7.0,43.06765253685718,6.1525217909795975,142,3713.62,994.0,2.276923076923077,14.0,,1.0,0.05,2.276923076923077,A,Z,A-Z,0.9,0.05,4.25,6.526923076923077,364.0,105.0,318.7631869253499,213.76318692534988,192.81943907003836,193,193,9.65,439.44615384615383,14.0,True,REORDENAR,14.191176470588236
MASS0795,7.246478873239437,16.397624209388272,2.2628402699058645,142,4114.97,1029.0,2.647433628318584,0.0,,1.0,0.05,2.647433628318584,A,Z,A-Z,0.9,0.05,4.25,6.897433628318584,376.81690140845075,108.69718309859155,190.08560811208304,81.38842501349149,190.8428055499269,191,191,9.55,505.65982300884957,0.0,True,REORDENAR,14.044117647058824
MASS1352,5.471830985915493,25.009982024764295,4.5706788256326,142,1480.68,777.0,1.0238582677165355,0.0,,1.0,0.05,1.0238582677165355,B,Z,B-Z,0.85,0.05,4.25,5.273858267716536,284.53521126760563,82.0774647887324,182.4697649511703,100.3923001624379,189.65231679333104,190,190,9.5,194.53307086614174,0.0,True,REORDENAR,13.970588235294118
MASS0822,5.97887323943662,10.798258534314167,1.8060691541491303,142,4141.16,849.0,2.1952922077922077,75.0,1.5,1.0,0.05,1.5,A,Z,A-Z,0.9,0.05,4.25,5.75,310.90140845070425,89.6830985915493,143.27947595535946,53.59637736381016,189.85926395682299,190,190,9.5,285.0,75.0,True,REORDENAR,13.970588235294118
MASS1747,6.070422535211268,19.62436171878829,3.232783484997607,142,4518.85,862.0,2.1526341463414633,170.0,1.8,1.0,0.05,1.8,A,Z,A-Z,0.9,0.05,4.25,6.05,315.6619718309859,91.05633802816902,188.4604419271215,97.40410389895248,186.5038561425246,187,187,9.35,336.6,170.0,True,REORDENAR,13.749999999999998
MASS1413,5.338028169014085,21.177362235689607,3.9672631101159945,142,1582.6699999999998,758.0,1.32625,0.0,,1.0,0.05,1.32625,B,Z,B-Z,0.85,0.05,4.25,5.57625,277.5774647887324,80.07042253521128,165.07824477630163,85.00782224109035,182.16936932406108,183,183,9.15,242.70374999999999,0.0,True,REORDENAR,13.455882352941176
MASS0769,4.816901408450704,13.932267622708736,2.8923713485740357,142,1742.17,684.0,0.9372357723577236,0.0,,1.0,0.05,0.9372357723577236,B,Z,B-Z,0.85,0.05,4.25,5.187235772357724,250.4788732394366,72.25352112676056,128.1788869162057,55.92536578944514,179.42044392186895,180,180,9.0,168.70243902439026,0.0,True,REORDENAR,13.23529411764706
MASS1421,4.584507042253521,16.165036676363496,3.52601414446024,142,1050.5,651.0,1.09,0.0,,1.0,0.05,1.09,B,Z,B-Z,0.85,0.05,4.25,5.34,238.3943661971831,68.76760563380282,133.6555056948024,64.88790006099958,172.51693585906324,173,173,8.65,188.57000000000002,0.0,True,REORDENAR,12.720588235294116
MASS1792,4.457746478873239,9.665778809387726,2.168310570194403,142,2290.77,633.0,1.375593220338983,0.0,,1.0,0.05,1.375593220338983,A,Z,A-Z,0.9,0.05,4.25,5.625593220338983,231.80281690140842,66.86619718309859,114.84159311725116,47.97539593415257,165.74085018482785,166,166,8.3,228.34847457627117,0.0,True,REORDENAR,12.205882352941178
MASS0167,8.52112676056338,17.79621376173374,2.088481284434869,142,13908.16,1210.0,6.256435643564356,140.0,6.5,1.0,0.05,6.5,AA,Z,AA-Z,0.95,0.05,4.25,10.75,443.09859154929575,127.8169014084507,241.18751574632003,113.37061433786933,165.76785702198646,166,166,8.3,1079.0,140.0,True,REORDENAR,12.205882352941178
MASS0237,4.619718309859155,10.101423531705638,2.1865886303387203,142,2723.18,656.0,1.8388188976377953,0.0,1.6,1.0,0.05,1.6,A,Z,A-Z,0.9,0.05,4.25,5.85,240.22535211267606,69.29577464788733,119.43346173849869,50.137687090611365,165.45727092778083,166,166,8.3,265.6,0.0,True,REORDENAR,12.205882352941178
MASS1639,4.415492957746479,8.838377757624691,2.0016740695098982,142,1906.46,627.0,1.39905,0.0,,1.0,0.05,1.39905,B,Z,B-Z,0.85,0.05,4.25,5.64905,229.6056338028169,66.23239436619718,101.710431572057,35.47803720585982,164.61065050552165,165,165,8.25,230.84324999999998,0.0,True,REORDENAR,12.132352941176471
MASS1420,4.042253521126761,14.158110844566947,3.5025291636385125,142,987.17,574.0,1.0668,8.0,,1.0,0.05,1.0668,B,Z,B-Z,0.85,0.05,4.25,5.3168,210.19718309859158,60.633802816901415,117.46572345696545,56.831920640064034,162.34639688124574,163,163,8.15,173.8884,8.0,True,REORDENAR,11.98529411764706
MASS0821,4.197183098591549,10.08139880859141,2.4019440114429202,142,2340.04,596.0,2.28978417266187,0.0,1.5,1.0,0.05,1.5,A,Z,A-Z,0.9,0.05,4.25,5.75,218.25352112676055,62.95774647887323,112.99604230067719,50.038295821803956,159.07468708964316,160,160,8.0,240.0,0.0,True,REORDENAR,11.76470588235294
MASS0764,3.507042253521127,10.538511932093774,3.0049572175849715,142,1121.73,498.0,0.9001851851851853,0.0,0.56,1.0,0.05,0.56,B,Z,B-Z,0.85,0.05,4.25,4.8100000000000005,182.3661971830986,52.605633802816904,94.90816133380832,42.30252753099142,158.98421369921502,159,159,7.95,89.04,0.0,True,REORDENAR,11.691176470588236
MASS0158,5.394366197183099,14.190676065082224,2.630647521203232,142,4670.01,766.0,3.212699386503067,120.0,3.35,1.0,0.05,3.35,A,Z,A-Z,0.9,0.05,4.25,7.6,280.50704225352115,80.91549295774648,151.34989004268735,70.43439708494087,156.86261791590653,157,157,7.8500000000000005,525.95,120.0,True,REORDENAR,11.544117647058824
MASS0765,3.3732394366197185,10.557246279503634,3.129705577639908,142,1057.96,479.0,0.9309271523178807,0.0,0.56,1.0,0.05,0.56,B,Z,B-Z,0.85,0.05,4.25,4.8100000000000005,175.40845070422537,50.598591549295776,92.97632042296131,42.37772887366553,155.9218893524614,156,156,7.800000000000001,87.36000000000001,0.0,True,REORDENAR,11.470588235294118
MASS2294,5.21830985915493,13.663699486156274,2.61841474633494,142,8467.72,741.0,3.426523517382413,1.0,,1.0,0.05,3.426523517382413,AA,Z,AA-Z,0.95,0.05,4.25,7.676523517382413,271.3521126760564,78.27464788732395,165.31911844793456,87.0444705606106,153.51071048526586,154,154,7.7,527.6846216768915,1.0,True,REORDENAR,11.323529411764707
MASS1422,3.5211267605633805,12.618076816662425,3.5835338159321286,142,851.8,500.0,1.046521739130435,41.0,,1.0,0.05,1.046521739130435,B,Z,B-Z,0.85,0.05,4.25,5.296521739130435,183.09859154929578,52.816901408450704,103.46698800174613,50.65008659329543,151.81038885482175,152,152,7.6000000000000005,159.0713043478261,41.0,True,REORDENAR,11.176470588235295
MASS0057,3.936619718309859,10.469282856438594,2.6594600458216107,142,1455.01,559.0,1.806103896103896,0.0,,1.0,0.05,1.806103896103896,B,Z,B-Z,0.85,0.05,4.25,6.056103896103896,204.70422535211267,59.04929577464789,101.07393161678237,42.02463584213449,150.11397164651783,151,151,7.550000000000001,272.7216883116883,0.0,True,REORDENAR,11.102941176470589
MASS1402,10.098591549295774,20.188582497303383,1.9991483365530547,142,51680.09,1434.0,15.213954248366013,5.0,11.2,1.0,0.05,11.2,AA,Z,AA-Z,0.95,0.05,4.25,15.45,525.1267605633802,151.4788732394366,280.09005036810817,128.61117712867156,150.52970269790816,151,151,7.550000000000001,1691.1999999999998,5.0,True,REORDENAR,11.102941176470589
MASS1828,3.4859154929577465,26.99979929410376,7.745396969217644,142,1192.86,495.0,1.2962666666666667,35.0,,1.0,0.05,1.2962666666666667,B,Z,B-Z,0.85,0.05,4.25,5.546266666666667,181.26760563380282,52.2887323943662,160.66833668097863,108.37960428661242,147.6094276127146,148,148,7.4,191.84746666666666,35.0,True,REORDENAR,10.882352941176471
MASS1412,3.288732394366197,14.19698349036695,4.316855793644769,142,1110.79,467.0,1.0411764705882351,34.0,,1.0,0.05,1.0411764705882351,B,Z,B-Z,0.85,0.05,4.25,5.291176470588235,171.01408450704224,49.33098591549295,106.31894482545249,56.98795890995954,146.78922827154335,147,147,7.3500000000000005,153.05294117647057,34.0,True,REORDENAR,10.808823529411764
MASS1450,3.471830985915493,19.26216799253526,5.548129523204882,142,736.5,493.0,1.448,0.0,,1.0,0.05,1.448,B,Z,B-Z,0.85,0.05,4.25,5.698,180.53521126760563,52.07746478873239,129.39752639338,77.3200616046476,145.33630255703733,146,146,7.300000000000001,211.408,0.0,True,REORDENAR,10.73529411764706
MASS0834,6.845070422535211,23.02613247910643,3.3639000123797462,142,9593.94,972.0,7.144382022471911,0.0,,1.0,0.05,7.144382022471911,AA,Z,AA-Z,0.95,0.05,4.25,11.39438202247191,355.943661971831,102.67605633802816,249.36381924828572,146.68776291025756,144.3110592777315,145,145,7.25,1035.935393258427,0.0,True,REORDENAR,10.661764705882353
MASS1102,3.26056338028169,9.337394945122686,2.8637366786337397,142,1105.71,463.0,1.3267088607594937,0.0,,1.0,0.05,1.3267088607594937,B,Z,B-Z,0.85,0.05,4.25,5.576708860759494,169.54929577464787,48.90845070422535,86.38958744146063,37.48113673723528,142.3683263224872,143,143,7.15,189.71936708860758,0.0,True,REORDENAR,10.514705882352942
MASS1324,9.112676056338028,29.209222917192285,3.205339763710436,142,50163.39,1294.0,15.768950617283952,0.0,11.2,1.0,0.05,11.2,AA,Z,AA-Z,0.95,0.05,4.25,15.45,473.85915492957747,136.69014084507043,322.7672239139609,186.07708306889046,142.99299624969416,143,143,7.15,1601.6,0.0,True,REORDENAR,10.514705882352942
MASS1541,3.619718309859155,6.47935334568535,1.7900159048391435,142,2576.21,514.0,1.8199999999999998,6.0,2.1,1.0,0.05,2.1,A,Z,A-Z,0.9,0.05,4.25,6.35,188.22535211267606,54.29577464788733,86.45557762771793,32.1598029798306,140.5745063048529,141,141,7.050000000000001,296.1,6.0,True,REORDENAR,10.36764705882353
MASS0273,3.6971830985915495,12.194051239264645,3.2982005256677707,142,1383.21,525.0,2.5182978723404257,0.0,,1.0,0.05,2.5182978723404257,B,Z,B-Z,0.85,0.05,4.25,6.768297872340426,192.25352112676057,55.45774647887324,104.4057565572588,48.94801007838556,137.6105687904592,138,138,6.9,347.5251063829787,0.0,True,REORDENAR,10.147058823529411
MASS1793,3.0140845070422535,5.946553821115036,1.972922062145643,142,1536.25,428.0,1.3570930232558138,0.0,,1.0,0.05,1.3570930232558138,B,Z,B-Z,0.85,0.05,4.25,5.607093023255814,156.73239436619718,45.2112676056338,69.08126541492248,23.869997809288684,136.5101280358445,137,137,6.8500000000000005,185.92174418604648,0.0,True,REORDENAR,10.073529411764707
MASS1879,0.9154929577464789,3.615359193177731,3.9490846571633678,142,4807.84,130.0,16.84304347826087,15.0,60.0,1.0,0.36,60.0,A,Z,A-Z,0.9,0.36,30.599999999999998,90.6,47.605633802816904,13.732394366197184,31.676968948063397,17.944574581866213,18.716276280639327,19,19,6.84,1140.0,15.0,True,REORDENAR,10.058823529411764
MASS0412,2.943661971830986,13.198309932579093,4.483636388579501,142,721.31,418.0,1.271,0.0,,1.0,0.05,1.271,B,Z,B-Z,0.85,0.05,4.25,5.521,153.07042253521126,44.15492957746479,97.13412368789534,52.97919411043055,135.95373316484407,136,136,6.800000000000001,172.856,0.0,True,REORDENAR,10.0
MASS1298,2.359154929577465,4.527835970038146,1.919261814165423,142,608.94,335.0,0.22866666666666666,2.0,,1.0,0.05,0.22866666666666666,C,Z,C-Z,0.75,0.05,4.25,4.478666666666666,122.67605633802818,35.387323943661976,47.2153335658197,11.828009622157722,135.13252860981663,136,136,6.800000000000001,31.098666666666666,2.0,True,REORDENAR,10.0
MASS1211,2.563380281690141,4.713741476303515,1.8388771693271952,142,978.88,364.0,0.818476821192053,0.0,,1.0,0.05,0.818476821192053,B,Z,B-Z,0.85,0.05,4.25,5.0684768211920534,133.29577464788733,38.45070422535211,57.3720832454818,18.921379020129685,132.4109280694226,133,133,6.65,108.85741721854305,0.0,True,REORDENAR,9.779411764705882
MASS0235,2.8661971830985915,8.96979080793683,3.129509323653636,142,1344.14,407.0,1.679516129032258,0.0,1.4,1.0,0.05,1.4,B,Z,B-Z,0.85,0.05,4.25,5.65,149.04225352112675,42.99295774647887,78.99849866582136,36.00554091934249,132.6126185932638,133,133,6.65,186.2,0.0,True,REORDENAR,9.779411764705882
MASS1519,2.1338028169014085,4.606854087656408,2.1589877242482176,142,811.29,303.0,0.49024509803921573,27.0,0.3,1.0,0.05,0.3,B,Z,B-Z,0.85,0.05,4.25,4.55,110.95774647887325,32.00704225352113,50.499365755177664,18.492323501656536,127.5050793954099,128,128,6.4,38.4,27.0,True,REORDENAR,9.411764705882353
MASS0172,2.323943661971831,17.999034369597112,7.74503903176603,142,266.6,330.0,0.6890000000000001,0.0,,1.0,0.05,0.6890000000000001,C,Z,C-Z,0.75,0.05,4.25,4.939,120.84507042253522,34.859154929577464,81.87780867982553,47.01865375024807,127.71718182945636,128,128,6.4,88.19200000000001,0.0,True,REORDENAR,9.411764705882353
MASS0574,2.2253521126760565,9.886156497884771,4.4425133629735365,142,595.22,316.0,0.7138888888888889,0.0,,1.0,0.05,0.7138888888888889,C,Z,C-Z,0.75,0.05,4.25,4.963888888888889,115.71830985915494,33.38028169014085,59.20576542164471,25.825483731503866,124.66495526930721,125,125,6.25,89.23611111111111,0.0,True,REORDENAR,9.191176470588236
MASS1406,4.063380281690141,11.25665432119342,2.77026848112559,142,4856.48,577.0,5.027735849056604,0.0,,1.0,0.05,5.027735849056604,A,Z,A-Z,0.9,0.05,4.25,9.277735849056604,211.29577464788733,60.95070422535211,116.822296013552,55.87159178819989,123.21931070569745,124,124,6.2,623.439245283019,0.0,True,REORDENAR,9.11764705882353
MASS1573,1.9929577464788732,11.713177690755963,5.8772835056089985,142,116.1,283.0,0.2885714285714286,0.0,,1.0,0.05,0.2885714285714286,C,Z,C-Z,0.75,0.05,4.25,4.538571428571428,103.63380281690141,29.8943661971831,60.492554680397404,30.598188483214305,123.38020867945029,124,124,6.2,35.78285714285715,0.0,True,REORDENAR,9.11764705882353
MASS0236,2.471830985915493,8.275995932844065,3.34812371072324,142,1044.9,351.0,1.599673913043478,2.0,1.4,1.0,0.05,1.4,B,Z,B-Z,0.85,0.05,4.25,5.65,128.53521126760563,37.07746478873239,70.29805115342918,33.22058636469679,123.15192491287733,124,124,6.2,173.6,2.0,True,REORDENAR,9.11764705882353
MASS1497,2.732394366197183,9.947319032205547,3.6405136664257416,142,1283.83,388.0,2.093246753246753,0.0,,1.0,0.05,2.093246753246753,B,Z,B-Z,0.85,0.05,4.25,6.343246753246753,142.0845070422535,40.985915492957744,80.91534195571516,39.92942646275742,122.2002037347333,123,123,6.15,257.46935064935064,0.0,True,REORDENAR,9.044117647058824
MASS1857,3.3732394366197185,7.779413782112849,2.306214524133663,142,3841.85,479.0,3.498009049773756,0.0,,1.0,0.05,3.498009049773756,A,Z,A-Z,0.9,0.05,4.25,7.748009049773756,175.40845070422537,50.598591549295776,89.21115073283339,38.61255918353761,122.85266082298757,123,123,6.15,430.25511312217196,0.0,True,REORDENAR,9.044117647058824
MASS2497,2.176056338028169,11.902856976179502,5.469921328859188,142,1262.01,309.0,0.8605940594059406,0.0,,1.0,0.05,0.8605940594059406,B,Z,B-Z,0.85,0.05,4.25,5.1105940594059405,113.15492957746478,32.640845070422536,80.41997538566883,47.7791303152463,121.4941639754613,122,122,6.1000000000000005,104.99247524752475,0.0,True,REORDENAR,8.97058823529412
MASS1856,3.288732394366197,10.260839959752438,3.119998446006095,142,4216.59,467.0,3.5393877551020405,1.0,,1.0,0.05,3.5393877551020405,A,Z,A-Z,0.9,0.05,4.25,7.789387755102041,171.01408450704224,49.33098591549295,100.25992494811291,50.92893903261996,120.98141190945883,121,121,6.050000000000001,428.2659183673469,1.0,True,REORDENAR,8.897058823529413
MASS1455,2.0774647887323945,22.52030571314797,10.840282750057666,142,471.86,295.0,0.8228571428571428,0.0,,1.0,0.05,0.8228571428571428,C,Z,C-Z,0.75,0.05,4.25,5.072857142857143,108.02816901408451,31.161971830985916,89.99148651121926,58.829514680233345,119.1506900714227,120,120,6.0,98.74285714285715,0.0,True,REORDENAR,8.823529411764707
MASS1827,1.7746478873239437,4.8544698510457165,2.735455233525761,142,687.29,252.0,0.1813740458015267,1.0,,1.0,0.05,0.1813740458015267,B,Z,B-Z,0.85,0.05,4.25,4.431374045801527,92.28169014084507,26.619718309859156,46.10599358719135,19.486275277332194,117.82648869462285,118,118,5.9,21.40213740458015,1.0,True,REORDENAR,8.676470588235295
MASS2304,3.063380281690141,9.421730419381301,3.0755993552922867,142,25862.86,435.0,29.920405405405408,0.0,8.0,1.0,0.06625,8.0,AA,Z,AA-Z,0.95,0.06625,5.6312500000000005,13.631250000000001,159.29577464788733,45.95070422535211,105.97175027885763,60.021046053505515,88.26502673955606,89,89,5.89625,712.0,0.0,True,REORDENAR,8.670955882352942
MASS1561,2.1619718309859155,8.567328111956742,3.962738084357842,142,775.0600000000001,307.0,1.3357692307692308,13.0,,1.0,0.05,1.3357692307692308,B,Z,B-Z,0.85,0.05,4.25,5.58576923076923,112.4225352112676,32.429577464788736,66.81959719986929,34.39001973508056,115.8349360242453,116,116,5.800000000000001,154.94923076923078,13.0,True,REORDENAR,8.529411764705884
MASS1353,2.6338028169014085,13.097820117065247,4.9729691353563235,142,1461.77,374.0,2.759298245614035,0.0,,1.0,0.05,2.759298245614035,B,Z,B-Z,0.85,0.05,4.25,7.009298245614035,136.95774647887325,39.50704225352113,92.08286127506337,52.57581902154224,114.13278148002786,115,115,5.75,317.31929824561405,0.0,True,REORDENAR,8.455882352941178
MASS1542,1.704225352112676,5.215618568802673,3.0604042841734693,142,488.07,242.0,0.30074766355140187,0.0,0.3,1.0,0.05,0.3,C,Z,C-Z,0.75,0.05,4.25,4.55,88.61971830985915,25.56338028169014,39.18807583725435,13.624695555564212,113.94987543360753,114,114,5.7,34.199999999999996,0.0,True,REORDENAR,8.382352941176471
MASS1089,3.0492957746478875,8.661750486268062,2.840574062471281,142,4358.09,433.0,6.082365591397849,0.0,4.38,1.0,0.05,4.38,A,Z,A-Z,0.9,0.05,4.25,8.629999999999999,158.56338028169014,45.73943661971831,88.73141039196645,42.99197377224814,110.6752267470155,111,111,5.550000000000001,486.18,0.0,True,REORDENAR,8.161764705882355
MASS0351,2.408450704225352,22.680373910128257,9.416997354497697,142,1706.8799999999999,342.0,2.8341935483870966,0.0,,1.0,0.05,2.8341935483870966,B,Z,B-Z,0.85,0.05,4.25,7.084193548387097,125.2394366197183,36.12676056338028,127.16780581992444,91.04104525654415,108.56246957319465,109,109,5.45,308.9270967741935,0.0,True,REORDENAR,8.014705882352942
MASS1647,2.8943661971830985,7.0918070264502795,2.450210700136106,142,4193.63,411.0,4.341881188118812,57.0,,1.0,0.05,4.341881188118812,A,Z,A-Z,0.9,0.05,4.25,8.591881188118812,150.50704225352112,43.41549295774648,78.6151656061742,35.19967264842772,108.06589375561202,109,109,5.45,473.2650495049505,57.0,True,REORDENAR,8.014705882352942
MASS0572,1.6619718309859155,5.288670245320641,3.182165995065809,142,522.37,236.0,0.8991836734693878,0.0,,1.0,0.05,0.8991836734693878,C,Z,C-Z,0.75,0.05,4.25,5.149183673469388,86.4225352112676,24.929577464788732,38.74510500686636,13.815527542077628,105.77881069561725,106,106,5.300000000000001,95.3134693877551,0.0,True,REORDENAR,7.794117647058825
MASS1688,1.4507042253521127,6.166228619429726,4.2505071065971896,142,152.9,206.0,0.36764705882352944,0.0,,1.0,0.05,0.36764705882352944,C,Z,C-Z,0.75,0.05,4.25,4.617647058823529,75.43661971830986,21.760563380281692,37.86852575472801,16.10796237444632,104.36025043166285,105,105,5.25,38.602941176470594,0.0,True,REORDENAR,7.720588235294118
MASS1063,2.1690140845070425,5.251101648666013,2.4209624484109535,142,1781.73,308.0,2.5910204081632653,0.0,,1.0,0.05,2.5910204081632653,B,Z,B-Z,0.85,0.05,4.25,6.841020408163265,112.7887323943662,32.53521126760564,53.61360198273528,21.078390715129643,104.83994521741522,105,105,5.25,272.0571428571429,0.0,True,REORDENAR,7.720588235294118
MASS2651,3.3098591549295775,14.628342788777523,4.419626970226401,142,12296.71,470.0,6.293249211356467,31.0,,1.0,0.05,6.293249211356467,AA,Z,AA-Z,0.95,0.05,4.25,10.543249211356468,172.11267605633802,49.647887323943664,142.8376090767061,93.18972175276242,104.3214375537373,105,105,5.25,660.791167192429,31.0,True,REORDENAR,7.720588235294118
MASS1712,1.8591549295774648,3.847429922855982,2.069450943354354,142,1232.53,264.0,1.9275213675213676,0.0,,1.0,0.05,1.9275213675213676,B,Z,B-Z,0.85,0.05,4.25,6.177521367521368,96.67605633802816,27.887323943661972,43.331251063915204,15.443927120253232,102.14255224287193,103,103,5.15,198.53470085470087,0.0,True,REORDENAR,7.5735294117647065
MASS1749,1.7816901408450705,17.377378380891287,9.753311186112896,142,1384.73,253.0,2.2483870967741937,0.0,1.8,1.0,0.05,1.8,B,Z,B-Z,0.85,0.05,4.25,6.05,92.64788732394366,26.725352112676056,96.47969998558858,69.75434787291252,101.04025727112575,102,102,5.1000000000000005,183.6,0.0,True,REORDENAR,7.500000000000001
MASS1602,2.5774647887323945,5.795968204521949,2.248708975524909,142,6016.93,366.0,6.0716546762589925,0.0,4.5,1.0,0.05,4.5,A,Z,A-Z,0.9,0.05,4.25,8.75,134.0281690140845,38.66197183098592,67.42984195477098,28.76787012378506,101.05280807637521,102,102,5.1000000000000005,459.0,0.0,True,REORDENAR,7.500000000000001
MASS0863,1.6408450704225352,3.708035264385424,2.2598326503979838,142,762.15,233.0,1.3974509803921569,0.0,,1.0,0.05,1.3974509803921569,B,Z,B-Z,0.85,0.05,4.25,5.647450980392157,85.32394366197184,24.612676056338028,39.4970605755466,14.88438451920857,100.36068009076475,101,101,5.050000000000001,141.14254901960786,0.0,True,REORDENAR,7.426470588235295
MASS0326,1.6549295774647887,4.687459918917643,2.8324225893034267,142,459.66,235.0,1.481627906976744,0.0,,1.0,0.05,1.481627906976744,C,Z,C-Z,0.75,0.05,4.25,5.731627906976744,86.05633802816901,24.823943661971832,37.068936941613416,12.244993279641584,100.04763039995943,101,101,5.050000000000001,149.64441860465115,0.0,True,REORDENAR,7.426470588235295
MASS1075,1.9577464788732395,4.420893718311325,2.2581543453244897,142,1616.25,278.0,2.500152671755725,0.0,,1.0,0.05,2.500152671755725,B,Z,B-Z,0.85,0.05,4.25,6.750152671755725,101.80281690140845,29.366197183098592,47.1120591639462,17.745861980847607,100.27149041465898,101,101,5.050000000000001,252.51541984732825,0.0,True,REORDENAR,7.426470588235295
MASS0180,1.7746478873239437,6.159112911852888,3.470611243980595,142,1026.25,252.0,1.8325,0.0,,1.0,0.05,1.8325,B,Z,B-Z,0.85,0.05,4.25,6.0825,92.28169014084507,26.619718309859156,51.34294728174841,24.723228971889252,100.57060939456,101,101,5.050000000000001,185.0825,0.0,True,REORDENAR,7.426470588235295
MASS1297,1.3098591549295775,4.649690142336184,3.5497634419985924,142,266.7,186.0,0.32527272727272727,0.0,,1.0,0.05,0.32527272727272727,C,Z,C-Z,0.75,0.05,4.25,4.575272727272727,68.11267605633803,19.647887323943664,31.794215085711272,12.146327761767608,99.62305344002628,100,100,5.0,32.527272727272724,0.0,True,REORDENAR,7.352941176470589
MASS1617,1.267605633802817,5.701704974516126,4.498011702118276,142,326.71,180.0,0.28613333333333335,22.0,0.3,1.0,0.05,0.3,C,Z,C-Z,0.75,0.05,4.25,4.55,65.91549295774648,19.014084507042256,33.90857753805042,14.894493031008167,98.27485785345456,99,99,4.95,29.7,22.0,True,REORDENAR,7.279411764705883
MASS0998,2.056338028169014,11.063821719182876,5.380351657958796,142,1124.15,292.0,3.150294117647059,0.0,,1.0,0.05,3.150294117647059,B,Z,B-Z,0.85,0.05,4.25,7.400294117647059,106.92957746478874,30.84507042253521,75.25623832645837,44.411167903923165,98.14740139680431,99,99,4.95,311.8791176470588,0.0,True,REORDENAR,7.279411764705883
MASS2495,1.4014084507042253,8.682794480350964,6.195762895526819,142,857.28,199.0,0.8329530201342282,1.0,,1.0,0.05,0.8329530201342282,B,Z,B-Z,0.85,0.05,4.25,5.082953020134228,72.87323943661971,21.02112676056338,55.87463880455567,34.853512043992296,97.76431472581888,98,98,4.9,81.62939597315436,1.0,True,REORDENAR,7.2058823529411775
MASS0864,1.5140845070422535,3.6314932854363935,2.3984746350324087,142,684.52,215.0,1.3725,0.0,,1.0,0.05,1.3725,B,Z,B-Z,0.85,0.05,4.25,5.6225000000000005,78.73239436619718,22.711267605633804,37.2884057894364,14.5771381838026,96.61985202068695,97,97,4.8500000000000005,133.1325,0.0,True,REORDENAR,7.132352941176472
MASS1686,2.091549295774648,5.286011151588294,2.5273184630489487,142,2112.9,297.0,3.7054999999999993,0.0,,1.0,0.05,3.7054999999999993,B,Z,B-Z,0.85,0.05,4.25,7.955499999999999,108.7605633802817,31.37323943661972,52.5917600123956,21.218520575775884,95.46767692196411,96,96,4.800000000000001,355.72799999999995,0.0,True,REORDENAR,7.058823529411766
MASS1560,1.5211267605633803,4.910140483985186,3.227962725582854,142,1623.44,216.0,3.3732394366197185,8.0,1.75,1.0,0.05,1.75,B,Z,B-Z,0.85,0.05,4.25,6.0,79.09859154929578,22.816901408450704,42.526643575393535,19.70974216694283,93.7482394200883,94,94,4.7,164.5,8.0,True,REORDENAR,6.911764705882353
MASS0890,1.6619718309859155,8.001672984594682,4.814565948357817,142,1054.88,236.0,2.3572,0.0,,1.0,0.05,2.3572,B,Z,B-Z,0.85,0.05,4.25,6.607200000000001,86.4225352112676,24.929577464788732,57.049007029979336,32.1194295651906,93.38113430681301,94,94,4.7,221.57680000000002,0.0,True,REORDENAR,6.911764705882353
MASS1711,1.295774647887324,3.552621112861783,2.741696728404202,142,365.63,184.0,0.9527659574468084,0.0,,1.0,0.05,0.9527659574468084,C,Z,C-Z,0.75,0.05,4.25,5.202765957446808,67.38028169014085,19.43661971830986,28.717087691281908,9.280467972972048,92.91880945127785,93,93,4.65,88.60723404255317,0.0,True,REORDENAR,6.838235294117648
MASS1103,1.232394366197183,8.015645598964252,6.504123857445279,142,234.3,175.0,0.7999999999999999,0.0,,1.0,0.05,0.7999999999999999,C,Z,C-Z,0.75,0.05,4.25,5.05,64.08450704225352,18.485915492957744,39.425086854228724,20.93917136127098,91.97826335428623,92,92,4.6000000000000005,73.6,0.0,True,REORDENAR,6.764705882352942
MASS1405,1.9577464788732395,8.754227541603246,4.47158385218583,142,2355.91,278.0,3.7876,0.0,,1.0,0.05,3.7876,A,Z,A-Z,0.9,0.05,4.25,8.0376,101.80281690140845,29.366197183098592,72.81717414919396,43.45097696609537,91.89059707344357,92,92,4.6000000000000005,348.4592,0.0,True,REORDENAR,6.764705882352942
MASS1029,1.0774647887323943,5.029098228123316,4.667529074467391,142,243.51999999999998,153.0,0.195,0.0,,1.0,0.05,0.195,C,Z,C-Z,0.75,0.05,4.25,4.445,56.028169014084504,16.161971830985912,29.299422619097786,13.137450788111874,91.66883306360603,92,92,4.6000000000000005,17.94,0.0,True,REORDENAR,6.764705882352942
MASS2689,1.1267605633802817,12.20327775694651,10.830409009290028,142,267.95,160.0,0.45,20.0,,1.0,0.05,0.45,C,Z,C-Z,0.75,0.05,4.25,4.7,58.59154929577465,16.901408450704228,48.779879244735795,31.878470794031568,91.16390763969174,92,92,4.6000000000000005,41.4,20.0,True,REORDENAR,6.764705882352942
MASS2496,1.1690140845070423,10.560176652687701,9.033404124588275,142,366.96,166.0,0.6853424657534247,4.0,,1.0,0.05,0.6853424657534247,C,Z,C-Z,0.75,0.05,4.25,4.935342465753425,60.7887323943662,17.535211267605632,45.121429471226456,27.586218203620824,90.61649651572527,91,91,4.55,62.36616438356165,4.0,True,REORDENAR,6.6911764705882355
MASS1670,1.7816901408450705,4.322325676163712,2.4259693518389214,142,2036.43,253.0,3.2928025477707,0.0,,1.0,0.05,3.2928025477707,B,Z,B-Z,0.85,0.05,4.25,7.5428025477707,92.64788732394366,26.725352112676056,44.07555317445908,17.350201061783025,90.49107784230212,91,91,4.55,299.6450318471337,0.0,True,REORDENAR,6.6911764705882355
MASS0246,1.852112676056338,5.2564680630488345,2.838093022634732,142,1597.87,263.0,3.704181818181818,0.0,,1.0,0.05,3.704181818181818,B,Z,B-Z,0.85,0.05,4.25,7.954181818181818,96.30985915492957,27.781690140845072,48.881622122297216,21.099931981452144,89.84460162997325,90,90,4.5,333.37636363636364,0.0,True,REORDENAR,6.61764705882353
MASS1068,1.0492957746478873,3.081234589048354,2.936478601643398,142,310.71,149.0,0.42921875,0.0,,1.0,0.05,0.42921875,C,Z,C-Z,0.75,0.05,4.25,4.67921875,54.56338028169014,15.739436619718308,23.788507436009844,8.049070816291536,88.16949026283498,89,89,4.45,38.20046875,0.0,True,REORDENAR,6.544117647058824
MASS1664,1.6690140845070423,8.19853111820978,4.912200079264932,142,1177.85,237.0,3.136818181818182,35.0,,1.0,0.05,3.136818181818182,B,Z,B-Z,0.85,0.05,4.25,7.386818181818182,86.78873239436619,25.035211267605632,57.944846952086344,32.90963568448071,88.50286673762857,89,89,4.45,279.1768181818182,35.0,True,REORDENAR,6.544117647058824
MASS0341,1.4154929577464788,5.359743507341471,3.786485462897955,142,525.8,201.0,1.9304347826086956,0.0,2.0,1.0,0.05,2.0,C,Z,C-Z,0.75,0.05,4.25,6.25,73.6056338028169,21.23239436619718,35.23358570718964,14.00119134099246,88.6073789570248,89,89,4.45,178.0,0.0,True,REORDENAR,6.544117647058824
MASS1992,1.091549295774648,2.759650840226719,2.5281962536270584,142,345.95,155.0,0.6746835443037975,0.0,,1.0,0.05,0.6746835443037975,C,Z,C-Z,0.75,0.05,4.25,4.9246835443037975,56.760563380281695,16.37323943661972,23.58224102324793,7.2090015866282116,87.65739395936511,88,88,4.4,59.37215189873418,0.0,True,REORDENAR,6.470588235294119
MASS1817,1.5352112676056338,4.788671578524084,3.119226441056972,142,1326.16,218.0,2.793522727272727,1.0,,1.0,0.05,2.793522727272727,B,Z,B-Z,0.85,0.05,4.25,7.043522727272727,79.83098591549296,23.028169014084508,42.2503241525609,19.222155138476392,86.92509155122967,87,87,4.3500000000000005,243.03647727272727,1.0,True,REORDENAR,6.397058823529413
MASS1974,1.3450704225352113,2.2218954742632677,1.6518804049496545,142,1666.05,191.0,2.134551282051282,26.0,,1.0,0.05,2.134551282051282,B,Z,B-Z,0.85,0.05,4.25,6.384551282051282,69.94366197183099,20.176056338028168,29.094943091362513,8.918886753334345,85.46009355076286,86,86,4.3,183.57141025641025,26.0,True,REORDENAR,6.323529411764706
MASS1314,1.795774647887324,5.827957481207028,3.2453724012995995,142,1927.9,255.0,4.3072,0.0,,1.0,0.05,4.3072,B,Z,B-Z,0.85,0.05,4.25,8.5572,93.38028169014085,26.93661971830986,50.3305612336587,23.39394151534884,85.2935359625915,86,86,4.3,370.4192,0.0,True,REORDENAR,6.323529411764706
MASS1918,3.0211267605633805,8.334724686565181,2.7588132995157473,142,16029.07,429.0,14.917333333333334,78.0,11.2,1.0,0.05,11.2,AA,Z,AA-Z,0.95,0.05,4.25,15.45,157.09859154929578,45.316901408450704,98.41318754571301,53.09628613726231,82.3334424875908,83,83,4.15,929.5999999999999,78.0,True,REORDENAR,6.102941176470589
MASS0054,0.971830985915493,3.85728317642697,3.9690884858886215,142,183.78,138.0,0.6574285714285715,0.0,,1.0,0.05,0.6574285714285715,C,Z,C-Z,0.75,0.05,4.25,4.9074285714285715,50.53521126760563,14.577464788732396,24.653797683314025,10.076332894581629,82.85608709649475,83,83,4.15,54.566571428571436,0.0,True,REORDENAR,6.102941176470589
MASS0597,1.352112676056338,3.5233711756093444,2.6058265986277442,142,1101.76,192.0,2.630875,0.0,,1.0,0.05,2.630875,B,Z,B-Z,0.85,0.05,4.25,6.880875,70.30985915492957,20.281690140845072,34.42481652515077,14.143126384305695,82.53547409031762,83,83,4.15,218.362625,0.0,True,REORDENAR,6.102941176470589
MASS2273,1.1267605633802817,5.259047125256415,4.6674043236650675,142,618.9,160.0,1.4646511627906975,0.0,,1.0,0.05,1.4646511627906975,C,Z,C-Z,0.75,0.05,4.25,5.714651162790697,58.59154929577465,16.901408450704228,30.639551884462435,13.738143433758207,82.67553213315746,83,83,4.15,121.56604651162789,0.0,True,REORDENAR,6.102941176470589
MASS0408,1.9014084507042253,8.073518447978994,4.246072665233397,142,2973.9,270.0,5.630000000000001,0.0,,1.0,0.05,5.630000000000001,A,Z,A-Z,0.9,0.05,4.25,9.88,98.87323943661971,28.52112676056338,68.59345323955225,40.07232647898887,81.67991551759951,82,82,4.1000000000000005,461.6600000000001,0.0,True,REORDENAR,6.029411764705883
MASS1499,1.5704225352112675,7.5431598692527775,4.803267719434504,142,1670.59,223.0,4.281666666666667,0.0,,1.0,0.05,4.281666666666667,B,Z,B-Z,0.85,0.05,4.25,8.531666666666666,81.6619718309859,23.556338028169012,53.83525502288916,30.278916994720145,79.8817116461431,80,80,4.0,342.53333333333336,0.0,True,REORDENAR,5.88235294117647
MASS1994,1.1901408450704225,3.401987526279035,2.8584747262226213,142,1820.85,169.0,2.278,2.0,,1.0,0.05,2.278,B,Z,B-Z,0.85,0.05,4.25,6.5280000000000005,61.88732394366197,17.852112676056336,31.507994257614303,13.655881581557967,79.49963771117017,80,80,4.0,182.24,2.0,True,REORDENAR,5.88235294117647
MASS1643,1.0211267605633803,3.348479722486446,3.279200831676382,142,403.19,145.0,1.33075,0.0,,1.0,0.05,1.33075,C,Z,C-Z,0.75,0.05,4.25,5.58075,53.098591549295776,15.316901408450704,24.06409336488459,8.747191956433888,79.64336246857083,80,80,4.0,106.46000000000001,0.0,True,REORDENAR,5.88235294117647
MASS1210,1.1338028169014085,3.6089504048508143,3.18304942539637,142,670.74,161.0,2.166888888888889,19.0,,1.0,0.05,2.166888888888889,B,Z,B-Z,0.85,0.05,4.25,6.416888888888889,58.95774647887324,17.007042253521128,31.49369130254416,14.486649049023033,78.26409153088574,79,79,3.95,171.18422222222222,19.0,True,REORDENAR,5.8088235294117645
MASS1508,0.9014084507042254,1.811350576227308,2.00946704550217,142,539.82,128.0,0.8939240506329115,0.0,,1.0,0.05,0.8939240506329115,C,Z,C-Z,0.75,0.05,4.25,5.143924050632911,46.87323943661972,13.52112676056338,18.25289535520552,4.731768594642141,77.94164742653022,78,78,3.9000000000000004,69.7260759493671,0.0,True,REORDENAR,5.735294117647059
MASS1516,0.8380281690140845,4.166120231874607,4.971336747278943,142,94.91,119.0,0.6181818181818182,0.0,,1.0,0.05,0.6181818181818182,C,Z,C-Z,0.75,0.05,4.25,4.868181818181818,43.57746478873239,12.570422535211268,23.453526630800596,10.883104095589328,77.25061681723787,78,78,3.9000000000000004,48.21818181818182,0.0,True,REORDENAR,5.735294117647059
MASS0392,0.8661971830985915,3.4849806886924615,4.023311038978289,142,164.68,123.0,0.7004166666666666,0.0,,1.0,0.05,0.7004166666666666,C,Z,C-Z,0.75,0.05,4.25,4.9504166666666665,45.04225352112676,12.992957746478872,22.096729480184365,9.103771733705493,77.88315724506568,78,78,3.9000000000000004,54.63249999999999,0.0,True,REORDENAR,5.735294117647059
MASS1674,1.4577464788732395,4.418887956505645,3.0313144435932444,142,1404.99,207.0,4.14462962962963,0.0,,1.0,0.05,4.14462962962963,B,Z,B-Z,0.85,0.05,4.25,8.39462962962963,75.80281690140845,21.866197183098592,39.60400785703,17.737810673931406,77.58830652839367,78,78,3.9000000000000004,323.28111111111116,0.0,True,REORDENAR,5.735294117647059
MASS1507,0.8450704225352113,2.190552812924438,2.592154161960585,142,451.64,120.0,0.7054794520547946,0.0,,1.0,0.05,0.7054794520547946,C,Z,C-Z,0.75,0.05,4.25,4.955479452054795,43.943661971830984,12.676056338028168,18.39841022199553,5.7223538839673616,76.88819280578295,77,77,3.85,54.32191780821918,0.0,True,REORDENAR,5.661764705882353
MASS1761,0.8943661971830986,2.7281244602514594,3.050343884690608,142,264.34,127.0,1.0825714285714285,0.0,,1.0,0.05,1.0825714285714285,C,Z,C-Z,0.75,0.05,4.25,5.332571428571429,46.50704225352113,13.41549295774648,20.542138573847772,7.1266456161012925,76.25097299867649,77,77,3.85,83.35799999999999,0.0,True,REORDENAR,5.661764705882353
MASS1504,0.8661971830985915,1.9101404398237751,2.2052027841867976,142,521.06,123.0,0.8778666666666667,0.0,,1.0,0.05,0.8778666666666667,C,Z,C-Z,0.75,0.05,4.25,5.127866666666667,45.04225352112676,12.992957746478872,17.98279387380613,4.9898361273272585,76.52371819109355,77,77,3.85,67.59573333333333,0.0,True,REORDENAR,5.661764705882353
MASS1640,1.3309859154929577,3.6838190000775195,2.767737026513269,142,1440.49,189.0,3.805542168674699,26.0,,1.0,0.05,3.805542168674699,B,Z,B-Z,0.85,0.05,4.25,8.055542168674698,69.21126760563381,19.964788732394368,34.75196700520081,14.787178272806443,75.68248517232891,76,76,3.8000000000000003,289.22120481927715,26.0,True,REORDENAR,5.588235294117648
MASS1727,0.8450704225352113,2.394721662109633,2.8337539668297325,142,359.58,120.0,0.9296363636363637,0.0,,1.0,0.05,0.9296363636363637,C,Z,C-Z,0.75,0.05,4.25,5.179636363636364,43.943661971830984,12.676056338028168,18.931757968841364,6.255701630813196,75.20606358238022,76,76,3.8000000000000003,70.65236363636365,0.0,True,REORDENAR,5.588235294117648
MASS2308,1.323943661971831,3.717982553254797,2.8082634178839427,142,11440.62,188.0,31.227870370370372,36.0,9.0,1.0,0.06625,9.0,AA,Z,AA-Z,0.95,0.06625,5.6312500000000005,14.631250000000001,68.84507042253522,19.859154929577464,43.544528223211806,23.685373293634342,56.00800187843027,57,57,3.77625,513.0,36.0,True,REORDENAR,5.553308823529412
MASS1505,0.8380281690140845,2.0923275035662083,2.4967269370285847,142,520.88,119.0,0.9389999999999998,0.0,,1.0,0.05,0.9389999999999998,C,Z,C-Z,0.75,0.05,4.25,5.189,43.57746478873239,12.570422535211268,18.036183664512482,5.465761129301214,74.82444693689278,75,75,3.75,70.42499999999998,0.0,True,REORDENAR,5.514705882352941
MASS3062,1.528169014084507,10.188084865148042,6.66685737719365,142,1455.44,217.0,5.314077669902913,2.0,,1.0,0.05,5.314077669902913,B,Z,B-Z,0.85,0.05,4.25,9.564077669902913,79.46478873239437,22.922535211267604,63.81841721748317,40.89588200621557,74.42523075354157,75,75,3.75,398.55582524271847,2.0,True,REORDENAR,5.514705882352941
MASS2232,1.2605633802816902,4.4858794649398055,3.558630636991354,142,2073.65,179.0,3.717901234567901,24.0,,1.0,0.05,3.717901234567901,B,Z,B-Z,0.85,0.05,4.25,7.967901234567901,65.54929577464789,18.908450704225352,36.91517127247005,18.006720568244695,74.05705105537184,75,75,3.75,278.84259259259255,24.0,True,REORDENAR,5.514705882352941
MASS0559,0.8732394366197183,1.9995004870173603,2.289750557713429,142,482.21,124.0,1.1781818181818182,0.0,,1.0,0.05,1.1781818181818182,C,Z,C-Z,0.75,0.05,4.25,5.428181818181818,45.40845070422535,13.098591549295774,18.321861817134373,5.223270267838599,74.67848857990356,75,75,3.75,88.36363636363636,0.0,True,REORDENAR,5.514705882352941
MASS1475,1.2394366197183098,3.1214871375444044,2.5184725768824174,142,950.29,176.0,3.4386486486486487,0.0,,1.0,0.05,3.4386486486486487,B,Z,B-Z,0.85,0.05,4.25,7.688648648648648,64.45070422535211,18.591549295774648,31.121477280339057,12.52992798456441,74.75550788267981,75,75,3.75,257.89864864864865,0.0,True,REORDENAR,5.514705882352941
MASS2291,0.8380281690140845,3.7124236963644837,4.42995096540972,142,484.95,119.0,1.122,0.0,,1.0,0.05,1.122,C,Z,C-Z,0.75,0.05,4.25,5.372,43.57746478873239,12.570422535211268,22.268340810672893,9.697918275461625,73.53893715459384,74,74,3.7,83.028,0.0,True,REORDENAR,5.4411764705882355
MASS1503,0.7887323943661971,1.9012164299981564,2.41047083089052,142,427.47,112.0,0.8183050847457627,0.0,,1.0,0.05,0.8183050847457627,C,Z,C-Z,0.75,0.05,4.25,5.068305084745763,41.01408450704225,11.830985915492956,16.797509962880895,4.966524047387939,73.44961214864783,74,74,3.7,60.55457627118644,0.0,True,REORDENAR,5.4411764705882355
MASS1087,1.091549295774648,4.3448917256338815,3.9804814518710394,142,789.12,155.0,2.7600000000000002,0.0,,1.0,0.05,2.7600000000000002,B,Z,B-Z,0.85,0.05,4.25,7.01,56.760563380281695,16.37323943661972,33.81402263515304,17.440783198533317,73.47146678671209,74,74,3.7,204.24,0.0,True,REORDENAR,5.4411764705882355
MASS2290,0.8450704225352113,3.5054077264048518,4.148065809579075,142,412.17,120.0,1.32,0.0,,1.0,0.05,1.32,C,Z,C-Z,0.75,0.05,4.25,5.57,43.943661971830984,12.676056338028168,21.833189368435473,9.157133030407305,72.52285549218944,73,73,3.6500000000000004,96.36,0.0,True,REORDENAR,5.36764705882353
MASS2001,0.7323943661971831,2.271986330488254,3.1021351820128085,142,278.29,104.0,0.5776086956521739,0.0,,1.0,0.05,0.5776086956521739,C,Z,C-Z,0.75,0.05,4.25,4.827608695652174,38.08450704225352,10.985915492957746,16.92099714261377,5.935081649656025,72.52078714451538,73,73,3.6500000000000004,42.16543478260869,0.0,True,REORDENAR,5.36764705882353
MASS1509,0.7676056338028169,1.836066922549805,2.391940394514425,142,429.28000000000003,109.0,0.913134328358209,4.0,,1.0,0.05,0.913134328358209,C,Z,C-Z,0.75,0.05,4.25,5.163134328358209,39.91549295774648,11.514084507042254,16.31041930595098,4.796334798908726,71.7907362047089,72,72,3.6,65.74567164179105,4.0,True,REORDENAR,5.294117647058823
MASS1320,1.704225352112676,8.32818740327291,4.8867876498543525,142,2670.94,242.0,7.225072463768115,0.0,,1.0,0.05,7.225072463768115,A,Z,A-Z,0.9,0.05,4.25,11.475072463768115,88.61971830985915,25.56338028169014,66.89973775117677,41.33635746948663,71.7532926069689,72,72,3.6,520.2052173913044,0.0,True,REORDENAR,5.294117647058823
MASS1893,0.7676056338028169,3.327652235985001,4.3351065826593596,142,330.81,109.0,0.8964285714285715,0.0,,1.0,0.05,0.8964285714285715,C,Z,C-Z,0.75,0.05,4.25,5.146428571428571,39.91549295774648,11.514084507042254,20.206869079380382,8.692784572338129,71.90716130178659,72,72,3.6,64.54285714285714,0.0,True,REORDENAR,5.294117647058823
MASS0063,1.1126760563380282,2.560193342514163,2.3009332571962733,142,1381.01,158.0,3.425316455696203,0.0,,1.0,0.05,3.425316455696203,B,Z,B-Z,0.85,0.05,4.25,7.675316455696203,57.85915492957747,16.690140845070424,26.96698543700409,10.276844591933667,70.89119027122167,71,71,3.5500000000000003,243.1974683544304,0.0,True,REORDENAR,5.220588235294118
MASS1892,0.7535211267605634,4.813082967867773,6.387455901282466,142,302.82000000000005,107.0,0.95,0.0,,1.0,0.05,0.95,C,Z,C-Z,0.75,0.05,4.25,5.2,39.183098591549296,11.30281690140845,23.875973710289898,12.573156808881448,70.87647126094636,71,71,3.5500000000000003,67.45,0.0,True,REORDENAR,5.220588235294118
MASS0184,0.8169014084507042,4.13361881588439,5.060119584961925,142,424.94,116.0,1.3987500000000002,0.0,,1.0,0.05,1.3987500000000002,C,Z,C-Z,0.75,0.05,4.25,5.64875,42.47887323943662,12.253521126760564,23.051722177361093,10.798201050600529,70.80512397495882,71,71,3.5500000000000003,99.31125000000002,0.0,True,REORDENAR,5.220588235294118
MASS1701,0.6690140845070423,1.9523465822197614,2.91824436500217,142,181.32,95.0,0.5748888888888888,0.0,,1.0,0.05,0.5748888888888888,C,Z,C-Z,0.75,0.05,4.25,4.824888888888889,34.7887323943662,10.035211267605634,15.13530197607879,5.1000907084731555,69.3314071092546,70,70,3.5,40.24222222222222,0.0,True,REORDENAR,5.147058823529411
MASS0183,0.7816901408450704,4.382615879341874,5.606589683482398,142,418.91,111.0,1.3650000000000002,0.0,,1.0,0.05,1.3650000000000002,C,Z,C-Z,0.75,0.05,4.25,5.615,40.64788732394366,11.725352112676056,23.174005097037632,11.448652984361576,69.47018880465852,70,70,3.5,95.55000000000001,0.0,True,REORDENAR,5.147058823529411
MASS2282,1.0,5.29418254259581,5.29418254259581,142,963.1800000000001,142.0,3.114032258064516,0.0,,1.0,0.05,3.114032258064516,B,Z,B-Z,0.85,0.05,4.25,7.3640322580645154,52.0,15.0,36.251321268633596,21.251321268633596,68.611703339181,69,69,3.45,214.8682258064516,0.0,True,REORDENAR,5.073529411764706
MASS2281,1.0070422535211268,7.617166576272589,7.563899677137815,142,1382.3700000000001,143.0,3.1191666666666666,0.0,,1.0,0.05,3.1191666666666666,B,Z,B-Z,0.85,0.05,4.25,7.369166666666667,52.36619718309859,15.105633802816902,45.681620325128456,30.575986522311553,68.82887947371708,69,69,3.45,215.2225,0.0,True,REORDENAR,5.073529411764706
MASS1440,1.232394366197183,4.370542094292447,3.5463827279401574,142,1142.81,175.0,4.749230769230769,0.0,,1.0,0.05,4.749230769230769,B,Z,B-Z,0.85,0.05,4.25,8.999230769230769,64.08450704225352,18.485915492957744,36.029661560760545,17.5437460678028,68.90142438926185,69,69,3.45,327.69692307692304,0.0,True,REORDENAR,5.073529411764706
MASS2204,0.8450704225352113,3.160697864066304,3.7401591391451268,142,836.02,120.0,1.9366336633663366,1.0,,1.0,0.05,1.9366336633663366,B,Z,B-Z,0.85,0.05,4.25,6.186633663366337,43.943661971830984,12.676056338028168,25.363379678681838,12.68732334065367,68.81376071090546,69,69,3.45,133.62772277227722,1.0,True,REORDENAR,5.073529411764706
MASS2438,0.676056338028169,2.1156267477536312,3.1293645643855794,142,324.56,96.0,0.7466666666666667,2.0,,1.0,0.05,0.7466666666666667,C,Z,C-Z,0.75,0.05,4.25,4.996666666666667,35.154929577464785,10.140845070422536,15.66747052569789,5.526625455275354,68.4868667040326,69,69,3.45,51.52,2.0,True,REORDENAR,5.073529411764706
MASS0181,0.7323943661971831,4.36282733000716,5.956937315971314,142,407.24,104.0,1.227,0.0,,1.0,0.05,1.227,C,Z,C-Z,0.75,0.05,4.25,5.477,38.08450704225352,10.985915492957746,22.38287509586991,11.396959602912164,68.08589791229149,69,69,3.45,84.66300000000001,0.0,True,REORDENAR,5.073529411764706
MASS2292,0.7394366197183099,2.8525951291993326,3.857795317583859,142,345.75,105.0,1.3262500000000002,0.0,,1.0,0.05,1.3262500000000002,C,Z,C-Z,0.75,0.05,4.25,5.57625,38.45070422535211,11.091549295774648,18.543348093160343,7.451798797385695,67.80089105578267,68,68,3.4000000000000004,90.18500000000002,0.0,True,REORDENAR,5.0
MASS2035,1.7535211267605635,5.779870449011112,3.2961510191147703,142,6286.87,249.0,8.987257142857143,0.0,,1.0,0.05,8.987257142857143,A,Z,A-Z,0.9,0.05,4.25,13.237257142857143,91.1830985915493,26.302816901408452,54.99078697683595,28.687970075427497,67.76610758637932,68,68,3.4000000000000004,611.1334857142857,0.0,True,REORDENAR,5.0
MASS1891,0.6690140845070423,2.9576726306119725,4.420942247862106,142,277.77,95.0,0.89,3.0,,1.0,0.05,0.89,C,Z,C-Z,0.75,0.05,4.25,5.14,34.7887323943662,10.035211267605634,17.761502715786392,7.726291448180758,67.17259299441656,68,68,3.4000000000000004,60.52,3.0,True,REORDENAR,5.0
MASS0949,0.8661971830985915,3.3963452890637016,3.9209839922524035,142,617.35,123.0,2.3723809523809525,0.0,,1.0,0.05,2.3723809523809525,C,Z,C-Z,0.75,0.05,4.25,6.6223809523809525,45.04225352112676,12.992957746478872,21.86518832749903,8.872230581020158,67.33755540013806,68,68,3.4000000000000004,161.32190476190476,0.0,True,REORDENAR,5.0
MASS0358,1.176056338028169,7.185781168661881,6.110065424850222,142,1003.51,167.0,4.8116666666666665,0.0,,1.0,0.05,4.8116666666666665,B,Z,B-Z,0.85,0.05,4.25,9.061666666666667,61.154929577464785,17.640845070422536,46.48521206243345,28.84436699201091,67.07583139031132,68,68,3.4000000000000004,327.1933333333333,0.0,True,REORDENAR,5.0
MASS0365,0.9014084507042254,1.9653374248934818,2.1802962057412065,142,1078.89,128.0,2.805222222222222,0.0,,1.0,0.05,2.805222222222222,B,Z,B-Z,0.85,0.05,4.25,7.055222222222222,46.87323943661972,13.52112676056338,21.41016660413515,7.889039843571769,66.55206051105863,67,67,3.35,187.94988888888886,0.0,True,REORDENAR,4.926470588235294
MASS2049,0.8802816901408451,2.913608068499518,3.309858765815452,142,828.83,125.0,2.5492537313432835,1.0,,1.0,0.05,2.5492537313432835,B,Z,B-Z,0.85,0.05,4.25,6.799253731343283,45.774647887323944,13.204225352112676,24.89970819887659,11.695482846763912,66.99405299573525,67,67,3.35,170.79999999999998,1.0,True,REORDENAR,4.926470588235294
MASS0827,0.6549295774647887,2.396941830092976,3.6598466653032538,142,148.44,93.0,0.8658064516129033,0.0,,1.0,0.05,0.8658064516129033,C,Z,C-Z,0.75,0.05,4.25,5.115806451612904,34.056338028169016,9.823943661971832,16.085445010010552,6.2615013480387205,66.61872118977556,67,67,3.35,58.009032258064515,0.0,True,REORDENAR,4.926470588235294
MASS1105,0.6549295774647887,4.821708850204484,7.362179104613298,142,124.6,93.0,0.9600000000000001,0.0,,1.0,0.05,0.9600000000000001,C,Z,C-Z,0.75,0.05,4.25,5.21,34.056338028169016,9.823943661971832,22.41963375605914,12.59569009408731,66.01376194582791,67,67,3.35,64.32000000000001,0.0,True,REORDENAR,4.926470588235294
MASS1024,0.7676056338028169,5.593392115800821,7.28680440774052,142,293.49,109.0,1.8791666666666667,0.0,,1.0,0.05,1.8791666666666667,C,Z,C-Z,0.75,0.05,4.25,6.129166666666666,39.91549295774648,11.514084507042254,26.125633203590084,14.61154869654783,65.8907428141921,66,66,3.3000000000000003,124.025,0.0,True,REORDENAR,4.852941176470589
MASS1894,0.647887323943662,2.724194677275531,4.204735262751363,142,280.27,92.0,0.9369999999999999,0.0,,1.0,0.05,0.9369999999999999,C,Z,C-Z,0.75,0.05,4.25,5.187,33.690140845070424,9.71830985915493,16.8346897520366,7.116379892881669,65.80329787570967,66,66,3.3000000000000003,61.842,0.0,True,REORDENAR,4.852941176470589
MASS1765,0.676056338028169,4.613500533662967,6.824136206043139,142,183.64,96.0,1.358235294117647,0.0,,1.0,0.05,1.358235294117647,C,Z,C-Z,0.75,0.05,4.25,5.608235294117647,35.154929577464785,10.140845070422536,22.1926351673009,12.051790096878364,64.64491570906706,65,65,3.25,88.28529411764706,0.0,True,REORDENAR,4.779411764705882
MASS2028,0.6549295774647887,1.9352855440088073,2.954952120959684,142,541.43,93.0,1.1337142857142857,0.0,,1.0,0.05,1.1337142857142857,C,Z,C-Z,0.75,0.05,4.25,5.3837142857142855,34.056338028169016,9.823943661971832,14.879466032400384,5.055522370428552,64.94000870238303,65,65,3.25,73.69142857142857,0.0,True,REORDENAR,4.779411764705882
MASS0383,0.6408450704225352,2.9083922328465106,4.53837029740884,142,181.69,91.0,1.0876,0.0,,1.0,0.05,1.0876,C,Z,C-Z,0.75,0.05,4.25,5.3376,33.32394366197183,9.612676056338028,17.210232934006346,7.5975568776683176,64.51482951356802,65,65,3.25,70.69399999999999,0.0,True,REORDENAR,4.779411764705882
MASS1854,1.1126760563380282,7.100193376199174,6.381186452027105,142,1609.23,158.0,4.881754385964912,2.0,,1.0,0.05,4.881754385964912,B,Z,B-Z,0.85,0.05,4.25,9.131754385964912,57.85915492957747,16.690140845070424,45.19095079882963,28.50080995375921,64.99250894633022,65,65,3.25,317.31403508771933,2.0,True,REORDENAR,4.779411764705882
MASS1498,0.7112676056338029,2.295790121611569,3.227744527414285,142,391.72,101.0,1.6739622641509433,0.0,,1.0,0.05,1.6739622641509433,C,Z,C-Z,0.75,0.05,4.25,5.923962264150943,36.98591549295775,10.669014084507044,16.666278081826167,5.9972639973191235,64.5158487809648,65,65,3.25,108.80754716981131,0.0,True,REORDENAR,4.779411764705882
MASS1342,0.9859154929577465,4.952234133680851,5.022980335590577,142,714.08,140.0,3.9,0.0,,1.0,0.05,3.9,B,Z,B-Z,0.85,0.05,4.25,8.15,51.267605633802816,14.788732394366198,34.66744222833875,19.87870983397255,64.75854516972419,65,65,3.25,253.5,0.0,True,REORDENAR,4.779411764705882
MASS2025,0.6197183098591549,1.859353942424215,3.000321134366347,142,472.19,88.0,1.1140625,0.0,,1.0,0.05,1.1140625,C,Z,C-Z,0.75,0.05,4.25,5.3640625,32.225352112676056,9.295774647887324,14.15294183934926,4.8571671914619365,63.28580248228902,64,64,3.2,71.3,0.0,True,REORDENAR,4.705882352941177
MASS1330,0.8943661971830986,2.9456248274031442,3.293533271584618,142,943.97,127.0,3.467647058823529,0.0,,1.0,0.05,3.467647058823529,B,Z,B-Z,0.85,0.05,4.25,7.717647058823529,46.50704225352113,13.41549295774648,25.239493932468207,11.824000974721727,63.382778555599366,64,64,3.2,221.92941176470586,0.0,True,REORDENAR,4.705882352941177
MASS1086,0.823943661971831,4.38776392716056,5.325320321852987,142,468.13,117.0,2.78,0.0,,1.0,0.05,2.78,C,Z,C-Z,0.75,0.05,4.25,7.029999999999999,42.845070422535215,12.359154929577464,23.821256095264,11.462101165686537,63.742213182081706,64,64,3.2,177.92,0.0,True,REORDENAR,4.705882352941177
MASS2439,0.5845070422535211,2.1445724259210683,3.66902752386496,142,237.93,83.0,0.7556521739130436,13.0,,1.0,0.05,0.7556521739130436,C,Z,C-Z,0.75,0.05,4.25,5.0056521739130435,30.3943661971831,8.767605633802816,14.369845524351417,5.602239890548601,63.62394323420407,64,64,3.2,48.36173913043479,13.0,True,REORDENAR,4.705882352941177
MASS1004,1.1690140845070423,4.264269879198207,3.647748932808105,142,1335.49,166.0,5.99375,0.0,,1.0,0.05,5.99375,B,Z,B-Z,0.85,0.05,4.25,10.24375,60.7887323943662,17.535211267605632,34.65237117848501,17.11715991087938,62.8979409798057,63,63,3.1500000000000004,377.60625000000005,0.0,True,REORDENAR,4.632352941176471
MASS1672,0.676056338028169,3.227869103163591,4.774556381762812,142,284.31,96.0,1.7614285714285716,1.0,,1.0,0.05,1.7614285714285716,C,Z,C-Z,0.75,0.05,4.25,6.011428571428572,35.154929577464785,10.140845070422536,18.57296740522587,8.432122334803335,62.439388486032755,63,63,3.1500000000000004,110.97000000000001,1.0,True,REORDENAR,4.632352941176471
MASS1816,0.795774647887324,4.389766843667675,5.516344175228405,142,609.75,113.0,2.7609756097560973,0.0,,1.0,0.05,2.7609756097560973,C,Z,C-Z,0.75,0.05,4.25,7.010975609756097,41.38028169014085,11.93661971830986,23.403953077891074,11.467333359581215,62.72806107653467,63,63,3.1500000000000004,173.94146341463414,0.0,True,REORDENAR,4.632352941176471
MASS0988,0.7394366197183099,3.2955581054581486,4.456850009286258,142,365.1,105.0,2.419285714285714,0.0,,1.0,0.05,2.419285714285714,C,Z,C-Z,0.75,0.05,4.25,6.669285714285714,38.45070422535211,11.091549295774648,19.70049476987725,8.608945474102601,61.996455159609724,62,62,3.1,149.99571428571426,0.0,True,REORDENAR,4.558823529411765
MASS1733,1.0422535211267605,2.8704244859597763,2.754055925718164,142,1639.06,148.0,5.257285714285715,0.0,,1.0,0.05,5.257285714285715,B,Z,B-Z,0.85,0.05,4.25,9.507285714285715,54.197183098591545,15.633802816901408,27.155942908915378,11.52214009201397,61.647356024709616,62,62,3.1,325.9517142857143,0.0,True,REORDENAR,4.558823529411765
MASS1673,0.7253521126760564,3.2532457686387173,4.485057273268911,142,373.06,103.0,2.3684615384615384,0.0,,1.0,0.05,2.3684615384615384,C,Z,C-Z,0.75,0.05,4.25,6.618461538461538,37.71830985915493,10.880281690140846,19.378695172725212,8.498413482584366,61.63848528470827,62,62,3.1,146.8446153846154,0.0,True,REORDENAR,4.558823529411765
MASS2203,0.6549295774647887,2.143920233272847,3.2735126142445616,142,610.94,93.0,1.9779166666666665,0.0,,1.0,0.05,1.9779166666666665,C,Z,C-Z,0.75,0.05,4.25,6.227916666666666,34.056338028169016,9.823943661971832,15.424479837772438,5.600536175800606,60.37844834451471,61,61,3.0500000000000003,120.65291666666666,0.0,True,REORDENAR,4.48529411764706
MASS1332,0.8450704225352113,2.6182549942401807,3.0982684098508804,142,920.94,120.0,3.786222222222222,0.0,,1.0,0.05,3.786222222222222,B,Z,B-Z,0.85,0.05,4.25,8.036222222222221,43.943661971830984,12.676056338028168,23.185965582396754,10.509909244368586,60.37769431811717,61,61,3.0500000000000003,230.95955555555554,0.0,True,REORDENAR,4.48529411764706
MASS1316,0.6267605633802817,2.5836615804167673,4.122246566507651,142,290.77,89.0,1.6252000000000002,0.0,,1.0,0.05,1.6252000000000002,C,Z,C-Z,0.75,0.05,4.25,5.8752,32.59154929577465,9.401408450704226,16.15067548153072,6.749267030826493,60.81287642110955,61,61,3.0500000000000003,99.1372,0.0,True,REORDENAR,4.48529411764706
MASS2050,0.6901408450704225,2.63953332053883,3.8246299134338146,142,462.55999999999995,98.0,2.2489999999999997,1.0,,1.0,0.05,2.2489999999999997,C,Z,C-Z,0.75,0.05,4.25,6.499,35.88732394366197,10.352112676056338,17.247332759101035,6.895220083044697,60.673862002117815,61,61,3.0500000000000003,137.189,1.0,True,REORDENAR,4.48529411764706
MASS0632,0.7535211267605634,3.187267710280594,4.229831914577985,142,432.2,107.0,2.9242105263157896,0.0,,1.0,0.05,2.9242105263157896,C,Z,C-Z,0.75,0.05,4.25,7.17421052631579,39.183098591549296,11.30281690140845,19.628876722271144,8.326059820862694,60.341583174560526,61,61,3.0500000000000003,178.37684210526317,0.0,True,REORDENAR,4.48529411764706
MASS1066,1.0,3.339002271669303,3.339002271669303,142,1000.82,142.0,5.209333333333333,0.0,,1.0,0.05,5.209333333333333,B,Z,B-Z,0.85,0.05,4.25,9.459333333333333,52.0,15.0,28.40305314768198,13.40305314768198,60.537680570909636,61,61,3.0500000000000003,317.76933333333335,0.0,True,REORDENAR,4.48529411764706
MASS1167,0.49295774647887325,1.9848592814092147,4.02642882800155,142,103.59,70.0,0.5363636363636364,0.0,,1.0,0.05,0.5363636363636364,C,Z,C-Z,0.75,0.05,4.25,4.786363636363636,25.633802816901408,7.394366197183099,12.579389425606161,5.185023228423062,59.75277026836582,60,60,3.0,32.18181818181818,0.0,True,REORDENAR,4.411764705882353
MASS2027,0.5352112676056338,2.0478737349949263,3.8262903995957838,142,376.56,76.0,1.019811320754717,7.0,,1.0,0.05,1.019811320754717,C,Z,C-Z,0.75,0.05,4.25,5.269811320754717,27.830985915492956,8.028169014084506,13.377804116320771,5.349635102236265,59.33639173379569,60,60,3.0,61.18867924528302,7.0,True,REORDENAR,4.411764705882353
MASS1704,0.49295774647887325,1.7814906455515822,3.6138810238332097,142,126.97,70.0,0.6464516129032257,0.0,,1.0,0.05,0.6464516129032257,C,Z,C-Z,0.75,0.05,4.25,4.896451612903226,25.633802816901408,7.394366197183099,12.048132066089027,4.653765868905928,59.07723442428202,60,60,3.0,38.78709677419354,0.0,True,REORDENAR,4.411764705882353
MASS0859,0.6197183098591549,2.3024267012033506,3.715279449669043,142,301.14,88.0,1.882105263157895,0.0,,1.0,0.05,1.882105263157895,C,Z,C-Z,0.75,0.05,4.25,6.132105263157895,32.225352112676056,9.295774647887324,15.310375299579364,6.0146006516920405,59.19000893359677,60,60,3.0,112.92631578947369,0.0,True,REORDENAR,4.411764705882353
MASS0770,0.5070422535211268,4.986146024997578,9.833787993745224,142,79.41,72.0,0.69375,0.0,,1.0,0.05,0.69375,C,Z,C-Z,0.75,0.05,4.25,4.94375,26.366197183098592,7.605633802816901,20.63088108461231,13.025247281795409,59.6279485267475,60,60,3.0,41.625,0.0,True,REORDENAR,4.411764705882353
MASS0151,0.7676056338028169,4.130264520160041,5.3807115767222555,142,536.24,109.0,3.2047368421052633,0.0,,1.0,0.05,3.2047368421052633,C,Z,C-Z,0.75,0.05,4.25,7.454736842105263,39.91549295774648,11.514084507042254,22.303523172616977,10.789438665574723,59.74601732867511,60,60,3.0,192.2842105263158,0.0,True,REORDENAR,4.411764705882353
MASS1836,5.0,12.826722991280176,2.5653445982560354,142,11537.62,710.0,7.803544973544973,82.0,5.0,10.0,0.17496,5.0,AA,Z,AA-Z,0.95,0.017496,1.48716,6.48716,260.0,75.0,156.71251958042552,81.71251958042552,163.46084501459924,17,170,2.97432,850.0,82.0,True,REORDENAR,4.3740000000000006
MASS1190,0.49295774647887325,2.5481086822107892,5.1690204696276005,142,69.31,70.0,0.696923076923077,0.0,,1.0,0.05,0.696923076923077,C,Z,C-Z,0.75,0.05,4.25,4.946923076923077,25.633802816901408,7.394366197183099,14.050758833959412,6.656392636776313,58.77509117085144,59,59,2.95,41.11846153846154,0.0,True,REORDENAR,4.338235294117648
MASS2002,0.7253521126760564,2.912785136432805,4.015684362849109,142,555.59,103.0,3.004705882352941,0.0,,1.0,0.05,3.004705882352941,C,Z,C-Z,0.75,0.05,4.25,7.2547058823529404,37.71830985915493,10.880281690140846,18.489314095242516,7.6090324051016704,58.87359790530095,59,59,2.95,177.2776470588235,0.0,True,REORDENAR,4.338235294117648
MASS1065,0.8732394366197183,2.4170175482996257,2.7678749343431197,142,1055.92,124.0,4.68139534883721,0.0,,1.0,0.05,4.68139534883721,B,Z,B-Z,0.85,0.05,4.25,8.93139534883721,45.40845070422535,13.098591549295774,22.800715723815756,9.702124174519982,58.21877401827613,59,59,2.95,276.20232558139537,0.0,True,REORDENAR,4.338235294117648
MASS1292,0.5492957746478874,2.1056407349794304,3.833345953424091,142,168.79999999999998,78.0,1.3321052631578947,0.0,,1.0,0.05,1.3321052631578947,C,Z,C-Z,0.75,0.05,4.25,5.582105263157895,28.563380281690144,8.23943661971831,13.739975737952786,5.500539118234476,58.40636262749459,59,59,2.95,78.59421052631579,0.0,True,REORDENAR,4.338235294117648
MASS0286,0.8661971830985915,3.698243541760927,4.269516934390664,142,1279.81,123.0,4.418723404255319,0.0,,1.0,0.05,4.418723404255319,B,Z,B-Z,0.85,0.05,4.25,8.668723404255319,45.04225352112676,12.992957746478872,27.838037417093293,14.845079670614421,58.85547279658073,59,59,2.95,260.7046808510638,0.0,True,REORDENAR,4.338235294117648
MASS1651,1.2183098591549295,2.609628100954651,2.1420068805523726,142,2931.86,173.0,8.315714285714286,19.0,,1.0,0.05,8.315714285714286,A,Z,A-Z,0.9,0.05,4.25,12.565714285714286,63.352112676056336,18.274647887323944,31.22734873566052,12.952700848336576,57.97507662669461,58,58,2.9000000000000004,482.31142857142856,19.0,True,REORDENAR,4.264705882352942
MASS1329,0.7887323943661971,2.422796537605068,3.07175989589214,142,897.84,112.0,3.9335555555555555,0.0,,1.0,0.05,3.9335555555555555,B,Z,B-Z,0.85,0.05,4.25,8.183555555555555,41.01408450704225,11.830985915492956,21.556307468900016,9.72532155340706,57.80293143381231,58,58,2.9000000000000004,228.1462222222222,0.0,True,REORDENAR,4.264705882352942
MASS0987,0.5140845070422535,1.9194263160847913,3.7336785874526077,142,117.15,73.0,1.1470588235294117,0.0,,1.0,0.05,1.1470588235294117,C,Z,C-Z,0.75,0.05,4.25,5.397058823529411,26.732394366197184,7.711267605633802,12.725361112091456,5.0140935064576535,57.46385061043191,58,58,2.9000000000000004,66.52941176470588,0.0,True,REORDENAR,4.264705882352942
MASS1466,0.5422535211267606,2.088887312608018,3.8522337453290714,142,146.55,77.0,1.4494736842105262,0.0,,1.0,0.05,1.4494736842105262,C,Z,C-Z,0.75,0.05,4.25,5.699473684210526,28.19718309859155,8.13380281690141,13.590577178125159,5.456774361223749,57.43013753012782,58,58,2.9000000000000004,84.06947368421052,0.0,True,REORDENAR,4.264705882352942
MASS0285,0.8943661971830986,3.6741530533273647,4.108108138366029,142,1373.62,127.0,5.035744680851064,0.0,,1.0,0.05,5.035744680851064,B,Z,B-Z,0.85,0.05,4.25,9.285744680851064,46.50704225352113,13.41549295774648,28.163871257544752,14.748378299798272,57.78370191213104,58,58,2.9000000000000004,292.0731914893617,0.0,True,REORDENAR,4.264705882352942
MASS1702,0.45774647887323944,1.7119655637014344,3.739986308393903,142,128.74,65.0,0.5248571428571428,4.0,,1.0,0.05,0.5248571428571428,C,Z,C-Z,0.75,0.05,4.25,4.774857142857143,23.802816901408452,6.866197183098592,11.33834354490521,4.472146361806619,57.64854587090279,58,58,2.9000000000000004,30.441714285714284,4.0,True,REORDENAR,4.264705882352942
MASS2231,1.0070422535211268,4.6790562163983624,4.6463355435564155,142,2996.8,143.0,6.721756756756757,0.0,,1.0,0.05,6.721756756756757,A,Z,A-Z,0.9,0.05,4.25,10.971756756756758,52.36619718309859,15.105633802816902,38.329791835674776,23.224158032857872,56.408143104581384,57,57,2.85,383.14013513513515,0.0,True,REORDENAR,4.1911764705882355
MASS1695,0.6267605633802817,2.3204583642629086,3.7023043564644156,142,873.0699999999999,89.0,2.5264179104477615,0.0,,1.0,0.05,2.5264179104477615,B,Z,B-Z,0.85,0.05,4.25,6.776417910447762,32.59154929577465,9.401408450704226,18.71593544192133,9.314526991217106,56.62481323510005,57,57,2.85,144.00582089552242,0.0,True,REORDENAR,4.1911764705882355
MASS2029,0.5492957746478874,1.8240997577109952,3.3207969948071963,142,462.52,78.0,1.738723404255319,0.0,,1.0,0.05,1.738723404255319,C,Z,C-Z,0.75,0.05,4.25,5.988723404255319,28.563380281690144,8.23943661971831,13.004509742674099,4.765073122955789,56.38869499968877,57,57,2.85,99.10723404255319,0.0,True,REORDENAR,4.1911764705882355
MASS2026,0.4788732394366197,1.7247399222551318,3.6016627788268933,142,335.94,68.0,1.0999999999999999,0.0,,1.0,0.05,1.0999999999999999,C,Z,C-Z,0.75,0.05,4.25,5.35,24.901408450704224,7.183098591549295,11.68861525141659,4.505516659867294,55.704391623943565,56,56,2.8000000000000003,61.599999999999994,0.0,True,REORDENAR,4.11764705882353
MASS1855,0.7535211267605634,4.929555702964366,6.542027194588225,142,1081.3,107.0,4.148750000000001,0.0,,1.0,0.05,4.148750000000001,B,Z,B-Z,0.85,0.05,4.25,8.39875,39.183098591549296,11.30281690140845,31.09049349027719,19.78767658886874,55.76945904089877,56,56,2.8000000000000003,232.33000000000004,0.0,True,REORDENAR,4.11764705882353
MASS1706,0.5845070422535211,1.697904247383635,2.904848230463568,142,477.88,83.0,2.2942857142857145,0.0,,1.0,0.05,2.2942857142857145,C,Z,C-Z,0.75,0.05,4.25,6.5442857142857145,30.3943661971831,8.767605633802816,13.203019793778868,4.435414159976052,55.644185584533055,56,56,2.8000000000000003,128.48000000000002,0.0,True,REORDENAR,4.11764705882353
MASS1700,0.4225352112676056,1.4890805562516396,3.524157316462214,142,155.9,60.0,0.5579411764705882,6.0,,1.0,0.05,0.5579411764705882,C,Z,C-Z,0.75,0.05,4.25,4.807941176470588,21.971830985915492,6.338028169014084,10.227934796387775,3.8899066273736906,55.19604022825782,56,56,2.8000000000000003,31.24470588235294,6.0,True,REORDENAR,4.11764705882353
MASS0692,0.6619718309859155,2.3395681360094356,3.534241226737658,142,671.5699999999999,94.0,3.296470588235294,0.0,,1.0,0.05,3.296470588235294,B,Z,B-Z,0.85,0.05,4.25,7.5464705882352945,34.42253521126761,9.929577464788732,19.320812785476583,9.391235320687851,55.14470972859265,56,56,2.8000000000000003,184.60235294117646,0.0,True,REORDENAR,4.11764705882353
MASS0279,0.6267605633802817,3.1434027614969917,5.015316765534526,142,293.26,89.0,2.7172727272727273,0.0,,1.0,0.05,2.7172727272727273,C,Z,C-Z,0.75,0.05,4.25,6.967272727272727,32.59154929577465,9.401408450704226,17.61288041111412,8.211471960409893,55.84386492662952,56,56,2.8000000000000003,152.16727272727272,0.0,True,REORDENAR,4.11764705882353
MASS1360,0.7746478873239436,3.207691037184062,4.140837520728517,142,630.11,110.0,4.757142857142857,1.0,,1.0,0.05,4.757142857142857,C,Z,C-Z,0.75,0.05,4.25,9.007142857142856,40.28169014084507,11.619718309859154,19.99912973372364,8.379411423864484,54.60277153328583,55,55,2.75,261.64285714285717,1.0,True,REORDENAR,4.044117647058823
MASS2268,0.4225352112676056,2.2607472048602184,5.350435051502517,142,141.07,60.0,0.6128571428571429,0.0,,1.0,0.05,0.6128571428571429,C,Z,C-Z,0.75,0.05,4.25,4.862857142857143,21.971830985915492,6.338028169014084,12.243749990497728,5.9057218214836436,54.883492471023125,55,55,2.75,33.707142857142856,0.0,True,REORDENAR,4.044117647058823
MASS0980,0.7394366197183099,2.072034589461788,2.802180111462609,142,881.11,105.0,4.306571428571429,4.0,,1.0,0.05,4.306571428571429,B,Z,B-Z,0.85,0.05,4.25,8.556571428571429,38.45070422535211,11.091549295774648,19.40888108138844,8.317331785613792,54.73392964087248,55,55,2.75,236.8614285714286,4.0,True,REORDENAR,4.044117647058823
MASS0051,0.4295774647887324,1.7761137244111806,4.134559817481765,142,140.94,61.0,0.806,0.0,,1.0,0.05,0.806,C,Z,C-Z,0.75,0.05,4.25,5.056,22.338028169014084,6.443661971830986,11.083381776478602,4.639719804647616,54.27167867934249,55,55,2.75,44.330000000000005,0.0,True,REORDENAR,4.044117647058823
MASS2278,0.6126760563380281,2.5843187547651985,4.218083484789175,142,746.34,87.0,3.1121666666666665,14.0,,1.0,0.05,3.1121666666666665,B,Z,B-Z,0.85,0.05,4.25,7.362166666666667,31.859154929577464,9.190140845070422,19.563826995140765,10.373686150070343,53.71167226533718,54,54,2.7,168.057,14.0,True,REORDENAR,3.970588235294118
MASS2266,0.39436619718309857,2.1203430288479312,5.376584108864398,142,103.24,56.0,0.5375,0.0,,1.0,0.05,0.5375,C,Z,C-Z,0.75,0.05,4.25,4.7875,20.507042253521124,5.915492957746478,11.45443869549967,5.538945737753192,53.438159280902006,54,54,2.7,29.025,0.0,True,REORDENAR,3.970588235294118
MASS0335,0.5211267605633803,2.6543642902277447,5.093509854220808,142,225.94,74.0,2.0205882352941176,0.0,,1.0,0.05,2.0205882352941176,C,Z,C-Z,0.75,0.05,4.25,6.270588235294118,27.098591549295772,7.816901408450704,14.75086424926031,6.933962840809606,53.67518973751769,54,54,2.7,109.11176470588235,0.0,True,REORDENAR,3.970588235294118
MASS1354,0.8450704225352113,5.085504047136844,6.0178464557785984,142,1461.13,120.0,6.3628125,0.0,,1.0,0.05,6.3628125,B,Z,B-Z,0.85,0.05,4.25,10.6128125,43.943661971830984,12.676056338028168,33.089723499880776,20.413667161852608,52.539658714664334,53,53,2.6500000000000004,337.2290625,0.0,True,REORDENAR,3.8970588235294126
MASS1654,0.9647887323943662,4.051813308853361,4.199689706986695,142,1881.1599999999999,137.0,7.78258064516129,17.0,,1.0,0.05,7.78258064516129,B,Z,B-Z,0.85,0.05,4.25,12.03258064516129,50.16901408450705,14.471830985915494,30.736171260202475,16.26434027428698,52.72210759906805,53,53,2.6500000000000004,412.47677419354835,17.0,True,REORDENAR,3.8970588235294126
MASS2032,0.47183098591549294,1.8128527026722983,3.842165429544274,142,307.35,67.0,1.6194736842105264,6.0,,1.0,0.05,1.6194736842105264,C,Z,C-Z,0.75,0.05,4.25,5.869473684210527,24.535211267605632,7.077464788732394,11.813157369614895,4.7356925808825014,52.789760485141365,53,53,2.6500000000000004,85.8321052631579,6.0,True,REORDENAR,3.8970588235294126
MASS1730,0.5915492957746479,1.7791341011950061,3.007583837734415,142,687.37,84.0,3.2466666666666666,0.0,,1.0,0.05,3.2466666666666666,B,Z,B-Z,0.85,0.05,4.25,7.496666666666666,30.76056338028169,8.873239436619718,16.014842518922677,7.141603082302959,52.30189358853414,53,53,2.6500000000000004,172.07333333333332,0.0,True,REORDENAR,3.8970588235294126
MASS1480,0.5,5.8742737592473135,11.748547518494627,142,142.0,71.0,2.066666666666667,0.0,,1.0,0.05,2.066666666666667,C,Z,C-Z,0.75,0.05,4.25,6.316666666666666,26.0,7.5,22.845292322279175,15.345292322279175,52.38380784687439,53,53,2.6500000000000004,109.53333333333335,0.0,True,REORDENAR,3.8970588235294126
MASS1501,0.6619718309859155,3.731953881313451,5.637632459005426,142,713.56,94.0,4.084545454545455,0.0,,1.0,0.05,4.084545454545455,B,Z,B-Z,0.85,0.05,4.25,8.334545454545456,34.42253521126761,9.929577464788732,24.909973447249506,14.980395982460774,52.472872248602954,53,53,2.6500000000000004,216.4809090909091,0.0,True,REORDENAR,3.8970588235294126
MASS1825,1.1267605633802817,4.9806137007281075,4.420294659396196,142,2882.4,160.0,10.11457627118644,0.0,,1.0,0.05,10.11457627118644,A,Z,A-Z,0.9,0.05,4.25,14.36457627118644,58.59154929577465,16.901408450704228,41.622325305890556,24.720916855186328,52.14653447399797,53,53,2.6500000000000004,536.0725423728813,0.0,True,REORDENAR,3.8970588235294126
MASS2305,0.4507042253521127,1.5371405007315082,3.410530485998034,142,8129.34,64.0,64.07169811320755,2.0,26.0,1.0,0.12544,26.0,AA,Z,AA-Z,0.95,0.12544,10.6624,36.6624,23.43661971830986,6.76056338028169,16.55290265113645,9.79233927085476,20.64388406283378,21,21,2.63424,546.0,2.0,True,REORDENAR,3.8738823529411768
MASS0622,0.7323943661971831,2.872998515051089,3.922747972473602,142,988.01,104.0,5.481111111111111,1.0,,1.0,0.05,5.481111111111111,B,Z,B-Z,0.85,0.05,4.25,9.731111111111112,38.08450704225352,10.985915492957746,22.518387967494263,11.532472474536517,51.079580753165665,52,52,2.6,285.0177777777778,1.0,True,REORDENAR,3.823529411764706
MASS2267,0.3732394366197183,1.9950618288987332,5.345259994407926,142,98.34,53.0,0.5846666666666667,0.0,,1.0,0.05,0.5846666666666667,C,Z,C-Z,0.75,0.05,4.25,4.834666666666667,19.408450704225352,5.598591549295775,10.810266765704949,5.211675216409174,51.7328657297402,52,52,2.6,30.40266666666667,0.0,True,REORDENAR,3.823529411764706
MASS2047,0.5845070422535211,4.648255919009035,7.952437837340758,142,525.62,83.0,3.52,0.0,,1.0,0.05,3.52,C,Z,C-Z,0.75,0.05,4.25,7.77,30.3943661971831,8.767605633802816,20.91018679180074,12.142581157997924,51.067007231259765,52,52,2.6,183.04,0.0,True,REORDENAR,3.823529411764706
MASS1471,0.6408450704225352,2.4096188724730645,3.760064614188738,142,843.51,91.0,4.071,1.0,,1.0,0.05,4.071,B,Z,B-Z,0.85,0.05,4.25,8.321,33.32394366197183,9.612676056338028,19.285101285706858,9.67242522936883,51.67075474544351,52,52,2.6,211.69199999999998,1.0,True,REORDENAR,3.823529411764706
MASS1500,0.6338028169014085,3.68720015872321,5.817582472652175,142,714.05,90.0,3.925957446808511,0.0,,1.0,0.05,3.925957446808511,B,Z,B-Z,0.85,0.05,4.25,8.17595744680851,32.95774647887324,9.507042253521128,24.307792798923323,14.800750545402195,51.839859236324514,52,52,2.6,204.14978723404258,0.0,True,REORDENAR,3.823529411764706
MASS1319,0.7394366197183099,6.011430692533332,8.129744365140315,142,4076.1,105.0,5.302222222222222,0.0,,1.0,0.05,5.302222222222222,A,Z,A-Z,0.9,0.05,4.25,9.552222222222223,38.45070422535211,11.091549295774648,40.92885193763722,29.83730264186257,51.80292840490646,52,52,2.6,275.71555555555557,0.0,True,REORDENAR,3.823529411764706
MASS2205,0.4507042253521127,1.2969000945174325,2.877497084710553,142,459.2,64.0,1.5967164179104478,1.0,,1.0,0.05,1.5967164179104478,C,Z,C-Z,0.75,0.05,4.25,5.846716417910448,23.43661971830986,6.76056338028169,10.148439376328476,3.3878759960467857,51.694678912031875,52,52,2.6,83.02925373134329,1.0,True,REORDENAR,3.823529411764706
MASS1326,1.0492957746478873,8.911167163159337,8.492521725963933,142,4066.08,149.0,10.0175,0.0,,1.0,0.05,10.0175,A,Z,A-Z,0.9,0.05,4.25,14.2675,54.56338028169014,15.739436619718308,59.96937207745607,44.22993545773777,50.49298709264255,51,51,2.5500000000000003,510.8925,0.0,True,REORDENAR,3.7500000000000004
MASS1003,0.36619718309859156,1.205653780675554,3.2923622472293976,142,137.75,52.0,0.76,0.0,,1.0,0.05,0.76,C,Z,C-Z,0.75,0.05,4.25,5.01,19.04225352112676,5.492957746478873,8.642472131095847,3.1495143846169738,50.33785193544997,51,51,2.5500000000000003,38.76,0.0,True,REORDENAR,3.7500000000000004
MASS1646,0.6901408450704225,2.3555671151386632,3.413168677037655,142,840.43,98.0,5.006857142857143,0.0,,1.0,0.05,5.006857142857143,B,Z,B-Z,0.85,0.05,4.25,9.256857142857143,35.88732394366197,10.352112676056338,19.80756932698919,9.45545665093285,50.83854671496634,51,51,2.5500000000000003,255.3497142857143,0.0,True,REORDENAR,3.7500000000000004
MASS1506,0.4084507042253521,1.488275357622333,3.6437086341788154,142,150.93,58.0,1.3777272727272727,0.0,,1.0,0.05,1.3777272727272727,C,Z,C-Z,0.75,0.05,4.25,5.627727272727273,21.23943661971831,6.126760563380282,10.014563780383497,3.8878032170032153,50.160209937017086,51,51,2.5500000000000003,70.26409090909091,0.0,True,REORDENAR,3.7500000000000004
MASS2021,0.6619718309859155,1.6150327662559392,2.4397303490249294,142,1479.26,94.0,4.870722891566265,0.0,,1.0,0.05,4.870722891566265,B,Z,B-Z,0.85,0.05,4.25,9.120722891566265,34.42253521126761,9.929577464788732,16.412463141459533,6.482885676670801,50.16042024484136,51,51,2.5500000000000003,248.40686746987953,0.0,True,REORDENAR,3.7500000000000004
MASS0961,0.4788732394366197,1.115451184731958,2.329324532822618,142,543.46,68.0,2.265,0.0,,1.0,0.05,2.265,C,Z,C-Z,0.75,0.05,4.25,6.515000000000001,24.901408450704224,7.183098591549295,10.09697785602841,2.9138792644791147,50.47881095728907,51,51,2.5500000000000003,115.515,0.0,True,REORDENAR,3.7500000000000004
MASS1409,7.957746478873239,33.99788755211407,4.272300913628494,142,9286.13,1130.0,4.4415000000000004,8.0,2.35,14.0,0.115855,2.35,AA,Z,AA-Z,0.95,0.008275357142857143,0.7034053571428572,3.053405357142857,413.80281690140845,119.36619718309859,335.94942379396355,216.58322661086495,300.57915570578115,22,308,2.54881,723.8000000000001,8.0,True,REORDENAR,3.74825
MASS1377,19.591549295774648,29.517672295160796,1.5066532947206446,142,82623.57,2782.0,12.715710900473933,126.0,9.4,10.0,0.0962115,9.4,AA,Z,AA-Z,0.95,0.00962115,0.81779775,10.21779775,1018.7605633802817,293.8732394366197,481.91529640055387,188.04205696393416,257.81713732397054,26,260,2.501499,2444.0,126.0,True,REORDENAR,3.678675
MASS2270,0.34507042253521125,1.8832813322936588,5.457672432361216,142,99.84,49.0,0.5778125,0.0,,1.0,0.05,0.5778125,C,Z,C-Z,0.75,0.05,4.25,4.8278125,17.943661971830984,5.176056338028169,10.095728752621348,4.919672414593179,49.77768701512636,50,50,2.5,28.890624999999996,0.0,True,REORDENAR,3.6764705882352944
MASS1653,0.9084507042253521,4.028101517834205,4.434034228933776,142,1743.04,129.0,8.646666666666667,0.0,,1.0,0.05,8.646666666666667,B,Z,B-Z,0.85,0.05,4.25,12.896666666666667,47.23943661971831,13.626760563380282,29.79591959207393,16.16915902869365,49.41604544752827,50,50,2.5,432.3333333333333,0.0,True,REORDENAR,3.6764705882352944
MASS0560,0.47183098591549294,1.9558737213288686,4.145284603413423,142,430.44,67.0,2.544166666666667,2.0,,1.0,0.05,2.544166666666667,C,Z,C-Z,0.75,0.05,4.25,6.794166666666667,24.535211267605632,7.077464788732394,12.18676939885686,5.109304610124466,49.0660586143425,50,50,2.5,127.20833333333334,2.0,True,REORDENAR,3.6764705882352944
MASS2452,0.47183098591549294,1.816760666337032,3.8504479794008737,142,590.67,67.0,2.3687272727272726,3.0,,1.0,0.05,2.3687272727272726,C,Z,C-Z,0.75,0.05,4.25,6.618727272727273,24.535211267605632,7.077464788732394,11.823366094519109,4.745901305786715,49.71209070840533,50,50,2.5,118.43636363636362,3.0,True,REORDENAR,3.6764705882352944
MASS1216,0.6971830985915493,3.739741403848076,5.364073528751786,142,608.23,99.0,5.49,0.0,,1.0,0.05,5.49,C,Z,C-Z,0.75,0.05,4.25,9.74,36.25352112676056,10.457746478873238,20.22702646202687,9.769279983153632,49.81383626895535,50,50,2.5,274.5,0.0,True,REORDENAR,3.6764705882352944
MASS1995,0.6619718309859155,2.858078816971914,4.317523319255445,142,1175.41,94.0,5.066938775510204,0.0,,1.0,0.05,5.066938775510204,B,Z,B-Z,0.85,0.05,4.25,9.316938775510204,34.42253521126761,9.929577464788732,21.40216093954851,11.472583474759777,49.62941729126866,50,50,2.5,253.3469387755102,0.0,True,REORDENAR,3.6764705882352944
MASS2269,0.31690140845070425,1.7799901119729309,5.616857686670137,142,95.27,45.0,0.48527777777777775,1.0,,1.0,0.05,0.48527777777777775,C,Z,C-Z,0.75,0.05,4.25,4.735277777777778,16.47887323943662,4.753521126760564,9.403367170451068,4.649846043690504,48.16653406760382,49,49,2.45,23.77861111111111,1.0,True,REORDENAR,3.6029411764705888
MASS3066,1.4225352112676057,11.70277529287344,8.22670342370311,142,4951.97,202.0,16.98259842519685,5.0,,1.0,0.05,16.98259842519685,A,Z,A-Z,0.9,0.05,4.25,21.23259842519685,73.9718309859155,21.338028169014088,79.42390922173664,58.08588105272255,48.19322415614624,49,49,2.45,832.1473228346457,5.0,True,REORDENAR,3.6029411764705888
MASS1225,0.4014084507042254,2.6871373656841104,6.694272033809538,142,252.49,57.0,1.7482142857142857,2.0,,1.0,0.05,1.7482142857142857,C,Z,C-Z,0.75,0.05,4.25,5.998214285714286,20.87323943661972,6.021126760563381,13.040702299008393,7.019575538445012,48.16574804164719,49,49,2.45,85.6625,2.0,True,REORDENAR,3.6029411764705888
MASS0048,0.352112676056338,1.7471240120424192,4.961832194200471,142,89.4,50.0,0.996,0.0,,1.0,0.05,0.996,C,Z,C-Z,0.75,0.05,4.25,5.246,18.309859154929576,5.28169014084507,9.845680480222677,4.563990339377607,48.23727092331261,49,49,2.45,48.804,0.0,True,REORDENAR,3.6029411764705888
MASS1161,0.5211267605633803,1.9632015748603384,3.76722464365092,142,662.43,74.0,3.4046666666666665,1.0,,1.0,0.05,3.4046666666666665,C,Z,C-Z,0.75,0.05,4.25,7.6546666666666665,27.098591549295772,7.816901408450704,12.94534847926799,5.128447070817286,48.58079172134195,49,49,2.45,166.82866666666666,1.0,True,REORDENAR,3.6029411764705888
MASS1026,0.4084507042253521,2.749996594652862,6.732750283460455,142,170.6,58.0,1.781818181818182,0.0,,1.0,0.05,1.781818181818182,C,Z,C-Z,0.75,0.05,4.25,6.031818181818182,21.23943661971831,6.126760563380282,13.310542484301102,7.18378192092082,48.45088852657227,49,49,2.45,87.30909090909091,0.0,True,REORDENAR,3.6029411764705888
MASS1848,1.3591549295774648,5.370449152862929,3.9513149207592537,142,5529.41,193.0,15.843650793650793,0.0,,1.0,0.05,15.843650793650793,A,Z,A-Z,0.9,0.05,4.25,20.093650793650795,70.67605633802816,20.387323943661972,47.043160946945726,26.655837003283754,48.42404889201849,49,49,2.45,776.3388888888888,0.0,True,REORDENAR,3.6029411764705888
MASS0013,2.23943661971831,6.610682926775856,2.9519401748495957,142,11979.41,318.0,28.117171717171715,0.0,,1.0,0.05,28.117171717171715,AA,Z,AA-Z,0.95,0.05,4.25,32.367171717171715,116.45070422535213,33.59154929577465,75.70484342876382,42.113294132989175,48.974843192918755,49,49,2.45,1377.741414141414,0.0,True,REORDENAR,3.6029411764705888
MASS1842,3.6267605633802815,14.381138728687407,3.9652848533468195,142,6982.33,515.0,6.849850746268657,66.0,5.0,10.0,0.17496,5.0,A,Z,A-Z,0.9,0.017496,1.48716,6.48716,188.59154929577463,54.401408450704224,125.78115322850326,71.37974477779903,139.2156885901484,14,140,2.44944,700.0,66.0,True,REORDENAR,3.6021176470588236
MASS0249,0.5915492957746479,2.3129451599974282,3.9099787228527956,142,483.27,84.0,4.8975,0.0,,1.0,0.05,4.8975,C,Z,C-Z,0.75,0.05,4.25,9.1475,30.76056338028169,8.873239436619718,14.915317327471897,6.042077890852179,47.34785446674551,48,48,2.4000000000000004,235.07999999999998,0.0,True,REORDENAR,3.529411764705883
MASS0359,1.3309859154929577,4.262190411769891,3.202280626832405,142,4397.0,189.0,16.417843137254902,0.0,,1.0,0.05,16.417843137254902,A,Z,A-Z,0.9,0.05,4.25,20.667843137254902,69.21126760563381,19.964788732394368,41.11986341223407,21.1550746798397,47.24927987488373,48,48,2.4000000000000004,788.0564705882352,0.0,True,REORDENAR,3.529411764705883
MASS1847,0.352112676056338,1.849658519753399,5.253030196099654,142,134.04,50.0,1.2452941176470589,1.0,,1.0,0.05,1.2452941176470589,C,Z,C-Z,0.75,0.05,4.25,5.495294117647059,18.309859154929576,5.28169014084507,10.113530100181073,4.831839959336003,47.13042993108814,48,48,2.4000000000000004,59.77411764705883,1.0,True,REORDENAR,3.529411764705883
MASS1698,0.44366197183098594,1.6696058391058133,3.7632385579845313,142,368.85,63.0,2.6877419354838707,0.0,,1.0,0.05,2.6877419354838707,C,Z,C-Z,0.75,0.05,4.25,6.937741935483871,23.070422535211268,6.654929577464789,11.016420157254476,4.361490579789687,47.083969986253955,48,48,2.4000000000000004,129.0116129032258,0.0,True,REORDENAR,3.529411764705883
MASS1502,0.5,3.582364210034113,7.164728420068226,142,498.09000000000003,71.0,3.3907894736842104,0.0,,1.0,0.05,3.3907894736842104,C,Z,C-Z,0.75,0.05,4.25,7.64078947368421,26.0,7.5,16.858165495999614,9.358165495999614,47.62905091450584,48,48,2.4000000000000004,162.7578947368421,0.0,True,REORDENAR,3.529411764705883
MASS1784,3.380281690140845,6.8610653953889855,2.0297318461359084,142,20511.48,480.0,15.05753768844221,0.0,6.45,10.0,0.183024,6.45,AA,Z,AA-Z,0.95,0.0183024,1.555704,8.005704,175.77464788732394,50.70422535211267,94.4125786738794,43.70835332176672,120.98533308425418,13,130,2.379312,838.5,0.0,True,REORDENAR,3.4989882352941177
MASS1889,0.4225352112676056,1.2955129527751201,3.066047321567784,142,502.75,60.0,2.6679166666666667,8.0,,1.0,0.05,2.6679166666666667,C,Z,C-Z,0.75,0.05,4.25,6.917916666666667,21.971830985915492,6.338028169014084,9.72228055193002,3.3842523829159354,46.01504299926257,47,47,2.35,125.39208333333333,8.0,True,REORDENAR,3.4558823529411766
MASS1668,0.7816901408450704,2.4030600975390475,3.0741849896445474,142,1688.59,111.0,8.345217391304347,0.0,,1.0,0.05,8.345217391304347,B,Z,B-Z,0.85,0.05,4.25,12.595217391304347,40.64788732394366,11.725352112676056,21.37144983404341,9.646097721367354,46.38424859629108,47,47,2.35,392.2252173913043,0.0,True,REORDENAR,3.4558823529411766
MASS1155,0.34507042253521125,1.6844965771439697,4.881602325600892,142,143.92000000000002,49.0,1.4029411764705884,0.0,,1.0,0.05,1.4029411764705884,C,Z,C-Z,0.75,0.05,4.25,5.652941176470589,17.943661971830984,5.176056338028169,9.576445807698548,4.400389469670379,46.00157242340509,47,47,2.35,65.93823529411765,0.0,True,REORDENAR,3.4558823529411766
MASS1916,0.4295774647887324,1.1386061363232503,2.650525759965599,142,554.67,61.0,2.5525531914893618,0.0,,1.0,0.05,2.5525531914893618,C,Z,C-Z,0.75,0.05,4.25,6.802553191489362,22.338028169014084,6.443661971830986,9.418028628528969,2.974366656697983,46.788682300407274,47,47,2.35,119.97,0.0,True,REORDENAR,3.4558823529411766
MASS1510,0.3380281690140845,1.82918547134034,5.411340352715173,142,90.5,48.0,1.145,2.0,,1.0,0.05,1.145,C,Z,C-Z,0.75,0.05,4.25,5.395,17.577464788732392,5.070422535211268,9.848781004664033,4.778358469452765,46.60545628908482,47,47,2.35,53.815,2.0,True,REORDENAR,3.4558823529411766
MASS2051,0.4295774647887324,2.0710701907688684,4.8211797883472025,142,464.52,61.0,2.5237837837837835,0.0,,1.0,0.05,2.5237837837837835,C,Z,C-Z,0.75,0.05,4.25,6.7737837837837835,22.338028169014084,6.443661971830986,11.853892887146548,5.410230915315562,46.88793675602889,47,47,2.35,118.61783783783783,0.0,True,REORDENAR,3.4558823529411766
MASS2038,0.8098591549295775,2.360830177915842,2.915112045774344,142,2591.41,115.0,8.799999999999999,1.0,,1.0,0.05,8.799999999999999,A,Z,A-Z,0.9,0.05,4.25,13.049999999999999,42.11267605633803,12.147887323943662,23.86569762690702,11.71781030296336,46.382647510751994,47,47,2.35,413.59999999999997,1.0,True,REORDENAR,3.4558823529411766
MASS0098,0.29577464788732394,1.5242192857741177,5.153312823331541,142,40.31,42.0,0.4646153846153846,0.0,,1.0,0.05,0.4646153846153846,C,Z,C-Z,0.75,0.05,4.25,4.714615384615384,15.380281690140844,4.436619718309859,8.418318812030064,3.981699093720205,46.63515029887209,47,47,2.35,21.836923076923075,0.0,True,REORDENAR,3.4558823529411766
MASS0295,0.5774647887323944,2.8665939550286312,4.9641017270008,142,620.86,82.0,5.631481481481482,0.0,,1.0,0.05,5.631481481481482,C,Z,C-Z,0.75,0.05,4.25,9.881481481481483,30.028169014084508,8.661971830985916,16.15033958707584,7.488367756089925,45.009870742078284,46,46,2.3000000000000003,259.0481481481482,0.0,True,REORDENAR,3.382352941176471
MASS1884,0.7253521126760564,2.6661640471286048,3.6756824727404065,142,2577.86,103.0,7.820841121495326,0.0,,1.0,0.05,7.820841121495326,A,Z,A-Z,0.9,0.05,4.25,12.070841121495327,37.71830985915493,10.880281690140846,24.11359462941137,13.233312939270524,45.64168986286925,46,46,2.3000000000000003,359.75869158878504,0.0,True,REORDENAR,3.382352941176471
MASS1888,0.43661971830985913,1.4657546587367312,3.357050992590578,142,535.45,62.0,3.0548888888888888,0.0,,1.0,0.05,3.0548888888888888,C,Z,C-Z,0.75,0.05,4.25,7.304888888888889,22.704225352112676,6.549295774647887,10.378268449891355,3.8289726752434676,45.51985894416821,46,46,2.3000000000000003,140.52488888888888,0.0,True,REORDENAR,3.382352941176471
MASS1281,0.528169014084507,1.636003008423906,3.0974990292825955,142,741.96,75.0,4.507826086956522,0.0,,1.0,0.05,4.507826086956522,B,Z,B-Z,0.85,0.05,4.25,8.757826086956522,27.464788732394364,7.922535211267605,14.48959731174075,6.567062100473145,45.72401340861533,46,46,2.3000000000000003,207.35999999999999,0.0,True,REORDENAR,3.382352941176471
MASS1883,0.7112676056338029,2.445377709198579,3.438055789170279,142,2243.59,101.0,7.567065217391305,0.0,,1.0,0.05,7.567065217391305,A,Z,A-Z,0.9,0.05,4.25,11.817065217391306,36.98591549295775,10.669014084507044,22.80646996063466,12.137455876127618,45.67912127169513,46,46,2.3000000000000003,348.08500000000004,0.0,True,REORDENAR,3.382352941176471
MASS1339,0.3380281690140845,1.7458657302716751,5.164852785387039,142,171.27,48.0,1.3711764705882352,0.0,,1.0,0.05,1.3711764705882352,C,Z,C-Z,0.75,0.05,4.25,5.621176470588235,17.577464788732392,5.070422535211268,9.631125880759985,4.560703345548717,45.65820975574904,46,46,2.3000000000000003,63.07411764705882,0.0,True,REORDENAR,3.382352941176471
MASS1525,19.007042253521128,29.949957429935353,1.575729512801341,142,29395.14,2699.0,4.313384516954575,1.0,2.33,18.0,0.081664,2.33,AA,Z,AA-Z,0.95,0.004536888888888889,0.38563555555555556,2.7156355555555556,988.3661971830986,285.1056338028169,475.9015591993668,190.79592539654988,492.58090154515924,28,504,2.286592,1174.32,1.0,True,REORDENAR,3.3626352941176476
MASS1638,11.830985915492958,19.53718833658239,1.6513575855920828,142,5940.46,1680.0,1.32585,0.0,0.3,180.0,0.379962,0.3,A,Z,A-Z,0.9,0.0021109,0.17942650000000002,0.4794265,615.2112676056338,177.46478873239437,274.43621383652635,96.97142510413198,924.9228167368733,6,1080,2.2797720000000004,324.0,0.0,True,REORDENAR,3.3526058823529414
MASS1899,1.0985915492957747,3.0857941703509733,2.8088639242938345,142,11572.24,156.0,24.49365671641791,0.0,10.2,1.0,0.0429,10.2,AA,Z,AA-Z,0.95,0.0429,3.6465,13.846499999999999,57.12676056338029,16.47887323943662,36.13689631652196,19.658023077085343,52.4450089985234,53,53,2.2737,540.5999999999999,0.0,True,REORDENAR,3.3436764705882354
MASS1882,0.7183098591549296,2.6587636362638802,3.7014160426418723,142,2504.88,102.0,8.27357142857143,0.0,,1.0,0.05,8.27357142857143,A,Z,A-Z,0.9,0.05,4.25,12.52357142857143,37.35211267605634,10.774647887323944,23.97122942105416,13.196581533730217,44.5910662709644,45,45,2.25,372.3107142857143,0.0,True,REORDENAR,3.308823529411765
MASS0361,0.4084507042253521,1.3947974741899243,3.4148489885339526,142,436.37,58.0,2.7551282051282047,0.0,,1.0,0.05,2.7551282051282047,C,Z,C-Z,0.75,0.05,4.25,7.005128205128205,21.23943661971831,6.126760563380282,9.77037266745143,3.6436121040711473,44.95912215698752,45,45,2.25,123.98076923076921,0.0,True,REORDENAR,3.308823529411765
MASS0803,0.28169014084507044,2.2765103230216406,8.081611646726824,142,41.75,40.0,0.6533333333333333,0.0,,1.0,0.05,0.6533333333333333,C,Z,C-Z,0.75,0.05,4.25,4.903333333333333,14.647887323943662,4.225352112676057,10.17225173179245,5.946899619116393,44.6268421540776,45,45,2.25,29.4,0.0,True,REORDENAR,3.308823529411765
MASS0212,0.352112676056338,4.195906791483445,11.916375287812984,142,100.0,50.0,2.0,0.0,,1.0,0.05,2.0,C,Z,C-Z,0.75,0.05,4.25,6.25,18.309859154929576,5.28169014084507,16.2426052958446,10.960915154999531,44.19334387882963,45,45,2.25,90.0,0.0,True,REORDENAR,3.308823529411765
MASS0137,22.401408450704224,47.449721035755225,2.11815793369294,142,28695.37,3181.0,4.312979515828678,1.0,3.0,30.0,0.1300455,3.0,AA,Z,AA-Z,0.95,0.00433485,0.36846225000000005,3.36846225,1164.8732394366198,336.02112676056333,638.2991335324948,302.2780067719315,480.15102724556374,17,510,2.2107735,1530.0,1.0,True,REORDENAR,3.2511375
MASS1915,0.3591549295774648,1.16291117517999,3.23790954657958,142,310.07,51.0,2.335454545454546,3.0,,1.0,0.05,2.335454545454546,C,Z,C-Z,0.75,0.05,4.25,6.585454545454546,18.67605633802817,5.387323943661972,8.42518235124642,3.037858407584448,43.48145616644419,44,44,2.2,102.76000000000002,3.0,True,REORDENAR,3.2352941176470593
MASS2604,0.6971830985915493,2.905093195901886,4.166901351697655,142,4895.88,99.0,16.18095890410959,0.0,8.75,1.0,0.05,8.75,A,Z,A-Z,0.9,0.05,4.25,13.0,36.25352112676056,10.457746478873238,24.876967014278208,14.41922053540497,43.11791889200434,44,44,2.2,385.0,0.0,True,REORDENAR,3.2352941176470593
MASS1199,0.4084507042253521,1.1556517278109388,2.829354230157816,142,550.19,58.0,3.0983720930232557,0.0,,1.0,0.05,3.0983720930232557,C,Z,C-Z,0.75,0.05,4.25,7.348372093023256,21.23943661971831,6.126760563380282,9.145655206839688,3.018894643459406,43.89654076114129,44,44,2.2,136.32837209302326,0.0,True,REORDENAR,3.2352941176470593
MASS1868,0.704225352112676,3.245922116837152,4.609209405908756,142,1714.52,100.0,8.752765957446808,1.0,,1.0,0.05,8.752765957446808,B,Z,B-Z,0.85,0.05,4.25,13.002765957446808,36.61971830985915,10.56338028169014,23.59280137982395,13.02942109813381,43.330529616100776,44,44,2.2,385.12170212765955,1.0,True,REORDENAR,3.2352941176470593
MASS2262,0.29577464788732394,1.2815589597423815,4.332889816271861,142,126.76,42.0,1.1977777777777778,0.0,,1.0,0.05,1.1977777777777778,C,Z,C-Z,0.75,0.05,4.25,5.447777777777778,15.380281690140844,4.436619718309859,7.7844202586787326,3.3478005403688735,43.38372348716687,44,44,2.2,52.702222222222225,0.0,True,REORDENAR,3.2352941176470593
MASS1824,0.8169014084507042,3.7352446696279236,4.572454681785906,142,2145.57,116.0,10.440000000000001,0.0,,1.0,0.05,10.440000000000001,A,Z,A-Z,0.9,0.05,4.25,14.690000000000001,42.47887323943662,12.253521126760564,30.79313862372705,18.539617496966486,43.90661606633951,44,44,2.2,459.36000000000007,0.0,True,REORDENAR,3.2352941176470593
MASS1864,0.5845070422535211,2.3916016110354796,4.091655768277567,142,2169.32,83.0,6.957826086956522,0.0,,1.0,0.05,6.957826086956522,A,Z,A-Z,0.9,0.05,4.25,11.207826086956523,30.3943661971831,8.767605633802816,20.638147725532342,11.870542091729526,42.519703225377135,43,43,2.15,299.18652173913046,0.0,True,REORDENAR,3.161764705882353
MASS0963,0.2746478873239437,0.9612666451513917,3.499996502858913,142,229.31,39.0,1.131388888888889,0.0,,1.0,0.05,1.131388888888889,C,Z,C-Z,0.75,0.05,4.25,5.381388888888889,14.281690140845072,4.119718309859155,6.630823218152496,2.5111049082933414,42.0626843294496,43,43,2.15,48.64972222222222,0.0,True,REORDENAR,3.161764705882353
MASS0971,0.4225352112676056,1.4650730074610925,3.4673394509912523,142,422.9,60.0,3.7673076923076922,1.0,,1.0,0.05,3.7673076923076922,C,Z,C-Z,0.75,0.05,4.25,8.017307692307693,21.971830985915492,6.338028169014084,10.165220175103332,3.8271920060892484,42.74380890183378,43,43,2.15,161.99423076923077,1.0,True,REORDENAR,3.161764705882353
MASS1744,0.352112676056338,2.4644916127266248,6.999156180143615,142,220.1,50.0,2.6142857142857143,0.0,,1.0,0.05,2.6142857142857143,C,Z,C-Z,0.75,0.05,4.25,6.864285714285714,18.309859154929576,5.28169014084507,11.719650946393408,6.437960805548338,42.16957230146986,43,43,2.15,112.41428571428571,0.0,True,REORDENAR,3.161764705882353
MASS1748,0.352112676056338,2.475975867784733,7.031771464508642,142,241.95,50.0,2.5384615384615383,0.0,,1.0,0.05,2.5384615384615383,C,Z,C-Z,0.75,0.05,4.25,6.788461538461538,18.309859154929576,5.28169014084507,11.749651123128935,6.467960982283865,42.404426249455284,43,43,2.15,109.15384615384615,0.0,True,REORDENAR,3.161764705882353
MASS1162,0.4647887323943662,1.555871842116824,3.347481842130137,142,869.84,66.0,4.62813953488372,0.0,,1.0,0.05,4.62813953488372,B,Z,B-Z,0.85,0.05,4.25,8.87813953488372,24.16901408450704,6.971830985915493,13.217239432567485,6.245408446651992,42.601300259469824,43,43,2.15,199.01,0.0,True,REORDENAR,3.161764705882353
MASS0257,0.3591549295774648,1.455444896987521,4.052415203377019,142,209.92,51.0,2.7458823529411767,1.0,,1.0,0.05,2.7458823529411767,C,Z,C-Z,0.75,0.05,4.25,6.995882352941177,18.67605633802817,5.387323943661972,9.189364556441442,3.8020406127794697,42.18671503777999,43,43,2.15,118.0729411764706,1.0,True,REORDENAR,3.161764705882353
MASS1057,0.5211267605633803,1.3353795107453572,2.562485007105956,142,984.5,74.0,5.713055555555555,2.0,,1.0,0.05,5.713055555555555,B,Z,B-Z,0.85,0.05,4.25,9.963055555555556,27.098591549295772,7.816901408450704,13.17723395650182,5.360332548051115,42.582529303551276,43,43,2.15,245.66138888888887,2.0,True,REORDENAR,3.161764705882353
MASS1699,0.3380281690140845,1.496508105504002,4.427169812116006,142,182.39,48.0,2.6413333333333333,0.0,,1.0,0.05,2.6413333333333333,C,Z,C-Z,0.75,0.05,4.25,6.891333333333334,17.577464788732392,5.070422535211268,8.979732057170217,3.9093095219589493,41.236411059312225,42,42,2.1,110.93599999999999,0.0,True,REORDENAR,3.088235294117647
MASS1863,0.5,2.204926785101849,4.409853570203698,142,1691.55,71.0,5.673372093023255,0.0,,1.0,0.05,5.673372093023255,B,Z,B-Z,0.85,0.05,4.25,9.923372093023255,26.0,7.5,16.350772920466753,8.850772920466753,41.793756331520996,42,42,2.1,238.28162790697672,0.0,True,REORDENAR,3.088235294117647
MASS2441,0.352112676056338,1.58090190210952,4.4897614019910375,142,360.63,50.0,2.7468,0.0,,1.0,0.05,2.7468,C,Z,C-Z,0.75,0.05,4.25,6.9968,18.309859154929576,5.28169014084507,9.411460528636152,4.129770387791082,41.768332963068524,42,42,2.1,115.3656,0.0,True,REORDENAR,3.088235294117647
MASS0588,0.33098591549295775,1.345978148821586,4.066572279418409,142,286.55,47.0,2.559375,0.0,,1.0,0.05,2.559375,C,Z,C-Z,0.75,0.05,4.25,6.809375,17.211267605633804,4.964788732394366,8.480870719644809,3.516081987250443,41.049433978105526,42,42,2.1,107.49375,0.0,True,REORDENAR,3.088235294117647
MASS1872,0.6267605633802817,3.574156955460057,5.702587501969979,142,1498.68,89.0,8.412894736842105,0.0,,1.0,0.05,8.412894736842105,B,Z,B-Z,0.85,0.05,4.25,12.662894736842105,32.59154929577465,9.401408450704226,23.748393488315145,14.346985037610919,41.42288804542263,42,42,2.1,353.3415789473684,0.0,True,REORDENAR,3.088235294117647
MASS2046,0.3873239436619718,1.2539220260876438,3.2373986855353714,142,558.31,55.0,3.4454838709677422,0.0,,1.0,0.05,3.4454838709677422,C,Z,C-Z,0.75,0.05,4.25,7.695483870967742,20.140845070422536,5.809859154929577,9.085464077047638,3.2756049221180605,41.771036191575824,42,42,2.1,144.71032258064517,0.0,True,REORDENAR,3.088235294117647
MASS2451,0.3591549295774648,1.2623379710408598,3.514744938976511,142,438.53000000000003,51.0,3.07,1.0,,1.0,0.05,3.07,C,Z,C-Z,0.75,0.05,4.25,7.32,18.67605633802817,5.387323943661972,8.684913734168573,3.297589790506601,41.242161410143666,42,42,2.1,128.94,1.0,True,REORDENAR,3.088235294117647
MASS0262,0.36619718309859156,2.359465239447749,6.443155076953468,142,233.5,52.0,3.2550000000000003,0.0,,1.0,0.05,3.2550000000000003,C,Z,C-Z,0.75,0.05,4.25,7.505000000000001,19.04225352112676,5.492957746478873,11.656559462620443,6.16360171614157,41.128057082490166,42,42,2.1,136.71,0.0,True,REORDENAR,3.088235294117647
MASS1529,0.28169014084507044,1.4059962631382936,4.991286734140942,142,122.98,40.0,1.7073333333333334,0.0,,1.0,0.05,1.7073333333333334,C,Z,C-Z,0.75,0.05,4.25,5.957333333333334,14.647887323943662,4.225352112676057,7.898218673912689,3.6728665612366322,40.48702960507941,41,41,2.0500000000000003,70.00066666666667,0.0,True,REORDENAR,3.0147058823529416
MASS2045,0.3732394366197183,2.670057653186823,7.153739372689224,142,598.02,53.0,3.453125,0.0,,1.0,0.05,3.453125,C,Z,C-Z,0.75,0.05,4.25,7.703125,19.408450704225352,5.598591549295775,12.573549967090123,6.974958417794348,40.98418773685192,41,41,2.0500000000000003,141.578125,0.0,True,REORDENAR,3.0147058823529416
MASS0586,0.3380281690140845,1.1843382444281125,3.5036673064331665,142,364.57,48.0,2.933529411764706,2.0,,1.0,0.05,2.933529411764706,C,Z,C-Z,0.75,0.05,4.25,7.183529411764706,17.577464788732392,5.070422535211268,8.164254609447624,3.0938320742363565,40.389041956542194,41,41,2.0500000000000003,120.27470588235295,2.0,True,REORDENAR,3.0147058823529416
MASS1603,0.28169014084507044,1.2049907870699197,4.277717294098215,142,124.68,40.0,2.0250000000000004,0.0,1.8,1.0,0.05,1.8,C,Z,C-Z,0.75,0.05,4.25,6.05,14.647887323943662,4.225352112676057,7.3731345673382425,3.1477824546621855,40.17576716257239,41,41,2.0500000000000003,73.8,0.0,True,REORDENAR,3.0147058823529416
MASS1707,0.6056338028169014,1.9532033934422266,3.225056765916235,142,1322.03,86.0,8.850588235294119,0.0,,1.0,0.05,8.850588235294119,B,Z,B-Z,0.85,0.05,4.25,13.100588235294119,31.492957746478872,9.08450704225352,16.924839800533157,7.8403327582796365,40.03277516477709,41,41,2.0500000000000003,362.8741176470589,0.0,True,REORDENAR,3.0147058823529416
MASS1296,0.43661971830985913,2.613290604475174,5.9852784812173345,142,316.83,62.0,5.1625000000000005,0.0,,1.0,0.05,5.1625000000000005,C,Z,C-Z,0.75,0.05,4.25,9.412500000000001,22.704225352112676,6.549295774647887,13.37596233672441,6.826666562076523,40.10100161322973,41,41,2.0500000000000003,211.66250000000002,0.0,True,REORDENAR,3.0147058823529416
MASS0902,11.112676056338028,22.827474609409872,2.0541833932422064,142,22969.18,1578.0,6.611681818181818,1.0,3.5,20.0,0.12672,3.5,AA,Z,AA-Z,0.95,0.006336,0.5385599999999999,4.03856,577.8591549295775,166.69014084507043,312.11235564312346,145.42221479805303,308.8531960248943,16,320,2.02752,1120.0,1.0,True,REORDENAR,2.9816470588235293
MASS2453,0.31690140845070425,1.522268362981433,4.8036023898525215,142,409.3,45.0,2.8538709677419356,2.0,,1.0,0.05,2.8538709677419356,C,Z,C-Z,0.75,0.05,4.25,7.103870967741935,16.47887323943662,4.753521126760564,8.730123849120002,3.976602722359438,39.32516873480333,40,40,2.0,114.15483870967742,2.0,True,REORDENAR,2.941176470588235
MASS1327,0.9225352112676056,4.9135417793990825,5.326129257058548,142,4238.5,131.0,15.91,0.0,,1.0,0.05,15.91,A,Z,A-Z,0.9,0.05,4.25,20.16,47.971830985915496,13.838028169014084,38.2260383805372,24.388010211523113,39.829261508162126,40,40,2.0,636.4,0.0,True,REORDENAR,2.941176470588235
MASS2054,0.4154929577464789,1.2895815899953826,3.1037387420227853,142,815.06,59.0,4.878,5.0,,1.0,0.05,4.878,B,Z,B-Z,0.85,0.05,4.25,9.128,21.6056338028169,6.232394366197183,11.408889972574595,5.176495606377412,39.72373355450452,40,40,2.0,195.12,5.0,True,REORDENAR,2.941176470588235
MASS0663,0.852112676056338,4.53973346157103,5.327621087132945,142,2238.67,121.0,14.466666666666667,0.0,,1.0,0.05,14.466666666666667,A,Z,A-Z,0.9,0.05,4.25,18.71666666666667,44.309859154929576,12.78169014084507,35.31432972937579,22.53263958853072,39.727414560645144,40,40,2.0,578.6666666666666,0.0,True,REORDENAR,2.941176470588235
MASS2037,0.5985915492957746,2.130693820854125,3.559512030132774,142,1763.79,85.0,9.335471698113206,0.0,,1.0,0.05,9.335471698113206,B,Z,B-Z,0.85,0.05,4.25,13.585471698113206,31.12676056338028,8.97887323943662,17.531668415604084,8.552795176167464,39.082647168345545,40,40,2.0,373.4188679245283,0.0,True,REORDENAR,2.941176470588235
MASS2206,0.2746478873239437,0.900310160875488,3.2780523806235715,142,213.02,39.0,1.7325,0.0,,1.0,0.05,1.7325,C,Z,C-Z,0.75,0.05,4.25,5.9825,14.281690140845072,4.119718309859155,6.471587351986122,2.3518690421269666,39.893562442746564,40,40,2.0,69.3,0.0,True,REORDENAR,2.941176470588235
MASS0100,0.2323943661971831,1.3614004729056066,5.858147489472611,142,57.49,33.0,0.8200000000000001,0.0,,1.0,0.05,0.8200000000000001,C,Z,C-Z,0.75,0.05,4.25,5.07,12.08450704225352,3.4859154929577465,7.042285025708715,3.5563695327509683,39.86253011703053,40,40,2.0,32.800000000000004,0.0,True,REORDENAR,2.941176470588235
MASS2129,4.126760563380282,14.979825276622888,3.629923531195307,142,7639.36,586.0,6.334,149.0,4.5,10.0,0.117242,4.5,AA,Z,AA-Z,0.95,0.0117242,0.996557,5.496557,214.59154929577466,61.90140845070423,157.3302461249507,95.42883767424647,161.33006548841234,17,170,1.993114,765.0,149.0,True,REORDENAR,2.93105
MASS1061,30.028169014084508,58.569948925973044,1.950500175302104,142,28753.12,4264.0,3.987374301675977,331.0,2.48,20.0,0.063963,2.48,AA,Z,AA-Z,0.95,0.0031981500000000003,0.27184275,2.75184275,1561.4647887323945,450.42253521126764,823.5418503856602,373.1193151743925,615.0475056369792,31,620,1.9828530000000002,1537.6,331.0,True,REORDENAR,2.9159602941176472
MASS1835,4.711267605633803,21.908442941949236,4.6502225676484175,142,6922.24,669.0,4.903214285714286,38.0,2.35,14.0,0.115855,2.35,A,Z,A-Z,0.9,0.008275357142857143,0.7034053571428572,3.053405357142857,244.98591549295776,70.66901408450704,179.40999038534838,108.74097630084134,231.27713425532406,17,238,1.969535,559.3000000000001,38.0,True,REORDENAR,2.896375
MASS1697,0.2887323943661972,1.206254303872044,4.177758808532444,142,246.25,41.0,2.6156521739130434,0.0,,1.0,0.05,2.6156521739130434,C,Z,C-Z,0.75,0.05,4.25,6.865652173913043,15.014084507042254,4.330985915492958,7.482069039391437,3.151083123898479,38.18237157498314,39,39,1.9500000000000002,102.0104347826087,0.0,True,REORDENAR,2.8676470588235294
MASS1323,0.7394366197183099,3.386832193136396,4.5802873469082686,142,2936.14,105.0,12.886363636363637,0.0,,1.0,0.05,12.886363636363637,A,Z,A-Z,0.9,0.05,4.25,17.136363636363637,38.45070422535211,11.091549295774648,27.901846596437316,16.81029730066267,38.67650168278731,39,39,1.9500000000000002,502.5681818181818,0.0,True,REORDENAR,2.8676470588235294
MASS1737,0.704225352112676,5.360465646644539,7.611861218235246,142,3567.3,100.0,12.06857142857143,0.0,,1.0,0.05,12.06857142857143,A,Z,A-Z,0.9,0.05,4.25,16.31857142857143,36.61971830985915,10.56338028169014,37.169664871962624,26.606284590272484,38.67860495323996,39,39,1.9500000000000002,470.67428571428576,0.0,True,REORDENAR,2.8676470588235294
MASS0804,0.2112676056338028,1.773848586354528,8.396216642078098,142,27.0,30.0,0.82,0.0,,1.0,0.05,0.82,C,Z,C-Z,0.75,0.05,4.25,5.07,10.985915492957746,3.169014084507042,7.802816697165616,4.633802612658574,38.00743117926434,39,39,1.9500000000000002,31.979999999999997,0.0,True,REORDENAR,2.8676470588235294
MASS0908,0.647887323943662,2.199926443317683,3.3955386407729455,142,1580.29,92.0,11.110000000000001,0.0,,1.0,0.05,11.110000000000001,B,Z,B-Z,0.85,0.05,4.25,15.360000000000001,33.690140845070424,9.71830985915493,18.549010961384724,8.830701102229794,38.239321338128185,39,39,1.9500000000000002,433.29,0.0,True,REORDENAR,2.8676470588235294
MASS1867,0.5774647887323944,1.7718201710697195,3.0682739547792703,142,1320.42,82.0,9.60078947368421,7.0,,1.0,0.05,9.60078947368421,B,Z,B-Z,0.85,0.05,4.25,13.85078947368421,30.028169014084508,8.661971830985916,15.774216144946784,7.112244313960868,38.01732295927458,39,39,1.9500000000000002,374.43078947368423,7.0,True,REORDENAR,2.8676470588235294
MASS2022,0.4154929577464789,1.9469669364740392,4.685920423378196,142,869.41,59.0,5.3765625,0.0,,1.0,0.05,5.3765625,B,Z,B-Z,0.85,0.05,4.25,9.6265625,21.6056338028169,6.232394366197183,14.047693429559306,7.815299063362123,38.68140662239908,39,39,1.9500000000000002,209.68593750000002,0.0,True,REORDENAR,2.8676470588235294
MASS0725,0.2323943661971831,1.0152419475999879,4.368616865430251,142,87.57000000000001,33.0,1.1293333333333335,0.0,,1.0,0.05,1.1293333333333335,C,Z,C-Z,0.75,0.05,4.25,5.379333333333333,12.08450704225352,3.4859154929577465,6.138019412908193,2.6521039199504464,38.69943387134062,39,39,1.9500000000000002,44.044000000000004,0.0,True,REORDENAR,2.8676470588235294
MASS2023,0.3380281690140845,0.9956452980276493,2.945450673331796,142,691.86,48.0,4.254583333333334,0.0,,1.0,0.05,4.254583333333334,B,Z,B-Z,0.85,0.05,4.25,8.504583333333333,17.577464788732392,5.070422535211268,9.067031629769534,3.9966090945582664,37.11982911973586,38,38,1.9000000000000001,161.67416666666668,0.0,True,REORDENAR,2.794117647058824
MASS1338,0.24647887323943662,1.5986990265727563,6.486150336380897,142,82.25,35.0,1.96,0.0,,1.0,0.05,1.96,C,Z,C-Z,0.75,0.05,4.25,6.21,12.816901408450704,3.6971830985915495,7.873444693394296,4.176261594802746,37.093694614960434,38,38,1.9000000000000001,74.48,0.0,True,REORDENAR,2.794117647058824
MASS1869,0.5352112676056338,1.9154540295832239,3.578874634221287,142,1587.72,76.0,8.895833333333334,0.0,,1.0,0.05,8.895833333333334,B,Z,B-Z,0.85,0.05,4.25,13.145833333333334,27.830985915492956,8.028169014084506,15.71697245644054,7.6888034423560345,37.56856487849588,38,38,1.9000000000000001,338.0416666666667,0.0,True,REORDENAR,2.794117647058824
MASS1400,0.7535211267605634,3.1288785739871994,4.1523435280951615,142,2553.15,107.0,14.468181818181819,0.0,,1.0,0.05,14.468181818181819,A,Z,A-Z,0.9,0.05,4.25,18.71818181818182,39.183098591549296,11.30281690140845,26.832780019448307,15.529963118039857,37.35699447825334,38,38,1.9000000000000001,549.790909090909,0.0,True,REORDENAR,2.794117647058824
MASS1571,0.8943661971830986,4.6428588442819665,5.191227999118419,142,3013.93,127.0,17.973870967741938,0.0,,1.0,0.05,17.973870967741938,A,Z,A-Z,0.9,0.05,4.25,22.223870967741938,46.50704225352113,13.41549295774648,36.45998794499717,23.044494987250687,37.35114134280994,38,38,1.9000000000000001,683.0070967741937,0.0,True,REORDENAR,2.794117647058824
MASS1591,0.45774647887323944,2.6191418643296065,5.721817611304679,142,576.79,65.0,7.21,0.0,,1.0,0.05,7.21,C,Z,C-Z,0.75,0.05,4.25,11.46,23.802816901408452,6.866197183098592,13.708148918559916,6.841951735461324,37.211419695489134,38,38,1.9000000000000001,273.98,0.0,True,REORDENAR,2.794117647058824
MASS0104,0.2746478873239437,2.090655895578923,7.612131722364283,142,135.0,39.0,2.625,0.0,,1.0,0.05,2.625,C,Z,C-Z,0.75,0.05,4.25,6.875,14.281690140845072,4.119718309859155,9.581112718393777,5.461394408534622,37.21412588215469,38,38,1.9000000000000001,99.75,0.0,True,REORDENAR,2.794117647058824
MASS0403,0.2112676056338028,1.871135680914126,8.856708889660196,142,68.69999999999999,30.0,0.955,0.0,,1.0,0.05,0.955,C,Z,C-Z,0.75,0.05,4.25,5.205,10.985915492957746,3.169014084507042,8.056958564975591,4.8879444804685495,37.51130130564658,38,38,1.9000000000000001,36.29,0.0,True,REORDENAR,2.794117647058824
MASS1729,0.19718309859154928,1.3952271053333924,7.075794605619348,142,34.5,28.0,0.75,0.0,,1.0,0.05,0.75,C,Z,C-Z,0.75,0.05,4.25,5.0,10.253521126760562,2.957746478873239,6.602480903040023,3.644734424166784,36.97480426229112,37,37,1.85,27.75,0.0,True,REORDENAR,2.7205882352941178
MASS0737,0.7323943661971831,3.1327949430866084,4.277470018445177,142,3309.17,104.0,15.314754098360657,2.0,,1.0,0.05,15.314754098360657,A,Z,A-Z,0.9,0.05,4.25,19.56475409836066,38.08450704225352,10.985915492957746,26.535317226537405,15.549401733579659,36.02395096883398,37,37,1.85,566.6459016393443,2.0,True,REORDENAR,2.7205882352941178
MASS0844,0.2112676056338028,1.0023446691037725,4.744431433757857,142,121.64,30.0,1.14,0.0,,1.0,0.05,1.14,C,Z,C-Z,0.75,0.05,4.25,5.39,10.985915492957746,3.169014084507042,5.787426604158905,2.618412519651863,36.861933802109974,37,37,1.85,42.18,0.0,True,REORDENAR,2.7205882352941178
MASS2407,0.4084507042253521,2.5492452772081964,6.241255678682136,142,997.96,58.0,6.302777777777778,0.0,,1.0,0.05,6.302777777777778,B,Z,B-Z,0.85,0.05,4.25,10.552777777777777,21.23943661971831,6.126760563380282,16.359658643984737,10.232898080604455,36.630468264093324,37,37,1.85,233.20277777777778,0.0,True,REORDENAR,2.7205882352941178
MASS1870,0.528169014084507,1.648956953671451,3.1220251656179476,142,1303.22,75.0,9.702608695652174,0.0,,1.0,0.05,9.702608695652174,B,Z,B-Z,0.85,0.05,4.25,13.952608695652174,27.464788732394364,7.922535211267605,14.541595604194205,6.6190603929266,36.225533868421664,37,37,1.85,358.99652173913046,0.0,True,REORDENAR,2.7205882352941178
MASS1090,0.28169014084507044,1.5453714795120759,5.486068752267869,142,281.65,40.0,2.9575,0.0,,1.0,0.05,2.9575,C,Z,C-Z,0.75,0.05,4.25,7.2075,14.647887323943662,4.225352112676057,8.262306819169755,4.036954706493698,36.80862039912358,37,37,1.85,109.4275,0.0,True,REORDENAR,2.7205882352941178
MASS0746,0.2112676056338028,1.0233513703367543,4.8438631529273035,142,121.37,30.0,1.235625,1.0,,1.0,0.05,1.235625,C,Z,C-Z,0.75,0.05,4.25,5.485625,10.985915492957746,3.169014084507042,5.8423021486701625,2.6732880641631205,36.539234079427445,37,37,1.85,45.718125,1.0,True,REORDENAR,2.7205882352941178
MASS2288,0.2676056338028169,1.1103350268009582,4.149146679098318,142,216.94,38.0,2.5955,0.0,,1.0,0.05,2.5955,C,Z,C-Z,0.75,0.05,4.25,6.8454999999999995,13.915492957746478,4.014084507042253,6.91459889575361,2.9005143887113567,36.81298899592983,37,37,1.85,96.0335,0.0,True,REORDENAR,2.7205882352941178
MASS0061,5.457746478873239,11.609254830629967,2.1271150786444584,142,6621.41,775.0,4.597428571428571,83.0,2.45,20.0,0.141024,2.45,A,Z,A-Z,0.9,0.0070512000000000005,0.599352,3.0493520000000003,283.80281690140845,81.86619718309859,139.48789616704485,57.62169898394626,249.09151924104415,13,260,1.833312,637.0,83.0,True,REORDENAR,2.6960470588235292
MASS2409,0.36619718309859156,2.701401982316392,7.3769054132486085,142,730.73,52.0,5.981724137931034,0.0,,1.0,0.05,5.981724137931034,B,Z,B-Z,0.85,0.05,4.25,10.231724137931035,19.04225352112676,5.492957746478873,16.33662642243299,10.843668675954117,35.22403716721849,36,36,1.8,215.34206896551723,0.0,True,REORDENAR,2.6470588235294117
MASS1399,0.7253521126760564,3.8355270310133136,5.287813965086316,142,2605.3199999999997,103.0,15.75,0.0,,1.0,0.05,15.75,A,Z,A-Z,0.9,0.05,4.25,20.0,37.71830985915493,10.880281690140846,29.917643454543203,19.037361764402355,35.45810196986246,36,36,1.8,567.0,0.0,True,REORDENAR,2.6470588235294117
MASS2413,0.4225352112676056,2.6692999684273797,6.317343258611466,142,1045.16,60.0,7.129714285714286,0.0,,1.0,0.05,7.129714285714286,B,Z,B-Z,0.85,0.05,4.25,11.379714285714286,21.971830985915492,6.338028169014084,17.052836495889444,10.71480832687536,35.877470513565356,36,36,1.8,256.6697142857143,0.0,True,REORDENAR,2.6470588235294117
MASS2274,0.44366197183098594,2.940363869718342,6.627486817460389,142,1226.61,63.0,8.286341463414635,0.0,,1.0,0.05,8.286341463414635,B,Z,B-Z,0.85,0.05,4.25,12.536341463414635,23.070422535211268,6.654929577464789,18.457812598462613,11.802883020997825,35.026499636074384,36,36,1.8,298.30829268292683,0.0,True,REORDENAR,2.6470588235294117
MASS1337,0.22535211267605634,1.4798618212147787,6.566886831640581,142,81.07000000000001,32.0,2.1149999999999998,0.0,,1.0,0.05,2.1149999999999998,C,Z,C-Z,0.75,0.05,4.25,6.365,11.71830985915493,3.380281690140845,7.246106330569413,3.865824640428568,35.03383298606079,36,36,1.8,76.13999999999999,0.0,True,REORDENAR,2.6470588235294117
MASS1858,1.4929577464788732,15.198332532125596,10.180015186612428,142,11555.39,212.0,37.19911764705882,0.0,,1.0,0.05,37.19911764705882,AA,Z,AA-Z,0.95,0.05,4.25,41.44911764705882,77.63380281690141,22.3943661971831,119.21520231139495,96.82083611421184,35.336388057609476,36,36,1.8,1339.1682352941175,0.0,True,REORDENAR,2.6470588235294117
MASS1207,0.29577464788732394,1.6013679099129006,5.414148647800759,142,231.33999999999997,42.0,3.8071428571428574,0.0,,1.0,0.05,3.8071428571428574,C,Z,C-Z,0.75,0.05,4.25,8.057142857142857,15.380281690140844,4.436619718309859,8.619853203887036,4.183233485577177,35.67352155095105,36,36,1.8,137.05714285714288,0.0,True,REORDENAR,2.6470588235294117
MASS0253,0.2746478873239437,1.6806971121944512,6.119461280297744,142,336.06,39.0,3.24741935483871,0.0,,1.0,0.05,3.24741935483871,C,Z,C-Z,0.75,0.05,4.25,7.49741935483871,14.281690140845072,4.119718309859155,8.510182484470405,4.3904641746112505,35.635944353670574,36,36,1.8,116.90709677419355,0.0,True,REORDENAR,2.6470588235294117
MASS2153,0.34507042253521125,1.9966133548142255,5.78610400782898,142,509.15,49.0,5.257727272727272,0.0,,1.0,0.05,5.257727272727272,C,Z,C-Z,0.75,0.05,4.25,9.507727272727273,17.943661971830984,5.176056338028169,10.391784586300446,5.215728248272277,35.47084645352031,36,36,1.8,189.2781818181818,0.0,True,REORDENAR,2.6470588235294117
MASS1041,6.380281690140845,9.92148781622312,1.555023476714882,142,31374.14,906.0,15.157188160676533,2.0,11.0,8.0,0.103684,11.0,AA,Z,AA-Z,0.95,0.0129605,1.1016425,12.1016425,331.77464788732397,95.70422535211267,158.90897125652015,63.204745904407474,135.192876735406,17,136,1.7626279999999999,1496.0,2.0,True,REORDENAR,2.5921
MASS2408,0.3873239436619718,1.9528070051289734,5.041792631423895,142,835.16,55.0,7.0744827586206895,0.0,,1.0,0.05,7.0744827586206895,B,Z,B-Z,0.85,0.05,4.25,11.32448275862069,20.140845070422536,5.809859154929577,13.648600775139396,7.838741620209819,34.43372663954403,35,35,1.75,247.60689655172413,0.0,True,REORDENAR,2.5735294117647056
MASS2024,0.31690140845070425,1.1446435123446128,3.611986194509667,142,678.07,45.0,5.123714285714286,0.0,,1.0,0.05,5.123714285714286,B,Z,B-Z,0.85,0.05,4.25,9.373714285714286,16.47887323943662,4.753521126760564,9.348222352715187,4.594701225954623,34.23436455095963,35,35,1.75,179.32999999999998,0.0,True,REORDENAR,2.5735294117647056
MASS1008,0.34507042253521125,1.0853360080291463,3.145259451839567,142,892.3100000000001,49.0,5.78,0.0,,1.0,0.05,5.78,B,Z,B-Z,0.85,0.05,4.25,10.030000000000001,17.943661971830984,5.176056338028169,9.532691948052804,4.356635610024635,34.53499866883203,35,35,1.75,202.3,0.0,True,REORDENAR,2.5735294117647056
MASS2644,0.352112676056338,2.046263445039481,5.811388183912126,142,1178.14,50.0,6.001702127659574,0.0,,1.0,0.05,6.001702127659574,B,Z,B-Z,0.85,0.05,4.25,10.251702127659573,18.309859154929576,5.28169014084507,13.495574252493643,8.213884111648573,34.50633885627875,35,35,1.75,210.0595744680851,0.0,True,REORDENAR,2.5735294117647056
MASS2406,0.38028169014084506,1.8669670263651448,4.909431810071307,142,754.18,54.0,6.991111111111111,0.0,,1.0,0.05,6.991111111111111,B,Z,B-Z,0.85,0.05,4.25,11.24111111111111,19.774647887323944,5.704225352112676,13.198397635748702,7.494172283636026,34.245548750336305,35,35,1.75,244.68888888888887,0.0,True,REORDENAR,2.5735294117647056
MASS1325,0.8098591549295775,8.46514178923997,10.452609861496311,142,4458.3,115.0,19.06,0.0,,1.0,0.05,19.06,A,Z,A-Z,0.9,0.05,4.25,23.31,42.11267605633803,12.147887323943662,54.164008009748365,42.0161206858047,34.70480859527981,35,35,1.75,667.0999999999999,0.0,True,REORDENAR,2.5735294117647056
MASS0375,0.18309859154929578,1.6911103336043851,9.236064129685488,142,73.88,26.0,0.9733333333333333,0.0,,1.0,0.05,0.9733333333333333,C,Z,C-Z,0.75,0.05,4.25,5.223333333333334,9.52112676056338,2.7464788732394365,7.164145376700361,4.417666503460925,34.85978250899993,35,35,1.75,34.06666666666666,0.0,True,REORDENAR,2.5735294117647056
MASS1128,0.38028169014084506,4.206938534728255,11.062690220952078,142,379.1,54.0,6.77,0.0,,1.0,0.05,6.77,C,Z,C-Z,0.75,0.05,4.25,11.02,19.774647887323944,5.704225352112676,16.693958592862714,10.989733240750038,34.58740288652215,35,35,1.75,236.95,0.0,True,REORDENAR,2.5735294117647056
MASS1728,0.176056338028169,1.4056587551075859,7.984141729011088,142,33.6,25.0,0.7777777777777778,0.0,,1.0,0.05,0.7777777777777778,C,Z,C-Z,0.75,0.05,4.25,5.027777777777778,9.154929577464788,2.640845070422535,6.312829963625877,3.6719848932033416,34.84125879096474,35,35,1.75,27.22222222222222,0.0,True,REORDENAR,2.5735294117647056
MASS1398,0.6830985915492958,3.748039143717003,5.486820189771283,142,1348.05,97.0,15.75,0.0,,1.0,0.05,15.75,B,Z,B-Z,0.85,0.05,4.25,20.0,35.52112676056338,10.246478873239436,25.291442534709734,15.044963661470298,34.40984682740459,35,35,1.75,551.25,0.0,True,REORDENAR,2.5735294117647056
MASS2639,0.3380281690140845,1.8864478381363714,5.580741521153432,142,872.59,48.0,5.8604651162790695,2.0,,1.0,0.05,5.8604651162790695,B,Z,B-Z,0.85,0.05,4.25,10.11046511627907,17.577464788732392,5.070422535211268,12.642792536095087,7.572370000883819,34.044496943754865,35,35,1.75,205.11627906976744,2.0,True,REORDENAR,2.5735294117647056
MASS2414,0.36619718309859156,2.3108712343080247,6.3104560629180675,142,751.9,52.0,6.442222222222222,0.0,,1.0,0.05,6.442222222222222,B,Z,B-Z,0.85,0.05,4.25,10.692222222222222,19.04225352112676,5.492957746478873,14.769001142338972,9.2760433958601,34.4571658884434,35,35,1.75,225.47777777777776,0.0,True,REORDENAR,2.5735294117647056
MASS1283,9.366197183098592,26.752471582839412,2.856278920874584,142,12547.710000000001,1330.0,5.336901408450704,0.0,2.75,24.0,0.1247085,2.75,AA,Z,AA-Z,0.95,0.0051961875,0.4416759375,3.1916759375,487.0422535211268,140.49295774647888,310.91932927751066,170.42637153103178,318.95417836803637,14,336,1.745919,924.0,0.0,True,REORDENAR,2.5675279411764707
MASS1356,3.7183098591549295,16.072692226911983,4.322580106480117,142,4816.88,528.0,4.466228070175438,90.0,1.42,25.0,0.1548,1.42,A,Z,A-Z,0.9,0.006192,0.52632,1.94632,193.35211267605632,55.774647887323944,135.55029644292372,79.77564855559979,257.348539959946,11,275,1.7027999999999999,390.5,90.0,True,REORDENAR,2.5041176470588233
MASS2624,0.352112676056338,1.539997158966669,4.373591931465341,142,954.12,50.0,6.375675675675676,0.0,,1.0,0.05,6.375675675675676,B,Z,B-Z,0.85,0.05,4.25,10.625675675675677,18.309859154929576,5.28169014084507,11.463376192406336,6.181686051561266,33.89366981213456,34,34,1.7000000000000002,216.77297297297298,0.0,True,REORDENAR,2.5
MASS1110,0.21830985915492956,0.9234240720175863,4.229878007306363,142,115.39,31.0,2.43,0.0,,1.0,0.05,2.43,C,Z,C-Z,0.75,0.05,4.25,6.68,11.352112676056338,3.2746478873239435,5.686897112214495,2.412249224890551,33.6592539556647,34,34,1.7000000000000002,82.62,0.0,True,REORDENAR,2.5
MASS1114,0.20422535211267606,1.1701896093821307,5.729893949388364,142,107.8,29.0,2.1914285714285713,0.0,,1.0,0.05,2.1914285714285713,C,Z,C-Z,0.75,0.05,4.25,6.441428571428571,10.619718309859156,3.063380281690141,6.120252052467698,3.0568717707775575,33.152766237586015,34,34,1.7000000000000002,74.50857142857143,0.0,True,REORDENAR,2.5
MASS2636,0.352112676056338,1.9504397870994605,5.539248995362469,142,977.23,50.0,6.514285714285715,1.0,,1.0,0.05,6.514285714285715,B,Z,B-Z,0.85,0.05,4.25,10.764285714285716,18.309859154929576,5.28169014084507,13.110929536593734,7.8292393957486635,33.67474098421496,34,34,1.7000000000000002,221.48571428571432,1.0,True,REORDENAR,2.5
MASS1313,0.36619718309859156,1.59110503212529,4.3449406646498305,142,662.75,52.0,6.923333333333333,0.0,,1.0,0.05,6.923333333333333,B,Z,B-Z,0.85,0.05,4.25,11.173333333333332,19.04225352112676,5.492957746478873,11.879795362632375,6.386837616153502,33.70716013636624,34,34,1.7000000000000002,235.39333333333332,0.0,True,REORDENAR,2.5
MASS1871,0.4225352112676056,5.035088149780135,11.916375287812986,142,870.0,60.0,8.93,0.0,,1.0,0.05,8.93,B,Z,B-Z,0.85,0.05,4.25,13.18,21.971830985915492,6.338028169014084,26.54932141890699,20.211293249892908,33.33725140294959,34,34,1.7000000000000002,303.62,0.0,True,REORDENAR,2.5
MASS2637,0.352112676056338,1.9321732265211076,5.487371963319946,142,873.79,50.0,6.461538461538462,0.0,,1.0,0.05,6.461538461538462,B,Z,B-Z,0.85,0.05,4.25,10.711538461538462,18.309859154929576,5.28169014084507,13.037605932014507,7.755915791169437,33.75755209175,34,34,1.7000000000000002,219.6923076923077,0.0,True,REORDENAR,2.5
MASS1389,0.4014084507042254,2.5097253647466893,6.252298277088244,142,677.48,57.0,8.029259259259259,0.0,,1.0,0.05,8.029259259259259,B,Z,B-Z,0.85,0.05,4.25,12.279259259259259,20.87323943661972,6.021126760563381,16.095388385119993,10.074261624556613,33.66380585128036,34,34,1.7000000000000002,272.9948148148148,0.0,True,REORDENAR,2.5
MASS2634,0.352112676056338,2.1043594840896116,5.976380934814498,142,798.51,50.0,6.4,0.0,,1.0,0.05,6.4,B,Z,B-Z,0.85,0.05,4.25,10.65,18.309859154929576,5.28169014084507,13.728776938716862,8.447086797871792,33.85494155365248,34,34,1.7000000000000002,217.60000000000002,0.0,True,REORDENAR,2.5
MASS0066,9.873239436619718,18.613599525722197,1.8852575839176549,142,12994.86,1402.0,4.3905930470347645,0.0,2.35,10.0,0.047138,2.35,AA,Z,AA-Z,0.95,0.0047138,0.400673,2.750673,513.4084507042253,148.09859154929578,266.6763542983433,118.57776274904754,352.7494900953852,36,360,1.696968,846.0,0.0,True,REORDENAR,2.495541176470588
MASS0871,0.176056338028169,0.8694931740860531,4.938721228808782,142,85.56,25.0,1.59,0.0,,1.0,0.05,1.59,C,Z,C-Z,0.75,0.05,4.25,5.84,9.154929577464788,2.640845070422535,4.912211281023943,2.271366210601408,32.327747912570715,33,33,1.6500000000000001,52.470000000000006,0.0,True,REORDENAR,2.4264705882352944
MASS0847,0.24647887323943662,2.9371347540384116,11.916375287812984,142,133.7,35.0,3.82,0.0,,1.0,0.05,3.82,C,Z,C-Z,0.75,0.05,4.25,8.07,12.816901408450704,3.6971830985915495,11.369823707091221,7.672640608499671,32.53936885181915,33,33,1.6500000000000001,126.05999999999999,0.0,True,REORDENAR,2.4264705882352944
MASS0264,0.2676056338028169,1.1293347879306856,4.220145786477826,142,365.90999999999997,38.0,4.373333333333333,0.0,,1.0,0.05,4.373333333333333,C,Z,C-Z,0.75,0.05,4.25,8.623333333333333,13.915492957746478,4.014084507042253,6.964231735580009,2.950147228537756,32.79941375887528,33,33,1.6500000000000001,144.32,0.0,True,REORDENAR,2.4264705882352944
MASS1786,4.5,8.087070496778061,1.7971267770617914,142,8577.08,639.0,4.895558510638298,2.0,2.0,100.0,0.55,2.0,AA,Z,AA-Z,0.95,0.0055000000000000005,0.4675,2.4675000000000002,234.0,67.5,119.01860742338414,51.51860742338414,251.43962396265277,3,300,1.6500000000000001,600.0,2.0,True,REORDENAR,2.4264705882352944
MASS1116,0.19014084507042253,1.1542895551745656,6.070708030918086,142,77.03999999999999,27.0,2.074,0.0,,1.0,0.05,2.074,C,Z,C-Z,0.75,0.05,4.25,6.324,9.887323943661972,2.852112676056338,5.867448932869964,3.015336256813626,32.28477927393015,33,33,1.6500000000000001,68.442,0.0,True,REORDENAR,2.4264705882352944
MASS0082,0.18309859154929578,1.0356737506909899,5.656372023004637,142,87.72,26.0,1.9100000000000001,0.0,,1.0,0.05,1.9100000000000001,C,Z,C-Z,0.75,0.05,4.25,6.16,9.52112676056338,2.7464788732394365,5.451956538431006,2.705477665191569,32.10023324038232,33,33,1.6500000000000001,63.03,0.0,True,REORDENAR,2.4264705882352944
MASS0805,0.6690140845070423,5.482042678498429,8.19421116154502,142,2278.21,95.0,18.04705882352941,0.0,,1.0,0.05,18.04705882352941,A,Z,A-Z,0.9,0.05,4.25,22.29705882352941,34.7887323943662,10.035211267605634,37.244934686213874,27.20972341860824,32.25149737847678,33,33,1.6500000000000001,595.5529411764705,0.0,True,REORDENAR,2.4264705882352944
MASS1779,0.21830985915492956,1.8722164101099763,8.575959039858601,142,142.13,31.0,2.9475000000000002,0.0,,1.0,0.05,2.9475000000000002,C,Z,C-Z,0.75,0.05,4.25,7.1975,11.352112676056338,3.2746478873239435,8.165415543237023,4.890767655913079,32.426634786982156,33,33,1.6500000000000001,97.26750000000001,0.0,True,REORDENAR,2.4264705882352944
MASS2631,0.33098591549295775,1.5606955668170808,4.715292989106925,142,785.15,47.0,6.74,3.0,,1.0,0.05,6.74,B,Z,B-Z,0.85,0.05,4.25,10.99,17.211267605633804,4.964788732394366,11.229560040544204,6.264771308149838,32.31185958247394,33,33,1.6500000000000001,222.42000000000002,3.0,True,REORDENAR,2.4264705882352944
MASS1048,0.1619718309859155,0.9867011011601567,6.091806798467054,142,40.23,23.0,1.19,0.0,,1.0,0.05,1.19,C,Z,C-Z,0.75,0.05,4.25,5.4399999999999995,8.422535211267606,2.4295774647887325,5.007124486355777,2.5775470215670446,32.12745605791693,33,33,1.6500000000000001,39.269999999999996,0.0,True,REORDENAR,2.4264705882352944
MASS1462,0.8732394366197183,6.542668632590262,7.4924108534501395,142,3497.05,124.0,24.34090909090909,0.0,,1.0,0.05,24.34090909090909,A,Z,A-Z,0.9,0.05,4.25,28.59090909090909,45.40845070422535,13.098591549295774,45.572655388789066,32.47406383949329,32.5393392907166,33,33,1.6500000000000001,803.25,0.0,True,REORDENAR,2.4264705882352944
MASS0254,0.23943661971830985,1.237301900268625,5.167554995239551,142,215.18,34.0,3.8345454545454545,0.0,,1.0,0.05,3.8345454545454545,C,Z,C-Z,0.75,0.05,4.25,8.084545454545454,12.450704225352112,3.5915492957746475,6.823737669808885,3.2321883740342376,32.042288401856716,33,33,1.6500000000000001,126.53999999999999,0.0,True,REORDENAR,2.4264705882352944
MASS1404,0.6267605633802817,6.74206563347564,10.757003594983605,142,3578.9,89.0,15.75,0.0,,1.0,0.05,15.75,A,Z,A-Z,0.9,0.05,4.25,20.0,32.59154929577465,9.401408450704226,42.86516492171807,33.463756471013845,32.960354617719474,33,33,1.6500000000000001,519.75,0.0,True,REORDENAR,2.4264705882352944
MASS1209,0.2323943661971831,1.1340349911280458,4.879786931520682,142,225.3,33.0,3.56,0.0,,1.0,0.05,3.56,C,Z,C-Z,0.75,0.05,4.25,7.8100000000000005,12.08450704225352,3.4859154929577465,6.448341003883018,2.962425510925271,32.11761760842642,33,33,1.6500000000000001,117.48,0.0,True,REORDENAR,2.4264705882352944
MASS2263,0.21830985915492956,1.0253260832853266,4.69665496214569,142,336.99,31.0,2.7800000000000002,1.0,,1.0,0.05,2.7800000000000002,C,Z,C-Z,0.75,0.05,4.25,7.03,11.352112676056338,3.2746478873239435,5.953094469576339,2.6784465822523953,32.81066664971476,33,33,1.6500000000000001,91.74000000000001,1.0,True,REORDENAR,2.4264705882352944
MASS1403,0.6197183098591549,6.726398079638289,10.85396053759815,142,3298.3,88.0,15.75,0.0,,1.0,0.05,15.75,A,Z,A-Z,0.9,0.05,4.25,20.0,32.225352112676056,9.295774647887324,42.68176634551979,33.38599169763246,32.774661001387464,33,33,1.6500000000000001,519.75,0.0,True,REORDENAR,2.4264705882352944
MASS1663,9.809859154929578,19.570905130821014,1.995024069329924,142,7793.07,1393.0,2.267610241820768,0.0,0.95,40.0,0.11544,0.95,AA,Z,AA-Z,0.95,0.002886,0.24531,1.1953099999999999,510.11267605633805,147.14788732394368,271.82415653128663,124.67626920734295,533.3928034612878,14,560,1.61616,532.0,0.0,True,REORDENAR,2.3767058823529412
MASS1629,0.1267605633802817,1.0709520847336846,8.448622001787957,142,5.4,18.0,0.3,0.0,,1.0,0.05,0.3,C,Z,C-Z,0.75,0.05,4.25,4.55,6.591549295774648,1.9014084507042253,4.699043269395145,2.79763481869092,31.07723875462024,32,32,1.6,9.6,0.0,True,REORDENAR,2.3529411764705883
MASS1401,0.647887323943662,3.053186181606763,4.712526497697395,142,2449.49,92.0,17.788235294117644,9.0,,1.0,0.05,17.788235294117644,A,Z,A-Z,0.9,0.05,4.25,22.038235294117644,33.690140845070424,9.71830985915493,24.872579247256777,15.154269388101847,31.924005429020664,32,32,1.6,569.2235294117646,9.0,True,REORDENAR,2.3529411764705883
MASS1963,0.4154929577464789,2.0498848185821568,4.933621088790954,142,1072.21,59.0,10.582258064516129,0.0,,1.0,0.05,10.582258064516129,B,Z,B-Z,0.85,0.05,4.25,14.832258064516129,21.6056338028169,6.232394366197183,14.460814994478863,8.228420628281679,31.162639767500387,32,32,1.6,338.6322580645161,0.0,True,REORDENAR,2.3529411764705883
MASS2289,0.19718309859154928,1.1187596768136086,5.67370978955473,142,171.89,28.0,2.6163636363636362,0.0,,1.0,0.05,2.6163636363636362,C,Z,C-Z,0.75,0.05,4.25,6.866363636363636,10.253521126760562,2.957746478873239,5.88026847609169,2.9225219972184506,31.55204306317564,32,32,1.6,83.72363636363636,0.0,True,REORDENAR,2.3529411764705883
MASS2625,0.29577464788732394,1.5790684586436423,5.338755264938029,142,644.99,42.0,6.2215384615384615,8.0,,1.0,0.05,6.2215384615384615,C,Z,C-Z,0.75,0.05,4.25,10.471538461538461,15.380281690140844,4.436619718309859,8.561600624525287,4.124980906215428,31.291852121069464,32,32,1.6,199.08923076923077,8.0,True,REORDENAR,2.3529411764705883
MASS0967,0.15492957746478872,0.6222331624726147,4.016232230505059,142,99.28,22.0,1.31,0.0,,1.0,0.05,1.31,C,Z,C-Z,0.75,0.05,4.25,5.5600000000000005,8.056338028169014,2.323943661971831,3.949395617752312,1.625451955780481,31.080343839181577,32,32,1.6,41.92,0.0,True,REORDENAR,2.3529411764705883
MASS2202,0.2676056338028169,1.0099890664231352,3.7741696692654005,142,497.58,38.0,4.885172413793103,0.0,,1.0,0.05,4.885172413793103,C,Z,C-Z,0.75,0.05,4.25,9.135172413793104,13.915492957746478,4.014084507042253,6.6524663907893125,2.6383818837470594,31.86730185806669,32,32,1.6,156.3255172413793,0.0,True,REORDENAR,2.3529411764705883
MASS1731,0.21830985915492956,1.468903181216731,6.728524249444381,142,173.68,31.0,3.282222222222222,0.0,,1.0,0.05,3.282222222222222,C,Z,C-Z,0.75,0.05,4.25,7.532222222222222,11.352112676056338,3.2746478873239435,7.111845408704827,3.8371975213808835,31.697948449777293,32,32,1.6,105.0311111111111,0.0,True,REORDENAR,2.3529411764705883
MASS0494,0.28169014084507044,2.267144913615963,8.048364443336668,142,488.27,40.0,5.33375,0.0,,1.0,0.05,5.33375,C,Z,C-Z,0.75,0.05,4.25,9.58375,14.647887323943662,4.225352112676057,10.147786589216873,5.922434476540816,31.92082649792571,32,32,1.6,170.68,0.0,True,REORDENAR,2.3529411764705883
MASS0972,0.19014084507042253,1.0030669182229683,5.275388977320796,142,121.43,27.0,2.2653846153846158,0.0,,1.0,0.05,2.2653846153846158,C,Z,C-Z,0.75,0.05,4.25,6.515384615384615,9.887323943661972,2.852112676056338,5.472411918104501,2.620299242048163,31.80707428478911,32,32,1.6,72.4923076923077,0.0,True,REORDENAR,2.3529411764705883
MASS1578,0.14084507042253522,0.7863331661369856,5.582965479572597,142,14.6,20.0,0.73,0.0,,1.0,0.05,0.73,C,Z,C-Z,0.75,0.05,4.25,4.98,7.323943661971831,2.1126760563380285,4.166804411878182,2.0541283555401537,31.312100089971956,32,32,1.6,23.36,0.0,True,REORDENAR,2.3529411764705883
MASS1208,0.19718309859154928,1.053460603360602,5.342550202757339,142,198.52,28.0,2.9127272727272726,1.0,,1.0,0.05,2.9127272727272726,C,Z,C-Z,0.75,0.05,4.25,7.162727272727272,10.253521126760562,2.957746478873239,5.709688518197668,2.7519420393244287,30.892402033514887,31,31,1.55,90.29454545454546,1.0,True,REORDENAR,2.2794117647058827
MASS2285,0.19718309859154928,1.012261260670466,5.133610679114506,142,119.36,28.0,3.121,0.0,,1.0,0.05,3.121,C,Z,C-Z,0.75,0.05,4.25,7.371,10.253521126760562,2.957746478873239,5.602063987408537,2.6443175085352983,30.452831547890295,31,31,1.55,96.751,0.0,True,REORDENAR,2.2794117647058827
MASS2638,0.29577464788732394,1.6057906401713555,5.429101688198393,142,613.89,42.0,6.685714285714286,8.0,,1.0,0.05,6.685714285714286,C,Z,C-Z,0.75,0.05,4.25,10.935714285714287,15.380281690140844,4.436619718309859,8.63140664716532,4.194786928855462,30.620546520283323,31,31,1.55,207.25714285714287,8.0,True,REORDENAR,2.2794117647058827
MASS0970,0.16901408450704225,0.7434997840472006,4.399040388945937,142,117.57,24.0,1.9766666666666666,0.0,,1.0,0.05,1.9766666666666666,C,Z,C-Z,0.75,0.05,4.25,6.226666666666667,8.788732394366196,2.535211267605634,4.477446511544559,1.9422352439389252,30.675360998952907,31,31,1.55,61.276666666666664,0.0,True,REORDENAR,2.2794117647058827
MASS1588,0.4225352112676056,1.7189966711686682,4.068292121765848,142,958.8,60.0,11.22962962962963,0.0,,1.0,0.05,11.22962962962963,B,Z,B-Z,0.85,0.05,4.25,15.47962962962963,21.971830985915492,6.338028169014084,13.23823423950697,6.900206070492885,30.761479017275036,31,31,1.55,348.1185185185185,0.0,True,REORDENAR,2.2794117647058827
MASS1104,0.14084507042253522,1.6783627165933779,11.916375287812983,142,23.0,20.0,0.96,0.0,,1.0,0.05,0.96,C,Z,C-Z,0.75,0.05,4.25,5.21,7.323943661971831,2.1126760563380285,6.497042118337841,4.384366061999813,30.613149069732852,31,31,1.55,29.759999999999998,0.0,True,REORDENAR,2.2794117647058827
MASS1849,0.5985915492957746,3.14216318665331,5.249260852997295,142,2194.53,85.0,17.425806451612903,0.0,,1.0,0.05,17.425806451612903,A,Z,A-Z,0.9,0.05,4.25,21.675806451612903,31.12676056338028,8.97887323943662,24.574773574234378,15.595900334797758,30.94095404259604,31,31,1.55,540.2,0.0,True,REORDENAR,2.2794117647058827
MASS1362,0.4154929577464789,1.3059762129320662,3.1431969870568373,142,5906.33,59.0,43.11382978723404,0.0,19.5,1.0,0.06177675,19.5,A,Z,A-Z,0.9,0.06177675,5.25102375,24.75102375,21.6056338028169,6.232394366197183,12.714513099883565,6.482118733686382,24.123554105594863,25,25,1.54441875,487.5,0.0,True,REORDENAR,2.271204044117647
MASS1874,9.246478873239436,23.771723657946296,2.570894713959158,142,21617.21,1313.0,6.926156156156155,3.0,4.24,20.0,0.107415,4.24,AA,Z,AA-Z,0.95,0.00537075,0.45651375,4.69651375,480.8169014084507,138.69718309859155,290.1347276827313,151.43754458413974,261.25008117543246,14,280,1.5038099999999999,1187.2,3.0,True,REORDENAR,2.211485294117647
MASS0346,0.20422535211267606,1.2235208606206878,5.9910331795909535,142,173.28,29.0,3.677777777777778,0.0,,1.0,0.05,3.677777777777778,C,Z,C-Z,0.75,0.05,4.25,7.927777777777778,10.619718309859156,3.063380281690141,6.25956861715457,3.196188335464429,29.883752786034147,30,30,1.5,110.33333333333334,0.0,True,REORDENAR,2.2058823529411766
MASS1710,0.22535211267605634,1.1385842035670994,5.052467403329004,142,256.1,32.0,4.5311111111111115,0.0,,1.0,0.05,4.5311111111111115,C,Z,C-Z,0.75,0.05,4.25,8.781111111111112,11.71830985915493,3.380281690140845,6.354591052172566,2.974309362031721,29.827175049614297,30,30,1.5,135.93333333333334,0.0,True,REORDENAR,2.2058823529411766
MASS0170,0.11267605633802817,0.825983974131415,7.330607770416308,142,2.38,16.0,0.31,0.0,,1.0,0.05,0.31,C,Z,C-Z,0.75,0.05,4.25,4.56,5.859154929577465,1.6901408450704225,3.8478485134628673,2.1577076683924448,29.26775696720612,30,30,1.5,9.3,0.0,True,REORDENAR,2.2058823529411766
MASS2053,0.24647887323943662,1.1056695908956462,4.4858594830623355,142,479.02,35.0,5.791249999999999,0.0,,1.0,0.05,5.791249999999999,C,Z,C-Z,0.75,0.05,4.25,10.041249999999998,12.816901408450704,3.6971830985915495,6.585510027080241,2.888326928488692,29.171046012342703,30,30,1.5,173.73749999999995,0.0,True,REORDENAR,2.2058823529411766
MASS2213,1.1830985915492958,5.497413599874318,4.646623399893769,142,11962.13,168.0,24.0787074829932,30.0,12.0,1.0,0.027648,12.0,AA,Z,AA-Z,0.95,0.027648,2.3500799999999997,14.35008,61.52112676056338,17.746478873239436,52.767701108007174,35.021222234767734,53.461279653464686,54,54,1.4929919999999999,648.0,30.0,True,REORDENAR,2.195576470588235
MASS1156,0.14084507042253522,1.0490897729523034,7.448537387961354,142,42.33,20.0,1.7,0.0,,1.0,0.05,1.7,C,Z,C-Z,0.75,0.05,4.25,5.95,7.323943661971831,2.1126760563380285,4.853200229717605,2.7405241733795767,28.646290058478616,29,29,1.4500000000000002,49.3,0.0,True,REORDENAR,2.132352941176471
MASS1112,0.14788732394366197,1.2200870978012825,8.250112756561053,142,70.92,21.0,1.96,0.0,,1.0,0.05,1.96,C,Z,C-Z,0.75,0.05,4.25,6.21,7.690140845070422,2.2183098591549295,5.405528218688939,3.18721835953401,28.7326522986091,29,29,1.4500000000000002,56.839999999999996,0.0,True,REORDENAR,2.132352941176471
MASS1084,0.14084507042253522,1.32403611023894,9.400656382696473,142,34.4,20.0,1.72,0.0,,1.0,0.05,1.72,C,Z,C-Z,0.75,0.05,4.25,5.97,7.323943661971831,2.1126760563380285,5.571439128945212,3.458763072607183,28.598266068197336,29,29,1.4500000000000002,49.88,0.0,True,REORDENAR,2.132352941176471
MASS1676,0.5633802816901409,3.5897110429797405,6.371737101289039,142,2331.25,80.0,19.84375,0.0,,1.0,0.05,19.84375,A,Z,A-Z,0.9,0.05,4.25,24.09375,29.295774647887324,8.450704225352114,26.26797606369474,17.817271838342627,28.47112733730093,29,29,1.4500000000000002,575.46875,0.0,True,REORDENAR,2.132352941176471
MASS0297,0.1267605633802817,0.8821247312904736,6.958983991291515,142,158.44,18.0,1.3264285714285715,0.0,,1.0,0.05,1.3264285714285715,C,Z,C-Z,0.75,0.05,4.25,5.576428571428572,6.591549295774648,1.9014084507042253,4.205771921176658,2.304363470472433,28.07178641039023,29,29,1.4500000000000002,38.46642857142857,0.0,True,REORDENAR,2.132352941176471
MASS0550,0.4788732394366197,2.9934166770193418,6.2509583549521555,142,2052.29,68.0,16.903,0.0,,1.0,0.05,16.903,B,Z,B-Z,0.85,0.05,4.25,21.153,24.901408450704224,7.183098591549295,19.198940316385777,12.01584172483648,28.01433655089325,29,29,1.4500000000000002,490.18699999999995,0.0,True,REORDENAR,2.132352941176471
MASS1563,0.36619718309859156,2.026347282269454,5.533486809274278,142,805.3,52.0,11.642380952380952,0.0,,1.0,0.05,11.642380952380952,B,Z,B-Z,0.85,0.05,4.25,15.892380952380952,19.04225352112676,5.492957746478873,13.62689660311236,8.133938856633488,28.263052060083456,29,29,1.4500000000000002,337.6290476190476,0.0,True,REORDENAR,2.132352941176471
MASS1705,0.14788732394366197,1.12953378381275,7.637799871495738,142,77.78,21.0,2.0422222222222226,0.0,,1.0,0.05,2.0422222222222226,C,Z,C-Z,0.75,0.05,4.25,6.292222222222223,7.690140845070422,2.2183098591549295,5.168976922161823,2.9506670630068936,28.544306193028508,29,29,1.4500000000000002,59.22444444444446,0.0,True,REORDENAR,2.132352941176471
MASS1896,1.4788732394366197,5.547625279264719,3.751251379312334,142,7582.26,210.0,11.226196319018406,0.0,4.85,10.0,0.144666,4.85,AA,Z,AA-Z,0.95,0.0144666,1.229661,6.079661,76.90140845070422,22.183098591549296,57.52419386311243,35.341095271563134,91.82941878571327,10,100,1.4466599999999998,484.99999999999994,0.0,True,REORDENAR,2.127441176470588
MASS0995,0.1619718309859155,1.0426189334246865,6.437038632448064,142,140.48,23.0,2.9275,2.0,,1.0,0.05,2.9275,C,Z,C-Z,0.75,0.05,4.25,7.1775,8.422535211267606,2.4295774647887325,5.153197944504811,2.7236204797160783,27.96978883208659,28,28,1.4000000000000001,81.97,2.0,True,REORDENAR,2.058823529411765
MASS2287,0.1619718309859155,0.7498210088415566,4.629329706760914,142,222.78,23.0,3.26,0.0,,1.0,0.05,3.26,C,Z,C-Z,0.75,0.05,4.25,7.51,8.422535211267606,2.4295774647887325,4.388325565683214,1.9587481008944816,27.343608016462944,28,28,1.4000000000000001,91.28,0.0,True,REORDENAR,2.058823529411765
MASS0775,0.1056338028169014,1.2587720374450337,11.916375287812986,142,34.5,15.0,0.5,0.0,,1.0,0.05,0.5,C,Z,C-Z,0.75,0.05,4.25,4.75,5.492957746478873,1.584507042253521,4.872781588753382,3.288274546499861,27.76583220619,28,28,1.4000000000000001,14.0,0.0,True,REORDENAR,2.058823529411765
MASS1572,0.18309859154929578,1.1399870492598903,6.226083115188631,142,118.56,26.0,3.9899999999999998,0.0,,1.0,0.05,3.9899999999999998,C,Z,C-Z,0.75,0.05,4.25,8.24,9.52112676056338,2.7464788732394365,5.724452871636638,2.9779739983972013,27.754597800629487,28,28,1.4000000000000001,111.72,0.0,True,REORDENAR,2.058823529411765
MASS1262,0.19718309859154928,0.7169620366391933,3.6360217572416236,142,306.12,28.0,4.817777777777778,0.0,,1.0,0.05,4.817777777777778,C,Z,C-Z,0.75,0.05,4.25,9.067777777777778,10.253521126760562,2.957746478873239,4.830657495130467,1.8729110162572278,27.456201380522494,28,28,1.4000000000000001,134.89777777777778,0.0,True,REORDENAR,2.058823529411765
MASS1515,0.176056338028169,1.0538635152904072,5.985944766849514,142,147.59,25.0,3.6,0.0,,1.0,0.05,3.6,C,Z,C-Z,0.75,0.05,4.25,7.85,9.154929577464788,2.640845070422535,5.393839631572877,2.7529945611503424,27.883484564558604,28,28,1.4000000000000001,100.8,0.0,True,REORDENAR,2.058823529411765
MASS0838,0.11267605633802817,1.2609722217248254,11.191128467807825,142,16.34,16.0,0.8,0.0,,1.0,0.05,0.8,C,Z,C-Z,0.75,0.05,4.25,5.05,5.859154929577465,1.6901408450704225,4.984162905615426,3.2940220605450032,27.81161266960537,28,28,1.4000000000000001,22.400000000000002,0.0,True,REORDENAR,2.058823529411765
MASS1468,0.2535211267605634,1.333882615856368,5.261425873655673,142,401.96000000000004,36.0,7.24,6.0,,1.0,0.05,7.24,C,Z,C-Z,0.75,0.05,4.25,11.49,13.183098591549296,3.8028169014084505,7.2873018782449925,3.484484976836542,27.656874955801097,28,28,1.4000000000000001,202.72,6.0,True,REORDENAR,2.058823529411765
MASS1767,0.5915492957746479,3.1693454804026078,5.357703074013933,142,2756.8,84.0,22.04090909090909,0.0,,1.0,0.05,22.04090909090909,A,Z,A-Z,0.9,0.05,4.25,26.29090909090909,30.76056338028169,8.873239436619718,24.604057125801216,15.730817689181498,27.928570764862894,28,28,1.4000000000000001,617.1454545454545,0.0,True,REORDENAR,2.058823529411765
MASS1291,4.211267605633803,7.844075313937023,1.8626399574900623,142,6397.33,598.0,4.29546218487395,1.0,1.8,20.0,0.106848,1.8,A,Z,A-Z,0.9,0.0053424,0.45410399999999995,2.254104,218.98591549295776,63.16901408450705,102.10251611726036,38.93350203275332,254.4927925443852,13,260,1.389024,468.0,1.0,True,REORDENAR,2.0426823529411764
MASS0904,0.3591549295774648,1.6082303798119209,4.477817920260642,142,1109.33,51.0,13.881176470588235,0.0,,1.0,0.05,13.881176470588235,B,Z,B-Z,0.85,0.05,4.25,18.131176470588237,18.67605633802817,5.387323943661972,11.842904233986133,6.455580290324161,26.204988032016388,27,27,1.35,374.7917647058824,0.0,True,REORDENAR,1.985294117647059
MASS1363,0.5563380281690141,5.88726796430298,10.582177859886368,142,2225.16,79.0,23.885555555555555,0.0,,1.0,0.05,23.885555555555555,A,Z,A-Z,0.9,0.05,4.25,28.135555555555555,28.929577464788736,8.345070422535212,37.56610031860204,29.221029896066828,26.18168951015051,27,27,1.35,644.91,0.0,True,REORDENAR,1.985294117647059
MASS2280,0.22535211267605634,1.4941700711025112,6.630379690517393,142,467.22,32.0,7.214545454545455,0.0,,1.0,0.05,7.214545454545455,C,Z,C-Z,0.75,0.05,4.25,11.464545454545455,11.71830985915493,3.380281690140845,7.283483593895255,3.90320190375441,26.104082839901757,27,27,1.35,194.7927272727273,0.0,True,REORDENAR,1.985294117647059
MASS0748,0.09859154929577464,0.9016128901119496,9.14493074256406,142,13.06,14.0,0.78,0.0,,1.0,0.05,0.78,C,Z,C-Z,0.75,0.05,4.25,5.03,5.126760563380281,1.4788732394366195,3.8341453849546756,2.355272145518056,26.067050626169564,27,27,1.35,21.060000000000002,0.0,True,REORDENAR,1.985294117647059
MASS0828,0.14084507042253522,0.9935361968283545,7.054106997481316,142,146.42000000000002,20.0,2.56875,0.0,,1.0,0.05,2.56875,C,Z,C-Z,0.75,0.05,4.25,6.81875,7.323943661971831,2.1126760563380285,4.708078313356796,2.5954022570187676,26.759283701771487,27,27,1.35,69.35625,0.0,True,REORDENAR,1.985294117647059
MASS1192,0.09154929577464789,3.186640841413199,34.80792303697494,142,65.22,13.0,0.3983333333333333,0.0,,1.0,0.05,0.3983333333333333,C,Z,C-Z,0.75,0.05,4.25,4.648333333333333,4.76056338028169,1.3732394366197183,9.697661695732286,8.324422259112568,26.129729527670182,27,27,1.35,10.754999999999999,0.0,True,REORDENAR,1.985294117647059
MASS0966,0.11267605633802817,0.7635173510668123,6.7762164907179585,142,47.01,16.0,1.31,2.0,,1.0,0.05,1.31,C,Z,C-Z,0.75,0.05,4.25,5.5600000000000005,5.859154929577465,1.6901408450704225,3.684667730510256,1.9945268854398335,26.505406284368785,27,27,1.35,35.370000000000005,2.0,True,REORDENAR,1.985294117647059
MASS2296,0.2676056338028169,2.556913844999119,9.554783315523023,142,541.46,38.0,9.21625,1.0,,1.0,0.05,9.21625,C,Z,C-Z,0.75,0.05,4.25,13.46625,13.915492957746478,4.014084507042253,10.693478761119678,6.679394254077425,26.247039931819653,27,27,1.35,248.83875,1.0,True,REORDENAR,1.985294117647059
MASS2581,0.2535211267605634,3.02105288986808,11.916375287812983,142,295.2,36.0,8.2,0.0,,1.0,0.05,8.2,C,Z,C-Z,0.75,0.05,4.25,12.45,13.183098591549296,3.8028169014084505,11.694675813008113,7.8918589115996625,26.569197968173295,27,27,1.35,221.39999999999998,0.0,True,REORDENAR,1.985294117647059
MASS0985,0.176056338028169,1.1503887457320947,6.534208075758299,142,155.25,25.0,4.131818181818182,0.0,,1.0,0.05,4.131818181818182,C,Z,C-Z,0.75,0.05,4.25,8.381818181818183,9.154929577464788,2.640845070422535,5.645991291217838,3.005146220795303,26.98439941256124,27,27,1.35,111.55909090909091,0.0,True,REORDENAR,1.985294117647059
MASS1708,0.176056338028169,1.053863515290407,5.985944766849512,142,161.24,25.0,4.7681818181818185,0.0,,1.0,0.05,4.7681818181818185,C,Z,C-Z,0.75,0.05,4.25,9.01818181818182,9.154929577464788,2.640845070422535,5.393839631572876,2.7529945611503406,26.014913184777495,27,27,1.35,128.7409090909091,0.0,True,REORDENAR,1.985294117647059
MASS0741,0.16901408450704225,1.3681888996218492,8.09511765609594,142,163.26999999999998,24.0,3.9853846153846155,0.0,,1.0,0.05,3.9853846153846155,C,Z,C-Z,0.75,0.05,4.25,8.235384615384616,8.788732394366196,2.535211267605634,6.109314123085242,3.574102855479608,26.673226175784873,27,27,1.35,107.60538461538462,0.0,True,REORDENAR,1.985294117647059
MASS0742,0.5070422535211268,2.396056094233317,4.7255550747379305,142,2015.52,72.0,21.09892857142857,0.0,,1.0,0.05,21.09892857142857,B,Z,B-Z,0.85,0.05,4.25,25.34892857142857,26.366197183098592,7.605633802816901,17.223616829758992,9.617983026942092,26.332877238094213,27,27,1.35,569.6710714285714,0.0,True,REORDENAR,1.985294117647059
MASS1512,0.3732394366197183,1.5140437373858826,4.0564945416753835,142,962.1,53.0,14.783999999999999,0.0,,1.0,0.05,14.783999999999999,B,Z,B-Z,0.85,0.05,4.25,19.034,19.408450704225352,5.598591549295775,11.676098250108183,6.077506700812408,26.07262584873685,27,27,1.35,399.16799999999995,0.0,True,REORDENAR,1.985294117647059
MASS2279,0.23943661971830985,1.4824245879892228,6.191302691013814,142,475.96,34.0,7.53,0.0,,1.0,0.05,7.53,C,Z,C-Z,0.75,0.05,4.25,11.780000000000001,12.450704225352112,3.5915492957746475,7.464068619992128,3.8725193242174805,26.544752683717636,27,27,1.35,203.31,0.0,True,REORDENAR,1.985294117647059
MASS0272,0.15492957746478872,0.8446391201172512,5.451761593484076,142,122.09,22.0,3.231666666666667,0.0,,1.0,0.05,3.231666666666667,C,Z,C-Z,0.75,0.05,4.25,7.481666666666667,8.056338028169014,2.323943661971831,4.530383936333958,2.2064402743621274,26.793165888126527,27,27,1.35,87.25500000000001,0.0,True,REORDENAR,1.985294117647059
MASS2463,0.44366197183098594,2.2550955630309235,5.082913808736367,142,5080.95,63.0,24.33813559322034,0.0,14.0,1.0,0.044616,14.0,A,Z,A-Z,0.9,0.044616,3.7923600000000004,17.792360000000002,23.070422535211268,6.654929577464789,17.84793374601481,11.193004168550022,29.401220976188444,30,30,1.3384800000000001,420.0,0.0,True,REORDENAR,1.9683529411764706
MASS1576,0.176056338028169,1.2045969619649337,6.8421107439608235,142,41.0,25.0,5.2,0.0,,1.0,0.05,5.2,C,Z,C-Z,0.75,0.05,4.25,9.45,9.154929577464788,2.640845070422535,5.787598740658332,3.146753670235797,25.413587135794646,26,26,1.3,135.20000000000002,0.0,True,REORDENAR,1.911764705882353
MASS1590,0.3028169014084507,1.33681868904197,4.414610554510692,142,664.6,43.0,12.008695652173913,0.0,,1.0,0.05,12.008695652173913,B,Z,B-Z,0.85,0.05,4.25,16.258695652173913,15.746478873239436,4.54225352112676,9.908363059317164,5.366109538190404,25.40991703870918,26,26,1.3,312.2260869565217,0.0,True,REORDENAR,1.911764705882353
MASS0712,0.14788732394366197,0.780499777134934,5.277665159674315,142,113.09,21.0,3.543846153846154,0.0,,1.0,0.05,3.543846153846154,C,Z,C-Z,0.75,0.05,4.25,7.793846153846154,7.690140845070422,2.2183098591549295,4.257199725115816,2.0388898659608867,25.647533341081278,26,26,1.3,92.14,0.0,True,REORDENAR,1.911764705882353
MASS1387,0.18309859154929578,1.3920733977850082,7.602862403287352,142,192.6,26.0,5.208,0.0,,1.0,0.05,5.208,C,Z,C-Z,0.75,0.05,4.25,9.458,9.52112676056338,2.7464788732394365,6.382974906379117,3.63649603313968,25.90591219743273,26,26,1.3,135.40800000000002,0.0,True,REORDENAR,1.911764705882353
MASS0931,0.15492957746478872,0.6222331624726147,4.016232230505059,142,277.67,22.0,3.91,0.0,,1.0,0.05,3.91,C,Z,C-Z,0.75,0.05,4.25,8.16,8.056338028169014,2.323943661971831,3.949395617752312,1.625451955780481,25.655361063937452,26,26,1.3,101.66,0.0,True,REORDENAR,1.911764705882353
MASS1762,0.176056338028169,0.8530237895017925,4.845175124370182,142,256.05,25.0,4.809374999999999,0.0,,1.0,0.05,4.809374999999999,C,Z,C-Z,0.75,0.05,4.25,9.059375,9.154929577464788,2.640845070422535,4.869188512393919,2.2283434419713837,25.955700600261068,26,26,1.3,125.04374999999999,0.0,True,REORDENAR,1.911764705882353
MASS1279,0.14084507042253522,0.6255953113292069,4.4417267104373686,142,118.15,20.0,3.35,0.0,,1.0,0.05,3.35,C,Z,C-Z,0.75,0.05,4.25,7.6,7.323943661971831,2.1126760563380285,3.746910911784056,1.6342348554460275,25.346621045389497,26,26,1.3,87.10000000000001,0.0,True,REORDENAR,1.911764705882353
MASS1111,0.11971830985915492,0.6128921597805991,5.119452158167357,142,48.92,17.0,2.0216666666666665,0.0,,1.0,0.05,2.0216666666666665,C,Z,C-Z,0.75,0.05,4.25,6.2716666666666665,6.225352112676056,1.7957746478873238,3.3968252184469456,1.6010505705596219,25.724375881677666,26,26,1.3,52.56333333333333,0.0,True,REORDENAR,1.911764705882353
MASS1115,0.11971830985915492,1.1997777238949598,10.021672752534371,142,60.34,17.0,1.96,1.0,,1.0,0.05,1.96,C,Z,C-Z,0.75,0.05,4.25,6.21,6.225352112676056,1.7957746478873238,4.929939082417517,3.1341644345301933,25.851784720481962,26,26,1.3,50.96,1.0,True,REORDENAR,1.911764705882353
MASS0058,5.47887323943662,10.137857083187598,1.8503543776512066,142,7158.35,778.0,3.886349206349206,1.0,2.0,30.0,0.12992,2.0,A,Z,A-Z,0.9,0.004330666666666667,0.3681066666666667,2.368106666666667,284.90140845070425,82.1830985915493,132.50162098701335,50.31852239546406,283.20507942745036,10,300,1.2992000000000001,600.0,1.0,True,REORDENAR,1.9105882352941177
MASS1124,2.211267605633803,5.234678400460541,2.3672749454311997,142,3877.37,314.0,7.467787610619469,22.0,3.2,10.0,0.091632,3.2,A,Z,A-Z,0.9,0.0091632,0.778872,3.978872,114.98591549295776,33.16901408450705,59.15096275129628,25.98194866678923,138.80231517390192,14,140,1.282848,448.0,22.0,True,REORDENAR,1.8865411764705882
MASS2150,0.9788732394366197,2.7841198868047132,2.844208805224959,142,5748.56,139.0,14.543728813559323,0.0,6.45,10.0,0.183024,6.45,A,Z,A-Z,0.9,0.0183024,1.555704,8.005704,50.901408450704224,14.683098591549296,28.501876832975356,13.81877824142606,65.10577394052699,7,70,1.2811679999999999,451.5,0.0,True,REORDENAR,1.884070588235294
MASS1873,2.3732394366197185,6.587888258093693,2.7759054381284995,142,16170.77,337.0,18.251821862348176,57.0,10.5,6.0,0.09020375,10.5,AA,Z,AA-Z,0.95,0.015033958333333333,1.2778864583333334,11.777886458333333,123.40845070422536,35.598591549295776,77.56667245734147,41.96808090804569,83.57822410431365,14,84,1.2628525,882.0,57.0,True,REORDENAR,1.8571360294117645
MASS1312,0.2887323943661972,1.3661613972515567,4.731583375846855,142,624.64,41.0,11.865454545454547,0.0,,1.0,0.05,11.865454545454547,C,Z,C-Z,0.75,0.05,4.25,16.115454545454547,15.014084507042254,4.330985915492958,7.899792351733119,3.568806436240161,24.92197859562205,25,25,1.25,296.6363636363637,0.0,True,REORDENAR,1.8382352941176472
MASS0250,0.08450704225352113,0.7194655004467091,8.513675088619392,142,20.66,12.0,0.75,0.0,,1.0,0.05,0.75,C,Z,C-Z,0.75,0.05,4.25,5.0,4.394366197183098,1.267605633802817,3.1470564174456044,1.8794507836427874,24.205691334017843,25,25,1.25,18.75,0.0,True,REORDENAR,1.8382352941176472
MASS0001,0.08450704225352113,0.5521454961205653,6.533721704093356,142,27.81,12.0,0.5966666666666667,0.0,,1.0,0.05,0.5966666666666667,C,Z,C-Z,0.75,0.05,4.25,4.846666666666667,4.394366197183098,1.267605633802817,2.709968449982767,1.44236281617995,24.585605984412584,25,25,1.25,14.916666666666668,0.0,True,REORDENAR,1.8382352941176472
MASS1408,9.161971830985916,26.682965938246298,2.912360617395061,142,12131.52,1301.0,4.870769230769231,209.0,2.35,14.0,0.05,2.35,AA,Z,AA-Z,0.95,0.0035714285714285718,0.3035714285714286,2.6535714285714285,476.42253521126764,137.42957746478874,307.4131639330554,169.98358646826665,345.9673596752437,25,350,1.25,822.5,209.0,True,REORDENAR,1.8382352941176472
MASS0930,0.14788732394366197,0.4447835252987515,3.0075838377344146,142,254.97,21.0,4.15,0.0,,1.0,0.05,4.15,C,Z,C-Z,0.75,0.05,4.25,8.4,7.690140845070422,2.2183098591549295,3.3802123334988803,1.1619024743439508,24.704830266521817,25,25,1.25,103.75000000000001,0.0,True,REORDENAR,1.8382352941176472
MASS1388,0.2112676056338028,1.46268472636122,6.923374371443108,142,323.67,30.0,7.86529411764706,0.0,,1.0,0.05,7.86529411764706,C,Z,C-Z,0.75,0.05,4.25,12.11529411764706,10.985915492957746,3.169014084507042,6.9899672135661515,3.8209531290591094,24.5869986040787,25,25,1.25,196.6323529411765,0.0,True,REORDENAR,1.8382352941176472
MASS1570,0.47183098591549294,1.893226680039078,4.012510277097747,142,1963.09,67.0,22.022758620689654,0.0,,1.0,0.05,22.022758620689654,B,Z,B-Z,0.85,0.05,4.25,26.272758620689654,24.535211267605632,7.077464788732394,14.677045666072516,7.599580877340122,24.951487043874586,25,25,1.25,550.5689655172414,0.0,True,REORDENAR,1.8382352941176472
MASS1109,0.1056338028169014,1.0362763841664928,9.810083103442798,142,52.98,15.0,1.96,0.0,,1.0,0.05,1.96,C,Z,C-Z,0.75,0.05,4.25,6.21,5.492957746478873,1.584507042253521,4.29155895938223,2.707051917128709,24.28352333980457,25,25,1.25,49.0,0.0,True,REORDENAR,1.8382352941176472
MASS2328,0.31690140845070425,1.4604464405837023,4.608519879175238,142,12884.8,45.0,113.89447368421052,0.0,62.0,1.0,0.0960687,62.0,AA,Z,AA-Z,0.95,0.0960687,8.1658395,70.1658395,16.47887323943662,4.753521126760564,14.05728160038159,9.303760473621026,12.512821929216768,13,13,1.2488931,806.0,0.0,True,REORDENAR,1.8366075000000002
MASS1429,1.7605633802816902,6.027042577711155,3.423360184139936,142,2059.16,250.0,4.041558441558442,41.0,1.42,25.0,0.1548,1.42,B,Z,B-Z,0.85,0.006192,0.52632,1.94632,91.54929577464789,26.408450704225352,50.6015375666728,24.19308686244745,177.08213594004613,8,200,1.2384,284.0,41.0,True,REORDENAR,1.8211764705882352
MASS1430,1.8380281690140845,6.378862839077844,3.470492425858444,142,2176.16,261.0,4.273132530120482,47.0,1.42,25.0,0.1548,1.42,A,Z,A-Z,0.9,0.006192,0.52632,1.94632,95.5774647887324,27.570422535211268,59.2314481338094,31.661025598598133,180.93600668559284,8,200,1.2384,284.0,47.0,True,REORDENAR,1.8211764705882352
MASS2138,5.077464788732394,14.552460221270463,2.8660878660477196,142,7508.93,721.0,4.753007518796992,23.0,3.7,1.0,0.006,3.7,AA,Z,AA-Z,0.95,0.006,0.51,4.21,264.0281690140845,76.1619718309859,168.86828439283892,92.70631256185301,204.47417026285936,205,205,1.23,758.5,23.0,True,REORDENAR,1.8088235294117647
MASS1477,4.992957746478873,10.616123478676858,2.1262193709056616,142,5375.81,709.0,3.2240501792114693,0.0,1.8,20.0,0.08029,1.8,A,Z,A-Z,0.9,0.0040145,0.3412325,2.1412325,259.6338028169014,74.89436619718309,127.58672934961876,52.692363152435675,284.3171613273319,15,300,1.20435,540.0,0.0,True,REORDENAR,1.7711029411764705
MASS2514,0.4225352112676056,5.035088149780135,11.916375287812986,142,1332.0,60.0,22.2,0.0,,1.0,0.05,22.2,B,Z,B-Z,0.85,0.05,4.25,26.45,21.971830985915492,6.338028169014084,26.54932141890699,20.211293249892908,23.532857071844116,24,24,1.2000000000000002,532.8,0.0,True,REORDENAR,1.7647058823529416
MASS1566,0.29577464788732394,1.725029478191404,5.832242521504271,142,727.14,42.0,14.277999999999999,0.0,,1.0,0.05,14.277999999999999,B,Z,B-Z,0.85,0.05,4.25,18.528,15.380281690140844,4.436619718309859,11.361042014662038,6.924422296352179,23.524599817323757,24,24,1.2000000000000002,342.67199999999997,0.0,True,REORDENAR,1.7647058823529416
MASS0064,0.14084507042253522,1.1825657242363516,8.396216642078096,142,111.2,20.0,4.63,0.0,,1.0,0.05,4.63,C,Z,C-Z,0.75,0.05,4.25,8.879999999999999,7.323943661971831,2.1126760563380285,5.201877798110409,3.089201741772381,23.44878718117753,24,24,1.2000000000000002,111.12,0.0,True,REORDENAR,1.7647058823529416
MASS1565,0.2887323943661972,1.748681310314276,6.056408440600663,142,698.9499999999999,41.0,14.184,0.0,,1.0,0.05,14.184,B,Z,B-Z,0.85,0.05,4.25,18.433999999999997,15.014084507042254,4.330985915492958,11.350348777077045,7.019362861584087,23.302043404576512,24,24,1.2000000000000002,340.416,0.0,True,REORDENAR,1.7647058823529416
MASS1073,0.2605633802816901,0.9941643731893579,3.815441648456455,142,899.4300000000001,37.0,12.702,0.0,,1.0,0.05,12.702,B,Z,B-Z,0.85,0.05,4.25,16.951999999999998,13.549295774647886,3.908450704225352,7.899115234299863,3.990664530074511,23.083531974739355,24,24,1.2000000000000002,304.848,0.0,True,REORDENAR,1.7647058823529416
MASS0544,0.3732394366197183,1.720172987052197,4.608765361536075,142,1438.8,53.0,19.27785714285714,0.0,,1.0,0.05,19.27785714285714,B,Z,B-Z,0.85,0.05,4.25,23.52785714285714,19.408450704225352,5.598591549295775,12.503519456739529,6.904927907443754,23.450851557437026,24,24,1.2000000000000002,462.66857142857134,0.0,True,REORDENAR,1.7647058823529416
MASS1446,0.11267605633802817,1.3426901732747025,11.916375287812984,142,69.12,16.0,2.65,0.0,,1.0,0.05,2.65,C,Z,C-Z,0.75,0.05,4.25,6.9,5.859154929577465,1.6901408450704225,5.197633694670273,3.5074928495998505,23.79289653579488,24,24,1.2000000000000002,63.599999999999994,0.0,True,REORDENAR,1.7647058823529416
MASS2306,1.0492957746478873,4.360245072149256,4.15540134392748,142,22453.46,149.0,62.371224489795914,6.0,,1.0,0.05,62.371224489795914,AA,Z,AA-Z,0.95,0.05,4.25,66.6212244897959,54.56338028169014,15.739436619718308,43.516337319582156,27.776900699863848,23.366770814994773,24,24,1.2000000000000002,1496.909387755102,6.0,True,REORDENAR,1.7647058823529416
MASS2462,0.7676056338028169,3.4899358708118666,4.54652196014023,142,4809.6,109.0,15.775679012345678,0.0,9.0,1.0,0.023911875,9.0,A,Z,A-Z,0.9,0.023911875,2.032509375,11.032509375,39.91549295774648,11.514084507042254,28.83612947504693,17.322044968004676,49.11203914006027,50,50,1.19559375,450.0,0.0,True,REORDENAR,1.7582261029411765
MASS1335,5.295774647887324,14.286723853762938,2.697759025577576,142,10382.54,752.0,7.8398360655737696,0.0,5.4,12.0,0.079632,5.4,AA,Z,AA-Z,0.95,0.0066359999999999995,0.56406,5.96406,275.38028169014086,79.43661971830986,170.4500612212064,91.01344150289654,175.44855206374802,15,180,1.19448,972.0000000000001,0.0,True,REORDENAR,1.7565882352941178
MASS2137,4.767605633802817,13.914462853299606,2.9185431686389127,142,6913.97,677.0,4.081885245901639,76.0,3.7,1.0,0.006,3.7,A,Z,A-Z,0.9,0.006,0.51,4.21,247.9154929577465,71.51408450704226,140.57751723837669,69.06343273133443,198.13680541278526,199,199,1.194,736.3000000000001,76.0,True,REORDENAR,1.7558823529411764
MASS2600,1.6408450704225352,9.14449921797021,5.573042441853089,142,3849.58,233.0,5.928571428571429,1.0,5.5,9.0,0.105315,5.5,A,Z,A-Z,0.9,0.011701666666666668,0.9946416666666668,6.494641666666666,85.32394366197184,24.612676056338028,70.00073833804251,45.38806228170448,93.58629049933,11,99,1.158465,544.5,1.0,True,REORDENAR,1.7036250000000002
MASS1980,1.056338028169014,1.848037670731934,1.7494756616262308,142,4176.61,150.0,10.655999999999999,3.0,3.5,10.0,0.128016,3.5,A,Z,A-Z,0.9,0.0128016,1.088136,4.588136,54.92957746478873,15.84507042253521,25.017672103476194,9.172601680940984,89.33864439768405,9,90,1.1521439999999998,315.0,3.0,True,REORDENAR,1.6943294117647056
MASS1380,0.36619718309859156,2.773938678238996,7.574986390575719,142,1485.08,52.0,21.743157894736843,0.0,,1.0,0.05,21.743157894736843,B,Z,B-Z,0.85,0.05,4.25,25.993157894736843,19.04225352112676,5.492957746478873,16.627795194271485,11.134837447792613,22.099579970214982,23,23,1.1500000000000001,500.09263157894736,0.0,True,REORDENAR,1.6911764705882355
MASS0136,0.1267605633802817,1.1226814085484758,8.856708889660197,142,110.76,18.0,4.824999999999999,0.0,,1.0,0.05,4.824999999999999,C,Z,C-Z,0.75,0.05,4.25,9.075,6.591549295774648,1.9014084507042253,4.834175138985356,2.9327666882811307,22.005173940016224,23,23,1.1500000000000001,110.97499999999998,0.0,True,REORDENAR,1.6911764705882355
MASS2517,0.16901408450704225,2.0140352599120543,11.916375287812988,142,172.8,24.0,7.2,0.0,,1.0,0.05,7.2,C,Z,C-Z,0.75,0.05,4.25,11.45,8.788732394366196,2.535211267605634,7.796450542005411,5.261239274399777,22.621153545653307,23,23,1.1500000000000001,165.6,0.0,True,REORDENAR,1.6911764705882355
MASS1232,0.14084507042253522,0.7680827128902037,5.4533872615204455,142,149.20999999999998,20.0,5.510000000000001,0.0,,1.0,0.05,5.510000000000001,C,Z,C-Z,0.75,0.05,4.25,9.760000000000002,7.323943661971831,2.1126760563380285,4.119128979720276,2.006452923382248,22.366702390333447,23,23,1.1500000000000001,126.73000000000002,0.0,True,REORDENAR,1.6911764705882355
MASS0996,0.07746478873239436,0.5843580907149295,7.543531716501818,142,34.260000000000005,11.0,1.2,0.0,,1.0,0.05,1.2,C,Z,C-Z,0.75,0.05,4.25,5.45,4.028169014084507,1.1619718309859155,2.6884832076124123,1.5265113766264968,22.197801401129265,23,23,1.1500000000000001,27.599999999999998,0.0,True,REORDENAR,1.6911764705882355
MASS0252,0.14084507042253522,1.0077117488321707,7.154753416708412,142,142.96,20.0,5.06,0.0,,1.0,0.05,5.06,C,Z,C-Z,0.75,0.05,4.25,9.309999999999999,7.323943661971831,2.1126760563380285,4.745108931649959,2.6324328753119306,22.900872426453972,23,23,1.1500000000000001,116.38,0.0,True,REORDENAR,1.6911764705882355
MASS1113,0.09154929577464789,0.5445400111964471,5.948052429991961,142,35.86,13.0,1.96,1.0,,1.0,0.05,1.96,C,Z,C-Z,0.75,0.05,4.25,6.21,4.76056338028169,1.3732394366197183,2.7957345390708763,1.422495102451158,22.606729935033115,23,23,1.1500000000000001,45.08,1.0,True,REORDENAR,1.6911764705882355
MASS2542,0.3380281690140845,4.028070519824109,11.916375287812988,142,1017.6,48.0,21.2,0.0,,1.0,0.05,21.2,B,Z,B-Z,0.85,0.05,4.25,25.45,17.577464788732392,5.070422535211268,21.239457135125598,16.16903459991433,21.457968106315825,22,22,1.1,466.4,0.0,True,REORDENAR,1.6176470588235297
MASS1968,0.13380281690140844,0.6438897006931199,4.812228289390686,142,276.94,19.0,5.81,1.0,,1.0,0.05,5.81,C,Z,C-Z,0.75,0.05,4.25,10.059999999999999,6.957746478873239,2.0070422535211265,3.689067314897702,1.6820250613765753,21.472849500339507,22,22,1.1,127.82,1.0,True,REORDENAR,1.6176470588235297
MASS0107,0.08450704225352113,0.6357321991436875,7.522831023200302,142,44.120000000000005,12.0,2.2600000000000002,0.0,,1.0,0.05,2.2600000000000002,C,Z,C-Z,0.75,0.05,4.25,6.51,4.394366197183098,1.267605633802817,2.9283209552820257,1.6607153214792088,21.213483904184805,22,22,1.1,49.720000000000006,0.0,True,REORDENAR,1.6176470588235297
MASS0121,0.07746478873239436,0.5467368532435288,7.057875741871009,142,35.93,11.0,1.4385714285714286,0.0,,1.0,0.05,1.4385714285714286,C,Z,C-Z,0.75,0.05,4.25,5.688571428571429,4.028169014084507,1.1619718309859155,2.590205716609253,1.4282338856233374,21.72734221995262,22,22,1.1,31.64857142857143,0.0,True,REORDENAR,1.6176470588235297
MASS2653,0.4225352112676056,5.035088149780135,11.916375287812986,142,2552.98,60.0,27.391304347826086,0.0,,1.0,0.05,27.391304347826086,A,Z,A-Z,0.9,0.05,4.25,31.641304347826086,21.971830985915492,6.338028169014084,31.32932502286411,24.991296853850027,21.515939094289564,22,22,1.1,602.6086956521739,0.0,True,REORDENAR,1.6176470588235297
MASS1967,0.13380281690140844,0.6327792265044382,4.729192113875276,142,254.13,19.0,5.81,2.0,,1.0,0.05,5.81,C,Z,C-Z,0.75,0.05,4.25,10.059999999999999,6.957746478873239,2.0070422535211265,3.660043561281169,1.6530013077600425,21.472849500339507,22,22,1.1,127.82,2.0,True,REORDENAR,1.6176470588235297
MASS1962,0.2112676056338028,1.1719595393706586,5.5472751530211175,142,515.53,30.0,11.346470588235295,0.0,,1.0,0.05,11.346470588235295,C,Z,C-Z,0.75,0.05,4.25,15.596470588235295,10.985915492957746,3.169014084507042,6.230509421392865,3.061495336885823,21.670020999380796,22,22,1.1,249.6223529411765,0.0,True,REORDENAR,1.6176470588235297
MASS0499,0.33098591549295775,1.4475306975562194,4.373390618148578,142,1119.45,47.0,20.845882352941175,0.0,,1.0,0.05,20.845882352941175,B,Z,B-Z,0.85,0.05,4.25,25.095882352941175,17.211267605633804,4.964788732394366,10.775306154578587,5.810517422184221,21.38255334536382,22,22,1.1,458.60941176470584,0.0,True,REORDENAR,1.6176470588235297
MASS0990,0.08450704225352113,0.5391477086319709,6.37991455214499,142,47.9,12.0,2.0175,0.0,,1.0,0.05,2.0175,C,Z,C-Z,0.75,0.05,4.25,6.2675,4.394366197183098,1.267605633802817,2.676014491292748,1.4084088574899312,21.61998168970225,22,22,1.1,44.385000000000005,0.0,True,REORDENAR,1.6176470588235297
MASS2519,0.16901408450704225,2.0140352599120543,11.916375287812988,142,196.8,24.0,8.2,0.0,,1.0,0.05,8.2,C,Z,C-Z,0.75,0.05,4.25,12.45,8.788732394366196,2.535211267605634,7.796450542005411,5.261239274399777,21.69365929900538,22,22,1.1,180.39999999999998,0.0,True,REORDENAR,1.6176470588235297
MASS2271,0.1267605633802817,1.030452320496539,8.12912386169492,142,179.1,18.0,5.694,0.0,,1.0,0.05,5.694,C,Z,C-Z,0.75,0.05,4.25,9.943999999999999,6.591549295774648,1.9014084507042253,4.59324623870279,2.6918377879985647,21.02168697150221,22,22,1.1,125.268,0.0,True,REORDENAR,1.6176470588235297
MASS0304,0.1056338028169014,0.649142877090733,6.1452192364589395,142,119.52,15.0,3.8579999999999997,1.0,,1.0,0.05,3.8579999999999997,C,Z,C-Z,0.75,0.05,4.25,8.108,5.492957746478873,1.584507042253521,3.2802549110350068,1.6957478687814858,21.252040242710564,22,22,1.1,84.87599999999999,1.0,True,REORDENAR,1.6176470588235297
MASS2445,0.1056338028169014,0.4075135898856189,3.857795317583859,142,130.4,15.0,3.7292857142857145,0.0,,1.0,0.05,3.7292857142857145,C,Z,C-Z,0.75,0.05,4.25,7.979285714285714,5.492957746478873,1.584507042253521,2.6490497275943348,1.0645426853408138,21.42276341125032,22,22,1.1,82.04428571428572,0.0,True,REORDENAR,1.6176470588235297
MASS1317,0.1267605633802817,0.8065261725983882,6.3625953616095074,142,109.62,18.0,5.08,0.0,,1.0,0.05,5.08,C,Z,C-Z,0.75,0.05,4.25,9.33,6.591549295774648,1.9014084507042253,4.008286746018313,2.106878295314088,21.702376863873617,22,22,1.1,111.76,0.0,True,REORDENAR,1.6176470588235297
MASS1971,0.14084507042253522,0.6478721230947726,4.599892073972885,142,250.32,20.0,5.991818181818181,1.0,,1.0,0.05,5.991818181818181,C,Z,C-Z,0.75,0.05,4.25,10.241818181818182,7.323943661971831,2.1126760563380285,3.805104350251724,1.6924282939136956,21.834252937697656,22,22,1.1,131.82,1.0,True,REORDENAR,1.6176470588235297
MASS1587,0.19014084507042253,1.1965262877709546,6.292841957906502,142,328.0,27.0,10.666666666666666,0.0,,1.0,0.05,10.666666666666666,C,Z,C-Z,0.75,0.05,4.25,14.916666666666666,9.887323943661972,2.852112676056338,5.9777834244161285,3.1256707483597905,21.021217207885318,22,22,1.1,234.66666666666666,0.0,True,REORDENAR,1.6176470588235297
MASS1072,0.14788732394366197,0.6625459502179715,4.4800726157596165,142,402.65,21.0,6.66,0.0,,1.0,0.05,6.66,C,Z,C-Z,0.75,0.05,4.25,10.91,7.690140845070422,2.2183098591549295,3.9490704092624407,1.7307605501075112,21.677497368289075,22,22,1.1,146.52,0.0,True,REORDENAR,1.6176470588235297
MASS1677,0.29577464788732394,3.130243079393404,10.583202792234841,142,1091.68,42.0,18.255555555555553,0.0,,1.0,0.05,18.255555555555553,B,Z,B-Z,0.85,0.05,4.25,22.505555555555553,15.380281690140844,4.436619718309859,17.001694834984928,12.565075116675068,21.34477819890915,22,22,1.1,401.62222222222215,0.0,True,REORDENAR,1.6176470588235297
MASS1895,0.6056338028169014,2.996351792351844,4.947464587371649,142,2076.52,86.0,10.425079365079364,0.0,3.0,8.0,0.12177,3.0,B,Z,B-Z,0.85,0.01522125,1.29380625,4.29380625,31.492957746478872,9.08450704225352,21.112130582014146,12.027623539760626,69.92619127315244,9,72,1.09593,216.0,0.0,True,REORDENAR,1.6116617647058824
MASS0889,22.507042253521128,36.622232227396395,1.6271454869494018,142,28635.99,3196.0,2.820438718662953,0.0,2.4,20.0,0.03883125,2.4,AA,Z,AA-Z,0.95,0.0019415625,0.1650328125,2.5650328124999997,1170.3661971830986,337.6056338028169,570.907223772006,233.30158996918908,551.5295585489223,28,560,1.087275,1344.0,0.0,True,REORDENAR,1.5989338235294117
MASS1355,3.563380281690141,8.8055952462962,2.4711354248499218,142,4684.97,506.0,5.118383233532934,1.0,2.9,48.0,0.214491,2.9,A,Z,A-Z,0.9,0.0044685624999999994,0.3798278125,3.2798278124999998,185.29577464788733,53.45070422535211,97.15664108857234,43.70593686322023,194.07143019099075,5,240,1.072455,696.0,1.0,True,REORDENAR,1.5771397058823529
MASS1620,5.436619718309859,20.081205633585146,3.6936932642086666,142,17648.3,772.0,10.906622516556292,0.0,8.5,16.0,0.11861256,8.5,AA,Z,AA-Z,0.95,0.007413285,0.630129225,9.130129225,282.70422535211264,81.54929577464789,209.4764295911636,127.9271338165157,143.675281940648,9,144,1.0675130400000001,1224.0,0.0,True,REORDENAR,1.5698721176470591
MASS2444,0.09154929577464789,0.3932935953745257,4.295976195629434,142,112.15,13.0,3.051428571428571,1.0,,1.0,0.05,3.051428571428571,C,Z,C-Z,0.75,0.05,4.25,7.301428571428572,4.76056338028169,1.3732394366197183,2.400635407058043,1.0273959704383249,20.848730993999506,21,21,1.05,64.08,1.0,True,REORDENAR,1.5441176470588236
MASS1469,0.18309859154929578,1.1523624719707395,6.2936719623017305,142,366.0,26.0,11.167142857142858,0.0,,1.0,0.05,11.167142857142858,C,Z,C-Z,0.75,0.05,4.25,15.417142857142858,9.52112676056338,2.7464788732394365,5.756781034553936,3.0103021613144993,20.290679719851628,21,21,1.05,234.51000000000002,0.0,True,REORDENAR,1.5441176470588236
MASS1814,0.1619718309859155,1.5235146187441457,9.406046776594291,142,302.5,23.0,9.707692307692309,0.0,,1.0,0.05,9.707692307692309,C,Z,C-Z,0.75,0.05,4.25,13.957692307692309,8.422535211267606,2.4295774647887325,6.409435765585767,3.979858300797035,20.057138710458887,21,21,1.05,203.8615384615385,0.0,True,REORDENAR,1.5441176470588236
MASS2512,0.2535211267605634,3.02105288986808,11.916375287812983,142,637.2,36.0,17.7,0.0,,1.0,0.05,17.7,C,Z,C-Z,0.75,0.05,4.25,21.95,13.183098591549296,3.8028169014084505,11.694675813008113,7.8918589115996625,20.00994330772615,21,21,1.05,371.7,0.0,True,REORDENAR,1.5441176470588236
MASS2007,0.20422535211267606,1.416912698173861,6.937986315196146,142,559.58,29.0,12.523076923076925,0.0,,1.0,0.05,12.523076923076925,C,Z,C-Z,0.75,0.05,4.25,16.773076923076925,10.619718309859156,3.063380281690141,6.764763710475591,3.7013834287854497,20.544922138117194,21,21,1.05,262.98461538461544,0.0,True,REORDENAR,1.5441176470588236
MASS1577,0.09154929577464789,0.44410926994601546,4.851039717871861,142,35.1,13.0,3.3666666666666667,0.0,,1.0,0.05,3.3666666666666667,C,Z,C-Z,0.75,0.05,4.25,7.616666666666667,4.76056338028169,1.3732394366197183,2.533380562086915,1.1601411254671967,20.412729070874764,21,21,1.05,70.7,0.0,True,REORDENAR,1.5441176470588236
MASS2800,0.4154929577464789,3.6674588913590034,8.826765467338618,142,2902.0,59.0,30.0,1.0,,1.0,0.05,30.0,A,Z,A-Z,0.9,0.05,4.25,34.25,21.6056338028169,6.232394366197183,24.435562042069314,18.20316767587213,20.507257656738073,21,21,1.05,630.0,1.0,True,REORDENAR,1.5441176470588236
MASS1961,0.18309859154929578,0.942455810502421,5.147258657359376,142,446.3,26.0,10.31,0.0,,1.0,0.05,10.31,C,Z,C-Z,0.75,0.05,4.25,14.56,9.52112676056338,2.7464788732394365,5.208444472003646,2.4619655987642095,20.87939241209675,21,21,1.05,216.51000000000002,0.0,True,REORDENAR,1.5441176470588236
MASS1780,0.07042253521126761,0.8391813582966889,11.916375287812983,142,34.54,10.0,1.8266666666666669,0.0,,1.0,0.05,1.8266666666666669,C,Z,C-Z,0.75,0.05,4.25,6.076666666666667,3.6619718309859155,1.0563380281690142,3.2485210591689206,2.1921830309999066,20.043758577795472,21,21,1.05,38.36000000000001,0.0,True,REORDENAR,1.5441176470588236
MASS0045,0.2323943661971831,1.235787244179125,5.317629959801084,142,585.57,33.0,14.657,0.0,,1.0,0.05,14.657,C,Z,C-Z,0.75,0.05,4.25,18.907,12.08450704225352,3.4859154929577465,6.714147149717018,3.2282316567592715,20.642273499718037,21,21,1.05,307.797,0.0,True,REORDENAR,1.5441176470588236
MASS0292,19.43661971830986,41.26414905221355,2.1230105671791026,142,25349.15,2760.0,3.397554615926709,1.0,3.9,20.0,0.05,3.9,AA,Z,AA-Z,0.95,0.0025,0.2125,4.1125,1010.7042253521128,291.5492957746479,554.4221737256883,262.8728779510404,404.7747895430033,21,420,1.05,1638.0,1.0,True,REORDENAR,1.5441176470588236
MASS1040,2.6549295774647885,6.74778216745344,2.5416049543193333,142,4062.07,377.0,5.032216494845361,1.0,2.25,24.0,0.128638125,2.25,A,Z,A-Z,0.9,0.005359921875,0.45559335937499995,2.705593359375,138.056338028169,39.823943661971825,73.31607373705467,33.49213007508284,184.43837323402644,8,192,1.029105,432.0,1.0,True,REORDENAR,1.5133897058823529
MASS1060,10.464788732394366,31.36530630038151,2.9972230785021363,142,8165.9,1486.0,3.110925925925926,0.0,2.08,25.0,0.063963,2.08,AA,Z,AA-Z,0.95,0.0025585200000000003,0.21747420000000003,2.2974742,544.169014084507,156.9718309859155,356.78422320474624,199.81239221883075,397.37080236777905,16,400,1.023408,832.0,0.0,True,REORDENAR,1.5050117647058825
MASS1736,1.9366197183098592,7.628999161683669,3.939337748942113,142,9886.869999999999,275.0,14.227837837837836,45.0,11.2,1.0,0.013794,11.2,AA,Z,AA-Z,0.95,0.013794,1.17249,12.372489999999999,100.70422535211269,29.049295774647888,77.64976401598392,48.60046824133603,73.66304398458666,74,74,1.020756,828.8,45.0,True,REORDENAR,1.5011117647058825
MASS1173,1.147887323943662,3.5449438233374475,3.088233269410537,142,1845.11,163.0,6.593999999999999,14.0,3.2,10.0,0.091632,3.2,B,Z,B-Z,0.85,0.0091632,0.778872,3.978872,59.690140845070424,17.218309859154928,31.448030776950244,14.229720917795316,100.00591510713618,11,110,1.007952,352.0,14.0,True,REORDENAR,1.4822823529411764
MASS2214,1.1619718309859155,4.6381662492012135,3.9916339841610444,142,6726.94,165.0,13.16646551724138,0.0,7.28,10.0,0.143104,7.28,A,Z,A-Z,0.9,0.014310400000000001,1.2163840000000001,8.496384,60.42253521126761,17.429577464788732,40.45078109482989,23.02120363004116,68.85520505663143,7,70,1.001728,509.6,0.0,True,REORDENAR,1.4731294117647058
MASS1514,0.18309859154929578,0.934900292858364,5.105993907149526,142,486.0,26.0,12.846666666666666,0.0,,1.0,0.05,12.846666666666666,C,Z,C-Z,0.75,0.05,4.25,17.096666666666664,9.52112676056338,2.7464788732394365,5.188707287179449,2.4422284139400126,19.268274374483553,20,20,1.0,256.93333333333334,0.0,True,REORDENAR,1.4705882352941175
MASS2499,0.3380281690140845,4.028070519824109,11.916375287812988,142,1281.6,48.0,26.7,0.0,,1.0,0.05,26.7,B,Z,B-Z,0.85,0.05,4.25,30.95,17.577464788732392,5.070422535211268,21.239457135125598,16.16903459991433,19.45817756016741,20,20,1.0,534.0,0.0,True,REORDENAR,1.4705882352941175
MASS2567,0.2535211267605634,3.02105288986808,11.916375287812983,142,655.2,36.0,18.2,0.0,,1.0,0.05,18.2,C,Z,C-Z,0.75,0.05,4.25,22.45,13.183098591549296,3.8028169014084505,11.694675813008113,7.8918589115996625,19.78586073000116,20,20,1.0,364.0,0.0,True,REORDENAR,1.4705882352941175
MASS1390,0.13380281690140844,0.745947664578341,5.5749772826381285,142,212.94,19.0,7.564117647058824,0.0,,1.0,0.05,7.564117647058824,C,Z,C-Z,0.75,0.05,4.25,11.814117647058824,6.957746478873239,2.0070422535211265,3.955672065343653,1.9486298118225265,19.81472388609587,20,20,1.0,151.28235294117647,0.0,True,REORDENAR,1.4705882352941175
MASS1564,0.2535211267605634,1.899744737307194,7.493437574933933,142,774.55,36.0,17.954,0.0,,1.0,0.05,17.954,B,Z,B-Z,0.85,0.05,4.25,22.204,13.183098591549296,3.8028169014084505,11.428561842404786,7.625744940996336,19.895163435356267,20,20,1.0,359.08000000000004,0.0,True,REORDENAR,1.4705882352941175
MASS1096,0.09154929577464789,0.5445400111964471,5.948052429991961,142,65.33,13.0,3.872,0.0,,1.0,0.05,3.872,C,Z,C-Z,0.75,0.05,4.25,8.122,4.76056338028169,1.3732394366197183,2.7957345390708763,1.422495102451158,19.767513937334602,20,20,1.0,77.44,0.0,True,REORDENAR,1.4705882352941175
MASS0740,0.07746478873239436,0.6531315037285532,8.431333957223142,142,47.53,11.0,3.18,0.0,,1.0,0.05,3.18,C,Z,C-Z,0.75,0.05,4.25,7.43,4.028169014084507,1.1619718309859155,2.8681391395535414,1.7061673085676259,19.01138714303204,20,20,1.0,63.6,0.0,True,REORDENAR,1.4705882352941175
MASS0983,0.07746478873239436,0.6531315037285532,8.431333957223142,142,50.65,11.0,2.665,0.0,,1.0,0.05,2.665,C,Z,C-Z,0.75,0.05,4.25,6.915,4.028169014084507,1.1619718309859155,2.8681391395535414,1.7061673085676259,19.70661901198526,20,20,1.0,53.3,0.0,True,REORDENAR,1.4705882352941175
MASS1322,9.830985915492958,25.38022121275366,2.5816557394061745,142,14641.25,1396.0,5.5704468085106384,0.0,3.3,16.0,0.05,3.3,AA,Z,AA-Z,0.95,0.003125,0.265625,3.565625,511.2112676056338,147.46478873239437,309.1492520370533,161.68446330465895,309.1624542193323,20,320,1.0,1056.0,0.0,True,REORDENAR,1.4705882352941175
MASS1589,0.176056338028169,0.8856563521527302,5.030528080227508,142,410.09000000000003,25.0,11.65,0.0,,1.0,0.05,11.65,C,Z,C-Z,0.75,0.05,4.25,15.9,9.154929577464788,2.640845070422535,4.954434150174324,2.3135890797517886,19.59220481776273,20,20,1.0,233.0,0.0,True,REORDENAR,1.4705882352941175
MASS0003,0.056338028169014086,0.3527932689271999,6.262080523457798,142,23.15,8.0,0.6757142857142856,0.0,,1.0,0.05,0.6757142857142856,C,Z,C-Z,0.75,0.05,4.25,4.925714285714285,2.9295774647887325,0.8450704225352113,1.7666678936265154,0.9215974710913042,19.912337975847244,20,20,1.0,13.514285714285712,0.0,True,REORDENAR,1.4705882352941175
MASS1778,5.76056338028169,17.94433061161077,3.1150304973700846,142,8482.29,818.0,5.1604210526315795,93.0,2.35,14.0,0.05,2.35,AA,Z,AA-Z,0.95,0.0035714285714285718,0.3035714285714286,2.6535714285714285,299.5492957746479,86.40845070422534,200.72264205736158,114.31419135313624,274.32989086807333,20,280,1.0,658.0,93.0,True,REORDENAR,1.4705882352941175
MASS1526,6.746478873239437,21.429891174261368,3.1764556855376975,142,24598.32,958.0,11.488627450980392,1.0,6.0,10.0,0.05,6.0,AA,Z,AA-Z,0.95,0.005,0.425,6.425,350.81690140845075,101.19718309859155,237.71610561478226,136.5189225161907,190.79107658953714,20,200,1.0,1200.0,1.0,True,REORDENAR,1.4705882352941175
MASS1097,0.08450704225352113,0.5521454961205653,6.533721704093356,142,77.52000000000001,12.0,3.5460000000000003,0.0,,1.0,0.05,3.5460000000000003,C,Z,C-Z,0.75,0.05,4.25,7.796,4.394366197183098,1.267605633802817,2.709968449982767,1.44236281617995,19.38503448353263,20,20,1.0,70.92,0.0,True,REORDENAR,1.4705882352941175
MASS2132,3.852112676056338,12.406213944677678,3.2206259234812253,142,5180.35,547.0,4.254634146341464,35.0,2.35,20.0,0.082584,2.35,A,Z,A-Z,0.9,0.0041292,0.350982,2.700982,200.30985915492957,57.78169014084507,119.35903820323247,61.5773480623874,222.35386778663988,12,240,0.9910080000000001,564.0,35.0,True,REORDENAR,1.4573647058823531
MASS1206,7.507042253521127,13.781860047431781,1.8358575297704625,142,15030.76,1066.0,7.238016877637131,0.0,5.0,18.0,0.076,5.0,AA,Z,AA-Z,0.95,0.004222222222222222,0.35888888888888887,5.358888888888889,390.3661971830986,112.60563380281691,200.40284512062817,87.79721131781126,220.37031690462175,13,234,0.988,1170.0,0.0,True,REORDENAR,1.4529411764705882
MASS1990,2.676056338028169,5.415435380982571,2.0236626949987504,142,4725.23,380.0,3.592857142857143,0.0,1.5,18.0,0.076,1.5,A,Z,A-Z,0.9,0.004222222222222222,0.35888888888888887,1.8588888888888888,139.1549295774648,40.140845070422536,67.0199679721512,26.87912290172867,223.39680245867896,13,234,0.988,351.0,0.0,True,REORDENAR,1.4529411764705882
MASS0927,153.38084507042254,204.86709149939782,1.3356758557780546,142,13081.96,21780.08,0.22234099412079103,7.0,1.16,60.0,0.027225,1.16,AA,Z,AA-Z,0.95,0.00045375,0.03856875,1.19856875,7975.803943661972,2300.712676056338,3605.816578035795,1305.103901979457,2106.2510284922537,36,2160,0.9801,2505.6,7.0,True,REORDENAR,1.4413235294117648
MASS2585,1.0845070422535212,3.847248178841007,3.5474626064637853,142,3799.31,154.0,5.8149218750000005,6.0,2.08,16.0,0.1223235,2.08,A,Z,A-Z,0.9,0.00764521875,0.64984359375,2.72984359375,56.3943661971831,16.26760563380282,35.363144470009274,19.095538836206455,117.35547296693925,8,128,0.978588,266.24,6.0,True,REORDENAR,1.4391
MASS2193,2.3661971830985915,6.510742757291461,2.7515639033791293,142,3188.01,336.0,3.2416256157635472,1.0,1.25,40.0,0.16178725,1.25,A,Z,A-Z,0.9,0.0040446812499999995,0.34379790624999995,1.5937979062499998,123.04225352112675,35.49295774647887,67.80855980671888,32.31560206024,226.86363310796008,6,240,0.9707235,300.0,1.0,True,REORDENAR,1.4275345588235293
MASS1648,5.73943661971831,9.612845703392468,1.6748761839039636,142,6086.99,815.0,3.029453681710214,16.0,1.85,30.0,0.088236,1.85,A,Z,A-Z,0.9,0.0029411999999999997,0.250002,2.100002,298.4507042253521,86.09154929577466,133.80421557634975,47.71266628057509,307.80865009806445,11,330,0.9705959999999999,610.5,16.0,True,REORDENAR,1.4273470588235293
MASS2224,1.8873239436619718,6.287552254678219,3.3314642543444295,142,2937.55,268.0,4.124594594594594,28.0,1.88,20.0,0.106672,1.88,A,Z,A-Z,0.9,0.0053336,0.453356,2.3333559999999998,98.14084507042253,28.309859154929576,59.51767125403233,31.207812099102753,167.45139312774106,9,180,0.960048,338.4,28.0,True,REORDENAR,1.411835294117647
MASS1058,20.591549295774648,49.979592279161,2.4271895019291594,142,10261.64,2924.0,1.6617513134851138,95.0,1.18,50.0,0.063963,1.18,AA,Z,AA-Z,0.95,0.0012792600000000002,0.10873710000000002,1.2887370999999999,1070.7605633802816,308.8732394366197,627.2677674473183,318.3945280106986,744.2492208943606,15,750,0.9594450000000001,885.0,95.0,True,REORDENAR,1.4109485294117647
MASS1059,11.492957746478874,28.438248761274505,2.4744064485912864,142,6876.64,1632.0,2.4556153846153848,0.0,1.66,32.0,0.063963,1.66,A,Z,A-Z,0.9,0.00199884375,0.16990171875,1.82990171875,597.6338028169015,172.3943661971831,313.5455626916631,141.15119649448002,466.6143221320041,15,480,0.9594450000000001,796.8,0.0,True,REORDENAR,1.4109485294117647
MASS0918,11.774647887323944,25.090303392809393,2.1308750489108457,142,11709.38,1672.0,3.471955990220049,99.0,2.8,60.0,0.136458,2.8,AA,Z,AA-Z,0.95,0.0022743,0.1933155,2.9933155,612.2816901408451,176.61971830985917,336.457262837601,159.8375445277418,369.2782757978386,7,420,0.955206,1176.0,99.0,True,REORDENAR,1.4047147058823528
MASS1897,0.7887323943661971,2.2212097716931534,2.816176674825248,142,6356.45,112.0,25.72027397260274,0.0,14.0,6.0,0.136422,14.0,A,Z,A-Z,0.9,0.022736999999999997,1.9326449999999997,15.932644999999999,41.01408450704225,11.830985915492956,22.855800402897714,11.024814487404758,41.426375901711545,7,42,0.9549539999999999,588.0,0.0,True,REORDENAR,1.4043441176470586
MASS0773,0.04929577464788732,0.5098666880239264,10.343009957056793,142,20.0,7.0,0.69,0.0,,1.0,0.05,0.69,C,Z,C-Z,0.75,0.05,4.25,4.9399999999999995,2.5633802816901405,0.7394366197183098,2.0713550310458038,1.331918411327494,18.599334952812928,19,19,0.9500000000000001,13.11,0.0,True,REORDENAR,1.397058823529412
MASS0188,0.04929577464788732,0.24775487739457305,5.025884655718483,142,22.490000000000002,7.0,0.53,0.0,,1.0,0.05,0.53,C,Z,C-Z,0.75,0.05,4.25,4.78,2.5633802816901405,0.7394366197183098,1.3866436062679635,0.6472069865496537,18.9080586956671,19,19,0.9500000000000001,10.07,0.0,True,REORDENAR,1.397058823529412
MASS0706,0.07042253521126761,0.8391813582966889,11.916375287812983,142,26.0,10.0,2.6,0.0,,1.0,0.05,2.6,C,Z,C-Z,0.75,0.05,4.25,6.85,3.6619718309859155,1.0563380281690142,3.2485210591689206,2.1921830309999066,18.87846088149412,19,19,0.9500000000000001,49.4,0.0,True,REORDENAR,1.397058823529412
MASS1489,0.31690140845070425,3.1965622454118314,10.086929752188444,142,1482.31,45.0,27.712352941176473,1.0,,1.0,0.05,27.712352941176473,B,Z,B-Z,0.85,0.05,4.25,31.962352941176473,16.47887323943662,4.753521126760564,17.584807295280932,12.831286168520368,18.53953151608511,19,19,0.9500000000000001,526.534705882353,1.0,True,REORDENAR,1.397058823529412
MASS2550,0.16901408450704225,2.0140352599120543,11.916375287812988,142,328.8,24.0,13.7,0.0,,1.0,0.05,13.7,C,Z,C-Z,0.75,0.05,4.25,17.95,8.788732394366196,2.535211267605634,7.796450542005411,5.261239274399777,18.066967548844517,19,19,0.9500000000000001,260.3,0.0,True,REORDENAR,1.397058823529412
MASS2507,0.16901408450704225,2.0140352599120543,11.916375287812988,142,328.8,24.0,13.7,0.0,,1.0,0.05,13.7,C,Z,C-Z,0.75,0.05,4.25,17.95,8.788732394366196,2.535211267605634,7.796450542005411,5.261239274399777,18.066967548844517,19,19,0.9500000000000001,260.3,0.0,True,REORDENAR,1.397058823529412
MASS0009,0.3732394366197183,2.746007172072211,7.357226762910451,142,2370.96,53.0,32.84913043478261,0.0,,1.0,0.05,32.84913043478261,A,Z,A-Z,0.9,0.05,4.25,37.09913043478261,19.408450704225352,5.598591549295775,19.228200080192007,13.629608530896231,18.67531516611792,19,19,0.9500000000000001,624.1334782608695,0.0,True,REORDENAR,1.397058823529412
MASS0187,0.07042253521126761,0.839181358296689,11.916375287812984,142,17.5,10.0,2.84,0.0,,1.0,0.05,2.84,C,Z,C-Z,0.75,0.05,4.25,7.09,3.6619718309859155,1.0563380281690142,3.2485210591689206,2.1921830309999066,18.55618751419982,19,19,0.9500000000000001,53.959999999999994,0.0,True,REORDENAR,1.397058823529412
MASS1569,0.33098591549295775,1.5239079614522408,4.604147458004642,142,1719.27,47.0,29.294117647058822,0.0,,1.0,0.05,29.294117647058822,B,Z,B-Z,0.85,0.05,4.25,33.544117647058826,17.211267605633804,4.964788732394366,11.081891309059817,6.1171025766654505,18.494926629436325,19,19,0.9500000000000001,556.5882352941177,0.0,True,REORDENAR,1.397058823529412
MASS1783,0.11971830985915492,1.020932645274503,8.527790331116437,142,128.4,17.0,7.5,0.0,,1.0,0.05,7.5,C,Z,C-Z,0.75,0.05,4.25,11.75,6.225352112676056,1.7957746478873238,4.46274430663581,2.666969658748486,18.793921022125094,19,19,0.9500000000000001,142.5,0.0,True,REORDENAR,1.397058823529412
MASS2555,0.2535211267605634,3.02105288986808,11.916375287812983,142,763.2,36.0,21.2,0.0,,1.0,0.05,21.2,B,Z,B-Z,0.85,0.05,4.25,25.45,13.183098591549296,3.8028169014084505,15.929592851344191,12.126775949935741,18.58314549366577,19,19,0.9500000000000001,402.8,0.0,True,REORDENAR,1.397058823529412
MASS2529,0.2535211267605634,3.02105288986808,11.916375287812983,142,817.2,36.0,22.7,0.0,,1.0,0.05,22.7,B,Z,B-Z,0.85,0.05,4.25,26.95,13.183098591549296,3.8028169014084505,15.929592851344191,12.126775949935741,18.058585749484177,19,19,0.9500000000000001,431.3,0.0,True,REORDENAR,1.397058823529412
MASS2554,0.2535211267605634,3.02105288986808,11.916375287812983,142,754.2,36.0,20.95,0.0,,1.0,0.05,20.95,B,Z,B-Z,0.85,0.05,4.25,25.2,13.183098591549296,3.8028169014084505,15.929592851344191,12.126775949935741,18.675096304936652,19,19,0.9500000000000001,398.05,0.0,True,REORDENAR,1.397058823529412
MASS1064,5.302816901408451,8.81245848971238,1.6618447616721885,142,8187.19,753.0,4.239855769230769,0.0,2.65,100.0,0.310464,2.65,AA,Z,AA-Z,0.95,0.00310464,0.26389440000000003,2.9138943999999998,275.7464788732394,79.54225352112677,135.6819384103879,56.13968488926112,251.1727113902122,3,300,0.931392,795.0,0.0,True,REORDENAR,1.369694117647059
MASS1905,2.6338028169014085,6.089729609154755,2.3121433275400407,142,10365.38,374.0,10.788545454545455,1.0,7.5,12.0,0.1021875,7.5,AA,Z,AA-Z,0.95,0.008515625,0.723828125,8.223828125,136.95774647887325,39.50704225352113,78.3016081193184,38.794565865797274,105.36846628489536,9,108,0.9196875,810.0,1.0,True,REORDENAR,1.3524816176470589
MASS2732,0.44366197183098594,3.702643579063351,8.345641082968188,142,5389.5599999999995,63.0,56.26,1.0,33.3,2.0,0.083509,33.3,A,Z,A-Z,0.9,0.0417545,3.5491325,36.849132499999996,23.070422535211268,6.654929577464789,25.032733912909155,18.377804335444367,20.430006778801353,11,22,0.9185989999999999,732.5999999999999,1.0,True,REORDENAR,1.350880882352941
MASS2226,2.323943661971831,6.817321800810829,2.9335142294398113,142,3493.95,330.0,3.5947619047619046,13.0,1.85,40.0,0.183582,1.85,A,Z,A-Z,0.9,0.0045895499999999995,0.39011175,2.24011175,120.84507042253522,34.859154929577464,68.69643995898187,33.837285029404406,189.64176908693375,5,200,0.91791,370.0,13.0,True,REORDENAR,1.3498676470588236
MASS0648,1.0985915492957747,3.110973164552593,2.8317832651696677,142,1836.56,156.0,6.558474576271187,22.0,3.2,10.0,0.091632,3.2,B,Z,B-Z,0.85,0.0091632,0.778872,3.978872,57.12676056338029,16.47887323943662,28.9665971979666,12.48772395852998,97.83498554991075,10,100,0.91632,320.0,22.0,True,REORDENAR,1.3475294117647059
MASS1457,0.9507042253521126,2.985372055382718,3.1401691249210812,142,1521.74,135.0,6.881379310344828,19.0,3.2,10.0,0.091632,3.2,B,Z,B-Z,0.85,0.0091632,0.778872,3.978872,49.436619718309856,14.26056338028169,26.244113275830273,11.983549895548583,91.01202349666669,10,100,0.91632,320.0,19.0,True,REORDENAR,1.3475294117647059
MASS1804,2.528169014084507,11.738699809581066,4.643162598775798,142,2061.63,359.0,2.1996648044692737,0.0,0.9,60.0,0.18054,0.9,B,Z,B-Z,0.85,0.003009,0.255765,1.1557650000000002,131.46478873239437,37.92253521126761,85.0427240076177,47.120188796350085,275.3748826503584,5,300,0.9027000000000001,270.0,0.0,True,REORDENAR,1.3275000000000001
MASS2123,3.6056338028169015,14.191675587414748,3.935972526197059,142,12577.86,512.0,13.436734693877552,93.0,11.5,1.0,0.0089304,11.5,AA,Z,AA-Z,0.95,0.0089304,0.759084,12.259084,187.49295774647888,54.08450704225352,144.49244444793504,90.40793740568152,100.97592497545783,101,101,0.9019704,1161.5,93.0,True,REORDENAR,1.3264270588235294
MASS1513,0.1619718309859155,0.7957094514430331,4.912640961083073,142,414.0,23.0,14.832727272727272,0.0,,1.0,0.05,14.832727272727272,C,Z,C-Z,0.75,0.05,4.25,19.082727272727272,8.422535211267606,2.4295774647887325,4.508199373883807,2.0786219090950744,17.153611363543895,18,18,0.9,266.9890909090909,0.0,True,REORDENAR,1.3235294117647058
MASS2448,0.11971830985915492,0.5771339602130217,4.820766020602887,142,411.6,17.0,8.946250000000001,2.0,,1.0,0.05,8.946250000000001,C,Z,C-Z,0.75,0.05,4.25,13.196250000000001,6.225352112676056,1.7957746478873238,3.3034145182018175,1.5076398703144938,17.734178011885536,18,18,0.9,161.03250000000003,2.0,True,REORDENAR,1.3235294117647058
MASS1261,0.09154929577464789,0.6177622574846655,6.747864658678654,142,125.25999999999999,13.0,5.96,0.0,,1.0,0.05,5.96,C,Z,C-Z,0.75,0.05,4.25,10.21,4.76056338028169,1.3732394366197183,2.9870121028748833,1.613772666255165,17.630745450236294,18,18,0.9,107.28,0.0,True,REORDENAR,1.3235294117647058
MASS0132,0.08450704225352113,0.7095394345418111,8.396216642078098,142,145.4,12.0,5.6571428571428575,0.0,,1.0,0.05,5.6571428571428575,C,Z,C-Z,0.75,0.05,4.25,9.907142857142858,4.394366197183098,1.267605633802817,3.121126678866246,1.8535210450634292,17.196033417608593,18,18,0.9,101.82857142857144,0.0,True,REORDENAR,1.3235294117647058
MASS0245,0.08450704225352113,0.49812353912834,5.894461879685357,142,110.42,12.0,4.909090909090909,1.0,,1.0,0.05,4.909090909090909,C,Z,C-Z,0.75,0.05,4.25,9.15909090909091,4.394366197183098,1.267605633802817,2.5688475632412695,1.3012419294384525,17.884479627325167,18,18,0.9,88.36363636363636,1.0,True,REORDENAR,1.3235294117647058
MASS1495,0.09154929577464789,0.5823031987574759,6.36054263258166,142,103.96000000000001,13.0,5.8725,0.0,,1.0,0.05,5.8725,C,Z,C-Z,0.75,0.05,4.25,10.122499999999999,4.76056338028169,1.3732394366197183,2.894382844528689,1.5211434079089707,17.70678253408394,18,18,0.9,105.705,0.0,True,REORDENAR,1.3235294117647058
MASS0849,0.07042253521126761,0.8391813582966889,11.916375287812983,142,38.2,10.0,3.82,0.0,,1.0,0.05,3.82,C,Z,C-Z,0.75,0.05,4.25,8.07,3.6619718309859155,1.0563380281690142,3.2485210591689206,2.1921830309999066,17.393024260767287,18,18,0.9,68.75999999999999,0.0,True,REORDENAR,1.3235294117647058
MASS1300,0.04929577464788732,0.34368600193386145,6.971916039229761,142,37.099999999999994,7.0,1.362,0.0,,1.0,0.05,1.362,C,Z,C-Z,0.75,0.05,4.25,5.612,2.5633802816901405,0.7394366197183098,1.6372432904490037,0.897806670730694,17.450266301005854,18,18,0.9,24.516000000000002,0.0,True,REORDENAR,1.3235294117647058
MASS1844,0.352112676056338,2.10098653996516,5.966801773501055,142,2687.92,50.0,36.21666666666667,0.0,,1.0,0.05,36.21666666666667,A,Z,A-Z,0.9,0.05,4.25,40.46666666666667,18.309859154929576,5.28169014084507,15.709785289190254,10.428095148345184,17.367933846916454,18,18,0.9,651.9000000000001,0.0,True,REORDENAR,1.3235294117647058
MASS1850,0.11267605633802817,0.7818743759110686,6.939135086210733,142,238.6,16.0,8.742857142857144,0.0,,1.0,0.05,8.742857142857144,C,Z,C-Z,0.75,0.05,4.25,12.992857142857144,5.859154929577465,1.6901408450704225,3.7326215583275264,2.042480713257104,17.338819667188712,18,18,0.9,157.3714285714286,0.0,True,REORDENAR,1.3235294117647058
MASS0143,0.09154929577464789,0.4598015232848879,5.022447408188775,142,143.66,13.0,6.353076923076923,0.0,,1.0,0.05,6.353076923076923,C,Z,C-Z,0.75,0.05,4.25,10.603076923076923,4.76056338028169,1.3732394366197183,2.5743732404245883,1.20113380380487,17.300855952082394,18,18,0.9,114.35538461538462,0.0,True,REORDENAR,1.3235294117647058
MASS1622,0.352112676056338,1.1311024127218225,3.212330852129976,142,963.19,50.0,12.285357142857142,0.0,5.5,10.0,0.17856,5.5,B,Z,B-Z,0.85,0.017856,1.51776,7.01776,18.309859154929576,5.28169014084507,9.822036184276389,4.5403460434313185,41.70591141217838,5,50,0.8928,275.0,0.0,True,REORDENAR,1.3129411764705883
MASS1550,0.3732394366197183,1.2582164283466428,3.3710704306645902,142,1005.75,53.0,11.110344827586207,0.0,5.5,10.0,0.17856,5.5,B,Z,B-Z,0.85,0.017856,1.51776,7.01776,19.408450704225352,5.598591549295775,10.64918459725608,5.050593047960304,42.93886385925574,5,50,0.8928,275.0,0.0,True,REORDENAR,1.3129411764705883
MASS1623,0.5,1.5471318693881901,3.0942637387763803,142,1407.99,71.0,13.689032258064517,0.0,5.5,10.0,0.17856,5.5,B,Z,B-Z,0.85,0.017856,1.51776,7.01776,26.0,7.5,13.710325416015836,6.210325416015836,49.69832921078,5,50,0.8928,275.0,0.0,True,REORDENAR,1.3129411764705883
MASS1624,0.49295774647887325,1.2646109421800091,2.5653536255651614,142,1526.28,70.0,12.888478260869565,0.0,5.5,10.0,0.17856,5.5,B,Z,B-Z,0.85,0.017856,1.51776,7.01776,25.633802816901408,7.394366197183099,12.470627394425419,5.07626119724232,49.34709986826641,5,50,0.8928,275.0,0.0,True,REORDENAR,1.3129411764705883
MASS1621,0.4859154929577465,1.5607595690958374,3.211997953791433,142,1424.3300000000002,69.0,14.31294117647059,0.0,5.5,10.0,0.17856,5.5,B,Z,B-Z,0.85,0.017856,1.51776,7.01776,25.267605633802816,7.288732394366198,13.553760613375616,6.265028219009418,48.99335265599048,5,50,0.8928,275.0,0.0,True,REORDENAR,1.3129411764705883
MASS1551,2.584507042253521,3.7817084167867105,1.4632223302008527,142,30794.16,367.0,29.879473684210524,7.0,28.0,6.0,0.088452,28.0,AA,Z,AA-Z,0.95,0.014742,1.25307,29.25307,134.3943661971831,38.767605633802816,62.85894394867999,24.091338314877177,55.34255139208009,10,60,0.88452,1680.0,7.0,True,REORDENAR,1.3007647058823528
MASS0288,11.338028169014084,36.03325637350354,3.1780884503338527,142,9781.41,1610.0,3.3872708333333335,201.0,2.32,60.0,0.12569825,2.32,AA,Z,AA-Z,0.95,0.0020949708333333336,0.17807252083333336,2.4980725208333334,589.5774647887324,170.07042253521126,399.6199473022178,229.54952476700652,396.66354334886626,7,420,0.8798877500000001,974.4,201.0,True,REORDENAR,1.293952573529412
MASS1307,3.3661971830985915,9.962681339808755,2.959625000528961,142,2922.37,478.0,3.2169101123595505,1.0,1.7,100.0,0.293112,1.7,A,Z,A-Z,0.9,0.0029311199999999997,0.24914519999999998,1.9491452,175.04225352112675,50.49295774647887,99.94200797499275,49.449050228513876,244.6829579669948,3,300,0.8793359999999999,510.0,1.0,True,REORDENAR,1.293141176470588
MASS1981,0.2746478873239437,0.7822894767871794,2.848336043686653,142,1837.33,39.0,22.16774193548387,0.0,7.2,6.0,0.144652,7.2,B,Z,B-Z,0.85,0.024108666666666667,2.049236666666667,9.249236666666667,14.281690140845072,4.119718309859155,7.259898094465585,3.1401797846064303,32.084200932739684,6,36,0.867912,259.2,0.0,True,REORDENAR,1.2763411764705883
MASS2041,1.4295774647887325,4.507516004344038,3.1530407518071595,142,3629.34,203.0,6.038206896551724,1.0,2.58,16.0,0.108315,2.58,A,Z,A-Z,0.9,0.0067696875,0.5754234375,3.1554234375,74.3380281690141,21.443661971830988,43.81639253523945,22.372730563408464,125.32308166742881,8,128,0.86652,330.24,1.0,True,REORDENAR,1.2742941176470588
MASS1000,5.894366197183099,21.721547868281085,3.6851371532806616,142,2682.38,837.0,1.5816413373860183,3.0,0.9,100.0,0.171864,0.9,A,Z,A-Z,0.9,0.0017186399999999998,0.14608439999999998,1.0460844,306.50704225352115,88.41549295774648,196.2288290410542,107.81333608330773,441.9684174579639,5,500,0.85932,450.0,3.0,True,REORDENAR,1.263705882352941
MASS0536,0.035211267605633804,0.25016226878409237,7.104608433468223,142,18.05,5.0,0.17,1.0,,1.0,0.05,0.17,C,Z,C-Z,0.75,0.05,4.25,4.42,1.8309859154929577,0.5281690140845071,1.1816647992363978,0.6534957851518907,16.618267200585898,17,17,0.8500000000000001,2.89,1.0,True,REORDENAR,1.25
MASS0647,0.04929577464788732,0.41815984572620607,8.482671156160182,142,19.2,7.0,2.0,0.0,,1.0,0.05,2.0,C,Z,C-Z,0.75,0.05,4.25,6.25,2.5633802816901405,0.7394366197183098,1.8317903868553038,1.092353767136994,16.535635157046382,17,17,0.8500000000000001,34.0,0.0,True,REORDENAR,1.25
MASS1376,0.28169014084507044,1.1195629668043225,3.974448532155345,142,3095.05,40.0,31.96,0.0,,1.0,0.05,31.96,A,Z,A-Z,0.9,0.05,4.25,36.21,14.647887323943662,4.225352112676057,9.782222145071742,5.556870032395685,16.42205882056725,17,17,0.8500000000000001,543.32,0.0,True,REORDENAR,1.25
MASS1391,0.06338028169014084,0.5354760423668423,8.448622001787957,142,84.18,9.0,3.7437500000000004,0.0,,1.0,0.05,3.7437500000000004,C,Z,C-Z,0.75,0.05,4.25,7.99375,3.295774647887324,0.9507042253521126,2.3495216346975725,1.39881740934546,16.57898138453468,17,17,0.8500000000000001,63.643750000000004,0.0,True,REORDENAR,1.25
MASS2513,0.16901408450704225,2.0140352599120543,11.916375287812988,142,412.8,24.0,17.2,0.0,,1.0,0.05,17.2,C,Z,C-Z,0.75,0.05,4.25,21.45,8.788732394366196,2.535211267605634,7.796450542005411,5.261239274399777,16.527373535168174,17,17,0.8500000000000001,292.4,0.0,True,REORDENAR,1.25
MASS0123,0.04225352112676056,0.3122383031696097,7.389639841680763,142,15.12,6.0,1.0,1.0,,1.0,0.05,1.0,C,Z,C-Z,0.75,0.05,4.25,5.25,2.197183098591549,0.6338028169014085,1.449459055054671,0.8156562381532626,16.7035139296774,17,17,0.8500000000000001,17.0,1.0,True,REORDENAR,1.25
MASS2434,0.15492957746478872,0.9623830841610076,6.211745361402867,142,872.61,22.0,15.9,0.0,,1.0,0.05,15.9,B,Z,B-Z,0.85,0.05,4.25,20.15,8.056338028169014,2.323943661971831,6.187035261185213,3.863091599213382,16.32622153521264,17,17,0.8500000000000001,270.3,0.0,True,REORDENAR,1.25
MASS2516,0.16901408450704225,2.0140352599120543,11.916375287812988,142,424.8,24.0,17.7,0.0,,1.0,0.05,17.7,C,Z,C-Z,0.75,0.05,4.25,21.95,8.788732394366196,2.535211267605634,7.796450542005411,5.261239274399777,16.33805029531603,17,17,0.8500000000000001,300.9,0.0,True,REORDENAR,1.25
MASS2548,0.16901408450704225,2.0140352599120543,11.916375287812988,142,436.8,24.0,18.2,0.0,,1.0,0.05,18.2,C,Z,C-Z,0.75,0.05,4.25,22.45,8.788732394366196,2.535211267605634,7.796450542005411,5.261239274399777,16.155087636758108,17,17,0.8500000000000001,309.4,0.0,True,REORDENAR,1.25
MASS2515,0.18309859154929578,2.181871531571392,11.916375287812986,142,466.7,26.0,17.95,0.0,,1.0,0.05,17.95,C,Z,C-Z,0.75,0.05,4.25,22.2,9.52112676056338,2.7464788732394365,8.446154753839194,5.699675880599758,16.909160905835655,17,17,0.8500000000000001,305.15,0.0,True,REORDENAR,1.25
MASS2216,1.8450704225352113,7.136258207259548,3.867742997827694,142,5600.02,262.0,8.69688888888889,45.0,6.0,20.0,0.1665,6.0,A,Z,A-Z,0.9,0.008325,0.7076250000000001,6.707625,95.94366197183099,27.676056338028168,63.09635921616837,35.420302878140205,97.65132228616109,5,100,0.8325,600.0,45.0,True,REORDENAR,1.224264705882353
MASS1545,3.1267605633802815,7.292140094795331,2.332170931218327,142,11510.78,444.0,10.58186956521739,1.0,8.5,16.0,0.11861256,8.5,AA,Z,AA-Z,0.95,0.007413285,0.630129225,9.130129225,162.59154929577463,46.901408450704224,93.35591913782554,46.454510687121314,108.95944763352703,7,112,0.8302879200000001,952.0,1.0,True,REORDENAR,1.2210116470588237
MASS2212,1.4577464788732395,7.254857252274095,4.976761979820877,142,2463.92,207.0,4.019047619047619,1.0,2.0,75.0,0.4125,2.0,A,Z,A-Z,0.9,0.0055,0.46749999999999997,2.4675,75.80281690140845,21.866197183098592,57.8751578666977,36.008960683599106,143.10949926960762,2,150,0.825,300.0,1.0,True,REORDENAR,1.213235294117647
MASS2217,0.09154929577464789,0.6291379848138808,6.872122603351621,142,1852.3400000000001,13.0,46.06263157894737,0.0,29.5,1.0,0.081675,29.5,B,Z,B-Z,0.85,0.081675,6.942375,36.442375,4.76056338028169,1.3732394366197183,3.898655462608313,2.525416025988595,9.332117747711118,10,10,0.81675,295.0,0.0,True,REORDENAR,1.2011029411764704
MASS1414,12.21830985915493,32.67378331739532,2.6741655510490694,142,4938.06,1735.0,1.366470588235294,90.0,0.9,50.0,0.0625,0.9,A,Z,A-Z,0.9,0.00125,0.10625,1.00625,635.3521126760563,183.27464788732394,345.4486146447988,162.17396675747486,648.7967459134996,13,650,0.8125,585.0,90.0,True,REORDENAR,1.1948529411764706
MASS0701,15.577464788732394,23.748780914934557,1.5245600768176795,142,6470.82,2212.0,1.048790087463557,282.0,0.68,156.0,0.13398,0.68,A,Z,A-Z,0.9,0.0008588461538461537,0.07300192307692306,0.7530019230769232,810.0281690140845,233.66197183098592,351.53733291837705,117.87536108739113,846.8497989242107,6,936,0.8038799999999999,636.48,282.0,True,REORDENAR,1.1821764705882352
MASS1983,39.598591549295776,155.87292787200818,3.936325050297912,142,15197.84,5623.0,1.055748987854251,57.0,0.9,24.0,0.016025625,0.9,AA,Z,AA-Z,0.95,0.000667734375,0.056757421875000005,0.956757421875,2059.1267605633802,593.9788732394367,1586.96591127389,992.9870380344533,1197.8294649309714,50,1200,0.8012812500000001,1080.0,57.0,True,REORDENAR,1.1783547794117648
MASS2544,0.16901408450704225,2.0140352599120543,11.916375287812988,142,448.8,24.0,18.7,0.0,,1.0,0.05,18.7,C,Z,C-Z,0.75,0.05,4.25,22.95,8.788732394366196,2.535211267605634,7.796450542005411,5.261239274399777,15.978137200286362,16,16,0.8,299.2,0.0,True,REORDENAR,1.1764705882352942
MASS0978,0.04225352112676056,0.2629143656021785,6.222306652584892,142,39.05,6.0,1.7457142857142858,0.0,,1.0,0.05,1.7457142857142858,C,Z,C-Z,0.75,0.05,4.25,5.9957142857142856,2.197183098591549,0.6338028169014085,1.3206107460587586,0.6868079291573501,15.63028981356258,16,16,0.8,27.931428571428572,0.0,True,REORDENAR,1.1764705882352942
MASS3067,0.15492957746478872,0.998550542784318,6.445189867062417,142,832.5,22.0,17.142857142857142,0.0,,1.0,0.05,17.142857142857142,B,Z,B-Z,0.85,0.05,4.25,21.392857142857142,8.056338028169014,2.323943661971831,6.332214668296688,4.008271006324857,15.844874912033838,16,16,0.8,274.2857142857143,0.0,True,REORDENAR,1.1764705882352942
MASS1461,0.33098591549295775,1.8895826061149419,5.708951703581314,142,3198.2999999999997,47.0,46.156666666666666,0.0,,1.0,0.05,46.156666666666666,A,Z,A-Z,0.9,0.05,4.25,50.406666666666666,17.211267605633804,4.964788732394366,14.343595703500155,9.378806971105789,15.087483549013001,16,16,0.8,738.5066666666667,0.0,True,REORDENAR,1.1764705882352942
MASS2699,0.4788732394366197,3.5704029807307056,7.455841518584709,142,11204.7,68.0,66.79826086956521,0.0,,1.0,0.05,66.79826086956521,AA,Z,AA-Z,0.95,0.05,4.25,71.04826086956521,24.901408450704224,7.183098591549295,29.92831759029915,22.745218998749856,15.285850249160521,16,16,0.8,1068.7721739130434,0.0,True,REORDENAR,1.1764705882352942
MASS1302,0.04225352112676056,0.20187909578199245,4.777805266840488,142,30.349999999999998,6.0,2.0500000000000003,0.0,,1.0,0.05,2.0500000000000003,C,Z,C-Z,0.75,0.05,4.25,6.300000000000001,2.197183098591549,0.6338028169014085,1.1611690693943826,0.5273662524929741,15.248152281476786,16,16,0.8,32.800000000000004,0.0,True,REORDENAR,1.1764705882352942
MASS0926,0.04225352112676056,0.5035088149780135,11.916375287812986,142,9.54,6.0,1.75,0.0,,1.0,0.05,1.75,C,Z,C-Z,0.75,0.05,4.25,6.0,2.197183098591549,0.6338028169014085,1.9491126355013526,1.3153098185999441,15.624706570014716,16,16,0.8,28.0,0.0,True,REORDENAR,1.1764705882352942
MASS0774,0.035211267605633804,0.41959067914834447,11.916375287812983,142,10.0,5.0,0.9,0.0,,1.0,0.05,0.9,C,Z,C-Z,0.75,0.05,4.25,5.15,1.8309859154929577,0.5281690140845071,1.6242605295844603,1.0960915154999533,15.395480846161488,16,16,0.8,14.4,0.0,True,REORDENAR,1.1764705882352942
MASS1418,29.943661971830984,62.34220075523075,2.0819831860871982,142,7861.27,4252.0,1.1494805194805195,18.0,0.39,100.0,0.05,0.39,AA,Z,AA-Z,0.95,0.0005,0.0425,0.4325,1557.0704225352113,449.15492957746477,846.3053399637881,397.15041038632336,1549.2283728082202,16,1600,0.8,624.0,18.0,True,REORDENAR,1.1764705882352942
MASS2500,0.16901408450704225,2.0140352599120543,11.916375287812988,142,508.8,24.0,21.2,0.0,,1.0,0.05,21.2,C,Z,C-Z,0.75,0.05,4.25,25.45,8.788732394366196,2.535211267605634,7.796450542005411,5.261239274399777,15.17307475846058,16,16,0.8,339.2,0.0,True,REORDENAR,1.1764705882352942
MASS2222,0.5422535211267606,3.6057936819950163,6.649645491471328,142,1460.14,77.0,4.6584375,12.0,2.85,10.0,0.09856,2.85,B,Z,B-Z,0.85,0.009856,0.8377600000000001,3.68776,28.19718309859155,8.13380281690141,22.607780498621775,14.473977681720365,71.39633325297369,8,80,0.78848,228.0,12.0,True,REORDENAR,1.1595294117647057
MASS1794,4.922535211267606,11.197184260835035,2.274678347694671,142,7370.6,699.0,4.356331877729258,1.0,3.05,20.0,0.06466,3.05,AA,Z,AA-Z,0.95,0.0032329999999999998,0.27480499999999997,3.3248049999999996,255.97183098591552,73.8380281690141,145.16958641511593,71.33155824610184,226.55172247641082,12,240,0.7759199999999999,732.0,1.0,True,REORDENAR,1.1410588235294117
MASS1785,1.8028169014084507,5.1367669781209395,2.8493004331764586,142,6949.46,256.0,9.642555555555555,0.0,4.95,10.0,0.070528,4.95,A,Z,A-Z,0.9,0.0070528,0.599488,5.549488,93.74647887323944,27.04225352112676,52.538225905419615,25.495972384292855,106.1219922383268,11,110,0.7758079999999999,544.5,0.0,True,REORDENAR,1.1408941176470586
MASS0274,28.119718309859156,50.30396715942814,1.788921446691409,142,14433.01,3993.0,1.072534142640364,1.0,0.8,100.0,0.06956,0.8,AA,Z,AA-Z,0.95,0.0006956,0.059126,0.8591260000000001,1462.225352112676,421.79577464788736,742.2567298179817,320.4609551700944,1065.204748993811,11,1100,0.76516,880.0,1.0,True,REORDENAR,1.1252352941176471
MASS1859,0.8943661971830986,2.185405318002967,2.4435240563497738,142,5396.08,127.0,16.275581395348837,2.0,9.58,12.0,0.15240375,9.58,A,Z,A-Z,0.9,0.0127003125,1.0795265625,10.6595265625,46.50704225352113,13.41549295774648,24.262594621811598,10.847101664065118,53.93178226458065,5,60,0.76201875,574.8,2.0,True,REORDENAR,1.1206158088235294
MASS1443,4.654929577464789,11.227528083885524,2.411965185948176,142,3700.2,661.0,2.934848484848485,0.0,1.8,48.0,0.126405,1.8,A,Z,A-Z,0.9,0.0026334375,0.22384218749999998,2.0238421875,242.05633802816902,69.82394366197184,125.55096947215026,55.72702581017842,282.37372145787305,6,288,0.7584299999999999,518.4,0.0,True,REORDENAR,1.1153382352941177
MASS2605,1.0211267605633803,6.604821267046777,6.4681697925561545,142,3509.73,145.0,8.722347826086956,1.0,4.5,5.0,0.044604,4.5,A,Z,A-Z,0.9,0.0089208,0.7582679999999999,5.258268,53.098591549295776,15.316901408450704,48.099455366040424,32.78255395758972,82.04923054868506,17,85,0.7582679999999999,382.5,1.0,True,REORDENAR,1.1151
MASS0541,5.97887323943662,17.087371766854943,2.8579585287319222,142,3867.19,849.0,3.2541176470588233,0.0,2.2,30.0,0.075106,2.2,A,Z,A-Z,0.9,0.0025035333333333337,0.21280033333333337,2.4128003333333337,310.90140845070425,89.6830985915493,174.49503585549073,84.81193726394143,293.09271446695146,10,300,0.7510600000000001,660.0,0.0,True,REORDENAR,1.1045
MASS0776,0.035211267605633804,0.2770659811061709,7.868673863415254,142,27.32,5.0,1.9133333333333333,0.0,,1.0,0.05,1.9133333333333333,C,Z,C-Z,0.75,0.05,4.25,6.163333333333333,1.8309859154929577,0.5281690140845071,1.2519450325140684,0.7237760184295613,14.07307635698712,15,15,0.75,28.7,0.0,True,REORDENAR,1.1029411764705883
MASS0223,0.028169014084507043,0.33567254331867563,11.916375287812984,142,8.4,4.0,0.54,0.0,,1.0,0.05,0.54,C,Z,C-Z,0.75,0.05,4.25,4.79,1.4647887323943662,0.4225352112676056,1.2994084236675683,0.8768732123999626,14.278221306365069,15,15,0.75,8.100000000000001,0.0,True,REORDENAR,1.1029411764705883
MASS0659,0.035211267605633804,0.34542546138883096,9.810083103442798,142,9.3,5.0,1.25,0.0,,1.0,0.05,1.25,C,Z,C-Z,0.75,0.05,4.25,5.5,1.8309859154929577,0.5281690140845071,1.43051965312741,0.9023506390429029,14.89757318244885,15,15,0.75,18.75,0.0,True,REORDENAR,1.1029411764705883
MASS0022,0.035211267605633804,0.3015791024747,8.564846510281479,142,10.86,5.0,1.29,0.0,,1.0,0.05,1.29,C,Z,C-Z,0.75,0.05,4.25,5.54,1.8309859154929577,0.5281690140845071,1.3159803547595512,0.7878113406750441,14.8436938985924,15,15,0.75,19.35,0.0,True,REORDENAR,1.1029411764705883
MASS1260,0.056338028169014086,0.28619905504906534,5.08003322712091,142,82.58,8.0,5.419999999999999,0.0,,1.0,0.05,5.419999999999999,C,Z,C-Z,0.75,0.05,4.25,9.669999999999998,2.9295774647887325,0.8450704225352113,1.5927046564989193,0.7476342339637081,14.211621310325436,15,15,0.75,81.29999999999998,0.0,True,REORDENAR,1.1029411764705883
MASS2543,0.16901408450704225,2.0140352599120543,11.916375287812988,142,592.8,24.0,24.7,0.0,,1.0,0.05,24.7,C,Z,C-Z,0.75,0.05,4.25,28.95,8.788732394366196,2.535211267605634,7.796450542005411,5.261239274399777,14.22634075633238,15,15,0.75,370.5,0.0,True,REORDENAR,1.1029411764705883
MASS0940,0.06338028169014084,0.49414714454248804,7.796543836114812,142,77.12,9.0,6.6499999999999995,0.0,,1.0,0.05,6.6499999999999995,C,Z,C-Z,0.75,0.05,4.25,10.899999999999999,3.295774647887324,0.9507042253521126,2.2415586686417335,1.290854443289621,14.197761480720999,15,15,0.75,99.74999999999999,0.0,True,REORDENAR,1.1029411764705883
MASS0941,0.04929577464788732,0.2995851691907346,6.077299146440616,142,75.43,7.0,4.33,0.0,,1.0,0.05,4.33,C,Z,C-Z,0.75,0.05,4.25,8.58,2.5633802816901405,0.7394366197183098,1.5220392332608461,0.7826026135425364,14.112931908790994,15,15,0.75,64.95,0.0,True,REORDENAR,1.1029411764705883
MASS1417,26.901408450704224,60.91574344470104,2.264407217054332,142,7005.3099999999995,3820.0,1.1541176470588235,9.0,0.39,100.0,0.05,0.39,A,Z,A-Z,0.9,0.0005,0.0425,0.4325,1398.8732394366198,403.52112676056333,705.8720255359838,302.35089877542043,1468.420691971943,15,1500,0.75,585.0,9.0,True,REORDENAR,1.1029411764705883
MASS1348,7.21830985915493,14.149714277837596,1.9602530999540864,142,4814.37,1025.0,2.459280821917808,0.0,1.78,24.0,0.05,1.78,A,Z,A-Z,0.9,0.0020833333333333333,0.17708333333333334,1.9570833333333333,375.3521126760564,108.27464788732395,178.5057340958228,70.23108620849884,357.5766436068769,15,360,0.75,640.8,0.0,True,REORDENAR,1.1029411764705883
MASS1383,0.20422535211267606,1.158004718289033,5.670229999898023,142,1286.97,29.0,30.552608695652175,0.0,,1.0,0.05,30.552608695652175,B,Z,B-Z,0.85,0.05,4.25,34.802608695652175,10.619718309859156,3.063380281690141,7.711714580886328,4.648334299196187,14.262805826753985,15,15,0.75,458.28913043478263,0.0,True,REORDENAR,1.1029411764705883
MASS1346,0.15492957746478872,0.810356498449887,5.230482853631089,142,1807.58,22.0,21.786470588235293,0.0,,1.0,0.05,21.786470588235293,B,Z,B-Z,0.85,0.05,4.25,26.036470588235293,8.056338028169014,2.323943661971831,5.576786976709476,3.252843314737645,14.362569865076559,15,15,0.75,326.79705882352937,0.0,True,REORDENAR,1.1029411764705883
MASS2509,0.16901408450704225,2.0140352599120543,11.916375287812988,142,526.8,24.0,21.95,0.0,,1.0,0.05,21.95,C,Z,C-Z,0.75,0.05,4.25,26.2,8.788732394366196,2.535211267605634,7.796450542005411,5.261239274399777,14.954326047706886,15,15,0.75,329.25,0.0,True,REORDENAR,1.1029411764705883
MASS1289,0.19014084507042253,0.9448111266958908,4.969006666326537,142,910.63,27.0,26.657,0.0,,1.0,0.05,26.657,B,Z,B-Z,0.85,0.05,4.25,30.907,9.887323943661972,2.852112676056338,6.644668869585188,3.79255619352885,14.603781487874304,15,15,0.75,399.855,0.0,True,REORDENAR,1.1029411764705883
MASS2564,0.16901408450704225,2.0140352599120543,11.916375287812988,142,592.8,24.0,24.7,0.0,,1.0,0.05,24.7,C,Z,C-Z,0.75,0.05,4.25,28.95,8.788732394366196,2.535211267605634,7.796450542005411,5.261239274399777,14.22634075633238,15,15,0.75,370.5,0.0,True,REORDENAR,1.1029411764705883
MASS1347,9.035211267605634,16.830575002642913,1.862776033028288,142,8318.16,1283.0,2.7925686274509807,233.0,2.35,24.0,0.05,2.35,AA,Z,AA-Z,0.95,0.0020833333333333333,0.17708333333333334,2.5270833333333336,469.830985915493,135.5281690140845,242.74719061361623,107.21902159953171,352.05897202010027,15,360,0.75,846.0,233.0,True,REORDENAR,1.1029411764705883
MASS1386,0.16901408450704225,1.8526263932568026,10.961372826769415,142,530.16,24.0,22.09,0.0,,1.0,0.05,22.09,C,Z,C-Z,0.75,0.05,4.25,26.34,8.788732394366196,2.535211267605634,7.374804166003012,4.839592898397378,14.914531153997553,15,15,0.75,331.35,0.0,True,REORDENAR,1.1029411764705883
MASS1108,0.08450704225352113,1.0070176299560272,11.916375287812988,142,30.480000000000004,12.0,9.004999999999999,0.0,,1.0,0.05,9.004999999999999,C,Z,C-Z,0.75,0.05,4.25,13.254999999999999,4.394366197183098,1.267605633802817,3.8982252710027057,2.6306196371998887,14.866633225515256,15,15,0.75,135.075,0.0,True,REORDENAR,1.1029411764705883
MASS2436,0.14084507042253522,0.6255953113292068,4.441726710437368,142,1824.53,20.0,35.73,0.0,17.0,5.0,0.187308,17.0,B,Z,B-Z,0.85,0.0374616,3.184236,20.184236,7.323943661971831,2.1126760563380285,4.623871474750866,2.511195418412837,15.553234148936564,4,20,0.749232,340.0,0.0,True,REORDENAR,1.1018117647058825
MASS2192,0.5070422535211268,1.7000061696727402,3.35278994574346,142,1651.78,72.0,8.784347826086956,1.0,2.8,1.0,0.0108,2.8,B,Z,B-Z,0.85,0.0108,0.918,3.718,26.366197183098592,7.605633802816901,14.429610305270646,6.823976502453745,68.75803007284084,69,69,0.7452000000000001,193.2,1.0,True,REORDENAR,1.0958823529411765
MASS2343,0.23943661971830985,1.0513724732532872,4.3910262118225525,142,3543.57,34.0,36.773823529411764,0.0,26.81,2.0,0.082656,26.81,A,Z,A-Z,0.9,0.041328,3.5128799999999996,30.322879999999998,12.450704225352112,3.5915492957746475,8.809960731965043,5.2184114361903955,16.544974608842722,9,18,0.7439039999999999,482.58,0.0,True,REORDENAR,1.093976470588235
MASS2016,0.06338028169014084,0.2969057622633288,4.684513137932521,142,8127.97,9.0,280.79,2.0,280.0,1.0,0.245385,280.0,AA,Z,AA-Z,0.95,0.245385,20.857725,300.857725,3.295774647887324,0.9507042253521126,2.8421396238538503,1.8914353985017378,2.7024181013615074,3,3,0.736155,840.0,2.0,True,REORDENAR,1.0825808823529413
MASS2230,0.9859154929577465,5.661849327597015,5.7427328894198295,142,1234.02,140.0,3.386716417910448,0.0,1.85,40.0,0.183582,1.85,B,Z,B-Z,0.85,0.0045895499999999995,0.39011175,2.24011175,51.267605633802816,14.788732394366198,37.515900954815166,22.727168560448966,123.52107023719728,4,160,0.734328,296.0,0.0,True,REORDENAR,1.0798941176470587
MASS1558,0.6971830985915493,2.2471082650574763,3.223124986244057,142,2401.96,99.0,14.965744680851063,0.0,9.35,9.0,0.122112,9.35,A,Z,A-Z,0.9,0.013568,1.15328,10.50328,36.25352112676056,10.457746478873238,21.611106270050584,11.153359791177346,47.96969926803501,6,54,0.732672,504.9,0.0,True,REORDENAR,1.0774588235294118
MASS1738,0.9788732394366197,5.296149156181973,5.410454533653526,142,5080.36,139.0,17.2304,0.0,11.2,1.0,0.013794,11.2,A,Z,A-Z,0.9,0.013794,1.17249,12.372489999999999,50.901408450704224,14.683098591549296,40.970152920516824,26.28705432896753,52.370981653495015,53,53,0.731082,593.5999999999999,0.0,True,REORDENAR,1.075120588235294
MASS0881,5.640845070422535,10.30550465679123,1.8269433973337763,142,2122.54,801.0,0.9109164420485175,80.0,0.4,144.0,0.141588,0.4,B,Z,B-Z,0.85,0.00098325,0.08357624999999999,0.48357625000000004,293.32394366197184,84.61267605633803,125.97989158674334,41.3672155304053,635.9099883691633,5,720,0.70794,288.0,80.0,True,REORDENAR,1.0410882352941175
MASS1282,4.535211267605634,22.8794751377553,5.044853213604429,142,19671.66,644.0,9.819999999999999,1.0,7.8,10.0,0.0504,7.8,AA,Z,AA-Z,0.95,0.00504,0.4284,8.2284,235.83098591549296,68.02816901408451,213.781652694572,145.75348368048748,138.22834428474053,14,140,0.7056,1092.0,1.0,True,REORDENAR,1.0376470588235294
MASS0200,12.943661971830986,30.388915170144852,2.3477834353430733,142,5900.3,1838.0,1.7043418013856813,252.0,1.32,50.0,0.058696,1.32,A,Z,A-Z,0.9,0.00117392,0.0997832,1.4197832000000001,673.0704225352113,194.1549295774648,344.98811809209275,150.83318851462795,562.177690638762,12,600,0.704352,792.0,252.0,True,REORDENAR,1.0358117647058824
MASS1290,0.176056338028169,0.9324663838912395,5.29640906050224,142,1005.0,25.0,31.0,0.0,,1.0,0.05,31.0,B,Z,B-Z,0.85,0.05,4.25,35.25,9.154929577464788,2.640845070422535,6.383848364479266,3.743003294056731,13.158376654038554,14,14,0.7000000000000001,434.0,0.0,True,REORDENAR,1.0294117647058825
MASS0997,0.028169014084507043,0.33567254331867563,11.916375287812984,142,13.54,4.0,1.2433333333333334,0.0,,1.0,0.05,1.2433333333333334,C,Z,C-Z,0.75,0.05,4.25,5.493333333333333,1.4647887323943662,0.4225352112676056,1.2994084236675683,0.8768732123999626,13.332877516252596,14,14,0.7000000000000001,17.406666666666666,0.0,True,REORDENAR,1.0294117647058825
MASS0925,0.035211267605633804,0.41959067914834447,11.916375287812983,142,7.95,5.0,2.02,0.0,,1.0,0.05,2.02,C,Z,C-Z,0.75,0.05,4.25,6.27,1.8309859154929577,0.5281690140845071,1.6242605295844603,1.0960915154999533,13.952855669681535,14,14,0.7000000000000001,28.28,0.0,True,REORDENAR,1.0294117647058825
MASS1454,0.18309859154929578,0.6697063854354666,3.657627181993702,142,2067.14,26.0,30.232499999999998,1.0,,1.0,0.05,30.232499999999998,B,Z,B-Z,0.85,0.05,4.25,34.4825,9.52112676056338,2.7464788732394365,5.4347400803353,2.6882612070958634,13.567479424883114,14,14,0.7000000000000001,423.255,1.0,True,REORDENAR,1.0294117647058825
MASS0290,8.422535211267606,17.827114555790462,2.1165972131456905,142,11502.69,1196.0,4.166629032258064,47.0,3.9,20.0,0.05,3.9,AA,Z,AA-Z,0.95,0.0025,0.2125,4.1125,437.9718309859155,126.3380281690141,239.90549572817207,113.56746755915798,266.45538671258356,14,280,0.7000000000000001,1092.0,47.0,True,REORDENAR,1.0294117647058825
MASS1078,0.07746478873239436,0.46240112858416826,5.969178205359263,142,309.74,11.0,10.95111111111111,0.0,,1.0,0.05,10.95111111111111,C,Z,C-Z,0.75,0.05,4.25,15.20111111111111,4.028169014084507,1.1619718309859155,2.369896551400214,1.2079247204142987,13.291394424107848,14,14,0.7000000000000001,153.31555555555553,0.0,True,REORDENAR,1.0294117647058825
MASS1077,0.08450704225352113,0.4037581915639848,4.7778052668404865,142,355.65,12.0,11.208,0.0,,1.0,0.05,11.208,C,Z,C-Z,0.75,0.05,4.25,15.458,4.394366197183098,1.267605633802817,2.3223381387887647,1.0547325049859477,13.76657298729471,14,14,0.7000000000000001,156.912,0.0,True,REORDENAR,1.0294117647058825
MASS2530,0.16901408450704225,2.0140352599120543,11.916375287812988,142,712.8,24.0,29.7,0.0,,1.0,0.05,29.7,B,Z,B-Z,0.85,0.05,4.25,33.95,8.788732394366196,2.535211267605634,10.619728567562799,8.084517299957165,13.137042401198324,14,14,0.7000000000000001,415.8,0.0,True,REORDENAR,1.0294117647058825
MASS0991,0.04929577464788732,0.4181598457262061,8.482671156160182,142,17.78,7.0,4.98,0.0,,1.0,0.05,4.98,C,Z,C-Z,0.75,0.05,4.25,9.23,2.5633802816901405,0.7394366197183098,1.8317903868553038,1.092353767136994,13.606926522243604,14,14,0.7000000000000001,69.72,0.0,True,REORDENAR,1.0294117647058825
MASS2540,0.08450704225352113,1.0070176299560272,11.916375287812988,142,146.4,12.0,12.2,0.0,,1.0,0.05,12.2,C,Z,C-Z,0.75,0.05,4.25,16.45,4.394366197183098,1.267605633802817,3.8982252710027057,2.6306196371998887,13.345029617377278,14,14,0.7000000000000001,170.79999999999998,0.0,True,REORDENAR,1.0294117647058825
MASS2536,0.08450704225352113,1.0070176299560272,11.916375287812988,142,152.4,12.0,12.7,0.0,,1.0,0.05,12.7,C,Z,C-Z,0.75,0.05,4.25,16.95,4.394366197183098,1.267605633802817,3.8982252710027057,2.6306196371998887,13.14672691589451,14,14,0.7000000000000001,177.79999999999998,0.0,True,REORDENAR,1.0294117647058825
MASS0105,0.035211267605633804,0.4195906791483444,11.916375287812981,142,16.5,5.0,2.2,0.0,,1.0,0.05,2.2,C,Z,C-Z,0.75,0.05,4.25,6.45,1.8309859154929577,0.5281690140845071,1.6242605295844599,1.0960915154999529,13.756787060641386,14,14,0.7000000000000001,30.800000000000004,0.0,True,REORDENAR,1.0294117647058825
MASS2501,0.16901408450704225,2.0140352599120543,11.916375287812988,142,616.8,24.0,25.7,0.0,,1.0,0.05,25.7,C,Z,C-Z,0.75,0.05,4.25,29.95,8.788732394366196,2.535211267605634,7.796450542005411,5.261239274399777,13.986822953998272,14,14,0.7000000000000001,359.8,0.0,True,REORDENAR,1.0294117647058825
MASS2520,0.08450704225352113,1.0070176299560272,11.916375287812988,142,128.4,12.0,10.7,0.0,,1.0,0.05,10.7,C,Z,C-Z,0.75,0.05,4.25,14.95,4.394366197183098,1.267605633802817,3.8982252710027057,2.6306196371998887,13.99851273702834,14,14,0.7000000000000001,149.79999999999998,0.0,True,REORDENAR,1.0294117647058825
MASS2474,2.4788732394366195,15.081677536102102,6.084085824223008,142,4014.3,352.0,3.483333333333333,28.0,4.0,10.0,0.05,4.0,A,Z,A-Z,0.9,0.005,0.425,4.425,128.90140845070422,37.183098591549296,112.03991721054953,74.85681861900024,139.3562862994689,14,140,0.7000000000000001,560.0,28.0,True,REORDENAR,1.0294117647058825
MASS2556,0.16901408450704225,2.0140352599120543,11.916375287812988,142,628.8,24.0,26.2,0.0,,1.0,0.05,26.2,C,Z,C-Z,0.75,0.05,4.25,30.45,8.788732394366196,2.535211267605634,7.796450542005411,5.261239274399777,13.871513295336893,14,14,0.7000000000000001,366.8,0.0,True,REORDENAR,1.0294117647058825
MASS2549,0.08450704225352113,1.0070176299560272,11.916375287812988,142,152.4,12.0,12.7,0.0,,1.0,0.05,12.7,C,Z,C-Z,0.75,0.05,4.25,16.95,4.394366197183098,1.267605633802817,3.8982252710027057,2.6306196371998887,13.14672691589451,14,14,0.7000000000000001,177.79999999999998,0.0,True,REORDENAR,1.0294117647058825
MASS1678,0.16901408450704225,2.014035259912054,11.916375287812986,142,910.8000000000001,24.0,25.875,0.0,,1.0,0.05,25.875,B,Z,B-Z,0.85,0.05,4.25,30.125,8.788732394366196,2.535211267605634,10.619728567562795,8.084517299957161,13.946138155294276,14,14,0.7000000000000001,362.25,0.0,True,REORDENAR,1.0294117647058825
MASS2477,5.154929577464789,32.72652551036882,6.348588282066083,142,7220.74,732.0,2.6160869565217393,0.0,3.8,16.0,0.05,3.8,A,Z,A-Z,0.9,0.003125,0.265625,4.065625,268.056338028169,77.32394366197184,239.7596924900111,162.43574882803927,209.65428904922967,14,224,0.7000000000000001,851.1999999999999,0.0,True,REORDENAR,1.0294117647058825
MASS2506,0.08450704225352113,1.0070176299560272,11.916375287812988,142,152.4,12.0,12.7,0.0,,1.0,0.05,12.7,C,Z,C-Z,0.75,0.05,4.25,16.95,4.394366197183098,1.267605633802817,3.8982252710027057,2.6306196371998887,13.14672691589451,14,14,0.7000000000000001,177.79999999999998,0.0,True,REORDENAR,1.0294117647058825
MASS2521,0.08450704225352113,1.0070176299560272,11.916375287812988,142,152.4,12.0,12.7,0.0,,1.0,0.05,12.7,C,Z,C-Z,0.75,0.05,4.25,16.95,4.394366197183098,1.267605633802817,3.8982252710027057,2.6306196371998887,13.14672691589451,14,14,0.7000000000000001,177.79999999999998,0.0,True,REORDENAR,1.0294117647058825
MASS1276,0.7535211267605634,2.4558126725239484,3.259115883162623,142,5904.8,107.0,32.517755102040816,0.0,28.5,7.0,0.13846,28.5,A,Z,A-Z,0.9,0.01978,1.6813,30.1813,39.183098591549296,11.30281690140845,23.492065965334525,12.189249063926075,29.419466159429568,5,35,0.6923,997.5,0.0,True,REORDENAR,1.0180882352941176
MASS1880,4.014084507042254,10.93305607382379,2.7236736183911896,142,4861.8,570.0,2.9953125,0.0,1.8,20.0,0.049445,1.8,A,Z,A-Z,0.9,0.00247225,0.21014125,2.01014125,208.7323943661972,60.21126760563381,114.47670283394247,54.26543522830866,263.1091854228848,14,280,0.69223,504.0,0.0,True,REORDENAR,1.017985294117647
MASS2582,0.7112676056338029,2.751095167913097,3.8678763746897005,142,11880.85,101.0,26.7823,2.0,20.85,1.0,0.02016,20.85,AA,Z,AA-Z,0.95,0.02016,1.7136,22.5636,36.98591549295775,10.669014084507044,28.19484027787967,17.525826193372627,33.05737473595547,34,34,0.68544,708.9000000000001,2.0,True,REORDENAR,1.008
MASS1820,12.443661971830986,22.920313591819326,1.8419267289407721,142,42593.94,1767.0,8.369666666666665,1.0,8.2,34.0,0.096525,8.2,AA,Z,AA-Z,0.95,0.002838970588235294,0.24131249999999999,8.441312499999999,647.0704225352113,186.6549295774648,332.6685742499383,146.01364467247348,226.06074562085863,7,238,0.675675,1951.6,1.0,True,REORDENAR,0.993639705882353
MASS1099,15.795774647887324,33.94458118682357,2.1489659066112115,142,21177.26,2243.0,4.4959617834394905,0.0,3.68,50.0,0.082992,3.68,AA,Z,AA-Z,0.95,0.0016598399999999999,0.1410864,3.8210864,821.3802816901408,236.93661971830986,453.18025862462065,216.2436389063108,378.55856615059,8,400,0.663936,1472.0,0.0,True,REORDENAR,0.9763764705882352
MASS1267,1.8028169014084507,4.8862804554836385,2.7103586901510806,142,3941.0099999999998,256.0,8.887058823529411,0.0,6.48,8.0,0.05517792,6.48,A,Z,A-Z,0.9,0.00689724,0.5862653999999999,7.066265400000001,93.74647887323944,27.04225352112676,51.294954117736864,24.252700596610104,94.04525324986095,12,96,0.66213504,622.08,0.0,True,REORDENAR,0.9737280000000001
MASS2606,0.9859154929577465,5.425165834629707,5.502668203695846,142,2996.56,140.0,7.081759259259259,2.0,3.68,5.0,0.036639,3.68,A,Z,A-Z,0.9,0.0073278,0.6228629999999999,4.302863,51.267605633802816,14.788732394366198,41.71615170092123,26.92741930655503,89.12450455092514,18,90,0.6595019999999999,331.2,2.0,True,REORDENAR,0.9698558823529411
MASS1039,15.28169014084507,34.38504668342093,2.250081395873628,142,54723.93,2170.0,9.241134122287969,0.0,7.8,20.0,0.0504,7.8,AA,Z,AA-Z,0.95,0.00252,0.2142,8.0142,794.6478873239437,229.22535211267606,448.27497237055115,219.0496202578751,257.1056667541838,13,260,0.6552,2028.0,0.0,True,REORDENAR,0.963529411764706
MASS2505,0.08450704225352113,1.0070176299560272,11.916375287812988,142,164.4,12.0,13.7,0.0,,1.0,0.05,13.7,C,Z,C-Z,0.75,0.05,4.25,17.95,4.394366197183098,1.267605633802817,3.8982252710027057,2.6306196371998887,12.775275269265254,13,13,0.65,178.1,0.0,True,REORDENAR,0.9558823529411765
MASS1345,0.16901408450704225,1.051657462408714,6.222306652584892,142,1016.56,24.0,32.76,0.0,,1.0,0.05,32.76,B,Z,B-Z,0.85,0.05,4.25,37.01,8.788732394366196,2.535211267605634,6.756658189465163,4.221446921859529,12.582239522720855,13,13,0.65,425.88,0.0,True,REORDENAR,0.9558823529411765
MASS0772,0.02112676056338028,0.25175440748900674,11.916375287812986,142,1.8,3.0,0.5,0.0,,1.0,0.05,0.5,C,Z,C-Z,0.75,0.05,4.25,4.75,1.0985915492957745,0.31690140845070425,0.9745563177506763,0.6576549092999721,12.41725765297876,13,13,0.65,6.5,0.0,True,REORDENAR,0.9558823529411765
MASS1366,0.176056338028169,0.9324663838912395,5.29640906050224,142,1024.75,25.0,35.0,0.0,,1.0,0.05,35.0,B,Z,B-Z,0.85,0.05,4.25,39.25,9.154929577464788,2.640845070422535,6.383848364479266,3.743003294056731,12.469873387183831,13,13,0.65,455.0,0.0,True,REORDENAR,0.9558823529411765
MASS0176,0.035211267605633804,0.3015791024747,8.564846510281479,142,18.02,5.0,3.43,0.0,,1.0,0.05,3.43,C,Z,C-Z,0.75,0.05,4.25,7.68,1.8309859154929577,0.5281690140845071,1.3159803547595512,0.7878113406750441,12.607130903134294,13,13,0.65,44.59,0.0,True,REORDENAR,0.9558823529411765
MASS2503,0.08450704225352113,1.0070176299560272,11.916375287812988,142,182.4,12.0,15.2,0.0,,1.0,0.05,15.2,C,Z,C-Z,0.75,0.05,4.25,19.45,4.394366197183098,1.267605633802817,3.8982252710027057,2.6306196371998887,12.27277268372817,13,13,0.65,197.6,0.0,True,REORDENAR,0.9558823529411765
MASS2559,0.08450704225352113,1.0070176299560272,11.916375287812988,142,158.4,12.0,13.2,0.0,,1.0,0.05,13.2,C,Z,C-Z,0.75,0.05,4.25,17.45,4.394366197183098,1.267605633802817,3.8982252710027057,2.6306196371998887,12.957009508500246,13,13,0.65,171.6,0.0,True,REORDENAR,0.9558823529411765
MASS2571,0.08450704225352113,1.0070176299560272,11.916375287812988,142,164.4,12.0,13.7,0.0,,1.0,0.05,13.7,C,Z,C-Z,0.75,0.05,4.25,17.95,4.394366197183098,1.267605633802817,3.8982252710027057,2.6306196371998887,12.775275269265254,13,13,0.65,178.1,0.0,True,REORDENAR,0.9558823529411765
MASS2562,0.08450704225352113,1.0070176299560272,11.916375287812988,142,170.4,12.0,14.2,0.0,,1.0,0.05,14.2,C,Z,C-Z,0.75,0.05,4.25,18.45,4.394366197183098,1.267605633802817,3.8982252710027057,2.6306196371998887,12.600979582493327,13,13,0.65,184.6,0.0,True,REORDENAR,0.9558823529411765
MASS2570,0.08450704225352113,1.0070176299560272,11.916375287812988,142,176.4,12.0,14.7,0.0,,1.0,0.05,14.7,C,Z,C-Z,0.75,0.05,4.25,18.95,4.394366197183098,1.267605633802817,3.8982252710027057,2.6306196371998887,12.433628467804354,13,13,0.65,191.1,0.0,True,REORDENAR,0.9558823529411765
MASS0976,0.028169014084507043,0.2043381279214071,7.2540035412099515,142,30.09,4.0,2.3633333333333333,0.0,,1.0,0.05,2.3633333333333333,C,Z,C-Z,0.75,0.05,4.25,6.613333333333333,1.4647887323943662,0.4225352112676056,0.9563251628518581,0.5337899515842525,12.151549468081779,13,13,0.65,30.723333333333333,0.0,True,REORDENAR,0.9558823529411765
MASS1098,0.035211267605633804,0.30157910247470004,8.56484651028148,142,23.799999999999997,5.0,3.505,0.0,,1.0,0.05,3.505,C,Z,C-Z,0.75,0.05,4.25,7.755,1.8309859154929577,0.5281690140845071,1.3159803547595517,0.7878113406750445,12.546019874828353,13,13,0.65,45.565,0.0,True,REORDENAR,0.9558823529411765
MASS1562,10.943661971830986,29.091388077122083,2.658286426609611,142,4640.9,1554.0,1.3528723404255318,12.0,0.85,50.0,0.05,0.85,A,Z,A-Z,0.9,0.001,0.085,0.9349999999999999,569.0704225352113,164.1549295774648,308.5479359556467,144.39300637818192,636.9884708282129,13,650,0.65,552.5,12.0,True,REORDENAR,0.9558823529411765
MASS2219,0.1619718309859155,1.0561358978189652,6.520491195230133,142,3176.1,23.0,50.50541666666667,0.0,41.5,1.0,0.058609,41.5,A,Z,A-Z,0.9,0.058609,4.981765,46.481765,8.422535211267606,2.4295774647887325,7.671631815228203,5.242054350439471,10.990931034247966,11,11,0.644699,456.5,0.0,True,REORDENAR,0.9480867647058824
MASS1881,1.4154929577464788,5.7331225729196005,4.0502656982815095,142,5974.33,201.0,9.350421052631578,0.0,7.0,20.0,0.1599,7.0,A,Z,A-Z,0.9,0.007994999999999999,0.6795749999999999,7.679575,73.6056338028169,21.23239436619718,49.6883347305379,28.455940364340723,79.93579631614963,4,80,0.6396,560.0,0.0,True,REORDENAR,0.9405882352941175
MASS2346,0.18309859154929578,1.350700991158196,7.3769054132486085,142,1039.63,26.0,15.578695652173913,0.0,8.0,6.0,0.127008,8.0,B,Z,B-Z,0.85,0.021168000000000003,1.7992800000000002,9.79928,9.52112676056338,2.7464788732394365,8.168313211216494,5.421834337977058,25.450801309590418,5,30,0.63504,240.0,0.0,True,REORDENAR,0.9338823529411766
MASS1860,0.9507042253521126,3.5417018483800837,3.725345647925718,142,1726.52,135.0,5.82,0.0,3.15,30.0,0.158061,3.15,B,Z,B-Z,0.85,0.0052687,0.4478395,3.5978395,49.436619718309856,14.26056338028169,28.47727072122931,14.21670734094762,95.71012018595493,4,120,0.632244,378.0,0.0,True,REORDENAR,0.9297705882352942
MASS0704,1.1408450704225352,2.471372402187634,2.166264698213852,142,6975.32,162.0,15.472972972972974,2.0,14.0,12.0,0.1254,14.0,A,Z,A-Z,0.9,0.010450000000000001,0.8882500000000001,14.88825,59.32394366197183,17.112676056338028,29.37915471613678,12.266478659798754,51.540372259091924,5,60,0.627,840.0,2.0,True,REORDENAR,0.9220588235294117
MASS1904,21.47887323943662,53.50637508379661,2.4911164793111866,142,33895.5,3050.0,3.4110814510609173,60.0,2.9,50.0,0.062208,2.9,AA,Z,AA-Z,0.95,0.00124416,0.1057536,3.0057536,1116.9014084507041,322.1830985915493,663.0449636746714,340.8618650831221,497.7200107169499,10,500,0.62208,1450.0,60.0,True,REORDENAR,0.9148235294117646
MASS0626,9.78169014084507,29.954366284976082,3.062289425821889,142,2793.52,1389.0,0.9952229299363057,186.0,0.79,200.0,0.151998,0.79,A,Z,A-Z,0.9,0.00075999,0.06459915,0.8545991500000001,508.6478873239436,146.72535211267606,295.401688579493,148.67633646681693,629.9147309326383,4,800,0.607992,632.0,186.0,True,REORDENAR,0.8941058823529411
MASS0332,8.82394366197183,32.53962108515706,3.6876505938486055,142,1737.03,1253.0,0.7618243243243243,175.0,0.6,200.0,0.151998,0.6,B,Z,B-Z,0.85,0.00075999,0.06459915,0.6645991499999999,458.8450704225352,132.35915492957744,262.97609835314506,130.61694342356762,678.4338597286081,4,800,0.607992,480.0,175.0,True,REORDENAR,0.8941058823529411
MASS1682,0.02112676056338028,0.25175440748900674,11.916375287812986,142,2.7,3.0,0.9,0.0,,1.0,0.05,0.9,C,Z,C-Z,0.75,0.05,4.25,5.15,1.0985915492957745,0.31690140845070425,0.9745563177506763,0.6576549092999721,11.925288184807743,12,12,0.6000000000000001,10.8,0.0,True,REORDENAR,0.8823529411764708
MASS0026,0.028169014084507043,0.2365131448472704,8.3962166420781,142,12.0,4.0,3.5700000000000003,0.0,,1.0,0.05,3.5700000000000003,C,Z,C-Z,0.75,0.05,4.25,7.82,1.4647887323943662,0.4225352112676056,1.040375559622082,0.6178403483544764,11.174767324492844,12,12,0.6000000000000001,42.84,0.0,True,REORDENAR,0.8823529411764708
MASS0372,0.02112676056338028,0.14431593883136795,6.830954438018083,142,16.84,3.0,1.63,0.0,,1.0,0.05,1.63,C,Z,C-Z,0.75,0.05,4.25,5.88,1.0985915492957745,0.31690140845070425,0.693896141569043,0.37699473311833875,11.160504692867654,12,12,0.6000000000000001,19.56,0.0,True,REORDENAR,0.8823529411764708
MASS1393,0.04929577464788732,0.5874269508076825,11.916375287812988,142,66.5,7.0,9.5,1.0,,1.0,0.05,9.5,C,Z,C-Z,0.75,0.05,4.25,13.75,2.5633802816901405,0.7394366197183098,2.2739647414182445,1.5345281216999347,11.148322948623022,12,12,0.6000000000000001,114.0,1.0,True,REORDENAR,0.8823529411764708
MASS2546,0.08450704225352113,1.0070176299560272,11.916375287812988,142,218.4,12.0,18.2,0.0,,1.0,0.05,18.2,C,Z,C-Z,0.75,0.05,4.25,22.45,4.394366197183098,1.267605633802817,3.8982252710027057,2.6306196371998887,11.423372018614616,12,12,0.6000000000000001,218.39999999999998,0.0,True,REORDENAR,0.8823529411764708
MASS2511,0.08450704225352113,1.0070176299560272,11.916375287812988,142,215.4,12.0,17.95,0.0,,1.0,0.05,17.95,C,Z,C-Z,0.75,0.05,4.25,22.2,4.394366197183098,1.267605633802817,3.8982252710027057,2.6306196371998887,11.487512736200005,12,12,0.6000000000000001,215.39999999999998,0.0,True,REORDENAR,0.8823529411764708
MASS2526,0.08450704225352113,1.0070176299560272,11.916375287812988,142,209.4,12.0,17.45,0.0,,1.0,0.05,17.45,C,Z,C-Z,0.75,0.05,4.25,21.7,4.394366197183098,1.267605633802817,3.8982252710027057,2.6306196371998887,11.619103657594778,12,12,0.6000000000000001,209.39999999999998,0.0,True,REORDENAR,0.8823529411764708
MASS2566,0.08450704225352113,1.0070176299560272,11.916375287812988,142,206.4,12.0,17.2,0.0,,1.0,0.05,17.2,C,Z,C-Z,0.75,0.05,4.25,21.45,4.394366197183098,1.267605633802817,3.8982252710027057,2.6306196371998887,11.6866179019205,12,12,0.6000000000000001,206.39999999999998,0.0,True,REORDENAR,0.8823529411764708
MASS1384,0.19718309859154928,1.2895622250184697,6.539922712593668,142,1615.22,28.0,44.92857142857143,0.0,,1.0,0.05,44.92857142857143,B,Z,B-Z,0.85,0.05,4.25,49.17857142857143,10.253521126760562,2.957746478873239,8.134164352504865,5.1764178736316255,11.789704807899877,12,12,0.6000000000000001,539.1428571428571,0.0,True,REORDENAR,0.8823529411764708
MASS0016,0.14084507042253522,1.2063164098988002,8.56484651028148,142,644.0,20.0,30.5,0.0,,1.0,0.05,30.5,C,Z,C-Z,0.75,0.05,4.25,34.75,7.323943661971831,2.1126760563380285,5.263921419038207,3.151245362700178,11.853578044619745,12,12,0.6000000000000001,366.0,0.0,True,REORDENAR,0.8823529411764708
MASS0140,0.035211267605633804,0.2501622687840924,7.104608433468225,142,56.24,5.0,5.066666666666666,0.0,,1.0,0.05,5.066666666666666,C,Z,C-Z,0.75,0.05,4.25,9.316666666666666,1.8309859154929577,0.5281690140845071,1.181664799236398,0.6534957851518909,11.446338722949704,12,12,0.6000000000000001,60.8,0.0,True,REORDENAR,0.8823529411764708
MASS1675,0.09154929577464789,1.0909357657856957,11.916375287812984,142,384.67,13.0,20.174999999999997,0.0,,1.0,0.05,20.174999999999997,C,Z,C-Z,0.75,0.05,4.25,24.424999999999997,4.76056338028169,1.3732394366197183,4.223077376919597,2.849837940299879,11.39898704434594,12,12,0.6000000000000001,242.09999999999997,0.0,True,REORDENAR,0.8823529411764708
MASS2557,0.08450704225352113,1.0070176299560272,11.916375287812988,142,239.4,12.0,19.95,0.0,,1.0,0.05,19.95,C,Z,C-Z,0.75,0.05,4.25,24.2,4.394366197183098,1.267605633802817,3.8982252710027057,2.6306196371998887,11.00258697000811,12,12,0.6000000000000001,239.39999999999998,0.0,True,REORDENAR,0.8823529411764708
MASS1680,0.13380281690140844,0.5862354141836473,4.381338358635681,142,962.23,19.0,30.404375,0.0,,1.0,0.05,30.404375,B,Z,B-Z,0.85,0.05,4.25,34.654375,6.957746478873239,2.0070422535211265,4.360243531646815,2.3532012781256886,11.569367996279855,12,12,0.6000000000000001,364.8525,0.0,True,REORDENAR,0.8823529411764708
MASS1845,0.11267605633802817,0.8759885321741656,7.774398223045719,142,531.25,16.0,26.5,0.0,,1.0,0.05,26.5,C,Z,C-Z,0.75,0.05,4.25,30.75,5.859154929577465,1.6901408450704225,3.9784747988661384,2.288333953795716,11.2706587718168,12,12,0.6000000000000001,318.0,0.0,True,REORDENAR,0.8823529411764708
MASS2553,0.08450704225352113,1.0070176299560272,11.916375287812988,142,236.4,12.0,19.7,0.0,,1.0,0.05,19.7,C,Z,C-Z,0.75,0.05,4.25,23.95,4.394366197183098,1.267605633802817,3.8982252710027057,2.6306196371998887,11.059862666603163,12,12,0.6000000000000001,236.39999999999998,0.0,True,REORDENAR,0.8823529411764708
MASS2563,0.08450704225352113,1.0070176299560272,11.916375287812988,142,221.4,12.0,18.45,0.0,,1.0,0.05,18.45,C,Z,C-Z,0.75,0.05,4.25,22.7,4.394366197183098,1.267605633802817,3.8982252710027057,2.6306196371998887,11.360293833430651,12,12,0.6000000000000001,221.39999999999998,0.0,True,REORDENAR,0.8823529411764708
MASS2574,0.08450704225352113,1.0070176299560272,11.916375287812988,142,224.4,12.0,18.7,0.0,,1.0,0.05,18.7,C,Z,C-Z,0.75,0.05,4.25,22.95,4.394366197183098,1.267605633802817,3.8982252710027057,2.6306196371998887,11.298249165051525,12,12,0.6000000000000001,224.39999999999998,0.0,True,REORDENAR,0.8823529411764708
MASS0506,0.19014084507042253,0.7039211209794622,3.702103673299394,142,1846.69,27.0,49.09095238095239,1.0,,1.0,0.05,49.09095238095239,B,Z,B-Z,0.85,0.05,4.25,53.34095238095239,9.887323943661972,2.852112676056338,5.677714885529175,2.8256022094728372,11.116379621175106,12,12,0.6000000000000001,589.0914285714287,1.0,True,REORDENAR,0.8823529411764708
MASS2565,0.08450704225352113,1.0070176299560272,11.916375287812988,142,218.4,12.0,18.2,0.0,,1.0,0.05,18.2,C,Z,C-Z,0.75,0.05,4.25,22.45,4.394366197183098,1.267605633802817,3.8982252710027057,2.6306196371998887,11.423372018614616,12,12,0.6000000000000001,218.39999999999998,0.0,True,REORDENAR,0.8823529411764708
MASS0291,6.457746478873239,11.52156364944355,1.7841461703609425,142,7967.36,917.0,3.65309756097561,42.0,3.9,20.0,0.05,3.9,AA,Z,AA-Z,0.95,0.0025,0.2125,4.1125,335.80281690140845,96.86619718309859,170.26421130894295,73.39801412584436,233.31549512988957,12,240,0.6000000000000001,936.0,42.0,True,REORDENAR,0.8823529411764708
MASS2502,0.16901408450704225,2.0140352599120543,11.916375287812988,142,904.8,24.0,37.7,0.0,,1.0,0.05,37.7,B,Z,B-Z,0.85,0.05,4.25,41.95,8.788732394366196,2.535211267605634,10.619728567562799,8.084517299957165,11.818204709871168,12,12,0.6000000000000001,452.40000000000003,0.0,True,REORDENAR,0.8823529411764708
MASS1832,1.908450704225352,11.356820632889455,5.95080638328525,142,2360.88,271.0,4.013846153846154,0.0,2.35,14.0,0.05,2.35,A,Z,A-Z,0.9,0.0035714285714285718,0.3035714285714286,2.6535714285714285,99.2394366197183,28.62676056338028,84.99552061475353,56.36876005137325,157.89963435629915,12,168,0.6000000000000001,394.8,0.0,True,REORDENAR,0.8823529411764708
MASS0975,0.028169014084507043,0.16604117970944668,5.894461879685357,142,33.21,4.0,2.6174999999999997,0.0,,1.0,0.05,2.6174999999999997,C,Z,C-Z,0.75,0.05,4.25,6.8675,1.4647887323943662,0.4225352112676056,0.8562825210804231,0.4337473098128175,11.924564628808849,12,12,0.6000000000000001,31.409999999999997,0.0,True,REORDENAR,0.8823529411764708
MASS1834,1.971830985915493,11.972156623280805,6.071593716092408,142,2337.06,280.0,3.333846153846154,0.0,2.35,14.0,0.05,2.35,A,Z,A-Z,0.9,0.0035714285714285718,0.3035714285714286,2.6535714285714285,102.53521126760563,29.577464788732396,89.00040064463441,59.42293585590201,160.50016919395193,12,168,0.6000000000000001,394.8,0.0,True,REORDENAR,0.8823529411764708
MASS1831,1.943661971830986,11.228620124445879,5.777043687214908,142,2317.42,276.0,4.1866666666666665,0.0,2.35,14.0,0.05,2.35,A,Z,A-Z,0.9,0.0035714285714285718,0.3035714285714286,2.6535714285714285,101.07042253521126,29.15492957746479,84.88737565219637,55.73244607473158,159.34961551250473,12,168,0.6000000000000001,394.8,0.0,True,REORDENAR,0.8823529411764708
MASS1351,2.9014084507042255,7.418885102104356,2.556994379851501,142,5682.24,412.0,6.291764705882353,40.0,5.0,30.0,0.11973432,5.0,A,Z,A-Z,0.9,0.003991144,0.33924724,5.33924724,150.8732394366197,43.521126760563384,80.34422784557448,36.823101085011096,137.25256273404082,5,150,0.5986716000000001,750.0,40.0,True,REORDENAR,0.8803994117647059
MASS2128,1.5070422535211268,5.9902361204166095,3.974829575229713,142,5312.09,214.0,11.795,8.0,11.5,1.0,0.0089304,11.5,A,Z,A-Z,0.9,0.0089304,0.759084,12.259084,78.36619718309859,22.6056338028169,52.33773871472861,29.73210491191171,65.28144310758519,66,66,0.5894064,759.0,8.0,True,REORDENAR,0.8667741176470588
MASS1309,0.7676056338028169,2.837603356339871,3.696694280736346,142,591.12,109.0,3.4443589743589746,0.0,1.7,100.0,0.293112,1.7,C,Z,C-Z,0.75,0.0029311199999999997,0.24914519999999998,1.9491452,39.91549295774648,11.514084507042254,18.92672048253946,7.412635975497205,116.84308704414873,2,200,0.586224,340.0,0.0,True,REORDENAR,0.8620941176470588
MASS1310,1.176056338028169,3.1223270458426806,2.6549128174231176,142,1016.1,167.0,3.032592592592593,0.0,1.7,100.0,0.293112,1.7,B,Z,B-Z,0.85,0.0029311199999999997,0.24914519999999998,1.9491452,61.154929577464785,17.640845070422536,30.174144521863887,12.533299451441351,144.6265442958661,2,200,0.586224,340.0,0.0,True,REORDENAR,0.8620941176470588
MASS1308,1.4507042253521127,4.7826184477607505,3.296756405737993,142,1145.54,206.0,2.9281159420289855,0.0,1.7,100.0,0.293112,1.7,B,Z,B-Z,0.85,0.0029311199999999997,0.24914519999999998,1.9491452,75.43661971830986,21.760563380281692,40.95842071159,19.19785733130831,160.6287885339483,2,200,0.586224,340.0,0.0,True,REORDENAR,0.8620941176470588
MASS2361,0.2746478873239437,1.4348467988361187,5.224313985505868,142,2491.25,39.0,23.11294117647059,0.0,15.0,4.0,0.0964748,15.0,A,Z,A-Z,0.9,0.0241187,2.0500895,17.0500895,14.281690140845072,4.119718309859155,11.241476901330032,7.1217585914708765,23.630931543722063,6,24,0.5788488,360.0,0.0,True,REORDENAR,0.8512482352941177
MASS2056,4.457746478873239,13.001703783297193,2.9166539292704607,142,7024.68,633.0,3.9439700374531834,1.0,2.2,1.0,0.00225,2.2,A,Z,A-Z,0.9,0.00225,0.19124999999999998,2.3912500000000003,231.80281690140842,66.86619718309859,131.39921610718508,64.53301892408649,254.21503570296903,255,255,0.57375,561.0,1.0,True,REORDENAR,0.84375
MASS1655,8.47887323943662,19.67095216315403,2.319996019242419,142,27524.58,1204.0,8.153384879725087,2.0,7.2,36.0,0.094446,7.2,AA,Z,AA-Z,0.95,0.0026235,0.2229975,7.4229975,440.90140845070425,127.1830985915493,252.49671648834573,125.31361789679643,198.99192642827717,6,216,0.566676,1555.2,2.0,True,REORDENAR,0.8333470588235293
MASS2229,0.852112676056338,3.8957099210070183,4.571824865975179,142,940.67,121.0,3.0229508196721313,0.0,1.85,40.0,0.183582,1.85,B,Z,B-Z,0.85,0.0045895499999999995,0.39011175,2.24011175,44.309859154929576,12.78169014084507,28.419417483002558,15.637727342157488,114.83379386554593,3,120,0.550746,222.0,0.0,True,REORDENAR,0.8099205882352941
MASS2227,0.8098591549295775,4.173426740720846,5.153274758107479,142,831.24,115.0,2.8680392156862746,2.0,1.85,40.0,0.183582,1.85,B,Z,B-Z,0.85,0.0045895499999999995,0.39011175,2.24011175,42.11267605633803,12.147887323943662,28.900394768592285,16.75250744464862,111.95047697028494,3,120,0.550746,222.0,2.0,True,REORDENAR,0.8099205882352941
MASS2228,0.8873239436619719,4.456406005971733,5.022298832126873,142,1009.27,126.0,3.2664406779661017,0.0,1.85,40.0,0.183582,1.85,B,Z,B-Z,0.85,0.0045895499999999995,0.39011175,2.24011175,46.140845070422536,13.309859154929578,31.198270628165005,17.88841147323543,117.18237629135348,3,120,0.550746,222.0,0.0,True,REORDENAR,0.8099205882352941
MASS2498,0.08450704225352113,1.0070176299560272,11.916375287812988,142,260.4,12.0,21.7,0.0,,1.0,0.05,21.7,C,Z,C-Z,0.75,0.05,4.25,25.95,4.394366197183098,1.267605633802817,3.8982252710027057,2.6306196371998887,10.625119225968232,11,11,0.55,238.7,0.0,True,REORDENAR,0.8088235294117648
MASS2576,0.08450704225352113,1.0070176299560272,11.916375287812988,142,260.4,12.0,21.7,0.0,,1.0,0.05,21.7,C,Z,C-Z,0.75,0.05,4.25,25.95,4.394366197183098,1.267605633802817,3.8982252710027057,2.6306196371998887,10.625119225968232,11,11,0.55,238.7,0.0,True,REORDENAR,0.8088235294117648
MASS2201,0.2887323943661972,1.075721667153868,3.7256701642890064,142,490.55,41.0,3.8619444444444446,0.0,90.0,1.0,0.05,90.0,C,Z,C-Z,0.75,0.05,4.25,94.25,15.014084507042254,4.330985915492958,7.141080255052769,2.810094339559811,10.305358844615863,11,11,0.55,990.0,0.0,True,REORDENAR,0.8088235294117648
MASS2006,0.16901408450704225,1.051657462408714,6.222306652584892,142,2262.17,24.0,52.223684210526315,0.0,,1.0,0.05,52.223684210526315,A,Z,A-Z,0.9,0.05,4.25,56.473684210526315,8.788732394366196,2.535211267605634,7.755037226912911,5.219825959307277,10.185783253459707,11,11,0.55,574.4605263157895,0.0,True,REORDENAR,0.8088235294117648
MASS1478,1.971830985915493,9.52781941070488,4.831965558286047,142,3831.18,280.0,9.278235294117646,0.0,6.08,10.0,0.05,6.08,A,Z,A-Z,0.9,0.005,0.425,6.505,102.53521126760563,29.577464788732396,76.86810919844301,47.29064440971061,102.51023646359045,11,110,0.55,668.8,0.0,True,REORDENAR,0.8088235294117648
MASS2522,0.08450704225352113,1.0070176299560272,11.916375287812988,142,260.4,12.0,21.7,0.0,,1.0,0.05,21.7,C,Z,C-Z,0.75,0.05,4.25,25.95,4.394366197183098,1.267605633802817,3.8982252710027057,2.6306196371998887,10.625119225968232,11,11,0.55,238.7,0.0,True,REORDENAR,0.8088235294117648
MASS2575,0.08450704225352113,1.0070176299560272,11.916375287812988,142,248.4,12.0,20.7,0.0,,1.0,0.05,20.7,C,Z,C-Z,0.75,0.05,4.25,24.95,4.394366197183098,1.267605633802817,3.8982252710027057,2.6306196371998887,10.835955632082952,11,11,0.55,227.7,0.0,True,REORDENAR,0.8088235294117648
MASS1419,13.161971830985916,51.8295949472535,3.937829043611555,142,3489.41,1869.0,1.078735632183908,22.0,0.39,100.0,0.05,0.39,A,Z,A-Z,0.9,0.0005,0.0425,0.4325,684.4225352112676,197.42957746478874,454.68203355101997,257.25245608623123,1027.1253900082704,11,1100,0.55,429.0,22.0,True,REORDENAR,0.8088235294117648
MASS2523,0.08450704225352113,1.0070176299560272,11.916375287812988,142,266.4,12.0,22.2,0.0,,1.0,0.05,22.2,C,Z,C-Z,0.75,0.05,4.25,26.45,4.394366197183098,1.267605633802817,3.8982252710027057,2.6306196371998887,10.524213623486018,11,11,0.55,244.2,0.0,True,REORDENAR,0.8088235294117648
MASS1002,0.028169014084507043,0.2043381279214071,7.2540035412099515,142,58.9,4.0,4.95,0.0,,1.0,0.05,4.95,C,Z,C-Z,0.75,0.05,4.25,9.2,1.4647887323943662,0.4225352112676056,0.9563251628518581,0.5337899515842525,10.302626414806568,11,11,0.55,54.45,0.0,True,REORDENAR,0.8088235294117648
MASS0624,0.035211267605633804,0.41959067914834447,11.916375287812983,142,64.7,5.0,7.48,0.0,,1.0,0.05,7.48,C,Z,C-Z,0.75,0.05,4.25,11.73,1.8309859154929577,0.5281690140845071,1.6242605295844603,1.0960915154999533,10.201120230827305,11,11,0.55,82.28,0.0,True,REORDENAR,0.8088235294117648
MASS0289,5.302816901408451,9.640333001384581,1.8179645235014747,142,5696.46,753.0,3.548041958041958,38.0,3.9,20.0,0.05,3.9,A,Z,A-Z,0.9,0.0025,0.2125,4.1125,275.7464788732394,79.54225352112677,127.39135102264507,47.8490975015183,211.4250308919402,11,220,0.55,858.0,38.0,True,REORDENAR,0.8088235294117648
MASS0280,0.14084507042253522,0.9497409075265882,6.743160443438776,142,1006.1999999999999,20.0,38.8,0.0,,1.0,0.05,38.8,B,Z,B-Z,0.85,0.05,4.25,43.05,7.323943661971831,2.1126760563380285,5.925020830138562,3.812344773800534,10.649771507891401,11,11,0.55,426.79999999999995,0.0,True,REORDENAR,0.8088235294117648
MASS0929,0.028169014084507043,0.2648072220477879,9.40065638269647,142,60.269999999999996,4.0,4.65,0.0,,1.0,0.05,4.65,C,Z,C-Z,0.75,0.05,4.25,8.9,1.4647887323943662,0.4225352112676056,1.114287825789042,0.6917526145214364,10.474827083372036,11,11,0.55,51.150000000000006,0.0,True,REORDENAR,0.8088235294117648
MASS0974,0.02112676056338028,0.14431593883136795,6.830954438018083,142,25.85,3.0,2.53,0.0,,1.0,0.05,2.53,C,Z,C-Z,0.75,0.05,4.25,6.779999999999999,1.0985915492957745,0.31690140845070425,0.693896141569043,0.37699473311833875,10.393400207616885,11,11,0.55,27.83,0.0,True,REORDENAR,0.8088235294117648
MASS1364,0.14084507042253522,1.5325848433505158,10.881352387788661,142,1106.24,20.0,38.64,0.0,,1.0,0.05,38.64,B,Z,B-Z,0.85,0.05,4.25,42.89,7.323943661971831,2.1126760563380285,8.264608411415278,6.15193235507725,10.669617360665635,11,11,0.55,425.04,0.0,True,REORDENAR,0.8088235294117648
MASS0146,0.014084507042253521,0.16783627165933782,11.916375287812984,142,1.0,2.0,0.15,0.0,,1.0,0.05,0.15,C,Z,C-Z,0.75,0.05,4.25,4.4,0.7323943661971831,0.2112676056338028,0.6497042118337841,0.4384366061999813,10.534175020532437,11,11,0.55,1.65,0.0,True,REORDENAR,0.8088235294117648
MASS0621,15.232394366197184,23.159228509351014,1.52039317999438,142,16930.21,2163.0,3.9403592814371255,0.0,3.14,40.0,0.05,3.14,AA,Z,AA-Z,0.95,0.00125,0.10625,3.2462500000000003,792.0845070422536,228.48591549295776,376.02156542664534,147.53564993368758,403.3194334895329,11,440,0.55,1381.6000000000001,0.0,True,REORDENAR,0.8088235294117648
MASS0510,0.014084507042253521,0.11825657242363517,8.396216642078096,142,5.05,2.0,0.49,0.0,,1.0,0.05,0.49,C,Z,C-Z,0.75,0.05,4.25,4.74,0.7323943661971831,0.2112676056338028,0.520187779811041,0.3089201741772382,10.149337560205407,11,11,0.55,5.39,0.0,True,REORDENAR,0.8088235294117648
MASS0040,62.070422535211264,113.8572359703103,1.8343235202841006,142,30448.94,8814.0,1.76053470437018,4.0,1.85,100.0,0.05,1.85,AA,Z,AA-Z,0.95,0.0005,0.0425,1.8925,3227.6619718309857,931.056338028169,1656.382801375185,725.326463347016,1066.3025531935423,11,1100,0.55,2035.0,4.0,True,REORDENAR,0.8088235294117648
MASS2125,1.295774647887324,3.899061047898486,3.00905798261731,142,4501.65,184.0,13.3009756097561,6.0,11.5,1.0,0.0089304,11.5,A,Z,A-Z,0.9,0.0089304,0.759084,12.259084,67.38028169014085,19.43661971830986,38.789327992855085,19.352708274545225,60.53294051162009,61,61,0.5447544,701.5,6.0,True,REORDENAR,0.8011094117647058
MASS0584,4.922535211267606,8.18671640170916,1.663109769732047,142,4898.34,699.0,2.4958631921824104,39.0,1.9,40.0,0.068,1.9,A,Z,A-Z,0.9,0.0017000000000000001,0.14450000000000002,2.0444999999999998,255.97183098591552,73.8380281690141,114.47220452644899,40.634176357434896,288.9062256195482,8,320,0.544,608.0,39.0,True,REORDENAR,0.8
MASS0422,24.830985915492956,40.41609324696435,1.6276475442623195,142,14426.6,3526.0,1.6798338870431893,2.0,1.4,100.0,0.067424,1.4,AA,Z,AA-Z,0.95,0.00067424,0.0573104,1.4573104,1291.2112676056338,372.46478873239437,629.9351350595095,257.4703463271152,768.5586095193004,8,800,0.539392,1120.0,2.0,True,REORDENAR,0.7932235294117647
MASS1358,4.866197183098592,13.686059000601132,2.8124752215417663,142,2695.5099999999998,691.0,1.6669565217391304,12.0,1.28,100.0,0.134,1.28,A,Z,A-Z,0.9,0.00134,0.1139,1.3939,253.04225352112678,72.99295774647888,140.92272442956352,67.92976668308464,347.8845044533227,4,400,0.536,512.0,12.0,True,REORDENAR,0.788235294117647
MASS0519,5.591549295774648,7.954796875303601,1.4226462925605936,142,5901.9800000000005,794.0,2.5561344537815125,0.0,1.7,40.0,0.058968,1.7,A,Z,A-Z,0.9,0.0014742,0.125307,1.825307,290.7605633802817,83.87323943661971,123.35629995294292,39.48306051632321,325.87733922528525,9,360,0.530712,612.0,0.0,True,REORDENAR,0.7804588235294116
MASS2457,1.0633802816901408,4.028647043772436,3.7885290080509,142,2738.14,151.0,5.564242424242424,0.0,3.8,24.0,0.131376,3.8,A,Z,A-Z,0.9,0.005474,0.46529,4.26529,55.29577464788732,15.950704225352112,35.94660324346536,19.99589901811325,92.96641020897209,4,96,0.525504,364.79999999999995,0.0,True,REORDENAR,0.7727999999999999
MASS0409,3.035211267605634,12.313523656884998,4.056891784866983,142,8314.82,431.0,10.32314606741573,4.0,4.2,30.0,0.086625,4.2,AA,Z,AA-Z,0.95,0.0028875,0.2454375,4.445437500000001,157.83098591549296,45.52816901408451,123.97135700537886,78.44318799129435,153.84849451607644,6,180,0.5197499999999999,756.0,4.0,True,REORDENAR,0.7643382352941175
MASS2359,0.7746478873239436,2.5858161014655203,3.3380535128009448,142,1724.54,110.0,5.57012048192771,1.0,3.48,20.0,0.101802,3.48,B,Z,B-Z,0.85,0.0050901,0.4326585,3.9126585,40.28169014084507,11.619718309859154,21.99941494323321,10.379696633374055,82.84613280443584,5,100,0.50901,348.0,1.0,True,REORDENAR,0.7485441176470587
MASS2221,0.1267605633802817,0.7796994777456525,6.150962546660148,142,4567.13,18.0,63.52058823529411,0.0,62.0,1.0,0.056525,62.0,A,Z,A-Z,0.9,0.056525,4.804625,66.804625,6.591549295774648,1.9014084507042253,5.771390569286262,3.869982118582037,8.110448247313736,9,9,0.508725,558.0,0.0,True,REORDENAR,0.748125
MASS1321,2.3943661971830985,6.470837742117068,2.7025263511194813,142,641.6800000000001,340.0,0.8037142857142857,11.0,0.42,50.0,0.056448,0.42,C,Z,C-Z,0.75,0.00112896,0.09596160000000001,0.5159616,124.50704225352112,35.91549295774648,52.819181957005256,16.903688999258776,401.0907424755196,9,450,0.508032,189.0,11.0,True,REORDENAR,0.7471058823529412
MASS1444,1.8309859154929577,5.788190264565196,3.16124237526253,142,1157.54,260.0,3.167962962962963,0.0,1.8,48.0,0.126405,1.8,B,Z,B-Z,0.85,0.0026334375,0.22384218749999998,2.0238421875,95.21126760563381,27.464788732394368,50.69910109064192,23.23431235824755,177.0965993150171,4,192,0.50562,345.6,0.0,True,REORDENAR,0.7435588235294117
MASS2420,0.8380281690140845,6.017276927001294,7.180280030539359,142,1773.28,119.0,4.32,13.0,4.8,8.0,0.05,4.8,B,Z,B-Z,0.85,0.00625,0.53125,5.33125,43.57746478873239,12.570422535211268,36.724309204057015,24.153886668845747,73.81945364189862,10,80,0.5,384.0,13.0,True,REORDENAR,0.7352941176470588
MASS2561,0.04225352112676056,0.5035088149780136,11.916375287812988,142,79.2,6.0,13.2,0.0,,1.0,0.05,13.2,C,Z,C-Z,0.75,0.05,4.25,17.45,2.197183098591549,0.6338028169014085,1.9491126355013528,1.3153098185999443,9.161989287359098,10,10,0.5,132.0,0.0,True,REORDENAR,0.7352941176470588
MASS0101,0.014084507042253521,0.16783627165933782,11.916375287812984,142,6.0,2.0,1.22,0.0,,1.0,0.05,1.22,C,Z,C-Z,0.75,0.05,4.25,5.47,0.7323943661971831,0.2112676056338028,0.6497042118337841,0.4384366061999813,9.447854682327465,10,10,0.5,12.2,0.0,True,REORDENAR,0.7352941176470588
MASS2418,0.8450704225352113,5.989702480975856,7.087814602488097,142,1789.28,120.0,5.35,12.0,4.8,8.0,0.05,4.8,B,Z,B-Z,0.85,0.00625,0.53125,5.33125,43.943661971830984,12.676056338028168,36.719256719316505,24.043200381288337,74.1289705282959,10,80,0.5,384.0,12.0,True,REORDENAR,0.7352941176470588
MASS2421,0.8802816901408451,6.206245303817092,7.050294665136216,142,1869.28,125.0,4.32,7.0,4.8,8.0,0.05,4.8,B,Z,B-Z,0.85,0.00625,0.53125,5.33125,45.774647887323944,13.204225352112676,38.116647952240406,24.91242260012773,75.6575637300572,10,80,0.5,384.0,7.0,True,REORDENAR,0.7352941176470588
MASS2531,0.08450704225352113,1.0070176299560272,11.916375287812988,142,356.4,12.0,29.7,0.0,,1.0,0.05,29.7,C,Z,C-Z,0.75,0.05,4.25,33.95,4.394366197183098,1.267605633802817,3.8982252710027057,2.6306196371998887,9.28929176662254,10,10,0.5,297.0,0.0,True,REORDENAR,0.7352941176470588
MASS2518,0.04225352112676056,0.5035088149780136,11.916375287812988,142,82.2,6.0,13.7,0.0,,1.0,0.05,13.7,C,Z,C-Z,0.75,0.05,4.25,17.95,2.197183098591549,0.6338028169014085,1.9491126355013528,1.3153098185999443,9.033483774422258,10,10,0.5,137.0,0.0,True,REORDENAR,0.7352941176470588
MASS2419,0.8309859154929577,5.989318898259504,7.207485453837708,142,1757.28,118.0,4.32,14.0,4.8,8.0,0.05,4.8,B,Z,B-Z,0.85,0.00625,0.53125,5.33125,43.2112676056338,12.464788732394366,36.506449378421834,24.041660646027466,73.50863350921358,10,80,0.5,384.0,14.0,True,REORDENAR,0.7352941176470588
MASS1984,1.408450704225352,16.783627165933776,11.916375287812983,142,3200.0,200.0,11.85,0.0,4.8,10.0,0.05,4.8,A,Z,A-Z,0.9,0.005,0.425,5.225,73.2394366197183,21.12676056338028,104.431083409547,83.30432284616671,96.66821972225556,10,100,0.5,480.0,0.0,True,REORDENAR,0.7352941176470588
MASS0783,9.95774647887324,16.572588338799946,1.6642910495824557,142,4222.41,1414.0,0.6983370288248337,0.0,0.47,200.0,0.1,0.47,A,Z,A-Z,0.9,0.0005,0.0425,0.5125,517.8028169014085,149.3661971830986,231.6230440328778,82.25684684977921,820.7098390245794,5,1000,0.5,470.0,0.0,True,REORDENAR,0.7352941176470588
MASS1987,1.408450704225352,16.783627165933776,11.916375287812983,142,3200.0,200.0,11.85,0.0,4.8,10.0,0.05,4.8,A,Z,A-Z,0.9,0.005,0.425,5.225,73.2394366197183,21.12676056338028,104.431083409547,83.30432284616671,96.66821972225556,10,100,0.5,480.0,0.0,True,REORDENAR,0.7352941176470588
MASS1988,1.408450704225352,16.783627165933776,11.916375287812983,142,3200.0,200.0,11.85,0.0,4.8,10.0,0.05,4.8,A,Z,A-Z,0.9,0.005,0.425,5.225,73.2394366197183,21.12676056338028,104.431083409547,83.30432284616671,96.66821972225556,10,100,0.5,480.0,0.0,True,REORDENAR,0.7352941176470588
MASS2560,0.04225352112676056,0.5035088149780136,11.916375287812988,142,77.7,6.0,12.95,0.0,,1.0,0.05,12.95,C,Z,C-Z,0.75,0.05,4.25,17.2,2.197183098591549,0.6338028169014085,1.9491126355013528,1.3153098185999443,9.228333305875099,10,10,0.5,129.5,0.0,True,REORDENAR,0.7352941176470588
MASS2569,0.04225352112676056,0.5035088149780136,11.916375287812988,142,76.2,6.0,12.7,0.0,,1.0,0.05,12.7,C,Z,C-Z,0.75,0.05,4.25,16.95,2.197183098591549,0.6338028169014085,1.9491126355013528,1.3153098185999443,9.296139752636714,10,10,0.5,127.0,0.0,True,REORDENAR,0.7352941176470588
MASS3000,1.3591549295774648,5.889456319108907,4.333175115613807,142,1502.94,193.0,4.327826086956522,7.0,4.74,10.0,0.05,4.74,B,Z,B-Z,0.85,0.005,0.425,5.165,70.67605633802816,20.387323943661972,44.02812728354844,23.64080333988647,95.51143314279736,10,100,0.5,474.0,7.0,True,REORDENAR,0.7352941176470588
MASS2417,0.823943661971831,6.005079759569337,7.288216460332015,142,1741.28,117.0,3.3600000000000003,13.0,4.8,8.0,0.05,4.8,B,Z,B-Z,0.85,0.00625,0.53125,5.33125,42.845070422535215,12.359154929577464,36.464081079669214,24.10492615009175,73.19649352800542,10,80,0.5,384.0,13.0,True,REORDENAR,0.7352941176470588
MASS1985,1.408450704225352,16.783627165933776,11.916375287812983,142,3200.0,200.0,11.85,0.0,4.8,10.0,0.05,4.8,A,Z,A-Z,0.9,0.005,0.425,5.225,73.2394366197183,21.12676056338028,104.431083409547,83.30432284616671,96.66821972225556,10,100,0.5,480.0,0.0,True,REORDENAR,0.7352941176470588
MASS1986,1.408450704225352,16.783627165933776,11.916375287812983,142,3200.0,200.0,11.85,0.0,4.8,10.0,0.05,4.8,A,Z,A-Z,0.9,0.005,0.425,5.225,73.2394366197183,21.12676056338028,104.431083409547,83.30432284616671,96.66821972225556,10,100,0.5,480.0,0.0,True,REORDENAR,0.7352941176470588
MASS3008,1.2394366197183098,6.513411779834355,5.255139049639082,142,1484.53,176.0,4.182352941176471,24.0,4.74,10.0,0.05,4.74,B,Z,B-Z,0.85,0.005,0.425,5.165,64.45070422535211,18.591549295774648,44.736965547382376,26.145416251607728,91.20802276815792,10,100,0.5,474.0,24.0,True,REORDENAR,0.7352941176470588
MASS3002,1.267605633802817,5.825981782489292,4.596052295074886,142,1389.57,180.0,4.74,20.0,4.74,10.0,0.05,4.74,B,Z,B-Z,0.85,0.005,0.425,5.165,65.91549295774648,19.014084507042256,42.400095391393236,23.38601088435098,92.23865460875449,10,100,0.5,474.0,20.0,True,REORDENAR,0.7352941176470588
MASS2416,0.9014084507042254,6.313679687289096,7.004238403086341,142,1917.28,128.0,10.08,3.0,4.8,8.0,0.05,4.8,B,Z,B-Z,0.85,0.00625,0.53125,5.33125,46.87323943661972,13.52112676056338,38.864800565214495,25.343673804651115,76.56007155402412,10,80,0.5,384.0,3.0,True,REORDENAR,0.7352941176470588
MASS2330,1.4014084507042253,3.8611721645721895,2.755208278237442,142,4491.64,199.0,8.753873873873875,36.0,5.65,15.0,0.082992,5.65,A,Z,A-Z,0.9,0.0055328,0.470288,6.120288,72.87323943661971,21.02112676056338,40.185776295618666,19.164649535055286,89.0948249275768,6,90,0.49795199999999995,508.50000000000006,36.0,True,REORDENAR,0.7322823529411764
MASS1548,0.38028169014084506,1.5378551627666979,4.043989502090206,142,384.3,54.0,3.927241379310345,0.0,1.85,30.0,0.165888,1.85,C,Z,C-Z,0.75,0.0055296,0.470016,2.320016,19.774647887323944,5.704225352112676,9.721545277802516,4.01731992568984,75.38123701608662,3,90,0.497664,166.5,0.0,True,REORDENAR,0.7318588235294118
MASS1625,0.4647887323943662,1.4667084383041873,3.1556454278665846,142,520.37,66.0,3.9312195121951214,0.0,1.85,30.0,0.165888,1.85,C,Z,C-Z,0.75,0.0055296,0.470016,2.320016,24.16901408450704,6.971830985915493,10.803295207667258,3.831464221751765,83.33709313840299,3,90,0.497664,166.5,0.0,True,REORDENAR,0.7318588235294118
MASS1626,0.4507042253521127,1.5371405007315082,3.410530485998034,142,487.38,64.0,3.94525,0.0,1.85,30.0,0.165888,1.85,C,Z,C-Z,0.75,0.0055296,0.470016,2.320016,23.43661971830986,6.76056338028169,10.77601640322047,4.015453022938781,82.06469638631636,3,90,0.497664,166.5,0.0,True,REORDENAR,0.7318588235294118
MASS1344,3.9577464788732395,9.266635980945638,2.3413920094204284,142,4322.84,562.0,4.0088888888888885,0.0,2.85,40.0,0.0828,2.85,A,Z,A-Z,0.9,0.00207,0.17595,3.02595,205.80281690140845,59.36619718309859,105.36047647818754,45.994279295088944,212.93603064466356,6,240,0.4968,684.0,0.0,True,REORDENAR,0.7305882352941176
MASS2142,5.042253521126761,10.835241450792564,2.1488886676152847,142,4070.68,716.0,2.131131221719457,126.0,1.6,50.0,0.0705,1.6,A,Z,A-Z,0.9,0.0014099999999999998,0.11984999999999998,1.71985,262.19718309859155,75.63380281690141,129.41374221909876,53.77993940219736,318.80351116499077,7,350,0.49349999999999994,560.0,126.0,True,REORDENAR,0.725735294117647
MASS2141,5.830985915492958,13.870716043524352,2.3787942973193936,142,5106.9,828.0,1.963740458015267,2.0,1.6,50.0,0.0705,1.6,A,Z,A-Z,0.9,0.0014099999999999998,0.11984999999999998,1.71985,303.2112676056338,87.46478873239437,156.31108732883783,68.84629859644346,342.8323164345234,7,350,0.49349999999999994,560.0,2.0,True,REORDENAR,0.725735294117647
MASS1876,0.28169014084507044,1.3335081295872018,4.733953860034566,142,4613.13,40.0,33.053200000000004,5.0,36.0,1.0,0.03068868,36.0,A,Z,A-Z,0.9,0.03068868,2.6085378,38.6085378,14.647887323943662,4.225352112676057,10.844123528821235,6.6187714161451785,15.90377374811255,16,16,0.49101888,576.0,5.0,True,REORDENAR,0.722086588235294
MASS0614,5.943661971830986,10.698163591259581,1.7999279975815883,142,2639.35,844.0,1.6306018518518517,11.0,1.5,100.0,0.1215,1.5,A,Z,A-Z,0.9,0.001215,0.10327499999999999,1.603275,309.07042253521126,89.15492957746478,142.25449291120566,53.099563333740875,358.4916818424109,4,400,0.486,600.0,11.0,True,REORDENAR,0.7147058823529412
MASS1496,3.3661971830985915,7.883440651127536,2.3419426202094353,142,2742.11,478.0,1.546144578313253,0.0,0.9,100.0,0.121136,0.9,A,Z,A-Z,0.9,0.0012113599999999999,0.10296559999999999,1.0029656,175.04225352112675,50.49295774647887,89.62184679098152,39.12888904450265,341.10084835315547,4,400,0.484544,360.0,0.0,True,REORDENAR,0.7125647058823529
MASS1898,3.563380281690141,7.613411821022678,2.1365701157810677,142,3346.21,506.0,2.2632743362831858,84.0,1.43,30.0,0.0484,1.43,A,Z,A-Z,0.9,0.0016133333333333334,0.13713333333333333,1.5671333333333333,185.29577464788733,53.45070422535211,91.23932464863051,37.7886204232784,280.75930222579194,10,300,0.484,429.0,84.0,True,REORDENAR,0.7117647058823529
MASS2124,1.0,4.6295382181676805,4.6295382181676805,142,3669.12,142.0,10.063846153846153,3.0,11.5,1.0,0.0089304,11.5,A,Z,A-Z,0.9,0.0089304,0.759084,12.259084,52.0,15.0,37.9783790203404,22.978379020340398,53.17739170801418,54,54,0.4822416,621.0,3.0,True,REORDENAR,0.7091788235294118
MASS1299,1.7394366197183098,4.641287999066712,2.6682708334715515,142,1487.01,247.0,2.4145614035087717,0.0,1.48,60.0,0.12,1.48,B,Z,B-Z,0.85,0.002,0.17,1.65,90.45070422535211,26.091549295774648,44.72209359129849,18.63054429552384,191.1693989135038,4,240,0.48,355.2,0.0,True,REORDENAR,0.7058823529411764
MASS2068,4.345070422535211,22.727820854079862,5.2307140377298875,142,11995.97,617.0,6.71325,0.0,5.65,1.0,0.00299,5.65,AA,Z,AA-Z,0.95,0.00299,0.25415,5.9041500000000005,225.94366197183098,65.17605633802816,209.9634278141195,144.78737147609135,159.7260533342013,160,160,0.4784,904.0,0.0,True,REORDENAR,0.7035294117647058
MASS2362,0.30985915492957744,1.1680322216454981,3.76955853349229,142,2584.04,44.0,17.6921875,0.0,10.35,6.0,0.078,10.35,A,Z,A-Z,0.9,0.013,1.105,11.455,16.112676056338028,4.647887323943662,10.445331006688173,5.797443682744511,30.622501287791515,6,36,0.46799999999999997,372.59999999999997,0.0,True,REORDENAR,0.6882352941176471
MASS2353,2.5704225352112675,9.904793514857886,3.8533717235885474,142,3020.67,365.0,3.0117808219178084,0.0,2.0,36.0,0.077682,2.0,A,Z,A-Z,0.9,0.0021578333333333332,0.18341583333333333,2.183415833333333,133.66197183098592,38.556338028169016,87.71806621294985,49.161728184780834,202.01800345730126,6,216,0.466092,432.0,0.0,True,REORDENAR,0.685429411764706
MASS1009,5.26056338028169,10.034465130762749,1.9074886861690903,142,17774.94,747.0,8.651747967479675,106.0,9.0,24.0,0.07730625,9.0,AA,Z,AA-Z,0.95,0.0032210937500000004,0.27379296875000003,9.27379296875,273.5492957746479,78.90845070422534,142.83291754068532,63.92446683645997,140.23081976069722,6,144,0.4638375,1296.0,106.0,True,REORDENAR,0.6821139705882353
MASS1011,5.485915492957746,9.341993891303309,1.7029051765918741,142,15793.74,779.0,8.406063569682152,1.0,9.0,24.0,0.07730625,9.0,AA,Z,AA-Z,0.95,0.0032210937500000004,0.27379296875000003,9.27379296875,285.2676056338028,82.28873239436619,141.8018176369711,59.5130852426049,143.20292895591427,6,144,0.4638375,1296.0,1.0,True,REORDENAR,0.6821139705882353
MASS0239,5.605633802816901,11.701947311111976,2.0875333142938453,142,3305.86,796.0,1.8184615384615386,4.0,1.6,60.0,0.07623,1.6,A,Z,A-Z,0.9,0.0012705000000000001,0.10799250000000002,1.7079925,291.49295774647885,84.08450704225352,142.16627846722483,58.08177142497131,337.3070545864444,6,360,0.45738,576.0,4.0,True,REORDENAR,0.6726176470588235
MASS2034,0.4647887323943662,1.4074874340594525,3.0282305399460947,142,5874.58,66.0,31.789795918367346,0.0,27.0,1.0,0.019035,27.0,A,Z,A-Z,0.9,0.019035,1.617975,28.617975,24.16901408450704,6.971830985915493,13.957793343730302,6.985962357814809,23.728177796721322,24,24,0.45684,648.0,0.0,True,REORDENAR,0.6718235294117647
MASS2377,2.6971830985915495,7.057001389013256,2.616433935352173,142,3780.81,383.0,3.9148514851485148,53.0,2.9,40.0,0.09082125,2.9,A,Z,A-Z,0.9,0.00227053125,0.19299515625,3.0929951562499998,140.25352112676057,40.45774647887324,75.48466385638994,35.0269173775167,173.86879215450725,5,200,0.45410625000000004,580.0,53.0,True,REORDENAR,0.6678033088235295
MASS1865,5.042253521126761,12.21490383657152,2.422508861442955,142,3456.27,716.0,1.2922991689750694,20.0,0.8,120.0,0.11322675,0.8,A,Z,A-Z,0.9,0.00094355625,0.08020228125,0.88020228125,262.19718309859155,75.63380281690141,136.2615969567757,60.62779413987428,445.6327872191182,4,480,0.452907,384.0,20.0,True,REORDENAR,0.666039705882353
MASS0120,0.014084507042253521,0.1182565724236352,8.3962166420781,142,6.0,2.0,1.87,0.0,,1.0,0.05,1.87,C,Z,C-Z,0.75,0.05,4.25,6.12,0.7323943661971831,0.2112676056338028,0.520187779811041,0.3089201741772382,8.932050233414621,9,9,0.45,16.830000000000002,0.0,True,REORDENAR,0.6617647058823529
MASS2510,0.08450704225352113,1.0070176299560272,11.916375287812988,142,452.4,12.0,37.7,0.0,,1.0,0.05,37.7,C,Z,C-Z,0.75,0.05,4.25,41.95,4.394366197183098,1.267605633802817,3.8982252710027057,2.6306196371998887,8.356732691800698,9,9,0.45,339.3,0.0,True,REORDENAR,0.6617647058823529
MASS2525,0.08450704225352113,1.0070176299560272,11.916375287812988,142,470.4,12.0,39.2,0.0,,1.0,0.05,39.2,C,Z,C-Z,0.75,0.05,4.25,43.45,4.394366197183098,1.267605633802817,3.8982252710027057,2.6306196371998887,8.211218384620201,9,9,0.45,352.8,0.0,True,REORDENAR,0.6617647058823529
MASS1395,0.04929577464788732,0.434789666092566,8.82001894073491,142,147.99,7.0,19.22,0.0,,1.0,0.05,19.22,C,Z,C-Z,0.75,0.05,4.25,23.47,2.5633802816901405,0.7394366197183098,1.87523225988464,1.1357956401663303,8.533051078424753,9,9,0.45,172.98,0.0,True,REORDENAR,0.6617647058823529
MASS0244,0.028169014084507043,0.2648072220477879,9.40065638269647,142,52.68,4.0,9.675,0.0,,1.0,0.05,9.675,C,Z,C-Z,0.75,0.05,4.25,13.925,1.4647887323943662,0.4225352112676056,1.114287825789042,0.6917526145214364,8.374218028163181,9,9,0.45,87.075,0.0,True,REORDENAR,0.6617647058823529
MASS0760,0.028169014084507043,0.33567254331867563,11.916375287812984,142,35.52,4.0,8.88,0.0,,1.0,0.05,8.88,C,Z,C-Z,0.75,0.05,4.25,13.13,1.4647887323943662,0.4225352112676056,1.2994084236675683,0.8768732123999626,8.624014989930922,9,9,0.45,79.92,0.0,True,REORDENAR,0.6617647058823529
MASS0981,0.028169014084507043,0.26480722204778795,9.400656382696472,142,59.71,4.0,7.835,0.0,,1.0,0.05,7.835,C,Z,C-Z,0.75,0.05,4.25,12.085,1.4647887323943662,0.4225352112676056,1.114287825789042,0.6917526145214364,8.989148156283207,9,9,0.45,70.515,0.0,True,REORDENAR,0.6617647058823529
MASS1382,0.1056338028169014,0.9431180102514282,8.928183830380187,142,627.37,15.0,43.281,0.0,,1.0,0.05,43.281,C,Z,C-Z,0.75,0.05,4.25,47.531,5.492957746478873,1.584507042253521,4.048202497190719,2.4636954549371977,8.777463332453399,9,9,0.45,389.529,0.0,True,REORDENAR,0.6617647058823529
MASS1034,0.028169014084507043,0.2648072220477879,9.40065638269647,142,48.910000000000004,4.0,9.943333333333333,0.0,,1.0,0.05,9.943333333333333,C,Z,C-Z,0.75,0.05,4.25,14.193333333333333,1.4647887323943662,0.4225352112676056,1.114287825789042,0.6917526145214364,8.294680544516094,9,9,0.45,89.49,0.0,True,REORDENAR,0.6617647058823529
MASS1067,0.014084507042253521,0.1182565724236352,8.3962166420781,142,20.259999999999998,2.0,3.2,0.0,,1.0,0.05,3.2,C,Z,C-Z,0.75,0.05,4.25,7.45,0.7323943661971831,0.2112676056338028,0.520187779811041,0.3089201741772382,8.095594218135837,9,9,0.45,28.8,0.0,True,REORDENAR,0.6617647058823529
MASS0283,8.612676056338028,13.843527095120063,1.6073432931374072,142,9407.4,1223.0,3.350077071290944,1.0,2.6,40.0,0.05,2.6,AA,Z,AA-Z,0.95,0.00125,0.10625,2.7062500000000003,447.85915492957747,129.19014084507043,217.38020151693115,88.19006067186072,332.15526570705515,9,360,0.45,936.0,1.0,True,REORDENAR,0.6617647058823529
MASS2423,0.7394366197183099,6.548974883199444,8.856708889660199,142,1369.2,105.0,4.114285714285714,27.0,4.8,8.0,0.05,4.8,B,Z,B-Z,0.85,0.00625,0.53125,5.33125,38.45070422535211,11.091549295774648,37.379719018544435,26.288169722769787,69.34130253778653,9,72,0.45,345.59999999999997,27.0,True,REORDENAR,0.6617647058823529
MASS3068,0.07042253521126761,0.8475905552068148,12.03578588393677,142,414.0,10.0,26.142857142857142,2.0,,1.0,0.05,26.142857142857142,C,Z,C-Z,0.75,0.05,4.25,30.392857142857142,3.6619718309859155,1.0563380281690142,3.2704882997283766,2.2141502715593626,8.962436790392594,9,9,0.45,235.28571428571428,2.0,True,REORDENAR,0.6617647058823529
MASS2422,0.795774647887324,5.865560903682929,7.370881843566158,142,1677.28,113.0,4.11,18.0,4.8,8.0,0.05,4.8,B,Z,B-Z,0.85,0.00625,0.53125,5.33125,41.38028169014085,11.93661971830986,35.48150472784424,23.54488500953438,71.93439040131759,9,72,0.45,345.59999999999997,18.0,True,REORDENAR,0.6617647058823529
MASS0860,0.014084507042253521,0.16783627165933782,11.916375287812984,142,12.0,2.0,3.0,0.0,,1.0,0.05,3.0,C,Z,C-Z,0.75,0.05,4.25,7.25,0.7323943661971831,0.2112676056338028,0.6497042118337841,0.4384366061999813,8.206497936754014,9,9,0.45,27.0,0.0,True,REORDENAR,0.6617647058823529
MASS1584,0.07746478873239436,0.3963296797660128,5.116255866070348,142,27.5,11.0,31.11,0.0,,1.0,0.05,31.11,C,Z,C-Z,0.75,0.05,4.25,35.36,4.028169014084507,1.1619718309859155,2.1972989269406735,1.035327095954758,8.714692840615152,9,9,0.45,279.99,0.0,True,REORDENAR,0.6617647058823529
MASS3028,1.267605633802817,7.02368383769393,5.540906138625211,142,1650.94,180.0,5.77,20.0,5.77,10.0,0.05,5.77,B,Z,B-Z,0.85,0.005,0.425,6.194999999999999,65.91549295774648,19.014084507042256,47.20777834423238,28.193693837190125,84.22237176105565,9,90,0.45,519.3,20.0,True,REORDENAR,0.6617647058823529
MASS2537,0.04225352112676056,0.5035088149780136,11.916375287812988,142,85.2,6.0,14.2,0.0,,1.0,0.05,14.2,C,Z,C-Z,0.75,0.05,4.25,18.45,2.197183098591549,0.6338028169014085,1.9491126355013528,1.3153098185999443,8.910238112374262,9,9,0.45,127.8,0.0,True,REORDENAR,0.6617647058823529
MASS0734,0.014084507042253521,0.16783627165933782,11.916375287812984,142,10.58,2.0,3.28,0.0,,1.0,0.05,3.28,C,Z,C-Z,0.75,0.05,4.25,7.529999999999999,0.7323943661971831,0.2112676056338028,0.6497042118337841,0.4384366061999813,8.052474901024102,9,9,0.45,29.52,0.0,True,REORDENAR,0.6617647058823529
MASS2539,0.04225352112676056,0.5035088149780136,11.916375287812988,142,85.2,6.0,14.2,0.0,,1.0,0.05,14.2,C,Z,C-Z,0.75,0.05,4.25,18.45,2.197183098591549,0.6338028169014085,1.9491126355013528,1.3153098185999443,8.910238112374262,9,9,0.45,127.8,0.0,True,REORDENAR,0.6617647058823529
MASS1052,0.014084507042253521,0.16783627165933782,11.916375287812984,142,3.18,2.0,1.91,0.0,,1.0,0.05,1.91,C,Z,C-Z,0.75,0.05,4.25,6.16,0.7323943661971831,0.2112676056338028,0.6497042118337841,0.4384366061999813,8.903002838657848,9,9,0.45,17.189999999999998,0.0,True,REORDENAR,0.6617647058823529
MASS1396,0.09859154929577464,0.5991703383814692,6.077299146440616,142,900.77,14.0,42.89875,0.0,,1.0,0.05,42.89875,B,Z,B-Z,0.85,0.05,4.25,47.14875,5.126760563380281,1.4788732394366195,3.883996457824413,2.4051232183877933,8.514140180179927,9,9,0.45,386.08875,0.0,True,REORDENAR,0.6617647058823529
MASS2547,0.04225352112676056,0.5035088149780136,11.916375287812988,142,103.2,6.0,17.2,0.0,,1.0,0.05,17.2,C,Z,C-Z,0.75,0.05,4.25,21.45,2.197183098591549,0.6338028169014085,1.9491126355013528,1.3153098185999443,8.263686767584087,9,9,0.45,154.79999999999998,0.0,True,REORDENAR,0.6617647058823529
MASS2415,0.6971830985915493,5.671865912623124,8.13540363224731,142,1453.28,99.0,4.32,29.0,4.8,8.0,0.05,4.8,B,Z,B-Z,0.85,0.00625,0.53125,5.33125,36.25352112676056,10.457746478873238,33.22512250566696,22.76737602679372,67.33098116066327,9,72,0.45,345.59999999999997,29.0,True,REORDENAR,0.6617647058823529
MASS2538,0.04225352112676056,0.5035088149780136,11.916375287812988,142,85.2,6.0,14.2,0.0,,1.0,0.05,14.2,C,Z,C-Z,0.75,0.05,4.25,18.45,2.197183098591549,0.6338028169014085,1.9491126355013528,1.3153098185999443,8.910238112374262,9,9,0.45,127.8,0.0,True,REORDENAR,0.6617647058823529
MASS0690,0.02112676056338028,0.14431593883136795,6.830954438018083,142,46.33,3.0,4.916666666666667,0.0,,1.0,0.05,4.916666666666667,C,Z,C-Z,0.75,0.05,4.25,9.166666666666668,1.0985915492957745,0.31690140845070425,0.693896141569043,0.37699473311833875,8.938543909469308,9,9,0.45,44.25,0.0,True,REORDENAR,0.6617647058823529
MASS1830,1.9577464788732395,4.2189596368702915,2.1550081598402206,142,4056.2,278.0,5.304465408805032,33.0,3.1,12.0,0.03746875,3.1,A,Z,A-Z,0.9,0.0031223958333333334,0.2654036458333333,3.365403645833333,101.80281690140845,29.366197183098592,50.30669902993137,20.94050184683278,142.00894061950018,12,144,0.44962500000000005,446.40000000000003,33.0,True,REORDENAR,0.6612132352941177
MASS2127,0.8732394366197183,3.831299161043477,4.387455490872369,142,3526.39,124.0,13.703333333333335,12.0,11.5,1.0,0.0089304,11.5,A,Z,A-Z,0.9,0.0089304,0.759084,12.259084,45.40845070422535,13.098591549295774,32.114968586056314,19.016377036760538,49.6928267713988,50,50,0.44652,575.0,12.0,True,REORDENAR,0.6566470588235294
MASS0994,4.640845070422535,10.005914243494546,2.156054358992755,142,4161.58,659.0,2.877555555555556,0.0,2.2,40.0,0.06279,2.2,A,Z,A-Z,0.9,0.00156975,0.13342874999999998,2.3334287500000004,241.3239436619718,69.61267605633803,119.27630968393554,49.663633627597505,262.5773766992721,7,280,0.43953,616.0,0.0,True,REORDENAR,0.6463676470588234
MASS1862,0.5563380281690141,3.558078706761296,6.395533877976,142,1868.43,79.0,6.223411764705882,0.0,5.2,30.0,0.219375,5.2,B,Z,B-Z,0.85,0.0073124999999999996,0.6215625,5.821562500000001,28.929577464788736,8.345070422535212,22.627515934773655,14.282445512238443,57.557991875445374,2,60,0.43875,312.0,0.0,True,REORDENAR,0.645220588235294
MASS1795,7.049295774647887,13.992565130567503,1.9849592892513341,142,5550.86,1001.0,1.4275710594315245,167.0,1.02,100.0,0.087556,1.02,A,Z,A-Z,0.9,0.0008755599999999999,0.07442259999999999,1.0944226,366.5633802816901,105.7394366197183,175.19052437080626,69.45108775108795,472.53761227109425,5,500,0.43777999999999995,510.0,167.0,True,REORDENAR,0.6437941176470587
MASS1203,7.225352112676056,20.414983499713557,2.8254655525919348,142,5188.34,1026.0,2.313438596491228,0.0,2.05,50.0,0.062208,2.05,A,Z,A-Z,0.9,0.00124416,0.1057536,2.1557535999999997,375.71830985915494,108.38028169014083,209.70857977168885,101.32829808154801,340.8678100764897,7,350,0.435456,717.4999999999999,0.0,True,REORDENAR,0.6403764705882353
MASS0825,10.119718309859154,22.42575849088987,2.216045724221546,142,10659.17,1437.0,3.5992857142857146,263.0,3.27,60.0,0.07191,3.27,AA,Z,AA-Z,0.95,0.0011985000000000001,0.1018725,3.3718725,526.225352112676,151.7957746478873,294.6588606472087,142.8630859993214,322.55567111424944,6,360,0.43146,1177.2,263.0,True,REORDENAR,0.6345
MASS1553,1.1549295774647887,3.948778022039973,3.4190638971321716,142,897.36,164.0,3.2946875,0.0,2.25,72.0,0.21420025,2.25,B,Z,B-Z,0.85,0.002975003472222222,0.2528752951388889,2.502875295138889,60.056338028169016,17.323943661971832,33.17469109837312,15.850747436401285,126.47776668806868,2,144,0.4284005,324.0,0.0,True,REORDENAR,0.6300007352941177
MASS1975,2.5211267605633805,5.853674738253279,2.3218486391954345,142,1817.03,358.0,2.024385964912281,1.0,1.38,80.0,0.10668875,1.38,B,Z,B-Z,0.85,0.001333609375,0.113356796875,1.493356796875,131.09859154929578,37.816901408450704,61.314074289027445,23.49717288057674,241.91989868925643,4,320,0.426755,441.59999999999997,1.0,True,REORDENAR,0.6275808823529412
MASS2186,0.6338028169014085,2.8570650844902508,4.507813799973507,142,1308.89,90.0,8.821904761904763,0.0,4.8,8.0,0.053295,4.8,B,Z,B-Z,0.85,0.006661875,0.566259375,5.366259375,32.95774647887324,9.507042253521128,20.975556515616823,11.468514262095695,63.98781709186076,8,64,0.42636,307.2,0.0,True,REORDENAR,0.627
MASS0944,1.591549295774648,5.1172839227249876,3.215284588614815,142,1683.94,226.0,2.8798013245033114,1.0,1.78,40.0,0.084,1.78,B,Z,B-Z,0.85,0.0021000000000000003,0.17850000000000002,1.9585000000000001,82.7605633802817,23.87323943661972,44.41447385565831,20.541234419038588,167.84341286864472,5,200,0.42000000000000004,356.0,1.0,True,REORDENAR,0.6176470588235294
MASS0182,3.9788732394366195,13.974885431905395,3.51227209085056,142,2551.01,565.0,2.040736842105263,0.0,1.9,50.0,0.0694025,1.9,A,Z,A-Z,0.9,0.00138805,0.11798425,2.01798425,206.90140845070422,59.683098591549296,129.04643443355286,69.36333584200356,261.4431140975149,6,300,0.41641500000000004,570.0,0.0,True,REORDENAR,0.6123750000000001
MASS1556,3.3732394366197185,9.428047153019998,2.7949534357595818,142,4389.34,479.0,5.4739823008849555,0.0,5.0,30.0,0.08256,5.0,A,Z,A-Z,0.9,0.0027519999999999997,0.23391999999999996,5.23392,175.40845070422537,50.598591549295776,97.39402355449454,46.79543200519876,149.4741480261001,5,150,0.41279999999999994,750.0,0.0,True,REORDENAR,0.6070588235294117
MASS2358,0.6619718309859155,1.9853624780915056,2.9991645945637635,142,1300.51,94.0,5.518571428571429,11.0,3.48,20.0,0.101802,3.48,B,Z,B-Z,0.85,0.0050901,0.4326585,3.9126585,34.42253521126761,9.929577464788732,17.898999659272796,7.969422194484064,76.58431371199629,4,80,0.407208,278.4,11.0,True,REORDENAR,0.598835294117647
MASS2191,0.8169014084507042,3.0956838365283175,3.789544006784664,142,1518.65,116.0,5.545352112676056,0.0,3.2,24.0,0.101601,3.2,B,Z,B-Z,0.85,0.004233375,0.359836875,3.5598368750000002,42.47887323943662,12.253521126760564,24.67987235792212,12.426351231161558,89.191982243885,4,96,0.406404,307.20000000000005,0.0,True,REORDENAR,0.5976529411764706
MASS1125,4.746478873239437,8.917618722727926,1.8787861403966846,142,4793.11,674.0,3.6138028169014085,0.0,2.8,40.0,0.06768,2.8,A,Z,A-Z,0.9,0.0016920000000000001,0.14382,2.9438199999999997,246.81690140845072,71.19718309859155,115.45914040690127,44.26195730830972,236.42107765551737,6,240,0.40608,672.0,0.0,True,REORDENAR,0.5971764705882353
MASS0025,5.908450704225352,12.248551762461329,2.0730564365548374,142,5713.61,839.0,3.549323671497585,1.0,3.3,30.0,0.045,3.3,A,Z,A-Z,0.9,0.0015,0.1275,3.4274999999999998,307.2394366197183,88.62676056338029,149.42156375640593,60.79480319302564,244.45792370843736,9,270,0.40499999999999997,891.0,1.0,True,REORDENAR,0.5955882352941176
MASS1343,6.563380281690141,15.475656834205937,2.3578790455549816,142,5822.38,932.0,2.7996271186440675,3.0,2.44,100.0,0.101088,2.44,A,Z,A-Z,0.9,0.00101088,0.0859248,2.5259248,341.29577464788736,98.45070422535211,175.2630106730241,76.81230644767199,300.13014484082555,4,400,0.404352,976.0,3.0,True,REORDENAR,0.594635294117647
MASS2020,2.1338028169014085,5.885706780096048,2.7583180289559035,142,8421.71,303.0,9.284323144104803,0.0,8.85,40.0,0.13420125,8.85,AA,Z,AA-Z,0.95,0.00335503125,0.28517765625,9.135177656249999,110.95774647887325,32.00704225352113,69.50188258336922,37.494840329848095,89.98594576131094,3,120,0.40260375,1062.0,0.0,True,REORDENAR,0.592064338235294
MASS1788,10.93661971830986,26.198699222956236,2.395502440218793,142,16427.57,1553.0,4.474106870229008,0.0,3.8,48.0,0.05751,3.8,AA,Z,AA-Z,0.95,0.001198125,0.101840625,3.9018406249999997,568.7042253521128,164.0492957746479,330.94786563483876,166.89856986019086,311.7186845637167,7,336,0.40257,1276.8,0.0,True,REORDENAR,0.5920147058823529
MASS0989,0.014084507042253521,0.16783627165933782,11.916375287812984,142,5.08,2.0,4.98,0.0,,1.0,0.05,4.98,C,Z,C-Z,0.75,0.05,4.25,9.23,0.7323943661971831,0.2112676056338028,0.6497042118337841,0.4384366061999813,7.273208161891863,8,8,0.4,39.84,0.0,True,REORDENAR,0.5882352941176471
MASS2535,0.04225352112676056,0.5035088149780136,11.916375287812988,142,124.2,6.0,20.7,0.0,,1.0,0.05,20.7,C,Z,C-Z,0.75,0.05,4.25,24.95,2.197183098591549,0.6338028169014085,1.9491126355013528,1.3153098185999443,7.6621777080824165,8,8,0.4,165.6,0.0,True,REORDENAR,0.5882352941176471
MASS0992,3.0,7.193377569060575,2.3977925230201915,142,7206.29,426.0,6.098243243243243,0.0,4.9,20.0,0.05,4.9,A,Z,A-Z,0.9,0.0025,0.2125,5.112500000000001,156.0,45.0,80.70381071045776,35.70381071045776,142.62642913747982,8,160,0.4,784.0,0.0,True,REORDENAR,0.5882352941176471
MASS0505,0.15492957746478872,0.6662669863749469,4.300450548420112,142,2039.14,22.0,83.71428571428571,0.0,,1.0,0.05,83.71428571428571,B,Z,B-Z,0.85,0.05,4.25,87.96428571428571,8.056338028169014,2.323943661971831,4.998398814248454,2.6744551522766233,7.8139390666709065,8,8,0.4,669.7142857142857,0.0,True,REORDENAR,0.5882352941176471
MASS2541,0.04225352112676056,0.5035088149780136,11.916375287812988,142,142.2,6.0,23.7,0.0,,1.0,0.05,23.7,C,Z,C-Z,0.75,0.05,4.25,27.95,2.197183098591549,0.6338028169014085,1.9491126355013528,1.3153098185999443,7.239300246860821,8,8,0.4,189.6,0.0,True,REORDENAR,0.5882352941176471
MASS2545,0.04225352112676056,0.5035088149780136,11.916375287812988,142,133.2,6.0,22.2,0.0,,1.0,0.05,22.2,C,Z,C-Z,0.75,0.05,4.25,26.45,2.197183098591549,0.6338028169014085,1.9491126355013528,1.3153098185999443,7.441742819822811,8,8,0.4,177.6,0.0,True,REORDENAR,0.5882352941176471
MASS2551,0.04225352112676056,0.5035088149780136,11.916375287812988,142,145.2,6.0,24.2,0.0,,1.0,0.05,24.2,C,Z,C-Z,0.75,0.05,4.25,28.45,2.197183098591549,0.6338028169014085,1.9491126355013528,1.3153098185999443,7.175404025646268,8,8,0.4,193.6,0.0,True,REORDENAR,0.5882352941176471
MASS0308,0.014084507042253521,0.16783627165933782,11.916375287812984,142,60.0,2.0,5.423333333333333,0.0,,1.0,0.05,5.423333333333333,C,Z,C-Z,0.75,0.05,4.25,9.673333333333332,0.7323943661971831,0.2112676056338028,0.6497042118337841,0.4384366061999813,7.104586254248113,8,8,0.4,43.38666666666666,0.0,True,REORDENAR,0.5882352941176471
MASS2552,0.04225352112676056,0.5035088149780136,11.916375287812988,142,148.2,6.0,24.7,0.0,,1.0,0.05,24.7,C,Z,C-Z,0.75,0.05,4.25,28.95,2.197183098591549,0.6338028169014085,1.9491126355013528,1.3153098185999443,7.11317037816619,8,8,0.4,197.6,0.0,True,REORDENAR,0.5882352941176471
MASS2437,0.07042253521126761,0.3886307537380102,5.518556703079745,142,811.05,10.0,35.73,0.0,,1.0,0.05,35.73,B,Z,B-Z,0.85,0.05,4.25,39.98,3.6619718309859155,1.0563380281690142,2.6163365616740983,1.559998533505084,7.814307106042035,8,8,0.4,285.84,0.0,True,REORDENAR,0.5882352941176471
MASS2524,0.04225352112676056,0.5035088149780136,11.916375287812988,142,130.2,6.0,21.7,0.0,,1.0,0.05,21.7,C,Z,C-Z,0.75,0.05,4.25,25.95,2.197183098591549,0.6338028169014085,1.9491126355013528,1.3153098185999443,7.513093855597699,8,8,0.4,173.6,0.0,True,REORDENAR,0.5882352941176471
MASS0294,0.014084507042253521,0.16783627165933782,11.916375287812984,142,8.72,2.0,4.28,0.0,,1.0,0.05,4.28,C,Z,C-Z,0.75,0.05,4.25,8.530000000000001,0.7323943661971831,0.2112676056338028,0.6497042118337841,0.4384366061999813,7.565756373005721,8,8,0.4,34.24,0.0,True,REORDENAR,0.5882352941176471
MASS0638,0.02112676056338028,0.25175440748900674,11.916375287812986,142,24.0,3.0,8.42,0.0,,1.0,0.05,8.42,C,Z,C-Z,0.75,0.05,4.25,12.67,1.0985915492957745,0.31690140845070425,0.9745563177506763,0.6576549092999721,7.602985986530547,8,8,0.4,67.36,0.0,True,REORDENAR,0.5882352941176471
MASS1690,0.007042253521126761,0.08391813582966891,11.916375287812984,142,1.35,1.0,0.3,0.0,,1.0,0.05,0.3,C,Z,C-Z,0.75,0.05,4.25,4.55,0.36619718309859156,0.1056338028169014,0.32485210591689206,0.21921830309999066,7.324975421315116,8,8,0.4,2.4,0.0,True,REORDENAR,0.5882352941176471
MASS0845,0.007042253521126761,0.08391813582966891,11.916375287812984,142,8.99,1.0,0.4566666666666667,0.0,,1.0,0.05,0.4566666666666667,C,Z,C-Z,0.75,0.05,4.25,4.706666666666667,0.36619718309859156,0.1056338028169014,0.32485210591689206,0.21921830309999066,7.20203369825047,8,8,0.4,3.6533333333333338,0.0,True,REORDENAR,0.5882352941176471
MASS1246,0.07746478873239436,0.546736853243529,7.057875741871012,142,1073.4,11.0,47.30555555555556,0.0,,1.0,0.05,47.30555555555556,B,Z,B-Z,0.85,0.05,4.25,51.55555555555556,4.028169014084507,1.1619718309859155,3.356622359976387,2.1946505289904716,7.217228860408028,8,8,0.4,378.44444444444446,0.0,True,REORDENAR,0.5882352941176471
MASS0313,0.02112676056338028,0.25175440748900674,11.916375287812986,142,36.81,3.0,8.18,0.0,,1.0,0.05,8.18,C,Z,C-Z,0.75,0.05,4.25,12.43,1.0985915492957745,0.31690140845070425,0.9745563177506763,0.6576549092999721,7.676034767402813,8,8,0.4,65.44,0.0,True,REORDENAR,0.5882352941176471
MASS1740,3.852112676056338,12.757390950885643,3.311790703886218,142,1503.98,547.0,1.709,87.0,0.9,50.0,0.05,0.9,B,Z,B-Z,0.85,0.001,0.085,0.985,200.30985915492957,57.78169014084507,108.99099610366898,51.209305962823905,368.2030808321692,8,400,0.4,360.0,87.0,True,REORDENAR,0.5882352941176471
MASS0909,0.014084507042253521,0.11825657242363517,8.396216642078096,142,18.17,2.0,3.6500000000000004,0.0,,1.0,0.05,3.6500000000000004,C,Z,C-Z,0.75,0.05,4.25,7.9,0.7323943661971831,0.2112676056338028,0.520187779811041,0.3089201741772382,7.861643069142591,8,8,0.4,29.200000000000003,0.0,True,REORDENAR,0.5882352941176471
MASS0781,7.190140845070423,13.513813840623566,1.8794922285686055,142,2253.11,1021.0,0.6874716981132075,0.0,0.47,200.0,0.1,0.47,A,Z,A-Z,0.9,0.0005,0.0425,0.5125,373.887323943662,107.85211267605635,174.926952931522,67.07484025546566,697.3933571241278,4,800,0.4,376.0,0.0,True,REORDENAR,0.5882352941176471
MASS2009,0.056338028169014086,0.2861990550490653,5.080033227120909,142,590.69,8.0,32.9075,0.0,,1.0,0.05,32.9075,C,Z,C-Z,0.75,0.05,4.25,37.1575,2.9295774647887325,0.8450704225352113,1.5927046564989191,0.7476342339637079,7.249926778124379,8,8,0.4,263.26,0.0,True,REORDENAR,0.5882352941176471
MASS2008,0.04225352112676056,0.23439190787413167,5.547275153021117,142,396.38,6.0,24.57875,0.0,,1.0,0.05,24.57875,C,Z,C-Z,0.75,0.05,4.25,28.82875,2.197183098591549,0.6338028169014085,1.246101884278573,0.6122990673771644,7.128113220798201,8,8,0.4,196.63,0.0,True,REORDENAR,0.5882352941176471
MASS2527,0.04225352112676056,0.5035088149780136,11.916375287812988,142,115.2,6.0,19.2,0.0,,1.0,0.05,19.2,C,Z,C-Z,0.75,0.05,4.25,23.45,2.197183098591549,0.6338028169014085,1.9491126355013528,1.3153098185999443,7.903438382654506,8,8,0.4,153.6,0.0,True,REORDENAR,0.5882352941176471
MASS0685,0.028169014084507043,0.23651314484727035,8.396216642078096,142,66.32,4.0,11.05,0.0,,1.0,0.05,11.05,C,Z,C-Z,0.75,0.05,4.25,15.3,1.4647887323943662,0.4225352112676056,1.040375559622082,0.6178403483544764,7.989068600143183,8,8,0.4,88.4,0.0,True,REORDENAR,0.5882352941176471
MASS2558,0.04225352112676056,0.5035088149780136,11.916375287812988,142,118.2,6.0,19.7,0.0,,1.0,0.05,19.7,C,Z,C-Z,0.75,0.05,4.25,23.95,2.197183098591549,0.6338028169014085,1.9491126355013528,1.3153098185999443,7.820503890547029,8,8,0.4,157.6,0.0,True,REORDENAR,0.5882352941176471
MASS2534,0.04225352112676056,0.5035088149780136,11.916375287812988,142,118.2,6.0,19.7,0.0,,1.0,0.05,19.7,C,Z,C-Z,0.75,0.05,4.25,23.95,2.197183098591549,0.6338028169014085,1.9491126355013528,1.3153098185999443,7.820503890547029,8,8,0.4,157.6,0.0,True,REORDENAR,0.5882352941176471
MASS0720,0.02112676056338028,0.1871135680914126,8.856708889660197,142,73.6,3.0,7.989999999999999,0.0,,1.0,0.05,7.989999999999999,C,Z,C-Z,0.75,0.05,4.25,12.239999999999998,1.0985915492957745,0.31690140845070425,0.8056958564975594,0.4887944480468551,7.735382410015786,8,8,0.4,63.919999999999995,0.0,True,REORDENAR,0.5882352941176471
MASS2122,0.06338028169014084,0.522063401116891,8.237000328733169,142,463.9,9.0,39.61666666666667,0.0,,1.0,0.05,39.61666666666667,C,Z,C-Z,0.75,0.05,4.25,43.86666666666667,3.295774647887324,0.9507042253521126,2.314483958683519,1.3637797333314063,7.077270703187094,8,8,0.4,316.93333333333334,0.0,True,REORDENAR,0.5882352941176471
MASS1851,0.056338028169014086,0.3723539818015381,6.609283176977302,142,560.64,8.0,33.8175,0.0,,1.0,0.05,33.8175,C,Z,C-Z,0.75,0.05,4.25,38.0675,2.9295774647887325,0.8450704225352113,1.8177661007225616,0.9726956781873504,7.1627482197339765,8,8,0.4,270.54,0.0,True,REORDENAR,0.5882352941176471
MASS0432,0.028169014084507043,0.33567254331867563,11.916375287812984,142,89.84,4.0,13.42,0.0,,1.0,0.05,13.42,C,Z,C-Z,0.75,0.05,4.25,17.67,1.4647887323943662,0.4225352112676056,1.2994084236675683,0.8768732123999626,7.434017703691775,8,8,0.4,107.36,0.0,True,REORDENAR,0.5882352941176471
MASS1277,0.007042253521126761,0.08391813582966891,11.916375287812984,142,3.05,1.0,0.52,0.0,,1.0,0.05,0.52,C,Z,C-Z,0.75,0.05,4.25,4.77,0.36619718309859156,0.1056338028169014,0.32485210591689206,0.21921830309999066,7.15406168663336,8,8,0.4,4.16,0.0,True,REORDENAR,0.5882352941176471
MASS1739,4.063380281690141,11.454637506597566,2.818992245991082,142,1929.34,577.0,1.5485365853658537,8.0,0.85,50.0,0.05,0.85,B,Z,B-Z,0.85,0.001,0.085,0.9349999999999999,211.29577464788733,60.95070422535211,106.93064158298802,45.979937357635905,388.1449778280152,8,400,0.4,340.0,8.0,True,REORDENAR,0.5882352941176471
MASS1787,6.091549295774648,23.212525638517434,3.8106111452826306,142,14327.99,865.0,9.010934065934066,12.0,8.65,40.0,0.099572,8.65,AA,Z,AA-Z,0.95,0.0024893,0.2115905,8.8615905,316.7605633802817,91.37323943661971,239.24841823621887,147.87517879959915,154.3704198267414,4,160,0.398288,1384.0,12.0,True,REORDENAR,0.5857176470588235
MASS2350,0.14788732394366197,1.0447245597064234,7.06432797515772,142,650.36,21.0,9.250454545454545,0.0,5.2,12.0,0.1327185,5.2,C,Z,C-Z,0.75,0.011059874999999999,0.9400893749999999,6.1400893750000005,7.690140845070422,2.2183098591549295,4.947430840233217,2.7291209810782875,28.89576329745489,3,36,0.3981555,187.20000000000002,0.0,True,REORDENAR,0.5855227941176471
MASS2211,4.654929577464789,15.990709082006342,3.4352204079347963,142,34254.47,661.0,22.20850899742931,44.0,21.8,20.0,0.079002,21.8,AA,Z,AA-Z,0.95,0.0039501,0.33575849999999996,22.1357585,242.05633802816902,69.82394366197184,171.6926072213711,101.86866355939927,85.38181760804943,5,100,0.39501000000000003,2180.0,44.0,True,REORDENAR,0.5808970588235295
MASS1919,3.1901408450704225,6.6149766660267755,2.0735688445381943,142,4881.83,453.0,2.838507462686567,1.0,2.28,100.0,0.1285551,2.28,A,Z,A-Z,0.9,0.001285551,0.109271835,2.3892718349999997,165.88732394366198,47.852112676056336,80.68507222398105,32.832959547924716,215.1434800635065,3,300,0.3856653,683.9999999999999,1.0,True,REORDENAR,0.5671548529411765
MASS2065,1.943661971830986,7.029597657934935,3.6166770558940606,142,3123.22,276.0,4.048235294117647,42.0,3.8,40.0,0.095312,3.8,A,Z,A-Z,0.9,0.0023828,0.202538,4.0025379999999995,101.07042253521126,29.15492957746479,64.04583051238728,34.89090093492249,129.74740460877433,4,160,0.381248,608.0,42.0,True,REORDENAR,0.5606588235294118
MASS1445,1.028169014084507,4.723479397289854,4.594069002843557,142,527.79,146.0,2.4642857142857144,0.0,1.8,48.0,0.126405,1.8,C,Z,C-Z,0.75,0.0026334375,0.22384218749999998,2.0238421875,53.46478873239437,15.422535211267604,27.761621726527885,12.33908651526028,132.7088774693543,3,144,0.37921499999999997,259.2,0.0,True,REORDENAR,0.5576691176470588
MASS0920,1.1338028169014085,3.630502911921045,3.2020584688993066,142,794.59,161.0,2.9878000000000005,0.0,1.8,48.0,0.126405,1.8,B,Z,B-Z,0.85,0.0026334375,0.22384218749999998,2.0238421875,58.95774647887324,17.007042253521128,31.580204989635384,14.573162736114256,139.35946993463094,3,144,0.37921499999999997,259.2,0.0,True,REORDENAR,0.5576691176470588
MASS0634,23.197183098591548,58.455079369251806,2.519921454290758,142,14960.75,3294.0,1.9409027777777779,1.0,1.8,100.0,0.053406,1.8,AA,Z,AA-Z,0.95,0.00053406,0.0453951,1.8453951,1206.2535211267605,347.9577464788732,720.3452862099854,372.38753973111216,660.1292642990285,7,700,0.373842,1260.0,1.0,True,REORDENAR,0.5497676470588235
MASS1644,4.838028169014085,10.066190391211,2.0806390619388093,142,2552.63,687.0,1.1854515050167225,0.0,0.8,96.0,0.074529,0.8,A,Z,A-Z,0.9,0.00077634375,0.06598921875,0.86598921875,251.5774647887324,72.57042253521128,122.53323247432067,49.96280993910939,440.08239556431994,5,480,0.372645,384.0,0.0,True,REORDENAR,0.5480073529411764
MASS1295,1.8380281690140845,4.485812661407455,2.440557080152715,142,2254.48,261.0,3.876833333333333,0.0,2.9,32.0,0.07395,2.9,A,Z,A-Z,0.9,0.0023109375,0.1964296875,3.0964296874999997,95.5774647887324,27.570422535211268,49.8354301214018,22.26500758619053,143.45031704440007,5,160,0.36975,464.0,0.0,True,REORDENAR,0.5437500000000001
MASS2243,1.4295774647887325,5.622142000275485,3.9327298721138857,142,2455.06,203.0,3.755,0.0,2.65,50.0,0.1225,2.65,A,Z,A-Z,0.9,0.00245,0.20825,2.85825,74.3380281690141,21.443661971830988,49.34875826880807,27.90509629697708,131.67695741063443,3,150,0.3675,397.5,0.0,True,REORDENAR,0.5404411764705882
MASS0461,4.528169014084507,12.861892508228227,2.840417941163932,142,5554.64,643.0,2.623292978208233,1.0,1.88,100.0,0.121512,1.88,A,Z,A-Z,0.9,0.0012151199999999999,0.1032852,1.9832851999999999,235.46478873239437,67.9225352112676,131.76161095604425,63.83907574477665,281.33565188807006,3,300,0.36453599999999997,564.0,1.0,True,REORDENAR,0.5360823529411765
MASS0612,2.4225352112676055,5.833777827436192,2.4081292194649397,142,996.17,344.0,1.6583098591549295,4.0,1.5,100.0,0.1215,1.5,B,Z,B-Z,0.85,0.001215,0.10327499999999999,1.603275,125.97183098591549,36.33802816901408,59.75533307363321,23.41730490461913,228.86905745070808,3,300,0.3645,450.0,4.0,True,REORDENAR,0.5360294117647059
MASS0611,2.556338028169014,6.468170456013597,2.530248497944713,142,1220.82,363.0,1.689108910891089,0.0,1.5,100.0,0.1215,1.5,B,Z,B-Z,0.85,0.001215,0.10327499999999999,1.603275,132.92957746478874,38.34507042253521,64.30888396222326,25.963813539688054,235.10462478876264,3,300,0.3645,450.0,0.0,True,REORDENAR,0.5360294117647059
MASS1687,2.859154929577465,5.332346827152792,1.865008003585459,142,3318.37,406.0,3.5591194968553457,0.0,3.0,75.0,0.12126,3.0,A,Z,A-Z,0.9,0.0016168,0.137428,3.137428,148.6760563380282,42.887323943661976,69.35404280157906,26.46671885791708,177.74115698876938,3,225,0.36378,675.0,0.0,True,REORDENAR,0.5349705882352941
MASS0012,0.04929577464788732,0.3827386343858213,7.764126583255233,142,292.70000000000005,7.0,33.577999999999996,0.0,,1.0,0.05,33.577999999999996,C,Z,C-Z,0.75,0.05,4.25,37.827999999999996,2.5633802816901405,0.7394366197183098,1.7392599967672053,0.9998233770488956,6.721314233521074,7,7,0.35000000000000003,235.04599999999996,0.0,True,REORDENAR,0.5147058823529412
MASS1852,0.06338028169014084,0.3806450056386535,6.005732311187645,142,620.31,9.0,44.709999999999994,0.0,,1.0,0.05,44.709999999999994,C,Z,C-Z,0.75,0.05,4.25,48.959999999999994,3.295774647887324,0.9507042253521126,1.9450584420492212,0.9943542166971086,6.699037675060966,7,7,0.35000000000000003,312.96999999999997,0.0,True,REORDENAR,0.5147058823529412
MASS0924,0.007042253521126761,0.08391813582966891,11.916375287812984,142,1.59,1.0,2.49,0.0,,1.0,0.05,2.49,C,Z,C-Z,0.75,0.05,4.25,6.74,0.36619718309859156,0.1056338028169014,0.32485210591689206,0.21921830309999066,6.018412098206383,7,7,0.35000000000000003,17.43,0.0,True,REORDENAR,0.5147058823529412
MASS0649,0.028169014084507043,0.26480722204778795,9.400656382696472,142,114.8,4.0,18.9,0.0,,1.0,0.05,18.9,C,Z,C-Z,0.75,0.05,4.25,23.15,1.4647887323943662,0.4225352112676056,1.114287825789042,0.6917526145214364,6.494808764674028,7,7,0.35000000000000003,132.29999999999998,0.0,True,REORDENAR,0.5147058823529412
MASS1394,0.02112676056338028,0.1871135680914126,8.856708889660197,142,52.67,3.0,14.913333333333334,0.0,,1.0,0.05,14.913333333333334,C,Z,C-Z,0.75,0.05,4.25,19.163333333333334,1.0985915492957745,0.31690140845070425,0.8056958564975594,0.4887944480468551,6.182113447341179,7,7,0.35000000000000003,104.39333333333335,0.0,True,REORDENAR,0.5147058823529412
MASS1543,4.035211267605634,8.281751255366142,2.0523711662512953,142,1744.84,573.0,0.9885185185185186,50.0,0.8,60.0,0.05,0.8,B,Z,B-Z,0.85,0.0008333333333333334,0.07083333333333333,0.8708333333333333,209.83098591549296,60.52816901408451,93.77185775708755,33.243688743003034,400.7944129680529,7,420,0.35000000000000003,336.0,50.0,True,REORDENAR,0.5147058823529412
MASS0923,0.007042253521126761,0.08391813582966891,11.916375287812984,142,1.59,1.0,1.7,0.0,,1.0,0.05,1.7,C,Z,C-Z,0.75,0.05,4.25,5.95,0.36619718309859156,0.1056338028169014,0.32485210591689206,0.21921830309999066,6.405505187393462,7,7,0.35000000000000003,11.9,0.0,True,REORDENAR,0.5147058823529412
MASS1604,0.7676056338028169,2.784622140881194,3.627672880781005,142,2069.39,109.0,10.971363636363636,0.0,5.12,10.0,0.05,5.12,B,Z,B-Z,0.85,0.005,0.425,5.545,39.91549295774648,11.514084507042254,22.691806327454078,11.177721820411824,69.27465057026039,7,70,0.35000000000000003,358.40000000000003,0.0,True,REORDENAR,0.5147058823529412
MASS1679,0.06338028169014084,0.4162444169522177,6.567411911912768,142,480.31,9.0,42.18857142857143,0.0,,1.0,0.05,42.18857142857143,C,Z,C-Z,0.75,0.05,4.25,46.43857142857143,3.295774647887324,0.9507042253521126,2.0380543417121766,1.087350116360064,6.878499328158571,7,7,0.35000000000000003,295.32,0.0,True,REORDENAR,0.5147058823529412
MASS0922,0.007042253521126761,0.08391813582966891,11.916375287812984,142,1.59,1.0,2.49,0.0,,1.0,0.05,2.49,C,Z,C-Z,0.75,0.05,4.25,6.74,0.36619718309859156,0.1056338028169014,0.32485210591689206,0.21921830309999066,6.018412098206383,7,7,0.35000000000000003,17.43,0.0,True,REORDENAR,0.5147058823529412
MASS0436,0.02112676056338028,0.25175440748900674,11.916375287812986,142,39.84,3.0,15.58,0.0,,1.0,0.05,15.58,C,Z,C-Z,0.75,0.05,4.25,19.83,1.0985915492957745,0.31690140845070425,0.9745563177506763,0.6576549092999721,6.07730650634155,7,7,0.35000000000000003,109.06,0.0,True,REORDENAR,0.5147058823529412
MASS0444,0.014084507042253521,0.16783627165933782,11.916375287812984,142,21.12,2.0,8.45,0.0,,1.0,0.05,8.45,C,Z,C-Z,0.75,0.05,4.25,12.7,0.7323943661971831,0.2112676056338028,0.6497042118337841,0.4384366061999813,6.2004756662728,7,7,0.35000000000000003,59.14999999999999,0.0,True,REORDENAR,0.5147058823529412
MASS0484,0.04225352112676056,0.35476971727090556,8.396216642078098,142,209.2,6.0,26.866666666666664,0.0,,1.0,0.05,26.866666666666664,C,Z,C-Z,0.75,0.05,4.25,31.116666666666664,2.197183098591549,0.6338028169014085,1.560563339433123,0.9267605225317146,6.8610559597279535,7,7,0.35000000000000003,188.06666666666663,0.0,True,REORDENAR,0.5147058823529412
MASS1568,0.035211267605633804,0.345425461388831,9.8100831034428,142,184.0,5.0,29.08,0.0,,1.0,0.05,29.08,C,Z,C-Z,0.75,0.05,4.25,33.33,1.8309859154929577,0.5281690140845071,1.4305196531274103,0.9023506390429031,6.051725427340863,7,7,0.35000000000000003,203.56,0.0,True,REORDENAR,0.5147058823529412
MASS1197,0.007042253521126761,0.08391813582966891,11.916375287812984,142,5.0,1.0,1.65,0.0,,1.0,0.05,1.65,C,Z,C-Z,0.75,0.05,4.25,5.9,0.36619718309859156,0.1056338028169014,0.32485210591689206,0.21921830309999066,6.432589896729145,7,7,0.35000000000000003,11.549999999999999,0.0,True,REORDENAR,0.5147058823529412
MASS0371,0.007042253521126761,0.08391813582966891,11.916375287812984,142,5.52,1.0,1.63,0.0,,1.0,0.05,1.63,C,Z,C-Z,0.75,0.05,4.25,5.88,0.36619718309859156,0.1056338028169014,0.32485210591689206,0.21921830309999066,6.4435203887192225,7,7,0.35000000000000003,11.41,0.0,True,REORDENAR,0.5147058823529412
MASS0378,0.007042253521126761,0.08391813582966891,11.916375287812984,142,6.27,1.0,1.75,0.0,,1.0,0.05,1.75,C,Z,C-Z,0.75,0.05,4.25,6.0,0.36619718309859156,0.1056338028169014,0.32485210591689206,0.21921830309999066,6.378759746207997,7,7,0.35000000000000003,12.25,0.0,True,REORDENAR,0.5147058823529412
MASS2568,0.04225352112676056,0.5035088149780136,11.916375287812988,142,208.2,6.0,34.7,0.0,,1.0,0.05,34.7,C,Z,C-Z,0.75,0.05,4.25,38.95,2.197183098591549,0.6338028169014085,1.9491126355013528,1.3153098185999443,6.13244644653537,7,7,0.35000000000000003,242.90000000000003,0.0,True,REORDENAR,0.5147058823529412
MASS0756,0.014084507042253521,0.11825657242363517,8.396216642078096,142,9.05,2.0,7.48,0.0,,1.0,0.05,7.48,C,Z,C-Z,0.75,0.05,4.25,11.73,0.7323943661971831,0.2112676056338028,0.520187779811041,0.3089201741772382,6.451754922927377,7,7,0.35000000000000003,52.36,0.0,True,REORDENAR,0.5147058823529412
MASS2149,1.619718309859155,6.3141543060760705,3.898303962881748,142,1342.52,230.0,1.9275342465753427,1.0,0.85,40.0,0.05,0.85,B,Z,B-Z,0.85,0.00125,0.10625,0.9562499999999999,84.22535211267606,24.295774647887324,49.641353614712386,25.345578966825062,242.32044843547612,7,280,0.35000000000000003,238.0,1.0,True,REORDENAR,0.5147058823529412
MASS0501,0.02112676056338028,0.18711356809141264,8.856708889660199,142,194.65,3.0,16.062,0.0,,1.0,0.05,16.062,C,Z,C-Z,0.75,0.05,4.25,20.312,1.0985915492957745,0.31690140845070425,0.8056958564975594,0.4887944480468551,6.00476690560467,7,7,0.35000000000000003,112.43400000000001,0.0,True,REORDENAR,0.5147058823529412
MASS2528,0.04225352112676056,0.5035088149780136,11.916375287812988,142,163.2,6.0,27.2,0.0,,1.0,0.05,27.2,C,Z,C-Z,0.75,0.05,4.25,31.45,2.197183098591549,0.6338028169014085,1.9491126355013528,1.3153098185999443,6.824599506397013,7,7,0.35000000000000003,190.4,0.0,True,REORDENAR,0.5147058823529412
MASS2004,0.07042253521126761,0.3070769839934144,4.360493172706484,142,949.5600000000001,10.0,58.79299999999999,0.0,,1.0,0.05,58.79299999999999,B,Z,B-Z,0.85,0.05,4.25,63.04299999999999,3.6619718309859155,1.0563380281690142,2.288972450677502,1.232634422508488,6.222908772808664,7,7,0.35000000000000003,411.55099999999993,0.0,True,REORDENAR,0.5147058823529412
MASS1691,2.3098591549295775,4.50717803960873,1.9512782976354868,142,2250.6,328.0,1.8609583333333333,0.0,1.1,150.0,0.175,1.1,A,Z,A-Z,0.9,0.0011666666666666665,0.09916666666666665,1.1991666666666667,120.11267605633803,34.647887323943664,57.0189404237656,22.371053099821935,258.4098226567581,2,300,0.35,330.0,0.0,True,REORDENAR,0.5147058823529411
MASS0785,3.4577464788732395,23.798689766496352,6.882716796013201,142,992.97,491.0,0.940919540229885,0.0,0.68,200.0,0.11628,0.68,B,Z,B-Z,0.85,0.0005813999999999999,0.04941899999999999,0.729419,179.80281690140845,51.86619718309859,147.396262104581,95.53006492148242,405.38164466417095,3,600,0.34884,408.00000000000006,0.0,True,REORDENAR,0.513
MASS0786,6.73943661971831,26.675268003988386,3.9580857435385064,142,1883.61,957.0,0.8777717391304347,3.0,0.68,200.0,0.11628,0.68,B,Z,B-Z,0.85,0.0005813999999999999,0.04941899999999999,0.729419,350.4507042253521,101.09154929577466,208.1684560171867,107.07690672141206,565.951614456689,3,600,0.34884,408.00000000000006,3.0,True,REORDENAR,0.513
MASS0518,81.06338028169014,126.97021568368767,1.5663079338965902,142,31605.95,11511.0,0.8437116729424422,1.0,0.86,300.0,0.058032,0.86,AA,Z,AA-Z,0.95,0.00019344,0.0164424,0.8764424,4215.295774647888,1215.9507042253522,2024.8132829399092,808.862578714557,1790.633508764735,6,1800,0.348192,1548.0,1.0,True,REORDENAR,0.5120470588235294
MASS2043,1.5704225352112675,4.283231177947774,2.7274386873030667,142,825.24,223.0,1.5057281553398059,1.0,1.08,100.0,0.115506,1.08,B,Z,B-Z,0.85,0.00115506,0.0981801,1.1781801,81.6619718309859,23.556338028169012,40.749610284657095,17.193272256488083,214.96039927872832,3,300,0.346518,324.0,1.0,True,REORDENAR,0.5095852941176471
MASS1887,0.4154929577464789,1.3539695133984615,3.2587062864844327,142,504.75,59.0,2.7565853658536583,1.0,1.45,60.0,0.1724775,1.45,C,Z,C-Z,0.75,0.002874625,0.244343125,1.694343125,21.6056338028169,6.232394366197183,9.769352095796714,3.536957729599531,92.20133164441208,2,120,0.344955,174.0,1.0,True,REORDENAR,0.5072867647058824
MASS1735,8.183098591549296,24.074535476634697,2.941982820724722,142,3084.43,1162.0,0.5563812154696133,0.0,0.33,300.0,0.1148,0.33,A,Z,A-Z,0.9,0.0003826666666666667,0.03252666666666667,0.36252666666666666,425.5211267605634,122.74647887323944,242.23869923116777,119.49222035792833,884.5959673708762,3,900,0.3444,297.0,0.0,True,REORDENAR,0.5064705882352941
MASS1805,2.3380281690140845,5.144558957233273,2.2003836503829057,142,18339.99,332.0,23.25065359477124,0.0,23.8,16.0,0.086,23.8,AA,Z,AA-Z,0.95,0.005375,0.456875,24.256875,121.5774647887324,35.070422535211264,67.84378754912443,32.773365013913164,57.80474462263837,4,64,0.344,1523.2,0.0,True,REORDENAR,0.5058823529411764
MASS2348,0.352112676056338,1.8534888823134212,5.263908425770117,142,1266.83,50.0,7.718545454545455,0.0,5.6,16.0,0.113953125,5.6,B,Z,B-Z,0.85,0.0071220703125,0.6053759765625,6.205375976562499,18.309859154929576,5.28169014084507,12.721759951239274,7.4400698103942045,44.351960544708426,3,48,0.341859375,268.79999999999995,0.0,True,REORDENAR,0.5027343750000001
MASS1866,0.4225352112676056,5.035088149780135,11.916375287812986,142,870.0,60.0,8.93,0.0,5.8,20.0,0.113755125,5.8,B,Z,B-Z,0.85,0.00568775625,0.48345928125000004,6.28345928125,21.971830985915492,6.338028169014084,26.54932141890699,20.211293249892908,48.2823158499478,3,60,0.341265375,348.0,0.0,True,REORDENAR,0.5018608455882353
MASS0334,12.415492957746478,45.50336952027324,3.665047346499603,142,14892.51,1763.0,3.346533613445378,90.0,3.55,50.0,0.048735,3.55,AA,Z,AA-Z,0.95,0.0009747,0.0828495,3.6328495,645.6056338028169,186.23239436619718,476.11118690177756,289.8787925355804,344.20273986614205,7,350,0.34114500000000003,1242.5,90.0,True,REORDENAR,0.5016838235294119
MASS0423,10.183098591549296,37.946326356416336,3.7264027265637063,142,4636.03,1446.0,1.6818108108108107,1.0,1.4,100.0,0.067424,1.4,A,Z,A-Z,0.9,0.00067424,0.0573104,1.4573104,529.5211267605634,152.74647887323943,341.090332699847,188.34385382660759,492.1754924073603,5,500,0.33712,700.0,1.0,True,REORDENAR,0.49576470588235294
MASS0427,7.626760563380282,15.150595875709708,1.9865047223922239,142,4311.08,1083.0,1.6372119815668202,6.0,1.4,100.0,0.067424,1.4,A,Z,A-Z,0.9,0.00067424,0.0573104,1.4573104,396.59154929577466,114.40140845070422,189.6002982773125,75.19888982660828,425.9416081989461,5,500,0.33712,700.0,6.0,True,REORDENAR,0.49576470588235294
MASS1013,10.183098591549296,24.858356107048202,2.4411387048415247,142,3817.19,1446.0,0.6934722222222223,3.0,0.65,200.0,0.08386875,0.65,A,Z,A-Z,0.9,0.00041934375,0.03564421875,0.68564421875,529.5211267605634,152.74647887323943,276.12913639376063,123.3826575205212,717.5408113613938,4,800,0.335475,520.0,3.0,True,REORDENAR,0.4933455882352941
MASS2018,0.9859154929577465,2.7675575310810383,2.8070940672393387,142,2007.25,140.0,4.471485148514851,20.0,3.05,70.0,0.1677,3.05,B,Z,B-Z,0.85,0.0023957142857142857,0.20363571428571428,3.253635714285714,51.267605633802816,14.788732394366198,25.897955347904954,11.109222953538756,102.4923437872771,2,140,0.3354,427.0,20.0,True,REORDENAR,0.493235294117647
MASS2017,1.1690140845070423,3.031681019041855,2.593365690987611,142,2604.27,166.0,4.676220472440945,7.0,3.05,70.0,0.1677,3.05,A,Z,A-Z,0.9,0.0023957142857142857,0.20363571428571428,3.253635714285714,60.7887323943662,17.535211267605632,32.58274133246974,15.047530064864105,111.60443439767718,2,140,0.3354,427.0,7.0,True,REORDENAR,0.493235294117647
MASS0687,11.422535211267606,38.568410978960664,3.3765193335464945,142,1733.42,1622.0,0.4424666666666667,261.0,0.35,200.0,0.055614,0.35,B,Z,B-Z,0.85,0.00027807,0.02363595,0.37363595,593.9718309859155,171.33802816901408,326.1550723377844,154.81704416877034,1029.4682738420427,6,1200,0.333684,420.0,261.0,True,REORDENAR,0.4907117647058823
MASS1631,1.2535211267605635,8.966791862648597,7.153283396045509,142,1610.44,178.0,4.770125,0.0,4.05,20.0,0.055404,4.05,B,Z,B-Z,0.85,0.0027702,0.235467,4.285467,65.1830985915493,18.802816901408452,54.79631978668722,35.99350288527877,100.69845183776803,6,120,0.332424,486.0,0.0,True,REORDENAR,0.4888588235294118
MASS0793,3.140845070422535,8.43463944358041,2.685468163651162,142,3410.4700000000003,446.0,4.290089285714285,0.0,3.58,48.0,0.0814,3.58,A,Z,A-Z,0.9,0.0016958333333333333,0.14414583333333333,3.7241458333333335,163.3239436619718,47.112676056338024,88.97740054957555,41.864724493237524,170.98812889266884,4,192,0.3256,687.36,0.0,True,REORDENAR,0.4788235294117647
MASS1554,5.894366197183099,14.647492824690024,2.4849987826833733,142,4927.46,837.0,2.5739084507042254,0.0,2.18,120.0,0.10798525,2.18,A,Z,A-Z,0.9,0.0008998770833333334,0.07648955208333334,2.2564895520833335,306.50704225352115,88.41549295774648,161.1172670791094,72.70177412136293,300.9247688415963,3,360,0.32395575,784.8000000000001,0.0,True,REORDENAR,0.4764055147058823
MASS0700,6.71830985915493,9.689041991436358,1.4421844473626444,142,2340.33,954.0,0.704802110817942,1.0,0.54,100.0,0.0462,0.54,A,Z,A-Z,0.9,0.00046199999999999995,0.03927,0.5792700000000001,349.3521126760564,100.77464788732395,148.86550894761695,48.090861060292994,634.0821664260807,7,700,0.32339999999999997,378.0,1.0,True,REORDENAR,0.4755882352941176
MASS1522,9.830985915492958,22.860654616994914,2.3253674467143823,142,11706.8,1396.0,3.4925941422594144,0.0,3.2,1.0,0.001,3.2,AA,Z,AA-Z,0.95,0.001,0.085,3.285,511.2112676056338,147.46478873239437,293.0983764603309,145.63358772793651,322.097157571128,323,323,0.323,1033.6000000000001,0.0,True,REORDENAR,0.475
MASS1045,2.3098591549295775,5.594048380644067,2.4218136282056633,142,728.44,328.0,1.0916666666666666,0.0,0.8,100.0,0.079335,0.8,B,Z,B-Z,0.85,0.0007933500000000001,0.06743475,0.86743475,120.11267605633803,34.647887323943664,57.1028968316169,22.45500950767324,303.82981123653235,4,400,0.31734,320.0,0.0,True,REORDENAR,0.4666764705882353
MASS1044,3.5492957746478875,6.737823232461423,1.8983549583522263,142,1536.05,504.0,1.1351,0.0,0.8,100.0,0.079335,0.8,B,Z,B-Z,0.85,0.0007933500000000001,0.06743475,0.86743475,184.56338028169014,53.23943661971831,80.28566047245576,27.046223852737448,376.6246405404028,4,400,0.31734,320.0,0.0,True,REORDENAR,0.4666764705882353
MASS1907,5.809859154929577,15.052123668452124,2.590789770812366,142,7198.58,825.0,3.4023306233062334,0.0,2.9,60.0,0.06318,2.9,A,Z,A-Z,0.9,0.001053,0.08950499999999999,2.989505,302.112676056338,87.14788732394365,161.85801745256418,74.71013012862053,259.5608587329655,5,300,0.3159,870.0,0.0,True,REORDENAR,0.46455882352941175
MASS1537,0.31690140845070425,1.279238017377683,4.036706632614021,142,2252.31,45.0,27.48896551724138,0.0,20.0,8.0,0.10472,20.0,A,Z,A-Z,0.9,0.01309,1.11265,21.11265,16.47887323943662,4.753521126760564,11.102926755421155,6.349405628660591,22.811127550431337,3,24,0.31416,480.0,0.0,True,REORDENAR,0.462
MASS1439,3.23943661971831,7.391704740527164,2.2817871155540375,142,3189.2,460.0,3.8187499999999996,0.0,3.0,40.0,0.06279,3.0,A,Z,A-Z,0.9,0.00156975,0.13342874999999998,3.13342875,168.45070422535213,48.59154929577465,85.2797426165989,36.68819332082425,189.3131901864073,5,200,0.31395,600.0,0.0,True,REORDENAR,0.4616911764705882
MASS2052,2.0422535211267605,5.488703084727073,2.6875718552801526,142,5378.9,290.0,5.428190476190476,0.0,4.35,40.0,0.078336,4.35,A,Z,A-Z,0.9,0.0019584,0.166464,4.516464,106.19718309859155,30.633802816901408,57.87658468141481,27.242781864513404,125.20209403136282,4,160,0.313344,696.0,0.0,True,REORDENAR,0.4608
MASS1452,3.3943661971830985,11.66917363934706,3.437806341882329,142,2291.61,482.0,1.892828947368421,0.0,1.48,24.0,0.02565,1.48,A,Z,A-Z,0.9,0.00106875,0.09084375,1.5708437499999999,176.50704225352112,50.91549295774648,108.83459462685593,57.91910166910945,273.6962802271089,12,288,0.30779999999999996,426.24,0.0,True,REORDENAR,0.45264705882352935
MASS1810,1.4225352112676057,4.814758551588946,3.384632249136784,142,2308.72,202.0,4.815114503816794,9.0,3.8,50.0,0.1026,3.8,A,Z,A-Z,0.9,0.002052,0.17442,3.97442,73.9718309859155,21.338028169014088,45.23573495447059,23.8977067854565,111.39114676766404,3,150,0.30779999999999996,570.0,9.0,True,REORDENAR,0.45264705882352935
MASS1315,20.239436619718308,40.11878277808594,1.9822084740738355,142,13996.38,2874.0,2.0321704545454544,2.0,2.5,100.0,0.05088,2.5,AA,Z,AA-Z,0.95,0.0005088,0.043248,2.543248,1052.450704225352,303.5915492957746,559.1678820446588,255.57633274888417,525.2437534350327,6,600,0.30528,1500.0,2.0,True,REORDENAR,0.44894117647058823
MASS1900,1.5211267605633803,3.6158012361802303,2.377054516377744,142,7071.68,216.0,7.928586387434555,1.0,8.0,40.0,0.15128,8.0,A,Z,A-Z,0.9,0.0037819999999999998,0.32147,8.32147,79.09859154929578,22.816901408450704,40.76367003887555,17.94676863042485,79.60470178922286,2,80,0.30256,640.0,1.0,True,REORDENAR,0.44494117647058823
MASS0919,3.8098591549295775,6.232986031882231,1.636014817980179,142,3171.59,541.0,2.0919011406844104,1.0,1.68,100.0,0.100566625,1.68,A,Z,A-Z,0.9,0.00100566625,0.08548163125,1.76548163125,198.11267605633802,57.147887323943664,88.08486391202416,30.936976588080498,273.51358438776475,3,300,0.301699875,504.0,1.0,True,REORDENAR,0.4436762867647059
MASS1853,0.07042253521126761,0.4064704908281713,5.771880969760033,142,1102.6,10.0,64.72666666666666,0.0,,1.0,0.05,64.72666666666666,B,Z,B-Z,0.85,0.05,4.25,68.97666666666666,3.6619718309859155,1.0563380281690142,2.687946858674754,1.63160883050574,5.949230127479335,6,6,0.30000000000000004,388.35999999999996,0.0,True,REORDENAR,0.4411764705882354
MASS1768,0.04929577464788732,0.3223905562546175,6.539922712593669,142,358.8,7.0,48.857142857142854,0.0,,1.0,0.05,48.857142857142854,C,Z,C-Z,0.75,0.05,4.25,53.107142857142854,2.5633802816901405,0.7394366197183098,1.5816134624099567,0.8421768426916469,5.672629530976509,6,6,0.30000000000000004,293.1428571428571,0.0,True,REORDENAR,0.4411764705882354
MASS1122,0.007042253521126761,0.08391813582966891,11.916375287812984,142,5.3,1.0,4.8,0.0,,1.0,0.05,4.8,C,Z,C-Z,0.75,0.05,4.25,9.05,0.36619718309859156,0.1056338028169014,0.32485210591689206,0.21921830309999066,5.193828205217286,6,6,0.30000000000000004,28.799999999999997,0.0,True,REORDENAR,0.4411764705882354
MASS1397,0.04225352112676056,0.28863187766273596,6.830954438018084,142,501.71000000000004,6.0,42.846666666666664,0.0,,1.0,0.05,42.846666666666664,C,Z,C-Z,0.75,0.05,4.25,47.096666666666664,2.197183098591549,0.6338028169014085,1.387792283138086,0.7539894662366775,5.576894258733851,6,6,0.30000000000000004,257.08,0.0,True,REORDENAR,0.4411764705882354
MASS0268,0.007042253521126761,0.08391813582966891,11.916375287812984,142,6.85,1.0,3.0,0.0,,1.0,0.05,3.0,C,Z,C-Z,0.75,0.05,4.25,7.25,0.36619718309859156,0.1056338028169014,0.32485210591689206,0.21921830309999066,5.8028703408721745,6,6,0.30000000000000004,18.0,0.0,True,REORDENAR,0.4411764705882354
MASS1123,0.007042253521126761,0.08391813582966891,11.916375287812984,142,6.9,1.0,4.8,0.0,,1.0,0.05,4.8,C,Z,C-Z,0.75,0.05,4.25,9.05,0.36619718309859156,0.1056338028169014,0.32485210591689206,0.21921830309999066,5.193828205217286,6,6,0.30000000000000004,28.799999999999997,0.0,True,REORDENAR,0.4411764705882354
MASS1001,0.007042253521126761,0.08391813582966891,11.916375287812984,142,8.45,1.0,3.0666666666666664,0.0,,1.0,0.05,3.0666666666666664,C,Z,C-Z,0.75,0.05,4.25,7.316666666666666,0.36619718309859156,0.1056338028169014,0.32485210591689206,0.21921830309999066,5.776373077592421,6,6,0.30000000000000004,18.4,0.0,True,REORDENAR,0.4411764705882354
MASS2578,0.04225352112676056,0.5035088149780136,11.916375287812988,142,238.2,6.0,39.7,0.0,,1.0,0.05,39.7,C,Z,C-Z,0.75,0.05,4.25,43.95,2.197183098591549,0.6338028169014085,1.9491126355013528,1.3153098185999443,5.7730863785624065,6,6,0.30000000000000004,238.20000000000002,0.0,True,REORDENAR,0.4411764705882354
MASS1494,0.007042253521126761,0.08391813582966891,11.916375287812984,142,13.89,1.0,3.0866666666666664,0.0,,1.0,0.05,3.0866666666666664,C,Z,C-Z,0.75,0.05,4.25,7.336666666666666,0.36619718309859156,0.1056338028169014,0.32485210591689206,0.21921830309999066,5.7684944109418925,6,6,0.30000000000000004,18.52,0.0,True,REORDENAR,0.4411764705882354
MASS2532,0.02112676056338028,0.2517544074890068,11.916375287812988,142,62.1,3.0,20.7,0.0,,1.0,0.05,20.7,C,Z,C-Z,0.75,0.05,4.25,24.95,1.0985915492957745,0.31690140845070425,0.9745563177506764,0.6576549092999722,5.417977816041476,6,6,0.30000000000000004,124.19999999999999,0.0,True,REORDENAR,0.4411764705882354
MASS2573,0.04225352112676056,0.5035088149780136,11.916375287812988,142,286.2,6.0,47.7,0.0,,1.0,0.05,47.7,C,Z,C-Z,0.75,0.05,4.25,51.95,2.197183098591549,0.6338028169014085,1.9491126355013528,1.3153098185999443,5.310002424093247,6,6,0.30000000000000004,286.20000000000005,0.0,True,REORDENAR,0.4411764705882354
MASS2572,0.04225352112676056,0.5035088149780136,11.916375287812988,142,286.2,6.0,47.7,0.0,,1.0,0.05,47.7,C,Z,C-Z,0.75,0.05,4.25,51.95,2.197183098591549,0.6338028169014085,1.9491126355013528,1.3153098185999443,5.310002424093247,6,6,0.30000000000000004,286.20000000000005,0.0,True,REORDENAR,0.4411764705882354
MASS1567,0.06338028169014084,0.6759788146874893,10.665443520624832,142,836.01,9.0,77.41,0.0,,1.0,0.05,77.41,B,Z,B-Z,0.85,0.05,4.25,81.66,3.295774647887324,0.9507042253521126,3.6641435233235793,2.7134392979714668,5.187145581838366,6,6,0.30000000000000004,464.46,0.0,True,REORDENAR,0.4411764705882354
MASS0410,0.014084507042253521,0.11825657242363517,8.396216642078096,142,56.85,2.0,9.432500000000001,0.0,,1.0,0.05,9.432500000000001,C,Z,C-Z,0.75,0.05,4.25,13.682500000000001,0.7323943661971831,0.2112676056338028,0.520187779811041,0.3089201741772382,5.97371005533304,6,6,0.30000000000000004,56.595000000000006,0.0,True,REORDENAR,0.4411764705882354
MASS2577,0.02112676056338028,0.2517544074890068,11.916375287812988,142,72.6,3.0,24.2,0.0,,1.0,0.05,24.2,C,Z,C-Z,0.75,0.05,4.25,28.45,1.0985915492957745,0.31690140845070425,0.9745563177506764,0.6576549092999722,5.073776844287728,6,6,0.30000000000000004,145.2,0.0,True,REORDENAR,0.4411764705882354
MASS0010,0.07042253521126761,0.5667862284039908,8.04836444333667,142,960.72,10.0,80.83,0.0,,1.0,0.05,80.83,B,Z,B-Z,0.85,0.05,4.25,85.08,3.6619718309859155,1.0563380281690142,3.3314685385999114,2.2751305104308974,5.35670992822822,6,6,0.30000000000000004,484.98,0.0,True,REORDENAR,0.4411764705882354
MASS1527,1.1267605633802817,2.993750357774485,2.6569534425248555,142,5380.31,160.0,16.18806818181818,1.0,14.94,10.0,0.05,14.94,A,Z,A-Z,0.9,0.005,0.425,15.365,58.59154929577465,16.901408450704228,31.76067241428129,14.859263963577064,50.42031784832818,6,60,0.30000000000000004,896.4,1.0,True,REORDENAR,0.4411764705882354
MASS0473,0.014084507042253521,0.16783627165933782,11.916375287812984,142,88.78,2.0,10.68,0.0,,1.0,0.05,10.68,C,Z,C-Z,0.75,0.05,4.25,14.93,0.7323943661971831,0.2112676056338028,0.6497042118337841,0.4384366061999813,5.71869538842742,6,6,0.30000000000000004,64.08,0.0,True,REORDENAR,0.4411764705882354
MASS0977,0.007042253521126761,0.08391813582966891,11.916375287812984,142,8.0,1.0,2.88,0.0,,1.0,0.05,2.88,C,Z,C-Z,0.75,0.05,4.25,7.13,0.36619718309859156,0.1056338028169014,0.32485210591689206,0.21921830309999066,5.8514985961158,6,6,0.30000000000000004,17.28,0.0,True,REORDENAR,0.4411764705882354
MASS2508,0.04225352112676056,0.5035088149780136,11.916375287812988,142,238.2,6.0,39.7,0.0,,1.0,0.05,39.7,C,Z,C-Z,0.75,0.05,4.25,43.95,2.197183098591549,0.6338028169014085,1.9491126355013528,1.3153098185999443,5.7730863785624065,6,6,0.30000000000000004,238.20000000000002,0.0,True,REORDENAR,0.4411764705882354
MASS0636,0.007042253521126761,0.08391813582966891,11.916375287812984,142,7.47,1.0,2.6566666666666667,0.0,,1.0,0.05,2.6566666666666667,C,Z,C-Z,0.75,0.05,4.25,6.906666666666666,0.36619718309859156,0.1056338028169014,0.32485210591689206,0.21921830309999066,5.945352676318707,6,6,0.30000000000000004,15.940000000000001,0.0,True,REORDENAR,0.4411764705882354
MASS2504,0.014084507042253521,0.16783627165933782,11.916375287812984,142,30.4,2.0,15.2,0.0,,1.0,0.05,15.2,C,Z,C-Z,0.75,0.05,4.25,19.45,0.7323943661971831,0.2112676056338028,0.6497042118337841,0.4384366061999813,5.010338467383622,6,6,0.30000000000000004,91.19999999999999,0.0,True,REORDENAR,0.4411764705882354
MASS0302,0.014084507042253521,0.1182565724236352,8.3962166420781,142,39.82,2.0,11.78,0.0,,1.0,0.05,11.78,C,Z,C-Z,0.75,0.05,4.25,16.03,0.7323943661971831,0.2112676056338028,0.520187779811041,0.3089201741772382,5.518996348845758,6,6,0.30000000000000004,70.67999999999999,0.0,True,REORDENAR,0.4411764705882354
MASS0784,3.1901408450704225,7.8169964834695405,2.450360928593101,142,1034.73,453.0,0.7065,1.0,0.47,200.0,0.1,0.47,B,Z,B-Z,0.85,0.0005,0.0425,0.5125,165.88732394366198,47.852112676056336,79.23023428206704,31.37812160601071,464.5302884310174,3,600,0.30000000000000004,282.0,1.0,True,REORDENAR,0.4411764705882354
MASS0011,0.035211267605633804,0.2199926443317683,6.247791099022219,142,234.52,5.0,32.826,0.0,,1.0,0.05,32.826,C,Z,C-Z,0.75,0.05,4.25,37.076,1.8309859154929577,0.5281690140845071,1.1028530642971641,0.574684050212657,5.737866447183701,6,6,0.30000000000000004,196.95600000000002,0.0,True,REORDENAR,0.4411764705882354
MASS0729,0.007042253521126761,0.08391813582966891,11.916375287812984,142,5.0,1.0,3.91,0.0,,1.0,0.05,3.91,C,Z,C-Z,0.75,0.05,4.25,8.16,0.36619718309859156,0.1056338028169014,0.32485210591689206,0.21921830309999066,5.469741357193302,6,6,0.30000000000000004,23.46,0.0,True,REORDENAR,0.4411764705882354
MASS1248,0.007042253521126761,0.08391813582966891,11.916375287812984,142,9.0,1.0,2.66,0.0,,1.0,0.05,2.66,C,Z,C-Z,0.75,0.05,4.25,6.91,0.36619718309859156,0.1056338028169014,0.32485210591689206,0.21921830309999066,5.94391850607077,6,6,0.30000000000000004,15.96,0.0,True,REORDENAR,0.4411764705882354
MASS0500,0.02112676056338028,0.14431593883136795,6.830954438018083,142,150.31,3.0,22.31,0.0,,1.0,0.05,22.31,C,Z,C-Z,0.75,0.05,4.25,26.56,1.0985915492957745,0.31690140845070425,0.693896141569043,0.37699473311833875,5.251198823959093,6,6,0.30000000000000004,133.85999999999999,0.0,True,REORDENAR,0.4411764705882354
MASS1979,5.619718309859155,17.568400224406048,3.12620655622263,142,12066.6,798.0,6.70353115727003,0.0,5.75,40.0,0.06,5.75,AA,Z,AA-Z,0.95,0.0015,0.1275,5.8775,292.22535211267603,84.29577464788733,196.21510496393518,111.91933031604785,182.06103061886793,5,200,0.3,1150.0,0.0,True,REORDENAR,0.4411764705882353
MASS1549,4.647887323943662,8.869580801258362,1.9083037481495264,142,1916.59,660.0,1.0005703422053234,0.0,0.68,220.0,0.09867,0.68,B,Z,B-Z,0.85,0.00044849999999999995,0.0381225,0.7181225,241.69014084507043,69.71830985915493,105.32159886724921,35.60328900809428,473.67947944984485,3,660,0.29601,448.8,0.0,True,REORDENAR,0.43530882352941175
MASS1692,2.0140845070422535,3.8499993837946596,1.9115381555903554,142,1876.46,286.0,1.7222115384615384,0.0,1.1,150.0,0.147,1.1,B,Z,B-Z,0.85,0.00098,0.0833,1.1833,104.73239436619718,30.211267605633804,45.66550877143717,15.454241165803364,242.9111524325518,2,300,0.294,330.0,0.0,True,REORDENAR,0.4323529411764705
MASS1019,2.492957746478873,6.3152932456334785,2.533253222824729,142,2881.02,354.0,3.803503649635037,2.0,3.4,50.0,0.07345,3.4,A,Z,A-Z,0.9,0.001469,0.124865,3.524865,129.6338028169014,37.394366197183096,68.73986870395292,31.345502506769826,156.58215176610193,4,200,0.2938,680.0,2.0,True,REORDENAR,0.4320588235294118
MASS2225,1.9295774647887325,5.578133457514544,2.8908574852812596,142,2355.54,274.0,2.3388,48.0,1.86,50.0,0.072,1.86,A,Z,A-Z,0.9,0.0014399999999999999,0.1224,1.9824000000000002,100.3380281690141,28.943661971830988,56.63032504112127,27.68666306929028,183.69253475887746,4,200,0.288,372.0,48.0,True,REORDENAR,0.4235294117647058
MASS1378,4.908450704225352,10.970563404513292,2.2350358729424498,142,8282.52,697.0,5.486607142857143,99.0,5.1,60.0,0.070296,5.1,AA,Z,AA-Z,0.95,0.0011715999999999999,0.099586,5.199586,255.2394366197183,73.62676056338029,143.51463275092203,69.88787218754175,180.90221158646762,4,240,0.281184,1224.0,99.0,True,REORDENAR,0.41350588235294117
MASS2322,0.22535211267605634,0.9557171470724332,4.240994840133922,142,1436.42,32.0,10.93945945945946,0.0,10.0,6.0,0.05616,10.0,B,Z,B-Z,0.85,0.00936,0.7956,10.7956,11.71830985915493,3.380281690140845,7.216615622899391,3.8363339327585457,26.900692922372166,5,30,0.2808,300.0,0.0,True,REORDENAR,0.41294117647058826
MASS0698,4.429577464788732,7.946985589646037,1.7940730583938589,142,1677.67,629.0,0.7393916349809886,0.0,0.54,100.0,0.0462,0.54,B,Z,B-Z,0.85,0.00046199999999999995,0.03927,0.5792700000000001,230.33802816901408,66.44366197183098,98.34357145246695,31.89990948063597,514.868917277367,6,600,0.2772,324.0,0.0,True,REORDENAR,0.4076470588235294
MASS1632,0.823943661971831,6.832649295402671,8.292617093565635,142,1312.15,117.0,5.366393442622951,0.0,4.05,20.0,0.055404,4.05,B,Z,B-Z,0.85,0.0027702,0.235467,4.285467,42.845070422535215,12.359154929577464,39.78601906284745,27.426864133269987,81.64051269372652,5,100,0.27702,405.0,0.0,True,REORDENAR,0.4073823529411764
MASS2357,0.24647887323943662,1.073118473615911,4.353794950098838,142,749.07,35.0,7.146451612903227,4.0,4.85,10.0,0.0552885,4.85,B,Z,B-Z,0.85,0.00552885,0.46995225,5.31995225,12.816901408450704,3.6971830985915495,8.004776434981444,4.307593336389894,40.07670660221873,5,50,0.2764425,242.49999999999997,4.0,True,REORDENAR,0.40653308823529405
MASS0779,1.2535211267605635,2.87428466516974,2.2929686654724892,142,890.62,178.0,1.316178861788618,0.0,0.98,200.0,0.135759,0.98,B,Z,B-Z,0.85,0.0006787949999999999,0.057697574999999994,1.037697575,65.1830985915493,18.802816901408452,30.34045209731909,11.537635195910639,204.63808844189649,2,400,0.271518,392.0,0.0,True,REORDENAR,0.3992911764705882
MASS0128,8.17605633802817,16.75704543084107,2.049526659069278,142,4934.51,1161.0,1.8788354430379746,0.0,1.72,100.0,0.06784,1.72,A,Z,A-Z,0.9,0.0006784,0.057664,1.777664,425.1549295774648,122.64084507042254,205.81323139177962,83.17238632135708,399.30352235228145,4,400,0.27136,688.0,0.0,True,REORDENAR,0.39905882352941174
MASS0752,19.028169014084508,34.63342862299368,1.8201135693801265,142,11760.88,2702.0,1.6716385767790263,0.0,1.6,100.0,0.038313,1.6,AA,Z,AA-Z,0.95,0.00038312999999999997,0.03256605,1.63256605,989.4647887323944,285.42253521126764,506.0544703062652,220.63193509499757,635.6516256178259,7,700,0.268191,1120.0,0.0,True,REORDENAR,0.39439852941176473
MASS1431,1.4929577464788732,9.279540890203231,6.215541539664429,142,506.73,212.0,1.1472222222222221,0.0,1.28,100.0,0.134,1.28,C,Z,C-Z,0.75,0.00134,0.1139,1.3939,77.63380281690141,22.3943661971831,46.63519551715626,24.240829319973162,192.69213625958648,2,200,0.268,256.0,0.0,True,REORDENAR,0.3941176470588235
MASS1929,1.408450704225352,7.0016765262616785,4.971190333645792,142,533.59,200.0,1.2505882352941178,0.0,0.68,156.0,0.13398,0.68,C,Z,C-Z,0.75,0.0008588461538461537,0.07300192307692306,0.7530019230769232,73.2394366197183,21.12676056338028,39.41715311997311,18.290392556592828,254.64128972341678,2,312,0.26796,212.16000000000003,0.0,True,REORDENAR,0.39405882352941174
MASS2042,2.507042253521127,7.803205814082144,3.1125146786507427,142,3439.38,356.0,3.3685221674876846,0.0,2.8,50.0,0.066864,2.8,A,Z,A-Z,0.9,0.0013372800000000002,0.11366880000000001,2.9136688,130.3661971830986,37.605633802816904,76.33628302093055,38.73064921811365,172.70971890458884,4,200,0.267456,560.0,0.0,True,REORDENAR,0.3933176470588236
MASS2071,0.2112676056338028,0.7974337022220822,3.7745195238511893,142,244.18,30.0,3.2217391304347824,2.0,2.38,48.0,0.13284,2.38,C,Z,C-Z,0.75,0.0027675000000000004,0.23523750000000004,2.6152375,10.985915492957746,3.169014084507042,5.252140232479267,2.0831261479722247,52.91964595183798,2,96,0.26568,228.48,2.0,True,REORDENAR,0.3907058823529412
MASS1234,0.5492957746478874,2.6832220093785053,4.88484006835574,142,896.99,78.0,6.931538461538461,15.0,5.32,24.0,0.088452,5.32,B,Z,B-Z,0.85,0.0036855,0.3132675,5.6332675000000005,28.563380281690144,8.23943661971831,19.01012926161058,10.77069264189227,58.14052970084158,3,72,0.26535600000000004,383.04,15.0,True,REORDENAR,0.39022941176470594
MASS1890,0.6971830985915493,2.775243741438429,3.9806526392349184,142,275.57,99.0,0.8366666666666667,1.0,0.31,12.0,0.0126,0.31,C,Z,C-Z,0.75,0.00105,0.08925,0.39925,36.25352112676056,10.457746478873238,17.707481207512313,7.2497347286390745,246.040728918619,21,252,0.2646,78.12,1.0,True,REORDENAR,0.3891176470588235
MASS2456,0.7887323943661971,3.418412774886985,4.3340590538745705,142,5695.03,112.0,14.716236559139785,15.0,15.5,20.0,0.0882,15.5,A,Z,A-Z,0.9,0.00441,0.37484999999999996,15.87485,41.01408450704225,11.830985915492956,28.798031155788163,16.967045240295207,41.50171715530935,3,60,0.2646,930.0,15.0,True,REORDENAR,0.3891176470588235
MASS1721,1.0422535211267605,3.4740644731553267,3.333224021540922,142,1125.23,148.0,5.16775,18.0,4.15,90.0,0.132192,4.15,B,Z,B-Z,0.85,0.0014688000000000001,0.12484800000000001,4.274848,54.197183098591545,15.633802816901408,29.57900769659017,13.945204879688763,91.93531939219528,2,180,0.264384,747.0000000000001,18.0,True,REORDENAR,0.3888
MASS1722,1.6830985915492958,3.984668701018622,2.367460065040353,142,2446.94,239.0,5.333956043956044,1.0,4.98,90.0,0.132192,4.98,A,Z,A-Z,0.9,0.0014688000000000001,0.12484800000000001,5.1048480000000005,87.52112676056338,25.246478873239436,45.02409455922296,19.777615685983523,106.91026670294382,2,180,0.264384,896.4000000000001,1.0,True,REORDENAR,0.3888
MASS2070,1.2605633802816902,3.4858977851186155,2.765349080932086,142,1353.6399999999999,179.0,3.0261616161616165,2.0,2.4,50.0,0.0875,2.4,B,Z,B-Z,0.85,0.0017499999999999998,0.14875,2.54875,65.54929577464789,18.908450704225352,32.90115555434024,13.99270485011489,130.94073253032832,3,150,0.26249999999999996,360.0,2.0,True,REORDENAR,0.3860294117647058
MASS1336,2.676056338028169,12.38538906742188,4.628224335720808,142,6060.26,380.0,9.050454545454546,0.0,7.8,20.0,0.043512,7.8,A,Z,A-Z,0.9,0.0021756,0.184926,7.984926,139.1549295774648,40.140845070422536,101.61483035663542,61.47398528621289,107.7874556869501,6,120,0.261072,936.0,0.0,True,REORDENAR,0.3839294117647059
MASS1818,11.049295774647888,38.08637578947548,3.446950517594339,142,13273.01,1569.0,3.5659330985915494,0.0,3.25,50.0,0.03729,3.25,AA,Z,AA-Z,0.95,0.0007457999999999999,0.06339299999999999,3.313393,574.5633802816901,165.73943661971833,408.36833954064684,242.6289029209285,340.0062236686016,7,350,0.26103,1137.5,0.0,True,REORDENAR,0.38386764705882354
MASS1912,3.323943661971831,8.181062109838212,2.4612517364343773,142,1726.89,472.0,1.2089539748953975,0.0,0.98,200.0,0.129792,0.98,B,Z,B-Z,0.85,0.00064896,0.0551616,1.0351616,172.8450704225352,49.859154929577464,82.69866845522407,32.8395135256466,333.6405226304006,2,400,0.259584,392.0,0.0,True,REORDENAR,0.3817411764705882
MASS1806,4.457746478873239,9.559535909264604,2.1444772497876365,142,13764.89,633.0,6.463835616438357,1.0,6.8,50.0,0.08598735,6.8,AA,Z,AA-Z,0.95,0.001719747,0.146178495,6.946178495,231.80281690140842,66.86619718309859,127.76513182888402,60.89893464578543,149.15600941642157,3,150,0.25796205,1020.0,1.0,True,REORDENAR,0.37935595588235294
MASS2166,0.9577464788732394,8.15790374221136,8.517811260250097,142,602.82,136.0,2.3822222222222225,1.0,1.9,60.0,0.08505,1.9,C,Z,C-Z,0.75,0.0014175,0.1204875,2.0204874999999998,49.80281690140845,14.36619718309859,35.67698772366217,21.31079054056358,128.18973221215992,3,180,0.25515,342.0,1.0,True,REORDENAR,0.3752205882352941
MASS0841,3.795774647887324,6.728302381861568,1.772576879822528,142,2131.86,539.0,1.1336888888888887,0.0,0.85,100.0,0.062868,0.85,B,Z,B-Z,0.85,0.00062868,0.053437799999999994,0.9034378,197.38028169014086,56.936619718309856,83.94462602693729,27.00800630862743,381.6428443167204,4,400,0.251472,340.0,0.0,True,REORDENAR,0.3698117647058823
MASS2533,0.02112676056338028,0.2517544074890068,11.916375287812988,142,87.6,3.0,29.2,0.0,,1.0,0.05,29.2,C,Z,C-Z,0.75,0.05,4.25,33.45,1.0985915492957745,0.31690140845070425,0.9745563177506764,0.6576549092999722,4.679230470241635,5,5,0.25,146.0,0.0,True,REORDENAR,0.3676470588235294
MASS1610,0.6126760563380281,2.333379710428557,3.8085048147224727,142,877.75,87.0,6.774242424242424,0.0,3.0,20.0,0.05,3.0,B,Z,B-Z,0.85,0.0025,0.2125,3.2125,31.859154929577464,9.190140845070422,18.556535273116552,9.36639442804613,81.31111720089118,5,100,0.25,300.0,0.0,True,REORDENAR,0.3676470588235294
MASS2579,0.02112676056338028,0.2517544074890068,11.916375287812988,142,110.1,3.0,36.7,0.0,,1.0,0.05,36.7,C,Z,C-Z,0.75,0.05,4.25,40.95,1.0985915492957745,0.31690140845070425,0.9745563177506764,0.6576549092999722,4.229076531303674,5,5,0.25,183.5,0.0,True,REORDENAR,0.3676470588235294
MASS0471,0.014084507042253521,0.11825657242363517,8.396216642078096,142,101.41,2.0,20.134999999999998,0.0,,1.0,0.05,20.134999999999998,C,Z,C-Z,0.75,0.05,4.25,24.384999999999998,0.7323943661971831,0.2112676056338028,0.520187779811041,0.3089201741772382,4.474716114553947,5,5,0.25,100.67499999999998,0.0,True,REORDENAR,0.3676470588235294
MASS1449,2.415492957746479,6.06611675211619,2.5113369644329415,142,6193.76,343.0,9.847113402061856,2.0,9.5,20.0,0.05,9.5,A,Z,A-Z,0.9,0.0025,0.2125,9.7125,125.60563380281691,36.232394366197184,66.3411273203299,30.10873295413272,92.85245998790059,5,100,0.25,950.0,2.0,True,REORDENAR,0.3676470588235294
MASS2003,0.035211267605633804,0.21999264433176827,6.247791099022218,142,400.72,5.0,58.5,0.0,,1.0,0.05,58.5,C,Z,C-Z,0.75,0.05,4.25,62.75,1.8309859154929577,0.5281690140845071,1.1028530642971641,0.574684050212657,4.41052214703508,5,5,0.25,292.5,0.0,True,REORDENAR,0.3676470588235294
MASS1544,0.8732394366197183,2.130025654723727,2.439222927183623,142,1304.1499999999999,124.0,5.645,0.0,2.35,24.0,0.05,2.35,B,Z,B-Z,0.85,0.0020833333333333333,0.17708333333333334,2.5270833333333336,45.40845070422535,13.098591549295774,21.648704646977343,8.55011309768157,109.44928553896263,5,120,0.25,282.0,0.0,True,REORDENAR,0.3676470588235294
MASS0113,10.077464788732394,38.36703555971709,3.8072110758070066,142,4458.17,1431.0,2.3144897959183672,0.0,1.66,100.0,0.05,1.66,A,Z,A-Z,0.9,0.0005,0.0425,1.7025,524.0281690140845,151.16197183098592,341.59398544269976,190.43201361171384,452.9894908396807,5,500,0.25,830.0,0.0,True,REORDENAR,0.3676470588235294
MASS2013,0.02112676056338028,0.1871135680914126,8.856708889660197,142,118.8,3.0,28.7,0.0,,1.0,0.05,28.7,C,Z,C-Z,0.75,0.05,4.25,32.95,1.0985915492957745,0.31690140845070425,0.8056958564975594,0.4887944480468551,4.71459930662928,5,5,0.25,143.5,0.0,True,REORDENAR,0.3676470588235294
MASS0431,0.014084507042253521,0.16783627165933782,11.916375287812984,142,35.92,2.0,15.58,0.0,,1.0,0.05,15.58,C,Z,C-Z,0.75,0.05,4.25,19.83,0.7323943661971831,0.2112676056338028,0.6497042118337841,0.4384366061999813,4.9620999836777,5,5,0.25,77.9,0.0,True,REORDENAR,0.3676470588235294
MASS0689,0.007042253521126761,0.08391813582966891,11.916375287812984,142,16.0,1.0,5.73,0.0,,1.0,0.05,5.73,C,Z,C-Z,0.75,0.05,4.25,9.98,0.36619718309859156,0.1056338028169014,0.32485210591689206,0.21921830309999066,4.945914443180819,5,5,0.25,28.650000000000002,0.0,True,REORDENAR,0.3676470588235294
MASS0487,0.02112676056338028,0.1871135680914126,8.856708889660197,142,145.39,3.0,36.8,0.0,,1.0,0.05,36.8,C,Z,C-Z,0.75,0.05,4.25,41.05,1.0985915492957745,0.31690140845070425,0.8056958564975594,0.4887944480468551,4.223922261830515,5,5,0.25,184.0,0.0,True,REORDENAR,0.3676470588235294
MASS0021,13.295774647887324,44.64291557568561,3.3576769130017783,142,2307.56,1888.0,0.23734042553191487,1.0,0.2,300.0,0.05,0.2,A,Z,A-Z,0.9,0.0001666666666666667,0.014166666666666668,0.21416666666666667,691.3802816901408,199.43661971830986,421.0185111142018,221.58189139589192,1467.0230123893136,5,1500,0.25,300.0,1.0,True,REORDENAR,0.3676470588235294
MASS0901,0.007042253521126761,0.08391813582966891,11.916375287812984,142,15.0,1.0,7.01,0.0,,1.0,0.05,7.01,C,Z,C-Z,0.75,0.05,4.25,11.26,0.36619718309859156,0.1056338028169014,0.32485210591689206,0.21921830309999066,4.656318454015972,5,5,0.25,35.05,0.0,True,REORDENAR,0.3676470588235294
MASS0430,0.014084507042253521,0.16783627165933782,11.916375287812984,142,44.92,2.0,15.58,0.0,,1.0,0.05,15.58,C,Z,C-Z,0.75,0.05,4.25,19.83,0.7323943661971831,0.2112676056338028,0.6497042118337841,0.4384366061999813,4.9620999836777,5,5,0.25,77.9,0.0,True,REORDENAR,0.3676470588235294
MASS0474,0.02112676056338028,0.1871135680914126,8.856708889660197,142,156.91000000000003,3.0,39.975,0.0,,1.0,0.05,39.975,C,Z,C-Z,0.75,0.05,4.25,44.225,1.0985915492957745,0.31690140845070425,0.8056958564975594,0.4887944480468551,4.069476797621609,5,5,0.25,199.875,0.0,True,REORDENAR,0.3676470588235294
MASS1619,0.7816901408450704,1.8339439235303465,2.3461264607325156,142,1210.1,111.0,5.595833333333333,0.0,2.35,24.0,0.05,2.35,B,Z,B-Z,0.85,0.0020833333333333333,0.17708333333333334,2.5270833333333336,40.64788732394366,11.725352112676056,19.08696671399134,7.361614601315285,103.55321281498225,5,120,0.25,282.0,0.0,True,REORDENAR,0.3676470588235294
MASS1517,3.352112676056338,6.173837712532557,1.841775115923578,142,12775.43,476.0,11.457469879518072,1.0,11.85,20.0,0.05,11.85,AA,Z,AA-Z,0.95,0.0025,0.2125,12.0625,174.30985915492957,50.28169014084507,89.6120658973528,39.330375756507735,98.15144173473718,5,100,0.25,1185.0,1.0,True,REORDENAR,0.3676470588235294
MASS0196,0.007042253521126761,0.08391813582966891,11.916375287812984,142,12.74,1.0,8.49,0.0,,1.0,0.05,8.49,C,Z,C-Z,0.75,0.05,4.25,12.74,0.36619718309859156,0.1056338028169014,0.32485210591689206,0.21921830309999066,4.37751009311354,5,5,0.25,42.45,0.0,True,REORDENAR,0.3676470588235294
MASS1144,0.014084507042253521,0.16783627165933782,11.916375287812984,142,21.12,2.0,18.69,0.0,,1.0,0.05,18.69,C,Z,C-Z,0.75,0.05,4.25,22.94,0.7323943661971831,0.2112676056338028,0.6497042118337841,0.4384366061999813,4.613496135364739,5,5,0.25,93.45,0.0,True,REORDENAR,0.3676470588235294
MASS2005,0.04225352112676056,0.23439190787413167,5.547275153021117,142,680.28,6.0,58.5,0.0,,1.0,0.05,58.5,B,Z,B-Z,0.85,0.05,4.25,62.75,2.197183098591549,0.6338028169014085,1.5746728562179637,0.9408700393165552,4.831484940614461,5,5,0.25,292.5,0.0,True,REORDENAR,0.3676470588235294
MASS1528,7.26056338028169,20.185550473229657,2.7801631107648994,142,14759.4,1031.0,5.201889168765743,0.0,2.9,70.0,0.05,2.9,AA,Z,AA-Z,0.95,0.0007142857142857143,0.060714285714285714,2.9607142857142854,377.5492957746479,108.90845070422534,237.50031235172054,128.5918616474952,291.5700780734289,5,350,0.25,1015.0,0.0,True,REORDENAR,0.3676470588235294
MASS0455,0.007042253521126761,0.08391813582966891,11.916375287812984,142,7.68,1.0,9.35,0.0,,1.0,0.05,9.35,C,Z,C-Z,0.75,0.05,4.25,13.6,0.36619718309859156,0.1056338028169014,0.32485210591689206,0.21921830309999066,4.236843436894322,5,5,0.25,46.75,0.0,True,REORDENAR,0.3676470588235294
MASS0451,0.007042253521126761,0.08391813582966891,11.916375287812984,142,7.68,1.0,6.4,0.0,,1.0,0.05,6.4,C,Z,C-Z,0.75,0.05,4.25,10.65,0.36619718309859156,0.1056338028169014,0.32485210591689206,0.21921830309999066,4.787811749852381,5,5,0.25,32.0,0.0,True,REORDENAR,0.3676470588235294
MASS0269,0.007042253521126761,0.08391813582966891,11.916375287812984,142,6.85,1.0,6.26,0.0,,1.0,0.05,6.26,C,Z,C-Z,0.75,0.05,4.25,10.51,0.36619718309859156,0.1056338028169014,0.32485210591689206,0.21921830309999066,4.8195946329718815,5,5,0.25,31.299999999999997,0.0,True,REORDENAR,0.3676470588235294
MASS1693,1.3450704225352113,2.582114628062105,1.919687315103764,142,1278.75,191.0,1.778707482993197,5.0,1.1,50.0,0.062496,1.1,B,Z,B-Z,0.85,0.00124992,0.10624320000000001,1.2062432,69.94366197183099,20.176056338028168,30.540894926778638,10.36483858875047,196.61249512575773,4,200,0.249984,220.00000000000003,5.0,True,REORDENAR,0.36762352941176474
MASS0730,1.4225352112676057,3.2753624533597856,2.302482516718265,142,5121.13,202.0,11.445765765765765,0.0,10.2,30.0,0.08256,10.2,A,Z,A-Z,0.9,0.0027519999999999997,0.23391999999999996,10.433919999999999,73.9718309859155,21.338028169014088,37.59505345653428,16.257025287520193,68.74859128681315,3,90,0.24767999999999998,917.9999999999999,0.0,True,REORDENAR,0.36423529411764705
MASS2085,4.112676056338028,12.952230067054828,3.1493436121948384,142,4178.47,584.0,2.471916932907348,2.0,2.3,1.0,0.001,2.3,A,Z,A-Z,0.9,0.001,0.085,2.385,213.85915492957747,61.69014084507042,125.97760054709441,64.287459702024,244.49731937931233,245,245,0.245,563.5,2.0,True,REORDENAR,0.3602941176470588
MASS0993,7.056338028169014,20.91684808981951,2.9642639009524654,142,5969.52,1002.0,2.1591959798994975,1.0,1.95,100.0,0.06122025,1.95,A,Z,A-Z,0.9,0.0006122025,0.0520372125,2.0020372125,366.92957746478874,105.84507042253522,209.66433719791263,103.81926677537741,349.55028299585456,4,400,0.244881,780.0,1.0,True,REORDENAR,0.36011911764705884
MASS1441,1.2535211267605635,3.5777813556208975,2.854185126394199,142,1306.1399999999999,178.0,4.704761904761905,0.0,3.58,48.0,0.0814,3.58,B,Z,B-Z,0.85,0.0016958333333333333,0.14414583333333333,3.7241458333333335,65.1830985915493,18.802816901408452,33.16435060476793,14.36153370335948,108.02108413562169,3,144,0.2442,515.52,0.0,True,REORDENAR,0.35911764705882354
MASS2084,4.084507042253521,15.053329764185458,3.685470390541957,142,4422.78,580.0,2.514724637681159,0.0,2.3,1.0,0.001,2.3,A,Z,A-Z,0.9,0.001,0.085,2.385,212.3943661971831,61.267605633802816,135.98372213160087,74.71611649779805,243.65856109470116,244,244,0.244,561.1999999999999,0.0,True,REORDENAR,0.3588235294117647
MASS1521,0.7394366197183099,4.370564949548736,5.910668788913529,142,496.38,105.0,2.8461538461538463,0.0,2.0,25.0,0.048509375,2.0,C,Z,C-Z,0.75,0.001940375,0.164931875,2.164931875,38.45070422535211,11.091549295774648,22.508721786034318,11.41717249025967,108.81390654711367,5,125,0.242546875,250.0,0.0,True,REORDENAR,0.35668658088235294
MASS0688,1.6971830985915493,4.130820735889267,2.4339275705239665,142,3042.0099999999998,241.0,5.159099099099099,1.0,4.25,25.0,0.0484,4.25,A,Z,A-Z,0.9,0.001936,0.16456,4.41456,88.25352112676056,25.45774647887324,45.96077724808744,20.5030307692142,115.445412391201,5,125,0.242,531.25,1.0,True,REORDENAR,0.3558823529411764
MASS0189,4.5,11.695152660169976,2.5989228133711055,142,1915.68,639.0,0.925503355704698,108.0,0.95,300.0,0.120615,0.95,B,Z,B-Z,0.85,0.00040205,0.034174249999999996,0.9841742499999999,234.0,67.5,114.44538665172766,46.94538665172766,398.1312800439727,2,600,0.24123,570.0,108.0,True,REORDENAR,0.35475
MASS2083,3.943661971830986,12.002230672036958,3.043422777552229,142,3713.09,560.0,2.049188191881919,5.0,2.3,1.0,0.001,2.3,A,Z,A-Z,0.9,0.001,0.085,2.385,205.07042253521126,59.15492957746479,118.7271358051467,59.57220622768191,239.42069762260323,240,240,0.24,552.0,5.0,True,REORDENAR,0.3529411764705882
MASS1964,0.704225352112676,2.037898835852338,2.8938163469103206,142,1649.14,100.0,7.4440384615384625,0.0,5.9,1.0,0.003795,5.9,B,Z,B-Z,0.85,0.003795,0.322575,6.222575,36.61971830985915,10.56338028169014,18.743688105461914,8.180307823771773,62.636401631321974,63,63,0.23908500000000002,371.70000000000005,0.0,True,REORDENAR,0.35159558823529413
MASS2272,1.5492957746478873,5.892148237109035,3.8031138621340137,142,1052.39,220.0,1.3953521126760562,0.0,1.1,100.0,0.0795555,1.1,B,Z,B-Z,0.85,0.000795555,0.06762217499999999,1.167622175,80.56338028169014,23.239436619718308,46.891045558729715,23.651608939011407,214.47271194160962,3,300,0.2386665,330.0,0.0,True,REORDENAR,0.3509801470588235
MASS0122,4.859154929577465,15.6828458253437,3.2274842133316017,142,3607.55,690.0,2.6631677018633537,113.0,2.5,100.0,0.07930125,2.5,A,Z,A-Z,0.9,0.0007930125,0.0674060625,2.5674060625,252.6760563380282,72.88732394366197,150.7279980044411,77.84067406077914,256.14691772343275,3,300,0.23790375000000002,750.0,113.0,True,REORDENAR,0.349858455882353
MASS2199,0.7676056338028169,6.702032604729826,8.731088347446196,142,1063.23,109.0,3.074567901234568,3.0,3.25,10.0,0.02625,3.25,B,Z,B-Z,0.85,0.0026249999999999997,0.223125,3.473125,39.91549295774648,11.514084507042254,38.41664158550235,26.90255707846009,87.53160905875875,9,90,0.23625,292.5,3.0,True,REORDENAR,0.3474264705882353
MASS2019,3.8098591549295775,10.29902777108924,2.7032568271620554,142,4699.05,541.0,2.6893661971830984,7.0,2.32,1.0,0.001,2.32,A,Z,A-Z,0.9,0.001,0.085,2.405,198.11267605633802,57.147887323943664,108.26636880367222,51.11848147972856,234.34352715555346,235,235,0.23500000000000001,545.1999999999999,7.0,True,REORDENAR,0.34558823529411764
MASS2093,1.0633802816901408,2.8264575446171705,2.6579931876532332,142,597.7,151.0,0.8907547169811321,0.0,0.65,200.0,0.11628,0.65,C,Z,C-Z,0.75,0.0005813999999999999,0.04941899999999999,0.699419,55.29577464788732,15.950704225352112,23.33422413543192,7.383519910079809,229.57872032164,2,400,0.23256,260.0,0.0,True,REORDENAR,0.34199999999999997
MASS1456,1.2746478873239437,10.212733232974577,8.01219955294138,142,318.9,181.0,1.1747619047619047,0.0,0.68,200.0,0.11628,0.68,C,Z,C-Z,0.75,0.0005813999999999999,0.04941899999999999,0.729419,66.28169014084507,19.119718309859156,45.798314386990356,26.6785960771312,246.12890619976986,2,400,0.23256,272.0,0.0,True,REORDENAR,0.34199999999999997
MASS1973,0.852112676056338,2.625427173884298,3.081079823897275,142,1408.89,121.0,6.32639344262295,0.0,2.5,20.0,0.0384,2.5,B,Z,B-Z,0.85,0.0019199999999999998,0.16319999999999998,2.6632,44.309859154929576,12.78169014084507,23.32038915447211,10.53869901362704,105.31801478494603,6,120,0.2304,300.0,0.0,True,REORDENAR,0.3388235294117647
MASS1349,6.119718309859155,17.42154954567963,2.8467894539545537,142,3666.8,869.0,2.3678921568627453,75.0,2.1,100.0,0.0567,2.1,A,Z,A-Z,0.9,0.000567,0.048195,2.1481950000000003,318.22535211267603,91.79577464788733,178.26637921300255,86.47060456511522,314.2569618977265,4,400,0.2268,840.0,75.0,True,REORDENAR,0.33352941176470585
MASS1978,0.7535211267605634,1.9540342691678694,2.593204357213434,142,2092.81,107.0,4.434193548387097,2.0,3.3,20.0,0.045279,3.3,B,Z,B-Z,0.85,0.00226395,0.19243575,3.49243575,39.183098591549296,11.30281690140845,19.14648486901226,7.843667967603809,86.48475238984611,5,100,0.226395,330.0,2.0,True,REORDENAR,0.33293382352941175
MASS2349,0.36619718309859156,1.3604279324626618,3.715014738648038,142,847.25,52.0,5.052448979591837,1.0,4.15,20.0,0.074844,4.15,B,Z,B-Z,0.85,0.0037421999999999998,0.318087,4.468087000000001,19.04225352112676,5.492957746478873,10.953836895049292,5.460879148570419,53.30313240712326,3,60,0.22453199999999998,249.00000000000003,1.0,True,REORDENAR,0.3301941176470588
MASS2189,0.6056338028169014,2.5179011480178675,4.157464686262061,142,780.67,86.0,4.091632653061224,2.0,1.9,1.0,0.002199375,1.9,B,Z,B-Z,0.85,0.002199375,0.18694687499999998,2.0869468749999998,31.492957746478872,9.08450704225352,19.191586990606226,10.107079948352705,100.30103137012476,101,101,0.22213687499999998,191.89999999999998,2.0,True,REORDENAR,0.32667187499999994
MASS1635,0.528169014084507,5.589622682265492,10.583018945089334,142,741.3199999999999,75.0,4.807857142857143,8.0,4.05,20.0,0.055404,4.05,B,Z,B-Z,0.85,0.0027702,0.235467,4.285467,27.464788732394364,7.922535211267605,30.35977957062485,22.437244359357244,65.36472286673603,4,80,0.221616,324.0,8.0,True,REORDENAR,0.32590588235294116
MASS1636,0.5633802816901409,4.261762677199607,7.564628752029302,142,781.15,80.0,5.350444444444444,0.0,4.05,20.0,0.055404,4.05,B,Z,B-Z,0.85,0.0027702,0.235467,4.285467,29.295774647887324,8.450704225352114,25.557800003623875,17.107095778271763,67.50839549128848,4,80,0.221616,324.0,0.0,True,REORDENAR,0.32590588235294116
MASS1633,0.7183098591549296,4.5823686110682464,6.379375909526382,142,929.63,102.0,5.163636363636364,0.0,4.05,20.0,0.055404,4.05,B,Z,B-Z,0.85,0.0027702,0.235467,4.285467,37.35211267605634,10.774647887323944,29.168684500456326,18.394036613132382,76.2277109311665,4,80,0.221616,324.0,0.0,True,REORDENAR,0.32590588235294116
MASS1634,0.6971830985915493,4.872836034167633,6.989320372240443,142,990.76,99.0,5.49037037037037,0.0,4.05,20.0,0.055404,4.05,B,Z,B-Z,0.85,0.0027702,0.235467,4.285467,36.25352112676056,10.457746478873238,30.01774525456652,19.55999877569328,75.0983490763124,4,80,0.221616,324.0,0.0,True,REORDENAR,0.32590588235294116
MASS0251,1.0,2.868266088529781,2.868266088529781,142,773.44,142.0,2.425352112676056,0.0,2.3,30.0,0.055,2.3,B,Z,B-Z,0.85,0.0018333333333333333,0.15583333333333332,2.455833333333333,52.0,15.0,26.513476092077973,11.513476092077973,118.81098526888532,4,120,0.22,276.0,0.0,True,REORDENAR,0.3235294117647059
MASS1357,10.47887323943662,22.01763262113202,2.101145048522007,142,4631.52,1488.0,0.9532698961937717,231.0,0.98,100.0,0.036642375,0.98,A,Z,A-Z,0.9,0.00036642375,0.031146018749999997,1.0111460187499999,544.9014084507043,157.1830985915493,266.4660299892349,109.28293139768562,599.3857278124465,6,600,0.21985424999999997,588.0,231.0,True,REORDENAR,0.32331507352941175
MASS1797,2.732394366197183,8.822051266717517,3.228688865654349,142,1268.24,388.0,1.2120454545454544,0.0,0.95,96.0,0.054756,0.95,B,Z,B-Z,0.85,0.000570375,0.048481875,0.998481875,142.0845070422535,40.985915492957744,76.39841670706318,35.41250121410543,308.0049101827816,4,384,0.219024,364.79999999999995,0.0,True,REORDENAR,0.3220941176470588
MASS1205,12.612676056338028,25.642619828191922,2.0330832024585446,142,4397.08,1791.0,0.9396846846846848,0.0,0.86,100.0,0.027,0.86,A,Z,A-Z,0.9,0.00027,0.02295,0.88295,655.8591549295775,189.19014084507043,316.46543477706416,127.27529393199373,703.7065729732162,8,800,0.216,688.0,0.0,True,REORDENAR,0.3176470588235294
MASS1948,0.5774647887323944,1.7557360650043752,3.0404209906173327,142,1144.52,82.0,3.5659722222222223,0.0,3.8,20.0,0.0532,3.8,B,Z,B-Z,0.85,0.00266,0.2261,4.0261,30.028169014084508,8.661971830985916,15.709653107582037,7.047681276596121,70.51418934205795,4,80,0.2128,304.0,0.0,True,REORDENAR,0.3129411764705882
MASS1996,2.443661971830986,7.536694769933258,3.084180568675858,142,1913.8700000000001,347.0,1.4304014598540147,42.0,1.0,100.0,0.07,1.0,B,Z,B-Z,0.85,0.0007000000000000001,0.05950000000000001,1.0595,127.07042253521126,36.65492957746479,66.90789508646125,30.25296550899646,282.7653089351842,3,300,0.21000000000000002,300.0,42.0,True,REORDENAR,0.3088235294117647
MASS2388,0.28169014084507044,1.869373153870769,6.636274696241229,142,184.14,40.0,2.456,0.0,2.2,60.0,0.10465,2.2,C,Z,C-Z,0.75,0.0017441666666666669,0.1482541666666667,2.348254166666667,14.647887323943662,4.225352112676057,9.10869236565799,4.883340252981934,64.48657553203259,2,120,0.2093,264.0,0.0,True,REORDENAR,0.30779411764705883
MASS2389,0.3591549295774648,1.568038704905561,4.365911688168425,142,368.5,51.0,2.9121428571428574,0.0,2.2,60.0,0.10465,2.2,C,Z,C-Z,0.75,0.0017441666666666669,0.1482541666666667,2.348254166666667,18.67605633802817,5.387323943661972,9.483491961290591,4.096168017628619,72.81559579105902,2,120,0.2093,264.0,0.0,True,REORDENAR,0.30779411764705883
MASS2048,0.4647887323943662,1.8818354245200413,4.048797428512816,142,974.25,66.0,7.099677419354839,1.0,5.5,24.0,0.069509328,5.5,B,Z,B-Z,0.85,0.002896222,0.24617887,5.74617887,24.16901408450704,6.971830985915493,14.525686346853334,7.553855360937841,52.95345087008169,3,72,0.208527984,396.0,1.0,True,REORDENAR,0.3066588
MASS2352,0.5352112676056338,2.191738103080807,4.095089613650982,142,728.17,76.0,4.1621875,0.0,3.33,24.0,0.051971625,3.33,B,Z,B-Z,0.85,0.002165484375,0.184066171875,3.514066171875,27.830985915492956,8.028169014084506,16.826001387737097,8.797832373652591,72.66306261235243,4,96,0.2078865,319.68,0.0,True,REORDENAR,0.3057154411764706
MASS1931,2.387323943661972,6.41236459804711,2.686005229860441,142,2414.66,339.0,2.97955223880597,0.0,2.45,50.0,0.05168,2.45,A,Z,A-Z,0.9,0.0010336,0.087856,2.537856,124.14084507042254,35.80985915492958,67.63716831771191,31.827309162782328,180.58356860142308,4,200,0.20672,490.00000000000006,0.0,True,REORDENAR,0.304
MASS1473,1.3591549295774648,3.156309788245237,2.322259015185615,142,1270.47,193.0,3.298918918918919,10.0,2.8,40.0,0.051578,2.8,B,Z,B-Z,0.85,0.00128945,0.10960325,2.90960325,70.67605633802816,20.387323943661972,33.05703315630356,12.669709212641589,127.25464332368976,4,160,0.206312,448.0,10.0,True,REORDENAR,0.3034
MASS1809,0.5492957746478874,2.277168407134199,4.145614279654567,142,801.22,78.0,4.025945945945947,0.0,3.2,40.0,0.102396,3.2,B,Z,B-Z,0.85,0.0025599,0.2175915,3.4175915000000003,28.563380281690144,8.23943661971831,17.38019385909068,9.140757239372372,74.64472046684834,2,80,0.204792,256.0,0.0,True,REORDENAR,0.30116470588235295
MASS1808,0.6056338028169014,2.3061980824389328,3.8079084617014938,142,1026.34,86.0,4.436041666666667,0.0,3.2,40.0,0.102396,3.2,B,Z,B-Z,0.85,0.0025599,0.2175915,3.4175915000000003,31.492957746478872,9.08450704225352,18.34179198939974,9.257284947146221,78.37923498944238,2,80,0.204792,256.0,0.0,True,REORDENAR,0.30116470588235295
MASS0759,1.380281690140845,5.315216206735454,3.850819904879768,142,6618.24,196.0,10.915208333333334,2.0,13.5,20.0,0.06765,13.5,A,Z,A-Z,0.9,0.0033825,0.2875125,13.7875125,71.77464788732394,20.704225352112676,47.08591761120864,26.381692259095967,58.911074787995766,3,60,0.20295000000000002,810.0,2.0,True,REORDENAR,0.29845588235294124
MASS1286,2.76056338028169,6.158577685876482,2.2309133453940317,142,1174.75,392.0,0.6330555555555556,0.0,0.45,100.0,0.040095,0.45,B,Z,B-Z,0.85,0.00040094999999999996,0.03408075,0.48408075,143.54929577464787,41.40845070422535,66.12953123127267,24.721080527047313,444.6271694298068,5,500,0.200475,225.0,0.0,True,REORDENAR,0.2948161764705882
MASS1106,0.007042253521126761,0.08391813582966891,11.916375287812984,142,25.29,1.0,12.07,0.0,,1.0,0.05,12.07,C,Z,C-Z,0.75,0.05,4.25,16.32,0.36619718309859156,0.1056338028169014,0.32485210591689206,0.21921830309999066,3.867691205007893,4,4,0.2,48.28,0.0,True,REORDENAR,0.29411764705882354
MASS0620,0.007042253521126761,0.08391813582966891,11.916375287812984,142,22.0,1.0,12.76,0.0,,1.0,0.05,12.76,C,Z,C-Z,0.75,0.05,4.25,17.009999999999998,0.36619718309859156,0.1056338028169014,0.32485210591689206,0.21921830309999066,3.7884338925167342,4,4,0.2,51.04,0.0,True,REORDENAR,0.29411764705882354
MASS0360,0.007042253521126761,0.08391813582966891,11.916375287812984,142,27.26,1.0,18.17,0.0,,1.0,0.05,18.17,C,Z,C-Z,0.75,0.05,4.25,22.42,0.36619718309859156,0.1056338028169014,0.32485210591689206,0.21921830309999066,3.29984899094289,4,4,0.2,72.68,0.0,True,REORDENAR,0.29411764705882354
MASS0485,0.014084507042253521,0.16783627165933782,11.916375287812984,142,58.6,2.0,27.9,0.0,,1.0,0.05,27.9,C,Z,C-Z,0.75,0.05,4.25,32.15,0.7323943661971831,0.2112676056338028,0.6497042118337841,0.4384366061999813,3.897053601688864,4,4,0.2,111.6,0.0,True,REORDENAR,0.29411764705882354
MASS1218,0.007042253521126761,0.08391813582966891,11.916375287812984,142,13.57,1.0,11.21,0.0,,1.0,0.05,11.21,C,Z,C-Z,0.75,0.05,4.25,15.46,0.36619718309859156,0.1056338028169014,0.32485210591689206,0.21921830309999066,3.973810246895934,4,4,0.2,44.84,0.0,True,REORDENAR,0.29411764705882354
MASS1214,6.5,19.359513943842806,2.978386760591201,142,11343.21,923.0,6.831966666666667,0.0,6.2,50.0,0.05,6.2,AA,Z,AA-Z,0.95,0.001,0.085,6.285,338.0,97.5,220.82960361576286,123.32960361576286,189.34771982497438,4,200,0.2,1240.0,0.0,True,REORDENAR,0.29411764705882354
MASS1252,0.007042253521126761,0.08391813582966891,11.916375287812984,142,28.0,1.0,19.58,0.0,,1.0,0.05,19.58,C,Z,C-Z,0.75,0.05,4.25,23.83,0.36619718309859156,0.1056338028169014,0.32485210591689206,0.21921830309999066,3.2007359584288686,4,4,0.2,78.32,0.0,True,REORDENAR,0.29411764705882354
MASS1121,0.007042253521126761,0.08391813582966891,11.916375287812984,142,30.0,1.0,16.2,0.0,,1.0,0.05,16.2,C,Z,C-Z,0.75,0.05,4.25,20.45,0.36619718309859156,0.1056338028169014,0.32485210591689206,0.21921830309999066,3.4551365355325236,4,4,0.2,64.8,0.0,True,REORDENAR,0.29411764705882354
MASS0204,5.654929577464789,16.424357355282204,2.9044318112703276,142,1338.8600000000001,803.0,0.9998734177215189,0.0,0.85,150.0,0.05,0.85,B,Z,B-Z,0.85,0.0003333333333333334,0.028333333333333335,0.8783333333333333,294.056338028169,84.82394366197184,150.75278007432732,65.92883641235548,472.43271101294727,4,600,0.2,510.0,0.0,True,REORDENAR,0.29411764705882354
MASS0437,0.007042253521126761,0.08391813582966891,11.916375287812984,142,13.28,1.0,15.58,0.0,,1.0,0.05,15.58,C,Z,C-Z,0.75,0.05,4.25,19.83,0.36619718309859156,0.1056338028169014,0.32485210591689206,0.21921830309999066,3.5087345473841585,4,4,0.2,62.32,0.0,True,REORDENAR,0.29411764705882354
MASS1145,0.007042253521126761,0.08391813582966891,11.916375287812984,142,10.56,1.0,11.07,0.0,,1.0,0.05,11.07,C,Z,C-Z,0.75,0.05,4.25,15.32,0.36619718309859156,0.1056338028169014,0.32485210591689206,0.21921830309999066,3.9919260501688956,4,4,0.2,44.28,0.0,True,REORDENAR,0.29411764705882354
MASS0458,0.007042253521126761,0.08391813582966891,11.916375287812984,142,10.56,1.0,12.46,0.0,,1.0,0.05,12.46,C,Z,C-Z,0.75,0.05,4.25,16.71,0.36619718309859156,0.1056338028169014,0.32485210591689206,0.21921830309999066,3.8222900962428388,4,4,0.2,49.84,0.0,True,REORDENAR,0.29411764705882354
MASS1618,0.5704225352112676,1.6476843295926002,2.888533022248756,142,670.16,81.0,5.208,0.0,2.35,24.0,0.05,2.35,B,Z,B-Z,0.85,0.0020833333333333333,0.17708333333333334,2.5270833333333336,29.661971830985916,8.556338028169014,15.170289994452547,6.613951966283533,88.45952393628049,4,96,0.2,225.60000000000002,0.0,True,REORDENAR,0.29411764705882354
MASS1772,0.02112676056338028,0.1871135680914126,8.856708889660197,142,194.26,3.0,62.75333333333333,0.0,,1.0,0.05,62.75333333333333,C,Z,C-Z,0.75,0.05,4.25,67.00333333333333,1.0985915492957745,0.31690140845070425,0.8056958564975594,0.4887944480468551,3.3061632416272637,4,4,0.2,251.01333333333332,0.0,True,REORDENAR,0.29411764705882354
MASS2151,0.24647887323943662,1.3898651382013203,5.638881417845356,142,643.29,35.0,9.9675,0.0,4.95,10.0,0.05,4.95,C,Z,C-Z,0.75,0.005,0.425,5.375,12.816901408450704,3.6971830985915495,7.327910522670097,3.630727424078547,39.870956822571664,4,40,0.2,198.0,0.0,True,REORDENAR,0.29411764705882354
MASS0007,0.014084507042253521,0.16783627165933782,11.916375287812984,142,90.0,2.0,26.89,0.0,,1.0,0.05,26.89,C,Z,C-Z,0.75,0.05,4.25,31.14,0.7323943661971831,0.2112676056338028,0.6497042118337841,0.4384366061999813,3.95974814305082,4,4,0.2,107.56,0.0,True,REORDENAR,0.29411764705882354
MASS1350,0.007042253521126761,0.08391813582966891,11.916375287812984,142,18.63,1.0,12.42,0.0,,1.0,0.05,12.42,C,Z,C-Z,0.75,0.05,4.25,16.67,0.36619718309859156,0.1056338028169014,0.32485210591689206,0.21921830309999066,3.8268731795392967,4,4,0.2,49.68,0.0,True,REORDENAR,0.29411764705882354
MASS2678,0.07042253521126761,0.554131962212342,7.868673863415255,142,2570.5,10.0,149.0,0.0,,1.0,0.05,149.0,A,Z,A-Z,0.9,0.05,4.25,153.25,3.6619718309859155,1.0563380281690142,3.806732053437422,2.750394025268408,3.991274785616039,4,4,0.2,596.0,0.0,True,REORDENAR,0.29411764705882354
MASS2012,0.02112676056338028,0.1871135680914126,8.856708889660197,142,165.69,3.0,41.82,0.0,,1.0,0.05,41.82,C,Z,C-Z,0.75,0.05,4.25,46.07,1.0985915492957745,0.31690140845070425,0.8056958564975594,0.4887944480468551,3.987157499131706,4,4,0.2,167.28,0.0,True,REORDENAR,0.29411764705882354
MASS2014,0.02112676056338028,0.18711356809141264,8.856708889660199,142,230.4,3.0,56.0,0.0,,1.0,0.05,56.0,C,Z,C-Z,0.75,0.05,4.25,60.25,1.0985915492957745,0.31690140845070425,0.8056958564975594,0.4887944480468551,3.486534538823569,4,4,0.2,224.0,0.0,True,REORDENAR,0.29411764705882354
MASS1822,3.119718309859155,9.076883892431567,2.909520344752331,142,2353.2599999999998,443.0,2.9042608695652175,0.0,2.6,100.0,0.06625,2.6,A,Z,A-Z,0.9,0.0006625,0.0563125,2.6563125000000003,162.22535211267606,46.79577464788733,91.84823313832953,45.052458490442206,201.7781566586573,3,300,0.19875,780.0,0.0,True,REORDENAR,0.2922794117647059
MASS1821,3.704225352112676,11.728481870400673,3.166244155127178,142,3276.04,526.0,3.3317424242424245,3.0,3.08,100.0,0.06625,3.08,A,Z,A-Z,0.9,0.0006625,0.0563125,3.1363125000000003,192.61971830985914,55.563380281690144,113.77685407777065,58.21347379608051,202.3462115568026,3,300,0.19875,924.0,3.0,True,REORDENAR,0.2922794117647059
MASS1365,1.6830985915492958,3.203211416731916,1.9031632685185442,142,3573.44,239.0,5.2903496503496505,39.0,4.65,50.0,0.06601,4.65,A,Z,A-Z,0.9,0.0013201999999999999,0.112217,4.762217000000001,87.52112676056338,25.246478873239436,41.14538769466383,15.898908821424396,110.6894501419022,3,150,0.19802999999999998,697.5,39.0,True,REORDENAR,0.29122058823529406
MASS1627,3.915492957746479,10.149585435230456,2.5921603089977063,142,1849.78,556.0,1.0273305084745763,0.0,0.68,220.0,0.09867,0.68,B,Z,B-Z,0.85,0.00044849999999999995,0.0381225,0.7181225,203.6056338028169,58.732394366197184,99.47373622438138,40.7413418581842,434.76041919318607,2,440,0.19734,299.20000000000005,0.0,True,REORDENAR,0.29020588235294115
MASS2385,0.4647887323943662,1.8590853078865963,3.9998502078772225,142,743.97,66.0,3.651666666666667,2.0,2.75,60.0,0.098423,2.75,B,Z,B-Z,0.85,0.0016403833333333332,0.13943258333333333,2.8894325833333334,24.16901408450704,6.971830985915493,14.434365348080371,7.462534362164878,74.67539954127925,2,120,0.196846,330.0,2.0,True,REORDENAR,0.2894794117647059
MASS0601,3.823943661971831,8.141740187048422,2.129147525894799,142,2012.03,543.0,1.3715263157894735,20.0,1.25,120.0,0.0648,1.25,B,Z,B-Z,0.85,0.00054,0.0459,1.2959,198.8450704225352,57.359154929577464,90.04082674739045,32.68167181781299,319.83503865236065,3,360,0.1944,450.0,20.0,True,REORDENAR,0.2858823529411764
MASS0602,3.816901408450704,8.213135749594949,2.1517809528459093,142,1592.6100000000001,542.0,1.3305882352941176,62.0,1.25,120.0,0.0648,1.25,B,Z,B-Z,0.85,0.00054,0.0459,1.2959,198.4788732394366,57.25352112676056,90.22178110518638,32.96825997842582,319.54039553256104,3,360,0.1944,450.0,62.0,True,REORDENAR,0.2858823529411764
MASS1594,0.352112676056338,2.1344761448060225,6.061912251249105,142,198.11,50.0,2.78,0.0,2.0,25.0,0.048509375,2.0,C,Z,C-Z,0.75,0.001940375,0.164931875,2.164931875,18.309859154929576,5.28169014084507,10.85755564173667,5.5758655008916005,75.08872928566066,4,100,0.1940375,200.0,0.0,True,REORDENAR,0.28534926470588234
MASS1596,0.44366197183098594,2.181562482178767,4.917172578879126,142,299.87,63.0,2.9235714285714285,0.0,2.0,25.0,0.048509375,2.0,C,Z,C-Z,0.75,0.001940375,0.164931875,2.164931875,23.070422535211268,6.654929577464789,12.35379813217777,5.698868554712981,84.2868895785483,4,100,0.1940375,200.0,0.0,True,REORDENAR,0.28534926470588234
MASS1595,0.4295774647887324,1.925557439133784,4.482445186180284,142,324.32,61.0,3.558095238095238,0.0,2.0,25.0,0.048509375,2.0,C,Z,C-Z,0.75,0.001940375,0.164931875,2.164931875,22.338028169014084,6.443661971830986,11.473771734817806,5.03010976298682,82.93821232819636,4,100,0.1940375,200.0,0.0,True,REORDENAR,0.28534926470588234
MASS1593,0.352112676056338,2.0148286557513417,5.722113382333811,142,194.81,50.0,2.78,0.0,2.0,25.0,0.048509375,2.0,C,Z,C-Z,0.75,0.001940375,0.164931875,2.164931875,18.309859154929576,5.28169014084507,10.545001993333667,5.263311852488597,75.08872928566066,4,100,0.1940375,200.0,0.0,True,REORDENAR,0.28534926470588234
MASS1928,0.4084507042253521,2.154180924388548,5.274029159709894,142,340.48,58.0,1.6822857142857142,4.0,1.2,100.0,0.096,1.2,C,Z,C-Z,0.75,0.00096,0.0816,1.2816,21.23943661971831,6.126760563380282,11.754100615038933,5.627340051658651,105.11135085076617,2,200,0.192,240.0,4.0,True,REORDENAR,0.2823529411764706
MASS1927,0.4084507042253521,1.961165269390815,4.801473590577513,142,333.57,58.0,1.6651428571428573,0.0,1.2,100.0,0.096,1.2,C,Z,C-Z,0.75,0.00096,0.0816,1.2816,21.23943661971831,6.126760563380282,11.249888218731426,5.123127655351144,105.11135085076617,2,200,0.192,240.0,0.0,True,REORDENAR,0.2823529411764706
MASS1724,0.4507042253521127,1.7405365798097376,3.8618155364528555,142,1804.07,64.0,15.9275,0.0,16.5,12.0,0.062832,16.5,B,Z,B-Z,0.85,0.005236,0.44506,16.94506,23.43661971830986,6.76056338028169,13.747232566646652,6.986669186364962,30.36549055956318,3,36,0.188496,594.0,0.0,True,REORDENAR,0.2772
MASS0438,10.007042253521126,28.49747941544415,2.8477424890873113,142,5987.66,1421.0,2.409866666666667,0.0,2.4,100.0,0.047089,2.4,A,Z,A-Z,0.9,0.00047089,0.04002565,2.44002565,520.3661971830985,150.1056338028169,291.55081737700004,141.44518357418315,377.0610852649723,4,400,0.188356,960.0,0.0,True,REORDENAR,0.27699411764705884
MASS2200,2.0704225352112675,7.988154250566027,3.8582241618380135,142,2403.42,294.0,2.5324666666666666,0.0,2.58,150.0,0.093439,2.58,A,Z,A-Z,0.9,0.0006229266666666666,0.05294876666666666,2.632948766666667,107.6619718309859,31.056338028169012,70.70496547056182,39.64862744239281,165.1065608060554,2,300,0.186878,774.0,0.0,True,REORDENAR,0.2748205882352941
MASS0006,8.47887323943662,31.419314272588835,3.7056001882953606,142,2874.32,1204.0,1.5093457943925233,0.0,1.45,100.0,0.037241325,1.45,A,Z,A-Z,0.9,0.00037241324999999996,0.03165512625,1.48165512625,440.90140845070425,127.1830985915493,283.1305987291511,155.94750013760176,445.401371080626,5,500,0.186206625,725.0,0.0,True,REORDENAR,0.2738332720588235
MASS1790,2.2816901408450705,5.998068480099143,2.6287830993027104,142,863.48,324.0,0.973986013986014,3.0,0.85,120.0,0.061952,0.85,B,Z,B-Z,0.85,0.0005162666666666667,0.04388266666666667,0.8938826666666666,118.64788732394366,34.225352112676056,58.30213436116894,24.076782248492883,297.4706464443862,3,360,0.185856,306.0,3.0,True,REORDENAR,0.27331764705882355
MASS1789,2.4507042253521125,6.4966739605889705,2.6509416735736604,142,990.59,348.0,1.0278321678321678,0.0,0.85,120.0,0.061952,0.85,B,Z,B-Z,0.85,0.0005162666666666667,0.04388266666666667,0.8938826666666666,127.43661971830986,36.76056338028169,62.83879253147154,26.078229151189852,308.29127517268404,3,360,0.185856,306.0,0.0,True,REORDENAR,0.27331764705882355
MASS0699,2.415492957746479,5.1021382775750155,2.1122554968386362,142,727.26,343.0,0.7264754098360656,26.0,0.54,100.0,0.0462,0.54,B,Z,B-Z,0.85,0.00046199999999999995,0.03927,0.5792700000000001,125.60563380281691,36.232394366197184,56.7128328137495,20.480438447552316,380.2055144172576,4,400,0.1848,216.0,26.0,True,REORDENAR,0.27176470588235296
MASS0609,5.415492957746479,9.625058133928873,1.7773189272014303,142,4619.91,769.0,2.39080701754386,13.0,2.4,100.0,0.061152,2.4,A,Z,A-Z,0.9,0.0006115199999999999,0.051979199999999996,2.4519792,281.6056338028169,81.23239436619718,129.00567616486518,47.773281798667995,276.70477209335144,3,300,0.183456,720.0,13.0,True,REORDENAR,0.26978823529411766
MASS1235,0.29577464788732394,1.308936726168067,4.425452740853942,142,473.34,42.0,7.025,4.0,5.32,24.0,0.088452,5.32,C,Z,C-Z,0.75,0.0036855,0.3132675,5.6332675000000005,15.380281690140844,4.436619718309859,7.85593885759862,3.4193191392887607,42.66348497906079,2,48,0.176904,255.36,4.0,True,REORDENAR,0.2601529411764706
MASS1237,0.20422535211267606,1.021323938402567,5.000965491488431,142,314.15,29.0,6.904999999999999,1.0,5.32,24.0,0.088452,5.32,C,Z,C-Z,0.75,0.0036855,0.3132675,5.6332675000000005,10.619718309859156,3.063380281690141,5.731372110613178,2.6679918289230367,35.45117889308439,2,48,0.176904,255.36,1.0,True,REORDENAR,0.2601529411764706
MASS1555,2.4225352112676055,26.914976174302858,11.110251792880831,142,3358.64,344.0,6.00875,0.0,5.8,50.0,0.0575,5.8,A,Z,A-Z,0.9,0.00115,0.09775,5.89775,125.97183098591549,36.33802816901408,169.9285710507063,133.59054288169222,119.32952496131824,3,150,0.17250000000000001,870.0,0.0,True,REORDENAR,0.2536764705882353
MASS0603,1.6971830985915493,5.027568588244177,2.962301823778727,142,665.76,241.0,0.7655000000000001,30.0,0.6,150.0,0.057456,0.6,B,Z,B-Z,0.85,0.00038304,0.0325584,0.6325584,88.25352112676056,25.45774647887324,45.63885553758759,20.18110905871435,304.97909948658634,3,450,0.172368,270.0,30.0,True,REORDENAR,0.2534823529411765
MASS1536,1.9859154929577465,3.9661438039560517,1.9971362417083665,142,2721.33,282.0,4.515205479452055,0.0,3.75,1.0,0.001269,3.75,A,Z,A-Z,0.9,0.001269,0.10786499999999999,3.857865,103.26760563380282,29.788732394366196,49.47440108996825,19.68566869560205,133.58660452877652,134,134,0.170046,502.5,0.0,True,REORDENAR,0.25006764705882356
MASS1709,1.647887323943662,3.3330436393944316,2.0226162256154243,142,3027.9,234.0,3.952635135135135,1.0,3.45,50.0,0.056672,3.45,A,Z,A-Z,0.9,0.00113344,0.09634240000000001,3.5463424000000003,85.69014084507043,24.718309859154928,41.261631553052226,16.543321693897298,126.9198255668397,3,150,0.170016,517.5,1.0,True,REORDENAR,0.2500235294117647
MASS0733,13.147887323943662,22.15258087619986,1.684877602796133,142,7643.41,1867.0,1.617001733102253,0.0,1.6,250.0,0.056628,1.6,AA,Z,AA-Z,0.95,0.000226512,0.01925352,1.61925352,683.6901408450705,197.21830985915494,338.3411204035167,141.12281054436176,530.5503485269568,3,750,0.16988399999999998,1200.0,0.0,True,REORDENAR,0.24982941176470586
MASS1801,8.80281690140845,24.399232471540568,2.7717528087670087,142,14135.43,1250.0,4.452110655737705,1.0,5.45,100.0,0.056448,5.45,AA,Z,AA-Z,0.95,0.00056448,0.047980800000000004,5.497980800000001,457.7464788732394,132.04225352112675,287.4773371690296,155.43508364790287,235.59456489292685,3,300,0.169344,1635.0,1.0,True,REORDENAR,0.24903529411764705
MASS0696,4.436619718309859,9.164737222136491,2.0657026754656855,142,985.45,630.0,0.28805309734513274,0.0,0.2,100.0,0.01875,0.2,B,Z,B-Z,0.85,0.0001875,0.0159375,0.2159375,230.70422535211267,66.54929577464789,103.33736900091264,36.78807322626476,843.9527065477668,9,900,0.16874999999999998,180.0,0.0,True,REORDENAR,0.24816176470588233
MASS1924,0.5704225352112676,1.634720299774752,2.8658059576298123,142,654.5600000000001,81.0,2.8630434782608694,0.0,2.68,80.0,0.084,2.68,C,Z,C-Z,0.75,0.0010500000000000002,0.08925000000000001,2.76925,29.661971830985916,8.556338028169014,12.826697547201995,4.270359519032981,84.50322763992524,2,160,0.168,428.8,0.0,True,REORDENAR,0.24705882352941178
MASS1713,0.7746478873239436,2.2452293512415062,2.898386980693581,142,977.59,110.0,3.487846153846154,1.0,3.38,40.0,0.055692,3.38,B,Z,B-Z,0.85,0.0013923,0.11834549999999999,3.4983455,40.28169014084507,11.619718309859154,20.632269328095134,9.01255101823598,87.61467682744484,3,120,0.167076,405.59999999999997,1.0,True,REORDENAR,0.2457
MASS1472,0.8943661971830986,2.3691508682605593,2.648971836952751,142,1732.17,127.0,7.390666666666666,0.0,7.8,30.0,0.055692,7.8,B,Z,B-Z,0.85,0.0018564,0.157794,7.957794,46.50704225352113,13.41549295774648,22.925476006155172,9.509983048408692,62.419083021317164,3,90,0.167076,702.0,0.0,True,REORDENAR,0.2457
MASS1714,0.8661971830985915,1.6121386757283762,1.8611682272636538,142,1508.09,123.0,3.2733018867924533,19.0,3.38,40.0,0.055692,3.38,B,Z,B-Z,0.85,0.0013923,0.11834549999999999,3.4983455,45.04225352112676,12.992957746478872,19.464226285454306,6.471268538975433,92.6473659663862,3,120,0.167076,405.59999999999997,19.0,True,REORDENAR,0.2457
MASS1715,1.0985915492957747,2.161263943155675,1.9673043585134986,142,1784.43,156.0,3.654576271186441,0.0,3.38,40.0,0.055692,3.38,B,Z,B-Z,0.85,0.0013923,0.11834549999999999,3.4983455,57.12676056338029,16.47887323943662,25.15437961511877,8.67550637568215,104.33807502145504,3,120,0.167076,405.59999999999997,0.0,True,REORDENAR,0.2457
MASS1955,0.5985915492957746,1.825974369853176,3.050451300225306,142,305.63,85.0,1.4927027027027027,0.0,0.85,50.0,0.055,0.85,C,Z,C-Z,0.75,0.0011,0.0935,0.9435,31.12676056338028,8.97887323943662,13.748843388389432,4.769970148952812,148.30315172216072,3,150,0.165,127.5,0.0,True,REORDENAR,0.24264705882352944
MASS1800,6.570422535211268,24.703460545858047,3.759797853710442,142,6692.09,933.0,2.995322580645161,1.0,3.95,100.0,0.054912,3.95,A,Z,A-Z,0.9,0.0005491200000000001,0.04667520000000001,3.9966752000000003,341.6619718309859,98.55633802816902,221.1701826032375,122.61384457506847,238.72794750173838,3,300,0.164736,1185.0,1.0,True,REORDENAR,0.24225882352941175
MASS0149,0.8098591549295775,2.3995658549159917,2.962942186070181,142,1417.44,115.0,6.626279069767442,0.0,6.8,40.0,0.08096,6.8,B,Z,B-Z,0.85,0.002024,0.17204000000000003,6.97204,42.11267605633803,12.147887323943662,21.77995884353659,9.632071519592929,63.45719268787989,2,80,0.16192,544.0,0.0,True,REORDENAR,0.23811764705882354
MASS2100,1.2605633802816902,5.611133281399418,4.4512900891548455,142,918.83,179.0,1.6830252100840337,0.0,1.35,120.0,0.080896,1.35,B,Z,B-Z,0.85,0.0006741333333333333,0.05730133333333333,1.4073013333333335,65.54929577464789,18.908450704225352,41.43204052847692,22.523589824251566,176.2157960010682,2,240,0.161792,324.0,0.0,True,REORDENAR,0.2379294117647059
MASS0596,0.29577464788732394,1.2870811025180562,4.351559918037237,142,703.31,42.0,11.818461538461538,4.0,11.0,90.0,0.1598,11.0,B,Z,B-Z,0.85,0.0017755555555555556,0.15092222222222224,11.150922222222222,15.380281690140844,4.436619718309859,9.603078144767364,5.166458426457505,30.323625330348012,1,90,0.1598,990.0,4.0,True,REORDENAR,0.23500000000000001
MASS2351,0.2535211267605634,0.8458209300140221,3.336293668388643,142,391.2,36.0,2.8653658536585365,2.0,2.45,24.0,0.053157,2.45,C,Z,C-Z,0.75,0.0022148750000000003,0.188264375,2.6382643750000003,13.183098591549296,3.8028169014084505,6.012344403073659,2.209527501665208,57.71702851401052,3,72,0.159471,176.4,2.0,True,REORDENAR,0.23451617647058826
MASS1718,4.049295774647887,6.908035679363411,1.705984463425399,142,2350.17,575.0,0.4999047619047619,1.0,0.4,100.0,0.026488,0.4,A,Z,A-Z,0.9,0.00026488,0.0225148,0.4225148,210.56338028169012,60.739436619718305,95.02697344218629,34.287536822467985,576.4011377033008,6,600,0.158928,240.0,1.0,True,REORDENAR,0.23371764705882353
MASS1671,7.429577464788732,12.130728748184985,1.632761594542434,142,7136.84,1055.0,2.005214408233276,0.0,2.2,100.0,0.039375,2.2,A,Z,A-Z,0.9,0.00039375,0.03346875,2.23346875,386.3380281690141,111.44366197183098,171.6536591319922,60.20999716016124,339.5847350974118,4,400,0.1575,880.0000000000001,0.0,True,REORDENAR,0.2316176470588235
MASS1010,0.5774647887323944,1.7107252149783498,2.9624753722795814,142,1405.1399999999999,82.0,9.040892857142856,0.0,9.0,24.0,0.07730625,9.0,B,Z,B-Z,0.85,0.0032210937500000004,0.27379296875000003,9.27379296875,30.028169014084508,8.661971830985916,15.528975538045806,6.86700370705989,46.46116529063208,2,48,0.1546125,432.0,0.0,True,REORDENAR,0.22737132352941175
MASS1823,4.880281690140845,13.918446555920566,2.8519760619635215,142,12452.85,693.0,9.309170506912443,0.0,10.0,100.0,0.0768,10.0,AA,Z,AA-Z,0.95,0.0007679999999999999,0.06527999999999999,10.06528,253.77464788732394,73.20422535211267,161.87155975256155,88.66733440044888,129.64792102670384,2,200,0.1536,2000.0,0.0,True,REORDENAR,0.22588235294117645
MASS0753,6.352112676056338,11.129920815033511,1.752160483076229,142,3603.08,902.0,1.6333074935400518,0.0,1.6,100.0,0.038313,1.6,A,Z,A-Z,0.9,0.00038312999999999997,0.03256605,1.63256605,330.3098591549296,95.28169014084507,150.5242493124244,55.242559171579316,367.26518261993067,4,400,0.153252,640.0,0.0,True,REORDENAR,0.2253705882352941
MASS1147,5.957746478873239,11.118238316137145,1.8661818450253838,142,3579.41,846.0,1.6847777777777777,1.0,1.6,100.0,0.038313,1.6,A,Z,A-Z,0.9,0.00038312999999999997,0.03256605,1.63256605,309.80281690140845,89.36619718309859,144.55077111405672,55.18457393095812,355.681822911004,4,400,0.153252,640.0,1.0,True,REORDENAR,0.2253705882352941
MASS1476,1.9507042253521127,3.6830596762153585,1.8880666932223136,142,4910.41,277.0,7.201079136690648,26.0,6.84,80.0,0.07548,6.84,A,Z,A-Z,0.9,0.0009435000000000001,0.0801975,6.9201975,101.43661971830986,29.260563380281692,47.54116442651403,18.280601046232338,98.85360458764801,2,160,0.15096,1094.4,26.0,True,REORDENAR,0.22200000000000003
MASS2155,0.8943661971830986,4.412599218708691,4.9337723547766466,142,607.8,127.0,1.2818181818181817,0.0,1.0,50.0,0.0376125,1.0,C,Z,C-Z,0.75,0.00075225,0.06394125,1.06394125,46.50704225352113,13.41549295774648,24.942471046834,11.526978089087521,170.70840594288444,4,200,0.15045,200.0,0.0,True,REORDENAR,0.22125
MASS1846,0.028169014084507043,0.2043381279214071,7.2540035412099515,142,734.62,4.0,133.7625,0.0,,1.0,0.05,133.7625,B,Z,B-Z,0.85,0.05,4.25,138.0125,1.4647887323943662,0.4225352112676056,1.2427666953448067,0.820231484077201,2.660006233213977,3,3,0.15000000000000002,401.28749999999997,0.0,True,REORDENAR,0.2205882352941177
MASS0956,2.6901408450704225,8.206711574902519,3.0506624178957007,142,3411.5499999999997,382.0,5.0519424460431654,0.0,2.35,70.0,0.05,2.35,A,Z,A-Z,0.9,0.0007142857142857143,0.060714285714285714,2.4107142857142856,139.88732394366198,40.352112676056336,81.08553363339782,40.73342095734148,196.68474669994137,3,210,0.15000000000000002,493.5,0.0,True,REORDENAR,0.2205882352941177
MASS1486,0.014084507042253521,0.11825657242363517,8.396216642078096,142,193.0,2.0,79.0,0.0,,1.0,0.05,79.0,C,Z,C-Z,0.75,0.05,4.25,83.25,0.7323943661971831,0.2112676056338028,0.520187779811041,0.3089201741772382,2.4217803264390008,3,3,0.15000000000000002,237.0,0.0,True,REORDENAR,0.2205882352941177
MASS1547,2.971830985915493,8.27706706369505,2.7851742252244005,142,1665.26,422.0,2.4731506849315066,0.0,2.18,100.0,0.05,2.18,B,Z,B-Z,0.85,0.0005,0.0425,2.2225,154.53521126760563,44.57746478873239,77.80235076827094,33.22488597953855,215.30157694302292,3,300,0.15000000000000002,654.0,0.0,True,REORDENAR,0.2205882352941177
MASS1533,0.176056338028169,1.3170959661458077,7.481105087708189,142,220.42,25.0,6.22,0.0,3.0,20.0,0.05,3.0,C,Z,C-Z,0.75,0.0025,0.2125,3.2125,9.154929577464788,2.640845070422535,6.081478490883322,3.440633420460787,43.58733398637023,3,60,0.15000000000000002,180.0,0.0,True,REORDENAR,0.2205882352941177
MASS1782,0.014084507042253521,0.16783627165933782,11.916375287812984,142,202.0,2.0,101.0,0.0,,1.0,0.05,101.0,C,Z,C-Z,0.75,0.05,4.25,105.25,0.7323943661971831,0.2112676056338028,0.6497042118337841,0.4384366061999813,2.15385179092581,3,3,0.15000000000000002,303.0,0.0,True,REORDENAR,0.2205882352941177
MASS1484,0.02112676056338028,0.18711356809141264,8.856708889660199,142,276.0,3.0,81.0,0.0,,1.0,0.05,81.0,C,Z,C-Z,0.75,0.05,4.25,85.25,1.0985915492957745,0.31690140845070425,0.8056958564975594,0.4887944480468551,2.931064015059636,3,3,0.15000000000000002,243.0,0.0,True,REORDENAR,0.2205882352941177
MASS1546,2.9577464788732395,8.372424544775917,2.830676869900429,142,1514.41,420.0,2.1643617021276595,0.0,1.78,100.0,0.05,1.78,B,Z,B-Z,0.85,0.0005,0.0425,1.8225,153.80281690140845,44.36619718309859,77.97385660301487,33.607659419916274,237.19347993408334,3,300,0.15000000000000002,534.0,0.0,True,REORDENAR,0.2205882352941177
MASS1771,0.014084507042253521,0.16783627165933782,11.916375287812984,142,140.0,2.0,70.0,0.0,,1.0,0.05,70.0,C,Z,C-Z,0.75,0.05,4.25,74.25,0.7323943661971831,0.2112676056338028,0.6497042118337841,0.4384366061999813,2.5643579037569166,3,3,0.15000000000000002,210.0,0.0,True,REORDENAR,0.2205882352941177
MASS0952,2.647887323943662,5.1573773959479965,1.947732952725041,142,3407.87,376.0,4.4666161616161615,5.0,2.2,70.0,0.05,2.2,A,Z,A-Z,0.9,0.0007142857142857143,0.060714285714285714,2.2607142857142857,137.69014084507043,39.71830985915493,65.31658056571655,25.59827070656162,201.50366667804565,3,210,0.15000000000000002,462.00000000000006,5.0,True,REORDENAR,0.2205882352941177
MASS0951,2.5,11.215965065050154,4.486386026020062,142,3260.9700000000003,355.0,4.964367816091953,12.0,2.75,70.0,0.05,2.75,A,Z,A-Z,0.9,0.0007142857142857143,0.060714285714285714,2.8107142857142855,130.0,37.5,93.16963360022197,55.66963360022197,175.59724430267147,3,210,0.15000000000000002,577.5,12.0,True,REORDENAR,0.2205882352941177
MASS0954,1.3028169014084507,3.872048290793536,2.9720586880685516,142,1446.78,185.0,4.351463414634146,24.0,2.2,70.0,0.05,2.2,B,Z,B-Z,0.85,0.0007142857142857143,0.060714285714285714,2.2607142857142857,67.74647887323944,19.54225352112676,35.08500096764208,15.542747446515321,141.34319201847168,3,210,0.15000000000000002,462.00000000000006,24.0,True,REORDENAR,0.2205882352941177
MASS0957,1.4507042253521127,5.526951970309646,3.80984067856296,142,1871.96,206.0,4.766292134831461,0.0,2.35,70.0,0.05,2.35,B,Z,B-Z,0.85,0.0007142857142857143,0.060714285714285714,2.4107142857142856,75.43661971830986,21.760563380281692,43.946241908050766,22.185678527769074,144.43505446787336,3,210,0.15000000000000002,493.5,0.0,True,REORDENAR,0.2205882352941177
MASS1215,3.7464788732394365,8.997585664911606,2.4016112113109926,142,5516.22,532.0,6.243245033112583,3.0,6.2,50.0,0.05,6.2,A,Z,A-Z,0.9,0.001,0.085,6.285,194.8169014084507,56.197183098591545,100.85605055646721,44.658867457875665,143.75238050523862,3,150,0.15000000000000002,930.0,3.0,True,REORDENAR,0.2205882352941177
MASS1385,0.007042253521126761,0.08391813582966891,11.916375287812984,142,98.45,1.0,31.253333333333334,0.0,,1.0,0.05,31.253333333333334,C,Z,C-Z,0.75,0.05,4.25,35.50333333333333,0.36619718309859156,0.1056338028169014,0.32485210591689206,0.21921830309999066,2.6222693881333505,3,3,0.15000000000000002,93.76,0.0,True,REORDENAR,0.2205882352941177
MASS1518,2.232394366197183,9.644507857584205,4.320252731157594,142,2271.88,317.0,4.949420289855072,0.0,4.0,50.0,0.05,4.0,A,Z,A-Z,0.9,0.001,0.085,4.085,116.08450704225352,33.485915492957744,81.35573459209326,47.86981909913551,137.64025570513826,3,150,0.15000000000000002,600.0,0.0,True,REORDENAR,0.2205882352941177
MASS2662,0.035211267605633804,0.3454254613888309,9.810083103442798,142,1275.0,5.0,134.0,0.0,,1.0,0.05,134.0,B,Z,B-Z,0.85,0.05,4.25,138.25,1.8309859154929577,0.5281690140845071,1.9147376477268154,1.3865686336423084,2.971421779615123,3,3,0.15000000000000002,402.0,0.0,True,REORDENAR,0.2205882352941177
MASS1769,0.007042253521126761,0.08391813582966891,11.916375287812984,142,42.0,1.0,42.0,0.0,,1.0,0.05,42.0,C,Z,C-Z,0.75,0.05,4.25,46.25,0.36619718309859156,0.1056338028169014,0.32485210591689206,0.21921830309999066,2.297502547240001,3,3,0.15000000000000002,126.0,0.0,True,REORDENAR,0.2205882352941177
MASS1628,2.2183098591549295,5.746557646342634,2.590511700890965,142,1158.1,315.0,1.5110714285714286,0.0,1.1,100.0,0.05,1.1,B,Z,B-Z,0.85,0.0005,0.0425,1.1425,115.35211267605634,33.274647887323944,56.341843200025075,23.06719531270113,259.44125866264767,3,300,0.15000000000000002,330.0,0.0,True,REORDENAR,0.2205882352941177
MASS1774,0.007042253521126761,0.08391813582966891,11.916375287812984,142,26.0,1.0,26.0,0.0,,1.0,0.05,26.0,C,Z,C-Z,0.75,0.05,4.25,30.25,0.36619718309859156,0.1056338028169014,0.32485210591689206,0.21921830309999066,2.840855740002676,3,3,0.15000000000000002,78.0,0.0,True,REORDENAR,0.2205882352941177
MASS2580,0.007042253521126761,0.08391813582966891,11.916375287812984,142,28.7,1.0,28.7,0.0,,1.0,0.05,28.7,C,Z,C-Z,0.75,0.05,4.25,32.95,0.36619718309859156,0.1056338028169014,0.32485210591689206,0.21921830309999066,2.721975178803638,3,3,0.15000000000000002,86.1,0.0,True,REORDENAR,0.2205882352941177
MASS1493,0.035211267605633804,0.2501622687840924,7.104608433468225,142,1325.0,5.0,149.0,0.0,,1.0,0.05,149.0,B,Z,B-Z,0.85,0.05,4.25,153.25,1.8309859154929577,0.5281690140845071,1.5323426897081611,1.0041736756236541,2.8222574664879847,3,3,0.15000000000000002,447.0,0.0,True,REORDENAR,0.2205882352941177
MASS0953,1.8309859154929577,5.737733546891087,3.1336852448405166,142,2183.2,260.0,4.493222222222222,14.0,2.2,70.0,0.05,2.2,A,Z,A-Z,0.9,0.0007142857142857143,0.060714285714285714,2.2607142857142857,95.21126760563381,27.464788732394368,55.94361533345605,28.478826601061684,167.56206533526043,3,210,0.15000000000000002,462.00000000000006,14.0,True,REORDENAR,0.2205882352941177
MASS0695,0.6338028169014085,2.273744289843263,3.5874632128638146,142,722.18,90.0,3.8692307692307693,0.0,2.8,50.0,0.075,2.8,B,Z,B-Z,0.85,0.0015,0.1275,2.9274999999999998,32.95774647887324,9.507042253521128,18.634054780461376,9.127012526940248,86.63326314892613,2,100,0.15,280.0,0.0,True,REORDENAR,0.22058823529411764
MASS1922,2.408450704225352,5.392607140062795,2.2390357131254883,142,1615.14,342.0,1.8763636363636362,26.0,1.5,128.0,0.075,1.5,B,Z,B-Z,0.85,0.0005859375,0.0498046875,1.5498046875,125.2394366197183,36.12676056338028,57.773166951326985,21.646406387946705,232.1060378616694,2,256,0.15,384.0,26.0,True,REORDENAR,0.22058823529411764
MASS0697,3.232394366197183,6.054908908144322,1.873196219948788,142,875.58,459.0,0.27384615384615385,17.0,0.2,100.0,0.01875,0.2,B,Z,B-Z,0.85,0.0001875,0.0159375,0.2159375,168.0845070422535,48.485915492957744,72.79086029302795,24.304944800070203,720.3676116634017,8,800,0.15,160.0,17.0,True,REORDENAR,0.22058823529411764
MASS1923,0.9225352112676056,2.492752455362528,2.702067547034191,142,759.35,131.0,2.2607547169811317,0.0,2.0,120.0,0.075,2.0,B,Z,B-Z,0.85,0.000625,0.053125,2.053125,47.971830985915496,13.838028169014084,23.844159020352333,10.006130851338249,124.80725236952945,2,240,0.15,480.0,0.0,True,REORDENAR,0.22058823529411764
MASS1925,1.7605633802816902,5.9165947383079125,3.360625811358894,142,614.65,250.0,0.8051351351351351,0.0,0.65,240.0,0.075,0.65,C,Z,C-Z,0.75,0.0003125,0.0265625,0.6765625000000001,91.54929577464789,26.408450704225352,41.864297594041936,15.455846889816584,300.3501915445601,2,480,0.15,312.0,0.0,True,REORDENAR,0.22058823529411764
MASS0327,4.373239436619718,14.45786696201067,3.305985682134485,142,1765.78,621.0,1.4531999999999998,6.0,1.4,100.0,0.0373275,1.4,B,Z,B-Z,0.85,0.000373275,0.031728375,1.4317283749999998,227.40845070422534,65.59859154929578,123.63376000009953,58.03516845080375,325.407346953371,4,400,0.14931,560.0,6.0,True,REORDENAR,0.21957352941176472
MASS2461,0.352112676056338,2.0006991086578405,5.681985468588268,142,802.25,50.0,6.2407407407407405,0.0,5.25,25.0,0.0744,5.25,B,Z,B-Z,0.85,0.002976,0.25296,5.50296,18.309859154929576,5.28169014084507,13.312674939323463,8.030984798478393,47.09759103670113,2,50,0.1488,262.5,0.0,True,REORDENAR,0.2188235294117647
MASS1819,4.169014084507042,8.743769275817861,2.097323035753609,142,8052.33,592.0,4.995480769230769,3.0,4.75,100.0,0.073765125,4.75,AA,Z,AA-Z,0.95,0.0007376512500000001,0.06270035625,4.81270035625,216.78873239436618,62.53521126760563,118.2373121582776,55.70210089067197,173.2919193896457,2,200,0.14753025,950.0,3.0,True,REORDENAR,0.21695625000000002
MASS0942,19.183098591549296,29.980281869404337,1.5628487611804023,142,30444.65,2724.0,4.942479919678715,3.0,4.7,200.0,0.073574325,4.7,AA,Z,AA-Z,0.95,0.00036787162499999997,0.031269088125,4.731269088125,997.5211267605634,287.7464788732394,478.73558582953444,190.98910695629502,374.9096311109083,2,400,0.14714865,1880.0,3.0,True,REORDENAR,0.21639507352941176
MASS1908,2.732394366197183,5.973838345733917,2.1863016626139595,142,3286.7,388.0,2.0116666666666667,0.0,1.9,120.0,0.07252,1.9,A,Z,A-Z,0.9,0.0006043333333333333,0.051368333333333335,1.9513683333333331,142.0845070422535,40.985915492957744,70.63663123299257,29.650715740034826,220.32212231117316,2,240,0.14504,456.0,0.0,True,REORDENAR,0.21329411764705883
MASS0171,4.676056338028169,9.430258599053923,2.0167119293157487,142,1681.79,664.0,0.960253807106599,0.0,0.85,300.0,0.0722,0.85,B,Z,B-Z,0.85,0.00024066666666666667,0.020456666666666668,0.8704566666666667,243.1549295774648,70.14084507042253,107.9947448032655,37.853899732842976,431.54126655904366,2,600,0.1444,510.0,0.0,True,REORDENAR,0.2123529411764706
MASS1813,1.6830985915492958,4.464786920506948,2.652718588753082,142,2116.19,239.0,4.733513513513514,0.0,4.0,60.0,0.0715968,4.0,B,Z,B-Z,0.85,0.0011932800000000001,0.10142880000000001,4.1014288,87.52112676056338,25.246478873239436,43.16853208547419,17.922053212234754,119.27329916100028,2,120,0.1431936,480.0,0.0,True,REORDENAR,0.2105788235294118
MASS1802,1.591549295774648,4.385913831329859,2.7557511683576985,142,2134.56,226.0,4.6762500000000005,0.0,4.0,60.0,0.0715968,4.0,B,Z,B-Z,0.85,0.0011932800000000001,0.10142880000000001,4.1014288,82.7605633802817,23.87323943661972,41.47868902892526,17.60544959230554,115.98411187833707,2,120,0.1431936,480.0,0.0,True,REORDENAR,0.2105788235294118
MASS0615,7.753521126760563,14.659340507317495,1.8906688029419476,142,10052.91,1101.0,2.5742628774422736,0.0,2.6,100.0,0.03564,2.6,AA,Z,AA-Z,0.95,0.0003564,0.030293999999999998,2.630294,403.18309859154925,116.30281690140845,209.69000933197904,93.3871924305706,319.67110513040376,4,400,0.14256,1040.0,0.0,True,REORDENAR,0.20964705882352938
MASS0439,4.485915492957746,16.0852057112413,3.585713047089898,142,2622.71,637.0,2.4176785714285716,0.0,2.4,100.0,0.047089,2.4,A,Z,A-Z,0.9,0.00047089,0.04002565,2.44002565,233.2676056338028,67.28873239436619,147.1264907268452,79.837758332479,252.4552405719903,3,300,0.141267,720.0,0.0,True,REORDENAR,0.20774558823529413
MASS0440,4.119718309859155,14.790970215644677,3.590286787387255,142,2447.39,585.0,2.557961165048544,0.0,2.4,100.0,0.047089,2.4,A,Z,A-Z,0.9,0.00047089,0.04002565,2.44002565,214.22535211267606,61.79577464788733,135.20968845032422,73.4139138024369,241.93160536929994,3,300,0.141267,720.0,0.0,True,REORDENAR,0.20774558823529413
MASS1757,1.1971830985915493,3.083332995866691,2.57548991419453,142,1405.75,170.0,2.931683168316832,0.0,2.95,75.0,0.07056,2.95,B,Z,B-Z,0.85,0.0009408,0.079968,3.029968,62.25352112676056,17.95774647887324,30.334520333220503,12.376773854347263,117.03541780231058,2,150,0.14112,442.5,0.0,True,REORDENAR,0.20752941176470588
MASS0589,1.1126760563380282,2.7004034149615705,2.426944841294576,142,1086.46,158.0,2.585,1.0,2.95,75.0,0.07056,2.95,B,Z,B-Z,0.85,0.0009408,0.079968,3.029968,57.85915492957747,16.690140845070424,27.529801182533195,10.839660337462771,112.82916980956081,2,150,0.14112,442.5,1.0,True,REORDENAR,0.20752941176470588
MASS0462,0.056338028169014086,0.425676730927146,7.555761973956841,142,76.65,8.0,4.7275,0.0,0.98,60.0,0.140562,0.98,C,Z,C-Z,0.75,0.0023427,0.19912950000000001,1.1791295,2.9295774647887325,0.8450704225352113,1.95706045544546,1.1119900329102488,40.69828522845797,1,60,0.140562,58.8,0.0,True,REORDENAR,0.20670882352941175
MASS2101,2.1549295774647885,5.491832458649002,2.548497415451498,142,1085.92,306.0,1.0266455696202532,25.0,0.9,200.0,0.07,0.9,B,Z,B-Z,0.85,0.00035000000000000005,0.029750000000000006,0.9297500000000001,112.05633802816901,32.323943661971825,54.36864933527413,22.044705673302303,283.45850340686036,2,400,0.14,360.0,25.0,True,REORDENAR,0.2058823529411765
MASS1799,3.007042253521127,10.530264710710487,3.501867889744471,142,3705.91,427.0,3.4559487179487176,1.0,3.2,100.0,0.06944,3.2,A,Z,A-Z,0.9,0.0006944,0.059024,3.259024,156.3661971830986,45.105633802816904,97.37184315338774,52.26620935057084,178.8471518026486,2,200,0.13888,640.0,1.0,True,REORDENAR,0.20423529411764707
MASS0047,1.408450704225352,3.470554822236415,2.4640939237878547,142,401.98,200.0,0.9929090909090909,5.0,0.95,100.0,0.045864,0.95,C,Z,C-Z,0.75,0.00045864,0.0389844,0.9889844,73.2394366197183,21.12676056338028,30.192847785460536,9.066087222080256,222.19390791318654,3,300,0.137592,285.0,5.0,True,REORDENAR,0.20234117647058822
MASS0050,1.2464788732394365,3.092398870803416,2.4809075686671473,142,442.09,177.0,1.0839682539682538,7.0,0.95,100.0,0.045864,0.95,C,Z,C-Z,0.75,0.00045864,0.0389844,0.9889844,64.8169014084507,18.697183098591548,26.77541822933643,8.078235130744883,209.02767149747004,3,300,0.137592,285.0,7.0,True,REORDENAR,0.20234117647058822
MASS0046,1.3732394366197183,3.7409164783902726,2.7241545637508655,142,512.07,195.0,1.0155714285714286,0.0,0.95,100.0,0.045864,0.95,C,Z,C-Z,0.75,0.00045864,0.0389844,0.9889844,71.40845070422534,20.598591549295772,30.370941165069453,9.772349615773681,219.39890472810083,3,300,0.137592,285.0,0.0,True,REORDENAR,0.20234117647058822
MASS0049,1.176056338028169,3.5972789081335916,3.0587641015267666,142,378.16,167.0,1.0324561403508772,20.0,0.95,100.0,0.045864,0.95,C,Z,C-Z,0.75,0.00045864,0.0389844,0.9889844,61.154929577464785,17.640845070422536,27.037972046873207,9.397126976450672,203.03709221708127,3,300,0.137592,285.0,20.0,True,REORDENAR,0.20234117647058822
MASS1459,2.711267605633803,8.486602696729395,3.130123592040452,142,709.37,385.0,0.6443000000000001,0.0,0.52,200.0,0.04536,0.52,B,Z,B-Z,0.85,0.00022679999999999998,0.019278,0.539278,140.98591549295776,40.66901408450705,74.73499479755965,34.0659807130526,417.4802002507218,3,600,0.13607999999999998,312.0,0.0,True,REORDENAR,0.20011764705882348
MASS1359,3.084507042253521,9.670084715645023,3.135050295939711,142,742.92,438.0,0.6453763440860215,0.0,0.52,200.0,0.04536,0.52,B,Z,B-Z,0.85,0.00022679999999999998,0.019278,0.539278,160.3943661971831,46.267605633802816,85.08418880479323,38.81658317099041,445.28962210778934,3,600,0.13607999999999998,312.0,0.0,True,REORDENAR,0.20011764705882348
MASS0818,7.338028169014085,24.7437612522228,3.37199049694399,142,7004.34,1042.0,3.662824427480916,1.0,3.62,100.0,0.045325,3.62,A,Z,A-Z,0.9,0.00045325,0.03852625,3.65852625,381.5774647887324,110.07042253521128,232.8842967594578,122.81387422424653,263.6893816820822,3,300,0.13597499999999998,1086.0,1.0,True,REORDENAR,0.1999632352941176
MASS0778,0.5915492957746479,2.2975624751766657,3.883974660417697,142,284.48,84.0,1.3027027027027027,0.0,0.98,200.0,0.135759,0.98,C,Z,C-Z,0.75,0.0006787949999999999,0.057697574999999994,1.037697575,30.76056338028169,8.873239436619718,14.875133331126053,6.001893894506335,140.57759599532645,1,200,0.135759,196.0,0.0,True,REORDENAR,0.1996455882352941
MASS1285,0.8873239436619719,2.4323429196380624,2.741211861814324,142,544.84,126.0,1.25475,0.0,0.98,200.0,0.135759,0.98,C,Z,C-Z,0.75,0.0006787949999999999,0.057697574999999994,1.037697575,46.140845070422536,13.309859154929578,19.66383832914066,6.353979174211082,172.17168972783486,1,200,0.135759,196.0,0.0,True,REORDENAR,0.1996455882352941
MASS0780,1.1126760563380282,2.811068779227982,2.5264035863947685,142,732.28,158.0,1.246355140186916,0.0,0.98,200.0,0.135759,0.98,B,Z,B-Z,0.85,0.0006787949999999999,0.057697574999999994,1.037697575,57.85915492957747,16.690140845070424,27.974021832352868,11.283880987282444,192.79910461967256,1,200,0.135759,196.0,0.0,True,REORDENAR,0.1996455882352941
MASS1972,0.29577464788732394,1.070485621849614,3.6192609119677424,142,754.75,42.0,3.8775,0.0,10.2,30.0,0.067116,10.2,B,Z,B-Z,0.85,0.0022372,0.190162,10.390162,15.380281690140844,4.436619718309859,8.733644552709487,4.297024834399628,31.414153086935503,2,60,0.134232,612.0,0.0,True,REORDENAR,0.19740000000000002
MASS1231,7.880281690140845,16.702436393543653,2.119522759502412,142,5614.08,1119.0,1.795072463768116,105.0,1.9,100.0,0.033201,1.9,A,Z,A-Z,0.9,0.00033201,0.02822085,1.92822085,409.77464788732397,118.20422535211267,201.1055636557578,82.90133830364513,376.39905643418786,4,400,0.132804,760.0,105.0,True,REORDENAR,0.1953
MASS1815,5.915492957746479,18.27663429362165,3.089621511540803,142,6027.84,840.0,2.8407945205479455,0.0,2.7,100.0,0.0441,2.7,A,Z,A-Z,0.9,0.000441,0.037485,2.7374850000000004,307.6056338028169,88.73239436619718,179.44715040102435,90.71475603482716,273.7005304205327,3,300,0.1323,810.0,0.0,True,REORDENAR,0.19455882352941176
MASS1982,0.528169014084507,1.4764998959914797,2.7955064697438683,142,5805.24,75.0,33.840204081632656,11.0,32.0,10.0,0.044064,32.0,A,Z,A-Z,0.9,0.0044063999999999996,0.374544,32.374544,27.464788732394364,7.922535211267605,15.251035946058721,7.328500734791116,23.78157818694029,3,30,0.132192,960.0,11.0,True,REORDENAR,0.1944
MASS1615,1.1971830985915493,3.1918322993587944,2.666118744170287,142,1654.59,170.0,4.514512195121951,0.0,3.75,1.0,0.001269,3.75,B,Z,B-Z,0.85,0.001269,0.10786499999999999,3.857865,62.25352112676056,17.95774647887324,30.770046221756097,12.812299742882857,103.72007394803681,104,104,0.13197599999999998,390.0,0.0,True,REORDENAR,0.19408235294117643
MASS2095,1.408450704225352,5.49423286235482,3.9009053322719223,142,817.42,200.0,1.1080508474576272,17.0,0.9,80.0,0.04352,0.9,B,Z,B-Z,0.85,0.000544,0.046239999999999996,0.94624,73.2394366197183,21.12676056338028,43.18110167141048,22.0543411080302,227.15704815468246,3,240,0.13056,216.0,17.0,True,REORDENAR,0.192
MASS2310,0.6619718309859155,2.707717690491285,4.09038204308258,142,275.87,94.0,0.6716,0.0,0.5,96.0,0.043316,0.5,C,Z,C-Z,0.75,0.00045120833333333335,0.03835270833333333,0.5383527083333334,34.42253521126761,9.929577464788732,17.002914729907854,7.073337265119122,206.46305335728005,3,288,0.129948,144.0,0.0,True,REORDENAR,0.19110000000000002
MASS1878,1.3943661971830985,3.1101703368984506,2.23052620121,142,2616.7599999999998,198.0,4.675892857142857,4.0,4.5,40.0,0.04177125,4.5,A,Z,A-Z,0.9,0.00104428125,0.08876390625000001,4.58876390625,72.50704225352112,20.915492957746476,36.35259909040912,15.437106132662645,102.63526510021876,3,120,0.12531375,540.0,4.0,True,REORDENAR,0.18428492647058822
MASS1204,0.36619718309859156,1.6480328838876328,4.500397490616228,142,175.82,52.0,2.132,0.0,2.05,50.0,0.062208,2.05,C,Z,C-Z,0.75,0.00124416,0.1057536,2.1557535999999997,19.04225352112676,5.492957746478873,9.798093563510477,4.305135817031604,76.7386194596875,2,100,0.124416,204.99999999999997,0.0,True,REORDENAR,0.18296470588235295
MASS0267,4.035211267605634,21.303418289235015,5.279381146721417,142,1205.08,573.0,0.9389705882352941,0.0,0.82,240.0,0.062208,0.82,B,Z,B-Z,0.85,0.0002592,0.022032,0.842032,209.83098591549296,60.52816901408451,146.04199150548664,85.51382249140212,407.59127879494235,2,480,0.124416,393.59999999999997,0.0,True,REORDENAR,0.18296470588235295
MASS1791,1.204225352112676,4.126610981179474,3.4267763703361713,142,349.1,171.0,1.0455172413793101,0.0,0.85,120.0,0.061952,0.85,C,Z,C-Z,0.75,0.0005162666666666667,0.04388266666666667,0.8938826666666666,62.61971830985915,18.06338028169014,28.843274852800526,10.779894571110386,216.10741442013267,2,240,0.123904,204.0,0.0,True,REORDENAR,0.18221176470588235
MASS2237,0.4084507042253521,1.3639478036302817,3.33932048475,142,429.96000000000004,58.0,1.8419565217391305,1.0,2.25,300.0,0.1225,2.25,C,Z,C-Z,0.75,0.0004083333333333333,0.034708333333333334,2.284708333333333,21.23943661971831,6.126760563380282,9.689784456519225,3.5630238931389435,78.72460386793009,1,300,0.1225,675.0,1.0,True,REORDENAR,0.1801470588235294
MASS2239,0.352112676056338,1.2330966790313638,3.5019945684490734,142,297.83,50.0,2.255217391304348,2.0,2.25,300.0,0.1225,2.25,C,Z,C-Z,0.75,0.0004083333333333333,0.034708333333333334,2.284708333333333,18.309859154929576,5.28169014084507,8.502893267713384,3.221203126868314,73.09395969054862,1,300,0.1225,675.0,2.0,True,REORDENAR,0.1801470588235294
MASS2238,0.3873239436619718,1.418462815714419,3.6622130878445,142,381.90000000000003,55.0,2.0583333333333336,2.0,2.25,300.0,0.1225,2.25,C,Z,C-Z,0.75,0.0004083333333333333,0.034708333333333334,2.284708333333333,20.140845070422536,5.809859154929577,9.515291936497796,3.705432781568219,76.66159167123978,1,300,0.1225,675.0,2.0,True,REORDENAR,0.1801470588235294
MASS1886,1.443661971830986,3.7274611516016685,2.5819487001338386,142,796.78,205.0,0.9248571428571428,1.0,0.7,100.0,0.0392,0.7,B,Z,B-Z,0.85,0.000392,0.03332,0.73332,75.07042253521126,21.65492957746479,36.617291341855065,14.962361764390273,261.2414200014332,3,300,0.1176,210.0,1.0,True,REORDENAR,0.17294117647058824
MASS0399,1.3309859154929577,3.9799530112089805,2.9902292465168,142,1546.21,189.0,4.920909090909091,0.0,4.65,50.0,0.058656,4.65,B,Z,B-Z,0.85,0.00117312,0.09971519999999999,4.749715200000001,69.21126760563381,19.964788732394368,35.940675357904894,15.975886625510526,98.56188197135023,2,100,0.117312,465.00000000000006,0.0,True,REORDENAR,0.17251764705882353
MASS0398,1.176056338028169,4.971263942730548,4.2270627536990295,142,1514.36,167.0,5.279545454545455,0.0,4.65,50.0,0.058656,4.65,B,Z,B-Z,0.85,0.00117312,0.09971519999999999,4.749715200000001,61.154929577464785,17.640845070422536,37.59594225646353,19.955097186040994,92.64805809737744,2,100,0.117312,465.00000000000006,0.0,True,REORDENAR,0.17251764705882353
MASS2092,0.7183098591549296,2.4126328197976,3.358763337365286,142,291.26,102.0,0.9025,0.0,0.65,200.0,0.11628,0.65,C,Z,C-Z,0.75,0.0005813999999999999,0.04941899999999999,0.699419,37.35211267605634,10.774647887323944,17.077138612724298,6.302490725400354,188.68754894401002,1,200,0.11628,130.0,0.0,True,REORDENAR,0.17099999999999999
MASS2094,0.5,2.0097281139991505,4.019456227998301,142,220.9,71.0,0.99,0.0,0.65,200.0,0.11628,0.65,C,Z,C-Z,0.75,0.0005813999999999999,0.04941899999999999,0.699419,26.0,7.5,12.749987770670629,5.249987770670629,157.4245032245731,1,200,0.11628,130.0,0.0,True,REORDENAR,0.17099999999999999
MASS1442,2.73943661971831,7.203899237174179,2.629701006886204,142,1166.45,389.0,1.472909090909091,22.0,1.4,100.0,0.0373275,1.4,B,Z,B-Z,0.85,0.000373275,0.031728375,1.4317283749999998,142.45070422535213,41.09154929577465,70.0086438319577,28.91709453618305,257.54691652239165,3,300,0.1119825,420.0,22.0,True,REORDENAR,0.16468014705882353
MASS1458,3.7253521126760565,14.326558368911648,3.8456924166076636,142,1269.62,529.0,1.4204166666666669,0.0,1.45,100.0,0.037241325,1.45,B,Z,B-Z,0.85,0.00037241324999999996,0.03165512625,1.48165512625,193.71830985915494,55.88028169014085,113.38836572803892,57.50808403789807,295.23384467168114,3,300,0.111723975,435.0,0.0,True,REORDENAR,0.16429996323529414
MASS1005,0.6197183098591549,1.4027955592604402,2.263601925170256,142,3449.92,88.0,12.235853658536586,0.0,12.0,20.0,0.03675,12.0,A,Z,A-Z,0.9,0.0018375,0.1561875,12.1561875,32.225352112676056,9.295774647887324,16.25844922355907,6.962674575671745,42.039206605432526,3,60,0.11024999999999999,720.0,0.0,True,REORDENAR,0.16213235294117645
MASS0745,3.035211267605634,4.905362490247097,1.6161519109398788,142,2812.29,431.0,2.380390243902439,36.0,2.2,60.0,0.0273,2.2,A,Z,A-Z,0.9,0.000455,0.038675,2.238675,157.83098591549296,45.52816901408451,69.87558191386847,24.34741289978396,216.79785475648998,4,240,0.1092,528.0,36.0,True,REORDENAR,0.16058823529411767
MASS1171,3.556338028169014,9.912041997781166,2.7871484429404467,142,3676.21,505.0,2.813103448275862,101.0,2.6,100.0,0.03564,2.6,A,Z,A-Z,0.9,0.0003564,0.030293999999999998,2.630294,184.92957746478874,53.34507042253521,102.54277592947746,49.19770550694225,216.49875937522407,3,300,0.10691999999999999,780.0,101.0,True,REORDENAR,0.15723529411764706
MASS0771,0.9366197183098591,4.320846365627123,4.613234465556777,142,255.08,133.0,0.962972972972973,0.0,0.76,144.0,0.053312,0.76,C,Z,C-Z,0.75,0.0003702222222222222,0.031468888888888887,0.7914688888888889,48.70422535211267,14.049295774647886,25.336589026146186,11.2872932514983,202.54464543191227,2,288,0.106624,218.88,0.0,True,REORDENAR,0.1568
MASS1240,1.0070422535211268,4.375133600996748,4.344538261129638,142,291.46,143.0,0.8874468085106383,0.0,0.76,144.0,0.053312,0.76,C,Z,C-Z,0.75,0.0003702222222222222,0.031468888888888887,0.7914688888888889,52.36619718309859,15.105633802816902,26.534740924464494,11.429107121647592,210.021117363202,2,288,0.106624,218.88,0.0,True,REORDENAR,0.1568
MASS1223,1.2183098591549295,4.26949628663666,3.50444203874223,142,459.08,173.0,0.9618333333333333,14.0,0.76,144.0,0.053312,0.76,C,Z,C-Z,0.75,0.0003702222222222222,0.031468888888888887,0.7914688888888889,63.352112676056336,18.274647887323944,29.4277999657725,11.153152078448556,231.0032007885048,2,288,0.106624,218.88,14.0,True,REORDENAR,0.1568
MASS0768,1.408450704225352,4.632838275880186,3.289315175874932,142,536.96,200.0,0.9829729729729729,0.0,0.76,144.0,0.053312,0.76,C,Z,C-Z,0.75,0.0003702222222222222,0.031468888888888887,0.7914688888888889,73.2394366197183,21.12676056338028,33.22906640387869,12.10230584049841,248.3761802326786,2,288,0.106624,218.88,0.0,True,REORDENAR,0.1568
MASS1945,2.4225352112676055,5.255627100751691,2.1694739776358727,142,1074.55,344.0,0.7457575757575757,0.0,0.6,100.0,0.02625,0.6,B,Z,B-Z,0.85,0.0002625,0.0223125,0.6223124999999999,125.97183098591549,36.33802816901408,57.43458445274375,21.09655628372967,367.3557391408032,4,400,0.105,240.0,0.0,True,REORDENAR,0.15441176470588233
MASS2118,7.042253521126761,19.938868715796485,2.8313193576431006,142,3488.46,1000.0,0.99544776119403,2.0,1.0,400.0,0.05235225,1.0,A,Z,A-Z,0.9,0.00013088062500000002,0.011124853125000002,1.0111248531250001,366.19718309859155,105.63380281690141,204.59893951032205,98.96513669342065,491.3709501666514,2,800,0.1047045,800.0,2.0,True,REORDENAR,0.15397720588235295
MASS2066,0.3028169014084507,1.2261306064646946,4.0490824678601545,142,176.38,43.0,1.9913043478260868,0.0,1.4,100.0,0.104676,1.4,C,Z,C-Z,0.75,0.00104676,0.08897460000000001,1.4889746,15.746478873239436,4.54225352112676,7.745259263219557,3.203005742092797,83.96580446100961,1,100,0.104676,140.0,0.0,True,REORDENAR,0.15393529411764706
MASS1294,1.204225352112676,2.9929911801031763,2.485407880553515,142,750.17,171.0,1.1677011494252871,0.0,0.95,100.0,0.03456,0.95,B,Z,B-Z,0.85,0.0003456,0.029376,0.9793759999999999,62.61971830985915,18.06338028169014,30.07751402392657,12.014133742236432,206.4596547057389,3,300,0.10368,285.0,0.0,True,REORDENAR,0.1524705882352941
MASS1829,1.5422535211267605,4.316590523882714,2.798885179869157,142,5597.18,219.0,11.347235772357724,22.0,11.0,30.0,0.034425,11.0,A,Z,A-Z,0.9,0.0011474999999999999,0.09753749999999999,11.0975375,80.19718309859155,23.133802816901408,44.55888852936893,21.42508571246752,69.40977185344843,3,90,0.10327499999999999,990.0,22.0,True,REORDENAR,0.15187499999999998
MASS1093,1.471830985915493,3.8346935520192886,2.605389877448512,142,489.8,209.0,0.7162025316455696,0.0,0.55,100.0,0.034034,0.55,C,Z,C-Z,0.75,0.00034034,0.0289289,0.5789289000000001,76.53521126760563,22.077464788732396,32.09478708826972,10.017322299537323,296.87416001089514,3,300,0.102102,165.0,0.0,True,REORDENAR,0.15015
MASS1272,1.2464788732394365,4.292805493275534,3.4439456499724623,142,976.31,177.0,2.982876712328767,0.0,4.0,100.0,0.050337,4.0,B,Z,B-Z,0.85,0.00050337,0.04278645,4.04278645,64.8169014084507,18.697183098591548,35.92888751137956,17.23170441278801,103.38513580389723,2,200,0.100674,800.0,0.0,True,REORDENAR,0.14805000000000001
MASS1268,3.767605633802817,13.051271231231604,3.4640757286633415,142,2938.38,535.0,1.8307111111111112,0.0,4.0,100.0,0.050337,4.0,A,Z,A-Z,0.9,0.00050337,0.04278645,4.04278645,195.9154929577465,56.514084507042256,121.29312788368391,64.77904337664165,179.74149946153912,2,200,0.100674,800.0,0.0,True,REORDENAR,0.14805000000000001
MASS1269,3.795774647887324,15.356537514398411,4.045692629025185,142,2711.17,539.0,1.9599465240641711,0.0,4.0,100.0,0.050337,4.0,A,Z,A-Z,0.9,0.00050337,0.04278645,4.04278645,197.38028169014086,56.936619718309856,133.1576860141151,76.22106629580523,180.41217902845173,2,200,0.100674,800.0,0.0,True,REORDENAR,0.14805000000000001
MASS1271,1.2112676056338028,4.595451013011205,3.7939188595790183,142,871.75,172.0,2.8028846153846154,0.0,4.0,100.0,0.050337,4.0,B,Z,B-Z,0.85,0.00050337,0.04278645,4.04278645,62.985915492957744,18.16901408450704,36.61556462673392,18.44655054222688,101.91443304949853,2,200,0.100674,800.0,0.0,True,REORDENAR,0.14805000000000001
MASS1270,1.2394366197183098,4.649303429051182,3.751142539348113,142,903.46,176.0,2.742156862745098,0.0,4.0,100.0,0.050337,4.0,B,Z,B-Z,0.85,0.00050337,0.04278645,4.04278645,64.45070422535211,18.591549295774648,37.254268242689086,18.66271894691444,103.09267373054382,2,200,0.100674,800.0,0.0,True,REORDENAR,0.14805000000000001
MASS2663,0.007042253521126761,0.08391813582966891,11.916375287812984,142,230.0,1.0,119.0,0.0,,1.0,0.05,119.0,C,Z,C-Z,0.75,0.05,4.25,123.25,0.36619718309859156,0.1056338028169014,0.32485210591689206,0.21921830309999066,1.4074027851282314,2,2,0.1,238.0,0.0,True,REORDENAR,0.14705882352941177
MASS1601,1.3380281690140845,4.280729247782193,3.199281858868797,142,1854.26,190.0,5.096202531645569,5.0,2.75,70.0,0.05,2.75,B,Z,B-Z,0.85,0.0007142857142857143,0.060714285714285714,2.8107142857142855,69.5774647887324,20.070422535211268,37.253651820700014,17.183229285488746,128.46366855571637,2,140,0.1,385.0,5.0,True,REORDENAR,0.14705882352941177
MASS1485,0.007042253521126761,0.08391813582966891,11.916375287812984,142,82.95,1.0,79.0,0.0,,1.0,0.05,79.0,C,Z,C-Z,0.75,0.05,4.25,83.25,0.36619718309859156,0.1056338028169014,0.32485210591689206,0.21921830309999066,1.7124572913691882,2,2,0.1,158.0,0.0,True,REORDENAR,0.14705882352941177
MASS1630,0.007042253521126761,0.08391813582966891,11.916375287812984,142,160.0,1.0,117.5,0.0,,1.0,0.05,117.5,C,Z,C-Z,0.75,0.05,4.25,121.75,0.36619718309859156,0.1056338028169014,0.32485210591689206,0.21921830309999066,1.416046076928316,2,2,0.1,235.0,0.0,True,REORDENAR,0.14705882352941177
MASS1538,1.852112676056338,4.594086830134679,2.4804575280575074,142,745.68,263.0,0.632406015037594,0.0,0.5,250.0,0.05,0.5,B,Z,B-Z,0.85,0.0002,0.017,0.517,96.30985915492957,27.781690140845072,46.22276473124276,18.44107459039769,352.4069565118926,2,500,0.1,250.0,0.0,True,REORDENAR,0.14705882352941177
MASS2660,0.007042253521126761,0.08391813582966891,11.916375287812984,142,230.0,1.0,119.0,0.0,,1.0,0.05,119.0,C,Z,C-Z,0.75,0.05,4.25,123.25,0.36619718309859156,0.1056338028169014,0.32485210591689206,0.21921830309999066,1.4074027851282314,2,2,0.1,238.0,0.0,True,REORDENAR,0.14705882352941177
MASS0950,1.4154929577464788,4.343811049771879,3.068762035162223,142,1999.1499999999999,201.0,5.025955056179775,1.0,2.75,70.0,0.05,2.75,B,Z,B-Z,0.85,0.0007142857142857143,0.060714285714285714,2.8107142857142855,73.6056338028169,21.23239436619718,38.66883963536257,17.436445269165393,132.13003447356783,2,140,0.1,385.0,1.0,True,REORDENAR,0.14705882352941177
MASS1605,0.6056338028169014,2.275237487343641,3.7567874791022913,142,382.14,86.0,2.0617647058823527,1.0,2.3,72.0,0.05,2.3,C,Z,C-Z,0.75,0.0006944444444444445,0.05902777777777778,2.3590277777777775,31.492957746478872,9.08450704225352,15.028081648550007,5.943574606296487,94.3397168297111,2,144,0.1,331.2,1.0,True,REORDENAR,0.14705882352941177
MASS2658,0.007042253521126761,0.08391813582966891,11.916375287812984,142,230.0,1.0,119.0,0.0,,1.0,0.05,119.0,C,Z,C-Z,0.75,0.05,4.25,123.25,0.36619718309859156,0.1056338028169014,0.32485210591689206,0.21921830309999066,1.4074027851282314,2,2,0.1,238.0,0.0,True,REORDENAR,0.14705882352941177
MASS0958,1.2464788732394365,3.7984442872176754,3.047339484660508,142,1541.26,177.0,4.56566265060241,0.0,2.35,70.0,0.05,2.35,B,Z,B-Z,0.85,0.0007142857142857143,0.060714285714285714,2.4107142857142856,64.8169014084507,18.697183098591548,33.94447750508356,15.247294406492014,133.88306080212087,2,140,0.1,329.0,0.0,True,REORDENAR,0.14705882352941177
MASS1531,0.5140845070422535,1.8440470274958882,3.5870503822522757,142,379.89,73.0,2.392777777777778,2.0,2.3,72.0,0.05,2.3,C,Z,C-Z,0.75,0.0006944444444444445,0.05902777777777778,2.3590277777777775,26.732394366197184,7.711267605633802,12.52844873349806,4.817181127864258,86.9174092417915,2,144,0.1,331.2,2.0,True,REORDENAR,0.14705882352941177
MASS1770,0.007042253521126761,0.08391813582966891,11.916375287812984,142,64.0,1.0,64.0,0.0,,1.0,0.05,64.0,C,Z,C-Z,0.75,0.05,4.25,68.25,0.36619718309859156,0.1056338028169014,0.32485210591689206,0.21921830309999066,1.8913005212088068,2,2,0.1,128.0,0.0,True,REORDENAR,0.14705882352941177
MASS1600,1.1971830985915493,4.614561344911719,3.8545159469262593,142,1417.25,170.0,5.1854901960784305,0.0,2.75,70.0,0.05,2.75,B,Z,B-Z,0.85,0.0007142857142857143,0.060714285714285714,2.8107142857142855,62.25352112676056,17.95774647887324,36.481007599078964,18.523261120205724,121.51446532029797,2,140,0.1,385.0,0.0,True,REORDENAR,0.14705882352941177
MASS1773,0.007042253521126761,0.08391813582966891,11.916375287812984,142,130.0,1.0,130.0,0.0,,1.0,0.05,130.0,C,Z,C-Z,0.75,0.05,4.25,134.25,0.36619718309859156,0.1056338028169014,0.32485210591689206,0.21921830309999066,1.3485117126295756,2,2,0.1,260.0,0.0,True,REORDENAR,0.14705882352941177
MASS0959,1.0985915492957747,3.7837087497463124,3.4441451439998483,142,1277.45,156.0,4.517910447761194,0.0,2.35,70.0,0.05,2.35,B,Z,B-Z,0.85,0.0007142857142857143,0.060714285714285714,2.4107142857142856,57.12676056338029,16.47887323943662,31.667017883269263,15.188144643832644,125.6901656297974,2,140,0.1,329.0,0.0,True,REORDENAR,0.14705882352941177
MASS2664,0.014084507042253521,0.11825657242363519,8.396216642078098,142,1300.0,2.0,379.0,0.0,,1.0,0.05,379.0,B,Z,B-Z,0.85,0.05,4.25,383.25,0.7323943661971831,0.2112676056338028,0.6859600425647546,0.4746924369309518,1.1287188712899503,2,2,0.1,758.0,0.0,True,REORDENAR,0.14705882352941177
MASS0955,1.147887323943662,3.8554505639475978,3.358736074113858,142,1193.35,163.0,4.761666666666667,1.0,2.2,70.0,0.05,2.2,B,Z,B-Z,0.85,0.0007142857142857143,0.060714285714285714,2.2607142857142857,59.690140845070424,17.218309859154928,32.69443254864797,15.476122689493039,132.67308659206643,2,140,0.1,308.0,1.0,True,REORDENAR,0.14705882352941177
MASS1775,0.007042253521126761,0.08391813582966891,11.916375287812984,142,138.0,1.0,138.0,0.0,,1.0,0.05,138.0,C,Z,C-Z,0.75,0.05,4.25,142.25,0.36619718309859156,0.1056338028169014,0.32485210591689206,0.21921830309999066,1.3100435480199464,2,2,0.1,276.0,0.0,True,REORDENAR,0.14705882352941177
MASS0898,0.007042253521126761,0.08391813582966891,11.916375287812984,142,140.0,1.0,91.6,0.0,,1.0,0.05,91.6,C,Z,C-Z,0.75,0.05,4.25,95.85,0.36619718309859156,0.1056338028169014,0.32485210591689206,0.21921830309999066,1.5959372499507936,2,2,0.1,183.2,0.0,True,REORDENAR,0.14705882352941177
MASS2198,0.5915492957746479,3.0062698773674454,5.082027649835443,142,128.10999999999999,84.0,0.5948484848484848,0.0,0.5,500.0,0.099792,0.5,C,Z,C-Z,0.75,0.00019958400000000002,0.016964640000000003,0.51696464,30.76056338028169,8.873239436619718,16.726480868421298,7.85324143180158,199.16870234156562,1,500,0.099792,250.0,0.0,True,REORDENAR,0.1467529411764706
MASS1696,0.8873239436619719,2.6766619190828007,3.016555496109188,142,832.56,126.0,3.028448275862069,0.0,2.5,100.0,0.04968,2.5,B,Z,B-Z,0.85,0.0004968,0.042228,2.542228,46.140845070422536,13.309859154929578,24.054219008841155,10.744359853911577,109.99929299491151,2,200,0.09936,500.0,0.0,True,REORDENAR,0.14611764705882352
MASS1942,0.5070422535211268,1.2646109421800091,2.4940938026327957,142,1419.19,72.0,6.443571428571429,11.0,6.58,40.0,0.049104,6.58,B,Z,B-Z,0.85,0.0012276000000000001,0.10434600000000001,6.684346,26.366197183098592,7.605633802816901,12.681895000059221,5.07626119724232,51.28007565964641,2,80,0.098208,526.4,11.0,True,REORDENAR,0.14442352941176473
MASS2181,1.676056338028169,5.2261607292959065,3.1181295107563813,142,731.64,238.0,0.27888,0.0,0.18,80.0,0.014,0.18,B,Z,B-Z,0.85,0.000175,0.014875,0.194875,87.15492957746478,25.140845070422536,46.11912070904987,20.97827563862733,546.0372673115052,7,560,0.098,100.8,0.0,True,REORDENAR,0.14411764705882354
MASS0364,2.2464788732394365,4.262963740657481,1.8976202231139885,142,2658.66,319.0,3.182952380952381,5.0,3.03,50.0,0.02448,3.03,A,Z,A-Z,0.9,0.0004896,0.041616,3.0716159999999997,116.8169014084507,33.697183098591545,54.85609614058509,21.158913041993543,159.22958054335513,4,200,0.09792,606.0,5.0,True,REORDENAR,0.144
MASS1198,1.556338028169014,3.727461151601668,2.3950202874544657,142,343.35,221.0,0.5863076923076923,0.0,0.48,40.0,0.010875,0.48,C,Z,C-Z,0.75,0.000271875,0.023109374999999998,0.503109375,80.92957746478874,23.34507042253521,33.08227085539281,9.737200432857598,327.4739828636798,9,360,0.09787499999999999,172.79999999999998,0.0,True,REORDENAR,0.14393382352941175
MASS0402,2.4859154929577465,7.438386078565753,2.9922119636156856,142,1359.5,353.0,1.551259842519685,0.0,1.5,100.0,0.032448,1.5,B,Z,B-Z,0.85,0.00032448,0.0275808,1.5275808,129.26760563380282,37.2887323943662,67.1470780414783,29.858345647112095,237.51832790326242,3,300,0.09734399999999999,450.0,0.0,True,REORDENAR,0.14315294117647057
MASS0405,2.5211267605633805,5.787879619900202,2.295751134150359,142,1367.65,358.0,1.4655797101449275,1.0,1.5,100.0,0.032448,1.5,B,Z,B-Z,0.85,0.00032448,0.0275808,1.5275808,131.09859154929578,37.816901408450704,61.04996681128577,23.233065402835066,239.19455426100276,3,300,0.09734399999999999,450.0,1.0,True,REORDENAR,0.14315294117647057
MASS0404,1.852112676056338,4.751927094114707,2.565679267544823,142,1163.21,263.0,1.502622950819672,0.0,1.5,100.0,0.032448,1.5,B,Z,B-Z,0.85,0.00032448,0.0275808,1.5275808,96.30985915492957,27.781690140845072,46.856349639201156,19.074659498356084,205.01594943593028,3,300,0.09734399999999999,450.0,0.0,True,REORDENAR,0.14315294117647057
MASS1612,0.8873239436619719,3.4168929346616004,3.850784100967835,142,871.35,126.0,3.6553658536585365,0.0,3.29,1.0,0.001,3.29,B,Z,B-Z,0.85,0.001,0.085,3.375,46.140845070422536,13.309859154929578,27.02557237614664,13.715713221217063,95.46853409142169,96,96,0.096,315.84000000000003,0.0,True,REORDENAR,0.1411764705882353
MASS1463,1.0774647887323943,2.9077395955430676,2.6986864220072917,142,427.01,153.0,1.2874242424242424,5.0,1.15,200.0,0.094116,1.15,C,Z,C-Z,0.75,0.00047058,0.0399993,1.1899993,56.028169014084504,16.161971830985912,23.757823832338925,7.595852001353013,177.16757164789965,1,200,0.094116,229.99999999999997,5.0,True,REORDENAR,0.13840588235294118
MASS1465,0.9014084507042254,2.464815845278051,2.7344050783553375,142,298.88,128.0,1.4159183673469387,18.0,1.15,200.0,0.094116,1.15,C,Z,C-Z,0.75,0.00047058,0.0399993,1.1899993,46.87323943661972,13.52112676056338,19.9599345547755,6.438807794212121,162.04793531066056,1,200,0.094116,229.99999999999997,18.0,True,REORDENAR,0.13840588235294118
MASS1467,0.8873239436619719,2.2881086108145365,2.578662085203684,142,330.15,126.0,1.223653846153846,0.0,1.15,200.0,0.094116,1.15,C,Z,C-Z,0.75,0.00047058,0.0399993,1.1899993,46.140845070422536,13.309859154929578,19.28705683707712,5.977197682147542,160.7769514888088,1,200,0.094116,229.99999999999997,0.0,True,REORDENAR,0.13840588235294118
MASS1464,1.3309859154929577,3.3106786837924864,2.487388217452556,142,750.0,189.0,1.3650467289719626,26.0,1.15,200.0,0.094116,1.15,B,Z,B-Z,0.85,0.00047058,0.0399993,1.1899993,69.21126760563381,19.964788732394368,33.25414847026138,13.28935973786701,196.9107467738929,1,200,0.094116,229.99999999999997,26.0,True,REORDENAR,0.13840588235294118
MASS1796,2.2746478873239435,8.69673809087273,3.8233337736963704,142,1183.2,323.0,1.2748051948051948,0.0,1.15,200.0,0.0468,1.15,B,Z,B-Z,0.85,0.000234,0.019889999999999998,1.1698899999999999,118.28169014084506,34.11971830985915,69.02920125105014,34.90948294119099,259.6214773525152,2,400,0.0936,459.99999999999994,0.0,True,REORDENAR,0.1376470588235294
MASS2117,1.4295774647887325,7.290718754830812,5.099911641310223,142,2645.51,203.0,5.017049180327868,30.0,4.5,100.0,0.046563,4.5,A,Z,A-Z,0.9,0.00046563,0.039578550000000004,4.53957855,74.3380281690141,21.443661971830988,57.63061863670386,36.186956664872866,104.48456078171866,2,200,0.093126,900.0,30.0,True,REORDENAR,0.13695000000000002
MASS2116,2.084507042253521,11.67921895629276,5.602868553356662,142,3786.36,296.0,4.438888888888889,0.0,4.5,100.0,0.046563,4.5,A,Z,A-Z,0.9,0.00046563,0.039578550000000004,4.53957855,108.39436619718309,31.267605633802816,89.23656650901017,57.96896087520736,126.16821476713196,2,200,0.093126,900.0,0.0,True,REORDENAR,0.13695000000000002
MASS2293,3.711267605633803,18.855772480293368,5.080682527896885,142,6526.32,527.0,4.62192156862745,23.0,4.5,100.0,0.046563,4.5,A,Z,A-Z,0.9,0.00046563,0.039578550000000004,4.53957855,192.98591549295776,55.66901408450705,149.25828073602426,93.58926665151722,168.34856160973493,2,200,0.093126,900.0,23.0,True,REORDENAR,0.13695000000000002
MASS0400,1.3943661971830985,4.621807307421457,3.3146294831002368,142,898.76,198.0,3.080294117647059,0.0,2.95,100.0,0.046368,2.95,B,Z,B-Z,0.85,0.00046368,0.0394128,2.9894128,72.50704225352112,20.915492957746476,39.467840018218894,18.552347060472417,127.16029312368121,2,200,0.092736,590.0,0.0,True,REORDENAR,0.1363764705882353
MASS0401,1.4859154929577465,5.229127255189334,3.519128294961542,142,1130.88,211.0,2.9436,0.0,2.95,100.0,0.046368,2.95,B,Z,B-Z,0.85,0.00046368,0.0394128,2.9894128,77.26760563380282,22.288732394366196,43.27891593271283,20.99018353834663,131.2683882468714,2,200,0.092736,590.0,0.0,True,REORDENAR,0.1363764705882353
MASS1259,0.176056338028169,1.364698266469788,7.751486153548396,142,122.13,25.0,3.3816666666666664,0.0,2.7,40.0,0.04565356,2.7,C,Z,C-Z,0.75,0.0011413390000000001,0.097013815,2.797013815,9.154929577464788,2.640845070422535,6.205829388308642,3.5649843178861067,46.71265680643955,2,80,0.09130712,216.0,0.0,True,REORDENAR,0.13427517647058826
MASS2440,0.2640845070422535,1.4250714327894558,5.396270492162739,142,235.64,37.5,2.920666666666667,0.0,2.7,40.0,0.04565356,2.7,C,Z,C-Z,0.75,0.0011413390000000001,0.097013815,2.797013815,13.732394366197182,3.9612676056338025,7.683963995440028,3.722696389806225,57.211086852762236,2,80,0.09130712,216.0,0.0,True,REORDENAR,0.13427517647058826
MASS0150,0.3380281690140845,2.0172564893641387,5.96771711436891,142,318.49,48.0,2.7715,0.0,2.7,40.0,0.04565356,2.7,C,Z,C-Z,0.75,0.0011413390000000001,0.097013815,2.797013815,17.577464788732392,5.070422535211268,10.340076587267866,5.269654052056598,64.72695595622514,2,80,0.09130712,216.0,0.0,True,REORDENAR,0.13427517647058826
MASS2113,1.5211267605633803,7.582845804475791,4.985019001090566,142,7118.86,216.0,15.415702479338842,6.0,15.0,50.0,0.04557,15.0,A,Z,A-Z,0.9,0.0009114,0.077469,15.077469,79.09859154929578,22.816901408450704,60.45380961330522,37.636908204854514,59.1390744778491,2,100,0.09114,1500.0,6.0,True,REORDENAR,0.1340294117647059
MASS2115,2.3380281690140845,15.489134752305803,6.62487088803441,142,3389.2,332.0,4.585,0.0,15.0,50.0,0.04557,15.0,A,Z,A-Z,0.9,0.0009114,0.077469,15.077469,121.5774647887324,35.070422535211264,111.9496256572186,76.87920312200734,73.31902648295127,2,100,0.09114,1500.0,0.0,True,REORDENAR,0.1340294117647059
MASS1293,1.591549295774648,3.4705548222364158,2.1806140918476595,142,748.44,226.0,0.8604166666666666,0.0,0.65,100.0,0.03024,0.65,B,Z,B-Z,0.85,0.0003024,0.025703999999999998,0.675704,82.7605633802817,23.87323943661972,37.8043562642592,13.931116827639478,285.75105648131466,3,300,0.09072,195.0,0.0,True,REORDENAR,0.13341176470588234
MASS1460,0.704225352112676,4.542609510921494,6.450505505508522,142,123.82,100.0,0.717,0.0,0.52,200.0,0.04536,0.52,C,Z,C-Z,0.75,0.00022679999999999998,0.019278,0.539278,36.61971830985915,10.56338028169014,22.42998264105784,11.8666023593677,212.76761153859786,2,400,0.09072,208.0,0.0,True,REORDENAR,0.13341176470588234
MASS0817,2.8380281690140845,10.052089387229218,3.5419272778822557,142,2686.15,403.0,3.3201136363636365,0.0,3.62,100.0,0.045325,3.62,A,Z,A-Z,0.9,0.00045325,0.03852625,3.65852625,147.57746478873239,42.570422535211264,92.46324315815318,49.89282062294191,163.9877115930903,2,200,0.09065,724.0,0.0,True,REORDENAR,0.13330882352941176
MASS0820,2.5704225352112675,8.876135737797199,3.4531815747046637,142,2310.71,365.0,3.5588235294117645,0.0,3.62,100.0,0.045325,3.62,A,Z,A-Z,0.9,0.00045325,0.03852625,3.65852625,133.66197183098592,38.556338028169016,82.61239753291538,44.056059504746365,156.06489143959809,2,200,0.09065,724.0,0.0,True,REORDENAR,0.13330882352941176
MASS2215,5.584507042253521,16.88099479344337,3.0228263060138194,142,15709.22,793.0,5.78753112033195,0.0,5.65,100.0,0.045,5.65,AA,Z,AA-Z,0.95,0.00045,0.03825,5.68825,290.3943661971831,83.76760563380282,191.30782604193314,107.54022040813032,184.48417821791043,2,200,0.09,1130.0,0.0,True,REORDENAR,0.1323529411764706
MASS1717,0.6971830985915493,1.4827109378103298,2.126716698677443,142,1427.78,99.0,4.867297297297298,0.0,5.5,40.0,0.044928,5.5,B,Z,B-Z,0.85,0.0011232,0.095472,5.595472,36.25352112676056,10.457746478873238,16.409480525518852,5.951734046645614,65.72205037795925,2,80,0.089856,440.0,0.0,True,REORDENAR,0.13214117647058823
MASS0339,0.31690140845070425,1.3754159567347453,4.340201463474084,142,1011.9200000000001,45.0,7.011818181818183,0.0,7.2,80.0,0.08928,7.2,B,Z,B-Z,0.85,0.001116,0.09486,7.29486,16.47887323943662,4.753521126760564,10.274563542544652,5.521042415784088,38.80696207790967,1,80,0.08928,576.0,0.0,True,REORDENAR,0.1312941176470588
MASS1138,0.6549295774647887,2.6976369345162974,4.118972523670045,142,1313.36,93.0,6.384081632653061,0.0,5.8,100.0,0.088407,5.8,B,Z,B-Z,0.85,0.00088407,0.07514595,5.875145949999999,34.056338028169016,9.823943661971832,20.652499099999638,10.828555438027806,62.16472466942362,1,100,0.088407,580.0,0.0,True,REORDENAR,0.13001029411764706
MASS1107,1.0774647887323943,3.4375356991816877,3.190392609698037,142,2312.06,153.0,6.220487804878049,0.0,5.8,100.0,0.088407,5.8,A,Z,A-Z,0.9,0.00088407,0.07514595,5.875145949999999,56.028169014084504,16.161971830985912,33.223932326693976,17.061960495708064,79.73486359633033,1,100,0.088407,580.0,0.0,True,REORDENAR,0.13001029411764706
MASS2096,0.8873239436619719,5.020664519817808,5.658209220747054,142,515.77,126.0,1.0683561643835615,0.0,1.0,250.0,0.0882,1.0,C,Z,C-Z,0.75,0.0003528,0.029988,1.029988,46.140845070422536,13.309859154929578,26.425278671668522,13.115419516738944,172.81485058431275,1,250,0.0882,250.0,0.0,True,REORDENAR,0.12970588235294117
MASS0594,0.2746478873239437,1.982706675648764,7.219085844669857,142,262.0,39.0,3.3233333333333333,0.0,5.1,150.0,0.08748,5.1,C,Z,C-Z,0.75,0.0005832,0.049572,5.149572,14.281690140845072,4.119718309859155,9.299118313011732,5.179400003152577,42.999024817728,1,150,0.08748,765.0,0.0,True,REORDENAR,0.12864705882352942
MASS2063,1.0070422535211268,2.864546004833019,2.8445142145894318,142,2916.55,143.0,6.5674226804123705,0.0,6.4,60.0,0.043512,6.4,A,Z,A-Z,0.9,0.0007252000000000001,0.061642,6.461642,52.36619718309859,15.105633802816902,29.323601279993667,14.217967477176765,73.50357162132369,2,120,0.087024,768.0,0.0,True,REORDENAR,0.1279764705882353
MASS0749,1.380281690140845,3.2172681119989153,2.3308779178767653,142,396.37,196.0,0.5631764705882353,0.0,0.48,40.0,0.010875,0.48,C,Z,C-Z,0.75,0.000271875,0.023109374999999998,0.503109375,71.77464788732394,20.704225352112676,29.10865484947006,8.404429497357384,308.39597461961677,8,320,0.087,153.6,0.0,True,REORDENAR,0.12794117647058822
MASS2249,0.9929577464788732,3.0141427368189273,3.0355196356616148,142,720.55,141.0,1.8179518072289156,3.0,1.8,120.0,0.043472,1.8,B,Z,B-Z,0.85,0.0003622666666666666,0.030792666666666663,1.8307926666666667,51.63380281690141,14.894366197183098,26.993404176000265,12.099037978817167,137.12032828479857,2,240,0.086944,432.0,3.0,True,REORDENAR,0.12785882352941175
MASS1611,0.7183098591549296,2.7324324683487617,3.8039746127992564,142,574.0,102.0,3.673142857142857,17.0,3.29,1.0,0.001,3.29,C,Z,C-Z,0.75,0.001,0.085,3.375,37.35211267605634,10.774647887323944,17.912547259427974,7.13789937210403,85.89642074327054,86,86,0.08600000000000001,282.94,17.0,True,REORDENAR,0.1264705882352941
MASS1649,2.859154929577465,5.557681476503157,1.9438196297129267,142,1959.96,406.0,0.9422651933701657,26.0,0.68,200.0,0.043,0.68,B,Z,B-Z,0.85,0.000215,0.018275,0.6982750000000001,148.6760563380282,42.887323943661976,65.19635345211418,22.309029508452205,376.75726898012186,2,400,0.086,272.0,26.0,True,REORDENAR,0.1264705882352941
MASS1716,0.7183098591549296,2.1680013254788366,3.018197923705831,142,1597.16,102.0,6.836666666666667,0.0,7.5,50.0,0.042999375,7.5,B,Z,B-Z,0.85,0.0008599874999999999,0.07309893749999999,7.5730989375,37.35211267605634,10.774647887323944,19.47719871700955,8.702550829685606,57.3423042449124,2,100,0.08599875,750.0,0.0,True,REORDENAR,0.12646875
MASS2080,3.9225352112676055,12.27641106775205,3.1297134140409177,142,12552.64,557.0,10.598390804597702,0.0,10.65,100.0,0.04185,10.65,AA,Z,AA-Z,0.95,0.0004185,0.0355725,10.685572500000001,203.9718309859155,58.83802816901408,137.04479075623073,78.20676258721664,112.80817415262028,2,200,0.0837,2130.0,0.0,True,REORDENAR,0.12308823529411765
MASS2178,0.2605633802816901,1.0429063146135582,4.002505315543926,142,655.62,37.0,5.8512,0.0,6.8,30.0,0.04032,6.8,C,Z,C-Z,0.75,0.0013440000000000001,0.11424000000000001,6.9142399999999995,13.549295774647886,3.908450704225352,6.632821906248886,2.7243712020235336,36.14435732084242,2,60,0.08064,408.0,0.0,True,REORDENAR,0.11858823529411766
MASS2119,1.3591549295774648,5.516373499479133,4.0586789478033,142,587.53,193.0,1.3252777777777778,0.0,1.2,200.0,0.0795555,1.2,C,Z,C-Z,0.75,0.0003977775,0.033811087499999996,1.2338110875,70.67605633802816,20.387323943661972,34.79767786615739,14.410353922495421,195.41873168034283,1,200,0.0795555,240.0,0.0,True,REORDENAR,0.11699338235294117
MASS2098,0.9295774647887324,4.154204718291383,4.468917196949821,142,1444.74,132.0,5.0384126984126985,0.0,4.9,30.0,0.025839,4.9,B,Z,B-Z,0.85,0.0008613000000000001,0.07321050000000001,4.9732105,48.33802816901408,13.943661971830986,30.61901050274841,16.675348530917425,80.49713337280303,3,90,0.077517,441.00000000000006,0.0,True,REORDENAR,0.11399558823529411
MASS1275,1.4647887323943662,3.6313488727882524,2.4790939419996723,142,1836.81,208.0,3.89515625,0.0,4.5,100.0,0.0387,4.5,B,Z,B-Z,0.85,0.000387,0.032895,4.532895,76.16901408450704,21.971830985915492,36.54838948445862,14.576558498543125,105.8414322217275,2,200,0.0774,900.0,0.0,True,REORDENAR,0.1138235294117647
MASS1146,0.8943661971830986,4.764984199149043,5.327777608497355,142,363.12,127.0,1.6214814814814815,0.0,1.6,100.0,0.038313,1.6,C,Z,C-Z,0.75,0.00038312999999999997,0.03256605,1.63256605,46.50704225352113,13.41549295774648,25.86300195098626,12.44750899323978,137.8092439606046,2,200,0.076626,320.0,0.0,True,REORDENAR,0.11268529411764705
MASS1694,1.7253521126760563,3.505101380950369,2.0315281473263362,142,2504.98,245.0,4.434608695652174,40.0,5.2,60.0,0.038304,5.2,A,Z,A-Z,0.9,0.0006384,0.054264,5.254264,89.71830985915493,25.880281690140844,43.27759957383974,17.397317883698893,106.69374694181026,2,120,0.076608,624.0,40.0,True,REORDENAR,0.11265882352941176
MASS1661,5.23943661971831,10.826110790937648,2.0662738337542286,142,1092.27,744.0,0.19597402597402597,67.0,0.18,400.0,0.025,0.18,B,Z,B-Z,0.85,6.25e-05,0.0053125,0.1853125,272.4507042253521,78.59154929577466,122.048524316366,43.456975020591344,990.024587064236,3,1200,0.07500000000000001,216.0,67.0,True,REORDENAR,0.11029411764705885
MASS1939,0.3028169014084507,1.07181450588778,3.5394804613038318,142,166.39000000000001,43.0,0.7591666666666667,0.0,0.75,100.0,0.0375,0.75,C,Z,C-Z,0.75,0.000375,0.031875,0.781875,15.746478873239436,4.54225352112676,7.342141231878367,2.799887710751607,115.87171484759747,2,200,0.075,150.0,0.0,True,REORDENAR,0.11029411764705882
MASS1937,0.34507042253521125,1.4194483727662508,4.113503447608319,142,185.78,49.0,0.9035294117647058,0.0,0.75,100.0,0.0375,0.75,C,Z,C-Z,0.75,0.000375,0.031875,0.781875,17.943661971830984,5.176056338028169,8.884063678032115,3.708007340003946,123.69189599372099,2,200,0.075,150.0,0.0,True,REORDENAR,0.11029411764705882
MASS1940,0.29577464788732394,1.2191656977218677,4.1219411684882195,142,116.52,42.0,0.9695,0.0,0.75,100.0,0.0375,0.75,C,Z,C-Z,0.75,0.000375,0.031875,0.781875,15.380281690140844,4.436619718309859,7.6214311158696955,3.1848113975598364,114.51644348996282,2,200,0.075,150.0,0.0,True,REORDENAR,0.11029411764705882
MASS1941,0.30985915492957744,1.1740884412876393,3.7891036059737453,142,144.81,44.0,0.9675999999999999,0.0,0.75,100.0,0.0375,0.75,C,Z,C-Z,0.75,0.000375,0.031875,0.781875,16.112676056338028,4.647887323943662,7.714943964844318,3.067056640900656,117.21131674823908,2,200,0.075,150.0,0.0,True,REORDENAR,0.11029411764705882
MASS1938,0.2887323943661972,1.2003603827379128,4.157345715823991,142,116.31,41.0,0.9899999999999999,0.0,0.75,100.0,0.0375,0.75,C,Z,C-Z,0.75,0.000375,0.031875,0.781875,15.014084507042254,4.330985915492958,7.4666724224759715,3.1356865069830135,113.14493960163114,2,200,0.075,150.0,0.0,True,REORDENAR,0.11029411764705882
MASS0328,1.176056338028169,4.143352012261659,3.52308973497698,142,379.07,167.0,1.395909090909091,2.0,1.4,100.0,0.0373275,1.4,C,Z,C-Z,0.75,0.000373275,0.031728375,1.4317283749999998,61.154929577464785,17.640845070422536,28.464472028932825,10.823626958510289,168.74844889777108,2,200,0.074655,280.0,2.0,True,REORDENAR,0.10978676470588236
MASS1720,1.0211267605633803,2.55567317708527,2.5027971803179887,142,1440.72,145.0,4.632857142857143,17.0,4.5,50.0,0.03726,4.5,B,Z,B-Z,0.85,0.0007452,0.063342,4.563342,53.098591549295776,15.316901408450704,25.575601652896555,10.258700244445851,88.07534683973229,2,100,0.07452,450.0,17.0,True,REORDENAR,0.10958823529411765
MASS0367,1.943661971830986,2.897234308215273,1.490606057125249,142,2536.1,276.0,2.959151785714286,12.0,3.03,50.0,0.02448,3.03,A,Z,A-Z,0.9,0.0004896,0.041616,3.0716159999999997,101.07042253521126,29.15492957746479,43.53514309069364,14.380213513228846,148.1095118466293,3,150,0.07343999999999999,454.49999999999994,12.0,True,REORDENAR,0.10799999999999998
MASS1953,0.4225352112676056,1.508011436183153,3.5689603989667953,142,1474.21,60.0,7.7424489795918365,1.0,9.6,50.0,0.07326,9.6,B,Z,B-Z,0.85,0.0014652,0.124542,9.724542,21.971830985915492,6.338028169014084,12.391320674373851,6.053292505359767,38.81082879707458,1,50,0.07326,480.0,1.0,True,REORDENAR,0.10773529411764707
MASS1954,0.44366197183098594,1.6865115613682307,3.8013435192744245,142,1707.6,63.0,8.584081632653062,0.0,9.6,50.0,0.07326,9.6,B,Z,B-Z,0.85,0.0014652,0.124542,9.724542,23.070422535211268,6.654929577464789,13.424737517696482,6.769807940231693,39.76926518697102,1,50,0.07326,480.0,0.0,True,REORDENAR,0.10773529411764707
MASS1920,0.5774647887323944,1.6343994653164051,2.8303015131088967,142,1537.41,82.0,5.310425531914894,0.0,5.2,80.0,0.072072,5.2,B,Z,B-Z,0.85,0.0009008999999999999,0.07657649999999999,5.2765765,30.028169014084508,8.661971830985916,15.222597166298165,6.560625335312249,61.59460533190753,1,80,0.072072,416.0,0.0,True,REORDENAR,0.10598823529411763
MASS1812,1.4929577464788732,6.327634403719778,4.238321157208531,142,462.46000000000004,212.0,0.7064516129032259,0.0,0.5,100.0,0.0176,0.5,C,Z,C-Z,0.75,0.00017600000000000002,0.014960000000000001,0.51496,77.63380281690141,22.3943661971831,38.92396689560752,16.52960069842442,317.02466514600815,4,400,0.0704,200.0,0.0,True,REORDENAR,0.1035294117647059
MASS2179,0.7464788732394366,2.45941992733716,3.2946946196403464,142,389.26,106.0,1.0641818181818181,1.0,1.0,80.0,0.035,1.0,C,Z,C-Z,0.75,0.00043750000000000006,0.037187500000000005,1.0371875,38.816901408450704,11.19718309859155,17.621895203439575,6.424712104848025,157.95601394526517,2,160,0.07,160.0,1.0,True,REORDENAR,0.10294117647058824
MASS2712,0.23943661971830985,1.662816449762222,6.944703996065751,142,148.54,34.0,2.11,1.0,2.0,350.0,0.068172,2.0,C,Z,C-Z,0.75,0.00019477714285714285,0.016556057142857142,2.016556057142857,12.450704225352112,3.5915492957746475,7.935304038176238,4.34375474240159,64.15731480560065,1,350,0.068172,700.0,1.0,True,REORDENAR,0.1002529411764706
MASS2718,0.176056338028169,1.239419309093525,7.0399016756512225,142,77.19,25.0,2.11,0.0,2.0,350.0,0.068172,2.0,C,Z,C-Z,0.75,0.00019477714285714285,0.016556057142857142,2.016556057142857,9.154929577464788,2.640845070422535,5.878564725210026,3.237719654787491,55.01444357851523,1,350,0.068172,700.0,0.0,True,REORDENAR,0.1002529411764706
MASS2715,0.1619718309859155,1.3716342374956898,8.468350509755998,142,70.06,23.0,2.11,2.0,2.0,350.0,0.068172,2.0,C,Z,C-Z,0.75,0.00019477714285714285,0.016556057142857142,2.016556057142857,8.422535211267606,2.4295774647887325,6.012680533569581,3.5831030687808485,52.76800055027047,1,350,0.068172,700.0,2.0,True,REORDENAR,0.1002529411764706
MASS0814,0.176056338028169,1.1127838439375093,6.320612233565053,142,349.2,25.0,10.07,0.0,9.8,100.0,0.067424,9.8,C,Z,C-Z,0.75,0.00067424,0.0573104,9.857310400000001,9.154929577464788,2.640845070422535,5.547756473700165,2.90691140327763,24.882995340201326,1,100,0.067424,980.0000000000001,0.0,True,REORDENAR,0.09915294117647058
MASS0812,0.7887323943661971,2.9386902710969074,3.7258394508550077,142,1486.69,112.0,9.574,0.0,9.8,100.0,0.067424,9.8,B,Z,B-Z,0.85,0.00067424,0.0573104,9.857310400000001,41.01408450704225,11.830985915492956,23.627150962244013,11.796165046751057,52.66737403564141,1,100,0.067424,980.0000000000001,0.0,True,REORDENAR,0.09915294117647058
MASS0813,0.19014084507042253,1.064801773524729,5.600068586685612,142,393.25,27.0,10.875833333333333,0.0,9.8,100.0,0.067424,9.8,C,Z,C-Z,0.75,0.00067424,0.0573104,9.857310400000001,9.887323943661972,2.852112676056338,5.633681113226334,2.7815684371699962,25.85916730423699,1,100,0.067424,980.0000000000001,0.0,True,REORDENAR,0.09915294117647058
MASS2121,3.1901408450704225,11.18632213092853,3.5065292330945947,142,1525.28,453.0,1.2397927461139897,1.0,1.25,400.0,0.06678,1.25,B,Z,B-Z,0.85,0.00016695000000000002,0.014190750000000002,1.26419075,165.88732394366198,47.852112676056336,92.75500816674125,44.90289549068491,295.7703715876197,1,400,0.06678,500.0,1.0,True,REORDENAR,0.09820588235294118
MASS1616,0.28169014084507044,1.040773015927224,3.6947442065416447,142,275.77,40.0,3.9149999999999996,0.0,3.75,1.0,0.001269,3.75,C,Z,C-Z,0.75,0.001269,0.10786499999999999,3.857865,14.647887323943662,4.225352112676057,6.944150525058829,2.718798412382772,50.311625927603565,51,51,0.064719,191.25,0.0,True,REORDENAR,0.095175
MASS2252,0.323943661971831,1.4709927933956561,4.540890797003982,142,298.55,46.0,2.75,4.0,2.4,50.0,0.031768,2.4,C,Z,C-Z,0.75,0.00063536,0.054005599999999994,2.4540056,16.845070422535212,4.859154929577465,8.701811118878842,3.842656189301377,67.64769624671855,2,100,0.063536,240.0,4.0,True,REORDENAR,0.09343529411764705
MASS2317,1.2253521126760563,3.309977108183323,2.701245685988689,142,1096.68,174.0,1.3394871794871794,24.0,1.25,200.0,0.062604,1.25,B,Z,B-Z,0.85,0.00031302,0.0266067,1.2766067,63.71830985915493,18.380281690140844,31.666825240892162,13.286543550751318,182.413902478339,1,200,0.062604,250.0,24.0,True,REORDENAR,0.09206470588235295
MASS0842,7.584507042253521,15.378092069977864,2.0275664567658835,142,3060.18,1077.0,0.8630793650793651,15.0,0.85,150.0,0.0156,0.85,A,Z,A-Z,0.9,0.000104,0.008839999999999999,0.8588399999999999,394.3943661971831,113.76760563380282,190.0956564115108,76.32805077770797,553.3037200271298,4,600,0.0624,510.0,15.0,True,REORDENAR,0.09176470588235293
MASS1958,0.14084507042253522,0.7004714652995732,4.97334740362697,142,278.0,20.0,9.33,0.0,8.5,20.0,0.030096,8.5,C,Z,C-Z,0.75,0.0015048000000000001,0.12790800000000002,8.627908,7.323943661971831,2.1126760563380285,3.9425089580675645,1.829832901729536,23.788886550168208,2,40,0.060192,340.0,0.0,True,REORDENAR,0.08851764705882353
MASS2455,1.0704225352112675,4.383476206161614,4.095089613650982,142,1687.79,152.0,2.7408196721311473,0.0,3.2,50.0,0.02,3.2,B,Z,B-Z,0.85,0.0004,0.034,3.234,55.66197183098591,16.056338028169012,33.652002775474195,17.595664747305182,107.11829620458893,3,150,0.06,480.0,0.0,True,REORDENAR,0.08823529411764705
MASS2245,0.47183098591549294,1.6141821017953546,3.42110236499911,142,506.95,67.0,2.3655769230769232,0.0,2.65,80.0,0.059168,2.65,C,Z,C-Z,0.75,0.0007396,0.062866,2.712866,24.535211267605632,7.077464788732394,11.294172628479817,4.216707839747423,77.64886287904892,1,80,0.059168,212.0,0.0,True,REORDENAR,0.08701176470588236
MASS2220,0.3591549295774648,2.46202807853902,6.855058571618447,142,1285.71,51.0,9.20857142857143,0.0,15.0,30.0,0.0559845,15.0,B,Z,B-Z,0.85,0.00186615,0.15862275,15.15862275,18.67605633802817,5.387323943661972,15.2701244040661,9.882800460404129,28.65939945485624,1,30,0.0559845,450.0,0.0,True,REORDENAR,0.08233014705882352
MASS2314,0.6901408450704225,2.260305316072576,3.2751362743092427,142,314.73,98.0,0.7005660377358491,0.0,0.65,100.0,0.027692,0.65,C,Z,C-Z,0.75,0.00027692,0.0235382,0.6735382,35.88732394366197,10.352112676056338,16.256680156952832,5.904567480896494,188.47067760493977,2,200,0.055384,130.0,0.0,True,REORDENAR,0.08144705882352941
MASS0019,2.4295774647887325,6.79006145568439,2.7947499324845895,142,685.46,345.0,0.7490677966101695,0.0,0.8,300.0,0.027,0.8,B,Z,B-Z,0.85,9e-05,0.0076500000000000005,0.8076500000000001,126.3380281690141,36.443661971830984,63.699574715210574,27.25591274337959,322.9310605956799,2,600,0.054,480.0,0.0,True,REORDENAR,0.07941176470588235
MASS2247,0.24647887323943662,1.1310361766468071,4.58877534525276,142,157.02,35.0,1.5099999999999998,2.0,2.2,80.0,0.053248,2.2,C,Z,C-Z,0.75,0.0006655999999999999,0.056575999999999994,2.2565760000000004,12.816901408450704,3.6971830985915495,6.651774843723652,2.954591745132103,61.53481649978352,1,80,0.053248,176.0,2.0,True,REORDENAR,0.07830588235294117
MASS1811,1.3309859154929577,6.346632357675065,4.7683692846024295,142,343.22,189.0,0.625,0.0,0.5,100.0,0.0176,0.5,C,Z,C-Z,0.75,0.00017600000000000002,0.014960000000000001,0.51496,69.21126760563381,19.964788732394368,36.54401754978586,16.579228817391495,299.3339827202501,3,300,0.0528,150.0,0.0,True,REORDENAR,0.07764705882352942
MASS0055,1.0,3.447683979528146,3.447683979528146,142,294.98,142.0,0.6837037037037037,0.0,0.7,100.0,0.0175,0.7,C,Z,C-Z,0.75,0.00017500000000000003,0.014875000000000003,0.7148749999999999,52.0,15.0,24.006342003964953,9.006342003964953,220.21200316763748,3,300,0.052500000000000005,210.0,0.0,True,REORDENAR,0.07720588235294118
MASS0053,1.0211267605633803,3.419734778524354,3.348981645175574,142,301.47,145.0,0.7083928571428572,0.0,0.7,100.0,0.0175,0.7,C,Z,C-Z,0.75,0.00017500000000000003,0.014875000000000003,0.7148749999999999,53.098591549295776,15.316901408450704,24.250232062050486,8.933330653599782,222.52602821600823,3,300,0.052500000000000005,210.0,0.0,True,REORDENAR,0.07720588235294118
MASS0052,1.0070422535211268,3.1633909422518625,3.1412693272710803,142,271.17,143.0,0.5778125000000001,2.0,0.7,100.0,0.0175,0.7,C,Z,C-Z,0.75,0.00017500000000000003,0.014875000000000003,0.7148749999999999,52.36619718309859,15.105633802816902,23.369320639353603,8.263686836536701,220.98603719978846,3,300,0.052500000000000005,210.0,2.0,True,REORDENAR,0.07720588235294118
MASS2242,0.6549295774647887,1.8757344647469527,2.864024666602874,142,828.65,93.0,2.5135211267605633,1.0,2.55,100.0,0.0504,2.55,B,Z,B-Z,0.85,0.000504,0.04284,2.59284,34.056338028169016,9.823943661971832,17.353309225827356,7.529365563855524,93.57621729528755,1,100,0.0504,254.99999999999997,1.0,True,REORDENAR,0.07411764705882354
MASS0376,0.3732394366197183,2.6859475524142775,7.1963123102420266,142,127.72,53.0,1.2782352941176471,0.0,1.31,200.0,0.05,1.31,C,Z,C-Z,0.75,0.00025,0.02125,1.33125,19.408450704225352,5.598591549295775,12.615058953325743,7.016467404029968,98.58707792230375,1,200,0.05,262.0,0.0,True,REORDENAR,0.07352941176470588
MASS1607,0.29577464788732394,1.0836550470112691,3.6637861113238146,142,203.2,42.0,2.5865384615384617,1.0,2.3,72.0,0.05,2.3,C,Z,C-Z,0.75,0.0006944444444444445,0.05902777777777778,2.3590277777777775,15.380281690140844,4.436619718309859,7.267438327456842,2.8308186091469834,65.9280131732334,1,72,0.05,165.6,1.0,True,REORDENAR,0.07352941176470588
MASS0373,0.3732394366197183,2.6859475524142775,7.1963123102420266,142,124.06,53.0,1.5239999999999998,0.0,1.31,200.0,0.05,1.31,C,Z,C-Z,0.75,0.00025,0.02125,1.33125,19.408450704225352,5.598591549295775,12.615058953325743,7.016467404029968,98.58707792230375,1,200,0.05,262.0,0.0,True,REORDENAR,0.07352941176470588
MASS1606,0.33098591549295775,1.4128178722771563,4.26851357156077,142,205.25,47.0,2.6228571428571428,0.0,2.3,72.0,0.05,2.3,C,Z,C-Z,0.75,0.0006944444444444445,0.05902777777777778,2.3590277777777775,17.211267605633804,4.964788732394366,8.655475298389781,3.6906865659954153,69.74197978904127,1,72,0.05,165.6,0.0,True,REORDENAR,0.07352941176470588
MASS0174,0.5633802816901409,3.2430280673854126,5.756374819609107,142,124.52,80.0,1.13,0.0,1.0,200.0,0.05,1.0,C,Z,C-Z,0.75,0.00025,0.02125,1.02125,29.295774647887324,8.450704225352114,16.922426133961594,8.47172190860948,138.2900166212705,1,200,0.05,200.0,0.0,True,REORDENAR,0.07352941176470588
MASS0374,0.4014084507042254,2.689775384529136,6.7008439404059175,142,149.86,57.0,1.4457894736842105,0.0,1.31,200.0,0.05,1.31,C,Z,C-Z,0.75,0.00025,0.02125,1.33125,20.87323943661972,6.021126760563381,13.04759356284588,7.026466802282498,102.23968141833765,1,200,0.05,262.0,0.0,True,REORDENAR,0.07352941176470588
MASS1481,1.9507042253521127,13.648228765547552,6.9965649267427885,142,905.6,277.0,2.0726666666666667,52.0,1.9,200.0,0.05,1.9,B,Z,B-Z,0.85,0.00025,0.02125,1.92125,101.43661971830986,29.260563380281692,84.04577184463614,54.78520846435444,187.61165492071578,1,200,0.05,380.0,52.0,True,REORDENAR,0.07352941176470588
MASS2236,0.2887323943661972,1.3867712688085254,4.802963906605137,142,895.2,41.0,13.695,0.0,14.0,40.0,0.05,14.0,B,Z,B-Z,0.85,0.00125,0.10625,14.10625,15.014084507042254,4.330985915492958,9.897609567481867,5.566623651988909,26.63777892439122,1,40,0.05,560.0,0.0,True,REORDENAR,0.07352941176470588
MASS2077,0.323943661971831,1.7485527785853505,5.397706403459125,142,105.39,46.0,1.1505263157894736,8.0,1.0,100.0,0.025,1.0,C,Z,C-Z,0.75,0.00025,0.02125,1.02125,16.845070422535212,4.859154929577465,9.42687761803517,4.567722688457706,104.86359711949127,2,200,0.05,200.0,8.0,True,REORDENAR,0.07352941176470588
MASS0370,0.4014084507042254,2.692410818649706,6.70740940786418,142,147.63,57.0,1.4989473684210526,0.0,1.31,200.0,0.05,1.31,C,Z,C-Z,0.75,0.00025,0.02125,1.33125,20.87323943661972,6.021126760563381,13.0544780746398,7.033351314076419,102.23968141833765,1,200,0.05,262.0,0.0,True,REORDENAR,0.07352941176470588
MASS2078,0.4225352112676056,1.8805610437252247,4.4506611368163655,142,168.96,60.0,1.1429411764705881,0.0,1.0,100.0,0.025,1.0,C,Z,C-Z,0.75,0.00025,0.02125,1.02125,21.971830985915492,6.338028169014084,11.250594407593953,4.912566238579869,119.76266748379251,2,200,0.05,200.0,0.0,True,REORDENAR,0.07352941176470588
MASS2075,0.47183098591549294,2.027098901644231,4.29623946318628,142,164.71,67.0,1.19,0.0,1.0,100.0,0.025,1.0,C,Z,C-Z,0.75,0.00025,0.02125,1.02125,24.535211267605632,7.077464788732394,12.372830052044112,5.295365263311718,126.55614478890658,2,200,0.05,200.0,0.0,True,REORDENAR,0.07352941176470588
MASS0391,1.852112676056338,4.555329172929097,2.459531340516851,142,706.37,263.0,0.5618571428571428,0.0,0.55,300.0,0.02448,0.55,B,Z,B-Z,0.85,8.159999999999999e-05,0.0069359999999999995,0.5569360000000001,96.30985915492957,27.781690140845072,46.067188035828785,18.285497894983713,339.53699341719886,2,600,0.04896,330.0,0.0,True,REORDENAR,0.072
MASS1952,1.028169014084507,2.548657446527933,2.478831215116209,142,1606.56,146.0,4.870895522388059,4.0,5.08,50.0,0.02448,5.08,B,Z,B-Z,0.85,0.0004896,0.041616,5.121616,53.46478873239437,15.422535211267604,25.653073687053503,10.230538475785899,83.42280553570926,2,100,0.04896,508.0,4.0,True,REORDENAR,0.072
MASS0388,1.880281690140845,4.283371102904147,2.2780475528553894,142,566.37,267.0,0.5743137254901961,1.0,0.55,300.0,0.02448,0.55,C,Z,C-Z,0.75,8.159999999999999e-05,0.0069359999999999995,0.5569360000000001,97.77464788732394,28.204225352112676,39.39362244062862,11.189397088515943,342.10928013581616,2,600,0.04896,330.0,1.0,True,REORDENAR,0.072
MASS0394,2.140845070422535,4.160932024097477,1.9435932480981637,142,809.62,304.0,0.588969696969697,0.0,0.55,300.0,0.02448,0.55,B,Z,B-Z,0.85,8.159999999999999e-05,0.0069359999999999995,0.5569360000000001,111.32394366197182,32.112676056338024,48.81502859321999,16.702352536881968,365.04467380775264,2,600,0.04896,330.0,0.0,True,REORDENAR,0.072
MASS2082,0.8802816901408451,3.493626201178809,3.968759364539127,142,2836.69,125.0,6.872162162162162,1.0,7.35,100.0,0.048384,7.35,A,Z,A-Z,0.9,0.00048384000000000003,0.0411264,7.391126399999999,45.774647887323944,13.204225352112676,30.544587008712575,17.3403616565999,64.25568560775426,1,100,0.048384,735.0,1.0,True,REORDENAR,0.07115294117647059
MASS1613,0.2112676056338028,1.6919961182134977,8.008781626210556,142,153.79,30.0,3.64,0.0,3.29,1.0,0.001,3.29,C,Z,C-Z,0.75,0.001,0.085,3.375,10.985915492957746,3.169014084507042,7.588994512091781,4.419980427584739,46.583874692053975,47,47,0.047,154.63,0.0,True,REORDENAR,0.06911764705882353
MASS2241,1.0070422535211268,2.916075471285053,2.8956833351222206,142,1775.71,143.0,2.5275925925925926,2.0,,120.0,0.045696,2.5275925925925926,B,Z,B-Z,0.85,0.0003808,0.032368,2.5599605925925926,52.36619718309859,15.105633802816902,26.81102102459483,11.705387221777928,116.7785958193761,1,120,0.045696,303.31111111111113,2.0,True,REORDENAR,0.0672
MASS2302,0.028169014084507043,0.33567254331867563,11.916375287812984,142,7.84,4.0,1.63,0.0,2.7,40.0,0.04565356,2.7,C,Z,C-Z,0.75,0.0011413390000000001,0.097013815,2.797013815,1.4647887323943662,0.4225352112676056,1.2994084236675683,0.8768732123999626,18.685062722575818,1,40,0.04565356,108.0,0.0,True,REORDENAR,0.06713758823529413
MASS2112,0.4084507042253521,2.3674953985365415,5.79628183779636,142,1730.91,58.0,16.782727272727275,0.0,15.0,50.0,0.04557,15.0,B,Z,B-Z,0.85,0.0009114,0.077469,15.077469,21.23943661971831,6.126760563380282,15.630098408554566,9.503337845174284,30.645142472430503,1,50,0.04557,750.0,0.0,True,REORDENAR,0.06701470588235295
MASS0600,0.4788732394366197,1.4766182845562643,3.0835264177498463,142,1465.49,68.0,12.155357142857143,0.0,12.8,40.0,0.045,12.8,B,Z,B-Z,0.85,0.001125,0.09562499999999999,12.895625,24.901408450704224,7.183098591549295,13.110376184221366,5.927277592672071,35.87939643336166,1,40,0.045,512.0,0.0,True,REORDENAR,0.0661764705882353
MASS0599,0.13380281690140844,0.8271018635923669,6.1814981384271634,142,412.71999999999997,19.0,15.63,0.0,12.8,40.0,0.045,12.8,C,Z,C-Z,0.75,0.001125,0.09562499999999999,12.895625,6.957746478873239,2.0070422535211265,4.167670170656711,2.1606279171355847,18.965638696780715,1,40,0.045,512.0,0.0,True,REORDENAR,0.0661764705882353
MASS2182,0.7605633802816901,3.195585557646382,4.201603233201724,142,542.32,108.0,1.0119101123595506,0.0,1.0,80.0,0.014,1.0,C,Z,C-Z,0.75,0.000175,0.014875,1.014875,39.54929577464789,11.408450704225352,19.756239134368332,8.34778843014298,161.182345265456,3,240,0.042,240.0,0.0,True,REORDENAR,0.061764705882352944
MASS2081,1.6549295774647887,6.170216468779781,3.7283861215605487,142,4045.43,235.0,10.947971014492754,0.0,10.65,100.0,0.04185,10.65,A,Z,A-Z,0.9,0.0004185,0.0355725,10.685572500000001,86.05633802816901,24.823943661971832,55.44936805112045,30.62542438914862,73.27349442246071,1,100,0.04185,1065.0,0.0,True,REORDENAR,0.061544117647058826
MASS1539,3.676056338028169,7.2674825123783755,1.9769780014515888,142,2753.93,522.0,2.1125641025641024,0.0,2.45,200.0,0.02025,2.45,A,Z,A-Z,0.9,0.00010125000000000001,0.008606250000000001,2.4586062500000003,191.1549295774648,55.140845070422536,91.21247032189757,36.071625251475034,227.66833473936452,2,400,0.0405,980.0000000000001,0.0,True,REORDENAR,0.059558823529411775
MASS2316,1.4295774647887325,4.709124818667098,3.2940676071464425,142,1498.99,203.0,1.4715384615384615,1.0,1.55,200.0,0.03898125,1.55,B,Z,B-Z,0.85,0.00019490625,0.01656703125,1.56656703125,74.3380281690141,21.443661971830988,40.34650931613926,18.902847344308274,177.86291177006171,1,200,0.03898125,310.0,1.0,True,REORDENAR,0.057325367647058825
MASS2260,0.20422535211267606,0.7675948657555444,3.7585679633547344,142,113.65,29.0,1.65,0.0,1.45,100.0,0.036,1.45,C,Z,C-Z,0.75,0.00035999999999999997,0.0306,1.4806,10.619718309859156,3.063380281690141,5.068558808066607,2.005178526376466,69.14997007853242,1,100,0.036,145.0,0.0,True,REORDENAR,0.05294117647058823
MASS2257,0.18309859154929578,0.8473548187107501,4.627860932958712,142,80.62,26.0,1.019,1.0,1.45,100.0,0.036,1.45,C,Z,C-Z,0.75,0.00035999999999999997,0.0306,1.4806,9.52112676056338,2.7464788732394365,4.960013333280406,2.2135344600409694,65.47562784478905,1,100,0.036,145.0,1.0,True,REORDENAR,0.05294117647058823
MASS2258,0.22535211267605634,0.8783799255316944,3.897810919546894,142,119.60000000000001,32.0,1.4849999999999999,0.0,1.45,100.0,0.036,1.45,C,Z,C-Z,0.75,0.00035999999999999997,0.0306,1.4806,11.71830985915493,3.380281690140845,5.674862651078689,2.294580960937844,72.63868722694912,1,100,0.036,145.0,0.0,True,REORDENAR,0.05294117647058823
MASS2259,0.1619718309859155,0.7685052632392381,4.744684668694426,142,68.65,23.0,1.65,0.0,1.45,100.0,0.036,1.45,C,Z,C-Z,0.75,0.00035999999999999997,0.0306,1.4806,8.422535211267606,2.4295774647887325,4.4371342111953345,2.007556746406602,61.58244328927443,1,100,0.036,145.0,0.0,True,REORDENAR,0.05294117647058823
MASS0960,1.943661971830986,5.528487985214138,2.8443670068855345,142,930.9,276.0,0.6253061224489795,0.0,0.65,432.0,0.03528,0.65,B,Z,B-Z,0.85,8.166666666666667e-05,0.006941666666666667,0.6569416666666666,101.07042253521126,29.15492957746479,51.34677380616051,22.19184422869572,320.2602270067008,1,432,0.03528,280.8,0.0,True,REORDENAR,0.05188235294117647
MASS1149,0.6971830985915493,2.9075334691175194,4.170401541562502,142,152.18,99.0,0.5372972972972974,2.0,0.7,100.0,0.0175,0.7,C,Z,C-Z,0.75,0.00017500000000000003,0.014875000000000003,0.7148749999999999,36.25352112676056,10.457746478873238,18.053060018727003,7.595313539853764,183.87149729663764,2,200,0.035,140.0,2.0,True,REORDENAR,0.05147058823529412
MASS0056,0.5633802816901409,5.160494765345135,9.159878208487614,142,76.74,80.0,0.59125,0.0,0.7,100.0,0.0175,0.7,C,Z,C-Z,0.75,0.00017500000000000003,0.014875000000000003,0.7148749999999999,29.295774647887324,8.450704225352114,21.93140055434978,13.480696328997665,165.28818425107133,2,200,0.035,140.0,0.0,True,REORDENAR,0.05147058823529412
MASS2180,0.5140845070422535,2.1724774741724326,4.225915086746376,142,275.59,73.0,1.2494339622641508,1.0,1.45,100.0,0.0168,1.45,C,Z,C-Z,0.75,0.000168,0.01428,1.46428,26.732394366197184,7.711267605633802,13.386403506861239,5.675135901227437,110.32177351581596,2,200,0.0336,290.0,1.0,True,REORDENAR,0.04941176470588235
MASS2177,0.2605633802816901,1.2698331686077093,4.873413782224182,142,1027.5,37.0,11.138695652173913,0.0,14.5,30.0,0.03132,14.5,B,Z,B-Z,0.85,0.001044,0.08874,14.58874,13.549295774647886,3.908450704225352,9.00567438446853,5.097223680243179,24.883063046805134,1,30,0.03132,435.0,0.0,True,REORDENAR,0.04605882352941176
MASS2105,0.33098591549295775,1.7329588970334273,5.23574815699461,142,843.2,47.0,6.8707692307692305,0.0,6.95,100.0,0.030336,6.95,B,Z,B-Z,0.85,0.00030335999999999997,0.0257856,6.9757856,17.211267605633804,4.964788732394366,11.921040423734269,6.956251691339903,40.55685191194147,1,100,0.030336,695.0,0.0,True,REORDENAR,0.04461176470588235
MASS2109,0.1267605633802817,0.7976841918473028,6.2928419579065,142,392.62,18.0,8.122352941176471,0.0,6.95,100.0,0.030336,6.95,C,Z,C-Z,0.75,0.00030335999999999997,0.0257856,6.9757856,6.591549295774648,1.9014084507042253,3.9851889496107518,2.0837804989065267,25.0987192460088,1,100,0.030336,695.0,0.0,True,REORDENAR,0.04461176470588235
MASS2107,0.24647887323943662,1.5120631704612706,6.134656291585726,142,624.33,35.0,6.169999999999999,0.0,6.95,100.0,0.030336,6.95,C,Z,C-Z,0.75,0.00030335999999999997,0.0257856,6.9757856,12.816901408450704,3.6971830985915495,7.647126923384201,3.9499438247926517,34.99849185056172,1,100,0.030336,695.0,0.0,True,REORDENAR,0.04461176470588235
MASS2108,0.18309859154929578,1.3454399913606747,7.3481722605083,142,363.14,26.0,7.323571428571428,0.0,6.95,100.0,0.030336,6.95,C,Z,C-Z,0.75,0.00030335999999999997,0.0257856,6.9757856,9.52112676056338,2.7464788732394365,6.2611550384442,3.514676165204764,30.1649063966532,1,100,0.030336,695.0,0.0,True,REORDENAR,0.04461176470588235
MASS2102,0.6619718309859155,3.116843565982053,4.708423259249484,142,1458.88,94.0,6.791428571428571,3.0,6.95,100.0,0.030336,6.95,B,Z,B-Z,0.85,0.00030335999999999997,0.0257856,6.9757856,34.42253521126761,9.929577464788732,22.44086573863077,12.511288273842037,57.35605002102482,1,100,0.030336,695.0,3.0,True,REORDENAR,0.04461176470588235
MASS2106,0.18309859154929578,1.350700991158196,7.3769054132486085,142,361.16,26.0,4.153333333333333,0.0,6.95,100.0,0.030336,6.95,C,Z,C-Z,0.75,0.00030335999999999997,0.0257856,6.9757856,9.52112676056338,2.7464788732394365,6.274898282819444,3.528419409580007,30.1649063966532,1,100,0.030336,695.0,0.0,True,REORDENAR,0.04461176470588235
MASS1826,1.591549295774648,3.91243685209949,2.4582567831775557,142,382.98,226.0,0.1463265306122449,6.0,0.15,100.0,0.00495,0.15,C,Z,C-Z,0.75,4.9500000000000004e-05,0.0042075,0.1542075,82.7605633802817,23.87323943661972,34.09364959258377,10.220410155964053,598.1544546777036,6,600,0.029700000000000004,90.0,6.0,True,REORDENAR,0.0436764705882353
MASS1047,0.795774647887324,2.0612560117606398,2.5902509174337243,142,253.31,113.0,0.7050000000000001,9.0,0.85,150.0,0.0136,0.85,C,Z,C-Z,0.75,9.066666666666666e-05,0.0077066666666666655,0.8577066666666666,41.38028169014085,11.93661971830986,17.321213175795442,5.3845934574855825,179.34187212291698,2,300,0.0272,255.0,9.0,True,REORDENAR,0.039999999999999994
MASS2261,0.14084507042253522,0.7105242225723566,5.0447219802637315,142,809.77,20.0,29.18,0.0,29.0,20.0,0.027,29.0,B,Z,B-Z,0.85,0.00135,0.11475,29.11475,7.323943661971831,2.1126760563380285,4.964783704977537,2.852107648639509,12.950016903024485,1,20,0.027,580.0,0.0,True,REORDENAR,0.039705882352941174
MASS1959,0.007042253521126761,0.08391813582966891,11.916375287812984,142,28.0,1.0,7.99,0.0,5.9,1.0,0.003795,5.9,C,Z,C-Z,0.75,0.003795,0.322575,6.222575,0.36619718309859156,0.1056338028169014,0.32485210591689206,0.21921830309999066,6.263640163132197,7,7,0.026565000000000002,41.300000000000004,0.0,True,REORDENAR,0.039066176470588236
MASS0393,1.2746478873239437,3.0460865864513154,2.3897474877131866,142,512.79,181.0,0.545940594059406,0.0,0.55,300.0,0.02448,0.55,C,Z,C-Z,0.75,8.159999999999999e-05,0.0069359999999999995,0.5569360000000001,66.28169014084507,19.119718309859156,27.07697243586677,7.957254126007616,281.6751354762357,1,300,0.02448,165.0,0.0,True,REORDENAR,0.036
MASS2176,0.24647887323943662,1.0927655054516974,4.4335057649754575,142,632.66,35.0,7.485263157894737,2.0,10.5,30.0,0.02376,10.5,C,Z,C-Z,0.75,0.000792,0.06731999999999999,10.56732,12.816901408450704,3.6971830985915495,6.551800845076706,2.854617746485156,28.43566982089057,1,30,0.02376,315.0,2.0,True,REORDENAR,0.03494117647058824
MASS2251,0.39436619718309857,1.658666243980442,4.205903690093264,142,279.45,56.0,1.8150000000000002,5.0,1.85,50.0,0.01188,1.85,C,Z,C-Z,0.75,0.0002376,0.020196,1.8701960000000002,20.507042253521124,5.915492957746478,10.24840616917264,4.3329132114261615,85.49925326744868,2,100,0.02376,185.0,5.0,True,REORDENAR,0.03494117647058824
MASS1949,1.091549295774648,3.211029152928536,2.941717030424852,142,368.47,155.0,0.7632857142857142,1.0,0.8,500.0,0.0225,0.8,C,Z,C-Z,0.75,4.4999999999999996e-05,0.003825,0.803825,56.760563380281695,16.37323943661972,24.761370978749703,8.388131542129983,216.9686389177509,1,500,0.0225,400.0,1.0,True,REORDENAR,0.03308823529411765
MASS1944,0.22535211267605634,0.8538138568140621,3.7887989896124004,142,561.88,32.0,8.300555555555555,0.0,7.8,30.0,0.0108,7.8,C,Z,C-Z,0.75,0.00036,0.030600000000000002,7.8306,11.71830985915493,3.380281690140845,5.610689015131295,2.23040732499045,31.585615132284506,2,60,0.0216,468.0,0.0,True,REORDENAR,0.031764705882352945
MASS1056,0.5704225352112676,2.841929938905002,4.982148781784078,142,201.36,81.0,0.8414814814814816,0.0,0.6,60.0,0.004218,0.6,C,Z,C-Z,0.75,7.03e-05,0.0059755,0.6059755,29.661971830985916,8.556338028169014,15.980276281520378,7.4239382533513645,180.6453748874004,4,240,0.016872,144.0,0.0,True,REORDENAR,0.02481176470588236
MASS0385,1.0422535211267605,3.1887951868663253,3.059519706317691,142,374.63,148.0,0.8072307692307692,12.0,0.88,250.0,0.0136,0.88,C,Z,C-Z,0.75,5.4399999999999994e-05,0.004624,0.884624,54.197183098591545,15.633802816901408,23.963852845862014,8.330050028960606,202.0986297472867,1,250,0.0136,220.0,12.0,True,REORDENAR,0.019999999999999997
MASS0379,1.0985915492957747,3.4090198652858996,3.103082185067934,142,337.3,156.0,0.7298412698412698,6.0,0.88,250.0,0.0136,0.88,C,Z,C-Z,0.75,5.4399999999999994e-05,0.004624,0.884624,57.12676056338029,16.47887323943662,25.384213458373203,8.905340218936583,207.488872360925,1,250,0.0136,220.0,6.0,True,REORDENAR,0.019999999999999997
MASS0382,1.147887323943662,3.7434523132072375,3.26116704586152,142,392.7,163.0,0.7324999999999999,0.0,0.88,250.0,0.0136,0.88,C,Z,C-Z,0.75,5.4399999999999994e-05,0.004624,0.884624,59.690140845070424,17.218309859154928,26.99728380469977,9.778973945544841,212.09298941855883,1,250,0.0136,220.0,0.0,True,REORDENAR,0.019999999999999997
MASS1054,1.147887323943662,2.934140402589433,2.5561223139122666,142,1957.99,163.0,5.721803278688524,3.0,5.5,200.0,0.01188,5.5,B,Z,B-Z,0.85,5.94e-05,0.005049,5.505049,59.690140845070424,17.218309859154928,28.996211327609537,11.777901468454608,85.02077860250523,1,200,0.01188,1100.0,3.0,True,REORDENAR,0.01747058823529412
MASS1956,0.6056338028169014,1.6414737647211135,2.710340402213932,142,252.48000000000002,86.0,0.8020754716981133,6.0,1.08,50.0,0.00125,1.08,C,Z,C-Z,0.75,2.5e-05,0.002125,1.082125,31.492957746478872,9.08450704225352,13.372508553818264,4.288001511564744,139.2907832405951,3,150,0.00375,162.0,6.0,True,REORDENAR,0.005514705882352941
MASS2700,0.38028169014084506,4.53157933480212,11.916375287812983,142,356.4,54.0,5.5,180.0,,1.0,0.05,5.5,C,Z,C-Z,0.75,0.05,4.25,9.75,19.774647887323944,5.704225352112676,17.54201371951217,11.837788367399494,36.771084782153736,0,0,0.0,0.0,180.0,False,OK,0.0
MASS2589,0.676056338028169,2.745852567608948,4.061573589588236,142,2355.52,96.0,6.778181818181818,43.0,2.5,10.0,0.08982675,2.5,A,Z,A-Z,0.9,0.008982674999999999,0.7635273749999999,3.263527375,35.154929577464785,10.140845070422536,23.76968623321688,13.628841162794345,84.74300432495559,0,0,0.0,0.0,43.0,False,OK,0.0
MASS2711,0.45774647887323944,3.7767922135898475,8.250838374303974,142,386.71,65.0,4.18,235.0,3.45,60.0,0.0828945,3.45,C,Z,C-Z,0.75,0.001381575,0.117433875,3.5674338750000003,23.802816901408452,6.866197183098592,16.732264535987866,9.866067352889274,66.69458621735403,0,0,0.0,0.0,235.0,False,OK,0.0
MASS1921,0.14788732394366197,0.8332384323147878,5.634278923271422,142,386.01,21.0,11.14,19.0,11.0,40.0,0.010125,11.0,C,Z,C-Z,0.75,0.000253125,0.021515625,11.021515625,7.690140845070422,2.2183098591549295,4.394968258484686,2.176658399329756,21.56755216476605,0,0,0.0,0.0,19.0,False,OK,0.0
MASS3007,0.352112676056338,1.9828955942178788,5.631423487578776,142,378.92,50.0,3.555,150.0,4.74,10.0,0.05,4.74,C,Z,C-Z,0.75,0.005,0.425,5.165,18.309859154929576,5.28169014084507,10.461583653627432,5.179893512782362,48.61403947887524,0,0,0.0,0.0,150.0,False,OK,0.0
MASS2685,0.056338028169014086,0.3527932689271999,6.262080523457798,142,584.78,8.0,29.081111111111113,4.0,,1.0,0.05,29.081111111111113,C,Z,C-Z,0.75,0.05,4.25,33.33111111111111,2.9295774647887325,0.8450704225352113,1.7666678936265154,0.9215974710913042,7.6547668585976725,0,0,0.0,0.0,4.0,False,OK,0.0
MASS1574,4.161971830985915,11.950629719568603,2.8713864977643686,142,577.78,591.0,0.6825806451612904,111.0,0.65,72.0,0.053865,0.65,C,Z,C-Z,0.75,0.0007481250000000001,0.06359062500000001,0.713590625,216.4225352112676,62.42957746478873,93.64805893126965,31.218481466480917,449.65667284515524,0,0,0.0,0.0,111.0,False,OK,0.0
MASS0608,0.9225352112676056,3.2748210793245263,3.5498060554510134,142,1805.11,131.0,4.2309375,36.0,4.35,80.0,0.028,4.35,B,Z,B-Z,0.85,0.00035,0.02975,4.37975,47.971830985915496,13.838028169014084,26.983452282005835,13.145424112991751,85.45212306573133,0,0,0.0,0.0,36.0,False,OK,0.0
MASS2785,0.11971830985915492,0.8377815552232578,6.997940049511919,142,1800.75,17.0,51.96999999999999,13.0,,1.0,0.05,51.96999999999999,B,Z,B-Z,0.85,0.05,4.25,56.21999999999999,6.225352112676056,1.7957746478873238,5.158704588390551,3.3629299405032267,8.591933562182765,0,0,0.0,0.0,13.0,False,OK,0.0
MASS1798,3.992957746478873,11.287661297747645,2.8268922474076996,142,1792.26,567.0,1.2951612903225806,240.0,0.85,96.0,0.104412,0.85,B,Z,B-Z,0.85,0.001087625,0.092448125,0.942448125,207.6338028169014,59.894366197183096,105.20404614870617,45.30967995152307,383.2433891939137,0,0,0.0,0.0,240.0,False,OK,0.0
MASS1530,1.2394366197183098,3.7736104529434913,3.0446175245339533,142,1788.24,176.0,4.51,43.0,4.4,1.0,0.05,4.4,B,Z,B-Z,0.85,0.05,4.25,8.65,64.45070422535211,18.591549295774648,33.739158474897465,15.147609179122817,70.47906765065603,0,0,0.0,0.0,43.0,False,OK,0.0
MASS2472,1.352112676056338,9.544369832783334,7.058856855496007,142,1780.4,192.0,2.687142857142857,288.0,4.0,10.0,0.05,4.0,B,Z,B-Z,0.85,0.005,0.425,4.425,70.30985915492957,20.281690140845072,58.59364255110004,38.31195241025497,102.92143834766632,0,0,0.0,0.0,288.0,False,OK,0.0
MASS2473,1.352112676056338,9.544369832783334,7.058856855496007,142,1780.4,192.0,2.687142857142857,288.0,4.0,10.0,0.05,4.0,B,Z,B-Z,0.85,0.005,0.425,4.425,70.30985915492957,20.281690140845072,58.59364255110004,38.31195241025497,102.92143834766632,0,0,0.0,0.0,288.0,False,OK,0.0
MASS2384,0.3591549295774648,1.8654817007482518,5.194086304044152,142,368.46999999999997,51.0,4.55,36.0,3.75,60.0,0.0962,3.75,C,Z,C-Z,0.75,0.0016033333333333331,0.1362833333333333,3.886283333333333,18.67605633802817,5.387323943661972,10.260498602023896,4.873174658361924,56.60173296450082,0,0,0.0,0.0,36.0,False,OK,0.0
MASS0338,0.19718309859154928,1.080054087296264,5.477417157002482,142,367.85,28.0,8.762727272727274,14.0,,1.0,0.05,8.762727272727274,C,Z,C-Z,0.75,0.05,4.25,13.012727272727274,10.253521126760562,2.957746478873239,5.779158345717736,2.821411866844497,22.919583533908884,0,0,0.0,0.0,14.0,False,OK,0.0
MASS2643,0.20422535211267606,1.2857027903712097,6.295510214921095,142,367.3,29.0,6.56,21.0,,1.0,0.05,6.56,C,Z,C-Z,0.75,0.05,4.25,10.809999999999999,10.619718309859156,3.063380281690141,6.422005699301632,3.358625417611491,25.591634355569315,0,0,0.0,0.0,21.0,False,OK,0.0
MASS2010,0.3380281690140845,1.1962549358482517,3.5389208518844115,142,365.25,48.0,4.090909090909091,31.0,,1.0,0.05,4.090909090909091,C,Z,C-Z,0.75,0.05,4.25,8.34090909090909,17.577464788732392,5.070422535211268,8.195384434316368,3.1249618991051005,37.482262246480566,0,0,0.0,0.0,31.0,False,OK,0.0
MASS2736,0.18309859154929578,1.504695809648073,8.217954037308706,142,329.04,26.0,7.160000000000001,94.0,6.5,60.0,0.071994,6.5,C,Z,C-Z,0.75,0.0011999,0.1019915,6.6019915,9.52112676056338,2.7464788732394365,6.677177032958299,3.930698159718862,31.007093843470123,0,0,0.0,0.0,94.0,False,OK,0.0
MASS0065,0.34507042253521125,1.3840313951666385,4.010866492115565,142,327.94,49.0,3.0975,121.0,,1.0,0.05,3.0975,C,Z,C-Z,0.75,0.05,4.25,7.3475,17.943661971830984,5.176056338028169,8.79154434769241,3.615488009664241,40.34968166440787,0,0,0.0,0.0,121.0,False,OK,0.0
MASS2336,0.07042253521126761,1.212510947959311,17.217655461022215,142,348.69000000000005,10.0,13.875,44.0,12.25,6.0,0.186048,12.25,C,Z,C-Z,0.75,0.031007999999999997,2.63568,14.88568,3.6619718309859155,1.0563380281690142,4.22376530564468,3.1674272774756655,12.8064138047649,0,0,0.0,0.0,44.0,False,OK,0.0
MASS2297,0.24647887323943662,1.759217345799905,7.1373960886739,142,346.06,35.0,7.267333333333334,29.0,,1.0,0.05,7.267333333333334,C,Z,C-Z,0.75,0.05,4.25,11.517333333333333,12.816901408450704,3.6971830985915495,8.292764703420035,4.595581604828485,27.2376681350432,0,0,0.0,0.0,29.0,False,OK,0.0
MASS0287,1.3028169014084507,3.0293819715179047,2.32525535111104,142,2562.11,185.0,4.708989898989899,156.0,5.0,40.0,0.01188,5.0,A,Z,A-Z,0.9,0.000297,0.025245,5.025245,67.74647887323944,19.54225352112676,34.578372429434516,15.036118908307756,94.80235246440736,0,0,0.0,0.0,156.0,False,OK,0.0
MASS1416,7.316901408450704,21.39078137701587,2.9234754143756048,142,2560.61,1039.0,1.4483333333333333,264.0,0.9,50.0,0.05,0.9,A,Z,A-Z,0.9,0.001,0.085,0.985,380.4788732394366,109.75352112676056,215.925121588642,106.17160046188145,507.4596652318114,0,0,0.0,0.0,264.0,False,OK,0.0
MASS1861,1.9577464788732395,5.139022231471166,2.6249681901759194,142,2542.66,278.0,3.336198347107438,929.0,3.5,100.0,0.0245,3.5,A,Z,A-Z,0.9,0.000245,0.020825,3.520825,101.80281690140845,29.366197183098592,54.87336335472537,25.50716617162678,138.83918267972743,0,0,0.0,0.0,929.0,False,OK,0.0
MASS0407,4.535211267605634,10.506102226687242,2.31656291333787,142,2532.98,644.0,2.361846153846154,137.0,2.35,100.0,0.05,2.35,A,Z,A-Z,0.9,0.0005,0.0425,2.3925,235.83098591549296,68.02816901408451,120.17444961803,52.146280603945485,256.3473489899346,0,0,0.0,0.0,137.0,False,OK,0.0
MASS2586,0.3732394366197183,2.2989641667794323,6.159488899673196,142,2521.08,53.0,18.43,48.0,9.9,1.0,0.017061,9.9,A,Z,A-Z,0.9,0.017061,1.450185,11.350185,19.408450704225352,5.598591549295775,17.0093343683381,11.410742819042323,33.76356798916387,0,0,0.0,0.0,48.0,False,OK,0.0
MASS2234,0.8028169014084507,3.1221910760191003,3.8890450245150197,142,2483.43,114.0,7.215730337078652,32.0,11.4,40.0,0.023896,11.4,A,Z,A-Z,0.9,0.0005974,0.050779,11.450779,41.74647887323944,12.042253521126762,27.539023725366775,15.496770204240013,49.29998411383852,0,0,0.0,0.0,32.0,False,OK,0.0
MASS2334,0.20422535211267606,1.4367947601863016,7.03533986022258,142,373.43,29.0,4.724210526315789,21.0,2.1,20.0,0.1272375,2.1,C,Z,C-Z,0.75,0.006361875,0.540759375,2.640759375,10.619718309859156,3.063380281690141,6.816701373930635,3.753321092240494,51.778141011013595,0,0,0.0,0.0,21.0,False,OK,0.0
MASS1719,0.24647887323943662,1.2330359218842237,5.002602883073136,142,622.5600000000001,35.0,8.05,25.0,,1.0,0.05,8.05,C,Z,C-Z,0.75,0.05,4.25,12.3,12.816901408450704,3.6971830985915495,6.918227510319619,3.22104441172807,26.356839779610524,0,0,0.0,0.0,25.0,False,OK,0.0
MASS0635,0.5140845070422535,1.687399760061237,3.282339259297201,142,601.64,73.0,3.6506060606060604,17.0,,1.0,0.05,3.6506060606060604,C,Z,C-Z,0.75,0.05,4.25,7.90060606060606,26.732394366197184,7.711267605633802,12.119241023951513,4.407973418317711,47.49447554542354,0,0,0.0,0.0,17.0,False,OK,0.0
MASS2403,1.380281690140845,10.781342167243377,7.810972386472243,142,594.03,196.0,1.7465217391304348,165.0,1.5,30.0,0.041664,1.5,C,Z,C-Z,0.75,0.0013888,0.118048,1.618048,71.77464788732394,20.704225352112676,48.86819148025294,28.163966128140263,171.96663979419156,0,0,0.0,0.0,165.0,False,OK,0.0
MASS1524,1.232394366197183,2.2618184266526216,1.8353040947695558,142,587.61,175.0,0.9665116279069768,64.0,0.85,250.0,0.0882,0.85,C,Z,C-Z,0.75,0.0003528,0.029988,0.879988,64.08450704225352,18.485915492957744,24.39443565381407,5.908520160856327,220.33958112527904,0,0,0.0,0.0,64.0,False,OK,0.0
MASS1451,1.2464788732394365,3.9665026839904804,3.1821659950658097,142,635.02,177.0,1.8421311475409836,40.0,,1.0,0.05,1.8421311475409836,C,Z,C-Z,0.75,0.05,4.25,6.092131147540984,64.8169014084507,18.697183098591548,29.05882875514977,10.36164565655822,84.21973707942912,0,0,0.0,0.0,40.0,False,OK,0.0
MASS2275,0.18309859154929578,0.9118581940725723,4.980148598396356,142,340.59000000000003,26.0,6.437777777777778,38.0,,1.0,0.05,6.437777777777778,C,Z,C-Z,0.75,0.05,4.25,10.687777777777779,9.52112676056338,2.7464788732394365,5.128514698941595,2.3820358257021588,24.369961127116063,0,0,0.0,0.0,38.0,False,OK,0.0
MASS2641,0.2112676056338028,1.3412759137535808,6.348705991766949,142,339.32,30.0,5.904,20.0,5.5,25.0,0.052992,5.5,C,Z,C-Z,0.75,0.00211968,0.1801728,5.6801728,10.985915492957746,3.169014084507042,6.672812481539541,3.503798397032499,35.90804192121218,0,0,0.0,0.0,20.0,False,OK,0.0
MASS0801,1.4366197183098592,5.132934665461087,3.5729251102719326,142,339.12,204.0,0.7843103448275861,47.0,0.8,200.0,0.014112,0.8,C,Z,C-Z,0.75,7.056e-05,0.0059976000000000005,0.8059976000000001,74.70422535211269,21.549295774647888,34.957997197298845,13.408701422650957,248.57650613459663,0,0,0.0,0.0,47.0,False,OK,0.0
MASS2645,0.1267605633802817,0.7519162746659244,5.931783944586737,142,334.26,18.0,6.5600000000000005,82.0,,1.0,0.05,6.5600000000000005,C,Z,C-Z,0.75,0.05,4.25,10.81,6.591549295774648,1.9014084507042253,3.865629988466914,1.9642215377626886,20.162077309680786,0,0,0.0,0.0,82.0,False,OK,0.0
MASS0750,1.0845070422535212,3.0793131723527627,2.8393666913902096,142,331.28,154.0,0.67,37.0,,1.0,0.05,0.67,C,Z,C-Z,0.75,0.05,4.25,4.92,56.3943661971831,16.26760563380282,24.311657157144253,8.044051523341434,87.41574820848162,0,0,0.0,0.0,37.0,False,OK,0.0
MASS0633,0.7112676056338029,2.4366614350697,3.425801225543538,142,331.2,101.0,1.124259259259259,34.0,,1.0,0.05,1.124259259259259,C,Z,C-Z,0.75,0.05,4.25,5.374259259259259,36.98591549295775,10.669014084507044,17.034274462899738,6.365260378392694,67.73501796143073,0,0,0.0,0.0,34.0,False,OK,0.0
MASS2684,0.035211267605633804,0.21999264433176832,6.24779109902222,142,329.77,5.0,24.926666666666666,5.0,,1.0,0.05,24.926666666666666,C,Z,C-Z,0.75,0.05,4.25,29.176666666666666,1.8309859154929577,0.5281690140845071,1.1028530642971641,0.574684050212657,6.468134399264229,0,0,0.0,0.0,5.0,False,OK,0.0
MASS0390,0.6267605633802817,1.8816363594148633,3.0021613824371975,142,300.25,89.0,0.54140625,31.0,0.55,300.0,0.02448,0.55,C,Z,C-Z,0.75,8.159999999999999e-05,0.0069359999999999995,0.5569360000000001,32.59154929577465,9.401408450704226,14.316783723093637,4.9153752723894115,197.51688497868255,0,0,0.0,0.0,31.0,False,OK,0.0
MASS2633,0.20422535211267606,1.381430712741137,6.764246938249705,142,327.79,29.0,7.2,21.0,,1.0,0.05,7.2,C,Z,C-Z,0.75,0.05,4.25,11.45,10.619718309859156,3.063380281690141,6.672074560981515,3.608694279291374,24.866125757363733,0,0,0.0,0.0,21.0,False,OK,0.0
MASS0173,0.5211267605633803,1.900796062643508,3.6474735256132185,142,327.14,74.0,3.670588235294118,54.0,,1.0,0.05,3.670588235294118,C,Z,C-Z,0.75,0.05,4.25,7.920588235294118,27.098591549295772,7.816901408450704,12.782327335423389,4.965425926972685,47.75831676877699,0,0,0.0,0.0,54.0,False,OK,0.0
MASS2250,0.19718309859154928,1.0330663344352689,5.2391221246360065,142,324.58,28.0,4.346666666666667,35.0,4.0,80.0,0.129688,4.0,C,Z,C-Z,0.75,0.0016210999999999999,0.13779349999999999,4.1377935,10.253521126760562,2.957746478873239,5.656412822990962,2.698666344117723,40.64493929448362,0,0,0.0,0.0,35.0,False,OK,0.0
MASS2160,0.5915492957746479,3.4746394875547417,5.8737953241996825,142,321.29,84.0,1.2085714285714284,58.0,1.0,50.0,0.0376125,1.0,C,Z,C-Z,0.75,0.00075225,0.06394125,1.06394125,30.76056338028169,8.873239436619718,17.94999697913741,9.076757542517692,138.83299399664185,0,0,0.0,0.0,58.0,False,OK,0.0
MASS1754,8.56338028169014,33.27970113510027,3.886280889131775,142,2639.35,1216.0,1.365753424657534,876.0,,1.0,0.05,1.365753424657534,A,Z,A-Z,0.9,0.05,4.25,5.615753424657534,445.2957746478873,128.4507042253521,293.63210036655335,165.18139614120125,229.91888372099487,0,0,0.0,0.0,876.0,False,OK,0.0
MASS2369,1.3169014084507042,4.077910948822059,3.096595479854184,142,2625.7599999999998,187.0,4.859999999999999,71.0,3.71,24.0,0.0721875,3.71,A,Z,A-Z,0.9,0.0030078125,0.2556640625,3.9656640625,68.47887323943662,19.753521126760564,39.99393798421468,20.240416857454118,107.29382116188506,0,0,0.0,0.0,71.0,False,OK,0.0
MASS2323,1.943661971830986,6.763245106248633,3.4796405981424128,142,2587.3,276.0,3.920571428571429,237.0,4.2,100.0,0.0736,4.2,A,Z,A-Z,0.9,0.000736,0.06256,4.262560000000001,101.07042253521126,29.15492957746479,62.72380883392601,33.568879256461216,125.72775433164385,0,0,0.0,0.0,237.0,False,OK,0.0
MASS1991,1.7605633802816902,4.792028808958011,2.72187236348815,142,2578.64,250.0,4.761428571428572,63.0,3.65,20.0,0.0805638,3.65,A,Z,A-Z,0.9,0.00402819,0.34239615,3.99239615,91.54929577464789,26.408450704225352,50.193340051614534,23.784889347389182,123.64172637826749,0,0,0.0,0.0,63.0,False,OK,0.0
MASS1977,3.387323943661972,10.988613443562693,3.2440397276214186,142,1730.26,481.0,1.2579545454545455,245.0,0.95,80.0,0.06,0.95,B,Z,B-Z,0.85,0.00075,0.06375,1.01375,176.14084507042253,50.80985915492958,94.91913432765108,44.109275172721496,340.3446864503938,0,0,0.0,0.0,245.0,False,OK,0.0
MASS2378,0.7183098591549296,2.6265588338283385,3.656581905917883,142,622.99,102.0,3.05,79.0,3.18,60.0,0.09991,3.18,C,Z,C-Z,0.75,0.0016651666666666666,0.14153916666666666,3.3215391666666667,37.35211267605634,10.774647887323944,17.635974880011627,6.861326992687683,86.58492139884112,0,0,0.0,0.0,79.0,False,OK,0.0
MASS1042,2.295774647887324,5.024463179955506,2.1885698513916623,142,2790.41,326.0,4.742846153846155,71.0,1.8,20.0,0.106848,1.8,A,Z,A-Z,0.9,0.0053424,0.45410399999999995,2.254104,119.38028169014085,34.436619718309856,59.3751803008074,24.938560582497544,187.9029919211004,0,0,0.0,0.0,71.0,False,OK,0.0
MASS2394,1.4366197183098592,7.212543042862229,5.020495647482531,142,2786.85,204.0,8.760263157894736,207.0,4.5,10.0,0.05,4.5,A,Z,A-Z,0.9,0.005,0.425,4.925,74.70422535211269,21.549295774647888,57.34823293192718,35.79893715727929,100.5596692843627,0,0,0.0,0.0,207.0,False,OK,0.0
MASS1781,3.0985915492957745,6.80874475174361,2.197367624426347,142,2743.39,440.0,2.8596045197740114,245.0,2.8,100.0,0.051408,2.8,A,Z,A-Z,0.9,0.00051408,0.0436968,2.8436968,161.1267605633803,46.478873239436616,80.27358670445275,33.79471346501614,194.3553785474343,0,0,0.0,0.0,245.0,False,OK,0.0
MASS2486,2.056338028169014,16.533127993414578,8.040082791318047,142,315.97,292.0,0.43615384615384617,708.0,0.6,250.0,0.024986,0.6,C,Z,C-Z,0.75,9.9944e-05,0.008495240000000001,0.60849524,106.92957746478874,30.84507042253521,74.03435516794204,43.18928474540683,342.2746248980061,0,0,0.0,0.0,708.0,False,OK,0.0
MASS2376,0.2535211267605634,1.1388473687627017,4.492120176786212,142,314.71999999999997,36.0,5.599999999999999,84.0,4.62,60.0,0.11709775,4.62,C,Z,C-Z,0.75,0.0019516291666666667,0.16588847916666666,4.785888479166667,13.183098591549296,3.8028169014084505,6.77781372660942,2.9749968252009693,42.85305943804613,0,0,0.0,0.0,84.0,False,OK,0.0
MASS2373,0.2676056338028169,1.2822602658866027,4.791604151470989,142,313.90999999999997,38.0,6.26,90.0,5.76,60.0,0.060372,5.76,C,Z,C-Z,0.75,0.0010062,0.085527,5.845527,13.915492957746478,4.014084507042253,7.363717060734228,3.3496325536919747,39.83747766514977,0,0,0.0,0.0,90.0,False,OK,0.0
MASS2097,0.5774647887323944,1.9326384554439027,3.3467641545491973,142,313.28000000000003,82.0,0.7440909090909091,14.0,0.65,400.0,0.18,0.65,C,Z,C-Z,0.75,0.00045,0.03825,0.68825,30.028169014084508,8.661971830985916,13.710579244860481,5.048607413874565,170.54762906009884,0,0,0.0,0.0,14.0,False,OK,0.0
MASS2031,0.4014084507042254,1.6633720307964424,4.143839094264821,142,312.34000000000003,57.0,1.615945945945946,15.0,,1.0,0.05,1.615945945945946,C,Z,C-Z,0.75,0.05,4.25,5.8659459459459455,20.87323943661972,6.021126760563381,10.366332840394625,4.345206079831244,48.70575385053412,0,0,0.0,0.0,15.0,False,OK,0.0
MASS2148,1.380281690140845,9.622471036914487,6.971382077764577,142,311.5,196.0,1.3914285714285715,203.0,0.9,50.0,0.0625,0.9,C,Z,C-Z,0.75,0.00125,0.10625,1.00625,71.77464788732394,20.704225352112676,45.840886831614036,25.13666147950136,218.06549875506525,0,0,0.0,0.0,203.0,False,OK,0.0
MASS1934,0.31690140845070425,1.1068434339932132,3.4927059472674724,142,305.35,45.0,4.026,33.0,3.5,100.0,0.072,3.5,C,Z,C-Z,0.75,0.0007199999999999999,0.0612,3.5612,16.47887323943662,4.753521126760564,7.644914470981805,2.8913933442212407,55.541799279373386,0,0,0.0,0.0,33.0,False,OK,0.0
MASS2721,0.28169014084507044,2.2951264962530535,8.14769906169834,142,305.15,40.0,4.1,137.0,2.85,60.0,0.136206,2.85,C,Z,C-Z,0.75,0.0022700999999999997,0.19295849999999998,3.0429585,14.647887323943662,4.225352112676057,10.220882529720194,5.9955304170441375,56.649209116445206,0,0,0.0,0.0,137.0,False,OK,0.0
MASS1667,1.056338028169014,4.082091398143716,3.8643798569093852,142,632.26,150.0,2.2572916666666667,325.0,,1.0,0.05,2.2572916666666667,C,Z,C-Z,0.75,0.05,4.25,6.507291666666667,54.92957746478873,15.84507042253521,26.508667040273192,10.663596617737982,75.01659768051064,0,0,0.0,0.0,325.0,False,OK,0.0
MASS2702,0.24647887323943662,2.524171431270886,10.240924092584738,142,624.04,35.0,11.890000000000002,96.0,5.0,10.0,0.137826,5.0,C,Z,C-Z,0.75,0.0137826,1.171521,6.171521,12.816901408450704,3.6971830985915495,10.291044752284835,6.593861653693285,37.20915321593563,0,0,0.0,0.0,96.0,False,OK,0.0
MASS2635,0.2887323943661972,1.6825385494640306,5.827328634729081,142,623.17,41.0,6.703448275862069,9.0,,1.0,0.05,6.703448275862069,C,Z,C-Z,0.75,0.05,4.25,10.953448275862069,15.014084507042254,4.330985915492958,8.726260453793909,4.395274538300951,30.229319277182807,0,0,0.0,0.0,9.0,False,OK,0.0
MASS0846,1.7464788732394365,4.773503433691589,2.733215675742765,142,1754.45,248.0,3.3212,63.0,2.8,50.0,0.0656,2.8,B,Z,B-Z,0.85,0.001312,0.11152000000000001,2.91152,90.8169014084507,26.197183098591548,45.35845194984777,19.16126885125622,144.20417080988335,0,0,0.0,0.0,63.0,False,OK,0.0
MASS2479,1.295774647887324,7.070855909744871,5.456856191216151,142,1749.52,184.0,2.8084210526315787,456.0,3.8,16.0,0.05,3.8,B,Z,B-Z,0.85,0.003125,0.265625,4.065625,67.38028169014085,19.43661971830986,47.819666463148344,28.383046744838484,105.11316727867586,0,0,0.0,0.0,456.0,False,OK,0.0
MASS0592,1.2183098591549295,3.515146955117569,2.8852651307901436,142,1740.1499999999999,173.0,5.360806451612904,75.0,5.1,150.0,0.08748,5.1,B,Z,B-Z,0.85,0.0005832,0.049572,5.149572,63.352112676056336,18.274647887323944,32.384761516506714,14.11011362918277,90.56269841197522,0,0,0.0,0.0,75.0,False,OK,0.0
MASS2598,0.8943661971830986,4.960421719773249,5.54629830084883,142,1737.4,127.0,8.815,161.0,5.5,9.0,0.105315,5.5,B,Z,B-Z,0.85,0.011701666666666668,0.9946416666666668,6.494641666666666,46.50704225352113,13.41549295774648,33.32706849309298,19.9115755353465,69.09333143964813,0,0,0.0,0.0,161.0,False,OK,0.0
MASS1213,0.28169014084507044,1.181213447379813,4.193307738198336,142,297.72,40.0,2.6020833333333333,15.0,,1.0,0.05,2.6020833333333333,C,Z,C-Z,0.75,0.05,4.25,6.852083333333333,14.647887323943662,4.225352112676057,7.311021318425314,3.085669205749257,37.7511814479778,0,0,0.0,0.0,15.0,False,OK,0.0
MASS1936,0.056338028169014086,0.4730262896945407,8.396216642078096,142,296.36,8.0,27.44,12.0,7.5,1.0,0.03626,7.5,C,Z,C-Z,0.75,0.03626,3.0821,10.5821,2.9295774647887325,0.8450704225352113,2.080751119244164,1.2356806967089529,13.585353169288789,0,0,0.0,0.0,12.0,False,OK,0.0
MASS2375,0.4084507042253521,2.8932666501551867,7.083514902104078,142,296.27,58.0,2.373333333333333,127.0,3.25,100.0,0.06122025,3.25,C,Z,C-Z,0.75,0.0006122025,0.0520372125,3.3020372125,21.23943661971831,6.126760563380282,13.684805069399628,7.558044506019346,65.48395256658011,0,0,0.0,0.0,127.0,False,OK,0.0
MASS1759,1.232394366197183,3.1994358832506493,2.5961136881233844,142,295.87,175.0,0.7839999999999999,37.0,0.8,200.0,0.014112,0.8,C,Z,C-Z,0.75,7.056e-05,0.0059976000000000005,0.8059976000000001,64.08450704225352,18.485915492957744,26.843762080816038,8.357846587858294,230.2311167808121,0,0,0.0,0.0,37.0,False,OK,0.0
MASS0826,9.464788732394366,22.89620798354984,2.419093403023867,142,2895.27,1344.0,0.501763085399449,688.0,0.45,200.0,0.03009,0.45,A,Z,A-Z,0.9,0.00015045,0.01278825,0.46278825,492.169014084507,141.9718309859155,255.61550782390117,113.64367683798568,842.0159970465861,0,0,0.0,0.0,688.0,False,OK,0.0
MASS0907,1.4295774647887325,3.5318166569361957,2.4705318486942844,142,2814.18,203.0,7.766666666666667,67.0,7.2,40.0,0.05,7.2,A,Z,A-Z,0.9,0.00125,0.10625,7.30625,74.3380281690141,21.443661971830988,38.97357920093032,17.52991722909933,82.35929583894999,0,0,0.0,0.0,67.0,False,OK,0.0
MASS2073,0.07042253521126761,0.40647049082817127,5.771880969760032,142,2663.54,10.0,103.23,13.0,,1.0,0.05,103.23,A,Z,A-Z,0.9,0.05,4.25,107.48,3.6619718309859155,1.0563380281690142,3.073824990946523,2.017486962777509,4.765934190925344,0,0,0.0,0.0,13.0,False,OK,0.0
MASS2727,0.2112676056338028,2.3635259929538943,11.187356366648434,142,295.44,30.0,4.005555555555556,150.0,3.9,45.0,0.102336,3.9,C,Z,C-Z,0.75,0.0022741333333333334,0.19330133333333333,4.093301333333333,10.985915492957746,3.169014084507042,9.343223656556319,6.174209572049277,42.29953946085686,0,0,0.0,0.0,150.0,False,OK,0.0
MASS2640,0.19014084507042253,1.304292414846545,6.859611959563311,142,294.66,27.0,7.2,23.0,,1.0,0.05,7.2,C,Z,C-Z,0.75,0.05,4.25,11.45,9.887323943661972,2.852112676056338,6.259299538610083,3.407186862553745,23.99335660559035,0,0,0.0,0.0,23.0,False,OK,0.0
MASS0598,0.5070422535211268,2.59772535216758,5.12329166677495,142,292.83000000000004,72.0,2.4386666666666668,63.0,2.3,100.0,0.05,2.3,C,Z,C-Z,0.75,0.0005,0.0425,2.3425,26.366197183098592,7.605633802816901,14.391639449771098,6.786005646954197,86.62401684299779,0,0,0.0,0.0,63.0,False,OK,0.0
MASS2433,0.028169014084507043,0.26480722204778795,9.400656382696472,142,290.88,4.0,60.6,5.0,,1.0,0.05,60.6,C,Z,C-Z,0.75,0.05,4.25,64.85,1.4647887323943662,0.4225352112676056,1.114287825789042,0.6917526145214364,3.880492742671364,0,0,0.0,0.0,5.0,False,OK,0.0
MASS2722,0.2746478873239437,2.1541461463462035,7.843301353363099,142,290.15,39.0,4.1,81.0,2.85,60.0,0.136206,2.85,C,Z,C-Z,0.75,0.0022700999999999997,0.19295849999999998,3.0429585,14.281690140845072,4.119718309859155,9.74696751127009,5.627249201410936,55.936612081719524,0,0,0.0,0.0,81.0,False,OK,0.0
MASS2163,1.0492957746478873,8.34650941164661,7.954391519824286,142,284.43,149.0,0.79,858.0,0.65,330.0,0.08505,0.65,C,Z,C-Z,0.75,0.00025772727272727275,0.021906818181818184,0.6719068181818182,54.56338028169014,15.739436619718308,37.54291940612198,21.803482786403674,232.67540591929702,0,0,0.0,0.0,858.0,False,OK,0.0
MASS2364,0.14084507042253522,0.9718852725084324,6.90038543480987,142,661.0,20.0,27.54,22.0,13.98,6.0,0.16274412,13.98,C,Z,C-Z,0.75,0.02712402,2.3055417,16.2855417,7.323943661971831,2.1126760563380285,4.651519872883412,2.5388438165453837,17.315130276686578,0,0,0.0,0.0,22.0,False,OK,0.0
MASS1552,0.7183098591549296,3.5816042944113855,4.9861549981021245,142,659.3199999999999,102.0,3.1692307692307695,55.0,2.1,48.0,0.18772,2.1,C,Z,C-Z,0.75,0.003910833333333333,0.33242083333333333,2.4324208333333335,37.35211267605634,10.774647887323944,20.130828265188292,9.356180377864348,101.17951627246046,0,0,0.0,0.0,55.0,False,OK,0.0
MASS2617,0.09859154929577464,0.836319691452412,8.48267115616018,142,656.62,14.0,38.62,26.0,20.7,2.0,0.0716875,20.7,C,Z,C-Z,0.75,0.03584375,3.04671875,23.74671875,5.126760563380281,1.4788732394366195,3.663580773710607,2.1847075342739877,11.99703935839802,0,0,0.0,0.0,26.0,False,OK,0.0
MASS2618,0.09859154929577464,0.836319691452412,8.48267115616018,142,656.62,14.0,38.62,26.0,20.7,2.0,0.0716875,20.7,C,Z,C-Z,0.75,0.03584375,3.04671875,23.74671875,5.126760563380281,1.4788732394366195,3.663580773710607,2.1847075342739877,11.99703935839802,0,0,0.0,0.0,26.0,False,OK,0.0
MASS2347,0.19014084507042253,1.3627938480271176,7.167286163698174,142,656.39,27.0,9.494285714285715,88.0,7.15,6.0,0.09713925,7.15,C,Z,C-Z,0.75,0.016189875,1.376139375,8.526139375,9.887323943661972,2.852112676056338,6.412122105317154,3.560009429260816,27.80465676766059,0,0,0.0,0.0,88.0,False,OK,0.0
MASS1933,0.4154929577464789,1.23335992541667,2.9684255832062227,142,655.43,59.0,4.146,29.0,3.5,100.0,0.072,3.5,C,Z,C-Z,0.75,0.0007199999999999999,0.0612,3.5612,21.6056338028169,6.232394366197183,9.454285168325601,3.221890802128418,63.59744868471479,0,0,0.0,0.0,29.0,False,OK,0.0
MASS2110,1.2253521126760563,3.2121099894550946,2.6213771178311696,142,649.95,174.0,1.1097560975609757,88.0,0.68,120.0,0.112216,0.68,C,Z,C-Z,0.75,0.0009351333333333333,0.07948633333333333,0.7594863333333334,63.71830985915493,18.380281690140844,26.771236688094028,8.390954997953184,236.49747733977856,0,0,0.0,0.0,88.0,False,OK,0.0
MASS2143,1.5704225352112675,8.19565521231859,5.218758027575066,142,678.39,223.0,1.2925,229.0,0.85,50.0,0.0625,0.85,B,Z,B-Z,0.85,0.00125,0.10625,0.9562499999999999,81.6619718309859,23.556338028169012,56.454429569707855,32.89809154153885,238.6044711467746,0,0,0.0,0.0,229.0,False,OK,0.0
MASS2340,0.07746478873239436,1.283136359546829,16.564123914149977,142,281.05000000000007,11.0,10.645,19.0,9.39,6.0,0.1428,9.39,C,Z,C-Z,0.75,0.0238,2.023,11.413,4.028169014084507,1.1619718309859155,4.513892993256389,3.351921162270474,15.339397580904828,0,0,0.0,0.0,19.0,False,OK,0.0
MASS1438,0.04225352112676056,0.35476971727090556,8.396216642078098,142,275.99,6.0,23.96,34.0,,1.0,0.05,23.96,C,Z,C-Z,0.75,0.05,4.25,28.21,2.197183098591549,0.6338028169014085,1.560563339433123,0.9267605225317146,7.205862191671348,0,0,0.0,0.0,34.0,False,OK,0.0
MASS2622,0.5,2.6302927054440266,5.260585410888053,142,2906.65,71.0,15.61,69.0,10.75,4.0,0.038895375,10.75,A,Z,A-Z,0.9,0.00972384375,0.8265267187500001,11.57652671875,26.0,7.5,20.55526812219531,13.055268122195312,38.69473753711476,0,0,0.0,0.0,69.0,False,OK,0.0
MASS2067,1.8098591549295775,4.235836806960259,2.3404234497601433,142,2901.39,257.0,3.230462427745665,430.0,2.65,50.0,0.0495,2.65,A,Z,A-Z,0.9,0.00099,0.08415,2.73415,94.11267605633803,27.147887323943664,48.17215778717886,21.024270463235197,151.48417402969835,0,0,0.0,0.0,430.0,False,OK,0.0
MASS2396,2.288732394366197,9.555794340293152,4.1751470656050085,142,2806.12,325.0,3.728918918918919,109.0,3.7,30.0,0.05,3.7,A,Z,A-Z,0.9,0.0016666666666666668,0.14166666666666666,3.841666666666667,119.01408450704224,34.33098591549295,81.76048187040175,47.429495954908795,143.71222420229262,0,0,0.0,0.0,109.0,False,OK,0.0
MASS2478,2.183098591549296,9.79913132516344,4.488634348945833,142,2805.55,310.0,2.1672727272727275,301.0,3.8,16.0,0.05,3.8,A,Z,A-Z,0.9,0.003125,0.265625,4.065625,113.52112676056339,32.74647887323944,81.38376040081587,48.637281527576434,136.43602498177003,0,0,0.0,0.0,301.0,False,OK,0.0
MASS1758,1.232394366197183,3.254381646351558,2.6406982501824072,142,274.43,175.0,0.7364062499999999,41.0,0.8,200.0,0.014112,0.8,C,Z,C-Z,0.75,7.056e-05,0.0059976000000000005,0.8059976000000001,64.08450704225352,18.485915492957744,26.98729621477206,8.501380721814314,230.2311167808121,0,0,0.0,0.0,41.0,False,OK,0.0
MASS2612,0.528169014084507,3.992357347619299,7.558863244825873,142,272.14,75.0,1.2027272727272729,145.0,1.15,500.0,0.108,1.15,C,Z,C-Z,0.75,0.000216,0.018359999999999998,1.1683599999999998,27.464788732394364,7.922535211267605,18.351720684242085,10.429185472974481,125.18553848022343,0,0,0.0,0.0,145.0,False,OK,0.0
MASS0703,0.4647887323943662,2.738384811068226,5.891676411692243,142,269.07,66.0,1.1295238095238096,63.0,,1.0,0.05,1.1295238095238096,C,Z,C-Z,0.75,0.05,4.25,5.37952380952381,24.16901408450704,6.971830985915493,14.125279588916158,7.1534486030006645,54.72829531165516,0,0,0.0,0.0,63.0,False,OK,0.0
MASS2728,0.2746478873239437,2.492952808403036,9.076905097262335,142,267.69,39.0,4.07,160.0,3.3,40.0,0.056,3.3,C,Z,C-Z,0.75,0.0014,0.119,3.4189999999999996,14.281690140845072,4.119718309859155,10.632027943091696,6.512309633232541,52.77091484161734,0,0,0.0,0.0,160.0,False,OK,0.0
MASS2489,2.1901408450704225,19.681842839751422,8.986564897892933,142,261.0,311.0,0.378,689.0,0.6,250.0,0.024986,0.6,C,Z,C-Z,0.75,9.9944e-05,0.008495240000000001,0.60849524,113.88732394366197,32.852112676056336,84.26674607506936,51.41463339901303,353.23479114930217,0,0,0.0,0.0,689.0,False,OK,0.0
MASS2735,0.2605633802816901,2.404722238025369,9.22893399458385,142,284.0,37.0,4.46,113.0,4.2,100.0,0.04704,4.2,C,Z,C-Z,0.75,0.0004704,0.039984,4.239984,13.549295774647886,3.908450704225352,10.190276715193036,6.281826010967684,46.15626129404843,0,0,0.0,0.0,113.0,False,OK,0.0
MASS2725,0.18309859154929578,1.4272908340497887,7.7952037859642305,142,283.11,26.0,6.22,94.0,5.48,40.0,0.05418,5.48,C,Z,C-Z,0.75,0.0013545,0.1151325,5.5951325,9.52112676056338,2.7464788732394365,6.4749729773702,3.7284941041307635,33.681649817907825,0,0,0.0,0.0,94.0,False,OK,0.0
MASS2069,1.0845070422535212,3.3357997068689866,3.0758672621778964,142,664.96,154.0,1.474705882352941,125.0,1.0,1.0,0.001,1.0,B,Z,B-Z,0.85,0.001,0.085,1.085,56.3943661971831,16.26760563380282,29.65780340052512,13.390197766722299,186.1475657917377,0,0,0.0,0.0,125.0,False,OK,0.0
MASS2620,0.1056338028169014,0.9047373074240999,8.564846510281479,142,661.72,15.0,32.18,45.0,14.75,2.0,0.0697376,14.75,C,Z,C-Z,0.75,0.0348688,2.963848,17.713848,5.492957746478873,1.584507042253521,3.9479410642786537,2.3634340220251326,14.378084868307566,0,0,0.0,0.0,45.0,False,OK,0.0
MASS1511,0.47183098591549294,1.340549596045814,2.8411648155000835,142,245.2,67.0,0.9505882352941176,42.0,,1.0,0.05,0.9505882352941176,C,Z,C-Z,0.75,0.05,4.25,5.200588235294117,24.535211267605632,7.077464788732394,10.579365835045243,3.501901046312849,56.081941086636,0,0,0.0,0.0,42.0,False,OK,0.0
MASS3060,3.091549295774648,15.630441715478069,5.055860418218418,142,245.0,439.0,0.022941176470588236,24561.0,0.03,5000.0,0.05,0.03,C,Z,C-Z,0.75,1e-05,0.0008500000000000001,0.03085,160.7605633802817,46.37323943661972,87.20444803883693,40.83120860221721,1863.8739820802746,0,0,0.0,0.0,24561.0,False,OK,0.0
MASS1726,0.45774647887323944,2.8549403229013275,6.236946551569054,142,243.14,65.0,1.7572,136.0,,1.0,0.05,1.7572,C,Z,C-Z,0.75,0.05,4.25,6.0072,23.802816901408452,6.866197183098592,14.324122300840541,7.457925117741949,51.39637660823651,0,0,0.0,0.0,136.0,False,OK,0.0
MASS2386,0.23943661971830985,1.184591245088476,4.947410494193047,142,240.76000000000002,34.0,3.57,25.0,2.75,60.0,0.098423,2.75,C,Z,C-Z,0.75,0.0016403833333333332,0.13943258333333333,2.8894325833333334,12.450704225352112,3.5915492957746475,6.686042280491195,3.0944929847165477,53.59756327654433,0,0,0.0,0.0,25.0,False,OK,0.0
MASS2707,0.33098591549295775,3.534474252407983,10.678624337062416,142,240.12,47.0,3.6,193.0,3.35,120.0,0.05472,3.35,C,Z,C-Z,0.75,0.00045599999999999997,0.038759999999999996,3.38876,17.211267605633804,4.964788732394366,14.197851887373925,9.23306315497956,58.18893290585435,0,0,0.0,0.0,193.0,False,OK,0.0
MASS2647,0.176056338028169,1.289891390087536,7.326583095697205,142,239.45,25.0,6.5600000000000005,25.0,,1.0,0.05,6.5600000000000005,C,Z,C-Z,0.75,0.05,4.25,10.81,9.154929577464788,2.640845070422535,6.010412315007422,3.3695672445848865,23.761235980804507,0,0,0.0,0.0,25.0,False,OK,0.0
MASS2723,0.15492957746478872,1.3116811509715327,8.466305610816256,142,257.37,22.0,7.63,98.0,4.8,18.0,0.092538,4.8,C,Z,C-Z,0.75,0.005141,0.43698499999999996,5.236985,8.056338028169014,2.323943661971831,5.7504320280606525,3.4264883660888215,32.02451384159424,0,0,0.0,0.0,98.0,False,OK,0.0
MASS2483,1.9154929577464788,16.295364592486962,8.507138868136575,142,256.07,272.0,0.42,728.0,0.6,250.0,0.024986,0.6,C,Z,C-Z,0.75,9.9944e-05,0.008495240000000001,0.60849524,99.6056338028169,28.73239436619718,71.3005727348319,42.56817836863472,330.3449936328875,0,0,0.0,0.0,728.0,False,OK,0.0
MASS2276,0.16901408450704225,1.1042909922411304,6.533721704093355,142,254.78,24.0,6.441333333333334,50.0,,1.0,0.05,6.441333333333334,C,Z,C-Z,0.75,0.05,4.25,10.691333333333333,8.788732394366196,2.535211267605634,5.419936899965533,2.884725632359899,23.410007664177026,0,0,0.0,0.0,50.0,False,OK,0.0
MASS2709,0.1619718309859155,1.3612537188724743,8.404262090430057,142,254.04,23.0,7.16,67.0,6.5,60.0,0.071994,6.5,C,Z,C-Z,0.75,0.0011999,0.1019915,6.6019915,8.422535211267606,2.4295774647887325,5.985563633803146,3.5559861690144134,29.163410280038704,0,0,0.0,0.0,67.0,False,OK,0.0
MASS1951,0.14788732394366197,0.8828321856758102,5.96962716028405,142,254.0,21.0,8.3,29.0,8.0,50.0,0.027,8.0,C,Z,C-Z,0.75,0.00054,0.0459,8.0459,7.690140845070422,2.2183098591549295,4.524521403924305,2.306211544769375,25.242606786986933,0,0,0.0,0.0,29.0,False,OK,0.0
MASS1750,9.887323943661972,36.13530494834545,3.654710329533514,142,3002.56,1404.0,1.331038961038961,825.0,,1.0,0.05,1.331038961038961,A,Z,A-Z,0.9,0.05,4.25,5.581038961038961,514.1408450704225,148.30985915492957,327.66483885035575,179.35497969542618,247.82088115869814,0,0,0.0,0.0,825.0,False,OK,0.0
MASS2442,0.21830985915492956,1.085796091139268,4.973646611025034,142,670.09,31.0,8.422500000000001,8.0,5.65,16.0,0.1170675,5.65,B,Z,B-Z,0.85,0.00731671875,0.62192109375,6.2719210937500005,11.352112676056338,3.2746478873239435,7.6331303120182294,4.3584824246942855,34.737009231180174,0,0,0.0,0.0,8.0,False,OK,0.0
MASS1914,0.7183098591549296,2.341019348755927,3.259066152189624,142,668.08,102.0,2.449,22.0,1.65,60.0,0.1081235,1.65,B,Z,B-Z,0.85,0.0018020583333333332,0.15317495833333333,1.8031749583333332,37.35211267605634,10.774647887323944,20.171708505507052,9.397060618183108,117.51492351292522,0,0,0.0,0.0,22.0,False,OK,0.0
MASS1902,0.4788732394366197,1.8744959033348727,3.914388504022823,142,1709.6299999999999,68.0,13.684444444444445,41.0,9.65,16.0,0.11285,9.65,B,Z,B-Z,0.85,0.007053125,0.599515625,10.249515625,24.901408450704224,7.183098591549295,14.7074924593465,7.5243938677972055,40.24525240875068,0,0,0.0,0.0,41.0,False,OK,0.0
MASS0498,1.443661971830986,4.2801283335424944,2.9647718212830934,142,1703.6299999999999,205.0,3.2877659574468088,61.0,3.2,50.0,0.08064,3.2,B,Z,B-Z,0.85,0.0016128000000000002,0.13708800000000002,3.337088,75.07042253521126,21.65492957746479,38.83574673955961,17.18081716209482,122.46302164467761,0,0,0.0,0.0,61.0,False,OK,0.0
MASS2464,0.7323943661971831,4.029880403972635,5.502336705424175,142,1701.08,104.0,6.639230769230769,216.0,3.9,8.0,0.05,3.9,B,Z,B-Z,0.85,0.00625,0.53125,4.43125,38.08450704225352,10.985915492957746,27.16221512938902,16.176299636431274,75.69468978623334,0,0,0.0,0.0,216.0,False,OK,0.0
MASS2380,1.9577464788732395,5.310064362896939,2.712335034285487,142,1682.96,278.0,2.0150867052023123,113.0,1.78,100.0,0.06924275,1.78,B,Z,B-Z,0.85,0.0006924275000000001,0.05885633750000001,1.8388563375,101.80281690140845,29.366197183098592,50.681269495983955,21.315072312885363,192.11459855325563,0,0,0.0,0.0,113.0,False,OK,0.0
MASS1969,0.1267605633802817,0.6172365194857758,4.869310320387787,142,248.72,18.0,5.81,5.0,,1.0,0.05,5.81,C,Z,C-Z,0.75,0.05,4.25,10.059999999999999,6.591549295774648,1.9014084507042253,3.513807738119973,1.6123992874157478,20.900136970032356,0,0,0.0,0.0,5.0,False,OK,0.0
MASS2300,0.1619718309859155,1.1021405603659251,6.804519981389625,142,246.6,23.0,7.238571428571428,7.0,,1.0,0.05,7.238571428571428,C,Z,C-Z,0.75,0.05,4.25,11.48857142857143,8.422535211267606,2.4295774647887325,5.308685550691553,2.879108085902821,22.107659842599823,0,0,0.0,0.0,7.0,False,OK,0.0
MASS2183,0.22535211267605634,0.977726166519866,4.338659863931905,142,246.44,32.0,2.4737500000000003,11.0,3.5,40.0,0.014,3.5,C,Z,C-Z,0.75,0.00035,0.02975,3.52975,11.71830985915493,3.380281690140845,5.934383601508214,2.5541019113673693,47.04515305713203,0,0,0.0,0.0,11.0,False,OK,0.0
MASS3026,0.19014084507042253,1.2024390023988996,6.323938457060879,142,246.0,27.0,5.77,173.0,5.77,10.0,0.05,5.77,C,Z,C-Z,0.75,0.005,0.425,6.194999999999999,9.887323943661972,2.852112676056338,5.993229135341876,3.141116459285538,32.619184320865834,0,0,0.0,0.0,173.0,False,OK,0.0
MASS1236,0.176056338028169,1.053863515290407,5.985944766849512,142,245.94,25.0,6.916666666666667,6.0,5.32,24.0,0.088452,5.32,C,Z,C-Z,0.75,0.0036855,0.3132675,5.6332675000000005,9.154929577464788,2.640845070422535,5.393839631572876,2.7529945611503406,32.91559326663234,0,0,0.0,0.0,6.0,False,OK,0.0
MASS2609,0.5,3.7826592019765504,7.565318403953101,142,245.3,71.0,1.4400000000000002,179.0,1.25,250.0,0.096,1.25,C,Z,C-Z,0.75,0.000384,0.03264,1.28264,26.0,7.5,17.38139361372341,9.88139361372341,116.24884715807467,0,0,0.0,0.0,179.0,False,OK,0.0
MASS2158,0.5,3.1005604618044402,6.2011209236088805,142,228.51,71.0,1.078235294117647,66.0,1.0,50.0,0.0376125,1.0,C,Z,C-Z,0.75,0.00075225,0.06394125,1.06394125,26.0,7.5,15.599555553465807,8.099555553465807,127.63865550130006,0,0,0.0,0.0,66.0,False,OK,0.0
MASS2491,2.112676056338028,19.636085825510094,9.294413957408112,142,228.0,300.0,0.42,700.0,0.6,250.0,0.024986,0.6,C,Z,C-Z,0.75,9.9944e-05,0.008495240000000001,0.60849524,109.85915492957746,31.69014084507042,82.9852437645544,51.29510291948398,346.93163658186904,0,0,0.0,0.0,700.0,False,OK,0.0
MASS2490,2.112676056338028,19.636085825510094,9.294413957408112,142,228.0,300.0,0.42,700.0,0.6,250.0,0.024986,0.6,C,Z,C-Z,0.75,9.9944e-05,0.008495240000000001,0.60849524,109.85915492957746,31.69014084507042,82.9852437645544,51.29510291948398,346.93163658186904,0,0,0.0,0.0,700.0,False,OK,0.0
MASS2492,2.112676056338028,19.636085825510094,9.294413957408112,142,228.0,300.0,0.42,700.0,0.6,250.0,0.024986,0.6,C,Z,C-Z,0.75,9.9944e-05,0.008495240000000001,0.60849524,109.85915492957746,31.69014084507042,82.9852437645544,51.29510291948398,346.93163658186904,0,0,0.0,0.0,700.0,False,OK,0.0
MASS1930,0.7887323943661971,2.852971540119248,3.6171603455083328,142,226.37,112.0,0.4695121951219512,50.0,0.35,100.0,0.03666,0.35,C,Z,C-Z,0.75,0.00036659999999999997,0.031160999999999998,0.38116099999999997,41.01408450704225,11.830985915492956,19.283768006445847,7.452782090952891,267.83458292147077,0,0,0.0,0.0,50.0,False,OK,0.0
MASS0788,0.6690140845070423,2.317744779963585,3.4644185132087273,142,225.59,95.0,0.9569444444444445,154.0,0.68,200.0,0.11628,0.68,C,Z,C-Z,0.75,0.0005813999999999999,0.04941899999999999,0.729419,34.7887323943662,10.035211267605634,16.089827146034672,6.054615878429038,178.31387458487296,0,0,0.0,0.0,154.0,False,OK,0.0
MASS2253,0.19014084507042253,0.7431302262816828,3.908314523407369,142,235.91,27.0,4.02,15.0,3.58,40.0,0.031768,3.58,C,Z,C-Z,0.75,0.0007941999999999999,0.067507,3.647507,9.887323943661972,2.852112676056338,4.793382528838116,1.9412698527817778,42.5104483251822,0,0,0.0,0.0,15.0,False,OK,0.0
MASS2172,0.2605633802816901,0.9941643731893581,3.815441648456456,142,235.41,37.0,2.237142857142857,17.0,2.35,240.0,0.091834,2.35,C,Z,C-Z,0.75,0.00038264166666666667,0.03252454166666666,2.3825245416666667,13.549295774647886,3.908450704225352,6.505493938543546,2.5970432343181944,61.57352835007224,0,0,0.0,0.0,17.0,False,OK,0.0
MASS2161,0.528169014084507,3.8031223864247736,7.200578384964238,142,235.4,75.0,1.128,165.0,1.0,50.0,0.0376125,1.0,C,Z,C-Z,0.75,0.00075225,0.06394125,1.06394125,27.464788732394364,7.922535211267605,17.85738454736153,9.934849336093926,131.18484853058484,0,0,0.0,0.0,165.0,False,OK,0.0
MASS2588,0.5985915492957746,2.7549049980529046,4.602311879100147,142,3236.31,85.0,12.03,54.0,4.6,10.0,0.148603,4.6,A,Z,A-Z,0.9,0.014860300000000002,1.2631255000000001,5.8631255,31.12676056338028,8.97887323943662,22.652645487793713,13.673772248357093,59.49174911404715,0,0,0.0,0.0,54.0,False,OK,0.0
MASS2393,1.9859154929577465,10.798598487663686,5.437592146270366,142,3230.2,282.0,4.737727272727272,118.0,4.5,10.0,0.05,4.5,A,Z,A-Z,0.9,0.005,0.425,4.925,103.26760563380282,29.788732394366196,83.38679709210608,53.598064697739886,118.23152922142896,0,0,0.0,0.0,118.0,False,OK,0.0
MASS3021,0.20422535211267606,1.7322093971759793,8.481852910309968,142,252.0,29.0,5.77,171.0,5.77,10.0,0.05,5.77,C,Z,C-Z,0.75,0.005,0.425,6.194999999999999,10.619718309859156,3.063380281690141,7.58840935804533,4.525029076355189,33.80572184036524,0,0,0.0,0.0,171.0,False,OK,0.0
MASS3035,0.6408450704225352,5.855641093349597,9.137374013798272,142,675.8,91.0,3.9642857142857144,229.0,5.3,16.0,0.05,5.3,B,Z,B-Z,0.85,0.003125,0.265625,5.565625,33.32394366197183,9.612676056338028,33.11774206178228,23.505066005444252,63.179414328133504,0,0,0.0,0.0,229.0,False,OK,0.0
MASS2412,0.3732394366197183,1.9115518738388932,5.121516341228733,142,672.05,53.0,5.493666666666667,98.0,,1.0,0.05,5.493666666666667,B,Z,B-Z,0.85,0.05,4.25,9.743666666666666,19.408450704225352,5.598591549295775,13.271731390199497,7.673139840903722,36.44085815982951,0,0,0.0,0.0,98.0,False,OK,0.0
MASS1046,0.7253521126760564,2.046080377355284,2.820809840625731,142,220.31,103.0,0.6740384615384616,20.0,0.85,150.0,0.0136,0.85,C,Z,C-Z,0.75,9.066666666666666e-05,0.0077066666666666655,0.8577066666666666,37.71830985915493,10.880281690140846,16.22523202650705,5.344950336366205,171.22260082977033,0,0,0.0,0.0,20.0,False,OK,0.0
MASS0384,0.5633802816901409,2.0951304187046405,3.7188564932007364,142,219.69,80.0,0.5772727272727273,33.0,0.88,250.0,0.0136,0.88,C,Z,C-Z,0.75,5.4399999999999994e-05,0.004624,0.884624,29.295774647887324,8.450704225352114,13.92378737502837,5.473083149676256,148.58586769532778,0,0,0.0,0.0,33.0,False,OK,0.0
MASS2443,0.13380281690140844,1.0329938122574702,7.7202695442400415,142,219.24,19.0,7.745384615384615,15.0,5.65,16.0,0.1170675,5.65,C,Z,C-Z,0.75,0.00731671875,0.62192109375,6.2719210937500005,6.957746478873239,2.0070422535211265,4.705519148855259,2.698476895334132,27.19495707296628,0,0,0.0,0.0,15.0,False,OK,0.0
MASS0917,0.6971830985915493,5.221327562252385,7.489176907473118,142,218.59,99.0,0.6906451612903226,137.0,,1.0,0.05,0.6906451612903226,C,Z,C-Z,0.75,0.05,4.25,4.940645161290322,36.25352112676056,10.457746478873238,24.097355567061612,13.639609088188374,69.94193374863575,0,0,0.0,0.0,137.0,False,OK,0.0
MASS0127,7.007042253521127,14.974444651075748,2.137056422565584,142,3406.77,995.0,1.5556228956228955,333.0,1.32,100.0,0.06784,1.32,A,Z,A-Z,0.9,0.0006784,0.057664,1.377664,364.3661971830986,105.10563380281691,179.43020973162604,74.32457592880913,419.90568599106393,0,0,0.0,0.0,333.0,False,OK,0.0
MASS2345,0.5070422535211268,1.9488002451162352,3.8434671500903526,142,3360.88,72.0,16.860000000000003,22.0,8.0,6.0,0.127008,8.0,A,Z,A-Z,0.9,0.021168000000000003,1.7992800000000002,9.79928,26.366197183098592,7.605633802816901,17.27836325377641,9.672729450959508,42.35269344155737,0,0,0.0,0.0,22.0,False,OK,0.0
MASS0610,2.288732394366197,4.308298089075689,1.8823948573807625,142,3187.36,325.0,4.206887417218543,80.0,3.98,100.0,0.051408,3.98,A,Z,A-Z,0.9,0.00051408,0.0436968,4.0236968,119.01408450704224,34.33098591549295,55.714912725923654,21.3839268104307,140.42386644488036,0,0,0.0,0.0,80.0,False,OK,0.0
MASS2060,2.119718309859155,8.432024730445212,3.9778987100439207,142,3163.81,301.0,5.198913043478261,144.0,4.8,50.0,0.048544,4.8,A,Z,A-Z,0.9,0.0009708799999999999,0.0825248,4.8825248,110.22535211267606,31.795774647887324,73.64752120107582,41.85174655318849,122.67975187933979,0,0,0.0,0.0,144.0,False,OK,0.0
MASS2470,2.056338028169014,11.435774803663456,5.561232952466476,142,3156.1800000000003,292.0,3.63,188.0,4.0,10.0,0.05,4.0,A,Z,A-Z,0.9,0.005,0.425,4.425,106.92957746478874,30.84507042253521,87.605713805633,56.76064338309779,126.92484984753536,0,0,0.0,0.0,188.0,False,OK,0.0
MASS0747,0.8732394366197183,2.5034987005552747,2.8669098022487827,142,231.60999999999999,124.0,0.9383870967741935,77.0,,1.0,0.05,0.9383870967741935,C,Z,C-Z,0.75,0.05,4.25,5.188387096774194,45.40845070422535,13.098591549295774,19.638450085508975,6.539858536213201,76.3847264001092,0,0,0.0,0.0,77.0,False,OK,0.0
MASS1163,0.39436619718309857,2.4522612129293884,6.218233789928092,142,229.57,56.0,2.6925000000000003,131.0,2.3,100.0,0.05,2.3,C,Z,C-Z,0.75,0.0005,0.0425,2.3425,20.507042253521124,5.915492957746478,12.32150444193207,6.406011484185592,76.3952020440142,0,0,0.0,0.0,131.0,False,OK,0.0
MASS0613,2.316901408450704,5.735752893267119,2.4756137107718263,142,1637.62,329.0,1.6350588235294117,102.0,1.5,100.0,0.1215,1.5,B,Z,B-Z,0.85,0.001215,0.10327499999999999,1.603275,120.47887323943661,34.75352112676056,57.777345196217134,23.023824069456573,223.82356498729254,0,0,0.0,0.0,102.0,False,OK,0.0
MASS0606,2.0774647887323945,4.849616411915792,2.3343916287865847,142,1615.44,295.0,2.619082568807339,98.0,1.8,40.0,0.066,1.8,B,Z,B-Z,0.85,0.00165,0.14024999999999999,1.94025,108.02816901408451,31.161971830985916,50.62876497044735,19.466793139461434,192.66109843320734,0,0,0.0,0.0,98.0,False,OK,0.0
MASS2590,0.45774647887323944,2.64876055434958,5.786523057194467,142,713.98,65.0,4.532727272727273,173.0,3.68,30.0,0.11158875,3.68,B,Z,B-Z,0.85,0.003719625,0.31616812499999997,3.996168125,23.802816901408452,6.866197183098592,17.498558468579947,10.632361285481355,63.01539642691979,0,0,0.0,0.0,173.0,False,OK,0.0
MASS2145,1.5211267605633803,8.480865663913665,5.575383908683984,142,711.53,216.0,1.2533333333333332,200.0,0.85,50.0,0.0625,0.85,B,Z,B-Z,0.85,0.00125,0.10625,0.9562499999999999,79.09859154929578,22.816901408450704,56.85985315971084,34.042951751260134,234.82969908530265,0,0,0.0,0.0,200.0,False,OK,0.0
MASS1599,1.4859154929577465,2.7720384887080542,1.8655424900310127,142,697.34,211.0,0.982872340425532,126.0,0.85,250.0,0.0882,0.85,B,Z,B-Z,0.85,0.0003528,0.029988,0.879988,77.26760563380282,22.288732394366196,33.41594231177646,11.127209917410266,241.94392553656823,0,0,0.0,0.0,126.0,False,OK,0.0
MASS2459,0.176056338028169,1.6036275180545114,9.108604302549626,142,694.17,25.0,13.599333333333334,54.0,14.5,40.0,0.09441144,14.5,B,Z,B-Z,0.85,0.002360286,0.20062431,14.70062431,9.154929577464788,2.640845070422535,9.077949062814994,6.437103992392459,20.375767902555694,0,0,0.0,0.0,54.0,False,OK,0.0
MASS2144,2.4788732394366195,18.4424419199203,7.439848729058758,142,690.74,352.0,1.1075,366.0,0.9,50.0,0.0625,0.9,B,Z,B-Z,0.85,0.00125,0.10625,1.00625,128.90140845070422,37.183098591549296,111.2127065744609,74.0296079829116,292.23367200986127,0,0,0.0,0.0,366.0,False,OK,0.0
MASS3061,1.2535211267605635,6.314945258117895,5.037765318273826,142,686.68,178.0,2.3999999999999995,1422.0,2.1,20.0,0.05,2.1,B,Z,B-Z,0.85,0.0025,0.2125,2.3125,65.1830985915493,18.802816901408452,44.15157082032738,25.348753918918927,137.08217943366847,0,0,0.0,0.0,1422.0,False,OK,0.0
MASS2583,0.44366197183098594,3.350716336849923,7.552408251312524,142,222.67,63.0,0.97,138.0,0.8,200.0,0.132,0.8,C,Z,C-Z,0.75,0.00066,0.0561,0.8561000000000001,23.070422535211268,6.654929577464789,15.407964213798593,8.753034636333805,134.03551775999563,0,0,0.0,0.0,138.0,False,OK,0.0
MASS2355,0.11971830985915492,1.4216282462171723,11.874777115461088,142,222.65,17.0,4.361428571428571,16.0,4.85,10.0,0.0552885,4.85,C,Z,C-Z,0.75,0.00552885,0.46995225,5.31995225,6.225352112676056,1.7957746478873238,5.509476444210625,3.713701796323301,27.930741387206563,0,0,0.0,0.0,16.0,False,OK,0.0
MASS2120,0.14788732394366197,0.841707004990172,5.69154260517164,142,221.31,21.0,6.446666666666667,42.0,5.8,500.0,0.6,5.8,C,Z,C-Z,0.75,0.0012,0.102,5.902,7.690140845070422,2.2183098591549295,4.417090605617668,2.1987807464627385,29.47283514384927,0,0,0.0,0.0,42.0,False,OK,0.0
MASS2064,0.7394366197183099,2.378030585923078,3.2160032685816864,142,727.34,105.0,2.607142857142857,44.0,2.5,72.0,0.0247,2.5,B,Z,B-Z,0.85,0.00034305555555555554,0.029159722222222222,2.5291597222222224,38.45070422535211,11.091549295774648,20.637176323457318,9.54562702768267,100.67424728437959,0,0,0.0,0.0,44.0,False,OK,0.0
MASS0210,0.704225352112676,2.2527799450392734,3.1989475219557684,142,1673.11,100.0,6.583333333333333,60.0,6.0,50.0,0.068145,6.0,B,Z,B-Z,0.85,0.0013629,0.1158465,6.1158465,36.61971830985915,10.56338028169014,19.60624005737343,9.04285977568329,63.18057612354067,0,0,0.0,0.0,60.0,False,OK,0.0
MASS0366,1.3380281690140845,2.182741213445753,1.6313118542594576,142,1669.79,190.0,3.1756204379562045,30.0,3.03,50.0,0.02448,3.03,B,Z,B-Z,0.85,0.0004896,0.041616,3.0716159999999997,69.5774647887324,20.070422535211268,28.83214059083371,8.761718055622442,122.8867928555174,0,0,0.0,0.0,30.0,False,OK,0.0
MASS0329,4.859154929577465,9.623104252319202,1.9804069620714877,142,3309.41,690.0,1.355,326.0,1.0,120.0,0.083968,1.0,A,Z,A-Z,0.9,0.0006997333333333334,0.05947733333333334,1.0594773333333334,252.6760563380282,72.88732394366197,120.65090779189255,47.76358384823058,398.74071252068626,0,0,0.0,0.0,326.0,False,OK,0.0
MASS2356,0.09859154929577464,1.300899084375686,13.194833570096245,142,218.12,14.0,6.088,18.0,4.85,10.0,0.0552885,4.85,C,Z,C-Z,0.75,0.00552885,0.46995225,5.31995225,5.126760563380281,1.4788732394366195,4.8771957469814655,3.398322507544846,25.346734796263775,0,0,0.0,0.0,18.0,False,OK,0.0
MASS2171,0.22535211267605634,0.7379708252818238,3.274745537188093,142,217.83,32.0,2.1996153846153845,20.0,2.35,240.0,0.091834,2.35,C,Z,C-Z,0.75,0.00038264166666666667,0.03252454166666666,2.3825245416666667,11.71830985915493,3.380281690140845,5.3080737038236085,1.9277920136827635,57.2622182385721,0,0,0.0,0.0,20.0,False,OK,0.0
MASS2354,0.13380281690140844,0.9009756196624032,6.733607262740067,142,217.38,19.0,8.68,31.0,5.7,10.0,0.05952,5.7,C,Z,C-Z,0.75,0.005952000000000001,0.50592,6.20592,6.957746478873239,2.0070422535211265,4.3606496653652975,2.353607411844171,27.33918628125604,0,0,0.0,0.0,31.0,False,OK,0.0
MASS2493,0.08450704225352113,1.0070176299560272,11.916375287812988,142,216.0,12.0,5.48,16.0,,1.0,0.05,5.48,C,Z,C-Z,0.75,0.05,4.25,9.73,4.394366197183098,1.267605633802817,3.8982252710027057,2.6306196371998887,17.351861517668308,0,0,0.0,0.0,16.0,False,OK,0.0
MASS1050,0.8169014084507042,2.305158317696074,2.821831733731401,142,210.91,116.0,0.6466071428571428,30.0,0.85,150.0,0.0136,0.85,C,Z,C-Z,0.75,9.066666666666666e-05,0.0077066666666666655,0.8577066666666666,42.47887323943662,12.253521126760564,18.275257546261724,6.02173641950116,181.70692203393148,0,0,0.0,0.0,30.0,False,OK,0.0
MASS2264,0.4225352112676056,1.779807717967245,4.212211599189146,142,210.21,60.0,0.9016666666666667,19.0,,1.0,0.05,0.9016666666666667,C,Z,C-Z,0.75,0.05,4.25,5.151666666666666,21.971830985915492,6.338028169014084,10.987397747110748,4.649369578096664,53.32288246484635,0,0,0.0,0.0,19.0,False,OK,0.0
MASS2170,0.2676056338028169,1.123037250525256,4.196612883541746,142,210.13,38.0,2.405416666666667,19.0,2.35,240.0,0.091834,2.35,C,Z,C-Z,0.75,0.00038264166666666667,0.03252454166666666,2.3825245416666667,13.915492957746478,4.014084507042253,6.947780756896103,2.93369624985385,62.40005564622685,0,0,0.0,0.0,19.0,False,OK,0.0
MASS3022,0.19014084507042253,1.5433825731995352,8.117049088679037,142,223.79,27.0,5.77,173.0,5.77,10.0,0.05,5.77,C,Z,C-Z,0.75,0.005,0.425,6.194999999999999,9.887323943661972,2.852112676056338,6.883871787312493,4.031759111256155,32.619184320865834,0,0,0.0,0.0,173.0,False,OK,0.0
MASS2256,0.2535211267605634,1.126323459318631,4.442720311756823,142,223.46,36.0,3.11,20.0,2.8,50.0,0.028,2.8,C,Z,C-Z,0.75,0.0005600000000000001,0.0476,2.8476,13.183098591549296,3.8028169014084505,6.745097673644663,2.9422807722362125,55.55506094361077,0,0,0.0,0.0,20.0,False,OK,0.0
MASS0830,3.3028169014084505,7.541835505295257,2.283455526123511,142,3533.72,469.0,3.32954128440367,162.0,2.15,60.0,0.142624625,2.15,A,Z,A-Z,0.9,0.0023770770833333333,0.20205155208333334,2.352051552083333,171.74647887323943,49.54225352112676,86.9756100640445,37.43335654291774,220.63523687636,0,0,0.0,0.0,162.0,False,OK,0.0
MASS1642,0.2746478873239437,1.5535106260364846,5.656372023004636,142,208.74,39.0,3.494285714285714,41.0,,1.0,0.05,3.494285714285714,C,Z,C-Z,0.75,0.05,4.25,7.744285714285715,14.281690140845072,4.119718309859155,8.177934807646508,4.058216497787353,35.06335671358417,0,0,0.0,0.0,41.0,False,OK,0.0
MASS2208,0.16901408450704225,0.8830301713351377,5.224595180399565,142,205.95999999999998,24.0,3.9,17.0,,1.0,0.05,3.9,C,Z,C-Z,0.75,0.05,4.25,8.15,8.788732394366196,2.535211267605634,4.841940007851848,2.306728740246214,26.8125850168457,0,0,0.0,0.0,17.0,False,OK,0.0
MASS2185,0.14788732394366197,0.7895342293218213,5.33875526493803,142,204.3,21.0,4.341666666666667,29.0,4.88,100.0,0.06,4.88,C,Z,C-Z,0.75,0.0006,0.051,4.931,7.690140845070422,2.2183098591549295,4.2808003122626435,2.062490453107714,32.24437892553847,0,0,0.0,0.0,29.0,False,OK,0.0
MASS2737,0.21830985915492956,2.355365678143088,10.789094396655436,142,200.52,31.0,4.91,119.0,4.65,100.0,0.04704,4.65,C,Z,C-Z,0.75,0.0004704,0.039984,4.689984,11.352112676056338,3.2746478873239435,9.427540370428137,6.152892483104193,40.17048141338856,0,0,0.0,0.0,119.0,False,OK,0.0
MASS3038,0.20422535211267606,1.7965243528198274,8.796774417255707,142,198.9,29.0,5.55,291.0,5.3,16.0,0.05,5.3,C,Z,C-Z,0.75,0.003125,0.265625,5.565625,10.619718309859156,3.063380281690141,7.756418517219369,4.693038235529228,35.6659583828683,0,0,0.0,0.0,291.0,False,OK,0.0
MASS1051,0.5211267605633803,1.4027243495566324,2.691714292392457,142,197.97,74.0,0.7002173913043478,29.0,0.85,150.0,0.0136,0.85,C,Z,C-Z,0.75,9.066666666666666e-05,0.0077066666666666655,0.8577066666666666,27.098591549295772,7.816901408450704,11.48122079050884,3.6643193820581352,145.13038157515317,0,0,0.0,0.0,29.0,False,OK,0.0
MASS2333,0.14788732394366197,1.12953378381275,7.637799871495738,142,196.38,21.0,5.28,29.0,2.1,20.0,0.1272375,2.1,C,Z,C-Z,0.75,0.006361875,0.540759375,2.640759375,7.690140845070422,2.2183098591549295,5.168976922161823,2.9506670630068936,44.06127927834478,0,0,0.0,0.0,29.0,False,OK,0.0
MASS2480,2.436619718309859,10.150264496244516,4.165715486898039,142,3354.27,346.0,2.915769230769231,147.0,3.8,16.0,0.05,3.8,A,Z,A-Z,0.9,0.003125,0.265625,4.065625,126.70422535211267,36.54929577464789,86.92940146988144,50.38010569523355,144.14057837736337,0,0,0.0,0.0,147.0,False,OK,0.0
MASS0947,1.0140845070422535,3.098812207796867,3.055773149355244,142,728.98,144.0,2.535614035087719,89.0,2.5,100.0,0.05,2.5,B,Z,B-Z,0.85,0.0005,0.0425,2.5425,52.732394366197184,15.211267605633802,27.65017639829624,12.438908792662437,117.58790026226514,0,0,0.0,0.0,89.0,False,OK,0.0
MASS1641,0.2323943661971831,1.5001914438480797,6.45536924322507,142,178.48,33.0,3.488181818181818,46.0,,1.0,0.05,3.488181818181818,C,Z,C-Z,0.75,0.05,4.25,7.738181818181818,12.08450704225352,3.4859154929577465,7.404846953887918,3.9189314609301715,32.26631543456689,0,0,0.0,0.0,46.0,False,OK,0.0
MASS1965,0.3028169014084507,1.2027712481835429,3.9719422614433277,142,177.96,43.0,3.05,39.0,2.5,80.0,0.080325,2.5,C,Z,C-Z,0.75,0.0010040625,0.08534531249999999,2.5853453125,15.746478873239436,4.54225352112676,7.684237901945606,3.1419843808188457,63.72162154338965,0,0,0.0,0.0,39.0,False,OK,0.0
MASS2686,0.5422535211267606,6.884686717468163,12.696435245201027,142,177.1,77.0,0.264,103.0,,1.0,0.05,0.264,C,Z,C-Z,0.75,0.05,4.25,4.514,28.19718309859155,8.13380281690141,26.118584350201708,17.9847815333003,64.53219765229002,0,0,0.0,0.0,103.0,False,OK,0.0
MASS1143,0.5,2.375256611743499,4.750513223486998,142,176.99,71.0,1.22,105.0,,1.0,0.05,1.22,C,Z,C-Z,0.75,0.05,4.25,5.47,26.0,7.5,13.704853321698215,6.204853321698215,56.292091029667596,0,0,0.0,0.0,105.0,False,OK,0.0
MASS2156,0.4295774647887324,3.0859964822214057,7.183795089761305,142,175.3,61.0,1.128,70.0,1.0,50.0,0.0376125,1.0,C,Z,C-Z,0.75,0.00075225,0.06394125,1.06394125,22.338028169014084,6.443661971830986,14.505172222466712,8.061510250635726,118.30904916212971,0,0,0.0,0.0,70.0,False,OK,0.0
MASS2484,1.7605633802816902,16.25590108999583,9.233351819117631,142,190.0,250.0,0.315,750.0,0.6,250.0,0.024986,0.6,C,Z,C-Z,0.75,9.9944e-05,0.008495240000000001,0.60849524,91.54929577464789,26.408450704225352,68.87353905584578,42.46508835162043,316.7038054467903,0,0,0.0,0.0,750.0,False,OK,0.0
MASS2488,1.7605633802816902,16.25590108999583,9.233351819117631,142,190.0,250.0,0.315,750.0,0.6,250.0,0.024986,0.6,C,Z,C-Z,0.75,9.9944e-05,0.008495240000000001,0.60849524,91.54929577464789,26.408450704225352,68.87353905584578,42.46508835162043,316.7038054467903,0,0,0.0,0.0,750.0,False,OK,0.0
MASS2485,1.7605633802816902,16.25590108999583,9.233351819117631,142,190.0,250.0,0.315,750.0,0.6,250.0,0.024986,0.6,C,Z,C-Z,0.75,9.9944e-05,0.008495240000000001,0.60849524,91.54929577464789,26.408450704225352,68.87353905584578,42.46508835162043,316.7038054467903,0,0,0.0,0.0,750.0,False,OK,0.0
MASS2162,0.47183098591549294,3.765640973707246,7.980910720394462,142,189.73000000000002,67.0,1.0071428571428571,73.0,1.0,50.0,0.0376125,1.0,C,Z,C-Z,0.75,0.00075225,0.06394125,1.06394125,24.535211267605632,7.077464788732394,16.914401896289633,9.836937107557238,123.99108142268388,0,0,0.0,0.0,73.0,False,OK,0.0
MASS2654,0.007042253521126761,0.08391813582966891,11.916375287812984,142,188.92,1.0,109.0,1.0,,1.0,0.05,109.0,C,Z,C-Z,0.75,0.05,4.25,113.25,0.36619718309859156,0.1056338028169014,0.32485210591689206,0.21921830309999066,1.4682255073349801,0,0,0.0,0.0,1.0,False,OK,0.0
MASS2719,0.2746478873239437,1.7469095962724277,6.36054263258166,142,187.33,39.0,2.11,11.0,2.0,350.0,0.068172,2.0,C,Z,C-Z,0.75,0.00019477714285714285,0.016556057142857142,2.016556057142857,14.281690140845072,4.119718309859155,8.683148533586067,4.563430223726912,68.71301800616585,0,0,0.0,0.0,11.0,False,OK,0.0
MASS2713,0.31690140845070425,2.0364400808707153,6.42609981074759,142,186.94,45.0,2.11,35.0,2.0,350.0,0.068172,2.0,C,Z,C-Z,0.75,0.00019477714285714285,0.016556057142857142,2.016556057142857,16.47887323943662,4.753521126760564,10.073288236451939,5.319767109691375,73.80962135153212,0,0,0.0,0.0,35.0,False,OK,0.0
MASS2367,0.13380281690140844,2.032463038629796,15.189986920285847,142,185.89,19.0,4.422222222222222,91.0,4.55,10.0,0.0682375,4.55,C,Z,C-Z,0.75,0.006823750000000001,0.58001875,5.13001875,6.957746478873239,2.0070422535211265,7.316420185202388,5.3093779316812615,30.06970686212357,0,0,0.0,0.0,91.0,False,OK,0.0
MASS1807,0.852112676056338,4.2241238683659805,4.957236275272473,142,1177.96,121.0,4.2730434782608695,35.0,3.2,40.0,0.102396,3.2,B,Z,B-Z,0.85,0.0025599,0.2175915,3.4175915000000003,44.309859154929576,12.78169014084507,29.7377003809329,16.956010240087828,92.97035297523098,0,0,0.0,0.0,35.0,False,OK,0.0
MASS0850,14.394366197183098,19.368746392822835,1.3455782719084357,142,26537.68,2044.0,3.1386771964461992,562.0,4.5,100.0,0.058696,4.5,AA,Z,AA-Z,0.95,0.00058696,0.0498916,4.5498916,748.5070422535211,215.91549295774647,339.30391180391297,123.3884188461665,331.1706122143038,0,0,0.0,0.0,562.0,False,OK,0.0
MASS1926,0.7394366197183099,2.075454585648455,2.8068052491626725,142,745.09,105.0,1.5896103896103895,34.0,1.2,100.0,0.096,1.2,B,Z,B-Z,0.85,0.00096,0.0816,1.2816,38.45070422535211,11.091549295774648,19.422609251340194,8.331059955565546,141.42632955832093,0,0,0.0,0.0,34.0,False,OK,0.0
MASS2341,0.11971830985915492,1.6263887436956201,13.585129506163415,142,531.75,17.0,11.879999999999999,23.0,9.7,8.0,0.119349,9.7,C,Z,C-Z,0.75,0.014918625,1.268083125,10.968083125,6.225352112676056,1.7957746478873238,6.044369746538554,4.24859509865123,19.45230024131293,0,0,0.0,0.0,23.0,False,OK,0.0
MASS2621,0.14084507042253522,0.8554501887731283,6.07369634028921,142,1175.92,20.0,34.00833333333333,22.0,20.75,4.0,0.160512,20.75,B,Z,B-Z,0.85,0.040128,3.4108799999999997,24.16088,7.323943661971831,2.1126760563380285,5.546529468959002,3.4338534126209734,14.21577345178437,0,0,0.0,0.0,22.0,False,OK,0.0
MASS2062,0.9647887323943662,4.071021918216056,4.219599360486715,142,1169.67,137.0,4.3475925925925925,116.0,,1.0,0.05,4.3475925925925925,B,Z,B-Z,0.85,0.05,4.25,8.597592592592592,50.16901408450705,14.471830985915494,30.813276332686463,16.341445346770968,62.37114586058508,0,0,0.0,0.0,116.0,False,OK,0.0
MASS2391,0.9929577464788732,8.319418009235164,8.378420973839669,142,1582.4,141.0,6.898999999999999,279.0,4.5,10.0,0.05,4.5,B,Z,B-Z,0.85,0.005,0.425,4.925,51.63380281690141,14.894366197183098,48.28925265223642,33.394886455053324,83.60231606252786,0,0,0.0,0.0,279.0,False,OK,0.0
MASS2244,3.0492957746478875,7.998517118584799,2.623070279073999,142,1577.27,433.0,0.436006711409396,280.0,0.45,750.0,0.0175,0.45,B,Z,B-Z,0.85,2.3333333333333336e-05,0.0019833333333333335,0.45198333333333335,158.56338028169014,45.73943661971831,77.84619825706224,32.10676163734393,483.60925990704726,0,0,0.0,0.0,280.0,False,OK,0.0
MASS2311,0.4295774647887324,1.884606877470506,4.3871176491936374,142,1558.31,61.0,7.67311111111111,37.0,7.5,50.0,0.0588,7.5,B,Z,B-Z,0.85,0.001176,0.09996,7.59996,22.338028169014084,6.443661971830986,14.008642192283464,7.564980220452478,44.26608711263453,0,0,0.0,0.0,37.0,False,OK,0.0
MASS2481,1.028169014084507,6.300899026218999,6.128271655637657,142,1549.84,146.0,4.2145,334.0,3.7,30.0,0.05,3.7,B,Z,B-Z,0.85,0.0016666666666666668,0.14166666666666666,3.841666666666667,53.46478873239437,15.422535211267604,40.71490630162036,25.292371090352756,96.32265799799887,0,0,0.0,0.0,334.0,False,OK,0.0
MASS2628,0.39436619718309857,1.7339241211357426,4.39673616430849,142,1165.45,56.0,6.066000000000001,44.0,,1.0,0.05,6.066000000000001,B,Z,B-Z,0.85,0.05,4.25,10.316,20.507042253521124,5.915492957746478,12.875619144786047,6.9601261870395685,36.404093142300916,0,0,0.0,0.0,44.0,False,OK,0.0
MASS1760,1.9154929577464788,4.42028361104553,2.3076480616487696,142,790.14,272.0,0.5938842975206612,99.0,0.55,150.0,0.05,0.55,B,Z,B-Z,0.85,0.0003333333333333334,0.028333333333333335,0.5783333333333334,99.6056338028169,28.73239436619718,46.47580732202357,17.74341295582639,338.8497814850543,0,0,0.0,0.0,99.0,False,OK,0.0
MASS2411,0.4014084507042254,1.806449670913945,4.500278127540003,142,789.11,57.0,6.408275862068965,94.0,,1.0,0.05,6.408275862068965,B,Z,B-Z,0.85,0.05,4.25,10.658275862068965,20.87323943661972,6.021126760563381,13.27237697782295,7.251250217259568,36.133149638712304,0,0,0.0,0.0,94.0,False,OK,0.0
MASS1331,1.3098591549295775,3.4706123861116938,2.6496073055261316,142,1156.53,186.0,3.8272727272727276,159.0,2.8,20.0,0.084032,2.8,B,Z,B-Z,0.85,0.0042016,0.357136,3.157136,68.11267605633803,19.647887323943664,33.57923521811648,13.931347894172816,119.928305374673,0,0,0.0,0.0,159.0,False,OK,0.0
MASS2299,0.14788732394366197,1.1105374272328628,7.509348317479358,142,181.67,21.0,7.120909090909091,38.0,,1.0,0.05,7.120909090909091,C,Z,C-Z,0.75,0.05,4.25,11.370909090909091,7.690140845070422,2.2183098591549295,5.119352975998652,2.9010431168437223,21.233614273067182,0,0,0.0,0.0,38.0,False,OK,0.0
MASS2726,0.14788732394366197,1.2200870978012828,8.250112756561055,142,180.10999999999999,21.0,6.22,99.0,5.48,40.0,0.05418,5.48,C,Z,C-Z,0.75,0.0013545,0.1151325,5.5951325,7.690140845070422,2.2183098591549295,5.405528218688939,3.18721835953401,30.270272433769055,0,0,0.0,0.0,99.0,False,OK,0.0
MASS1049,0.5211267605633803,1.6361098554177544,3.139562154990826,142,178.5,74.0,0.6166666666666667,27.0,0.85,150.0,0.0136,0.85,C,Z,C-Z,0.75,9.066666666666666e-05,0.0077066666666666655,0.8577066666666666,27.098591549295772,7.816901408450704,12.090890846417302,4.273989437966598,145.13038157515317,0,0,0.0,0.0,27.0,False,OK,0.0
MASS2207,0.14084507042253522,0.7302146706197383,5.184524161400142,142,174.98,20.0,3.9125,18.0,,1.0,0.05,3.9125,C,Z,C-Z,0.75,0.05,4.25,8.1625,7.323943661971831,2.1126760563380285,4.020206763608378,1.9075307072703498,24.457680693982137,0,0,0.0,0.0,18.0,False,OK,0.0
MASS2610,0.34507042253521125,3.539134354728723,10.256266905540382,142,173.53,49.0,2.14,201.0,2.0,500.0,0.14256,2.0,C,Z,C-Z,0.75,0.00028512,0.0242352,2.0242352,17.943661971830984,5.176056338028169,14.421293020373714,9.245236682345546,76.87399015756495,0,0,0.0,0.0,201.0,False,OK,0.0
MASS1085,2.8098591549295775,6.476288555584848,2.304844548604131,142,1151.38,399.0,1.2586238532110092,71.0,1.25,120.0,0.0648,1.25,B,Z,B-Z,0.85,0.00054,0.0459,1.2959,146.11267605633802,42.147887323943664,68.14428763990763,25.996400315963967,274.1653542808482,0,0,0.0,0.0,71.0,False,OK,0.0
MASS2173,0.19718309859154928,0.6440060417728828,3.26603064041962,142,168.15,28.0,2.1418181818181816,21.0,2.35,240.0,0.091834,2.35,C,Z,C-Z,0.75,0.00038264166666666667,0.03252454166666666,2.3825245416666667,10.253521126760562,2.957746478873239,4.640075456606324,1.6823289777330848,53.5639004638537,0,0,0.0,0.0,21.0,False,OK,0.0
MASS0969,0.4647887323943662,1.8780628764275713,4.040680734132048,142,166.84,66.0,0.632,37.0,,1.0,0.05,0.632,C,Z,C-Z,0.75,0.05,4.25,4.882,24.16901408450704,6.971830985915493,11.877871293116678,4.906040307201185,57.449327647059064,0,0,0.0,0.0,37.0,False,OK,0.0
MASS1966,0.23943661971830985,1.5479548505556302,6.46498790526175,142,166.71,34.0,3.57,46.0,2.15,40.0,0.12,2.15,C,Z,C-Z,0.75,0.003,0.255,2.405,12.450704225352112,3.5915492957746475,7.635252510333336,4.043703214558688,58.74809497001812,0,0,0.0,0.0,46.0,False,OK,0.0
MASS2431,0.7394366197183099,4.250456091446677,5.748235857004077,142,3731.58,105.0,14.66111111111111,48.0,12.32,1.0,0.02562,12.32,A,Z,A-Z,0.9,0.02562,2.1777,14.4977,38.45070422535211,11.091549295774648,32.188381523078846,21.096832227304198,42.04912522231252,0,0,0.0,0.0,48.0,False,OK,0.0
MASS2135,2.7535211267605635,9.610268311409467,3.4901741693609827,142,3714.52,391.0,4.548285714285714,292.0,17.0,25.0,0.0673745,17.0,A,Z,A-Z,0.9,0.00269498,0.2290733,17.2290733,143.1830985915493,41.302816901408455,89.0026904827815,47.69987358137305,74.4336454511006,0,0,0.0,0.0,292.0,False,OK,0.0
MASS2730,1.0211267605633803,6.494371059540338,6.360004761756745,142,1272.94,145.0,2.79125,155.0,2.9,100.0,0.052416,2.9,B,Z,B-Z,0.85,0.00052416,0.0445536,2.9445536,53.098591549295776,15.316901408450704,41.38588650928139,26.068985100830687,109.64432016088243,0,0,0.0,0.0,155.0,False,OK,0.0
MASS2335,0.8098591549295775,2.9533803173941062,3.6467826527822877,142,3697.34,115.0,12.787042253521127,85.0,10.48,4.0,0.038895375,10.48,A,Z,A-Z,0.9,0.00972384375,0.8265267187500001,11.30652671875,42.11267605633803,12.147887323943662,26.806777503957072,14.65889018001341,49.830607703497755,0,0,0.0,0.0,85.0,False,OK,0.0
MASS2599,1.6267605633802817,9.134619018269463,5.615220348892916,142,3687.53,231.0,6.2212499999999995,237.0,5.5,9.0,0.105315,5.5,A,Z,A-Z,0.9,0.011701666666666668,0.9946416666666668,6.494641666666666,84.59154929577466,24.401408450704228,69.74043107384632,45.3390226231421,93.18376695414649,0,0,0.0,0.0,237.0,False,OK,0.0
MASS2140,4.697183098591549,10.047397910640733,2.1390262418455532,142,3684.74,667.0,2.1224742268041235,126.0,1.6,50.0,0.0705,1.6,A,Z,A-Z,0.9,0.0014099999999999998,0.11984999999999998,1.71985,244.25352112676055,70.45774647887323,120.32728129616132,49.869534817288084,307.70142086859926,0,0,0.0,0.0,126.0,False,OK,0.0
MASS2235,2.3450704225352115,9.30724248964015,3.968854154741445,142,16491.39,333.0,15.646897959183672,137.0,17.0,25.0,0.0673745,17.0,AA,Z,AA-Z,0.95,0.00269498,0.2290733,17.2290733,121.94366197183099,35.176056338028175,94.46775809938237,59.29170176135419,68.69150434076705,0,0,0.0,0.0,137.0,False,OK,0.0
MASS2175,0.056338028169014086,0.48778916337420225,8.65825764989209,142,12.48,8.0,0.78,32.0,1.2,100.0,0.018,1.2,C,Z,C-Z,0.75,0.00017999999999999998,0.0153,1.2153,2.9295774647887325,0.8450704225352113,2.119315990650551,1.27424556811534,40.088066913432336,0,0,0.0,0.0,32.0,False,OK,0.0
MASS3041,0.02112676056338028,0.2517544074890068,11.916375287812988,142,10.8,3.0,1.67,637.0,1.67,80.0,0.05,1.67,C,Z,C-Z,0.75,0.000625,0.053125,1.723125,1.0985915492957745,0.31690140845070425,0.9745563177506764,0.6576549092999722,20.616460474080483,0,0,0.0,0.0,637.0,False,OK,0.0
MASS2372,0.3732394366197183,1.4371423325848702,3.8504568156047467,142,746.56,53.0,8.11,74.0,6.97,40.0,0.09082125,6.97,B,Z,B-Z,0.85,0.00227053125,0.19299515625,7.16299515625,19.408450704225352,5.598591549295775,11.367409147251095,5.76881759795532,42.50132564096831,0,0,0.0,0.0,74.0,False,OK,0.0
MASS2706,0.33098591549295775,3.6158081426733517,10.92435651616204,142,156.85999999999999,47.0,2.34,273.0,1.1,40.0,0.09,1.1,C,Z,C-Z,0.75,0.00225,0.19124999999999998,1.29125,17.211267605633804,4.964788732394366,14.41031939790925,9.445530665514884,94.2661199877543,0,0,0.0,0.0,273.0,False,OK,0.0
MASS3057,0.028169014084507043,0.23651314484727037,8.396216642078098,142,9.61,4.0,0.66,556.0,1.1,70.0,0.05,1.1,C,Z,C-Z,0.75,0.0007142857142857143,0.060714285714285714,1.1607142857142858,1.4647887323943662,0.4225352112676056,1.040375559622082,0.6178403483544764,29.005422837645554,0,0,0.0,0.0,556.0,False,OK,0.0
MASS2688,0.6690140845070423,7.8881559755646125,11.79071735294921,142,153.64000000000001,95.0,0.47,85.0,,1.0,0.05,0.47,C,Z,C-Z,0.75,0.05,4.25,4.72,34.7887323943662,10.035211267605634,30.641343070404382,20.60613180279875,70.0975232627077,0,0,0.0,0.0,85.0,False,OK,0.0
MASS0023,2.859154929577465,7.695989145404328,2.6917006370625973,142,1137.95,406.0,1.0257364341085273,124.0,1.0,500.0,0.090901125,1.0,B,Z,B-Z,0.85,0.00018180225,0.015453191250000001,1.01545319125,148.6760563380282,42.887323943661976,73.77971129393146,30.89238735026948,312.4243914005633,0,0,0.0,0.0,124.0,False,OK,0.0
MASS2210,0.14084507042253522,0.7587928944564878,5.387429550641063,142,151.16,20.0,3.9,19.0,,1.0,0.05,3.9,C,Z,C-Z,0.75,0.05,4.25,8.15,7.323943661971831,2.1126760563380285,4.094861302501139,1.9821852461631102,24.47642939791904,0,0,0.0,0.0,19.0,False,OK,0.0
MASS0934,10.133802816901408,27.187353357749647,2.682838204864802,142,3608.07,1439.0,0.7808159392789374,409.0,0.5,100.0,0.06048,0.5,A,Z,A-Z,0.9,0.0006048,0.051407999999999995,0.551408,526.9577464788732,152.00704225352112,286.94950963886504,134.94246738534392,798.1889950873947,0,0,0.0,0.0,409.0,False,OK,0.0
MASS1575,52.20422535211268,151.13797832662073,2.89512922195874,142,35811.46,7413.0,1.3043564356435644,3900.0,,1.0,0.05,1.3043564356435644,AA,Z,AA-Z,0.95,0.05,4.25,5.554356435643564,2714.6197183098593,783.0633802816902,1745.886466252719,962.8230859710287,570.8105576415144,0,0,0.0,0.0,3900.0,False,OK,0.0
MASS2705,0.2535211267605634,1.784236013545507,7.037819831207278,142,165.76,36.0,5.12,114.0,,1.0,0.05,5.12,C,Z,C-Z,0.75,0.05,4.25,9.370000000000001,13.183098591549296,3.8028169014084505,8.463754460999152,4.660937559590701,30.62621486165072,0,0,0.0,0.0,114.0,False,OK,0.0
MASS2030,0.3591549295774648,1.6560293848070209,4.610905345933274,142,165.21,51.0,1.6376190476190478,17.0,,1.0,0.05,1.6376190476190478,C,Z,C-Z,0.75,0.05,4.25,5.887619047619047,18.67605633802817,5.387323943661972,9.713348920646364,4.326024976984392,45.9861559010439,0,0,0.0,0.0,17.0,False,OK,0.0
MASS2607,0.02112676056338028,0.14431593883136798,6.830954438018084,142,165.0,3.0,13.602,37.0,,1.0,0.05,13.602,C,Z,C-Z,0.75,0.05,4.25,17.852,1.0985915492957745,0.31690140845070425,0.693896141569043,0.37699473311833875,6.405146365715035,0,0,0.0,0.0,37.0,False,OK,0.0
MASS1082,4.345070422535211,11.534128067552112,2.6545319053361425,142,1940.32,617.0,1.0032302405498281,171.0,0.58,105.0,0.08424,0.58,B,Z,B-Z,0.85,0.0008022857142857143,0.06819428571428571,0.6481942857142857,225.94366197183098,65.17605633802816,111.47507590242165,46.29901956439349,482.06083985334493,0,0,0.0,0.0,171.0,False,OK,0.0
MASS1970,0.09859154929577464,0.5233533332438428,5.308298094330406,142,161.82,14.0,5.81,6.0,,1.0,0.05,5.81,C,Z,C-Z,0.75,0.05,4.25,10.059999999999999,5.126760563380281,1.4788732394366195,2.846022646429015,1.3671494069923953,18.43218826329754,0,0,0.0,0.0,6.0,False,OK,0.0
MASS2623,0.5,3.2305061852232937,6.461012370446587,142,161.58,71.0,1.5,225.0,1.2,100.0,0.060606,1.2,C,Z,C-Z,0.75,0.00060606,0.051515099999999994,1.2515151,26.0,7.5,15.939011151488167,8.439011151488167,117.68551102288076,0,0,0.0,0.0,225.0,False,OK,0.0
MASS0381,0.30985915492957744,1.099213765383145,3.5474626064637866,142,161.52,44.0,0.6569047619047619,36.0,0.88,250.0,0.0136,0.88,C,Z,C-Z,0.75,5.4399999999999994e-05,0.004624,0.884624,16.112676056338028,4.647887323943662,7.519349779693915,2.871462455750253,110.19422872058861,0,0,0.0,0.0,36.0,False,OK,0.0
MASS3054,0.31690140845070425,1.772003387241448,5.591655133073013,142,161.31,45.0,0.8800000000000001,515.0,1.1,70.0,0.05,1.1,C,Z,C-Z,0.75,0.0007142857142857143,0.060714285714285714,1.1607142857142858,16.47887323943662,4.753521126760564,9.382503548712423,4.628982421951859,97.28714577165046,0,0,0.0,0.0,515.0,False,OK,0.0
MASS2133,3.267605633802817,12.506404312842283,3.827390975050871,142,3979.38,464.0,4.225806451612903,265.0,13.25,30.0,0.1298,13.25,A,Z,A-Z,0.9,0.004326666666666667,0.3677666666666667,13.617766666666666,169.9154929577465,49.014084507042256,111.08872023514958,62.074635728107324,91.20484636867249,0,0,0.0,0.0,265.0,False,OK,0.0
MASS2370,0.9295774647887324,4.215217092789732,4.534551721031379,142,768.03,132.0,3.0928205128205124,108.0,2.2,60.0,0.126984,2.2,B,Z,B-Z,0.85,0.0021164,0.179894,2.379894,48.33802816901408,13.943661971830986,30.86391961976402,16.920257647933035,116.36437162899966,0,0,0.0,0.0,108.0,False,OK,0.0
MASS2467,0.4507042253521127,3.1274975036442743,6.939135086210733,142,764.24,64.0,6.8500000000000005,182.0,3.9,8.0,0.05,3.9,B,Z,B-Z,0.85,0.00625,0.53125,4.43125,23.43661971830986,6.76056338028169,19.314617510838,12.554054130556311,59.37980004543943,0,0,0.0,0.0,182.0,False,OK,0.0
MASS2079,2.4577464788732395,6.53590545631229,2.659308237238811,142,1916.38,349.0,1.380625,369.0,1.4,100.0,0.033495,1.4,B,Z,B-Z,0.85,0.00033495,0.02847075,1.42847075,127.80281690140845,36.86619718309859,63.10190505980599,26.2357078767074,244.22431916555058,0,0,0.0,0.0,369.0,False,OK,0.0
MASS1532,2.1338028169014085,6.351666864756296,2.97668876170097,142,758.64,303.0,0.6110989010989012,128.0,0.6,200.0,0.025012,0.6,B,Z,B-Z,0.85,0.00012506,0.0106301,0.6106301,110.95774647887325,32.00704225352113,57.50319997914566,25.496157725624535,348.0519571351797,0,0,0.0,0.0,128.0,False,OK,0.0
MASS1172,1.443661971830986,3.3906936629740314,2.3486756104503046,142,757.13,205.0,0.7571074380165289,48.0,0.6,150.0,0.057456,0.6,B,Z,B-Z,0.85,0.00038304,0.0325584,0.6325584,75.07042253521126,21.65492957746479,35.265476583660536,13.610547006195745,281.2797626878085,0,0,0.0,0.0,48.0,False,OK,0.0
MASS1482,1.4788732394366197,6.597569195452393,4.461213455972571,142,756.37,210.0,1.8598333333333334,84.0,1.9,200.0,0.05,1.9,B,Z,B-Z,0.85,0.00025,0.02125,1.92125,76.90140845070422,22.183098591549296,48.66633022108314,26.483231629533847,163.35392621399254,0,0,0.0,0.0,84.0,False,OK,0.0
MASS1950,1.3661971830985915,3.2255163383226466,2.360944948669154,142,755.37,194.0,1.435,116.0,1.5,50.0,0.0088,1.5,B,Z,B-Z,0.85,0.00017600000000000002,0.014960000000000001,1.51496,71.04225352112675,20.492957746478872,33.44046822829765,12.947510481818775,176.81216907992504,0,0,0.0,0.0,116.0,False,OK,0.0
MASS2130,1.3661971830985915,6.1615127474289615,4.509973248118106,142,1885.27,194.0,5.0956,499.0,3.7,1.0,0.006,3.7,B,Z,B-Z,0.85,0.006,0.51,4.21,71.04225352112675,20.492957746478872,45.22581987257253,24.732862126093657,106.06490007486087,0,0,0.0,0.0,499.0,False,OK,0.0
MASS2382,0.33098591549295775,1.4814303562805242,4.475810863656052,142,516.88,47.0,4.946190476190476,73.0,4.92,60.0,0.14259375,4.92,C,Z,C-Z,0.75,0.0023765624999999998,0.20200781249999997,5.1220078125,17.211267605633804,4.964788732394366,8.834710837477814,3.8699221050834485,47.330455143291346,0,0,0.0,0.0,73.0,False,OK,0.0
MASS2435,0.20422535211267606,3.6016913528699988,17.635868003708268,142,516.4100000000001,29.0,4.951333333333333,20.0,5.0,10.0,0.1521856,5.0,C,Z,C-Z,0.75,0.01521856,1.2935776,6.2935776,10.619718309859156,3.063380281690141,12.472033832677702,9.408653550987562,33.53992393463888,0,0,0.0,0.0,20.0,False,OK,0.0
MASS2650,0.2535211267605634,1.396229063886465,5.507347974218834,142,512.28,36.0,6.56,14.0,,1.0,0.05,6.56,C,Z,C-Z,0.75,0.05,4.25,10.809999999999999,13.183098591549296,3.8028169014084505,7.450168729448777,3.647351828040326,28.513483176965416,0,0,0.0,0.0,14.0,False,OK,0.0
MASS2195,0.1619718309859155,0.5911561450694405,3.6497466347765455,142,3760.41,23.0,71.59476190476191,6.0,45.0,1.0,0.05,45.0,A,Z,A-Z,0.9,0.05,4.25,49.25,8.422535211267606,2.4295774647887325,5.363738351138485,2.9341608863497526,10.677575985088001,0,0,0.0,0.0,6.0,False,OK,0.0
MASS1910,2.6549295774647885,5.230903498770094,1.9702607342847571,142,3734.98,377.0,3.0268076923076923,104.0,1.7,60.0,0.134992,1.7,A,Z,A-Z,0.9,0.002249866666666667,0.1912386666666667,1.8912386666666667,138.056338028169,39.823943661971825,65.78715587650169,25.96321221452986,220.60196468009573,0,0,0.0,0.0,104.0,False,OK,0.0
MASS2383,0.4225352112676056,2.043234619792189,4.835655266841514,142,512.21,60.0,4.55,27.0,3.75,60.0,0.0962,3.75,C,Z,C-Z,0.75,0.0016033333333333331,0.1362833333333333,3.886283333333333,21.971830985915492,6.338028169014084,11.675544568271846,5.337516399257762,61.39319922659242,0,0,0.0,0.0,27.0,False,OK,0.0
MASS1164,0.29577464788732394,1.7413972232899046,5.887581088265868,142,158.18,42.0,2.7225,63.0,2.3,100.0,0.05,2.3,C,Z,C-Z,0.75,0.0005,0.0425,2.3425,15.380281690140844,4.436619718309859,8.985650038614992,4.549030320305133,66.16018569736116,0,0,0.0,0.0,63.0,False,OK,0.0
MASS2619,0.09154929577464789,0.7709709230699682,8.421374698148883,142,511.71999999999997,13.0,32.18,47.0,14.75,2.0,0.0697376,14.75,C,Z,C-Z,0.75,0.0348688,2.963848,17.713848,4.76056338028169,1.3732394366197183,3.3872371955532374,2.0139977589335194,13.385268564715252,0,0,0.0,0.0,47.0,False,OK,0.0
MASS2626,0.2887323943661972,1.3867712688085256,4.802963906605138,142,507.21000000000004,41.0,6.74,59.0,,1.0,0.05,6.74,C,Z,C-Z,0.75,0.05,4.25,10.99,15.014084507042254,4.330985915492958,7.953631263014442,3.622645347521484,30.179007448386127,0,0,0.0,0.0,59.0,False,OK,0.0
MASS1191,1.0422535211267605,2.55124288841669,2.447814122670067,142,505.48,148.0,0.8873469387755102,59.0,0.65,40.0,0.02511,0.65,C,Z,C-Z,0.75,0.00062775,0.05335875,0.70335875,54.197183098591545,15.633802816901408,22.298382901590262,6.664580084688854,226.64924698346755,0,0,0.0,0.0,59.0,False,OK,0.0
MASS1998,1.2887323943661972,4.727437621681159,3.6682849304848335,142,798.22,183.0,1.1597101449275362,67.0,1.0,100.0,0.07,1.0,B,Z,B-Z,0.85,0.0007000000000000001,0.05950000000000001,1.0595,67.01408450704226,19.33098591549296,38.30734248564485,18.976356570151893,205.34632479812348,0,0,0.0,0.0,67.0,False,OK,0.0
MASS2337,0.14788732394366197,1.8753616506016642,12.681016875496967,142,504.51,21.0,8.58,128.0,5.47,16.0,0.19095,5.47,C,Z,C-Z,0.75,0.011934375,1.014421875,6.484421875,7.690140845070422,2.2183098591549295,7.117293787708153,4.898983928553223,28.11809451180842,0,0,0.0,0.0,128.0,False,OK,0.0
MASS2460,0.23943661971830985,2.853216618208742,11.916375287812983,142,829.62,34.0,6.068695652173914,80.0,8.0,6.0,0.14332575,8.0,B,Z,B-Z,0.85,0.023887625,2.030448125,10.030448125,12.450704225352112,3.5915492957746475,15.044615470713957,11.453066174939309,28.76677394046152,0,0,0.0,0.0,80.0,False,OK,0.0
MASS1424,8.204225352112676,30.91203229949507,3.7678185292088413,142,2140.7,1165.0,0.49354838709677423,624.0,,1.0,0.05,0.49354838709677423,B,Z,B-Z,0.85,0.05,4.25,4.743548387096774,426.61971830985914,123.06338028169014,247.14703704597895,124.0836567642888,244.8629995591931,0,0,0.0,0.0,624.0,False,OK,0.0
MASS2387,0.19014084507042253,1.1665132538944158,6.1349956315928535,142,147.71,27.0,3.57,32.0,2.75,60.0,0.098423,2.75,C,Z,C-Z,0.75,0.0016403833333333332,0.13943258333333333,2.8894325833333334,9.887323943661972,2.852112676056338,5.89938074909155,3.0472680730352124,47.762546029026474,0,0,0.0,0.0,32.0,False,OK,0.0
MASS1723,1.323943661971831,2.680503011370559,2.024635253269252,142,2128.69,188.0,3.933283582089553,75.0,4.4,60.0,0.01875,4.4,B,Z,B-Z,0.85,0.0003125,0.0265625,4.4265625,68.84507042253522,19.859154929577464,30.618933270776335,10.75977834119887,101.82572113424665,0,0,0.0,0.0,75.0,False,OK,0.0
MASS3032,0.11971830985915492,0.9783644940452769,8.172221067907607,142,147.0,17.0,2.3785714285714286,303.0,5.3,16.0,0.05,5.3,C,Z,C-Z,0.75,0.003125,0.265625,5.565625,6.225352112676056,1.7957746478873238,4.35154405431472,2.5557694064273964,27.307337642967827,0,0,0.0,0.0,303.0,False,OK,0.0
MASS2475,2.943661971830986,11.670885547959891,3.9647505928476185,142,4152.5,418.0,3.3339655172413796,430.0,3.8,16.0,0.05,3.8,A,Z,A-Z,0.9,0.003125,0.265625,4.065625,153.07042253521126,44.15492957746479,102.08252818149519,57.9275986040304,158.4296095407362,0,0,0.0,0.0,430.0,False,OK,0.0
MASS2309,0.2535211267605634,1.9476722594027334,7.68248502319967,142,4110.96,36.0,54.73857142857143,17.0,25.4,1.0,0.19836,25.4,A,Z,A-Z,0.9,0.19836,16.8606,42.2606,13.183098591549296,3.8028169014084505,13.469947676639856,9.667130775231406,14.420997153585173,0,0,0.0,0.0,17.0,False,OK,0.0
MASS1361,15.267605633802816,29.798832737612788,1.9517685649174428,142,4059.45,2168.0,0.6965400843881856,1049.0,0.5,70.0,0.05,0.5,A,Z,A-Z,0.9,0.0007142857142857143,0.060714285714285714,0.5607142857142857,793.9154929577464,229.01408450704224,376.9184414300535,147.90435692301128,971.5623988256019,0,0,0.0,0.0,1049.0,False,OK,0.0
MASS1840,2.323943661971831,9.429506500759588,4.057545221538974,142,4058.99,330.0,6.065,256.0,5.0,10.0,0.17496,5.0,A,Z,A-Z,0.9,0.017496,1.48716,6.48716,120.84507042253522,34.859154929577464,81.6618303020199,46.80267537244243,111.44011081213371,0,0,0.0,0.0,256.0,False,OK,0.0
MASS2324,1.5704225352112675,5.9874548368263,3.812639402822129,142,3795.39,223.0,5.117014925373134,182.0,4.5,100.0,0.05922,4.5,A,Z,A-Z,0.9,0.0005922,0.050337,4.550337,81.6619718309859,23.556338028169012,53.27463823959238,29.718300211423365,109.38115895958528,0,0,0.0,0.0,182.0,False,OK,0.0
MASS2055,0.3380281690140845,1.051087406826631,3.1094669118621168,142,772.81,48.0,4.890000000000001,17.0,,1.0,0.05,4.890000000000001,B,Z,B-Z,0.85,0.05,4.25,9.14,17.577464788732392,5.070422535211268,9.289581203082886,4.219158667871618,35.806295455104866,0,0,0.0,0.0,17.0,False,OK,0.0
MASS2058,0.8873239436619719,2.821142546948448,3.179382870370473,142,771.09,126.0,2.241044776119403,183.0,1.6,100.0,0.1296,1.6,B,Z,B-Z,0.85,0.0012959999999999998,0.11015999999999998,1.7101600000000001,46.140845070422536,13.309859154929578,24.63417714499588,11.324317990066303,134.115437464125,0,0,0.0,0.0,183.0,False,OK,0.0
MASS3058,0.2605633802816901,1.6913613530085474,6.491170598032804,142,132.0,37.0,1.1,523.0,1.1,70.0,0.05,1.1,C,Z,C-Z,0.75,0.0007142857142857143,0.060714285714285714,1.1607142857142858,13.549295774647886,3.908450704225352,8.326772942555522,4.41832223833017,88.2165496061433,0,0,0.0,0.0,523.0,False,OK,0.0
MASS1415,6.309859154929577,18.72086221971428,2.9669223607136472,142,2118.67,896.0,1.0605882352941176,220.0,,1.0,0.05,1.0605882352941176,B,Z,B-Z,0.85,0.05,4.25,5.310588235294118,328.112676056338,94.64788732394365,169.7950992411786,75.14721191723496,202.95257244470687,0,0,0.0,0.0,220.0,False,OK,0.0
MASS2147,0.6338028169014085,5.613407042742381,8.8567088896602,142,145.5,90.0,1.41,310.0,0.85,50.0,0.0625,0.85,C,Z,C-Z,0.75,0.00125,0.10625,0.9562499999999999,32.95774647887324,9.507042253521128,24.17087569492679,14.66383344140566,151.5819189587127,0,0,0.0,0.0,310.0,False,OK,0.0
MASS2593,0.2746478873239437,2.3674637540858776,8.619996232825502,142,499.67,39.0,5.464761904761905,110.0,4.35,50.0,0.16875,4.35,C,Z,C-Z,0.75,0.0033750000000000004,0.28687500000000005,4.636875,14.281690140845072,4.119718309859155,10.304214446365949,6.184496136506794,45.31390391157474,0,0,0.0,0.0,110.0,False,OK,0.0
MASS2159,0.39436619718309857,3.040991221564016,7.711084883251613,142,142.37,56.0,1.41,74.0,1.0,50.0,0.0376125,1.0,C,Z,C-Z,0.75,0.00075225,0.06394125,1.06394125,20.507042253521124,5.915492957746478,13.85943652539593,7.943943567649452,113.35666491821758,0,0,0.0,0.0,74.0,False,OK,0.0
MASS2174,0.18309859154929578,0.7007566155109771,3.827209207790721,142,141.38,26.0,1.1700000000000002,35.0,1.2,100.0,0.018,1.2,C,Z,C-Z,0.75,0.00017999999999999998,0.0153,1.2153,9.52112676056338,2.7464788732394365,4.57705666932172,1.830577796082283,72.26979039530586,0,0,0.0,0.0,35.0,False,OK,0.0
MASS1838,2.528169014084507,10.659590069674403,4.216328105553663,142,4403.0599999999995,359.0,6.114285714285714,319.0,5.0,10.0,0.17496,5.0,A,Z,A-Z,0.9,0.017496,1.48716,6.48716,131.46478873239437,37.92253521126761,90.8306416529031,52.90810644163549,116.23362692019492,0,0,0.0,0.0,319.0,False,OK,0.0
MASS1839,2.352112676056338,9.010000104768215,3.830598846937385,142,4335.66,334.0,7.108510638297871,241.0,5.0,10.0,0.17496,5.0,A,Z,A-Z,0.9,0.017496,1.48716,6.48716,122.30985915492957,35.28169014084507,80.00217577550367,44.7204856346586,112.11347108354232,0,0,0.0,0.0,241.0,False,OK,0.0
MASS2136,3.1971830985915495,11.94267598736928,3.7353744277674834,142,4307.95,454.0,4.786533333333334,328.0,3.7,1.0,0.006,3.7,A,Z,A-Z,0.9,0.006,0.51,4.21,166.25352112676057,47.95774647887324,107.2343573248472,59.276610845973956,162.25524652235984,0,0,0.0,0.0,328.0,False,OK,0.0
MASS2196,0.6619718309859155,1.8291854713403395,2.7632376269183854,142,490.3,94.0,1.0252459016393443,320.0,0.8,100.0,0.05,0.8,C,Z,C-Z,0.75,0.0005,0.0425,0.8425,34.42253521126761,9.929577464788732,14.707935934241496,4.778358469452764,165.04061835271156,0,0,0.0,0.0,320.0,False,OK,0.0
MASS1658,0.5211267605633803,2.717733488985102,5.2151102085930345,142,148.64,74.0,0.8678947368421054,44.0,,1.0,0.05,0.8678947368421054,C,Z,C-Z,0.75,0.05,4.25,5.117894736842105,27.098591549295772,7.816901408450704,14.916402819475813,7.099501411025109,59.413078410136805,0,0,0.0,0.0,44.0,False,OK,0.0
MASS1126,3.063380281690141,5.6307347929254234,1.8380789438974945,142,1503.6000000000001,435.0,1.3939810426540284,200.0,1.23,200.0,0.084672,1.23,B,Z,B-Z,0.85,0.00042336,0.0359856,1.2659856,159.29577464788733,45.95070422535211,68.55297626644045,22.60227204108834,289.62904727525756,0,0,0.0,0.0,200.0,False,OK,0.0
MASS1665,1.267605633802817,7.304827407010324,5.762697176641477,142,820.16,180.0,2.8017241379310347,92.0,,1.0,0.05,2.8017241379310347,B,Z,B-Z,0.85,0.05,4.25,7.051724137931035,65.91549295774648,19.014084507042256,48.33631372548948,29.322229218447227,78.94060771318917,0,0,0.0,0.0,92.0,False,OK,0.0
MASS1669,0.7535211267605634,4.418187137804019,5.8633885380202875,142,483.78,107.0,3.0352941176470587,178.0,,1.0,0.05,3.0352941176470587,C,Z,C-Z,0.75,0.05,4.25,7.285294117647059,39.183098591549296,11.30281690140845,22.84439224208917,11.54157534068072,59.879782496296116,0,0,0.0,0.0,178.0,False,OK,0.0
MASS2584,0.5352112676056338,3.05890624273742,5.7153248219567585,142,814.81,76.0,4.71,66.0,1.45,24.0,0.1566,1.45,B,Z,B-Z,0.85,0.0065249999999999996,0.5546249999999999,2.004625,27.830985915492956,8.028169014084506,20.30689170111308,12.278722687028575,96.20598603644261,0,0,0.0,0.0,66.0,False,OK,0.0
MASS2036,0.7746478873239436,2.4185874964479224,3.1221765863236817,142,2074.21,110.0,8.979000000000001,26.0,,1.0,0.05,8.979000000000001,B,Z,B-Z,0.85,0.05,4.25,13.229000000000001,40.28169014084507,11.619718309859154,21.3281443963752,9.708426086516047,45.055177444788214,0,0,0.0,0.0,26.0,False,OK,0.0
MASS2295,0.23943661971830985,1.477632654590408,6.17128932211288,142,821.91,34.0,4.141935483870968,51.0,,1.0,0.05,4.141935483870968,B,Z,B-Z,0.85,0.05,4.25,8.391935483870968,12.450704225352112,3.5915492957746475,9.522898660303358,5.93134936452871,31.44997180392769,0,0,0.0,0.0,51.0,False,OK,0.0
MASS1535,1.4929577464788732,3.5405382426754506,2.3714925965090283,142,1540.54,212.0,3.271938775510204,69.0,3.29,1.0,0.001,3.29,B,Z,B-Z,0.85,0.001,0.085,3.375,77.63380281690141,22.3943661971831,36.60640272097241,14.212036523789312,123.8348584259022,0,0,0.0,0.0,69.0,False,OK,0.0
MASS2733,0.1267605633802817,0.8901283271064969,7.022123469395698,142,2016.18,18.0,61.68,22.0,46.0,4.0,0.114048,46.0,B,Z,B-Z,0.85,0.028512,2.42352,48.423519999999996,6.591549295774648,1.9014084507042253,5.474463005860643,3.5730545551564177,9.526205472762468,0,0,0.0,0.0,22.0,False,OK,0.0
MASS2015,0.028169014084507043,0.16604117970944665,5.894461879685356,142,1532.64,4.0,319.3,6.0,77.0,1.0,0.05,77.0,B,Z,B-Z,0.85,0.05,4.25,81.25,1.4647887323943662,0.4225352112676056,1.0890393269527174,0.6665041156851118,3.466811120139516,0,0,0.0,0.0,6.0,False,OK,0.0
MASS0406,2.76056338028169,8.569225473300753,3.1041582071650686,142,1530.99,392.0,2.059565217391304,135.0,2.35,100.0,0.05,2.35,B,Z,B-Z,0.85,0.0005,0.0425,2.3925,143.54929577464787,41.40845070422535,75.80608661709347,34.39763591286812,199.99950942095728,0,0,0.0,0.0,135.0,False,OK,0.0
MASS1877,0.13380281690140844,0.9692350807178498,7.2437569190491935,142,1527.22,19.0,48.44,30.0,40.0,4.0,0.061408,40.0,B,Z,B-Z,0.85,0.015352,1.3049199999999999,41.30492,6.957746478873239,2.0070422535211265,5.897638378502075,3.890596124980948,10.597118186001692,0,0,0.0,0.0,30.0,False,OK,0.0
MASS2410,0.8943661971830986,2.957638857201705,3.3069662812806464,142,2007.26,127.0,6.709275362318841,31.0,,1.0,0.05,6.709275362318841,B,Z,B-Z,0.85,0.05,4.25,10.959275362318841,46.50704225352113,13.41549295774648,25.28771932041544,11.872226362668961,53.1891207246264,0,0,0.0,0.0,31.0,False,OK,0.0
MASS2248,0.19014084507042253,0.9743744936013266,5.124488077458829,142,525.77,27.0,7.786666666666666,15.0,7.0,40.0,0.055575,7.0,C,Z,C-Z,0.75,0.001389375,0.118096875,7.118096875,9.887323943661972,2.852112676056338,5.397459053920917,2.545346377864579,30.430690360810292,0,0,0.0,0.0,15.0,False,OK,0.0
MASS1913,0.5070422535211268,2.678378039072863,5.28235668817148,142,522.16,72.0,3.4535714285714287,171.0,1.45,48.0,0.196883,1.45,C,Z,C-Z,0.75,0.004101729166666667,0.34864697916666665,1.7986469791666666,26.366197183098592,7.605633802816901,14.602327461236435,6.996693658419534,98.85648218400796,0,0,0.0,0.0,171.0,False,OK,0.0
MASS2157,0.39436619718309857,3.040991221564016,7.711084883251613,142,140.2,56.0,1.41,95.0,1.0,50.0,0.0376125,1.0,C,Z,C-Z,0.75,0.00075225,0.06394125,1.06394125,20.507042253521124,5.915492957746478,13.85943652539593,7.943943567649452,113.35666491821758,0,0,0.0,0.0,95.0,False,OK,0.0
MASS2169,0.38028169014084506,1.2867706258273688,3.3837301642127104,142,460.15999999999997,54.0,2.656060606060606,71.0,2.58,100.0,0.0324,2.58,C,Z,C-Z,0.75,0.00032399999999999996,0.027539999999999995,2.60754,19.774647887323944,5.704225352112676,9.065640263012774,3.3614149109000984,71.1038735147933,0,0,0.0,0.0,71.0,False,OK,0.0
MASS2011,0.24647887323943662,0.8267394704698476,3.3542001373348103,142,139.75,35.0,0.65,12.0,,1.0,0.05,0.65,C,Z,C-Z,0.75,0.05,4.25,4.9,12.816901408450704,3.6971830985915495,5.856864340677833,2.159681242086284,41.7587848241935,0,0,0.0,0.0,12.0,False,OK,0.0
MASS2704,0.014084507042253521,0.11825657242363519,8.396216642078098,142,459.98,2.0,67.44,3.0,45.0,1.0,0.05,45.0,C,Z,C-Z,0.75,0.05,4.25,49.25,0.7323943661971831,0.2112676056338028,0.520187779811041,0.3089201741772382,3.1486453804678556,0,0,0.0,0.0,3.0,False,OK,0.0
MASS1660,0.45774647887323944,1.9808417131911398,4.327377281125259,142,136.31,65.0,0.9904761904761905,37.0,,1.0,0.05,0.9904761904761905,C,Z,C-Z,0.75,0.05,4.25,5.2404761904761905,23.802816901408452,6.866197183098592,12.040725368005166,5.174528184906574,55.02792951752022,0,0,0.0,0.0,37.0,False,OK,0.0
MASS2000,0.15492957746478872,3.694534538476856,23.84654111198698,142,135.29,22.0,4.281333333333333,25.0,,1.0,0.05,4.281333333333333,C,Z,C-Z,0.75,0.05,4.25,8.531333333333333,8.056338028169014,2.323943661971831,11.97513031265126,9.651186650679428,25.09081423525285,0,0,0.0,0.0,25.0,False,OK,0.0
MASS1659,0.47183098591549294,2.0130554807045846,4.2664757949261345,142,132.76,67.0,0.9810000000000001,35.0,,1.0,0.05,0.9810000000000001,C,Z,C-Z,0.75,0.05,4.25,5.231,24.535211267605632,7.077464788732394,12.33614459808745,5.258679809355057,55.9186800520928,0,0,0.0,0.0,35.0,False,OK,0.0
MASS2690,0.36619718309859156,3.1113584482452654,8.496401916362071,142,119.6,52.0,0.52,128.0,,1.0,0.05,0.52,C,Z,C-Z,0.75,0.05,4.25,4.77,19.04225352112676,5.492957746478873,13.620720745701806,8.127762999222934,51.588672477977944,0,0,0.0,0.0,128.0,False,OK,0.0
MASS2284,0.07746478873239436,0.5336073364671025,6.8883856162116865,142,118.82,11.0,4.9,34.0,4.55,50.0,0.031768,4.55,C,Z,C-Z,0.75,0.00063536,0.054005599999999994,4.6040056,4.028169014084507,1.1619718309859155,2.555907643138066,1.3939358121521503,24.15128767927698,0,0,0.0,0.0,34.0,False,OK,0.0
MASS2476,3.1619718309859155,13.226685536017875,4.183049768629261,142,4426.43,449.0,2.6656521739130437,405.0,3.8,16.0,0.05,3.8,A,Z,A-Z,0.9,0.003125,0.265625,4.065625,164.42253521126761,47.429577464788736,113.07927709071907,65.64969962593034,164.19933029861224,0,0,0.0,0.0,405.0,False,OK,0.0
MASS2371,0.2112676056338028,1.0574355833740965,5.00519509463739,142,459.87,30.0,8.591666666666667,48.0,9.54,40.0,0.06185875,9.54,C,Z,C-Z,0.75,0.0015464687499999999,0.13144984375,9.671449843749999,10.985915492957746,3.169014084507042,5.931339914710517,2.7623258302034746,27.51862344307972,0,0,0.0,0.0,48.0,False,OK,0.0
MASS3034,0.1056338028169014,0.935567840457063,8.856708889660196,142,129.09,15.0,3.3299999999999996,305.0,5.3,16.0,0.05,5.3,C,Z,C-Z,0.75,0.003125,0.265625,5.565625,5.492957746478873,1.584507042253521,4.028479282487796,2.4439722402342747,25.650777235335518,0,0,0.0,0.0,305.0,False,OK,0.0
MASS1650,0.5492957746478874,3.0633441717727035,5.576857338355434,142,459.72,78.0,2.9939999999999998,132.0,,1.0,0.05,2.9939999999999998,C,Z,C-Z,0.75,0.05,4.25,7.244,28.563380281690144,8.23943661971831,16.24177252134397,8.002335901625662,51.27078307656517,0,0,0.0,0.0,132.0,False,OK,0.0
MASS1911,0.704225352112676,2.564871064997601,3.642116912296594,142,456.29,100.0,1.769622641509434,51.0,1.45,150.0,0.104832,1.45,C,Z,C-Z,0.75,0.0006988799999999999,0.059404799999999994,1.5094048,36.61971830985915,10.56338028169014,17.263561082658946,6.7001808009688055,127.17712609695694,0,0,0.0,0.0,51.0,False,OK,0.0
MASS2680,0.035211267605633804,0.41959067914834447,11.916375287812983,142,125.0,5.0,13.62,20.0,,1.0,0.05,13.62,C,Z,C-Z,0.75,0.05,4.25,17.869999999999997,1.8309859154929577,0.5281690140845071,1.6242605295844603,1.0960915154999533,8.26484277049491,0,0,0.0,0.0,20.0,False,OK,0.0
MASS1947,0.323943661971831,1.139548845496147,3.5177377404446277,142,455.12,46.0,3.7144,27.0,3.8,20.0,0.0532,3.8,C,Z,C-Z,0.75,0.00266,0.2261,4.0261,16.845070422535212,4.859154929577465,7.835984213729646,2.9768292841521813,52.81393262846711,0,0,0.0,0.0,27.0,False,OK,0.0
MASS2131,3.4014084507042255,11.776921691470156,3.4623662115709357,142,4930.5,483.0,5.114358974358974,256.0,6.8,24.0,0.070602,6.8,A,Z,A-Z,0.9,0.00294175,0.25004875,7.05004875,176.8732394366197,51.021126760563384,109.47502811458996,58.45390135402658,129.3270512422694,0,0,0.0,0.0,256.0,False,OK,0.0
MASS0702,9.112676056338028,11.983498460012617,1.3150361524897927,142,4250.7,1294.0,0.8629664179104478,502.0,0.59,50.0,0.036465,0.59,A,Z,A-Z,0.9,0.0007293,0.0619905,0.6519904999999999,473.85915492957747,136.69014084507043,196.1693710895116,59.47923024444117,696.078747792615,0,0,0.0,0.0,502.0,False,OK,0.0
MASS2114,1.119718309859155,5.842473966373106,5.2178069385218935,142,4233.7300000000005,159.0,15.555573770491803,110.0,15.0,50.0,0.04557,15.0,A,Z,A-Z,0.9,0.0009114,0.077469,15.077469,58.22535211267606,16.795774647887324,45.79447276619071,28.998698118303384,50.73950314201819,0,0,0.0,0.0,110.0,False,OK,0.0
MASS2321,0.9507042253521126,4.177493674592292,4.3941044577193,142,1964.73,135.0,5.245223880597015,49.0,4.8,46.0,0.054756,4.8,B,Z,B-Z,0.85,0.0011903478260869565,0.1011795652173913,4.901179565217391,49.436619718309856,14.26056338028169,31.029395860492464,16.768832480210776,82.00275573922013,0,0,0.0,0.0,49.0,False,OK,0.0
MASS2615,0.4225352112676056,2.337859673582079,5.53293456081092,142,826.68,60.0,8.35,140.0,5.35,20.0,0.120064,5.35,B,Z,B-Z,0.85,0.0060032,0.5102720000000001,5.860272,21.971830985915492,6.338028169014084,15.722405569026357,9.384377400012273,49.99523433527956,0,0,0.0,0.0,140.0,False,OK,0.0
MASS2469,5.436619718309859,35.07347197982555,6.451338110278793,142,824.67,772.0,0.5605263157894737,1032.0,0.65,270.0,0.05,0.65,B,Z,B-Z,0.85,0.0001851851851851852,0.015740740740740743,0.6657407407407407,282.70422535211264,81.54929577464789,222.33734285324977,140.7880470786019,532.0689957213792,0,0,0.0,0.0,1032.0,False,OK,0.0
MASS2400,0.6338028169014085,4.162444169522178,6.56741191191277,142,824.0,90.0,4.492857142857143,289.0,4.5,10.0,0.05,4.5,B,Z,B-Z,0.85,0.005,0.425,4.925,32.95774647887324,9.507042253521128,26.215464677107352,16.708422423586224,66.79285500241554,0,0,0.0,0.0,289.0,False,OK,0.0
MASS2315,0.8309859154929577,3.353778077015703,4.035902431662964,142,865.72,118.0,1.6153424657534248,74.0,1.5,96.0,0.050715,1.5,B,Z,B-Z,0.85,0.00052828125,0.04490390625,1.54490390625,43.2112676056338,12.464788732394366,25.927153281580303,13.462364549185937,136.55328056213895,0,0,0.0,0.0,74.0,False,OK,0.0
MASS1614,0.7887323943661971,2.308881974123521,2.9273325029066073,142,859.0699999999999,112.0,3.61109375,71.0,3.75,1.0,0.001269,3.75,B,Z,B-Z,0.85,0.001269,0.10786499999999999,3.857865,41.01408450704225,11.830985915492956,21.099044243417133,9.268058327924177,84.18745256712256,0,0,0.0,0.0,71.0,False,OK,0.0
MASS0020,3.359154929577465,8.636342104997347,2.570986538594598,142,858.13,477.0,0.7798473282442748,256.0,0.8,300.0,0.027,0.8,B,Z,B-Z,0.85,9e-05,0.0076500000000000005,0.8076500000000001,174.6760563380282,50.387323943661976,85.0543720067869,34.66704806312493,379.71649279652405,0,0,0.0,0.0,256.0,False,OK,0.0
MASS1053,0.823943661971831,2.35591693845878,2.859317993685015,142,856.58,117.0,2.643684210526316,46.0,3.5,80.0,0.0387,3.5,B,Z,B-Z,0.85,0.00048374999999999997,0.041118749999999996,3.54111875,42.845070422535215,12.359154929577464,21.816015802541436,9.456860872963972,89.81203884460363,0,0,0.0,0.0,46.0,False,OK,0.0
MASS1055,1.1126760563380282,3.6185075712581316,3.252076424801612,142,482.92,158.0,0.7945762711864407,160.0,0.6,60.0,0.004218,0.6,C,Z,C-Z,0.75,7.03e-05,0.0059755,0.6059755,57.85915492957747,16.690140845070424,26.142723194322613,9.45258234925219,252.2974614155961,0,0,0.0,0.0,160.0,False,OK,0.0
MASS2318,0.056338028169014086,0.5160494765345135,9.159878208487614,142,840.66,8.0,60.6,6.0,59.0,10.0,0.032,59.0,B,Z,B-Z,0.85,0.0032,0.272,59.272,2.9295774647887325,0.8450704225352113,2.9165390823536548,2.0714686598184437,5.740266726078558,0,0,0.0,0.0,6.0,False,OK,0.0
MASS2277,0.5774647887323944,2.541357049841628,4.400886598506234,142,838.33,82.0,3.5170000000000003,20.0,,1.0,0.05,3.5170000000000003,B,Z,B-Z,0.85,0.05,4.25,7.767,30.028169014084508,8.661971830985916,18.86320586286175,10.201234031875835,50.768244194647046,0,0,0.0,0.0,20.0,False,OK,0.0
MASS0153,3.119718309859155,11.86775976778699,3.8041126117962816,142,837.74,443.0,0.7470588235294119,172.0,0.8,300.0,0.05,0.8,B,Z,B-Z,0.85,0.0001666666666666667,0.014166666666666668,0.8141666666666667,162.22535211267606,46.79577464788733,94.43402163597587,47.63824698808854,364.4660452600957,0,0,0.0,0.0,172.0,False,OK,0.0
MASS2165,0.9366197183098591,8.152982997349465,8.70468861371146,142,482.59000000000003,133.0,2.12,56.0,1.6,90.0,0.08505,1.6,C,Z,C-Z,0.75,0.000945,0.080325,1.680325,48.70422535211267,14.049295774647886,35.34723191457509,21.297936139927202,139.00840049142067,0,0,0.0,0.0,56.0,False,OK,0.0
MASS2466,0.49295774647887325,3.161709024506966,6.4137525925712735,142,884.24,70.0,6.102727272727273,151.0,3.9,8.0,0.05,3.9,B,Z,B-Z,0.85,0.00625,0.53125,4.43125,25.633802816901408,7.394366197183099,20.085748426098696,12.691382228915597,62.100881352006816,0,0,0.0,0.0,151.0,False,OK,0.0
MASS2379,1.2887323943661972,4.073057968978525,3.160514926748364,142,882.82,183.0,2.000759493670886,212.0,1.78,100.0,0.06924275,1.78,B,Z,B-Z,0.85,0.0006924275000000001,0.05885633750000001,1.8388563375,67.01408450704226,19.33098591549296,35.680604151756185,16.349618236263225,155.870351411267,0,0,0.0,0.0,212.0,False,OK,0.0
MASS3001,0.3873239436619718,2.4111107812128396,6.22504965331315,142,479.48,55.0,4.74,145.0,4.74,10.0,0.05,4.74,C,Z,C-Z,0.75,0.005,0.425,5.165,20.140845070422536,5.809859154929577,12.108373877854362,6.298514722924785,50.986834750737415,0,0,0.0,0.0,145.0,False,OK,0.0
MASS1479,0.4014084507042254,1.444283714858716,3.5980401317532924,142,475.81,57.0,3.148571428571428,35.0,,1.0,0.05,3.148571428571428,C,Z,C-Z,0.75,0.05,4.25,7.398571428571428,20.87323943661972,6.021126760563381,9.794011156004647,3.772884395441266,43.36859597565392,0,0,0.0,0.0,35.0,False,OK,0.0
MASS2312,1.0633802816901408,5.473617949509911,5.147375820068923,142,122.58,151.0,0.16849056603773585,146.0,0.15,300.0,0.023345,0.15,C,Z,C-Z,0.75,7.781666666666667e-05,0.006614416666666667,0.15661441666666667,55.29577464788732,15.950704225352112,30.24936835612737,14.298664130775258,485.15942775391994,0,0,0.0,0.0,146.0,False,OK,0.0
MASS2731,0.4295774647887324,3.9953836612194857,9.300729178576509,142,475.14,61.0,3.7308333333333334,177.0,2.75,50.0,0.12,2.75,C,Z,C-Z,0.75,0.0024,0.204,2.954,22.338028169014084,6.443661971830986,16.880753046205243,10.437091074374257,71.00215693592745,0,0,0.0,0.0,177.0,False,OK,0.0
MASS1932,0.3591549295774648,1.0937705575504304,3.0454003759247277,142,470.46,51.0,3.84,32.0,3.5,100.0,0.072,3.5,C,Z,C-Z,0.75,0.0007199999999999999,0.0612,3.5612,18.67605633802817,5.387323943661972,8.244567175251547,2.8572432315895746,59.12876059484276,0,0,0.0,0.0,32.0,False,OK,0.0
MASS0906,1.1830985915492958,3.1389109515629734,2.6531271138210846,142,2158.72,168.0,7.479818181818182,72.0,7.2,40.0,0.05,7.2,A,Z,A-Z,0.9,0.00125,0.10625,7.30625,61.52112676056338,17.746478873239436,33.32623697374788,15.579758100508446,74.92370525525293,0,0,0.0,0.0,72.0,False,OK,0.0
MASS2471,1.3873239436619718,9.548568339125,6.8827243865774115,142,1818.05,197.0,2.9339999999999997,283.0,4.0,10.0,0.05,4.0,B,Z,B-Z,0.85,0.005,0.425,4.425,72.14084507042253,20.809859154929576,59.13866474438591,38.32880558945634,104.25294827205524,0,0,0.0,0.0,283.0,False,OK,0.0
MASS1999,1.0211267605633803,4.182822539286757,4.096281383301514,142,549.89,145.0,0.9951923076923077,49.0,1.0,100.0,0.07,1.0,C,Z,C-Z,0.75,0.0007000000000000001,0.05950000000000001,1.0595,53.098591549295776,15.316901408450704,26.243636734078045,10.926735325627341,182.7870360559825,0,0,0.0,0.0,49.0,False,OK,0.0
MASS1427,6.669014084507042,30.712513177656817,4.605255407842944,142,1500.27,947.0,0.4221818181818182,264.0,,1.0,0.05,0.4221818181818182,B,Z,B-Z,0.85,0.05,4.25,4.672181818181818,346.7887323943662,100.03521126760563,223.31798046836485,123.28276920075922,222.44722486508442,0,0,0.0,0.0,264.0,False,OK,0.0
MASS1597,1.2183098591549295,2.6634276353140494,2.186166035922515,142,547.63,173.0,1.0234666666666667,59.0,0.85,250.0,0.0882,0.85,C,Z,C-Z,0.75,0.0003528,0.029988,0.879988,63.352112676056336,18.274647887323944,25.232286791842377,6.957638904518433,219.07687971916775,0,0,0.0,0.0,59.0,False,OK,0.0
MASS2246,0.20422535211267606,1.182248923125813,5.788943002891912,142,545.0699999999999,29.0,0.5071428571428571,49.0,0.45,150.0,0.069888,0.45,C,Z,C-Z,0.75,0.00046592000000000004,0.039603200000000005,0.4896032,10.619718309859156,3.063380281690141,6.151754447859396,3.088374166169255,120.25101345482882,0,0,0.0,0.0,49.0,False,OK,0.0
MASS2103,0.6408450704225352,2.6666885175410826,4.161206258141029,142,1484.9,91.0,6.974912280701754,76.0,6.95,100.0,0.030336,6.95,B,Z,B-Z,0.85,0.00030335999999999997,0.0257856,6.9757856,33.32394366197183,9.612676056338028,20.317001786265617,10.70432572992759,56.433372420190985,0,0,0.0,0.0,76.0,False,OK,0.0
MASS0982,0.5070422535211268,1.8670205295540931,3.682179377731684,142,544.01,72.0,3.4319230769230766,37.0,,1.0,0.05,3.4319230769230766,C,Z,C-Z,0.75,0.05,4.25,7.681923076923077,26.366197183098592,7.605633802816901,12.482828324540217,4.8771945217233155,47.834709550453105,0,0,0.0,0.0,37.0,False,OK,0.0
MASS3029,0.1056338028169014,0.9047373074241,8.56484651028148,142,115.33,15.0,5.77,185.0,5.77,10.0,0.05,5.77,C,Z,C-Z,0.75,0.005,0.425,6.194999999999999,5.492957746478873,1.584507042253521,3.9479410642786537,2.3634340220251326,24.31290450401711,0,0,0.0,0.0,185.0,False,OK,0.0
MASS3005,0.09154929577464789,0.874419195910523,9.551348139945713,142,115.0,13.0,4.74,187.0,4.74,10.0,0.05,4.74,C,Z,C-Z,0.75,0.005,0.425,5.165,4.76056338028169,1.3732394366197183,3.6574738328012453,2.2842343961815272,24.788393593735485,0,0,0.0,0.0,187.0,False,OK,0.0
MASS1609,0.6197183098591549,1.8821008119086486,3.0370263101253197,142,114.42,88.0,0.41236842105263155,25.0,0.35,400.0,0.05,0.35,C,Z,C-Z,0.75,0.000125,0.010625,0.360625,32.225352112676056,9.295774647887324,14.212363203752966,4.916588555865642,244.07612004183358,0,0,0.0,0.0,25.0,False,OK,0.0
MASS2313,0.9295774647887324,6.005491443651572,6.460452916655479,142,541.96,132.0,1.2165517241379311,62.0,1.0,100.0,0.05145,1.0,C,Z,C-Z,0.75,0.0005145,0.0437325,1.0437325,48.33802816901408,13.943661971830986,29.63173262000383,15.688070648172845,175.7131370072387,0,0,0.0,0.0,62.0,False,OK,0.0
MASS1843,2.5985915492957745,8.919704745896615,3.4325151054669902,142,5197.95,369.0,8.213906249999999,236.0,5.0,10.0,0.17496,5.0,A,Z,A-Z,0.9,0.017496,1.48716,6.48716,135.1267605633803,38.978873239436616,83.25118437328064,44.27231113384402,117.84136064418202,0,0,0.0,0.0,236.0,False,OK,0.0
MASS1523,6.880281690140845,9.0102246052925,1.3095720511274667,142,5187.01,977.0,3.520769230769231,195.0,3.23,50.0,0.123984,3.23,A,Z,A-Z,0.9,0.0024796799999999997,0.21077279999999998,3.4407728,357.77464788732397,103.20422535211267,147.9258252789305,44.72159992681782,263.2880535041224,0,0,0.0,0.0,195.0,False,OK,0.0
MASS2374,0.6971830985915493,3.0942395269153105,4.43820214971691,142,869.72,99.0,3.1785714285714284,89.0,3.25,100.0,0.06122025,3.25,B,Z,B-Z,0.85,0.0006122025,0.0520372125,3.3020372125,36.25352112676056,10.457746478873238,22.8783001223335,12.420553643460261,85.55363878378303,0,0,0.0,0.0,89.0,False,OK,0.0
MASS0363,0.7605633802816901,1.8486321470491056,2.430608934083083,142,867.48,108.0,2.9634848484848484,43.0,3.03,50.0,0.02448,3.03,B,Z,B-Z,0.85,0.0004896,0.041616,3.0716159999999997,39.54929577464789,11.408450704225352,18.829025145771155,7.420574441545803,92.64890423693784,0,0,0.0,0.0,43.0,False,OK,0.0
MASS2596,0.36619718309859156,2.804451560749045,7.658310031276238,142,93.50999999999999,52.0,0.8622222222222222,49.0,0.68,200.0,0.11628,0.68,C,Z,C-Z,0.75,0.0005813999999999999,0.04941899999999999,0.729419,19.04225352112676,5.492957746478873,12.818991698441025,7.326033951962152,131.92436306708916,0,0,0.0,0.0,49.0,False,OK,0.0
MASS2061,3.3943661971830985,12.469513316942344,3.673591060178035,142,5049.58,482.0,5.095810055865922,261.0,,1.0,0.05,5.095810055865922,A,Z,A-Z,0.9,0.05,4.25,9.345810055865922,176.50704225352112,50.91549295774648,112.80702288862763,61.89152993088115,112.2087990258665,0,0,0.0,0.0,261.0,False,OK,0.0
MASS2594,0.3873239436619718,1.8056200347578915,4.661782635193102,142,111.93,55.0,1.6054545454545455,67.0,0.85,100.0,0.062868,0.85,C,Z,C-Z,0.75,0.00062868,0.053437799999999994,0.9034378,20.140845070422536,5.809859154929577,10.526657927323528,4.716798772393951,121.91133471693658,0,0,0.0,0.0,67.0,False,OK,0.0
MASS2283,0.07042253521126761,0.5279142328248588,7.496382106112995,142,110.56,10.0,4.9,36.0,4.55,50.0,0.031768,4.55,C,Z,C-Z,0.75,0.00063536,0.054005599999999994,4.6040056,3.6619718309859155,1.0563380281690142,2.4354018164435343,1.37906378827452,23.0273492842986,0,0,0.0,0.0,36.0,False,OK,0.0
MASS3050,0.24647887323943662,1.3484249794046421,5.470752773584548,142,110.53,35.0,0.8130434782608696,525.0,1.1,70.0,0.05,1.1,C,Z,C-Z,0.75,0.0007142857142857143,0.060714285714285714,1.1607142857142858,12.816901408450704,3.6971830985915495,7.219656910959263,3.5224738123677137,85.79919782502537,0,0,0.0,0.0,525.0,False,OK,0.0
MASS2404,1.028169014084507,6.354697443815663,6.180596143985097,142,539.35,146.0,1.8336000000000001,157.0,1.5,30.0,0.041664,1.5,C,Z,C-Z,0.75,0.0013888,0.118048,1.618048,53.46478873239437,15.422535211267604,32.022832352932724,16.60029714166512,148.42005818269962,0,0,0.0,0.0,157.0,False,OK,0.0
MASS1154,0.5070422535211268,2.305548284425854,4.54705356095099,142,105.17,72.0,0.8407692307692307,86.0,,1.0,0.05,0.8407692307692307,C,Z,C-Z,0.75,0.05,4.25,5.090769230769231,26.366197183098592,7.605633802816901,13.628388927558861,6.02275512474196,58.76062589214005,0,0,0.0,0.0,86.0,False,OK,0.0
MASS3052,0.2112676056338028,0.913499901326379,4.323899532944861,142,104.06,30.0,0.868421052631579,530.0,1.1,70.0,0.05,1.1,C,Z,C-Z,0.75,0.0007142857142857143,0.060714285714285714,1.1607142857142858,10.985915492957746,3.169014084507042,5.555338521661401,2.386324437154359,79.43462189076988,0,0,0.0,0.0,530.0,False,OK,0.0
MASS2450,0.1056338028169014,0.5920004130590044,5.604270576958576,142,103.91,15.0,4.542857142857143,68.0,,1.0,0.05,4.542857142857143,C,Z,C-Z,0.75,0.05,4.25,8.792857142857143,5.492957746478873,1.584507042253521,3.1309823625430626,1.5464753202895416,20.40762620745627,0,0,0.0,0.0,68.0,False,OK,0.0
MASS1656,5.485915492957746,10.312655528502129,1.8798422144381288,142,5639.27,779.0,3.9844444444444442,361.0,3.5,60.0,0.05,3.5,A,Z,A-Z,0.9,0.0008333333333333334,0.07083333333333333,3.5708333333333333,285.2676056338028,82.28873239436619,133.4748542650525,51.18612187068631,230.7787458221194,0,0,0.0,0.0,361.0,False,OK,0.0
MASS2627,0.31690140845070425,1.595070946241609,5.033334985917966,142,535.79,45.0,6.74,105.0,,1.0,0.05,6.74,C,Z,C-Z,0.75,0.05,4.25,10.99,16.47887323943662,4.753521126760564,8.920305132412391,4.166784005651827,31.61689964731294,0,0,0.0,0.0,105.0,False,OK,0.0
MASS1725,5.936619718309859,13.042872453029332,2.1970200336063646,142,1761.69,843.0,1.0194505494505495,363.0,1.0,96.0,0.024576,1.0,B,Z,B-Z,0.85,0.000256,0.021759999999999998,1.02176,308.70422535211264,89.04929577464789,141.40454996828836,52.35525419364048,448.79830598397706,0,0,0.0,0.0,363.0,False,OK,0.0
MASS2366,0.6197183098591549,2.437102087881131,3.932596550899098,142,2096.09,88.0,7.483243243243243,26.0,4.7,10.0,0.0682375,4.7,B,Z,B-Z,0.85,0.006823750000000001,0.58001875,5.28001875,32.225352112676056,9.295774647887324,19.07851995697247,9.782745309085147,63.78748420315317,0,0,0.0,0.0,26.0,False,OK,0.0
MASS2187,2.0140845070422535,6.373689174640977,3.1645589608357296,142,2087.47,286.0,4.126271186440678,122.0,1.9,1.0,0.002199375,1.9,B,Z,B-Z,0.85,0.002199375,0.18694687499999998,2.0869468749999998,104.73239436619718,30.211267605633804,55.795824848779944,25.58455724314614,182.91073282362436,0,0,0.0,0.0,122.0,False,OK,0.0
MASS1766,9.788732394366198,35.07779216749993,3.583486681859705,142,881.0,1390.0,0.611764705882353,933.0,,1.0,0.05,0.611764705882353,B,Z,B-Z,0.85,0.05,4.25,4.8617647058823525,509.0140845070423,146.83098591549296,287.63637461302665,140.8053886975337,264.1936055908346,0,0,0.0,0.0,933.0,False,OK,0.0
MASS1652,1.6690140845070423,5.435269416598031,3.2565749247127442,142,876.08,237.0,1.309,87.0,,1.0,0.05,1.309,B,Z,B-Z,0.85,0.05,4.25,5.559,86.78873239436619,25.035211267605632,46.85286784147,21.81765657386437,102.02056070490833,0,0,0.0,0.0,87.0,False,OK,0.0
MASS3009,0.39436619718309857,2.8878757229475243,7.322827726045508,142,468.0,56.0,4.74,144.0,4.74,10.0,0.05,4.74,C,Z,C-Z,0.75,0.005,0.425,5.165,20.507042253521124,5.915492957746478,13.459454811632106,7.543961853885628,51.44826347495197,0,0,0.0,0.0,144.0,False,OK,0.0
MASS0787,3.204225352112676,11.306521517614907,3.5286286934094875,142,900.18,455.0,1.0041836734693876,223.0,0.68,200.0,0.11628,0.68,B,Z,B-Z,0.85,0.0005813999999999999,0.04941899999999999,0.729419,166.61971830985914,48.063380281690144,93.44876683916635,45.38538655747621,390.23752861974987,0,0,0.0,0.0,223.0,False,OK,0.0
MASS0593,1.6901408450704225,5.6142967181648356,3.3217922249141942,142,2310.22,240.0,5.13710843373494,59.0,5.1,100.0,0.06912,5.1,A,Z,A-Z,0.9,0.0006912,0.058752,5.158752,87.88732394366197,25.352112676056336,53.21826948115223,27.86615680509589,106.57250298330047,0,0,0.0,0.0,59.0,False,OK,0.0
MASS2708,0.7464788732394366,4.795737794011699,6.424478931600578,142,896.17,106.0,3.2715686274509803,193.0,2.6,60.0,0.103936,2.6,B,Z,B-Z,0.85,0.0017322666666666666,0.14724266666666666,2.7472426666666667,38.816901408450704,11.19718309859155,30.447702656744163,19.25051955815261,97.05463738935569,0,0,0.0,0.0,193.0,False,OK,0.0
MASS1333,1.091549295774648,4.353045611212611,3.987951463175424,142,895.9,155.0,4.83375,155.0,3.5,20.0,0.085648,3.5,B,Z,B-Z,0.85,0.0042824000000000004,0.36400400000000005,3.864004,56.760563380281695,16.37323943661972,33.846753059657125,17.473513623037405,98.95982885172248,0,0,0.0,0.0,155.0,False,OK,0.0
MASS3025,0.7253521126760564,4.252899496867578,5.863220665584429,142,895.36,103.0,5.77,97.0,5.77,10.0,0.05,5.77,B,Z,B-Z,0.85,0.005,0.425,6.194999999999999,37.71830985915493,10.880281690140846,27.951799871459286,17.07151818131844,63.710325964953746,0,0,0.0,0.0,97.0,False,OK,0.0
MASS3020,0.352112676056338,2.6980349642036017,7.6624192983382295,142,442.53999999999996,50.0,4.72090909090909,150.0,5.77,10.0,0.05,5.77,C,Z,C-Z,0.75,0.005,0.425,6.194999999999999,18.309859154929576,5.28169014084507,12.329733340442097,7.048043199597027,44.38908745106374,0,0,0.0,0.0,150.0,False,OK,0.0
MASS2703,0.04929577464788732,0.3223905562546174,6.539922712593667,142,891.4000000000001,7.0,67.44,3.0,45.0,1.0,0.05,45.0,B,Z,B-Z,0.85,0.05,4.25,49.25,2.5633802816901405,0.7394366197183098,2.0335410881262157,1.294104468407906,5.890576123079599,0,0,0.0,0.0,3.0,False,OK,0.0
MASS0705,1.4507042253521127,3.4836547711245993,2.401354259707248,142,884.99,206.0,1.2835869565217393,108.0,1.4,200.0,0.065968,1.4,B,Z,B-Z,0.85,0.00032983999999999997,0.028036399999999996,1.4280363999999999,75.43661971830986,21.760563380281692,35.744264572019986,13.983701191738295,187.66178438591444,0,0,0.0,0.0,108.0,False,OK,0.0
MASS2734,0.36619718309859156,3.5838069089786453,9.78654963605707,142,442.28,52.0,4.052222222222222,247.0,4.58,50.0,0.05733,4.58,C,Z,C-Z,0.75,0.0011466,0.097461,4.677461,19.04225352112676,5.492957746478873,14.854891986998108,9.361934240519236,52.096488879788815,0,0,0.0,0.0,247.0,False,OK,0.0
MASS2601,2.3028169014084505,16.104705905184307,6.993480851792574,142,5537.03,327.0,8.399999999999999,141.0,5.5,9.0,0.105315,5.5,A,Z,A-Z,0.9,0.011701666666666668,0.9946416666666668,6.494641666666666,119.74647887323943,34.54225352112676,114.47679965970573,79.93454613857898,110.86849424186791,0,0,0.0,0.0,141.0,False,OK,0.0
MASS2342,0.5492957746478874,1.8240997577109952,3.3207969948071963,142,5437.22,78.0,25.722727272727273,20.0,12.2,4.0,0.13572,12.2,A,Z,A-Z,0.9,0.03393,2.8840500000000002,15.08405,28.563380281690144,8.23943661971831,17.29322419600573,9.053787576287421,35.530407608122914,0,0,0.0,0.0,20.0,False,OK,0.0
MASS3031,0.09154929577464789,0.8580443670641772,9.372484624854858,142,103.0,13.0,2.3785714285714286,307.0,5.3,16.0,0.05,5.3,C,Z,C-Z,0.75,0.003125,0.265625,5.565625,4.76056338028169,1.3732394366197183,3.61469807095002,2.241458634330302,23.879574041564602,0,0,0.0,0.0,307.0,False,OK,0.0
MASS2729,0.2112676056338028,2.354506727083049,11.144665174859766,142,101.19999999999999,30.0,2.7399999999999998,116.0,2.3,75.0,0.0594,2.3,C,Z,C-Z,0.75,0.0007920000000000001,0.06732,2.36732,10.985915492957746,3.169014084507042,9.319662740434117,6.150648655927075,55.62166868854944,0,0,0.0,0.0,116.0,False,OK,0.0
MASS2784,0.028169014084507043,0.23651314484727037,8.396216642078098,142,100.0,4.0,12.49,66.0,,1.0,0.05,12.49,C,Z,C-Z,0.75,0.05,4.25,16.740000000000002,1.4647887323943662,0.4225352112676056,1.040375559622082,0.6178403483544764,7.637727138492808,0,0,0.0,0.0,66.0,False,OK,0.0
MASS2111,0.5845070422535211,4.596086768660533,7.863184592166213,142,95.08,83.0,0.46,222.0,0.22,100.0,0.0432,0.22,C,Z,C-Z,0.75,0.00043200000000000004,0.03672,0.25672,30.3943661971831,8.767605633802816,20.773905968823698,12.006300335020882,280.9448427486048,0,0,0.0,0.0,222.0,False,OK,0.0
MASS2401,1.1126760563380282,8.415705169333886,7.563481861046911,142,440.79,158.0,1.9653846153846155,172.0,1.5,30.0,0.041664,1.5,C,Z,C-Z,0.75,0.0013888,0.118048,1.618048,57.85915492957747,16.690140845070424,38.67438284915633,21.984242004085907,154.3990817279422,0,0,0.0,0.0,172.0,False,OK,0.0
MASS0604,0.38028169014084506,1.6915828097841992,4.448236277580672,142,904.31,54.0,11.3175,27.0,9.5,40.0,0.08976,9.5,B,Z,B-Z,0.85,0.0022440000000000003,0.19074000000000002,9.69074,19.774647887323944,5.704225352112676,12.494389736130298,6.790164384017622,36.88334315139435,0,0,0.0,0.0,27.0,False,OK,0.0
MASS2649,0.22535211267605634,1.455702244304624,6.459678709101769,142,438.06,32.0,6.56,18.0,,1.0,0.05,6.56,C,Z,C-Z,0.75,0.05,4.25,10.809999999999999,11.71830985915493,3.380281690140845,7.182994568117876,3.802712877977031,26.88276974624105,0,0,0.0,0.0,18.0,False,OK,0.0
MASS2363,0.19014084507042253,1.1604175000180827,6.102936481576584,142,436.21999999999997,27.0,11.679999999999998,46.0,5.3,12.0,0.153076,5.3,C,Z,C-Z,0.75,0.012756333333333333,1.0842883333333333,6.384288333333333,9.887323943661972,2.852112676056338,5.883456887012473,3.031344210956135,32.13198131704544,0,0,0.0,0.0,46.0,False,OK,0.0
MASS2152,1.5070422535211268,4.278838708485917,2.839229423387852,142,2251.19,214.0,2.7372413793103445,89.0,1.7,60.0,0.134992,1.7,A,Z,A-Z,0.9,0.002249866666666667,0.1912386666666667,1.8912386666666667,78.36619718309859,22.6056338028169,43.84334110257594,21.23770729975904,166.20557514288575,0,0,0.0,0.0,89.0,False,OK,0.0
MASS2197,0.3591549295774648,2.368054380772257,6.593406315091382,142,2228.42,51.0,14.00404761904762,45.0,31.0,12.0,0.05,31.0,A,Z,A-Z,0.9,0.004166666666666667,0.3541666666666667,31.354166666666668,18.67605633802817,5.387323943661972,17.140991056426166,11.753667112764195,19.92733982004595,0,0,0.0,0.0,45.0,False,OK,0.0
MASS1425,6.457746478873239,30.946447278176294,4.792143417122174,142,1423.05,917.0,0.49828571428571433,348.0,,1.0,0.05,0.49828571428571433,B,Z,B-Z,0.85,0.05,4.25,4.748285714285714,335.80281690140845,96.86619718309859,221.08799874359028,124.22180156049168,217.13414162588913,0,0,0.0,0.0,348.0,False,OK,0.0
MASS2614,0.823943661971831,4.3078343537673955,5.22831177978607,142,1397.47,117.0,3.9853333333333327,123.0,2.68,24.0,0.07632,2.68,B,Z,B-Z,0.85,0.00318,0.2703,2.9503000000000004,42.845070422535215,12.359154929577464,29.651186529810253,17.29203160023279,98.39470122587531,0,0,0.0,0.0,123.0,False,OK,0.0
MASS2326,2.9859154929577465,9.797948776134639,3.2813885052149026,142,1394.19,424.0,0.8916931216931216,816.0,0.8,125.0,0.05016,0.8,B,Z,B-Z,0.85,0.00040128,0.0341088,0.8341088000000001,155.26760563380282,44.7887323943662,84.11857331691961,39.32984092255341,352.27631670429594,0,0,0.0,0.0,816.0,False,OK,0.0
MASS2602,0.9929577464788732,5.354783741682552,5.392760931339875,142,2225.98,141.0,8.2625,170.0,5.5,9.0,0.0105315,5.5,A,Z,A-Z,0.9,0.0011701666666666666,0.09946416666666666,5.5994641666666665,51.63380281690141,14.894366197183098,41.47244906200881,26.578082864825717,78.40580020265476,0,0,0.0,0.0,170.0,False,OK,0.0
MASS1993,4.274647887323944,18.229095427033762,4.2644671344955425,142,5759.61,607.0,5.09975,282.0,,1.0,0.05,5.09975,A,Z,A-Z,0.9,0.05,4.25,9.34975,222.2816901408451,64.11971830985917,154.5985186093244,90.47880029946523,125.89434317807807,0,0,0.0,0.0,282.0,False,OK,0.0
MASS1753,7.035211267605634,32.36766006433205,4.600808537672823,142,2195.05,999.0,1.353448275862069,1091.0,,1.0,0.05,1.353448275862069,A,Z,A-Z,0.9,0.05,4.25,5.603448275862069,365.830985915493,105.52816901408451,266.18271508544797,160.65454607136346,208.62527901060676,0,0,0.0,0.0,1091.0,False,OK,0.0
MASS2683,0.007042253521126761,0.08391813582966891,11.916375287812984,142,90.0,1.0,37.11,11.0,,1.0,0.05,37.11,C,Z,C-Z,0.75,0.05,4.25,41.36,0.36619718309859156,0.1056338028169014,0.32485210591689206,0.21921830309999066,2.4295263018198736,0,0,0.0,0.0,11.0,False,OK,0.0
MASS1534,0.6126760563380281,1.919842604176891,3.1335362045186037,142,86.59,87.0,0.4166666666666667,30.0,0.35,400.0,0.05,0.35,C,Z,C-Z,0.75,0.000125,0.010625,0.360625,31.859154929577464,9.190140845070422,14.205321815736482,5.01518097066606,242.68536159821062,0,0,0.0,0.0,30.0,False,OK,0.0
MASS2397,1.5845070422535212,7.017953630476945,4.42910851345656,142,2104.14,225.0,5.545000000000001,197.0,3.7,30.0,0.05,3.7,B,Z,B-Z,0.85,0.0016666666666666668,0.14166666666666666,3.841666666666667,82.3943661971831,23.76760563380282,51.93829790776307,28.170692273960253,119.57579844746375,0,0,0.0,0.0,197.0,False,OK,0.0
MASS2591,0.2605633802816901,2.1260944698051425,8.159605803035953,142,903.58,37.0,9.801818181818183,200.0,6.35,10.0,0.112518,6.35,B,Z,B-Z,0.85,0.011251800000000001,0.9564030000000001,7.3064029999999995,13.549295774647886,3.908450704225352,12.442783674758095,8.534332970532743,35.16097591222237,0,0,0.0,0.0,200.0,False,OK,0.0
MASS2167,0.39436619718309857,1.2601798052438,3.1954559347253504,142,405.41,56.0,2.6254545454545455,58.0,2.58,100.0,0.0324,2.58,C,Z,C-Z,0.75,0.00032399999999999996,0.027539999999999995,2.60754,20.507042253521124,5.915492957746478,9.207444998568075,3.291952040821597,72.40864057469024,0,0,0.0,0.0,58.0,False,OK,0.0
MASS0507,0.04225352112676056,0.31223830316960977,7.389639841680765,142,405.25,6.0,38.459999999999994,17.0,,1.0,0.05,38.459999999999994,C,Z,C-Z,0.75,0.05,4.25,42.709999999999994,2.197183098591549,0.6338028169014085,1.4494590550546715,0.815656238153263,5.856291820273672,0,0,0.0,0.0,17.0,False,OK,0.0
MASS2681,0.014084507042253521,0.16783627165933782,11.916375287812984,142,81.2,2.0,13.533333333333333,7.0,,1.0,0.05,13.533333333333333,C,Z,C-Z,0.75,0.05,4.25,17.78333333333333,0.7323943661971831,0.2112676056338028,0.6497042118337841,0.4384366061999813,5.239867237553437,0,0,0.0,0.0,7.0,False,OK,0.0
MASS2682,0.014084507042253521,0.16783627165933782,11.916375287812984,142,81.2,2.0,13.533333333333333,7.0,,1.0,0.05,13.533333333333333,C,Z,C-Z,0.75,0.05,4.25,17.78333333333333,0.7323943661971831,0.2112676056338028,0.6497042118337841,0.4384366061999813,5.239867237553437,0,0,0.0,0.0,7.0,False,OK,0.0
MASS2338,0.056338028169014086,0.6921510093024164,12.28568041511789,142,402.88,8.0,15.85,49.0,22.88,6.0,0.143842,22.88,C,Z,C-Z,0.75,0.023973666666666667,2.037761666666667,24.917761666666667,2.9295774647887325,0.8450704225352113,2.6531679004891635,1.8080974779539523,8.853242288460379,0,0,0.0,0.0,49.0,False,OK,0.0
MASS2255,0.16901408450704225,0.9746563750602617,5.766716885773215,142,80.59,24.0,2.56,29.0,2.25,50.0,0.028,2.25,C,Z,C-Z,0.75,0.0005600000000000001,0.0476,2.2976,8.788732394366196,2.535211267605634,5.081294000901517,2.546082733295883,50.49870948312386,0,0,0.0,0.0,29.0,False,OK,0.0
MASS2679,0.02112676056338028,0.18711356809141264,8.856708889660199,142,80.0,3.0,13.62,19.0,,1.0,0.05,13.62,C,Z,C-Z,0.75,0.05,4.25,17.869999999999997,1.0985915492957745,0.31690140845070425,0.8056958564975594,0.4887944480468551,6.40191968182991,0,0,0.0,0.0,19.0,False,OK,0.0
MASS2714,0.1267605633802817,0.9291127081969194,7.329666920220142,142,79.26,18.0,2.11,17.0,2.0,350.0,0.068172,2.0,C,Z,C-Z,0.75,0.00019477714285714285,0.016556057142857142,2.016556057142857,6.591549295774648,1.9014084507042253,4.328518029174577,2.4271095784703522,46.6813033410874,0,0,0.0,0.0,17.0,False,OK,0.0
MASS2134,4.711267605633803,15.582123320526835,3.3074163101865626,142,6678.0599999999995,669.0,5.026315789473684,679.0,11.4,40.0,0.023896,11.4,A,Z,A-Z,0.9,0.0005974,0.050779,11.450779,244.98591549295776,70.66901408450704,148.00975925767546,77.34074517316841,119.42834459231577,0,0,0.0,0.0,679.0,False,OK,0.0
MASS1301,7.633802816901408,14.20442388048336,1.8607271134950527,142,6655.03,1084.0,2.6577581120943954,361.0,2.55,1.0,0.05,2.55,A,Z,A-Z,0.9,0.05,4.25,6.8,396.9577464788732,114.50704225352112,185.00967562858466,70.50263337506354,197.27500126822895,0,0,0.0,0.0,361.0,False,OK,0.0
MASS2432,0.43661971830985913,3.2408404232060612,7.422570001536464,142,2173.96,62.0,12.6475,118.0,12.32,1.0,0.02562,12.32,A,Z,A-Z,0.9,0.02562,2.1777,14.4977,22.704225352112676,6.549295774647887,22.63497345555131,16.085677680903423,32.31157743000937,0,0,0.0,0.0,118.0,False,OK,0.0
MASS1083,9.274647887323944,17.1807844032808,1.8524460024797824,142,6515.4,1317.0,1.9669072164948453,504.0,1.2,1.0,0.001,1.2,A,Z,A-Z,0.9,0.001,0.085,1.285,482.28169014084506,139.11971830985917,224.39530245690855,85.27558414704939,500.21094908846914,0,0,0.0,0.0,504.0,False,OK,0.0
MASS0497,5.28169014084507,7.369061448156788,1.3952089675176853,142,6359.86,750.0,3.643400673400673,215.0,3.2,50.0,0.08064,3.2,A,Z,A-Z,0.9,0.0016128000000000002,0.13708800000000002,3.337088,274.6478873239436,79.22535211267605,115.80115708506565,36.575804972389605,234.238712436054,0,0,0.0,0.0,215.0,False,OK,0.0
MASS2632,0.44366197183098594,3.1880197902144403,7.185695400165881,142,917.9,63.0,6.72,37.0,5.48,25.0,0.085904,5.48,B,Z,B-Z,0.85,0.0034361599999999997,0.2920736,5.772073600000001,23.070422535211268,6.654929577464789,19.451925568349225,12.796995990884437,51.6197877808512,0,0,0.0,0.0,37.0,False,OK,0.0
MASS1127,2.2746478873239435,5.844491091298891,2.5694047522118963,142,917.77,323.0,1.3708799999999999,115.0,1.23,200.0,0.084672,1.23,B,Z,B-Z,0.85,0.00042336,0.0359856,1.2659856,118.28169014084506,34.11971830985915,57.580027211856546,23.460308901997394,249.5736602078907,0,0,0.0,0.0,115.0,False,OK,0.0
MASS2468,0.5211267605633803,3.3320245157994752,6.393884881669264,142,912.29,74.0,7.672,147.0,3.9,8.0,0.05,3.9,B,Z,B-Z,0.85,0.00625,0.53125,4.43125,27.098591549295772,7.816901408450704,21.191945221257896,13.375043812807192,63.850544285352804,0,0,0.0,0.0,147.0,False,OK,0.0
MASS2701,0.4084507042253521,2.8785214131427765,7.047414494246108,142,1384.85,58.0,11.09,91.0,4.2,10.0,0.137826,4.2,B,Z,B-Z,0.85,0.0137826,1.171521,5.371521,21.23943661971831,6.126760563380282,17.681402443813944,11.554641880433662,51.342525550525465,0,0,0.0,0.0,91.0,False,OK,0.0
MASS2487,3.380281690140845,23.365347559725162,6.912248653085361,142,432.0,480.0,0.378,520.0,0.6,250.0,0.024986,0.6,C,Z,C-Z,0.75,9.9944e-05,0.008495240000000001,0.60849524,175.77464788732394,50.70422535211267,111.74123234403343,61.03700699192076,438.8376655873998,0,0,0.0,0.0,520.0,False,OK,0.0
MASS1752,3.3661971830985915,17.289556915774963,5.136228205104696,142,968.75,478.0,1.1788888888888889,559.0,,1.0,0.05,1.1788888888888889,B,Z,B-Z,0.85,0.05,4.25,5.428888888888888,175.04225352112675,50.49295774647887,119.89478241973723,69.40182467325835,146.61227804035016,0,0,0.0,0.0,559.0,False,OK,0.0
MASS2424,0.9225352112676056,9.615349684514285,10.422745459549835,142,967.2,131.0,2.585,217.0,3.1,14.0,0.05,3.1,B,Z,B-Z,0.85,0.0035714285714285718,0.3035714285714286,3.4035714285714285,47.971830985915496,13.838028169014084,52.434900039563075,38.596871870548995,96.93488139951829,0,0,0.0,0.0,217.0,False,OK,0.0
MASS2360,0.5915492957746479,1.7058719181400435,2.8837358616176925,142,965.89,84.0,5.401,46.0,3.48,20.0,0.101802,3.48,B,Z,B-Z,0.85,0.0050901,0.4326585,3.9126585,30.76056338028169,8.873239436619718,15.720761576980113,6.847522140360395,72.39616165959343,0,0,0.0,0.0,46.0,False,OK,0.0
MASS2381,0.4084507042253521,2.007627051268566,4.915224849657524,142,964.45,58.0,8.6624,87.0,8.03,36.0,0.098982,8.03,B,Z,B-Z,0.85,0.0027495,0.2337075,8.263707499999999,21.23943661971831,6.126760563380282,14.185554741865245,8.058794178484963,41.39409562247866,0,0,0.0,0.0,87.0,False,OK,0.0
MASS2458,0.21830985915492956,3.5572644625467262,16.294566247794684,142,957.94,31.0,8.077575757575758,49.0,14.5,40.0,0.09441144,14.5,B,Z,B-Z,0.85,0.002360286,0.20062431,14.70062431,11.352112676056338,3.2746478873239435,17.55382495060814,14.279177063284195,22.689494878629084,0,0,0.0,0.0,49.0,False,OK,0.0
MASS2611,0.6408450704225352,3.892785743021932,6.074456873726531,142,937.49,91.0,4.377575757575758,85.0,4.25,60.0,0.049728,4.25,B,Z,B-Z,0.85,0.0008288,0.070448,4.320448,33.32394366197183,9.612676056338028,25.238665487060132,15.625989430722104,71.70809332812813,0,0,0.0,0.0,85.0,False,OK,0.0
MASS0605,0.3873239436619718,1.6453182733311469,4.247912632964052,142,997.03,55.0,11.229545454545455,26.0,9.5,40.0,0.08976,9.5,B,Z,B-Z,0.85,0.0022440000000000003,0.19074000000000002,9.69074,20.140845070422536,5.809859154929577,12.41431356019264,6.604454405263064,37.223288984206135,0,0,0.0,0.0,26.0,False,OK,0.0
MASS2739,0.5352112676056338,4.3182968336720355,8.06839671554512,142,432.0,76.0,2.79,308.0,2.48,48.0,0.027048,2.48,C,Z,C-Z,0.75,0.0005635,0.047897499999999996,2.5278975,27.830985915492956,8.028169014084506,19.308802154947987,11.28063314086348,85.6720060127522,0,0,0.0,0.0,308.0,False,OK,0.0
MASS1957,0.28169014084507044,1.1132101506348995,3.951896034753893,142,77.11,40.0,0.9747058823529412,21.0,1.08,50.0,0.00125,1.08,C,Z,C-Z,0.75,2.5e-05,0.002125,1.082125,14.647887323943662,4.225352112676057,7.133377151640158,2.9080250389641007,94.99552571049455,0,0,0.0,0.0,21.0,False,OK,0.0
MASS2710,0.2112676056338028,1.5244158789027897,7.215568493473205,142,429.04,30.0,5.858181818181818,60.0,6.5,60.0,0.071994,6.5,C,Z,C-Z,0.75,0.0011999,0.1019915,6.6019915,10.985915492957746,3.169014084507042,7.151226736013566,3.982212651506524,33.30696165306822,0,0,0.0,0.0,60.0,False,OK,0.0
MASS2613,0.28169014084507044,3.3567254331867558,11.916375287812983,142,425.65999999999997,40.0,8.27,160.0,7.8,100.0,0.094392,7.8,C,Z,C-Z,0.75,0.00094392,0.0802332,7.8802332,14.647887323943662,4.225352112676057,12.994084236675683,8.768732123999627,35.20240465431435,0,0,0.0,0.0,160.0,False,OK,0.0
MASS3010,0.07042253521126761,0.8391813582966889,11.916375287812983,142,74.0,10.0,5.62,190.0,5.62,10.0,0.05,5.62,C,Z,C-Z,0.75,0.005,0.425,6.045,3.6619718309859155,1.0563380281690142,3.2485210591689206,2.1921830309999066,20.09618950828214,0,0,0.0,0.0,190.0,False,OK,0.0
MASS1608,0.5211267605633803,1.781378499843401,3.418320905104905,142,72.42,74.0,0.45999999999999996,38.0,0.35,400.0,0.05,0.35,C,Z,C-Z,0.75,0.000125,0.010625,0.360625,27.098591549295772,7.816901408450704,12.470374320517156,4.6534729120664515,223.82047584163777,0,0,0.0,0.0,38.0,False,OK,0.0
MASS0595,0.035211267605633804,0.41959067914834447,11.916375287812983,142,71.85,5.0,11.979999999999999,4.0,11.0,90.0,0.1598,11.0,C,Z,C-Z,0.75,0.0017755555555555556,0.15092222222222224,11.150922222222222,1.8309859154929577,0.5281690140845071,1.6242605295844603,1.0960915154999533,10.46264473743729,0,0,0.0,0.0,4.0,False,OK,0.0
MASS2057,0.323943661971831,1.3866091902367104,4.280402282904627,142,1405.78,46.0,13.295333333333334,153.0,8.0,1.0,0.0096,8.0,B,Z,B-Z,0.85,0.0096,0.816,8.816,16.845070422535212,4.859154929577465,10.425127983712468,5.565973054135003,35.69069419382093,0,0,0.0,0.0,153.0,False,OK,0.0
MASS2724,0.20422535211267606,1.470941862563118,7.202542913240095,142,425.38,29.0,7.63,31.0,4.8,18.0,0.092538,4.8,C,Z,C-Z,0.75,0.005141,0.43698499999999996,5.236985,10.619718309859156,3.063380281690141,6.905903425010765,3.8425231433206237,36.76801668256318,0,0,0.0,0.0,31.0,False,OK,0.0
MASS2044,0.6971830985915493,2.782899749520728,3.991633984161045,142,1358.47,99.0,6.091538461538462,23.0,5.8,40.0,0.09885375,5.8,B,Z,B-Z,0.85,0.00247134375,0.21006421875,6.01006421875,36.25352112676056,10.457746478873238,21.628554466628728,11.17080798775549,63.414695454752525,0,0,0.0,0.0,23.0,False,OK,0.0
MASS1875,2.063380281690141,5.001013781951416,2.4236995120720173,142,6999.3,293.0,9.198128078817733,70.0,6.4,6.0,0.03828,6.4,A,Z,A-Z,0.9,0.00638,0.5423,6.9423,107.29577464788733,30.950704225352116,55.77287541224595,24.822171186893836,101.50653235383477,0,0,0.0,0.0,70.0,False,OK,0.0
MASS2139,4.704225352112676,14.858571436727882,3.158558598825388,142,6710.4800000000005,668.0,4.6344,332.0,3.7,1.0,0.006,3.7,A,Z,A-Z,0.9,0.006,0.51,4.21,244.61971830985914,70.56338028169014,144.31282786894207,73.74944758725192,196.81538922614908,0,0,0.0,0.0,332.0,False,OK,0.0
MASS2716,0.1619718309859155,1.2527265239794878,7.734224626308142,142,70.06,23.0,2.11,27.0,2.0,350.0,0.068172,2.0,C,Z,C-Z,0.75,0.00019477714285714285,0.016556057142857142,2.016556057142857,8.422535211267606,2.4295774647887325,5.702059391610111,3.2724819268213783,52.76800055027047,0,0,0.0,0.0,27.0,False,OK,0.0
MASS2325,0.20422535211267606,1.7240013344944163,8.441661706834727,142,424.6,29.0,10.91,52.0,10.5,50.0,0.040774,10.5,C,Z,C-Z,0.75,0.0008154799999999999,0.0693158,10.5693158,10.619718309859156,3.063380281690141,7.566967537930988,4.503587256240847,25.881380154533176,0,0,0.0,0.0,52.0,False,OK,0.0
MASS2076,0.2746478873239437,1.7550105218701506,6.390038310399009,142,68.52,39.0,1.14,13.0,1.0,100.0,0.025,1.0,C,Z,C-Z,0.75,0.00025,0.02125,1.02125,14.281690140845072,4.119718309859155,8.704310480828038,4.584592170968883,96.55574938781089,0,0,0.0,0.0,13.0,False,OK,0.0
MASS3051,0.13380281690140844,0.8770426875225,6.554740085694474,142,66.39,19.0,0.7333333333333334,541.0,1.1,70.0,0.05,1.1,C,Z,C-Z,0.75,0.0007142857142857143,0.060714285714285714,1.1607142857142858,6.957746478873239,2.0070422535211265,4.298129964229826,2.2910877107086995,63.21585348198186,0,0,0.0,0.0,541.0,False,OK,0.0
MASS2254,0.16901408450704225,0.9746563750602617,5.766716885773215,142,65.27,24.0,2.08,29.0,1.8,50.0,0.0252,1.8,C,Z,C-Z,0.75,0.000504,0.04284,1.84284,8.788732394366196,2.535211267605634,5.081294000901517,2.546082733295883,56.3863101457905,0,0,0.0,0.0,29.0,False,OK,0.0
MASS2595,0.15492957746478872,0.8362002428063052,5.3972924762952434,142,64.45,22.0,1.17,27.0,0.85,100.0,0.062868,0.85,C,Z,C-Z,0.75,0.00062868,0.053437799999999994,0.9034378,8.056338028169014,2.323943661971831,4.508339162032376,2.1843955000605453,77.10349805933566,0,0,0.0,0.0,27.0,False,OK,0.0
MASS2790,0.3873239436619718,2.4606076385831694,6.352841539614729,142,64.22,55.0,0.1891891891891892,17.0,0.13,432.0,0.051984,0.13,C,Z,C-Z,0.75,0.00012033333333333334,0.010228333333333334,0.14022833333333334,20.140845070422536,5.809859154929577,12.23767390310194,6.427814748172364,309.4391993416092,0,0,0.0,0.0,17.0,False,OK,0.0
MASS1703,0.34507042253521125,1.5346853797647417,4.44745559033864,142,64.01,49.0,0.6089473684210527,10.0,,1.0,0.05,0.6089473684210527,C,Z,C-Z,0.75,0.05,4.25,4.8589473684210525,17.943661971830984,5.176056338028169,9.185095878983363,4.009039540955194,49.61794949200129,0,0,0.0,0.0,10.0,False,OK,0.0
MASS2648,0.1619718309859155,1.0826636704509642,6.684271356697257,142,424.44,23.0,6.56,77.0,,1.0,0.05,6.56,C,Z,C-Z,0.75,0.05,4.25,10.809999999999999,8.422535211267606,2.4295774647887325,5.257806313270343,2.828228848481611,22.79097690992294,0,0,0.0,0.0,77.0,False,OK,0.0
MASS2339,0.056338028169014086,0.8814450408867733,15.645649475740226,142,420.27,8.0,20.85,27.0,26.14,4.0,0.124488,26.14,C,Z,C-Z,0.75,0.031122,2.64537,28.78537,2.9295774647887325,0.8450704225352113,3.1476583462148158,2.3025879236796047,8.237035837838393,0,0,0.0,0.0,27.0,False,OK,0.0
MASS1411,3.5492957746478875,14.25580755853345,4.016517208951885,142,1394.03,504.0,0.9535483870967741,160.0,,1.0,0.05,0.9535483870967741,B,Z,B-Z,0.85,0.05,4.25,5.203548387096774,184.56338028169014,53.23943661971831,110.46352058975584,57.22408397003753,153.77202715295044,0,0,0.0,0.0,160.0,False,OK,0.0
MASS0617,0.1267605633802817,0.7131903641069468,5.626279539065914,142,45.839999999999996,18.0,1.24875,8.0,,1.0,0.05,1.24875,C,Z,C-Z,0.75,0.05,4.25,5.49875,6.591549295774648,1.9014084507042253,3.764466773688498,1.8630583229842725,28.269370330340642,0,0,0.0,0.0,8.0,False,OK,0.0
MASS0206,0.007042253521126761,0.14569368786686446,20.68850367709475,142,60.99,1.0,9.86,1.0,,1.0,0.05,9.86,C,Z,C-Z,0.75,0.05,4.25,14.11,0.36619718309859156,0.1056338028169014,0.4862276126148297,0.38059380979792834,4.1595692905800785,0,0,0.0,0.0,1.0,False,OK,0.0
MASS2240,0.07042253521126761,0.6031582049494001,8.56484651028148,142,58.8,10.0,1.63,40.0,4.55,50.0,0.031768,4.55,C,Z,C-Z,0.75,0.00063536,0.054005599999999994,4.6040056,3.6619718309859155,1.0563380281690142,2.6319607095191033,1.575622681350089,23.0273492842986,0,0,0.0,0.0,40.0,False,OK,0.0
MASS2209,0.08450704225352113,0.6013337156177986,7.115782301477283,142,58.18,12.0,3.9000000000000004,29.0,,1.0,0.05,3.9000000000000004,C,Z,C-Z,0.75,0.05,4.25,8.15,4.394366197183098,1.267605633802817,2.838462224350918,1.5708565905481011,18.959360686552415,0,0,0.0,0.0,29.0,False,OK,0.0
MASS2797,0.352112676056338,2.2382781600966934,6.35670997467461,142,57.73,50.0,0.18666666666666668,22.0,0.13,432.0,0.051984,0.13,C,Z,C-Z,0.75,0.00012033333333333334,0.010228333333333334,0.14022833333333334,18.309859154929576,5.28169014084507,11.12871635598999,5.84702621514492,295.0387002183337,0,0,0.0,0.0,22.0,False,OK,0.0
MASS3059,0.11267605633802817,1.0182629594559256,9.037083765171339,142,57.46,16.0,1.1,544.0,1.1,70.0,0.05,1.1,C,Z,C-Z,0.75,0.0007142857142857143,0.060714285714285714,1.1607142857142858,5.859154929577465,1.6901408450704225,4.350136516740043,2.6599956716696203,58.01084567529111,0,0,0.0,0.0,544.0,False,OK,0.0
MASS1837,3.823943661971831,11.305116707484853,2.9564025275558916,142,7642.97,543.0,7.599363636363636,268.0,5.0,10.0,0.17496,5.0,AA,Z,AA-Z,0.95,0.017496,1.48716,6.48716,198.8450704225352,57.359154929577464,129.37829582373615,72.01914089415868,142.95010546930942,0,0,0.0,0.0,268.0,False,OK,0.0
MASS1266,1.8661971830985915,5.180745685859545,2.776097688271907,142,7482.61,265.0,12.041180555555556,266.0,10.5,20.0,0.06864,10.5,AA,Z,AA-Z,0.95,0.003432,0.29172000000000003,10.79172,97.04225352112675,27.992957746478872,60.99684997871865,33.00389223223978,77.42647235480158,0,0,0.0,0.0,266.0,False,OK,0.0
MASS1264,2.471830985915493,4.601408452233,1.86153846215694,142,7444.27,351.0,8.571968085106382,178.0,6.8,5.0,0.019292,6.8,AA,Z,AA-Z,0.95,0.0038584,0.32796400000000003,7.1279639999999995,128.53521126760563,37.07746478873239,66.39069455959677,29.313229770864375,109.64344674107947,0,0,0.0,0.0,178.0,False,OK,0.0
MASS1071,5.507042253521127,11.815812508340025,2.145582322486296,142,7310.28,782.0,3.6693895348837207,159.0,3.55,100.0,0.101088,3.55,AA,Z,AA-Z,0.95,0.00101088,0.0859248,3.6359247999999997,286.3661971830986,82.60563380281691,157.8781575489627,75.27252374614578,229.1436361868179,0,0,0.0,0.0,159.0,False,OK,0.0
MASS2395,1.4295774647887325,9.775782704201859,6.838232236436768,142,2335.6,203.0,6.142857142857143,147.0,4.5,10.0,0.05,4.5,A,Z,A-Z,0.9,0.005,0.425,4.925,74.3380281690141,21.443661971830988,69.96505430338522,48.521392331554225,100.31289671782334,0,0,0.0,0.0,147.0,False,OK,0.0
MASS2218,0.06338028169014084,0.6097876474048812,9.621093992388126,142,993.2,9.0,32.13466666666667,12.0,22.5,1.0,0.08428875,22.5,B,Z,B-Z,0.85,0.08428875,7.16454375,29.66454375,3.295774647887324,0.9507042253521126,3.3984462698286375,2.447742044476525,8.606256552310272,0,0,0.0,0.0,12.0,False,OK,0.0
MASS2398,0.8450704225352113,4.558984232156112,5.394798008051399,142,992.76,120.0,4.892222222222222,249.0,4.5,10.0,0.05,4.5,B,Z,B-Z,0.85,0.005,0.425,4.925,43.943661971830984,12.676056338028168,30.976225966988604,18.300169628960436,77.12574563117649,0,0,0.0,0.0,249.0,False,OK,0.0
MASS2223,0.4788732394366197,3.3042382194339672,6.900026869994462,142,984.5,68.0,6.198611111111111,246.0,2.25,10.0,0.0812,2.25,B,Z,B-Z,0.85,0.008119999999999999,0.6901999999999999,2.9402,24.901408450704224,7.183098591549295,20.44660573062492,13.263507139075625,75.14115906188142,0,0,0.0,0.0,246.0,False,OK,0.0
MASS2332,0.36619718309859156,1.8392060931395517,5.022447408188776,142,561.6,52.0,4.840000000000001,48.0,2.1,20.0,0.1272375,2.1,C,Z,C-Z,0.75,0.006361875,0.540759375,2.640759375,19.04225352112676,5.492957746478873,10.297492961698353,4.80453521521948,69.33445829404548,0,0,0.0,0.0,48.0,False,OK,0.0
MASS1833,1.1901408450704225,8.251312466924912,6.9330554455818785,142,1409.02,169.0,3.14,93.0,2.35,14.0,0.05,2.35,B,Z,B-Z,0.85,0.0035714285714285718,0.3035714285714286,2.6535714285714285,61.88732394366197,17.852112676056336,50.973617405382456,33.12150472932612,124.69235611535433,0,0,0.0,0.0,93.0,False,OK,0.0
MASS2329,0.3873239436619718,3.7223659667972133,9.610472132458261,142,1351.49,55.0,8.13377358490566,46.0,5.0,10.0,0.13545,5.0,B,Z,B-Z,0.85,0.013544999999999998,1.151325,6.151325,20.140845070422536,5.809859154929577,20.751768392734043,14.941909237804467,46.720650213286056,0,0,0.0,0.0,46.0,False,OK,0.0
MASS2429,0.352112676056338,3.0110839760156676,8.551478491884497,142,1346.0300000000002,50.0,11.238,57.0,12.32,1.0,0.02562,12.32,B,Z,B-Z,0.85,0.02562,2.1777,14.4977,18.309859154929576,5.28169014084507,17.368449980782255,12.086759839937185,29.016653116391783,0,0,0.0,0.0,57.0,False,OK,0.0
MASS2331,0.5563380281690141,2.181562482178767,3.921289524928923,142,1023.45,79.0,5.291666666666667,78.0,4.5,40.0,0.147784,4.5,B,Z,B-Z,0.85,0.0036946,0.314041,4.814041,28.929577464788736,8.345070422535212,17.102056945641998,8.756986523106786,63.29516311120494,0,0,0.0,0.0,78.0,False,OK,0.0
MASS1756,3.4788732394366195,17.357614598124055,4.989435775169263,142,1018.11,494.0,1.2857142857142858,564.0,,1.0,0.05,1.2857142857142858,B,Z,B-Z,0.85,0.05,4.25,5.535714285714286,180.90140845070422,52.183098591549296,121.85811287637893,69.67501428482963,147.60073194765215,0,0,0.0,0.0,564.0,False,OK,0.0
MASS2454,0.4154929577464789,1.803239628980165,4.340000462969211,142,558.44,59.0,4.683714285714286,45.0,,1.0,0.05,4.683714285714286,C,Z,C-Z,0.75,0.05,4.25,8.933714285714286,21.6056338028169,6.232394366197183,10.942974834167144,4.710580467969961,40.153355738944,0,0,0.0,0.0,45.0,False,OK,0.0
MASS0018,3.464788732394366,8.598748030123101,2.4817524802387814,142,1006.97,492.0,0.715,237.0,0.8,300.0,0.027,0.8,B,Z,B-Z,0.85,9e-05,0.0076500000000000005,0.8076500000000001,180.16901408450704,51.97183098591549,86.48797307696228,34.51614209104679,385.64066472370155,0,0,0.0,0.0,237.0,False,OK,0.0
MASS1557,0.9929577464788732,4.286704629405,4.317106789897235,142,1003.9100000000001,141.0,2.9141176470588235,60.0,3.5,100.0,0.07107,3.5,B,Z,B-Z,0.85,0.0007107,0.0604095,3.5604095,51.63380281690141,14.894366197183098,32.10158119785021,17.207215000667112,98.32669706766468,0,0,0.0,0.0,60.0,False,OK,0.0
MASS1751,3.3943661971830985,16.382813060638952,4.826471897532637,142,1002.38,482.0,1.1391304347826086,1425.0,,1.0,0.05,1.1391304347826086,B,Z,B-Z,0.85,0.05,4.25,5.389130434782609,176.50704225352112,50.91549295774648,116.67756686328637,65.76207390553989,147.76651869223238,0,0,0.0,0.0,1425.0,False,OK,0.0
MASS2428,0.971830985915493,9.654267172494157,9.934101003580944,142,1051.2,138.0,3.4466666666666668,142.0,3.1,14.0,0.05,3.1,B,Z,B-Z,0.85,0.0035714285714285718,0.3035714285714286,3.4035714285714285,50.53521126760563,14.577464788732396,53.33055492968937,38.75309014095697,99.49104183109999,0,0,0.0,0.0,142.0,False,OK,0.0
MASS1014,5.838028169014085,9.785383023009487,1.676145222276655,142,7199.19,829.0,3.6917289719626165,245.0,2.95,40.0,0.07191,2.95,A,Z,A-Z,0.9,0.00179775,0.15280875000000002,3.1028087500000003,303.5774647887324,87.57042253521128,136.13946535670252,48.56904282149124,255.39455366947269,0,0,0.0,0.0,245.0,False,OK,0.0
MASS1379,7.387323943661972,17.011405682200024,2.302783228667687,142,7167.16,1049.0,2.5939702760084926,260.0,2.45,120.0,0.083968,2.45,A,Z,A-Z,0.9,0.0006997333333333334,0.05947733333333334,2.5094773333333333,384.14084507042253,110.80985915492958,195.24474423706982,84.43488508214024,319.45373893263286,0,0,0.0,0.0,260.0,False,OK,0.0
MASS3045,0.1056338028169014,0.6269112222248008,5.934759570394781,142,53.33,15.0,1.67,625.0,1.67,80.0,0.05,1.67,C,Z,C-Z,0.75,0.000625,0.053125,1.723125,5.492957746478873,1.584507042253521,3.2221794353749376,1.6376723931214165,46.0998070754815,0,0,0.0,0.0,625.0,False,OK,0.0
MASS3055,0.1056338028169014,0.6491428770907332,6.14521923645894,142,52.150000000000006,15.0,0.8555555555555556,545.0,1.1,70.0,0.05,1.1,C,Z,C-Z,0.75,0.0007142857142857143,0.060714285714285714,1.1607142857142858,5.492957746478873,1.584507042253521,3.280254911035007,1.6957478687814862,56.16875979995275,0,0,0.0,0.0,545.0,False,OK,0.0
MASS0344,0.18309859154929578,0.6697063854354666,3.657627181993702,142,51.58,26.0,0.25,32.0,,1.0,0.05,0.25,C,Z,C-Z,0.75,0.05,4.25,4.5,9.52112676056338,2.7464788732394365,4.495944539259231,1.7494656660197943,37.55712046817809,0,0,0.0,0.0,32.0,False,OK,0.0
MASS2788,0.3732394366197183,2.33569026330404,6.257887120550446,142,51.46,53.0,0.18571428571428572,19.0,0.13,432.0,0.051984,0.13,C,Z,C-Z,0.75,0.00012033333333333334,0.010228333333333334,0.14022833333333334,19.408450704225352,5.598591549295775,11.70008619078729,6.101494641491516,303.7609334725504,0,0,0.0,0.0,19.0,False,OK,0.0
MASS2793,0.29577464788732394,1.848091721935371,6.2483101074957785,142,47.94,42.0,0.18461538461538465,30.0,0.13,432.0,0.051984,0.13,C,Z,C-Z,0.75,0.00012033333333333334,0.010228333333333334,0.14022833333333334,15.380281690140844,4.436619718309859,9.264366751181601,4.827747032871742,270.4074353383796,0,0,0.0,0.0,30.0,False,OK,0.0
MASS2792,0.2112676056338028,1.7496949517939502,8.281889438491364,142,33.83,30.0,0.16666666666666666,42.0,0.13,432.0,0.051984,0.13,C,Z,C-Z,0.75,0.00012033333333333334,0.010228333333333334,0.14022833333333334,10.985915492957746,3.169014084507042,7.739720457840014,4.570706373332972,228.53599448645778,0,0,0.0,0.0,42.0,False,OK,0.0
MASS1917,2.443661971830986,7.577986640943401,3.101078106668481,142,11733.54,347.0,15.075466666666667,248.0,11.2,1.0,0.05,11.2,AA,Z,AA-Z,0.95,0.05,4.25,15.45,127.07042253521126,36.65492957746479,84.93042302963059,48.2754934521658,74.04783506991961,0,0,0.0,0.0,248.0,False,OK,0.0
MASS1976,4.323943661971831,9.350958001344182,2.162599407476993,142,11470.75,614.0,5.955011441647597,136.0,4.8,40.0,0.0819975,4.8,AA,Z,AA-Z,0.95,0.0020499375,0.17424468750000002,4.9742446875,224.8450704225352,64.85915492957747,124.42934595186858,59.57019102229111,173.59310978541907,0,0,0.0,0.0,136.0,False,OK,0.0
MASS1885,2.767605633802817,8.498364876484695,3.070656011350704,142,11085.16,393.0,8.996342857142857,124.0,10.0,50.0,0.1090125,10.0,AA,Z,AA-Z,0.95,0.00218025,0.18532125,10.18532125,143.9154929577465,41.514084507042256,95.65283895300922,54.13875444596697,97.05564041047374,0,0,0.0,0.0,124.0,False,OK,0.0
MASS1598,1.176056338028169,2.5440775217197746,2.1632275933186107,142,557.69,167.0,0.9513157894736842,80.0,0.85,250.0,0.0882,0.85,C,Z,C-Z,0.75,0.0003528,0.029988,0.879988,61.154929577464785,17.640845070422536,24.28670715675672,6.6458620863341835,215.2443352995765,0,0,0.0,0.0,80.0,False,OK,0.0
MASS2652,3.6971830985915495,18.47366898884733,4.996687612221563,142,7950.67,525.0,6.02704918032787,473.0,4.85,30.0,0.09588,4.85,AA,Z,AA-Z,0.95,0.003196,0.27166,5.121659999999999,192.25352112676057,55.45774647887324,173.14408304353526,117.68633656466201,158.19259471463496,0,0,0.0,0.0,473.0,False,OK,0.0
MASS1989,1.7112676056338028,7.264585217462869,4.2451485632910595,142,7937.57,243.0,17.72,111.0,11.2,1.0,0.0139392,11.2,AA,Z,AA-Z,0.95,0.0139392,1.184832,12.384832,88.98591549295774,25.66901408450704,71.9479866817284,46.278972597221355,69.21017494351287,0,0,0.0,0.0,111.0,False,OK,0.0
MASS2059,3.5492957746478875,12.032212948444672,3.3900282513475064,142,7803.1,504.0,5.294148936170213,392.0,4.6,50.0,0.048544,4.6,AA,Z,AA-Z,0.95,0.0009708799999999999,0.0825248,4.6825247999999995,184.56338028169014,53.23943661971831,129.8905373579208,76.6511007382025,162.10152300182656,0,0,0.0,0.0,392.0,False,OK,0.0
MASS3056,0.08450704225352113,0.43748082424405826,5.176856420221356,142,41.92,12.0,1.1,548.0,1.1,70.0,0.05,1.1,C,Z,C-Z,0.75,0.0007142857142857143,0.060714285714285714,1.1607142857142858,4.394366197183098,1.267605633802817,2.4104313529563797,1.1428257191535627,50.238866049820736,0,0,0.0,0.0,548.0,False,OK,0.0
MASS2794,0.29577464788732394,2.133118558762192,7.211972270100745,142,40.85,42.0,0.18095238095238098,30.0,0.13,432.0,0.051984,0.13,C,Z,C-Z,0.75,0.00012033333333333334,0.010228333333333334,0.14022833333333334,15.380281690140844,4.436619718309859,10.008938814054368,5.572319095744509,270.4074353383796,0,0,0.0,0.0,30.0,False,OK,0.0
MASS2449,0.014084507042253521,0.11825657242363519,8.396216642078098,142,40.190000000000005,2.0,5.365,9.0,,1.0,0.05,5.365,C,Z,C-Z,0.75,0.05,4.25,9.615,0.7323943661971831,0.2112676056338028,0.520187779811041,0.3089201741772382,7.126105105733694,0,0,0.0,0.0,9.0,False,OK,0.0
MASS2717,0.07746478873239436,0.6952110109996844,8.974542141995927,142,39.4,11.0,2.11,14.0,2.0,350.0,0.068172,2.0,C,Z,C-Z,0.75,0.00019477714285714285,0.016556057142857142,2.016556057142857,4.028169014084507,1.1619718309859155,2.978062913336893,1.8160910823509777,36.49245348002241,0,0,0.0,0.0,14.0,False,OK,0.0
MASS0965,0.04929577464788732,0.21725119587629282,4.407095687776226,142,38.83,7.0,1.31,9.0,,1.0,0.05,1.31,C,Z,C-Z,0.75,0.05,4.25,5.5600000000000005,2.5633802816901405,0.7394366197183098,1.3069592182077632,0.5675225984894534,17.531678356792085,0,0,0.0,0.0,9.0,False,OK,0.0
MASS1407,8.04225352112676,25.648434135615965,3.1892098487368363,142,10328.12,1142.0,4.541625,461.0,2.35,1.0,0.05,2.35,AA,Z,AA-Z,0.95,0.05,4.25,6.6,418.1971830985915,120.63380281690141,284.0269140533827,163.3931112364813,205.52892669142327,0,0,0.0,0.0,461.0,False,OK,0.0
MASS1841,4.204225352112676,15.892608894727486,3.7801515293991677,142,7266.26,597.0,5.924516129032258,238.0,5.0,10.0,0.17496,5.0,AA,Z,AA-Z,0.95,0.017496,1.48716,6.48716,218.61971830985914,63.063380281690144,164.30709750995584,101.2437172282657,149.88967946964155,0,0,0.0,0.0,238.0,False,OK,0.0
MASS1474,1.5845070422535212,3.2403549357869936,2.0450240039189027,142,1352.73,225.0,3.573571428571429,80.0,2.8,40.0,0.051578,2.8,B,Z,B-Z,0.85,0.00128945,0.10960325,2.90960325,82.3943661971831,23.76760563380282,36.774679570291624,13.007073936488805,137.39984493044867,0,0,0.0,0.0,80.0,False,OK,0.0
MASS2399,0.795774647887324,4.4507370214339375,5.592961566757691,142,1050.35,113.0,4.612666666666667,256.0,4.5,10.0,0.05,4.5,B,Z,B-Z,0.85,0.005,0.425,4.925,41.38028169014085,11.93661971830986,29.802275381614233,17.865655663304373,74.84244630252932,0,0,0.0,0.0,256.0,False,OK,0.0
MASS2104,0.5070422535211268,2.3782301031931063,4.690398259075293,142,1039.59,72.0,6.908695652173913,19.0,6.95,100.0,0.030336,6.95,B,Z,B-Z,0.85,0.00030335999999999997,0.0257856,6.9757856,26.366197183098592,7.605633802816901,17.15206171062977,9.54642790781287,50.1974384920176,0,0,0.0,0.0,19.0,False,OK,0.0
MASS2327,0.9366197183098591,6.251484690302265,6.674517488894147,142,1038.04,133.0,4.215483870967742,113.0,3.68,50.0,0.052668,3.68,B,Z,B-Z,0.85,0.00105336,0.08953559999999999,3.7695356,48.70422535211267,14.049295774647886,39.14331331005733,25.094017535409442,92.80978486726774,0,0,0.0,0.0,113.0,False,OK,0.0
MASS1662,2.612676056338028,5.583471798705566,2.137070068507252,142,1035.6,371.0,0.9846376811594203,232.0,0.8,288.0,0.05,0.8,B,Z,B-Z,0.85,0.00017361111111111112,0.014756944444444446,0.8147569444444445,135.85915492957747,39.19014084507042,61.60269500880893,22.412554163738513,333.4147352259575,0,0,0.0,0.0,232.0,False,OK,0.0
MASS2597,0.8943661971830986,4.370610659702763,4.8868245171479705,142,1032.09,127.0,2.048448275862069,293.0,2.5,100.0,0.0825,2.5,B,Z,B-Z,0.85,0.000825,0.07012499999999999,2.570125,46.50704225352113,13.41549295774648,30.95951425322623,17.54402129547975,109.83395125230847,0,0,0.0,0.0,293.0,False,OK,0.0
MASS2265,0.2746478873239437,1.6117668653775081,5.868484484195029,142,92.2,39.0,0.82875,18.0,,1.0,0.05,0.82875,C,Z,C-Z,0.75,0.05,4.25,5.07875,14.281690140845072,4.119718309859155,8.330116857534358,4.2103985476752035,43.2977926146266,0,0,0.0,0.0,18.0,False,OK,0.0
MASS2194,0.5211267605633803,3.5404818157086893,6.79389753825181,142,556.47,74.0,3.4433333333333334,133.0,1.8,20.0,0.095201,1.8,C,Z,C-Z,0.75,0.00476005,0.40460425,2.20460425,27.098591549295772,7.816901408450704,17.065658046364867,9.248756637914163,90.52372358035197,0,0,0.0,0.0,133.0,False,OK,0.0
MASS1540,3.0774647887323945,7.040988349044152,2.287918410902219,142,1379.43,437.0,1.2594674556213017,103.0,1.58,1.0,0.001,1.58,B,Z,B-Z,0.85,0.001,0.085,1.665,160.0281690140845,46.16197183098592,74.42512752128397,28.26315569029805,253.13107859088024,0,0,0.0,0.0,103.0,False,OK,0.0
MASS2592,0.3028169014084507,2.208909864374772,7.29453955212134,142,554.6700000000001,43.0,5.2164,193.0,4.35,30.0,0.11158875,4.35,C,Z,C-Z,0.75,0.003719625,0.31616812499999997,4.6661681249999996,15.746478873239436,4.54225352112676,10.31256130241412,5.770307781287359,47.43139595387162,0,0,0.0,0.0,193.0,False,OK,0.0
MASS0905,0.5915492957746479,1.8685714556277302,3.1587755559421153,142,1364.15,84.0,7.780857142857142,58.0,7.2,40.0,0.05,7.2,B,Z,B-Z,0.85,0.00125,0.10625,7.30625,30.76056338028169,8.873239436619718,16.373852042522245,7.500612605902527,52.979060057611505,0,0,0.0,0.0,58.0,False,OK,0.0
MASS1732,0.4295774647887324,1.7560347309282216,4.087818553964057,142,552.28,61.0,4.816206896551724,33.0,5.0,50.0,0.046656,5.0,C,Z,C-Z,0.75,0.0009331200000000001,0.0793152,5.0793152,22.338028169014084,6.443661971830986,11.03092967139104,4.587267699560053,54.14697580097973,0,0,0.0,0.0,33.0,False,OK,0.0
MASS0693,1.3943661971830985,3.250657863540797,2.331279881933299,142,551.03,198.0,0.849811320754717,45.0,0.65,40.0,0.02511,0.65,C,Z,C-Z,0.75,0.00062775,0.05335875,0.70335875,72.50704225352112,20.915492957746476,29.40714608801199,8.491653130265515,262.1537158589149,0,0,0.0,0.0,45.0,False,OK,0.0
MASS1906,6.035211267605634,15.757655787346552,2.6109534676816923,142,9575.6,857.0,4.402564935064935,497.0,4.4,40.0,0.0575535,4.4,AA,Z,AA-Z,0.95,0.0014388375,0.1223011875,4.5223011875,313.830985915493,90.52816901408451,190.91216872628627,100.38399971220176,215.0911489607238,0,0,0.0,0.0,497.0,False,OK,0.0
MASS2233,1.3873239436619718,4.983445775266897,3.5921284268421285,142,9032.25,197.0,14.718198198198198,163.0,15.25,30.0,0.1298,15.25,AA,Z,AA-Z,0.95,0.004326666666666667,0.3677666666666667,15.617766666666666,72.14084507042253,20.809859154929576,52.55685414081283,31.746994985883255,55.49265683640906,0,0,0.0,0.0,163.0,False,OK,0.0
MASS1743,6.894366197183099,31.819684292285075,4.615316822782922,142,8671.93,979.0,3.6667241379310345,751.0,2.35,14.0,0.05,2.35,AA,Z,AA-Z,0.95,0.0035714285714285718,0.3035714285714286,2.6535714285714285,358.50704225352115,103.41549295774648,306.122495950161,202.70700299241452,300.11508459702446,0,0,0.0,0.0,751.0,False,OK,0.0
MASS3003,0.028169014084507043,0.33567254331867563,11.916375287812984,142,34.0,4.0,1.58,196.0,4.74,10.0,0.05,4.74,C,Z,C-Z,0.75,0.005,0.425,5.165,1.4647887323943662,0.4225352112676056,1.2994084236675683,0.8768732123999626,13.750126790553288,0,0,0.0,0.0,196.0,False,OK,0.0
MASS2447,0.04225352112676056,0.2886318776627359,6.830954438018083,142,24.240000000000002,6.0,2.542857142857143,11.0,,1.0,0.05,2.542857142857143,C,Z,C-Z,0.75,0.05,4.25,6.792857142857143,2.197183098591549,0.6338028169014085,1.387792283138086,0.7539894662366775,14.684570703846552,0,0,0.0,0.0,11.0,False,OK,0.0
MASS2446,0.04225352112676056,0.2629143656021785,6.222306652584892,142,24.16,6.0,3.5420000000000003,9.0,,1.0,0.05,3.5420000000000003,C,Z,C-Z,0.75,0.05,4.25,7.792,2.197183098591549,0.6338028169014085,1.3206107460587586,0.6868079291573501,13.710807183514287,0,0,0.0,0.0,9.0,False,OK,0.0
MASS0943,5.23943661971831,10.719459058983855,2.045918261257671,142,12911.66,744.0,7.301057401812689,223.0,5.9,12.0,0.05,5.9,AA,Z,AA-Z,0.95,0.004166666666666667,0.3541666666666667,6.254166666666667,272.4507042253521,78.59154929577466,146.879763584354,68.28821428857935,170.4172734378186,0,0,0.0,0.0,223.0,False,OK,0.0
MASS2307,0.6408450704225352,2.8392925632126276,4.430544439298825,142,12567.99,91.0,68.60395833333334,33.0,25.0,1.0,0.1381875,25.0,AA,Z,AA-Z,0.95,0.1381875,11.745937499999998,36.7459375,33.32394366197183,9.612676056338028,27.70036293659496,18.087686880256932,24.588265858582023,0,0,0.0,0.0,33.0,False,OK,0.0
MASS2368,0.2605633802816901,2.21432978978748,8.498238652697896,142,585.81,37.0,5.572,72.0,4.55,10.0,0.0682375,4.55,C,Z,C-Z,0.75,0.006823750000000001,0.58001875,5.13001875,13.549295774647886,3.908450704225352,9.692916889297013,5.784466185071661,41.961717527088105,0,0,0.0,0.0,72.0,False,OK,0.0
MASS2126,3.2253521126760565,13.804303145618409,4.279936783139332,142,11061.52,458.0,10.062575757575758,345.0,11.5,1.0,0.0089304,11.5,AA,Z,AA-Z,0.95,0.0089304,0.759084,12.259084,167.71830985915494,48.38028169014085,136.32046655632195,87.9401848661811,95.50268873515189,0,0,0.0,0.0,345.0,False,OK,0.0
MASS0558,0.014084507042253521,0.16783627165933782,11.916375287812984,142,30.8,2.0,2.175,1.0,,1.0,0.05,2.175,C,Z,C-Z,0.75,0.05,4.25,6.425,0.7323943661971831,0.2112676056338028,0.6497042118337841,0.4384366061999813,8.717466797274048,0,0,0.0,0.0,1.0,False,OK,0.0
MASS2791,0.2112676056338028,1.448065405028735,6.8541762504693455,142,30.35,30.0,0.17894736842105266,42.0,0.13,432.0,0.051984,0.13,C,Z,C-Z,0.75,0.00012033333333333334,0.010228333333333334,0.14022833333333334,10.985915492957746,3.169014084507042,6.951777342171894,3.782763257664852,228.53599448645778,0,0,0.0,0.0,42.0,False,OK,0.0
MASS2692,0.007042253521126761,0.08391813582966891,11.916375287812984,142,30.0,1.0,13.53,2.0,,1.0,0.05,13.53,C,Z,C-Z,0.75,0.05,4.25,17.78,0.36619718309859156,0.1056338028169014,0.32485210591689206,0.21921830309999066,3.7054929539054924,0,0,0.0,0.0,2.0,False,OK,0.0
MASS2783,0.09859154929577464,0.8363196914524121,8.482671156160182,142,29.97,14.0,1.41,16.0,1.15,200.0,0.094116,1.15,C,Z,C-Z,0.75,0.00047058,0.0399993,1.1899993,5.126760563380281,1.4788732394366195,3.6635807737106076,2.184707534273988,53.59231716293626,0,0,0.0,0.0,16.0,False,OK,0.0
MASS3046,0.06338028169014084,0.3199022176045188,5.047346099982408,142,29.93,9.0,1.67,631.0,1.67,80.0,0.05,1.67,C,Z,C-Z,0.75,0.000625,0.053125,1.723125,3.295774647887324,0.9507042253521126,1.78638081191891,0.8356765865667973,35.70875701334294,0,0,0.0,0.0,631.0,False,OK,0.0
MASS2786,0.22535211267605634,1.60404792113371,7.1179626500308375,142,28.73,32.0,0.2,40.0,0.13,432.0,0.051984,0.13,C,Z,C-Z,0.75,0.00012033333333333334,0.010228333333333334,0.14022833333333334,11.71830985915493,3.380281690140845,7.570516135716789,4.190234445575944,236.03096017466697,0,0,0.0,0.0,40.0,False,OK,0.0
MASS2405,1.028169014084507,3.8737956938401674,3.767664304967834,142,2278.68,146.0,6.652676056338028,106.0,26.0,1.0,0.12544,26.0,A,Z,A-Z,0.9,0.12544,10.6624,36.6624,53.46478873239437,15.422535211267604,34.649840723317666,19.227305512050062,31.18012502559711,0,0,0.0,0.0,106.0,False,OK,0.0
MASS2789,0.21830985915492956,1.7181393415329806,7.870186661215589,142,27.25,31.0,0.18,41.0,0.13,432.0,0.051984,0.13,C,Z,C-Z,0.75,0.00012033333333333334,0.010228333333333334,0.14022833333333334,11.352112676056338,3.2746478873239435,7.762921932217981,4.4882740448940375,232.31370486573698,0,0,0.0,0.0,41.0,False,OK,0.0
MASS0607,4.591549295774648,8.752025037870386,1.9061158824809736,142,10263.64,652.0,9.023277777777778,206.0,9.5,96.0,0.0546,9.5,AA,Z,AA-Z,0.95,0.00056875,0.048343750000000005,9.54834375,238.7605633802817,68.87323943661971,124.62793358270281,55.7546941460831,129.1134973322365,0,0,0.0,0.0,206.0,False,OK,0.0
MASS2164,1.028169014084507,8.177935772745254,7.953882737875522,142,416.37,146.0,1.3263157894736841,471.0,0.95,120.0,0.08505,0.95,C,Z,C-Z,0.75,0.00070875,0.06024375,1.0102437499999999,53.46478873239437,15.422535211267604,36.78565517619067,21.36311996492307,187.83443456293577,0,0,0.0,0.0,471.0,False,OK,0.0
MASS1657,9.492957746478874,15.840851434453096,1.6686950324127148,142,14630.119999999999,1348.0,4.259763912310286,397.0,3.6,100.0,0.12824375,3.6,AA,Z,AA-Z,0.95,0.0012824375,0.10900718749999999,3.7090071875,493.63380281690144,142.3943661971831,243.30836300590133,100.91399680871822,297.87083218139094,0,0,0.0,0.0,397.0,False,OK,0.0
MASS2365,0.3732394366197183,2.115827403603134,5.668820590785755,142,1310.67,53.0,9.434999999999999,136.0,6.29,10.0,0.096109548,6.29,B,Z,B-Z,0.85,0.0096109548,0.816931158,7.106931158,19.408450704225352,5.598591549295775,14.091711599686509,8.493120050390733,42.668635087787194,0,0,0.0,0.0,136.0,False,OK,0.0
MASS2074,0.6619718309859155,5.646673939653429,8.530081908838158,142,1305.58,94.0,8.653,177.0,8.0,54.0,0.064974,8.0,B,Z,B-Z,0.85,0.0012032222222222223,0.1022738888888889,8.102273888888888,34.42253521126761,9.929577464788732,32.5958306635231,22.66625319873437,53.219689561189355,0,0,0.0,0.0,177.0,False,OK,0.0
MASS2146,2.704225352112676,10.94459854626597,4.04722133742127,142,1096.16,384.0,1.2992592592592591,139.0,0.9,50.0,0.0625,0.9,B,Z,B-Z,0.85,0.00125,0.10625,1.00625,140.61971830985914,40.563380281690144,84.49597572802654,43.93259544633639,305.22811568881724,0,0,0.0,0.0,139.0,False,OK,0.0
MASS2642,0.2112676056338028,1.3518098502162736,6.398566624357029,142,413.86,30.0,6.56,20.0,,1.0,0.05,6.56,C,Z,C-Z,0.75,0.05,4.25,10.809999999999999,10.985915492957746,3.169014084507042,6.700330152821012,3.53131606831397,26.02912988178004,0,0,0.0,0.0,20.0,False,OK,0.0
MASS2587,0.20422535211267606,2.023054121180413,9.905989145090297,142,408.98,29.0,6.946923076923077,131.0,5.8,16.0,0.07710625,5.8,C,Z,C-Z,0.75,0.004819140625,0.409626953125,6.2096269531249995,10.619718309859156,3.063380281690141,8.348179415274073,5.284799133583932,33.76588319601342,0,0,0.0,0.0,131.0,False,OK,0.0
MASS2168,0.34507042253521125,1.1611059453306098,3.3648376374887063,142,407.86,49.0,2.312432432432432,43.0,2.58,100.0,0.0324,2.58,C,Z,C-Z,0.75,0.00032399999999999996,0.027539999999999995,2.60754,17.943661971830984,5.176056338028169,8.209198966116634,3.0331426280884655,67.73208121813727,0,0,0.0,0.0,43.0,False,OK,0.0
MASS2630,0.4647887323943662,2.1820088728066374,4.694625150583978,142,1085.38,66.0,6.385263157894737,34.0,,1.0,0.05,6.385263157894737,B,Z,B-Z,0.85,0.05,4.25,10.635263157894737,24.16901408450704,6.971830985915493,15.730609360846021,8.758778374930529,38.92330574025295,0,0,0.0,0.0,34.0,False,OK,0.0
MASS2320,0.007042253521126761,0.08391813582966891,11.916375287812984,142,1077.25,1.0,897.71,4.0,790.0,1.0,0.215424,790.0,B,Z,B-Z,0.85,0.215424,18.311040000000002,808.31104,0.36619718309859156,0.1056338028169014,0.4424886903151165,0.3368548874982151,0.5495694906438519,0,0,0.0,0.0,4.0,False,OK,0.0
MASS2301,0.4084507042253521,3.071615486374273,7.520162052847358,142,405.61,58.0,5.158571428571428,43.0,,1.0,0.05,5.158571428571428,C,Z,C-Z,0.75,0.05,4.25,9.408571428571427,21.23943661971831,6.126760563380282,14.150703517324677,8.023942953944395,38.793951963659005,0,0,0.0,0.0,43.0,False,OK,0.0
MASS2465,0.528169014084507,3.192841421058361,6.045113090537164,142,1059.22,75.0,6.3933333333333335,221.0,3.9,8.0,0.05,3.9,B,Z,B-Z,0.85,0.00625,0.53125,4.43125,27.464788732394364,7.922535211267605,20.738885658723664,12.81635044745606,64.28051913873863,0,0,0.0,0.0,221.0,False,OK,0.0
MASS2646,0.23943661971830985,1.3782997927336003,5.756428546122684,142,378.56,34.0,6.56,16.0,,1.0,0.05,6.56,C,Z,C-Z,0.75,0.05,4.25,10.809999999999999,12.450704225352112,3.5915492957746475,7.192064711648618,3.60051541587397,27.710124793227678,0,0,0.0,0.0,16.0,False,OK,0.0
MASS2687,0.07746478873239436,0.9230994941263581,11.916375287812986,142,25.3,11.0,0.45,174.0,,1.0,0.05,0.45,C,Z,C-Z,0.75,0.05,4.25,4.7,4.028169014084507,1.1619718309859155,3.5733731650858127,2.411401334099897,23.9033782415688,0,0,0.0,0.0,174.0,False,OK,0.0
MASS0548,0.014084507042253521,0.1182565724236352,8.3962166420781,142,25.02,2.0,10.52,1.0,,1.0,0.05,10.52,C,Z,C-Z,0.75,0.05,4.25,14.77,0.7323943661971831,0.2112676056338028,0.520187779811041,0.3089201741772382,5.74958660783628,0,0,0.0,0.0,1.0,False,OK,0.0
MASS3044,0.04929577464788732,0.36373680744241804,7.3786609509747665,142,24.79,7.0,0.835,633.0,1.67,80.0,0.05,1.67,C,Z,C-Z,0.75,0.000625,0.053125,1.723125,2.5633802816901405,0.7394366197183098,1.689621760441419,0.9501851407231092,31.492163561512992,0,0,0.0,0.0,633.0,False,OK,0.0
MASS0517,0.04929577464788732,0.41815984572620607,8.482671156160182,142,24.75,7.0,2.56,2.0,,1.0,0.05,2.56,C,Z,C-Z,0.75,0.05,4.25,6.8100000000000005,2.5633802816901405,0.7394366197183098,1.8317903868553038,1.092353767136994,15.841172900188305,0,0,0.0,0.0,2.0,False,OK,0.0
MASS2298,0.19718309859154928,1.1376187436718206,5.769352200049948,142,375.09,28.0,7.3521052631578945,43.0,,1.0,0.05,7.3521052631578945,C,Z,C-Z,0.75,0.05,4.25,11.602105263157895,10.253521126760562,2.957746478873239,5.929533782021482,2.9717873031482434,24.272945740113002,0,0,0.0,0.0,43.0,False,OK,0.0
MASS2188,1.056338028169014,4.055946772992973,3.8396296117666817,142,1117.05,150.0,4.324626865671642,34.0,1.9,1.0,0.002199375,1.9,B,Z,B-Z,0.85,0.002199375,0.18694687499999998,2.0869468749999998,54.92957746478873,15.84507042253521,32.12600279081905,16.280932368283842,132.46520096283174,0,0,0.0,0.0,34.0,False,OK,0.0
MASS2616,0.11267605633802817,0.8429818027977632,7.481463499830149,142,1112.74,16.0,50.75,33.0,23.7,2.0,0.10819575,23.7,B,Z,B-Z,0.85,0.054097875,4.598319375,28.298319375,5.859154929577465,1.6901408450704225,5.073945043496018,3.383804198425595,11.74874667126123,0,0,0.0,0.0,33.0,False,OK,0.0
MASS2190,0.9014084507042254,4.532483012380381,5.028223341859485,142,1106.24,128.0,3.7266176470588235,32.0,1.75,48.0,0.168777,1.75,B,Z,B-Z,0.85,0.0035161875,0.2988759375,2.0488759375,46.87323943661972,13.52112676056338,31.714918127925646,18.193791367362266,123.4977439252149,0,0,0.0,0.0,32.0,False,OK,0.0
MASS3024,0.28169014084507044,2.389000197961389,8.48095070276293,142,374.98,40.0,3.106923076923077,160.0,5.77,10.0,0.05,5.77,C,Z,C-Z,0.75,0.005,0.425,6.194999999999999,14.647887323943662,4.225352112676057,10.466107633814326,6.2407555211382695,39.70280679990456,0,0,0.0,0.0,160.0,False,OK,0.0
MASS1734,1.5070422535211268,3.026470638057583,2.008218834598957,142,1338.36,214.0,2.6408490566037734,148.0,2.5,40.0,0.0333,2.5,B,Z,B-Z,0.85,0.0008325000000000001,0.0707625,2.5707625,78.36619718309859,22.6056338028169,34.75415707755705,12.148523274740153,142.55674766765753,0,0,0.0,0.0,148.0,False,OK,0.0
MASS1334,1.3380281690140845,3.562785036886036,2.662713027567458,142,1329.12,190.0,5.0868,149.0,3.5,20.0,0.085648,3.5,B,Z,B-Z,0.85,0.0042824000000000004,0.36400400000000005,3.864004,69.5774647887324,20.070422535211268,34.37175967664315,14.301337141431883,109.56450649698498,0,0,0.0,0.0,149.0,False,OK,0.0
MASS2392,0.8943661971830986,6.607225516665004,7.387606483200241,142,1327.8400000000001,127.0,8.6425,183.0,4.5,10.0,0.05,4.5,B,Z,B-Z,0.85,0.005,0.425,4.925,46.50704225352113,13.41549295774648,39.937485922521645,26.521992964775166,79.34336462353292,0,0,0.0,0.0,183.0,False,OK,0.0
MASS2184,2.1690140845070425,8.492776931839469,3.9155010529909235,142,1320.12,308.0,1.4978899082568808,145.0,1.8,150.0,0.016,1.8,B,Z,B-Z,0.85,0.00010666666666666667,0.009066666666666667,1.8090666666666668,112.7887323943662,32.53521126760564,66.62597591148355,34.09076464387791,203.87310748181525,0,0,0.0,0.0,145.0,False,OK,0.0
MASS2344,0.15492957746478872,0.9400148983871963,6.067368889590086,142,1147.03,22.0,17.1,14.0,10.8,8.0,0.15845425,10.8,B,Z,B-Z,0.85,0.01980678125,1.6835764062499998,12.48357640625,8.056338028169014,2.323943661971831,6.09724736697281,3.773303705000979,20.742146563241906,0,0,0.0,0.0,14.0,False,OK,0.0
MASS0691,3.7253521126760565,9.047662890263242,2.4286732143995846,142,1146.1100000000001,529.0,0.7505343511450381,274.0,0.6,120.0,0.0504,0.6,B,Z,B-Z,0.85,0.00042,0.0357,0.6356999999999999,193.71830985915494,55.88028169014085,92.1984080985671,36.31812640842625,450.7270268913737,0,0,0.0,0.0,274.0,False,OK,0.0
MASS2286,0.16901408450704225,1.2260287675284425,7.2540035412099515,142,23.54,24.0,0.71,53.0,,1.0,0.05,0.71,C,Z,C-Z,0.75,0.05,4.25,4.96,8.788732394366196,2.535211267605634,5.737950977111148,3.202739709505514,34.369772123217636,0,0,0.0,0.0,53.0,False,OK,0.0
MASS2720,0.06338028169014084,0.6759788146874893,10.665443520624832,142,23.4,9.0,2.11,16.0,2.0,350.0,0.068172,2.0,C,Z,C-Z,0.75,0.00019477714285714285,0.016556057142857142,2.016556057142857,3.295774647887324,0.9507042253521126,2.71655528033877,1.7658510549866575,33.00866614710914,0,0,0.0,0.0,16.0,False,OK,0.0
MASS2787,0.2112676056338028,1.5882145107430077,7.51754868418357,142,21.85,30.0,0.2,42.0,0.13,432.0,0.051984,0.13,C,Z,C-Z,0.75,0.00012033333333333334,0.010228333333333334,0.14022833333333334,10.985915492957746,3.169014084507042,7.317887108933443,4.148873024426401,228.53599448645778,0,0,0.0,0.0,42.0,False,OK,0.0
MASS3048,0.04225352112676056,0.3122383031696097,7.389639841680763,142,21.34,6.0,1.67,634.0,1.67,80.0,0.05,1.67,C,Z,C-Z,0.75,0.000625,0.053125,1.723125,2.197183098591549,0.6338028169014085,1.449459055054671,0.8156562381532626,29.156078010573466,0,0,0.0,0.0,634.0,False,OK,0.0
MASS2795,0.14084507042253522,1.3557942337225752,9.626139059430283,142,19.33,20.0,0.2,52.0,0.13,432.0,0.051984,0.13,C,Z,C-Z,0.75,0.00012033333333333334,0.010228333333333334,0.14022833333333334,7.323943661971831,2.1126760563380285,5.654400480158415,3.5417244238203867,186.59885811711044,0,0,0.0,0.0,52.0,False,OK,0.0
MASS1903,0.36619718309859156,1.355204693860493,3.700751279388269,142,1134.08,52.0,8.708717948717949,46.0,2.65,32.0,0.408,2.65,B,Z,B-Z,0.85,0.01275,1.08375,3.7337499999999997,19.04225352112676,5.492957746478873,10.932870349089775,5.439912602610902,58.30971572251135,0,0,0.0,0.0,46.0,False,OK,0.0
MASS1943,0.704225352112676,2.016909834918158,2.864011965583784,142,1300.97,100.0,4.585925925925926,22.0,4.8,150.0,0.05828,4.8,B,Z,B-Z,0.85,0.0003885333333333333,0.03302533333333333,4.8330253333333335,36.61971830985915,10.56338028169014,18.65943638229764,8.096056100607498,71.07262145017908,0,0,0.0,0.0,22.0,False,OK,0.0
MASS1935,0.34507042253521125,1.0655519972461602,3.0879261961011175,142,387.38,49.0,4.0936,34.0,3.5,100.0,0.072,3.5,C,Z,C-Z,0.75,0.0007199999999999999,0.0612,3.5612,17.943661971830984,5.176056338028169,7.959584575300152,2.783528237271983,57.95777809795293,0,0,0.0,0.0,34.0,False,OK,0.0
MASS1803,2.464788732394366,9.451377603689936,3.83455891349706,142,1299.55,350.0,1.5428688524590166,269.0,1.25,100.0,0.06784,1.25,B,Z,B-Z,0.85,0.0006784,0.057664,1.307664,128.16901408450704,36.97183098591549,74.91050428838562,37.938673302470136,255.62175274491975,0,0,0.0,0.0,269.0,False,OK,0.0
MASS1043,1.3591549295774648,4.3029621156517734,3.1659099503759163,142,1287.35,193.0,3.973220338983051,49.0,1.8,20.0,0.106848,1.8,B,Z,B-Z,0.85,0.0053424,0.45410399999999995,2.254104,70.67605633802816,20.387323943661972,37.65979794521748,17.272474001555505,144.57844511308994,0,0,0.0,0.0,49.0,False,OK,0.0
MASS1742,5.52112676056338,15.102354477966143,2.735375428407133,142,2391.29,784.0,1.3578571428571427,172.0,0.9,50.0,0.05,0.9,A,Z,A-Z,0.9,0.001,0.085,0.985,287.09859154929575,82.8169014084507,157.77634853697896,74.95944712852825,440.8103532654997,0,0,0.0,0.0,172.0,False,OK,0.0
MASS2319,1.971830985915493,16.303392877519375,8.268149245027683,142,1285.06,280.0,1.676764705882353,352.0,1.8,100.0,0.080224125,1.8,B,Z,B-Z,0.85,0.00080224125,0.06819050624999999,1.86819050625,102.53521126760563,29.577464788732396,95.02073899042598,65.44327420169358,191.28473137340328,0,0,0.0,0.0,352.0,False,OK,0.0
MASS1741,2.788732394366197,10.212515604762851,3.6620636764553662,142,1279.28,396.0,1.3675675675675676,468.0,0.85,50.0,0.05,0.85,B,Z,B-Z,0.85,0.001,0.085,0.9349999999999999,145.01408450704224,41.83098591549295,82.82493509113598,40.99394917564303,321.55380840292634,0,0,0.0,0.0,468.0,False,OK,0.0
MASS3006,1.0422535211267605,4.747337050391828,4.5548774402408085,142,1200.3899999999999,148.0,3.837142857142857,52.0,4.74,10.0,0.05,4.74,B,Z,B-Z,0.85,0.005,0.425,5.165,54.197183098591545,15.633802816901408,34.69003747006049,19.05623465315908,83.63875602842724,0,0,0.0,0.0,52.0,False,OK,0.0
MASS1470,1.676056338028169,5.529481649843181,3.299102496965259,142,2389.25,238.0,5.611851851851852,71.0,5.1,100.0,0.06912,5.1,A,Z,A-Z,0.9,0.0006912,0.058752,5.158752,87.15492957746478,25.140845070422536,52.586028401558764,27.445183331136228,106.127521904191,0,0,0.0,0.0,71.0,False,OK,0.0
MASS1777,10.225352112676056,30.511105841355068,2.9838684775980853,142,13719.72,1452.0,5.348468468468468,539.0,2.35,1.0,0.05,2.35,AA,Z,AA-Z,0.95,0.05,4.25,6.6,531.7183098591549,153.38028169014083,347.75099782527843,194.3707161351376,231.75185045171364,0,0,0.0,0.0,539.0,False,OK,0.0
MASS2798,0.007042253521126761,0.08391813582966891,11.916375287812984,142,15.0,1.0,0.0,50.0,,1.0,0.05,1.0,C,Z,C-Z,0.75,0.05,4.25,5.25,0.36619718309859156,0.1056338028169014,0.32485210591689206,0.21921830309999066,6.819181006530122,0,0,0.0,0.0,50.0,False,OK,0.0
MASS2796,0.11971830985915492,1.2687313950210333,10.597638711352161,142,14.33,17.0,0.2,55.0,0.13,432.0,0.051984,0.13,C,Z,C-Z,0.75,0.00012033333333333334,0.010228333333333334,0.14022833333333334,6.225352112676056,1.7957746478873238,5.110065900385136,3.314291252497812,172.03564680907874,0,0,0.0,0.0,55.0,False,OK,0.0
MASS1265,3.5492957746478875,6.447361838601457,1.8165186132567595,142,20686.55,504.0,15.899013157894737,145.0,10.18,5.0,0.05,10.18,AA,Z,AA-Z,0.95,0.01,0.85,11.03,184.56338028169014,53.23943661971831,94.31229527870377,41.07285865898546,105.618350867609,0,0,0.0,0.0,145.0,False,OK,0.0
MASS2033,1.5422535211267605,4.100896354944197,2.6590286867674706,142,19293.31,219.0,29.209866666666663,51.0,22.8,1.0,0.0153,22.8,AA,Z,AA-Z,0.95,0.0153,1.3005,24.1005,80.19718309859155,23.133802816901408,49.258524924681886,26.124722107780478,47.09999935135137,0,0,0.0,0.0,51.0,False,OK,0.0
MASS3004,0.9859154929577465,4.015900869571651,4.0732708819941035,142,1131.84,140.0,4.010769230769231,60.0,4.74,10.0,0.05,4.74,B,Z,B-Z,0.85,0.005,0.425,5.165,51.267605633802816,14.788732394366198,30.908916931941143,16.120184537574943,81.3468471206487,0,0,0.0,0.0,60.0,False,OK,0.0
MASS3053,0.007042253521126761,0.08391813582966891,11.916375287812984,142,3.6,1.0,0.3666666666666667,559.0,1.1,70.0,0.05,1.1,C,Z,C-Z,0.75,0.0007142857142857143,0.060714285714285714,1.1607142857142858,0.36619718309859156,0.1056338028169014,0.32485210591689206,0.21921830309999066,14.502711418822777,0,0,0.0,0.0,559.0,False,OK,0.0
MASS2603,9.112676056338028,52.63861789121322,5.776417110164048,142,48000.1,1294.0,15.27081850533808,1310.0,6.95,1.0,0.05,6.95,AA,Z,AA-Z,0.95,0.05,4.25,11.2,473.85915492957747,136.69014084507043,472.02396679939636,335.3338259543259,167.94612850298608,0,0,0.0,0.0,1310.0,False,OK,0.0
MASS3030,0.007042253521126761,0.08391813582966891,11.916375287812984,142,7.0,1.0,1.06,319.0,5.3,16.0,0.05,5.3,C,Z,C-Z,0.75,0.003125,0.265625,5.565625,0.36619718309859156,0.1056338028169014,0.32485210591689206,0.21921830309999066,6.623002203315386,0,0,0.0,0.0,319.0,False,OK,0.0
MASS2303,3.1619718309859155,10.061962164962157,3.1821795711016176,142,32114.91,449.0,31.088465753424654,148.0,9.0,1.0,0.06625,9.0,AA,Z,AA-Z,0.95,0.06625,5.6312500000000005,14.631250000000001,164.42253521126761,47.429577464788736,111.52921390200724,64.0996364372185,86.55543136011833,0,0,0.0,0.0,148.0,False,OK,0.0
MASS2402,1.2112676056338028,8.456673881234458,6.9816726228796115,142,568.72,172.0,1.9495,160.0,1.5,30.0,0.041664,1.5,C,Z,C-Z,0.75,0.0013888,0.118048,1.618048,62.985915492957744,18.16901408450704,40.26027814543731,22.09126406093027,161.09438124017103,0,0,0.0,0.0,160.0,False,OK,0.0
MASS2482,0.8802816901408451,6.233611016342502,7.081382114565082,142,1264.28,125.0,3.63,205.0,3.7,30.0,0.05,3.7,B,Z,B-Z,0.85,0.0016666666666666668,0.14166666666666666,3.841666666666667,45.774647887323944,13.204225352112676,38.226496364897784,25.022271012785108,89.12653793078093,0,0,0.0,0.0,205.0,False,OK,0.0
MASS1074,1.5985915492957747,3.462176290841391,2.165766666517522,142,1253.91,227.0,1.6468253968253967,53.0,,1.0,0.05,1.6468253968253967,B,Z,B-Z,0.85,0.05,4.25,5.896825396825397,83.12676056338029,23.97887323943662,37.8763578942142,13.897484654777582,96.94282345423268,0,0,0.0,0.0,53.0,False,OK,0.0
MASS2072,37.50704225352113,145.78288269280844,3.8868136204241077,142,1248.4,5326.0,0.00840909090909091,4681.0,0.01,2.0,0.05,0.01,B,Z,B-Z,0.85,0.025,2.125,2.135,1950.3661971830986,562.6056338028169,1147.7911370690806,585.1855032662637,780.3932628552022,0,0,0.0,0.0,4681.0,False,OK,0.0
MASS1901,0.7746478873239436,2.5219444434496507,3.255601008816822,142,1237.3,110.0,4.7542857142857144,95.0,2.45,20.0,0.101376,2.45,B,Z,B-Z,0.85,0.0050688,0.430848,2.8808480000000003,40.28169014084507,11.619718309859154,21.743028406967305,10.12331009710815,96.54905790085631,0,0,0.0,0.0,95.0,False,OK,0.0
MASS2427,1.1830985915492958,10.209590622803942,8.629534931179522,142,1209.6,168.0,3.4466666666666668,110.0,3.1,14.0,0.05,3.1,B,Z,B-Z,0.85,0.0035714285714285718,0.3035714285714286,3.4035714285714285,61.52112676056338,17.746478873239436,58.72868691022441,40.98220803698497,109.7738955525234,0,0,0.0,0.0,110.0,False,OK,0.0
MASS0062,1.556338028169014,3.564053489356957,2.2900253189533393,142,1205.72,221.0,2.287922077922078,104.0,1.05,20.0,0.0485625,1.05,B,Z,B-Z,0.85,0.002428125,0.20639062500000002,1.256390625,80.92957746478874,23.34507042253521,37.651499245403585,14.306428822868376,207.22667724012052,0,0,0.0,0.0,104.0,False,OK,0.0
MASS0800,1.4225352112676057,3.7837351497096803,2.6598534220731413,142,364.85,202.0,0.76,39.0,0.8,200.0,0.014112,0.8,C,Z,C-Z,0.75,7.056e-05,0.0059976000000000005,0.8059976000000001,73.9718309859155,21.338028169014088,31.222232467626398,9.88420429861231,247.35499256962967,0,0,0.0,0.0,39.0,False,OK,0.0
MASS2426,1.056338028169014,9.66809085709773,9.152459344719185,142,1204.2,150.0,3.2899999999999996,114.0,3.1,14.0,0.05,3.1,B,Z,B-Z,0.85,0.0035714285714285718,0.3035714285714286,3.4035714285714285,54.92957746478873,15.84507042253521,54.65365006735103,38.80857964481582,103.72658145669865,0,0,0.0,0.0,114.0,False,OK,0.0
MASS1997,1.704225352112676,6.079600505252478,3.567368891511785,142,1193.14,242.0,1.3484065934065934,71.0,1.0,100.0,0.07,1.0,B,Z,B-Z,0.85,0.0007000000000000001,0.05950000000000001,1.0595,88.61971830985915,25.56338028169014,49.96743935644944,24.4040590747593,236.13973556191934,0,0,0.0,0.0,71.0,False,OK,0.0
MASS2430,0.30985915492957744,2.9731257248503065,9.595087566562354,142,1192.79,44.0,10.405555555555557,70.0,12.32,1.0,0.02562,12.32,B,Z,B-Z,0.85,0.02562,2.1777,14.4977,16.112676056338028,4.647887323943662,16.582279355664873,11.934392031721211,27.22003341489073,0,0,0.0,0.0,70.0,False,OK,0.0
MASS0948,1.323943661971831,3.664182193305852,2.7676269757948457,142,1134.7,188.0,2.3588297872340425,85.0,2.5,200.0,0.05,2.5,B,Z,B-Z,0.85,0.00025,0.02125,2.52125,68.84507042253522,19.859154929577464,34.5675093072807,14.708354377703238,134.92202138731784,0,0,0.0,0.0,85.0,False,OK,0.0
MASS1410,13.774647887323944,36.187728488225794,2.6271254832965556,142,22855.58,1956.0,4.859421052631578,634.0,2.35,14.0,0.05,2.35,AA,Z,AA-Z,0.95,0.0035714285714285718,0.3035714285714286,2.6535714285714285,716.2816901408451,206.61971830985917,437.1533062477514,230.53358793789224,424.2100020410955,0,0,0.0,0.0,634.0,False,OK,0.0
MASS0533,0.08450704225352113,0.46878381574826333,5.547275153021117,142,529.7,12.0,31.295384615384613,3.0,,1.0,0.05,31.295384615384613,C,Z,C-Z,0.75,0.05,4.25,35.54538461538461,4.394366197183098,1.267605633802817,2.492203768557146,1.2245981347543289,9.078432820901122,0,0,0.0,0.0,3.0,False,OK,0.0
MASS0337,0.19718309859154928,1.131367318243872,5.737648542522494,142,358.6,28.0,8.54,13.0,,1.0,0.05,8.54,C,Z,C-Z,0.75,0.05,4.25,12.79,10.253521126760562,2.957746478873239,5.913203261083165,2.955456782209926,23.11828500848788,0,0,0.0,0.0,13.0,False,OK,0.0
MASS0263,0.028169014084507043,0.33567254331867563,11.916375287812984,142,3.6,4.0,1.0,26.0,,1.0,0.05,1.0,C,Z,C-Z,0.75,0.05,4.25,5.25,1.4647887323943662,0.4225352112676056,1.2994084236675683,0.8768732123999626,13.638362013060243,0,0,0.0,0.0,26.0,False,OK,0.0
MASS3049,0.007042253521126761,0.08391813582966891,11.916375287812984,142,3.58,1.0,1.67,639.0,1.67,80.0,0.05,1.67,C,Z,C-Z,0.75,0.000625,0.053125,1.723125,0.36619718309859156,0.1056338028169014,0.32485210591689206,0.21921830309999066,11.902919004447647,0,0,0.0,0.0,639.0,False,OK,0.0
MASS3065,0.13380281690140844,0.9470287483517988,7.077793803471339,142,0.19,19.0,0.0071428571428571435,10.0,,1.0,0.05,0.0071428571428571435,C,Z,C-Z,0.75,0.05,4.25,4.257142857142857,6.957746478873239,2.0070422535211265,4.4809536809862625,2.473911427465136,33.008786489446656,0,0,0.0,0.0,10.0,False,OK,0.0
MASS2661,0.0,0.11909826683508273,0.0,142,0.0,0.0,0.0,1.0,,1.0,0.05,1.0,C,X,C-X,0.85,0.05,4.25,5.25,0.0,0.0,0.47807107342558897,0.47807107342558897,0.0,0,0,0.0,0.0,1.0,False,OK,0.0
MASS0309,0.0,0.23819653367016547,0.0,142,0.0,0.0,0.0,0.0,,1.0,0.05,1.0,C,X,C-X,0.85,0.05,4.25,5.25,0.0,0.0,0.9561421468511779,0.9561421468511779,0.0,0,0,0.0,0.0,0.0,True,REORDENAR,0.0
MASS0296,0.0,0.11909826683508273,0.0,142,0.0,0.0,0.0,4.0,,1.0,0.05,1.0,C,X,C-X,0.85,0.05,4.25,5.25,0.0,0.0,0.47807107342558897,0.47807107342558897,0.0,0,0,0.0,0.0,4.0,False,OK,0.0
MASS1328,3.9225352112676055,9.607232753852413,2.4492406661526798,142,21418.29,557.0,16.612178217821782,169.0,11.2,1.0,0.05,11.2,AA,Z,AA-Z,0.95,0.05,4.25,15.45,203.9718309859155,58.83802816901408,120.04081511986257,61.20278695084849,93.81563571881486,0,0,0.0,0.0,169.0,False,OK,0.0
MASS3040,0.014084507042253521,0.11825657242363519,8.396216642078098,142,7.2,2.0,1.67,638.0,1.67,80.0,0.05,1.67,C,Z,C-Z,0.75,0.000625,0.053125,1.723125,0.7323943661971831,0.2112676056338028,0.520187779811041,0.3089201741772382,16.833269487918322,0,0,0.0,0.0,638.0,False,OK,0.0
MASS0226,0.014084507042253521,0.16783627165933782,11.916375287812984,142,8.7,2.0,1.48,1.0,,1.0,0.05,1.48,C,Z,C-Z,0.75,0.05,4.25,5.73,0.7323943661971831,0.2112676056338028,0.6497042118337841,0.4384366061999813,9.231017131235278,0,0,0.0,0.0,1.0,False,OK,0.0
MASS0802,1.7112676056338028,5.6097445434505255,3.278122325802365,142,357.13,243.0,0.7630303030303031,44.0,0.8,200.0,0.014112,0.8,C,Z,C-Z,0.75,7.056e-05,0.0059976000000000005,0.8059976000000001,88.98591549295774,25.66901408450704,40.32328002453856,14.654265940031522,271.29896228116013,0,0,0.0,0.0,44.0,False,OK,0.0
MASS3042,0.014084507042253521,0.11825657242363519,8.396216642078098,142,7.779999999999999,2.0,1.67,638.0,1.67,80.0,0.05,1.67,C,Z,C-Z,0.75,0.000625,0.053125,1.723125,0.7323943661971831,0.2112676056338028,0.520187779811041,0.3089201741772382,16.833269487918322,0,0,0.0,0.0,638.0,False,OK,0.0
MASS3033,0.007042253521126761,0.08391813582966891,11.916375287812984,142,7.4,1.0,5.55,319.0,5.3,16.0,0.05,5.3,C,Z,C-Z,0.75,0.003125,0.265625,5.565625,0.36619718309859156,0.1056338028169014,0.32485210591689206,0.21921830309999066,6.623002203315386,0,0,0.0,0.0,319.0,False,OK,0.0
MASS2099,0.6830985915492958,3.1133884264185325,4.557743881973522,142,1029.29,97.0,4.283214285714285,33.0,3.7,80.0,0.105096,3.7,B,Z,B-Z,0.85,0.0013137,0.11166449999999999,3.8116645,35.52112676056338,10.246478873239436,22.74389790847824,12.497419035238803,78.82072106629782,0,0,0.0,0.0,33.0,False,OK,0.0
