sku,demanda_lead_time,demanda_semanal_media,p90_lead_time,modelo,stock_disponible,producto_catalogo,cbm_caja,unidades_por_caja,costo_fob,stock_seguridad,punto_reorden_rop,deficit_unidades,sugerencia_cajas,sugerencia_unidades_ajustadas,cbm_total_sugerido,inversion_fob_estimada
MASS0001,0.0,0.0,0.012213073670864105,TimesFM-3.0-PyTorch,0.0,,0.05,1.0,0.0,0.012213073670864105,0.012213073670864105,0.012213073670864105,1,1.0,0.05,0.0
MASS0003,0.00022150203585624695,1.4766802390416463e-05,0.015318889170885086,TimesFM-3.0-PyTorch,0.0,,0.05,1.0,0.0,0.015097387135028839,0.015318889170885086,0.015318889170885086,1,1.0,0.05,0.0
MASS0006,0.11119318008422852,0.007412878672281901,1.2156705856323242,TimesFM-3.0-PyTorch,0.0,,0.062322,200.0,0.0,1.1044774055480957,1.2156705856323242,1.2156705856323242,1,200.0,0.062322,0.0
MASS0007,8.233077824115753e-05,5.488718549410502e-06,0.004161873832345009,TimesFM-3.0-PyTorch,0.0,,0.05,1.0,0.0,0.004079543054103851,0.004161873832345009,0.004161873832345009,1,1.0,0.05,0.0
MASS0009,0.005362451076507568,0.0003574967384338379,0.07774591445922852,TimesFM-3.0-PyTorch,0.0,,0.05,1.0,0.0,0.07238346338272095,0.07774591445922852,0.07774591445922852,1,1.0,0.05,0.0
MASS0010,0.007212348282337189,0.00048082321882247925,0.02234286069869995,TimesFM-3.0-PyTorch,0.0,,0.05,1.0,0.0,0.015130512416362762,0.02234286069869995,0.02234286069869995,1,1.0,0.05,0.0
MASS0011,0.0,0.0,0.0036119893193244934,TimesFM-3.0-PyTorch,0.0,,0.05,1.0,0.0,0.0036119893193244934,0.0036119893193244934,0.0036119893193244934,1,1.0,0.05,0.0
MASS0012,0.0013947822153568268,9.298548102378845e-05,0.012179341167211533,TimesFM-3.0-PyTorch,0.0,,0.05,1.0,0.0,0.010784558951854706,0.012179341167211533,0.012179341167211533,1,1.0,0.05,0.0
MASS0013,0.40634238719940186,0.027089492479960123,77.10599541664124,TimesFM-3.0-PyTorch,0.0,,0.05,1.0,0.0,76.69965302944183,77.10599541664124,77.10599541664124,78,78.0,3.9000000000000004,0.0
MASS0016,0.003717482089996338,0.0002478321393330892,0.03328031301498413,TimesFM-3.0-PyTorch,0.0,,0.05,1.0,0.0,0.029562830924987793,0.03328031301498413,0.03328031301498413,1,1.0,0.05,0.0
MASS0018,16.757377862930298,1.1171585241953532,252.9794464111328,TimesFM-3.0-PyTorch,207.0,ANILLO JOY VIBRADOR RETARDANTE POTENTE LATEX MORADO XQRE036,0.05,1.0,0.0,236.22206854820251,252.9794464111328,45.97944641113281,46,46.0,2.3000000000000003,0.0
MASS0019,0.4227006435394287,0.028180042902628582,60.13386821746826,TimesFM-3.0-PyTorch,0.0,,0.05,1.0,0.0,59.71116757392883,60.13386821746826,60.13386821746826,61,61.0,3.0500000000000003,0.0
MASS0020,11.239389777183533,0.7492926518122355,224.05200386047363,TimesFM-3.0-PyTorch,232.0,ANILLO JOY VIBRADOR RETARDANTE POTENTE LATEX FUCSIA XQRE036,0.05,1.0,0.0,212.8126140832901,224.05200386047363,0.0,0,0.0,0.0,0.0
MASS0021,37.032878398895264,2.468858559926351,584.7670440673828,TimesFM-3.0-PyTorch,0.0,,0.05,600.0,0.0,547.7341656684875,584.7670440673828,584.7670440673828,1,600.0,0.05,0.0
MASS0022,0.002283714711666107,0.00015224764744440714,0.010598011314868927,TimesFM-3.0-PyTorch,0.0,,0.05,1.0,0.0,0.00831429660320282,0.010598011314868927,0.010598011314868927,1,1.0,0.05,0.0
MASS0023,17.146897673606873,1.1431265115737914,180.19121170043945,TimesFM-3.0-PyTorch,119.0,ANTENA MINI USB WIFFI 150 MBPS CON ANTENA,0.090901125,500.0,0.0,163.04431402683258,180.19121170043945,61.19121170043945,1,500.0,0.090901125,0.0
MASS0025,1.616267204284668,0.1077511469523112,49.099040031433105,TimesFM-3.0-PyTorch,1.0,ARNE REALISTICO CON CINTURON QBTG7801,0.045,30.0,0.0,47.48277282714844,49.099040031433105,48.099040031433105,2,60.0,0.09,0.0
MASS0026,0.0026324763894081116,0.00017549842596054077,0.009941397234797478,TimesFM-3.0-PyTorch,0.0,,0.05,1.0,0.0,0.007308920845389366,0.009941397234797478,0.009941397234797478,1,1.0,0.05,0.0
MASS0040,228.09937286376953,15.206624857584636,1549.1792335510254,TimesFM-3.0-PyTorch,0.0,,0.056448,100.0,0.0,1321.0798606872559,1549.1792335510254,1549.1792335510254,16,1600.0,0.903168,0.0
MASS0045,0.0,0.0,0.013739913702011108,TimesFM-3.0-PyTorch,0.0,,0.05,1.0,0.0,0.013739913702011108,0.013739913702011108,0.013739913702011108,1,1.0,0.05,0.0
MASS0046,0.9587278366088867,0.06391518910725912,83.01351833343506,TimesFM-3.0-PyTorch,0.0,,0.05,1.0,0.0,82.05479049682617,83.01351833343506,83.01351833343506,84,84.0,4.2,0.0
MASS0047,1.0874072313308716,0.0724938154220581,91.27971267700195,TimesFM-3.0-PyTorch,5.0,BALA VIBRADORA CON FUNDA DRAGON ROSADO LXB001,0.05,1.0,0.0,90.19230544567108,91.27971267700195,86.27971267700195,87,87.0,4.3500000000000005,0.0
MASS0048,0.0,0.0,0.012344688177108765,TimesFM-3.0-PyTorch,0.0,,0.05,1.0,0.0,0.012344688177108765,0.012344688177108765,0.012344688177108765,1,1.0,0.05,0.0
MASS0049,0.34461450576782227,0.022974300384521484,70.65056014060974,TimesFM-3.0-PyTorch,20.0,BALA VIBRADORA CON FUNDA DRAGON ROJA LXB001,0.045864,100.0,0.0,70.30594563484192,70.65056014060974,50.65056014060974,1,100.0,0.045864,0.0
MASS0050,2.9970588088035583,0.19980392058690388,68.31983089447021,TimesFM-3.0-PyTorch,6.0,BALA VIBRADORA CON FUNDA DRAGON AZUL LXB001,0.05,1.0,0.0,65.32277208566666,68.31983089447021,62.319830894470215,63,63.0,3.1500000000000004,0.0
MASS0051,0.01808023452758789,0.0012053489685058595,24.20419853925705,TimesFM-3.0-PyTorch,0.0,,0.05,1.0,0.0,24.18611830472946,24.20419853925705,24.20419853925705,25,25.0,1.25,0.0
MASS0052,0.02009040117263794,0.0013393600781758626,21.553106784820557,TimesFM-3.0-PyTorch,2.0,BALA VIBRADORA GRANDE COLORES AZUL CZDV001,0.05,1.0,0.0,21.53301638364792,21.553106784820557,19.553106784820557,20,20.0,1.0,0.0
MASS0053,0.10220444202423096,0.006813629468282064,29.15661346912384,TimesFM-3.0-PyTorch,0.0,,0.05,1.0,0.0,29.05440902709961,29.15661346912384,29.15661346912384,30,30.0,1.5,0.0
MASS0054,737.9149823188782,49.194332154591876,7176.738189697266,TimesFM-3.0-PyTorch,0.0,,0.05,1.0,0.0,6438.823207378387,7176.738189697266,7176.738189697266,7177,7177.0,358.85,0.0
MASS0055,0.2688019275665283,0.01792012850443522,32.354198694229126,TimesFM-3.0-PyTorch,0.0,,0.05,1.0,0.0,32.0853967666626,32.354198694229126,32.354198694229126,33,33.0,1.6500000000000001,0.0
MASS0056,0.01938694715499878,0.0012924631436665853,0.1177901029586792,TimesFM-3.0-PyTorch,0.0,,0.05,1.0,0.0,0.09840315580368042,0.1177901029586792,0.1177901029586792,1,1.0,0.05,0.0
MASS0057,0.049883127212524414,0.0033255418141682944,0.43377041816711426,TimesFM-3.0-PyTorch,0.0,,0.076032,40.0,0.0,0.38388729095458984,0.43377041816711426,0.43377041816711426,1,40.0,0.076032,0.0
MASS0058,25.146132230758667,1.6764088153839112,203.24045276641846,TimesFM-3.0-PyTorch,0.0,,0.03942,10.0,0.0,178.0943205356598,203.24045276641846,203.24045276641846,21,210.0,0.8278199999999999,0.0
MASS0061,25.739389181137085,1.7159592787424722,199.80742263793945,TimesFM-3.0-PyTorch,82.0,BASE LAPTO M25 ERGOSTAND,0.141024,20.0,0.0,174.06803345680237,199.80742263793945,117.80742263793945,6,120.0,0.846144,0.0
MASS0062,0.009307503700256348,0.0006205002466837565,40.68813240528107,TimesFM-3.0-PyTorch,104.0,BASE TV FIJA 14-43 B27,0.0485625,20.0,0.0,40.67882490158081,40.68813240528107,0.0,0,0.0,0.0,0.0
MASS0063,0.3916897773742676,0.02611265182495117,39.27970051765442,TimesFM-3.0-PyTorch,0.0,,0.05,1.0,0.0,38.88801074028015,39.27970051765442,39.27970051765442,40,40.0,2.0,0.0
MASS0064,0.000867009162902832,5.78006108601888e-05,0.029768094420433044,TimesFM-3.0-PyTorch,0.0,,0.05,1.0,0.0,0.028901085257530212,0.029768094420433044,0.029768094420433044,1,1.0,0.05,0.0
MASS0065,0.02149897813796997,0.001433265209197998,2.110701099038124,TimesFM-3.0-PyTorch,121.0,"""BASE TV INCLINACION 15-42"""" HT-001""",0.05,1.0,0.0,2.089202120900154,2.110701099038124,0.0,0,0.0,0.0,0.0
MASS0066,39.99854564666748,2.666569709777832,436.3633518218994,TimesFM-3.0-PyTorch,0.0,,0.047138,10.0,0.0,396.36480617523193,436.3633518218994,436.3633518218994,44,440.0,2.074072,0.0
MASS0082,0.006034165620803833,0.0004022777080535889,0.06030251085758209,TimesFM-3.0-PyTorch,0.0,,0.05,1.0,0.0,0.05426834523677826,0.06030251085758209,0.06030251085758209,1,1.0,0.05,0.0
MASS0098,0.0,0.0,0.513870045542717,TimesFM-3.0-PyTorch,0.0,,0.05,1.0,0.0,0.513870045542717,0.513870045542717,0.513870045542717,1,1.0,0.05,0.0
MASS0100,0.01885417103767395,0.00125694473584493,0.059871360659599304,TimesFM-3.0-PyTorch,0.0,,0.05,1.0,0.0,0.041017189621925354,0.059871360659599304,0.059871360659599304,1,1.0,0.05,0.0
MASS0101,0.002542654052376747,0.0001695102701584498,0.007710658013820648,TimesFM-3.0-PyTorch,0.0,,0.05,1.0,0.0,0.005168003961443901,0.007710658013820648,0.007710658013820648,1,1.0,0.05,0.0
MASS0104,0.014517754316329956,0.0009678502877553304,0.07727125287055969,TimesFM-3.0-PyTorch,0.0,,0.05,1.0,0.0,0.06275349855422974,0.07727125287055969,0.07727125287055969,1,1.0,0.05,0.0
MASS0105,0.0003479793667793274,2.319862445195516e-05,0.011868461966514587,TimesFM-3.0-PyTorch,0.0,,0.05,1.0,0.0,0.01152048259973526,0.011868461966514587,0.011868461966514587,1,1.0,0.05,0.0
MASS0107,0.012850441038608551,0.0008566960692405701,0.055725544691085815,TimesFM-3.0-PyTorch,0.0,,0.05,1.0,0.0,0.042875103652477264,0.055725544691085815,0.055725544691085815,1,1.0,0.05,0.0
MASS0113,0.06316184997558594,0.0042107899983723955,0.836575984954834,TimesFM-3.0-PyTorch,0.0,,0.05,100.0,0.0,0.773414134979248,0.836575984954834,0.836575984954834,1,100.0,0.05,0.0
MASS0120,0.0015041176229715347,0.00010027450819810232,0.0066055599600076675,TimesFM-3.0-PyTorch,0.0,,0.05,1.0,0.0,0.005101442337036133,0.0066055599600076675,0.0066055599600076675,1,1.0,0.05,0.0
MASS0121,0.0009834393858909607,6.556262572606404e-05,0.018918849527835846,TimesFM-3.0-PyTorch,0.0,,0.05,1.0,0.0,0.017935410141944885,0.018918849527835846,0.018918849527835846,1,1.0,0.05,0.0
MASS0122,30.039852619171143,2.002656841278076,167.6319580078125,TimesFM-3.0-PyTorch,111.0,CARGADOR LAPTO UNIVERSAL DE 12V A 24V,0.07930125,100.0,0.0,137.59210538864136,167.6319580078125,56.6319580078125,1,100.0,0.07930125,0.0
MASS0123,0.00010872632265090942,7.248421510060628e-06,0.006677862256765366,TimesFM-3.0-PyTorch,1.0,CARGADOR UNIVERSAL PARA TELEFONO,0.05,1.0,0.0,0.006569135934114456,0.006677862256765366,0.0,0,0.0,0.0,0.0
MASS0127,32.74418115615845,2.182945410410563,224.8675880432129,TimesFM-3.0-PyTorch,329.0,CASE EXTERNO 2.5 USB 2.0,0.06784,100.0,0.0,192.12340688705444,224.8675880432129,0.0,0,0.0,0.0,0.0
MASS0128,4.810621738433838,0.3207081158955892,262.98531341552734,TimesFM-3.0-PyTorch,0.0,,0.06784,100.0,0.0,258.1746916770935,262.98531341552734,262.98531341552734,3,300.0,0.20351999999999998,0.0
MASS0132,0.0002936162054538727,1.9574413696924844e-05,0.01977478340268135,TimesFM-3.0-PyTorch,0.0,,0.05,1.0,0.0,0.019481167197227478,0.01977478340268135,0.01977478340268135,1,1.0,0.05,0.0
MASS0136,0.0008939206600189209,5.959471066792806e-05,0.033883266150951385,TimesFM-3.0-PyTorch,0.0,,0.05,1.0,0.0,0.032989345490932465,0.033883266150951385,0.033883266150951385,1,1.0,0.05,0.0
MASS0137,7.876226425170898,0.5250817616780599,435.23920249938965,TimesFM-3.0-PyTorch,1.0,CEPILLO SECADOR ONE STEP,0.05,45.0,0.0,427.36297607421875,435.23920249938965,434.23920249938965,10,450.0,0.5,0.0
MASS0140,0.0,0.0,0.008119877427816391,TimesFM-3.0-PyTorch,0.0,,0.05,1.0,0.0,0.008119877427816391,0.008119877427816391,0.008119877427816391,1,1.0,0.05,0.0
MASS0143,0.005803100764751434,0.0003868733843167623,0.6436799615621567,TimesFM-3.0-PyTorch,0.0,,0.05,1.0,0.0,0.6378768607974052,0.6436799615621567,0.6436799615621567,1,1.0,0.05,0.0
MASS0146,0.0030699046328663826,0.00020466030885775885,0.007722136564552784,TimesFM-3.0-PyTorch,0.0,,0.05,1.0,0.0,0.004652231931686401,0.007722136564552784,0.007722136564552784,1,1.0,0.05,0.0
MASS0149,0.0022582411766052246,0.00015054941177368165,28.764540553092957,TimesFM-3.0-PyTorch,0.0,,0.08096,40.0,0.0,28.76228231191635,28.764540553092957,28.764540553092957,1,40.0,0.08096,0.0
MASS0150,0.012530237436294556,0.0008353491624196371,4.8995812982320786,TimesFM-3.0-PyTorch,0.0,,0.05,1.0,0.0,4.887051060795784,4.8995812982320786,4.8995812982320786,5,5.0,0.25,0.0
MASS0151,0.036618590354919434,0.0024412393569946287,0.6755158305168152,TimesFM-3.0-PyTorch,0.0,,0.05,1.0,0.0,0.6388972401618958,0.6755158305168152,0.6755158305168152,1,1.0,0.05,0.0
MASS0153,8.531179666519165,0.5687453111012777,178.15112113952637,TimesFM-3.0-PyTorch,166.0,CONTROL AIRE ACONDICIONADO UNIVERSAL K-1028E,0.05,300.0,0.0,169.6199414730072,178.15112113952637,12.151121139526367,1,300.0,0.05,0.0
MASS0158,10.876578330993652,0.7251052220662435,99.17779541015625,TimesFM-3.0-PyTorch,117.0,CONTROL PLAYSTATION INALAMBRICO PS3 NEGRO,0.05,1.0,0.0,88.3012170791626,99.17779541015625,0.0,0,0.0,0.0,0.0
MASS0167,29.760098934173584,1.9840065956115722,311.4956111907959,TimesFM-3.0-PyTorch,132.0,CONTROL PLAYSTATION INALAMBRICO PS4 NEGRO,0.05,1.0,0.0,281.7355122566223,311.4956111907959,179.4956111907959,180,180.0,9.0,0.0
MASS0170,0.013704583048820496,0.0009136388699213664,0.04202832281589508,TimesFM-3.0-PyTorch,0.0,,0.05,1.0,0.0,0.028323739767074585,0.04202832281589508,0.04202832281589508,1,1.0,0.05,0.0
MASS0171,4.813489198684692,0.3208992799123128,179.84899806976318,TimesFM-3.0-PyTorch,0.0,,0.0722,300.0,0.0,175.0355088710785,179.84899806976318,179.84899806976318,1,300.0,0.0722,0.0
MASS0172,0.10963940620422363,0.0073092937469482425,0.5722732543945312,TimesFM-3.0-PyTorch,0.0,,0.0007,100.0,0.0,0.4626338481903076,0.5722732543945312,0.5722732543945312,1,100.0,0.0007,0.0
MASS0173,0.37057292461395264,0.024704861640930175,62.061901569366455,TimesFM-3.0-PyTorch,54.0,CONVERTIDOR MINI HDMI A VGA,0.05,1.0,0.0,61.6913286447525,62.061901569366455,8.061901569366455,9,9.0,0.45,0.0
MASS0174,0.009535551071166992,0.0006357034047444662,0.1515653133392334,TimesFM-3.0-PyTorch,0.0,,0.05,200.0,0.0,0.1420297622680664,0.1515653133392334,0.1515653133392334,1,200.0,0.05,0.0
MASS0176,0.0018812865018844604,0.0001254191001256307,0.012702219188213348,TimesFM-3.0-PyTorch,0.0,,0.05,1.0,0.0,0.010820932686328888,0.012702219188213348,0.012702219188213348,1,1.0,0.05,0.0
MASS0180,0.06647145748138428,0.004431430498758952,0.3575218915939331,TimesFM-3.0-PyTorch,0.0,,0.05,1.0,0.0,0.29105043411254883,0.3575218915939331,0.3575218915939331,1,1.0,0.05,0.0
MASS0181,0.013816356658935547,0.0009210904439290365,0.140755295753479,TimesFM-3.0-PyTorch,0.0,,0.05,1.0,0.0,0.12693893909454346,0.140755295753479,0.140755295753479,1,1.0,0.05,0.0
MASS0182,0.037674903869628906,0.0025116602579752603,7.8310816287994385,TimesFM-3.0-PyTorch,0.0,,0.0694025,50.0,0.0,7.79340672492981,7.8310816287994385,7.8310816287994385,1,50.0,0.0694025,0.0
MASS0183,0.001101076602935791,7.340510686238607e-05,0.12154728174209595,TimesFM-3.0-PyTorch,0.0,,0.05,1.0,0.0,0.12044620513916016,0.12154728174209595,0.12154728174209595,1,1.0,0.05,0.0
MASS0184,0.005523681640625,0.0003682454427083333,0.12443381547927856,TimesFM-3.0-PyTorch,0.0,,0.05,1.0,0.0,0.11891013383865356,0.12443381547927856,0.12443381547927856,1,1.0,0.05,0.0
MASS0187,0.008845813572406769,0.0005897209048271179,0.03276830166578293,TimesFM-3.0-PyTorch,0.0,,0.05,1.0,0.0,0.02392248809337616,0.03276830166578293,0.03276830166578293,1,1.0,0.05,0.0
MASS0188,0.0,0.0,0.011741075664758682,TimesFM-3.0-PyTorch,0.0,,0.05,1.0,0.0,0.011741075664758682,0.011741075664758682,0.011741075664758682,1,1.0,0.05,0.0
MASS0189,41.64555048942566,2.7763700326283773,252.75256156921387,TimesFM-3.0-PyTorch,101.0,CRONOMETRO DIGITAL DEPORTIVO ZSD-009,0.120615,300.0,0.0,211.1070110797882,252.75256156921387,151.75256156921387,1,300.0,0.120615,0.0
MASS0196,2.3651868104934692e-05,1.576791206995646e-06,0.0021453918889164925,TimesFM-3.0-PyTorch,0.0,,0.05,1.0,0.0,0.0021217400208115578,0.0021453918889164925,0.0021453918889164925,1,1.0,0.05,0.0
MASS0200,201.485502243042,13.4323668162028,1222.113754272461,TimesFM-3.0-PyTorch,208.0,DISPENSADOR DE AGUA ELECTRONICO,0.05,60.0,0.0,1020.628252029419,1222.113754272461,1014.1137542724609,17,1020.0,0.8500000000000001,0.0
MASS0204,0.09132575988769531,0.006088383992513021,0.605567455291748,TimesFM-3.0-PyTorch,0.0,,0.05,150.0,0.0,0.5142416954040527,0.605567455291748,0.605567455291748,1,150.0,0.05,0.0
MASS0206,0.0,0.0,0.015759319067001343,TimesFM-3.0-PyTorch,1.0,ESMERIL 6-AMP 4-1/2-INCH HYPER TOUGH,0.05,1.0,0.0,0.015759319067001343,0.015759319067001343,0.0,0,0.0,0.0,0.0
MASS0208,8.057662963867188,0.5371775309244792,361.65195655822754,TimesFM-3.0-PyTorch,1.0,ESENCIAS A BASE DE ACEITE,0.05,1.0,0.0,353.59429359436035,361.65195655822754,360.65195655822754,361,361.0,18.05,0.0
MASS0210,6.68637877702713,0.445758585135142,101.18483591079712,TimesFM-3.0-PyTorch,57.0,ESTIMULADOR Y SUCCIONADOR DE CLITORIS MNMLKX003,0.068145,45.0,0.0,94.49845713376999,101.18483591079712,44.18483591079712,1,45.0,0.068145,0.0
MASS0212,0.02204805612564087,0.0014698704083760579,0.11159548163414001,TimesFM-3.0-PyTorch,0.0,,0.05,1.0,0.0,0.08954742550849915,0.11159548163414001,0.11159548163414001,1,1.0,0.05,0.0
MASS0223,0.001324707642197609,8.831384281317393e-05,0.010999675840139389,TimesFM-3.0-PyTorch,0.0,,0.05,1.0,0.0,0.00967496819794178,0.010999675840139389,0.010999675840139389,1,1.0,0.05,0.0
MASS0226,0.00013920478522777557,9.280319015185038e-06,0.0047475602477788925,TimesFM-3.0-PyTorch,1.0,FAN COOLER EXTRACTOR ACRILICO 8CM,0.05,1.0,0.0,0.004608355462551117,0.0047475602477788925,0.0,0,0.0,0.0,0.0
MASS0234,97.07116985321045,6.471411323547363,468.8518829345703,TimesFM-3.0-PyTorch,11.0,HUMIDIFICADOR H2O GRIS,0.05,1.0,0.0,371.78071308135986,468.8518829345703,457.8518829345703,458,458.0,22.900000000000002,0.0
MASS0235,1.2217411994934082,0.08144941329956054,123.70665693283081,TimesFM-3.0-PyTorch,0.0,,0.05,1.0,0.0,122.4849157333374,123.70665693283081,123.70665693283081,124,124.0,6.2,0.0
MASS0236,4.374276757240295,0.29161845048268636,136.59302139282227,TimesFM-3.0-PyTorch,0.0,,0.05,1.0,0.0,132.21874463558197,136.59302139282227,136.59302139282227,137,137.0,6.8500000000000005,0.0
MASS0237,5.023611307144165,0.3349074204762777,158.53505563735962,TimesFM-3.0-PyTorch,0.0,,0.05,1.0,0.0,153.51144433021545,158.53505563735962,158.53505563735962,159,159.0,7.95,0.0
MASS0238,9.870781898498535,0.658052126566569,176.29300355911255,TimesFM-3.0-PyTorch,0.0,,0.07623,60.0,0.0,166.422221660614,176.29300355911255,176.29300355911255,3,180.0,0.22869,0.0
MASS0239,14.244858741760254,0.9496572494506836,157.73387050628662,TimesFM-3.0-PyTorch,1.0,HUMIDIFICADOR WITH COLOR CHANGING LED MARRON CLARO,0.05,1.0,0.0,143.48901176452637,157.73387050628662,156.73387050628662,157,157.0,7.8500000000000005,0.0
MASS0244,0.005575846880674362,0.00037172312537829083,0.014676179736852646,TimesFM-3.0-PyTorch,0.0,,0.05,1.0,0.0,0.009100332856178284,0.014676179736852646,0.014676179736852646,1,1.0,0.05,0.0
MASS0245,0.0018649473786354065,0.00012432982524236043,0.12966131046414375,TimesFM-3.0-PyTorch,1.0,KERATINA 500ML BELLAFEME,0.05,1.0,0.0,0.12779636308550835,0.12966131046414375,0.0,0,0.0,0.0,0.0
MASS0246,0.02697014808654785,0.0017980098724365234,0.3859785795211792,TimesFM-3.0-PyTorch,0.0,,0.05,1.0,0.0,0.35900843143463135,0.3859785795211792,0.3859785795211792,1,1.0,0.05,0.0
MASS0247,2.0242819786071777,0.1349521319071452,170.8908658027649,TimesFM-3.0-PyTorch,0.0,,0.05,1.0,0.0,168.86658382415771,170.8908658027649,170.8908658027649,171,171.0,8.55,0.0
MASS0249,0.0035883188247680664,0.00023922125498453776,0.056484341621398926,TimesFM-3.0-PyTorch,0.0,,0.05,1.0,0.0,0.05289602279663086,0.056484341621398926,0.056484341621398926,1,1.0,0.05,0.0
MASS0250,0.007612705230712891,0.000507513682047526,0.036645591259002686,TimesFM-3.0-PyTorch,0.0,,0.05,1.0,0.0,0.029032886028289795,0.036645591259002686,0.036645591259002686,1,1.0,0.05,0.0
MASS0251,0.3924986720085144,0.02616657813390096,31.57526683807373,TimesFM-3.0-PyTorch,0.0,,0.055,30.0,0.0,31.182768166065216,31.57526683807373,31.57526683807373,2,60.0,0.11,0.0
MASS0252,0.0013456866145133972,8.971244096755981e-05,0.03420483320951462,TimesFM-3.0-PyTorch,0.0,,0.05,1.0,0.0,0.03285914659500122,0.03420483320951462,0.03420483320951462,1,1.0,0.05,0.0
MASS0253,0.00041006505489349365,2.733767032623291e-05,5.373888589441776,TimesFM-3.0-PyTorch,0.0,,0.05,1.0,0.0,5.373478524386883,5.373888589441776,5.373888589441776,6,6.0,0.30000000000000004,0.0
MASS0254,0.011391133069992065,0.0007594088713328043,0.06304721534252167,TimesFM-3.0-PyTorch,0.0,,0.05,1.0,0.0,0.0516560822725296,0.06304721534252167,0.06304721534252167,1,1.0,0.05,0.0
MASS0257,0.0003879368305206299,2.586245536804199e-05,0.039134830236434937,TimesFM-3.0-PyTorch,1.0,LAMPARA ANTI MOSQUITO,0.05,1.0,0.0,0.03874689340591431,0.039134830236434937,0.0,0,0.0,0.0,0.0
MASS0262,6.872415542602539e-05,4.581610361735026e-06,0.1212419867515564,TimesFM-3.0-PyTorch,0.0,,0.05,1.0,0.0,0.12117326259613037,0.1212419867515564,0.1212419867515564,1,1.0,0.05,0.0
MASS0263,0.018221180886030197,0.0012147453924020132,0.06977910920977592,TimesFM-3.0-PyTorch,26.0,LECTOR MEMORIA OTG,0.05,1.0,0.0,0.05155792832374573,0.06977910920977592,0.0,0,0.0,0.0,0.0
MASS0264,0.001344531774520874,8.963545163472493e-05,0.10480111837387085,TimesFM-3.0-PyTorch,0.0,,0.05,1.0,0.0,0.10345658659934998,0.10480111837387085,0.10480111837387085,1,1.0,0.05,0.0
MASS0267,0.0004029273986816406,2.6861826578776043e-05,0.771409273147583,TimesFM-3.0-PyTorch,0.0,,0.062208,240.0,0.0,0.7710063457489014,0.771409273147583,0.771409273147583,1,240.0,0.062208,0.0
MASS0268,0.0012713270261883736,8.47551350792249e-05,0.003855329006910324,TimesFM-3.0-PyTorch,0.0,,0.05,1.0,0.0,0.0025840019807219505,0.003855329006910324,0.003855329006910324,1,1.0,0.05,0.0
MASS0269,0.0012713270261883736,8.47551350792249e-05,0.003855329006910324,TimesFM-3.0-PyTorch,0.0,,0.05,1.0,0.0,0.0025840019807219505,0.003855329006910324,0.003855329006910324,1,1.0,0.05,0.0
MASS0272,3.3989913761615753,0.22659942507743835,27.220792464911938,TimesFM-3.0-PyTorch,0.0,,0.05,1.0,0.0,23.821801088750362,27.220792464911938,27.220792464911938,28,28.0,1.4000000000000001,0.0
MASS0273,0.25841426849365234,0.017227617899576823,12.898010492324829,TimesFM-3.0-PyTorch,0.0,,0.05,1.0,0.0,12.639596223831177,12.898010492324829,12.898010492324829,13,13.0,0.65,0.0
MASS0274,346.59833908081055,23.106555938720703,968.9770393371582,TimesFM-3.0-PyTorch,1.0,MAQUINA DE AFEITAR INALAMBRICA T9 DRAGON PLATEADO,0.05,100.0,0.0,622.3787002563477,968.9770393371582,967.9770393371582,10,1000.0,0.5,0.0
MASS0279,0.0036711692810058594,0.00024474461873372395,0.08678364753723145,TimesFM-3.0-PyTorch,0.0,,0.05,1.0,0.0,0.08311247825622559,0.08678364753723145,0.08678364753723145,1,1.0,0.05,0.0
MASS0280,0.004381656646728516,0.0002921104431152344,0.02847111225128174,TimesFM-3.0-PyTorch,0.0,,0.05,1.0,0.0,0.024089455604553223,0.02847111225128174,0.02847111225128174,1,1.0,0.05,0.0
MASS0283,31.371585369110107,2.0914390246073404,251.22537326812744,TimesFM-3.0-PyTorch,0.0,,0.1044225,40.0,0.0,219.85378789901733,251.22537326812744,251.22537326812744,7,280.0,0.7309575,0.0
MASS0285,0.05795055627822876,0.003863370418548584,23.137294828891754,TimesFM-3.0-PyTorch,0.0,,0.05,1.0,0.0,23.079344272613525,23.137294828891754,23.137294828891754,24,24.0,1.2000000000000002,0.0
MASS0286,0.026005864143371582,0.001733724276224772,24.278680682182312,TimesFM-3.0-PyTorch,0.0,,0.05,1.0,0.0,24.25267481803894,24.278680682182312,24.278680682182312,25,25.0,1.25,0.0
MASS0287,13.204574942588806,0.8803049961725871,123.38786315917969,TimesFM-3.0-PyTorch,151.0,SATISFAYER RECARGABLE BEIGE GM21901,0.07,200.0,0.0,110.18328821659088,123.38786315917969,0.0,0,0.0,0.0,0.0
MASS0288,126.22674131393433,8.415116087595623,751.0702590942383,TimesFM-3.0-PyTorch,178.0,MASAJEADOR DE CUELLO JT-600 HR210810-1,0.05,60.0,0.0,624.843517780304,751.0702590942383,573.0702590942383,10,600.0,0.5,0.0
MASS0289,13.006706476211548,0.8671137650807699,240.07946968078613,TimesFM-3.0-PyTorch,34.0,PISTOLA MASAJEADORA ELECTRICA SY-720 ROJO,0.072105,12.0,0.0,227.07276320457458,240.07946968078613,206.07946968078613,18,216.0,1.29789,0.0
MASS0290,5.731335163116455,0.3820890108744303,252.93646717071533,TimesFM-3.0-PyTorch,45.0,PISTOLA MASAJEADORA ELECTRICA SY-720 VERDE,0.05,1.0,0.0,247.20513200759888,252.93646717071533,207.93646717071533,208,208.0,10.4,0.0
MASS0291,37.015448570251465,2.4676965713500976,337.44993782043457,TimesFM-3.0-PyTorch,35.0,PISTOLA MASAJEADORA ELECTRICA SY-720 GRIS,0.05,1.0,0.0,300.4344892501831,337.44993782043457,302.44993782043457,303,303.0,15.15,0.0
MASS0292,484.2982749938965,32.28655166625977,1644.5182647705078,TimesFM-3.0-PyTorch,92.0,PISTOLA MASAJEADORA ELECTRICA SY-720 NEGRO,0.05904,20.0,0.0,1160.2199897766113,1644.5182647705078,1552.5182647705078,78,1560.0,4.60512,0.0
MASS0294,0.0004919953644275665,3.279969096183777e-05,0.00512666255235672,TimesFM-3.0-PyTorch,0.0,,0.05,1.0,0.0,0.0046346671879291534,0.00512666255235672,0.00512666255235672,1,1.0,0.05,0.0
MASS0295,0.007784008979797363,0.0005189339319864909,6.442410558462143,TimesFM-3.0-PyTorch,0.0,,0.05,1.0,0.0,6.434626549482346,6.442410558462143,6.442410558462143,7,7.0,0.35000000000000003,0.0
MASS0296,0.004555295221507549,0.0003036863481005033,0.01744477730244398,TimesFM-3.0-PyTorch,4.0,MEMORIA RAM LAPTOP KINGSTON DDR2 2GB 800,0.05,1.0,0.0,0.012889482080936432,0.01744477730244398,0.0,0,0.0,0.0,0.0
MASS0297,0.0,0.0,0.08074943721294403,TimesFM-3.0-PyTorch,0.0,,0.05,1.0,0.0,0.08074943721294403,0.08074943721294403,0.08074943721294403,1,1.0,0.05,0.0
MASS0302,0.0008920133113861084,5.946755409240723e-05,0.006184394471347332,TimesFM-3.0-PyTorch,0.0,,0.05,1.0,0.0,0.005292381159961224,0.006184394471347332,0.006184394471347332,1,1.0,0.05,0.0
MASS0304,0.013337068259716034,0.0008891378839810689,0.07460377365350723,TimesFM-3.0-PyTorch,1.0,MEMORIA RAM PC KINGSTON DDR3 2GB 1333,0.05,1.0,0.0,0.0612667053937912,0.07460377365350723,0.0,0,0.0,0.0,0.0
MASS0308,0.0030699046328663826,0.00020466030885775885,0.007722136564552784,TimesFM-3.0-PyTorch,0.0,,0.05,1.0,0.0,0.004652231931686401,0.007722136564552784,0.007722136564552784,1,1.0,0.05,0.0
MASS0309,0.002542654052376747,0.0001695102701584498,0.007710658013820648,TimesFM-3.0-PyTorch,0.0,,0.05,1.0,0.0,0.005168003961443901,0.007710658013820648,0.007710658013820648,1,1.0,0.05,0.0
MASS0313,0.0038140583783388138,0.00025427055855592093,0.01156633161008358,TimesFM-3.0-PyTorch,0.0,,0.05,1.0,0.0,0.007752273231744766,0.01156633161008358,0.01156633161008358,1,1.0,0.05,0.0
MASS0326,0.03439927101135254,0.0022932847340901693,0.23512768745422363,TimesFM-3.0-PyTorch,0.0,,0.084672,200.0,0.0,0.2007284164428711,0.23512768745422363,0.23512768745422363,1,200.0,0.084672,0.0
MASS0327,0.483095645904541,0.03220637639363607,234.0852394104004,TimesFM-3.0-PyTorch,0.0,,0.0373275,100.0,0.0,233.60214376449585,234.0852394104004,234.0852394104004,3,300.0,0.1119825,0.0
MASS0328,0.697624683380127,0.0465083122253418,67.27372312545776,TimesFM-3.0-PyTorch,0.0,,0.05,1.0,0.0,66.57609844207764,67.27372312545776,67.27372312545776,68,68.0,3.4000000000000004,0.0
MASS0329,156.35278487205505,10.423518991470337,2551.313861846924,TimesFM-3.0-PyTorch,318.0,MOUSE PAD MAPA MUNDI,0.083968,120.0,0.0,2394.961076974869,2551.313861846924,2233.313861846924,19,2280.0,1.595392,0.0
MASS0332,40.9497652053833,2.7299843470255536,637.5023384094238,TimesFM-3.0-PyTorch,169.0,MOUSE ALAMBRICO USB LENOVO,0.151998,200.0,0.0,596.5525732040405,637.5023384094238,468.5023384094238,3,600.0,0.455994,0.0
MASS0334,107.1446647644043,7.142977650960287,335.7025489807129,TimesFM-3.0-PyTorch,79.0,NEBULIZADOR PORTATIL RECARGABLE 2 BOQUILLAS CON CABLE USB,0.048735,50.0,0.0,228.5578842163086,335.7025489807129,256.7025489807129,6,300.0,0.29241,0.0
MASS0335,0.005714476108551025,0.0003809650739034017,0.11957478523254395,TimesFM-3.0-PyTorch,0.0,,0.05,1.0,0.0,0.11386030912399292,0.11957478523254395,0.11957478523254395,1,1.0,0.05,0.0
MASS0337,0.045541152358055115,0.003036076823870341,17.944329023361206,TimesFM-3.0-PyTorch,12.0,PANTIES VIBRADOR CON CONTROL REMOTO A DISTANCIA ASLCD001 ROSADO,0.05,1.0,0.0,17.89878787100315,17.944329023361206,5.944329023361206,6,6.0,0.30000000000000004,0.0
MASS0338,0.04107837378978729,0.002738558252652486,0.9758178666234016,TimesFM-3.0-PyTorch,14.0,PANTIES VIBRADOR CON CONTROL REMOTO A DISTANCIA ASLCD001 MORADO,0.05,1.0,0.0,0.9347394928336143,0.9758178666234016,0.0,0,0.0,0.0,0.0
MASS0339,0.06844311952590942,0.004562874635060628,7.997079789638519,TimesFM-3.0-PyTorch,0.0,,0.08928,80.0,0.0,7.92863667011261,7.997079789638519,7.997079789638519,1,80.0,0.08928,0.0
MASS0341,0.12919604778289795,0.008613069852193197,0.3389400243759155,TimesFM-3.0-PyTorch,0.0,,0.05,1.0,0.0,0.20974397659301758,0.3389400243759155,0.3389400243759155,1,1.0,0.05,0.0
MASS0344,0.007162541151046753,0.0004775027434031169,4.005020096898079,TimesFM-3.0-PyTorch,32.0,PEGA EN BARRA ELMERS ALL PURPOSE,0.05,1.0,0.0,3.997857555747032,4.005020096898079,0.0,0,0.0,0.0,0.0
MASS0346,0.0009195804595947266,6.130536397298177e-05,0.040092721581459045,TimesFM-3.0-PyTorch,0.0,,0.05,1.0,0.0,0.03917314112186432,0.040092721581459045,0.040092721581459045,1,1.0,0.05,0.0
MASS0351,0.009054839611053467,0.0006036559740702311,21.131215810775757,TimesFM-3.0-PyTorch,0.0,,0.05,1.0,0.0,21.122160971164703,21.131215810775757,21.131215810775757,22,22.0,1.1,0.0
MASS0358,0.12087869644165039,0.008058579762776692,0.5549904108047485,TimesFM-3.0-PyTorch,0.0,,0.05,1.0,0.0,0.43411171436309814,0.5549904108047485,0.5549904108047485,1,1.0,0.05,0.0
MASS0359,0.04941082000732422,0.003294054667154948,9.275595307350159,TimesFM-3.0-PyTorch,0.0,,0.05,1.0,0.0,9.226184487342834,9.275595307350159,9.275595307350159,10,10.0,0.5,0.0
MASS0360,2.3651868104934692e-05,1.576791206995646e-06,0.0021453918889164925,TimesFM-3.0-PyTorch,0.0,,0.05,1.0,0.0,0.0021217400208115578,0.0021453918889164925,0.0021453918889164925,1,1.0,0.05,0.0
MASS0361,0.01606929302215576,0.0010712862014770508,0.07713568210601807,TimesFM-3.0-PyTorch,0.0,,0.05,1.0,0.0,0.061066389083862305,0.07713568210601807,0.07713568210601807,1,1.0,0.05,0.0
MASS0363,4.526582986116409,0.30177219907442726,78.02771043777466,TimesFM-3.0-PyTorch,39.0,PLUG ANAL SET 3 UNIDADES BLANCO METALPLUGSET,0.05,1.0,0.0,73.50112745165825,78.02771043777466,39.02771043777466,40,40.0,2.0,0.0
MASS0364,26.841512441635132,1.7894341627756754,100.67637872695923,TimesFM-3.0-PyTorch,1.0,PLUG ANAL SET 3 UNIDADES ROSADO METALPLUGSET,0.05,1.0,0.0,73.8348662853241,100.67637872695923,99.67637872695923,100,100.0,5.0,0.0
MASS0365,0.010627031326293945,0.000708468755086263,7.830807864665985,TimesFM-3.0-PyTorch,0.0,,0.05,1.0,0.0,7.820180833339691,7.830807864665985,7.830807864665985,8,8.0,0.4,0.0
MASS0366,17.6501282453537,1.1766752163569132,68.66666030883789,TimesFM-3.0-PyTorch,26.0,PLUG ANAL SET 3 UNIDADES AZUL OSCURO METALPLUGSET,0.05,1.0,0.0,51.01653206348419,68.66666030883789,42.66666030883789,43,43.0,2.15,0.0
MASS0367,41.53767943382263,2.769178628921509,144.03779983520508,TimesFM-3.0-PyTorch,4.0,PLUG ANAL SET 3 UNIDADES MORADO METALPLUGSET,0.05,1.0,0.0,102.50012040138245,144.03779983520508,140.03779983520508,141,141.0,7.050000000000001,0.0
MASS0370,0.0662483274936676,0.004416555166244507,0.18209508061408997,TimesFM-3.0-PyTorch,0.0,,0.05,1.0,0.0,0.11584675312042236,0.18209508061408997,0.18209508061408997,1,1.0,0.05,0.0
MASS0371,0.00010541407391428947,7.027604927619298e-06,0.004207225050777197,TimesFM-3.0-PyTorch,0.0,,0.05,1.0,0.0,0.004101810976862907,0.004207225050777197,0.004207225050777197,1,1.0,0.05,0.0
MASS0372,2.6065856218338013e-05,1.7377237478892007e-06,0.0017571169883012772,TimesFM-3.0-PyTorch,0.0,,0.05,1.0,0.0,0.0017310511320829391,0.0017571169883012772,0.0017571169883012772,1,1.0,0.05,0.0
MASS0373,0.059888988733291626,0.003992599248886108,0.11564147472381592,TimesFM-3.0-PyTorch,0.0,,0.05,1.0,0.0,0.05575248599052429,0.11564147472381592,0.11564147472381592,1,1.0,0.05,0.0
MASS0374,0.024630844593048096,0.0016420563062032065,0.0748511552810669,TimesFM-3.0-PyTorch,0.0,,0.05,1.0,0.0,0.0502203106880188,0.0748511552810669,0.0748511552810669,1,1.0,0.05,0.0
MASS0375,0.0013109371066093445,8.739580710728964e-05,0.09515630453824997,TimesFM-3.0-PyTorch,0.0,,0.05,1.0,0.0,0.09384536743164062,0.09515630453824997,0.09515630453824997,1,1.0,0.05,0.0
MASS0376,0.02242976427078247,0.0014953176180521647,0.06591901183128357,TimesFM-3.0-PyTorch,0.0,,0.05,1.0,0.0,0.0434892475605011,0.06591901183128357,0.06591901183128357,1,1.0,0.05,0.0
MASS0378,0.00010432908311486244,6.955272207657496e-06,0.002483732532709837,TimesFM-3.0-PyTorch,0.0,,0.05,1.0,0.0,0.0023794034495949745,0.002483732532709837,0.002483732532709837,1,1.0,0.05,0.0
MASS0379,1.4232832193374634,0.09488554795583089,89.07943964004517,TimesFM-3.0-PyTorch,6.0,PLUG ANAL TALLA M ROJO,0.05,1.0,0.0,87.6561564207077,89.07943964004517,83.07943964004517,84,84.0,4.2,0.0
MASS0381,0.3165343552827835,0.021102290352185568,36.454466581344604,TimesFM-3.0-PyTorch,36.0,PLUG ANAL TALLA M BLANCO,0.05,1.0,0.0,36.13793222606182,36.454466581344604,0.4544665813446045,1,1.0,0.05,0.0
MASS0382,0.4270118474960327,0.028467456499735515,84.83294630050659,TimesFM-3.0-PyTorch,0.0,,0.05,1.0,0.0,84.40593445301056,84.83294630050659,84.83294630050659,85,85.0,4.25,0.0
MASS0383,0.0030451416969299316,0.00020300944646199545,0.08481365442276001,TimesFM-3.0-PyTorch,0.0,,0.05,1.0,0.0,0.08176851272583008,0.08481365442276001,0.08481365442276001,1,1.0,0.05,0.0
MASS0384,0.6273989379405975,0.041826595862706505,40.8817400932312,TimesFM-3.0-PyTorch,33.0,PLUG ANAL TALLA M AZUL OSCURO,0.05,1.0,0.0,40.254341155290604,40.8817400932312,7.881740093231201,8,8.0,0.4,0.0
MASS0385,6.616524249315262,0.44110161662101743,85.45667314529419,TimesFM-3.0-PyTorch,10.0,PLUG ANAL TALLA M MORADO,0.05,1.0,0.0,78.84014889597893,85.45667314529419,75.45667314529419,76,76.0,3.8000000000000003,0.0
MASS0388,1.5041491985321045,0.10027661323547363,115.02514314651489,TimesFM-3.0-PyTorch,0.0,,0.05,1.0,0.0,113.52099394798279,115.02514314651489,115.02514314651489,116,116.0,5.800000000000001,0.0
MASS0390,19.294048070907593,1.2862698713938394,99.77861261367798,TimesFM-3.0-PyTorch,25.0,PLUG ANAL TALLA S BLANCO,0.05,1.0,0.0,80.48456454277039,99.77861261367798,74.77861261367798,75,75.0,3.75,0.0
MASS0391,7.750028908252716,0.5166685938835144,90.99081420898438,TimesFM-3.0-PyTorch,0.0,,0.05,1.0,0.0,83.24078530073166,90.99081420898438,90.99081420898438,91,91.0,4.55,0.0
MASS0392,0.006041884422302246,0.00040279229482014975,0.1105756163597107,TimesFM-3.0-PyTorch,0.0,,0.05,1.0,0.0,0.10453373193740845,0.1105756163597107,0.1105756163597107,1,1.0,0.05,0.0
MASS0393,21.108734846115112,1.4072489897410074,121.82668209075928,TimesFM-3.0-PyTorch,1.0,PLUG ANAL TALLA S AZUL OSCURO,0.05,1.0,0.0,100.71794724464417,121.82668209075928,120.82668209075928,121,121.0,6.050000000000001,0.0
MASS0394,7.760566830635071,0.517371122042338,105.15012979507446,TimesFM-3.0-PyTorch,0.0,,0.05,1.0,0.0,97.38956296443939,105.15012979507446,105.15012979507446,106,106.0,5.300000000000001,0.0
MASS0398,0.05697011947631836,0.0037980079650878906,27.098263144493103,TimesFM-3.0-PyTorch,0.0,,0.05,1.0,0.0,27.041293025016785,27.098263144493103,27.098263144493103,28,28.0,1.4000000000000001,0.0
MASS0399,0.057781219482421875,0.003852081298828125,17.989324688911438,TimesFM-3.0-PyTorch,0.0,,0.05,1.0,0.0,17.931543469429016,17.989324688911438,17.989324688911438,18,18.0,0.9,0.0
MASS0400,0.04694521427154541,0.003129680951436361,14.294006884098053,TimesFM-3.0-PyTorch,0.0,,0.05,1.0,0.0,14.247061669826508,14.294006884098053,14.294006884098053,15,15.0,0.75,0.0
MASS0401,0.08789551258087158,0.005859700838724772,29.536972045898438,TimesFM-3.0-PyTorch,0.0,,0.05,1.0,0.0,29.449076533317566,29.536972045898438,29.536972045898438,30,30.0,1.5,0.0
MASS0402,1.8668372631072998,0.12445581754048665,411.19973850250244,TimesFM-3.0-PyTorch,0.0,,0.05,1.0,0.0,409.33290123939514,411.19973850250244,411.19973850250244,412,412.0,20.6,0.0
MASS0403,0.000769883394241333,5.132555961608887e-05,0.034699440002441406,TimesFM-3.0-PyTorch,0.0,,0.05,1.0,0.0,0.03392955660820007,0.034699440002441406,0.034699440002441406,1,1.0,0.05,0.0
MASS0404,0.004333853721618652,0.00028892358144124347,49.96389842033386,TimesFM-3.0-PyTorch,0.0,,0.05,1.0,0.0,49.959564566612244,49.96389842033386,49.96389842033386,50,50.0,2.5,0.0
MASS0405,0.10056638717651367,0.0067044258117675785,36.773205161094666,TimesFM-3.0-PyTorch,0.0,,0.05,1.0,0.0,36.67263877391815,36.773205161094666,36.773205161094666,37,37.0,1.85,0.0
MASS0406,170.98920249938965,11.399280166625976,552.9278221130371,TimesFM-3.0-PyTorch,121.0,VIBRADOR RABBIT SUPER MUTE 10 VELOCIDADES MORADO YCYY001,0.05,1.0,0.0,381.93861961364746,552.9278221130371,431.9278221130371,432,432.0,21.6,0.0
MASS0407,166.22088241577148,11.081392161051433,571.1980056762695,TimesFM-3.0-PyTorch,123.0,VIBRADOR RABBIT SUPER MUTE 10 VELOCIDADES FUCSIA YCYY001,0.05,1.0,0.0,404.97712326049805,571.1980056762695,448.19800567626953,449,449.0,22.450000000000003,0.0
MASS0408,0.0616302490234375,0.0041086832682291664,0.28552162647247314,TimesFM-3.0-PyTorch,0.0,,0.086625,30.0,0.0,0.22389137744903564,0.28552162647247314,0.28552162647247314,1,30.0,0.086625,0.0
MASS0409,6.291726231575012,0.41944841543833417,108.18093347549438,TimesFM-3.0-PyTorch,2.0,RADIOS BAOFENG X2,0.086625,30.0,0.0,101.88920724391937,108.18093347549438,106.18093347549438,4,120.0,0.3465,0.0
MASS0410,0.0008775359019637108,5.8502393464247386e-05,0.00483626127243042,TimesFM-3.0-PyTorch,0.0,,0.05,1.0,0.0,0.003958725370466709,0.00483626127243042,0.00483626127243042,1,1.0,0.05,0.0
MASS0412,0.041229248046875,0.0027486165364583332,0.20728468894958496,TimesFM-3.0-PyTorch,0.0,,0.075924,100.0,0.0,0.16605544090270996,0.20728468894958496,0.20728468894958496,1,100.0,0.075924,0.0
MASS0422,75.58781814575195,5.039187876383464,781.9120635986328,TimesFM-3.0-PyTorch,0.0,,0.034944,100.0,0.0,706.3242454528809,781.9120635986328,781.9120635986328,8,800.0,0.279552,0.0
MASS0423,5.51858377456665,0.36790558497111003,217.6889762878418,TimesFM-3.0-PyTorch,2.0,RELOJ INTELIGENTE D20S ROSADO,0.05,1.0,0.0,212.17039251327515,217.6889762878418,215.6889762878418,216,216.0,10.8,0.0
MASS0427,32.361674308776855,2.157444953918457,308.31700897216797,TimesFM-3.0-PyTorch,6.0,RELOJ INTELIGENTE D20S BLANCO,0.05,1.0,0.0,275.9553346633911,308.31700897216797,302.31700897216797,303,303.0,15.15,0.0
MASS0430,0.0006623538210988045,4.415692140658696e-05,0.0054998379200696945,TimesFM-3.0-PyTorch,0.0,,0.05,1.0,0.0,0.00483748409897089,0.0054998379200696945,0.0054998379200696945,1,1.0,0.05,0.0
MASS0431,0.002542654052376747,0.0001695102701584498,0.007710658013820648,TimesFM-3.0-PyTorch,0.0,,0.05,1.0,0.0,0.005168003961443901,0.007710658013820648,0.007710658013820648,1,1.0,0.05,0.0
MASS0432,0.001324707642197609,8.831384281317393e-05,0.010999675840139389,TimesFM-3.0-PyTorch,0.0,,0.05,1.0,0.0,0.00967496819794178,0.010999675840139389,0.010999675840139389,1,1.0,0.05,0.0
MASS0436,0.0038140583783388138,0.00025427055855592093,0.01156633161008358,TimesFM-3.0-PyTorch,0.0,,0.05,1.0,0.0,0.007752273231744766,0.01156633161008358,0.01156633161008358,1,1.0,0.05,0.0
MASS0437,0.0012713270261883736,8.47551350792249e-05,0.003855329006910324,TimesFM-3.0-PyTorch,0.0,,0.05,1.0,0.0,0.0025840019807219505,0.003855329006910324,0.003855329006910324,1,1.0,0.05,0.0
MASS0438,0.06838130950927734,0.004558753967285156,8.391044616699219,TimesFM-3.0-PyTorch,0.0,,0.0630875,100.0,0.0,8.322663307189941,8.391044616699219,8.391044616699219,1,100.0,0.0630875,0.0
MASS0439,0.028548717498779297,0.0019032478332519532,0.4932429790496826,TimesFM-3.0-PyTorch,0.0,,0.05,1.0,0.0,0.4646942615509033,0.4932429790496826,0.4932429790496826,1,1.0,0.05,0.0
MASS0440,0.007279396057128906,0.0004852930704752604,0.47626805305480957,TimesFM-3.0-PyTorch,0.0,,0.05,1.0,0.0,0.46898865699768066,0.47626805305480957,0.47626805305480957,1,1.0,0.05,0.0
MASS0444,0.002542654052376747,0.0001695102701584498,0.007710658013820648,TimesFM-3.0-PyTorch,0.0,,0.05,1.0,0.0,0.005168003961443901,0.007710658013820648,0.007710658013820648,1,1.0,0.05,0.0
MASS0451,6.960239261388779e-05,4.640159507592519e-06,0.0023737801238894463,TimesFM-3.0-PyTorch,0.0,,0.05,1.0,0.0,0.0023041777312755585,0.0023737801238894463,0.0023737801238894463,1,1.0,0.05,0.0
MASS0455,0.0012713270261883736,8.47551350792249e-05,0.003855329006910324,TimesFM-3.0-PyTorch,0.0,,0.05,1.0,0.0,0.0025840019807219505,0.003855329006910324,0.003855329006910324,1,1.0,0.05,0.0
MASS0458,0.00033117691054940224,2.207846070329348e-05,0.0027499189600348473,TimesFM-3.0-PyTorch,0.0,,0.05,1.0,0.0,0.002418742049485445,0.0027499189600348473,0.0027499189600348473,1,1.0,0.05,0.0
MASS0461,7.694071531295776,0.5129381020863851,208.88934326171875,TimesFM-3.0-PyTorch,0.0,,0.121512,100.0,0.0,201.19527173042297,208.88934326171875,208.88934326171875,3,300.0,0.36453599999999997,0.0
MASS0462,0.0023583509027957916,0.00015722339351971945,0.018466245383024216,TimesFM-3.0-PyTorch,0.0,,0.140562,60.0,0.0,0.016107894480228424,0.018466245383024216,0.018466245383024216,1,60.0,0.140562,0.0
MASS0471,0.00015289243310689926,1.0192828873793285e-05,0.0025131162256002426,TimesFM-3.0-PyTorch,0.0,,0.05,1.0,0.0,0.0023602237924933434,0.0025131162256002426,0.0025131162256002426,1,1.0,0.05,0.0
MASS0473,0.0007454166188836098,4.969444125890732e-05,0.00506461039185524,TimesFM-3.0-PyTorch,0.0,,0.05,1.0,0.0,0.00431919377297163,0.00506461039185524,0.00506461039185524,1,1.0,0.05,0.0
MASS0474,0.00029762834310531616,1.984188954035441e-05,0.007104706019163132,TimesFM-3.0-PyTorch,0.0,,0.05,1.0,0.0,0.0068070776760578156,0.007104706019163132,0.007104706019163132,1,1.0,0.05,0.0
MASS0484,0.00024142861366271973,1.6095240910847983e-05,0.020170707255601883,TimesFM-3.0-PyTorch,0.0,,0.05,1.0,0.0,0.019929278641939163,0.020170707255601883,0.020170707255601883,1,1.0,0.05,0.0
MASS0485,0.0001823240891098976,1.2154939273993174e-05,0.005913416855037212,TimesFM-3.0-PyTorch,0.0,,0.05,1.0,0.0,0.005731092765927315,0.005913416855037212,0.005913416855037212,1,1.0,0.05,0.0
MASS0487,0.00028989464044570923,1.9326309363047282e-05,0.009768683463335037,TimesFM-3.0-PyTorch,0.0,,0.05,1.0,0.0,0.009478788822889328,0.009768683463335037,0.009768683463335037,1,1.0,0.05,0.0
MASS0494,0.026278942823410034,0.001751929521560669,0.08382296562194824,TimesFM-3.0-PyTorch,0.0,,0.05,1.0,0.0,0.05754402279853821,0.08382296562194824,0.08382296562194824,1,1.0,0.05,0.0
MASS0497,64.65103721618652,4.310069147745768,283.2562847137451,TimesFM-3.0-PyTorch,202.0,"SET ADULTO JUEGO SEXUAL BONDAGE LATIGO, MORDAZA, ESPOSA, MASCARA -SM10S01 NEGRO",0.05,1.0,0.0,218.6052474975586,283.2562847137451,81.25628471374512,82,82.0,4.1000000000000005,0.0
MASS0498,10.07986056804657,0.6719907045364379,128.35248374938965,TimesFM-3.0-PyTorch,58.0,"SET ADULTO JUEGO SEXUAL BONDAGE LATIGO, MORDAZA, ESPOSA, MASCARA -SM10S01 ROJO",0.08064,50.0,0.0,118.27262318134308,128.35248374938965,70.35248374938965,2,100.0,0.16128,0.0
MASS0499,0.002918243408203125,0.000194549560546875,0.04702374339103699,TimesFM-3.0-PyTorch,0.0,,0.05,1.0,0.0,0.04410549998283386,0.04702374339103699,0.04702374339103699,1,1.0,0.05,0.0
MASS0500,9.472109377384186e-05,6.31473958492279e-06,0.003102371469140053,TimesFM-3.0-PyTorch,0.0,,0.05,1.0,0.0,0.003007650375366211,0.003102371469140053,0.003102371469140053,1,1.0,0.05,0.0
MASS0501,0.0,0.0,0.005589548498392105,TimesFM-3.0-PyTorch,0.0,,0.05,1.0,0.0,0.005589548498392105,0.005589548498392105,0.005589548498392105,1,1.0,0.05,0.0
MASS0505,0.013738244771957397,0.0009158829847971599,0.031785354018211365,TimesFM-3.0-PyTorch,0.0,,0.05,1.0,0.0,0.018047109246253967,0.031785354018211365,0.031785354018211365,1,1.0,0.05,0.0
MASS0506,0.19822508096694946,0.01321500539779663,27.794391751289368,TimesFM-3.0-PyTorch,1.0,SET DE OLLAS TRAMONTINA 9 PCS GRIS,0.05,1.0,0.0,27.596166670322418,27.794391751289368,26.794391751289368,27,27.0,1.35,0.0
MASS0507,0.050090253353118896,0.0033393502235412598,29.41139853000641,TimesFM-3.0-PyTorch,17.0,SET DE OLLAS TRAMONTINA 9 PCS AZUL,0.05,1.0,0.0,29.36130827665329,29.41139853000641,12.411398530006409,13,13.0,0.65,0.0
MASS0510,0.00010593235492706299,7.062156995137533e-06,0.0030322298407554626,TimesFM-3.0-PyTorch,0.0,,0.05,1.0,0.0,0.0029262974858283997,0.0030322298407554626,0.0030322298407554626,1,1.0,0.05,0.0
MASS0517,0.008883938193321228,0.0005922625462214152,0.02563578635454178,TimesFM-3.0-PyTorch,2.0,SOPORTE GAMEPAD FOR PS4,0.05,1.0,0.0,0.01675184816122055,0.02563578635454178,0.0,0,0.0,0.0,0.0
MASS0518,726.3749237060547,48.42499491373698,4110.417816162109,TimesFM-3.0-PyTorch,0.0,,0.058032,300.0,0.0,3384.0428924560547,4110.417816162109,4110.417816162109,14,4200.0,0.8124480000000001,0.0
MASS0519,32.206727743148804,2.147115182876587,198.93092918395996,TimesFM-3.0-PyTorch,0.0,,0.058968,40.0,0.0,166.72420144081116,198.93092918395996,198.93092918395996,5,200.0,0.29484,0.0
MASS0533,1.076439306139946,0.07176262040932974,35.58876371383667,TimesFM-3.0-PyTorch,3.0,TALADRO INALAMBRICO 3/8 RECARGABLE HYPER TOUGH 50 PCS,0.05,1.0,0.0,34.512324407696724,35.58876371383667,32.58876371383667,33,33.0,1.6500000000000001,0.0
MASS0536,0.00026123225688934326,1.7415483792622884e-05,0.06836161762475967,TimesFM-3.0-PyTorch,0.0,,0.05,1.0,0.0,0.06810038536787033,0.06836161762475967,0.06836161762475967,1,1.0,0.05,0.0
MASS0541,0.32768678665161133,0.02184578577677409,0.9339094161987305,TimesFM-3.0-PyTorch,0.0,,0.075106,30.0,0.0,0.6062226295471191,0.9339094161987305,0.9339094161987305,1,30.0,0.075106,0.0
MASS0544,0.027231186628341675,0.001815412441889445,0.0799693763256073,TimesFM-3.0-PyTorch,0.0,,0.05,1.0,0.0,0.052738189697265625,0.0799693763256073,0.0799693763256073,1,1.0,0.05,0.0
MASS0548,0.0015454823151230812,0.00010303215434153875,0.006041828542947769,TimesFM-3.0-PyTorch,1.0,TEMPORIZADOR DIGITAL PROGRAMABLE,0.05,1.0,0.0,0.004496346227824688,0.006041828542947769,0.0,0,0.0,0.0,0.0
MASS0550,0.0021365582942962646,0.00014243721961975097,0.17789563536643982,TimesFM-3.0-PyTorch,0.0,,0.05,1.0,0.0,0.17575907707214355,0.17789563536643982,0.17789563536643982,1,1.0,0.05,0.0
MASS0558,0.01454572007060051,0.0009697146713733673,0.038088710978627205,TimesFM-3.0-PyTorch,1.0,TESTER DIGITAL DT9205A,0.05,1.0,0.0,0.023542990908026695,0.038088710978627205,0.0,0,0.0,0.0,0.0
MASS0559,0.16945630311965942,0.011297086874643961,29.34044772386551,TimesFM-3.0-PyTorch,0.0,,0.05,1.0,0.0,29.17099142074585,29.34044772386551,29.34044772386551,30,30.0,1.5,0.0
MASS0560,0.0,0.0,9.970587730407715,TimesFM-3.0-PyTorch,2.0,TESTER DT9205B,0.05,1.0,0.0,9.970587730407715,9.970587730407715,7.970587730407715,8,8.0,0.4,0.0
MASS0572,0.04525411128997803,0.003016940752665202,74.74310159683228,TimesFM-3.0-PyTorch,0.0,,0.05,1.0,0.0,74.6978474855423,74.74310159683228,74.74310159683228,75,75.0,3.75,0.0
MASS0574,0.03012371063232422,0.0020082473754882814,0.4087350368499756,TimesFM-3.0-PyTorch,0.0,,0.05,1.0,0.0,0.37861132621765137,0.4087350368499756,0.4087350368499756,1,1.0,0.05,0.0
MASS0584,94.03125429153442,6.268750286102295,266.25180435180664,TimesFM-3.0-PyTorch,25.0,VAGINA VIBRADORA PUSSY DLS001,0.045,40.0,0.0,172.22055006027222,266.25180435180664,241.25180435180664,7,280.0,0.315,0.0
MASS0586,0.0008339583873748779,5.559722582499186e-05,37.98692548274994,TimesFM-3.0-PyTorch,0.0,,0.05,1.0,0.0,37.986091524362564,37.98692548274994,37.98692548274994,38,38.0,1.9000000000000001,0.0
MASS0588,0.0,0.0,13.298342049121857,TimesFM-3.0-PyTorch,0.0,,0.05,1.0,0.0,13.298342049121857,13.298342049121857,13.298342049121857,14,14.0,0.7000000000000001,0.0
MASS0589,0.0,0.0,9.295819640159607,TimesFM-3.0-PyTorch,1.0,VARITA MAGICA JOYPARK 20 VELOCIDADES 8 MODOS MORADO,0.05,1.0,0.0,9.295819640159607,9.295819640159607,8.295819640159607,9,9.0,0.45,0.0
MASS0592,0.8435825109481812,0.056238834063212076,117.97499942779541,TimesFM-3.0-PyTorch,71.0,VIBRADOR FREE ROMEO CON RECARGA USB PUNTO G NEGRO,0.05,1.0,0.0,117.13141691684723,117.97499942779541,46.97499942779541,47,47.0,2.35,0.0
MASS0593,6.363467514514923,0.4242311676343282,135.02837753295898,TimesFM-3.0-PyTorch,49.0,VIBRADOR FREE ROMEO CON RECARGA USB PUNTO G MORADO,0.05,1.0,0.0,128.66491001844406,135.02837753295898,86.02837753295898,87,87.0,4.3500000000000005,0.0
MASS0594,0.042417317628860474,0.002827821175257365,0.09193837642669678,TimesFM-3.0-PyTorch,0.0,,0.05,1.0,0.0,0.049521058797836304,0.09193837642669678,0.09193837642669678,1,1.0,0.05,0.0
MASS0595,0.002402644604444504,0.00016017630696296692,0.05743701197206974,TimesFM-3.0-PyTorch,4.0,VIBRADOR CON ROTACION HAILEY MORADO DIBE DB-1874,0.05,1.0,0.0,0.055034367367625237,0.05743701197206974,0.0,0,0.0,0.0,0.0
MASS0596,0.0,0.0,18.222256422042847,TimesFM-3.0-PyTorch,4.0,VIBRADOR CON ROTACION HAILEY DIBE ROSADO DB-1874,0.05,1.0,0.0,18.222256422042847,18.222256422042847,14.222256422042847,15,15.0,0.75,0.0
MASS0597,0.019729971885681152,0.00131533145904541,0.17323970794677734,TimesFM-3.0-PyTorch,0.0,,0.05,1.0,0.0,0.1535097360610962,0.17323970794677734,0.17323970794677734,1,1.0,0.05,0.0
MASS0598,0.0,0.0,50.18569898605347,TimesFM-3.0-PyTorch,62.0,VIBRADOR CONSOLADOR FEMALE VIBRATOR MORADO HQMY8941,0.05,1.0,0.0,50.18569898605347,50.18569898605347,0.0,0,0.0,0.0,0.0
MASS0599,0.00011339783668518066,7.559855779012044e-06,0.021977141499519348,TimesFM-3.0-PyTorch,0.0,,0.05,1.0,0.0,0.021863743662834167,0.021977141499519348,0.021977141499519348,1,1.0,0.05,0.0
MASS0600,0.0006227195262908936,4.151463508605957e-05,17.08466398715973,TimesFM-3.0-PyTorch,0.0,,0.05,1.0,0.0,17.084041267633438,17.08466398715973,17.08466398715973,18,18.0,0.9,0.0
MASS0601,94.80109167098999,6.320072778066,343.2877788543701,TimesFM-3.0-PyTorch,1.0,VIBRADOR CONSOLADOR REALISTICO JELLY MORADO,0.05,1.0,0.0,248.48668718338013,343.2877788543701,342.2877788543701,343,343.0,17.150000000000002,0.0
MASS0602,48.59549593925476,3.2396997292836507,339.2697868347168,TimesFM-3.0-PyTorch,53.0,VIBRADOR CONSOLADOR REALISTICO JELLY ROSADO,0.05,1.0,0.0,290.67429089546204,339.2697868347168,286.2697868347168,287,287.0,14.350000000000001,0.0
MASS0603,3.676270604133606,0.2450847069422404,174.42758083343506,TimesFM-3.0-PyTorch,18.0,CONSOLADOR DOBLE CABEZA CARNE WBDS001,0.05,1.0,0.0,170.75131022930145,174.42758083343506,156.42758083343506,157,157.0,7.8500000000000005,0.0
MASS0604,0.8081311285495758,0.05387540856997172,21.527846336364746,TimesFM-3.0-PyTorch,23.0,VIBRADOR FEMALE CONEJO 12 FUNCIONES 45 GRADOS MORADO HQMP892,0.05,1.0,0.0,20.71971520781517,21.527846336364746,0.0,0,0.0,0.0,0.0
MASS0605,0.5162271559238434,0.03441514372825623,16.745054304599762,TimesFM-3.0-PyTorch,23.0,VIBRADOR FEMALE CONEJO 12 FUNCIONES 45 GRADOS ROSADO HQMP892,0.05,1.0,0.0,16.22882714867592,16.745054304599762,0.0,0,0.0,0.0,0.0
MASS0606,8.182018518447876,0.5454679012298584,92.04790449142456,TimesFM-3.0-PyTorch,97.0,VIBRADOR MASAJEADOR DE PROSTATA YCD190121,0.066,40.0,0.0,83.86588597297668,92.04790449142456,0.0,0,0.0,0.0,0.0
MASS0607,13.523985624313354,0.9015990416208903,259.383731842041,TimesFM-3.0-PyTorch,201.0,VIBRADOR MIGNON MARCA LEVETT CON APP REMOTO,0.0546,96.0,0.0,245.85974621772766,259.383731842041,58.383731842041016,1,96.0,0.0546,0.0
MASS0608,15.093499571084976,1.0062333047389984,130.14802265167236,TimesFM-3.0-PyTorch,32.0,VIBRADOR PANTYS MANDO A DISTANCIA AXYPLM01,0.028,80.0,0.0,115.05452308058739,130.14802265167236,98.14802265167236,2,160.0,0.056,0.0
MASS0609,64.33523941040039,4.2890159606933596,273.3663921356201,TimesFM-3.0-PyTorch,0.0,,0.061152,100.0,0.0,209.03115272521973,273.3663921356201,273.3663921356201,3,300.0,0.183456,0.0
MASS0610,54.452125787734985,3.6301417191823324,184.52587795257568,TimesFM-3.0-PyTorch,71.0,CONSOLADOR REALISTICO EYACULADOR YHNB224S,0.051408,100.0,0.0,130.0737521648407,184.52587795257568,113.52587795257568,2,200.0,0.102816,0.0
MASS0611,0.7813856601715088,0.05209237734476725,24.988725900650024,TimesFM-3.0-PyTorch,0.0,,0.05,1.0,0.0,24.207340240478516,24.988725900650024,24.988725900650024,25,25.0,1.25,0.0
MASS0612,7.998119115829468,0.5332079410552979,133.15365028381348,TimesFM-3.0-PyTorch,1.0,VIBRADOR REALISTICO YUECHAO MORADO BLDZD001,0.05,1.0,0.0,125.15553116798401,133.15365028381348,132.15365028381348,133,133.0,6.65,0.0
MASS0613,17.011056542396545,1.1340704361597698,121.7075252532959,TimesFM-3.0-PyTorch,101.0,VIBRADOR REALISTICO YUECHAO NEGRO BLDZD001,0.05,1.0,0.0,104.69646871089935,121.7075252532959,20.7075252532959,21,21.0,1.05,0.0
MASS0614,12.307403326034546,0.8204935550689697,165.14784574508667,TimesFM-3.0-PyTorch,6.0,VIBRADOR REALISTICO YUECHAO CARNE BLDZD001,0.05,1.0,0.0,152.84044241905212,165.14784574508667,159.14784574508667,160,160.0,8.0,0.0
MASS0615,6.95339822769165,0.46355988184611,478.31751251220703,TimesFM-3.0-PyTorch,33.0,VIBRADOR RECARGABLE 30 VELOCIDADES ROSADO YCYY3001U,0.03564,100.0,0.0,471.3641142845154,478.31751251220703,445.31751251220703,5,500.0,0.1782,0.0
MASS0616,102.34422993659973,6.822948662439982,496.30472564697266,TimesFM-3.0-PyTorch,0.0,,0.05,1.0,0.0,393.9604957103729,496.30472564697266,496.30472564697266,497,497.0,24.85,0.0
MASS0617,0.013755574822425842,0.0009170383214950562,4.728221073746681,TimesFM-3.0-PyTorch,8.0,VIDEO BALUM X2 EL PAR,0.05,1.0,0.0,4.714465498924255,4.728221073746681,0.0,0,0.0,0.0,0.0
MASS0620,0.0003432612866163254,2.288408577442169e-05,0.0026072170585393906,TimesFM-3.0-PyTorch,0.0,,0.05,1.0,0.0,0.002263955771923065,0.0026072170585393906,0.0026072170585393906,1,1.0,0.05,0.0
MASS0621,45.55121326446533,3.0367475509643556,234.62349319458008,TimesFM-3.0-PyTorch,0.0,,0.09082125,70.0,0.0,189.07227993011475,234.62349319458008,234.62349319458008,4,280.0,0.363285,0.0
MASS0622,0.1252974271774292,0.008353161811828613,49.47623682022095,TimesFM-3.0-PyTorch,0.0,,0.05,1.0,0.0,49.35093939304352,49.47623682022095,49.47623682022095,50,50.0,2.5,0.0
MASS0624,0.0018882900476455688,0.00012588600317637127,0.01667163521051407,TimesFM-3.0-PyTorch,0.0,,0.05,1.0,0.0,0.0147833451628685,0.01667163521051407,0.01667163521051407,1,1.0,0.05,0.0
MASS0626,15.750111103057861,1.050007406870524,451.9074478149414,TimesFM-3.0-PyTorch,186.0,MOUSE ALAMBRICO HP X500,0.11172,100.0,0.0,436.15733671188354,451.9074478149414,265.9074478149414,3,300.0,0.33516,0.0
MASS0632,0.027800023555755615,0.001853334903717041,0.19814848899841309,TimesFM-3.0-PyTorch,0.0,,0.05,1.0,0.0,0.17034846544265747,0.19814848899841309,0.19814848899841309,1,1.0,0.05,0.0
MASS0633,9.17482516169548,0.6116550107796986,63.66831731796265,TimesFM-3.0-PyTorch,27.0,TRANSMISOR 2 EN 1 BT5.0,0.05,1.0,0.0,54.493492156267166,63.66831731796265,36.66831731796265,37,37.0,1.85,0.0
MASS0634,600.8409461975098,40.05606307983398,1258.6619338989258,TimesFM-3.0-PyTorch,46.0,MINI CAMARA ESPIA WIFI A9,0.05,100.0,0.0,657.820987701416,1258.6619338989258,1212.6619338989258,13,1300.0,0.65,0.0
MASS0635,0.0,0.0,24.280567288398743,TimesFM-3.0-PyTorch,17.0,CAMARA VISUAL EAR 3 EN 1,0.05,1.0,0.0,24.280567288398743,24.280567288398743,7.280567288398743,8,8.0,0.4,0.0
MASS0636,0.00024599768221378326,1.6399845480918885e-05,0.00256333127617836,TimesFM-3.0-PyTorch,0.0,,0.05,1.0,0.0,0.0023173335939645767,0.00256333127617836,0.00256333127617836,1,1.0,0.05,0.0
MASS0638,0.0009088050574064255,6.0587003827095034e-05,0.01040174625813961,TimesFM-3.0-PyTorch,0.0,,0.05,1.0,0.0,0.009492941200733185,0.01040174625813961,0.01040174625813961,1,1.0,0.05,0.0
MASS0647,0.003953590989112854,0.0002635727326075236,0.020599238574504852,TimesFM-3.0-PyTorch,0.0,,0.05,1.0,0.0,0.016645647585392,0.020599238574504852,0.020599238574504852,1,1.0,0.05,0.0
MASS0648,0.10523658990859985,0.0070157726605733235,68.1985878944397,TimesFM-3.0-PyTorch,16.0,SILLA CAMPING OZARK TRAIL AZUL,0.091632,10.0,0.0,68.0933513045311,68.1985878944397,52.1985878944397,6,60.0,0.5497920000000001,0.0
MASS0649,0.002967165783047676,0.0001978110522031784,0.04708183743059635,TimesFM-3.0-PyTorch,0.0,,0.05,1.0,0.0,0.044114671647548676,0.04708183743059635,0.04708183743059635,1,1.0,0.05,0.0
MASS0659,0.0030592158436775208,0.00020394772291183473,0.015293534845113754,TimesFM-3.0-PyTorch,0.0,,0.05,1.0,0.0,0.012234319001436234,0.015293534845113754,0.015293534845113754,1,1.0,0.05,0.0
MASS0663,0.05940479040145874,0.003960319360097249,0.16927754878997803,TimesFM-3.0-PyTorch,0.0,,0.05,1.0,0.0,0.10987275838851929,0.16927754878997803,0.16927754878997803,1,1.0,0.05,0.0
MASS0685,0.003461001440882683,0.00023073342939217885,0.01211547665297985,TimesFM-3.0-PyTorch,0.0,,0.05,1.0,0.0,0.008654475212097168,0.01211547665297985,0.01211547665297985,1,1.0,0.05,0.0
MASS0687,91.56969404220581,6.104646269480387,560.3214931488037,TimesFM-3.0-PyTorch,228.0,ANILLO VIBRADOR RETARDANTE DOBLE RC007,0.075578,400.0,0.0,468.7517991065979,560.3214931488037,332.3214931488037,1,400.0,0.075578,0.0
MASS0688,6.221007466316223,0.4147338310877482,86.61802911758423,TimesFM-3.0-PyTorch,0.0,,0.0484,25.0,0.0,80.397021651268,86.61802911758423,86.61802911758423,4,100.0,0.1936,0.0
MASS0689,0.0008161547593772411,5.4410317291816074e-05,0.006761651020497084,TimesFM-3.0-PyTorch,0.0,,0.05,1.0,0.0,0.0059454962611198425,0.006761651020497084,0.006761651020497084,1,1.0,0.05,0.0
MASS0690,0.0016343966126441956,0.00010895977417627971,0.00939304567873478,TimesFM-3.0-PyTorch,0.0,,0.05,1.0,0.0,0.007758649066090584,0.00939304567873478,0.00939304567873478,1,1.0,0.05,0.0
MASS0691,40.42541861534119,2.6950279076894126,253.4280128479004,TimesFM-3.0-PyTorch,270.0,FORRO DE SILICON PARA PENE YMSK001,0.0504,120.0,0.0,213.0025942325592,253.4280128479004,0.0,0,0.0,0.0,0.0
MASS0692,0.0058078765869140625,0.0003871917724609375,0.2495749592781067,TimesFM-3.0-PyTorch,0.0,,0.05,1.0,0.0,0.24376708269119263,0.2495749592781067,0.2495749592781067,1,1.0,0.05,0.0
MASS0693,3.5835376381874084,0.2389025092124939,79.47947788238525,TimesFM-3.0-PyTorch,43.0,SET DE INICIADORES ANALES SETANAL001 ROSADO,0.05,1.0,0.0,75.89594024419785,79.47947788238525,36.479477882385254,37,37.0,1.85,0.0
MASS0695,0.02555173635482788,0.0017034490903218588,14.98671543598175,TimesFM-3.0-PyTorch,0.0,,0.075,50.0,0.0,14.961163699626923,14.98671543598175,14.98671543598175,1,50.0,0.075,0.0
MASS0696,0.041588544845581055,0.0027725696563720703,63.62865734100342,TimesFM-3.0-PyTorch,0.0,,0.05,1.0,0.0,63.58706879615784,63.62865734100342,63.62865734100342,64,64.0,3.2,0.0
MASS0697,88.57038021087646,5.904692014058431,270.56989097595215,TimesFM-3.0-PyTorch,4.0,LUBRICANTE PRIVATE LIFE 30ML BANANA XZLSG30ML,0.05,1.0,0.0,181.99951076507568,270.56989097595215,266.56989097595215,267,267.0,13.350000000000001,0.0
MASS0698,0.697845458984375,0.046523030598958334,179.70077466964722,TimesFM-3.0-PyTorch,0.0,,0.05,1.0,0.0,179.00292921066284,179.70077466964722,179.70077466964722,180,180.0,9.0,0.0
MASS0699,72.9609956741333,4.864066378275553,568.2920875549316,TimesFM-3.0-PyTorch,14.0,LUBRICANTE PRIVATE LIFE 100ML LIMON XZLSG100ML,0.05,1.0,0.0,495.33109188079834,568.2920875549316,554.2920875549316,555,555.0,27.75,0.0
MASS0700,3.0287461280822754,0.20191640853881837,223.66951322555542,TimesFM-3.0-PyTorch,0.0,,0.05,1.0,0.0,220.64076709747314,223.66951322555542,223.66951322555542,224,224.0,11.200000000000001,0.0
MASS0701,386.0186176300049,25.73457450866699,875.0667762756348,TimesFM-3.0-PyTorch,231.0,LUBRICANTE ANAL LOVE MONOGATARI 200ML ZTAO01,0.13398,164.0,0.0,489.0481586456299,875.0667762756348,644.0667762756348,4,656.0,0.53592,0.0
MASS0702,156.96379470825195,10.46425298055013,369.79845809936523,TimesFM-3.0-PyTorch,485.0,IMITACION DE SEMEN LECHE SIYI 200ML SYXDZ01,0.036465,50.0,0.0,212.83466339111328,369.79845809936523,0.0,0,0.0,0.0,0.0
MASS0703,0.12350183725357056,0.008233455816904704,20.53070867061615,TimesFM-3.0-PyTorch,63.0,GEL PARA AUMENTO DE ELASTICIDAD DE MAMA OEDOBC01,0.05,1.0,0.0,20.40720683336258,20.53070867061615,0.0,0,0.0,0.0,0.0
MASS0704,0.8081495761871338,0.053876638412475586,49.871437072753906,TimesFM-3.0-PyTorch,2.0,MAQUINA MASTURBADORA CON PENE BPJ01,0.1254,12.0,0.0,49.06328749656677,49.871437072753906,47.871437072753906,4,48.0,0.5016,0.0
MASS0705,17.13183718919754,1.1421224792798361,143.9826374053955,TimesFM-3.0-PyTorch,102.0,INICIADOR VIBRADOR ANAL DE SILICON YCVA001 ROSADO,0.065968,200.0,0.0,126.85080021619797,143.9826374053955,41.98263740539551,1,200.0,0.065968,0.0
MASS0706,0.004409521818161011,0.000293968121210734,0.02231890708208084,TimesFM-3.0-PyTorch,0.0,,0.05,1.0,0.0,0.01790938526391983,0.02231890708208084,0.02231890708208084,1,1.0,0.05,0.0
MASS0712,0.002651005983352661,0.00017673373222351074,0.030421525239944458,TimesFM-3.0-PyTorch,0.0,,0.05,1.0,0.0,0.027770519256591797,0.030421525239944458,0.030421525239944458,1,1.0,0.05,0.0
MASS0720,0.0006681662052869797,4.454441368579864e-05,0.005405547097325325,TimesFM-3.0-PyTorch,0.0,,0.05,1.0,0.0,0.004737380892038345,0.005405547097325325,0.005405547097325325,1,1.0,0.05,0.0
MASS0725,0.002590179443359375,0.00017267862955729166,0.11207710206508636,TimesFM-3.0-PyTorch,0.0,,0.05,1.0,0.0,0.10948692262172699,0.11207710206508636,0.11207710206508636,1,1.0,0.05,0.0
MASS0729,1.348322257399559e-05,8.988815049330393e-07,0.0015174145810306072,TimesFM-3.0-PyTorch,0.0,,0.05,1.0,0.0,0.0015039313584566116,0.0015174145810306072,0.0015174145810306072,1,1.0,0.05,0.0
MASS0730,0.8032619953155518,0.05355079968770345,45.82845628261566,TimesFM-3.0-PyTorch,0.0,,0.08256,30.0,0.0,45.02519428730011,45.82845628261566,45.82845628261566,2,60.0,0.16512,0.0
MASS0733,75.40271425247192,5.0268476168314615,522.9978561401367,TimesFM-3.0-PyTorch,0.0,,0.1215,500.0,0.0,447.5951418876648,522.9978561401367,522.9978561401367,2,1000.0,0.243,0.0
MASS0734,0.00011933688074350357,7.955792049566905e-06,0.006088985595852137,TimesFM-3.0-PyTorch,0.0,,0.05,1.0,0.0,0.005969648715108633,0.006088985595852137,0.006088985595852137,1,1.0,0.05,0.0
MASS0737,0.12674927711486816,0.008449951807657877,87.00028944015503,TimesFM-3.0-PyTorch,0.0,,0.05,1.0,0.0,86.87354016304016,87.00028944015503,87.00028944015503,88,88.0,4.4,0.0
MASS0740,0.004656113684177399,0.0003104075789451599,0.027404338121414185,TimesFM-3.0-PyTorch,0.0,,0.05,1.0,0.0,0.022748224437236786,0.027404338121414185,0.027404338121414185,1,1.0,0.05,0.0
MASS0741,0.002338126301765442,0.0001558750867843628,0.03553926944732666,TimesFM-3.0-PyTorch,0.0,,0.05,1.0,0.0,0.03320114314556122,0.03553926944732666,0.03553926944732666,1,1.0,0.05,0.0
MASS0742,0.057972222566604614,0.003864814837773641,0.14954683184623718,TimesFM-3.0-PyTorch,0.0,,0.05,1.0,0.0,0.09157460927963257,0.14954683184623718,0.14954683184623718,1,1.0,0.05,0.0
MASS0745,21.192569851875305,1.4128379901250203,116.17965793609619,TimesFM-3.0-PyTorch,36.0,CONSOLADOR CORAZON VIDRIO CRISTAL GXNBL01,0.0273,60.0,0.0,94.98708808422089,116.17965793609619,80.17965793609619,2,120.0,0.0546,0.0
MASS0746,0.0038940757513046265,0.0002596050500869751,14.464298725128174,TimesFM-3.0-PyTorch,0.0,,0.05,1.0,0.0,14.46040464937687,14.464298725128174,14.464298725128174,15,15.0,0.75,0.0
MASS0747,0.8133792877197266,0.05422528584798177,80.36280298233032,TimesFM-3.0-PyTorch,77.0,COPA FORMA DE PENE CRISTAL BLJP01,0.05,1.0,0.0,79.5494236946106,80.36280298233032,3.3628029823303223,4,4.0,0.2,0.0
MASS0748,0.00046418607234954834,3.094573815663655e-05,0.014692924916744232,TimesFM-3.0-PyTorch,0.0,,0.05,1.0,0.0,0.014228738844394684,0.014692924916744232,0.014692924916744232,1,1.0,0.05,0.0
MASS0749,0.35524511337280273,0.02368300755818685,36.91735816001892,TimesFM-3.0-PyTorch,0.0,,0.05,1.0,0.0,36.56211304664612,36.91735816001892,36.91735816001892,37,37.0,1.85,0.0
MASS0750,0.4786745309829712,0.03191163539886475,55.99532985687256,TimesFM-3.0-PyTorch,36.0,MASCARA ANTIFAZ CONEJITA TNLMJ01 NEGRA,0.05,1.0,0.0,55.51665532588959,55.99532985687256,19.99532985687256,20,20.0,1.0,0.0
MASS0752,186.82239151000977,12.454826100667317,764.5582885742188,TimesFM-3.0-PyTorch,0.0,,0.038313,100.0,0.0,577.735897064209,764.5582885742188,764.5582885742188,8,800.0,0.306504,0.0
MASS0753,27.315494298934937,1.821032953262329,197.34692287445068,TimesFM-3.0-PyTorch,0.0,,0.05,1.0,0.0,170.03142857551575,197.34692287445068,197.34692287445068,198,198.0,9.9,0.0
MASS0756,0.0009733932092785835,6.489288061857223e-05,0.005303347483277321,TimesFM-3.0-PyTorch,0.0,,0.05,1.0,0.0,0.004329954273998737,0.005303347483277321,0.005303347483277321,1,1.0,0.05,0.0
MASS0759,2.858431577682495,0.190562105178833,109.69359064102173,TimesFM-3.0-PyTorch,2.0,CONTROL DE ASISTENCIA SISTEMA ESPA OL,0.06765,20.0,0.0,106.83515906333923,109.69359064102173,107.69359064102173,6,120.0,0.40590000000000004,0.0
MASS0760,0.0002858433872461319,1.9056225816408794e-05,0.0037410296499729156,TimesFM-3.0-PyTorch,0.0,,0.05,1.0,0.0,0.0034551862627267838,0.0037410296499729156,0.0037410296499729156,1,1.0,0.05,0.0
MASS0763,73.97302961349487,4.931535307566325,351.6863098144531,TimesFM-3.0-PyTorch,32.0,HUMIDIFICADOR DOMO RGB BLANCO,0.05,1.0,0.0,277.71328020095825,351.6863098144531,319.6863098144531,320,320.0,16.0,0.0
MASS0764,0.2504394054412842,0.01669596036275228,118.75437593460083,TimesFM-3.0-PyTorch,0.0,,0.05,1.0,0.0,118.50393652915955,118.75437593460083,118.75437593460083,119,119.0,5.95,0.0
MASS0765,2.843329906463623,0.18955532709757486,123.55758333206177,TimesFM-3.0-PyTorch,0.0,,0.05,1.0,0.0,120.71425342559814,123.55758333206177,123.55758333206177,124,124.0,6.2,0.0
MASS0768,0.17519021034240723,0.011679347356160481,36.1119464635849,TimesFM-3.0-PyTorch,0.0,,0.05,1.0,0.0,35.93675625324249,36.1119464635849,36.1119464635849,37,37.0,1.85,0.0
MASS0769,0.6531705856323242,0.043544705708821616,40.55506873130798,TimesFM-3.0-PyTorch,0.0,,0.05,1.0,0.0,39.90189814567566,40.55506873130798,40.55506873130798,41,41.0,2.0500000000000003,0.0
MASS0770,0.014483809471130371,0.0009655872980753581,0.10533428192138672,TimesFM-3.0-PyTorch,0.0,,0.05,1.0,0.0,0.09085047245025635,0.10533428192138672,0.10533428192138672,1,1.0,0.05,0.0
MASS0771,0.7439595460891724,0.04959730307261149,26.30390167236328,TimesFM-3.0-PyTorch,0.0,,0.05,1.0,0.0,25.55994212627411,26.30390167236328,26.30390167236328,27,27.0,1.35,0.0
MASS0772,0.0005828849971294403,3.8858999808629353e-05,0.008301319554448128,TimesFM-3.0-PyTorch,0.0,,0.05,1.0,0.0,0.0077184345573186874,0.008301319554448128,0.008301319554448128,1,1.0,0.05,0.0
MASS0773,0.0034637711942195892,0.00023091807961463928,0.01907501369714737,TimesFM-3.0-PyTorch,0.0,,0.05,1.0,0.0,0.01561124250292778,0.01907501369714737,0.01907501369714737,1,1.0,0.05,0.0
MASS0774,0.0009172968566417694,6.115312377611797e-05,0.013135343790054321,TimesFM-3.0-PyTorch,0.0,,0.05,1.0,0.0,0.012218046933412552,0.013135343790054321,0.013135343790054321,1,1.0,0.05,0.0
MASS0775,0.0048920586705207825,0.0003261372447013855,0.03441450744867325,TimesFM-3.0-PyTorch,0.0,,0.05,1.0,0.0,0.029522448778152466,0.03441450744867325,0.03441450744867325,1,1.0,0.05,0.0
MASS0776,0.0034748800098896027,0.00023165866732597352,0.010899834334850311,TimesFM-3.0-PyTorch,0.0,,0.05,1.0,0.0,0.007424954324960709,0.010899834334850311,0.010899834334850311,1,1.0,0.05,0.0
MASS0778,0.0,0.0,7.7652289271354675,TimesFM-3.0-PyTorch,0.0,,0.135759,200.0,0.0,7.7652289271354675,7.7652289271354675,7.7652289271354675,1,200.0,0.135759,0.0
MASS0779,0.17510521411895752,0.011673680941263835,37.70334339141846,TimesFM-3.0-PyTorch,0.0,,0.05,1.0,0.0,37.5282381772995,37.70334339141846,37.70334339141846,38,38.0,1.9000000000000001,0.0
MASS0780,3.5089409947395325,0.23392939964930218,46.405067920684814,TimesFM-3.0-PyTorch,0.0,,0.05,1.0,0.0,42.89612692594528,46.405067920684814,46.405067920684814,47,47.0,2.35,0.0
MASS0781,2.546853542327881,0.16979023615519206,196.29127883911133,TimesFM-3.0-PyTorch,0.0,,0.1,200.0,0.0,193.74442529678345,196.29127883911133,196.29127883911133,1,200.0,0.1,0.0
MASS0783,1.744837760925293,0.11632251739501953,278.9930715560913,TimesFM-3.0-PyTorch,0.0,,0.05,1.0,0.0,277.248233795166,278.9930715560913,278.9930715560913,279,279.0,13.950000000000001,0.0
MASS0784,0.16631293296813965,0.011087528864542643,76.623939037323,TimesFM-3.0-PyTorch,1.0,MEDIA DE COMPRESION TALLA XXL,0.05,1.0,0.0,76.45762610435486,76.623939037323,75.623939037323,76,76.0,3.8000000000000003,0.0
MASS0785,0.0,0.0,68.52328360080719,TimesFM-3.0-PyTorch,0.0,,0.08,50.0,0.0,68.52328360080719,68.52328360080719,68.52328360080719,2,100.0,0.16,0.0
MASS0786,1.6782517433166504,0.11188344955444336,29.90611171722412,TimesFM-3.0-PyTorch,0.0,,0.05,1.0,0.0,28.22785997390747,29.90611171722412,29.90611171722412,30,30.0,1.5,0.0
MASS0787,4.499013662338257,0.29993424415588377,105.03577637672424,TimesFM-3.0-PyTorch,206.0,RODILLERA AJUSTABLE XL,0.05,1.0,0.0,100.53676271438599,105.03577637672424,0.0,0,0.0,0.0,0.0
MASS0788,0.13307291269302368,0.008871527512868245,17.034023970365524,TimesFM-3.0-PyTorch,154.0,RODILLERA AJUSTABLE XXL,0.05,1.0,0.0,16.9009510576725,17.034023970365524,0.0,0,0.0,0.0,0.0
MASS0793,1.1201975345611572,0.07467983563741049,110.09054660797119,TimesFM-3.0-PyTorch,0.0,,0.0814,48.0,0.0,108.97034907341003,110.09054660797119,110.09054660797119,3,144.0,0.2442,0.0
MASS0795,1.5472116470336914,0.10314744313557943,285.721022605896,TimesFM-3.0-PyTorch,0.0,,0.05,1.0,0.0,284.1738109588623,285.721022605896,285.721022605896,286,286.0,14.3,0.0
MASS0800,1.93331778049469,0.12888785203297934,113.50779247283936,TimesFM-3.0-PyTorch,37.0,BALA COLORES PASTELES NEGRO YCAS4301,0.05,1.0,0.0,111.57447469234467,113.50779247283936,76.50779247283936,77,77.0,3.85,0.0
MASS0801,3.8254292607307434,0.25502861738204957,171.50186252593994,TimesFM-3.0-PyTorch,44.0,BALA COLORES PASTELES MORADO YCAS4301,0.05,1.0,0.0,167.6764332652092,171.50186252593994,127.50186252593994,128,128.0,6.4,0.0
MASS0802,0.8487735986709595,0.05658490657806396,103.05459070205688,TimesFM-3.0-PyTorch,43.0,BALA COLORES PASTELES ROSADO YCAS4301,0.05,1.0,0.0,102.20581710338593,103.05459070205688,60.054590702056885,61,61.0,3.0500000000000003,0.0
MASS0803,0.008078232407569885,0.0005385488271713257,0.08323706686496735,TimesFM-3.0-PyTorch,0.0,,0.05,1.0,0.0,0.07515883445739746,0.08323706686496735,0.08323706686496735,1,1.0,0.05,0.0
MASS0804,0.0,0.0,0.006767168641090393,TimesFM-3.0-PyTorch,0.0,,0.05,1.0,0.0,0.006767168641090393,0.006767168641090393,0.006767168641090393,1,1.0,0.05,0.0
MASS0805,0.003985226154327393,0.00026568174362182615,0.1578819751739502,TimesFM-3.0-PyTorch,0.0,,0.05,1.0,0.0,0.1538967490196228,0.1578819751739502,0.1578819751739502,1,1.0,0.05,0.0
MASS0812,0.004695117473602295,0.0003130078315734863,0.09126228094100952,TimesFM-3.0-PyTorch,0.0,,0.05,1.0,0.0,0.08656716346740723,0.09126228094100952,0.09126228094100952,1,1.0,0.05,0.0
MASS0813,0.009497404098510742,0.0006331602732340494,0.04112976789474487,TimesFM-3.0-PyTorch,0.0,,0.05,1.0,0.0,0.03163236379623413,0.04112976789474487,0.04112976789474487,1,1.0,0.05,0.0
MASS0814,0.007719174027442932,0.0005146116018295288,0.0344102680683136,TimesFM-3.0-PyTorch,0.0,,0.05,1.0,0.0,0.026691094040870667,0.0344102680683136,0.0344102680683136,1,1.0,0.05,0.0
MASS0817,0.22218823432922363,0.014812548955281576,1.6768641471862793,TimesFM-3.0-PyTorch,0.0,,0.053312,100.0,0.0,1.4546759128570557,1.6768641471862793,1.6768641471862793,1,100.0,0.053312,0.0
MASS0818,0.08465385437011719,0.005643590291341146,0.8254661560058594,TimesFM-3.0-PyTorch,1.0,RELOJ INTELIGENTE GT08 SERIE 8 ULTRA NEGRO,0.05,1.0,0.0,0.7408123016357422,0.8254661560058594,0.0,0,0.0,0.0,0.0
MASS0820,0.04096794128417969,0.0027311960856119793,0.317305326461792,TimesFM-3.0-PyTorch,0.0,,0.05,1.0,0.0,0.2763373851776123,0.317305326461792,0.317305326461792,1,1.0,0.05,0.0
MASS0821,4.152141332626343,0.2768094221750895,85.5311827659607,TimesFM-3.0-PyTorch,0.0,,0.05,1.0,0.0,81.37904143333435,85.5311827659607,85.5311827659607,86,86.0,4.3,0.0
MASS0822,57.91555333137512,3.8610368887583415,217.89904499053955,TimesFM-3.0-PyTorch,63.0,HUMIDIFICADOR HOMEDIC MARRON CLARO,0.05,1.0,0.0,159.98349165916443,217.89904499053955,154.89904499053955,155,155.0,7.75,0.0
MASS0823,83.30397701263428,5.553598467508952,329.3626365661621,TimesFM-3.0-PyTorch,106.0,HUMIDIFICADOR HOMEDIC MARRON OSCURO,0.114048,60.0,0.0,246.05865955352783,329.3626365661621,223.3626365661621,4,240.0,0.456192,0.0
MASS0825,156.2869257926941,10.419128386179606,647.2010040283203,TimesFM-3.0-PyTorch,232.0,MAQUINA DE AFEITAR INALAMBRICA KM-1407 3 EN 1,0.07191,60.0,0.0,490.9140782356262,647.2010040283203,415.2010040283203,7,420.0,0.50337,0.0
MASS0826,95.39750957489014,6.359833971659342,419.8293266296387,TimesFM-3.0-PyTorch,661.0,CORRECTOR DE JUANETE,0.05,200.0,0.0,324.43181705474854,419.8293266296387,0.0,0,0.0,0.0,0.0
MASS0827,0.03917032480239868,0.002611354986826579,0.26955485343933105,TimesFM-3.0-PyTorch,0.0,,0.05,1.0,0.0,0.23038452863693237,0.26955485343933105,0.26955485343933105,1,1.0,0.05,0.0
MASS0828,0.0046861618757247925,0.00031241079171498616,0.05051054060459137,TimesFM-3.0-PyTorch,0.0,,0.05,1.0,0.0,0.04582437872886658,0.05051054060459137,0.05051054060459137,1,1.0,0.05,0.0
MASS0830,187.7141728401184,12.514278189341228,577.1307220458984,TimesFM-3.0-PyTorch,128.0,ESTIMULADOR ELECTROTERAPIA PORTATIL TENNS,0.142624625,60.0,0.0,389.41654920578003,577.1307220458984,449.13072204589844,8,480.0,1.140997,0.0
MASS0834,0.030109882354736328,0.0020073254903157554,1.0652899742126465,TimesFM-3.0-PyTorch,0.0,,0.150414,36.0,0.0,1.0351800918579102,1.0652899742126465,1.0652899742126465,1,36.0,0.150414,0.0
MASS0838,0.011759519577026367,0.0007839679718017578,0.05414675921201706,TimesFM-3.0-PyTorch,0.0,,0.05,1.0,0.0,0.04238723963499069,0.05414675921201706,0.05414675921201706,1,1.0,0.05,0.0
MASS0841,47.71008610725403,3.1806724071502686,177.067289352417,TimesFM-3.0-PyTorch,2.0,LUBRICANTE ANAL WATER OLO 60 ML WARMING FUCSIA,0.062868,100.0,0.0,129.35720324516296,177.067289352417,175.067289352417,2,200.0,0.125736,0.0
MASS0842,42.14006733894348,2.809337822596232,315.0909595489502,TimesFM-3.0-PyTorch,0.0,,0.12,300.0,0.0,272.9508922100067,315.0909595489502,315.0909595489502,2,600.0,0.24,0.0
MASS0844,0.0,0.0,16.760200440883636,TimesFM-3.0-PyTorch,0.0,,0.05,1.0,0.0,16.760200440883636,16.760200440883636,16.760200440883636,17,17.0,0.8500000000000001,0.0
MASS0845,0.00027283141389489174,1.8188760926326115e-05,0.005194819066673517,TimesFM-3.0-PyTorch,0.0,,0.05,1.0,0.0,0.0049219876527786255,0.005194819066673517,0.005194819066673517,1,1.0,0.05,0.0
MASS0846,11.896843552589417,0.7931229035059612,163.62415981292725,TimesFM-3.0-PyTorch,48.0,ROSA VIBRADORA VAGINA SUCKER ROJO,0.0656,50.0,0.0,151.72731626033783,163.62415981292725,115.62415981292725,3,150.0,0.19680000000000003,0.0
MASS0847,0.015432149171829224,0.0010288099447886149,0.07811535894870758,TimesFM-3.0-PyTorch,0.0,,0.05,1.0,0.0,0.06268320977687836,0.07811535894870758,0.07811535894870758,1,1.0,0.05,0.0
MASS0849,0.004409521818161011,0.000293968121210734,0.02231890708208084,TimesFM-3.0-PyTorch,0.0,,0.05,1.0,0.0,0.01790938526391983,0.02231890708208084,0.02231890708208084,1,1.0,0.05,0.0
MASS0850,443.0194206237793,29.534628041585286,1052.4305419921875,TimesFM-3.0-PyTorch,504.0,VIBRADOR POR APLICACION REMOTO YPM,0.058696,100.0,0.0,609.4111213684082,1052.4305419921875,548.4305419921875,6,600.0,0.352176,0.0
MASS0859,0.024869263172149658,0.0016579508781433105,0.10519665479660034,TimesFM-3.0-PyTorch,0.0,,0.05,1.0,0.0,0.08032739162445068,0.10519665479660034,0.10519665479660034,1,1.0,0.05,0.0
MASS0860,0.0008463282138109207,5.642188092072805e-05,0.009457889012992382,TimesFM-3.0-PyTorch,0.0,,0.05,1.0,0.0,0.008611560799181461,0.009457889012992382,0.009457889012992382,1,1.0,0.05,0.0
MASS0863,0.060271382331848145,0.004018092155456543,52.453457951545715,TimesFM-3.0-PyTorch,0.0,,0.05,1.0,0.0,52.39318656921387,52.453457951545715,52.453457951545715,53,53.0,2.6500000000000004,0.0
MASS0864,0.00981605052947998,0.0006544033686319987,4.959936857223511,TimesFM-3.0-PyTorch,0.0,,0.05,1.0,0.0,4.950120806694031,4.959936857223511,4.959936857223511,5,5.0,0.25,0.0
MASS0871,0.0,0.0,0.04212108254432678,TimesFM-3.0-PyTorch,0.0,,0.05,1.0,0.0,0.04212108254432678,0.04212108254432678,0.04212108254432678,1,1.0,0.05,0.0
MASS0881,70.57058715820312,4.704705810546875,241.56361198425293,TimesFM-3.0-PyTorch,66.0,AMOLADOR DE CUCHILLO,0.141588,144.0,0.0,170.9930248260498,241.56361198425293,175.56361198425293,2,288.0,0.283176,0.0
MASS0889,39.59521293640137,2.639680862426758,911.992259979248,TimesFM-3.0-PyTorch,0.0,,0.03883125,20.0,0.0,872.3970470428467,911.992259979248,911.992259979248,46,920.0,1.7862375,0.0
MASS0890,0.25175100564956665,0.016783400376637777,14.263773918151855,TimesFM-3.0-PyTorch,0.0,,0.054094,60.0,0.0,14.012022912502289,14.263773918151855,14.263773918151855,1,60.0,0.054094,0.0
MASS0898,0.00023579830303788185,1.5719886869192122e-05,0.002124836202710867,TimesFM-3.0-PyTorch,0.0,,0.05,1.0,0.0,0.001889037899672985,0.002124836202710867,0.002124836202710867,1,1.0,0.05,0.0
MASS0901,0.00024599768221378326,1.6399845480918885e-05,0.00256333127617836,TimesFM-3.0-PyTorch,0.0,,0.05,1.0,0.0,0.0023173335939645767,0.00256333127617836,0.00256333127617836,1,1.0,0.05,0.0
MASS0902,18.09014320373535,1.2060095469156902,206.72872352600098,TimesFM-3.0-PyTorch,1.0,MINI MAQUINA DE COSER,0.12672,20.0,0.0,188.63858032226562,206.72872352600098,205.72872352600098,11,220.0,1.39392,0.0
MASS0904,0.0312630832195282,0.0020842055479685464,0.35059458017349243,TimesFM-3.0-PyTorch,0.0,,0.05,1.0,0.0,0.31933149695396423,0.35059458017349243,0.35059458017349243,1,1.0,0.05,0.0
MASS0905,0.43436509370803833,0.028957672913869224,83.4413743019104,TimesFM-3.0-PyTorch,51.0,VIBRADOR 12 VELOCIDADES CON ESTIMULADOR DE CLITORIS DRHHS001 NEGRO,0.05,1.0,0.0,83.00700920820236,83.4413743019104,32.4413743019104,33,33.0,1.6500000000000001,0.0
MASS0906,1.0057746171951294,0.06705164114634196,86.37166166305542,TimesFM-3.0-PyTorch,66.0,VIBRADOR 12 VELOCIDADES CON ESTIMULADOR DE CLITORIS DRHHS001 FUCSIA,0.05,1.0,0.0,85.36588704586029,86.37166166305542,20.37166166305542,21,21.0,1.05,0.0
MASS0907,2.1356420516967773,0.14237613677978517,111.25225353240967,TimesFM-3.0-PyTorch,61.0,VIBRADOR 12 VELOCIDADES CON ESTIMULADOR DE CLITORIS DRHHS001 MORADO,0.05,1.0,0.0,109.11661148071289,111.25225353240967,50.25225353240967,51,51.0,2.5500000000000003,0.0
MASS0908,0.020977497100830078,0.0013984998067220053,18.174725830554962,TimesFM-3.0-PyTorch,0.0,,0.05,1.0,0.0,18.153748333454132,18.174725830554962,18.174725830554962,19,19.0,0.9500000000000001,0.0
MASS0909,7.657613605260849e-05,5.105075736840566e-06,0.0022787395864725113,TimesFM-3.0-PyTorch,0.0,,0.05,1.0,0.0,0.002202163450419903,0.0022787395864725113,0.0022787395864725113,1,1.0,0.05,0.0
MASS0917,0.0347018837928772,0.0023134589195251466,12.56170129776001,TimesFM-3.0-PyTorch,137.0,EXPRIMIDOR ACRILICO MANUAL DE LIMON,0.05,1.0,0.0,12.526999413967133,12.56170129776001,0.0,0,0.0,0.0,0.0
MASS0918,114.17652130126953,7.611768086751302,438.9798812866211,TimesFM-3.0-PyTorch,80.0,TAZA BATIDORA RECARGABLE,0.05,1.0,0.0,324.80335998535156,438.9798812866211,358.9798812866211,359,359.0,17.95,0.0
MASS0919,7.2847959995269775,0.48565306663513186,174.07653522491455,TimesFM-3.0-PyTorch,0.0,,0.100566625,100.0,0.0,166.79173922538757,174.07653522491455,174.07653522491455,2,200.0,0.20113325,0.0
MASS0920,0.004353523254394531,0.00029023488362630207,0.15359002351760864,TimesFM-3.0-PyTorch,0.0,,0.150255,48.0,0.0,0.1492365002632141,0.15359002351760864,0.15359002351760864,1,48.0,0.150255,0.0
MASS0922,0.0013682362623512745,9.12157508234183e-05,0.003961645532399416,TimesFM-3.0-PyTorch,0.0,,0.05,1.0,0.0,0.0025934092700481415,0.003961645532399416,0.003961645532399416,1,1.0,0.05,0.0
MASS0923,0.0013682362623512745,9.12157508234183e-05,0.003961645532399416,TimesFM-3.0-PyTorch,0.0,,0.05,1.0,0.0,0.0025934092700481415,0.003961645532399416,0.003961645532399416,1,1.0,0.05,0.0
MASS0924,0.0001792791299521923,1.195194199681282e-05,0.0025960630737245083,TimesFM-3.0-PyTorch,0.0,,0.05,1.0,0.0,0.002416783943772316,0.0025960630737245083,0.0025960630737245083,1,1.0,0.05,0.0
MASS0925,0.0068414099514484406,0.0004560939967632294,0.019808746874332428,TimesFM-3.0-PyTorch,0.0,,0.05,1.0,0.0,0.012967336922883987,0.019808746874332428,0.019808746874332428,1,1.0,0.05,0.0
MASS0926,0.008209414780139923,0.0005472943186759949,0.023769866675138474,TimesFM-3.0-PyTorch,0.0,,0.05,1.0,0.0,0.01556045189499855,0.023769866675138474,0.023769866675138474,1,1.0,0.05,0.0
MASS0927,260.6030731201172,17.373538208007812,3490.566093444824,TimesFM-3.0-PyTorch,0.0,,0.027225,60.0,0.0,3229.963020324707,3490.566093444824,3490.566093444824,59,3540.0,1.606275,0.0
MASS0929,0.004348395392298698,0.00028989302615324656,0.012491460889577866,TimesFM-3.0-PyTorch,0.0,,0.05,1.0,0.0,0.008143065497279167,0.012491460889577866,0.012491460889577866,1,1.0,0.05,0.0
MASS0930,0.0004476308822631836,2.9842058817545574e-05,1.1959187984466553,TimesFM-3.0-PyTorch,0.0,,0.05,1.0,0.0,1.195471167564392,1.1959187984466553,1.1959187984466553,2,2.0,0.1,0.0
MASS0931,0.0007863491773605347,5.242327849070231e-05,0.46863431483507156,TimesFM-3.0-PyTorch,0.0,,0.05,1.0,0.0,0.46784796565771103,0.46863431483507156,0.46863431483507156,1,1.0,0.05,0.0
MASS0934,129.3857398033142,8.625715986887615,339.9637928009033,TimesFM-3.0-PyTorch,393.0,CUERDA DE SALTAR AJUSTABLE,0.06048,100.0,0.0,210.5780529975891,339.9637928009033,0.0,0,0.0,0.0,0.0
MASS0940,0.0,0.0,0.02055457979440689,TimesFM-3.0-PyTorch,0.0,,0.05,1.0,0.0,0.02055457979440689,0.02055457979440689,0.02055457979440689,1,1.0,0.05,0.0
MASS0941,0.0007842890918254852,5.228593945503235e-05,0.00853227823972702,TimesFM-3.0-PyTorch,0.0,,0.05,1.0,0.0,0.007747989147901535,0.00853227823972702,0.00853227823972702,1,1.0,0.05,0.0
MASS0942,66.76598930358887,4.451065953572591,556.3236932754517,TimesFM-3.0-PyTorch,3.0,AUDIFONO AIRPODS PRO 2,0.073574325,100.0,0.0,489.5577039718628,556.3236932754517,553.3236932754517,6,600.0,0.44144595,0.0
MASS0943,151.48686957359314,10.099124638239543,474.60778617858887,TimesFM-3.0-PyTorch,195.0,PISTOLA MASAJEADORA FASCIAL GUN KH-320,0.111872,20.0,0.0,323.1209166049957,474.60778617858887,279.60778617858887,14,280.0,1.566208,0.0
MASS0944,34.585007667541504,2.3056671778361,96.3667221069336,TimesFM-3.0-PyTorch,76.0,MASAJEADOR DE GLUTEO ABS ESTIMULADOR FITNES,0.084,40.0,0.0,61.78171443939209,96.3667221069336,20.366722106933594,1,40.0,0.084,0.0
MASS0947,1.5963340401649475,0.10642226934432983,55.72164440155029,TimesFM-3.0-PyTorch,82.0,SATISFAYER ROSADO XQZK003,0.05,100.0,0.0,54.125310361385345,55.72164440155029,0.0,0,0.0,0.0,0.0
MASS0948,24.365779638290405,1.6243853092193603,117.09681797027588,TimesFM-3.0-PyTorch,75.0,SATISFAYER MORADO XQZK003,0.05,1.0,0.0,92.73103833198547,117.09681797027588,42.09681797027588,43,43.0,2.15,0.0
MASS0949,0.010901212692260742,0.0007267475128173828,7.358739525079727,TimesFM-3.0-PyTorch,0.0,,0.05,1.0,0.0,7.347838312387466,7.358739525079727,7.358739525079727,8,8.0,0.4,0.0
MASS0950,0.3990522623062134,0.02660348415374756,80.30172443389893,TimesFM-3.0-PyTorch,1.0,BOLSO DE LAPTOP REFLECTIVO CONECTOR POWER BANK AZUL,0.05,1.0,0.0,79.90267217159271,80.30172443389893,79.30172443389893,80,80.0,4.0,0.0
MASS0951,31.736871480941772,2.115791432062785,288.4560594558716,TimesFM-3.0-PyTorch,1.0,BOLSO DE LAPTOP REFLECTIVO CONECTOR POWER BANK NEGRO,0.05,1.0,0.0,256.7191879749298,288.4560594558716,287.4560594558716,288,288.0,14.4,0.0
MASS0952,4.50828230381012,0.30055215358734133,156.2954273223877,TimesFM-3.0-PyTorch,0.0,,0.05,1.0,0.0,151.78714501857758,156.2954273223877,156.2954273223877,157,157.0,7.8500000000000005,0.0
MASS0953,10.71060061454773,0.7140400409698486,149.75234031677246,TimesFM-3.0-PyTorch,9.0,BOLSO DE LAPTOP MULTIFUNCIONAL DOBLE CIERRE CONECTOR POWER BANK GRIS,0.05,1.0,0.0,139.04173970222473,149.75234031677246,140.75234031677246,141,141.0,7.050000000000001,0.0
MASS0954,3.045243263244629,0.20301621754964191,77.81233406066895,TimesFM-3.0-PyTorch,23.0,BOLSO DE LAPTOP MULTIFUNCIONAL DOBLE CIERRE CONECTOR POWER BANK AZUL,0.05,1.0,0.0,74.76709079742432,77.81233406066895,54.812334060668945,55,55.0,2.75,0.0
MASS0955,0.28430426120758057,0.018953617413838705,70.02555823326111,TimesFM-3.0-PyTorch,1.0,BOLSO DE LAPTOP MULTIFUNCIONAL DOBLE CIERRE CONECTOR POWER BANK ROJO,0.05,1.0,0.0,69.74125397205353,70.02555823326111,69.02555823326111,70,70.0,3.5,0.0
MASS0956,0.7672290802001953,0.051148605346679685,89.73833167552948,TimesFM-3.0-PyTorch,0.0,,0.05,1.0,0.0,88.97110259532928,89.73833167552948,89.73833167552948,90,90.0,4.5,0.0
MASS0957,0.0158078670501709,0.0010538578033447265,55.99379301071167,TimesFM-3.0-PyTorch,0.0,,0.05,1.0,0.0,55.9779851436615,55.99379301071167,55.99379301071167,56,56.0,2.8000000000000003,0.0
MASS0958,0.01680445671081543,0.001120297114054362,58.668758392333984,TimesFM-3.0-PyTorch,0.0,,0.05,1.0,0.0,58.65195393562317,58.668758392333984,58.668758392333984,59,59.0,2.95,0.0
MASS0959,0.0700652003288269,0.004671013355255127,30.321211338043213,TimesFM-3.0-PyTorch,0.0,,0.05,1.0,0.0,30.251146137714386,30.321211338043213,30.321211338043213,31,31.0,1.55,0.0
MASS0960,0.043587684631347656,0.0029058456420898438,18.149962961673737,TimesFM-3.0-PyTorch,0.0,,0.03528,432.0,0.0,18.10637527704239,18.149962961673737,18.149962961673737,1,432.0,0.03528,0.0
MASS0961,0.020934700965881348,0.0013956467310587565,1.2349146902561188,TimesFM-3.0-PyTorch,0.0,,0.05,1.0,0.0,1.2139799892902374,1.2349146902561188,1.2349146902561188,2,2.0,0.1,0.0
MASS0963,0.01171162724494934,0.0007807751496632894,33.28815367817879,TimesFM-3.0-PyTorch,0.0,,0.05,1.0,0.0,33.27644205093384,33.28815367817879,33.28815367817879,34,34.0,1.7000000000000002,0.0
MASS0965,0.057038307189941406,0.0038025538126627606,8.685867547988892,TimesFM-3.0-PyTorch,9.0,SOPORTE PARA LAVAPLATO VERDE,0.05,1.0,0.0,8.62882924079895,8.685867547988892,0.0,0,0.0,0.0,0.0
MASS0966,0.03441014885902405,0.0022940099239349364,6.686840355396271,TimesFM-3.0-PyTorch,1.0,SOPORTE PARA LAVAPLATO NARANJA,0.05,1.0,0.0,6.652430206537247,6.686840355396271,5.686840355396271,6,6.0,0.30000000000000004,0.0
MASS0967,0.0033354610204696655,0.00022236406803131104,12.07105439901352,TimesFM-3.0-PyTorch,0.0,,0.05,1.0,0.0,12.06771893799305,12.07105439901352,12.07105439901352,13,13.0,0.65,0.0
MASS0969,3.2797419279813766,0.2186494618654251,35.94860863685608,TimesFM-3.0-PyTorch,35.0,CEPILLO LIMPIADOR DE AUDIFONO,0.05,1.0,0.0,32.6688667088747,35.94860863685608,0.9486086368560791,1,1.0,0.05,0.0
MASS0970,0.011097624897956848,0.0007398416598637899,0.184797003865242,TimesFM-3.0-PyTorch,0.0,,0.05,1.0,0.0,0.17369937896728516,0.184797003865242,0.184797003865242,1,1.0,0.05,0.0
MASS0971,0.0,0.0,19.765655517578125,TimesFM-3.0-PyTorch,0.0,,0.05,1.0,0.0,19.765655517578125,19.765655517578125,19.765655517578125,20,20.0,1.0,0.0
MASS0972,0.011243358254432678,0.0007495572169621786,0.046523794531822205,TimesFM-3.0-PyTorch,0.0,,0.05,1.0,0.0,0.035280436277389526,0.046523794531822205,0.046523794531822205,1,1.0,0.05,0.0
MASS0974,0.00011130794882774353,7.420529921849569e-06,0.003979062661528587,TimesFM-3.0-PyTorch,0.0,,0.05,1.0,0.0,0.003867754712700844,0.003979062661528587,0.003979062661528587,1,1.0,0.05,0.0
MASS0975,0.0010894928127527237,7.263285418351491e-05,0.0075968969613313675,TimesFM-3.0-PyTorch,0.0,,0.05,1.0,0.0,0.006507404148578644,0.0075968969613313675,0.0075968969613313675,1,1.0,0.05,0.0
MASS0976,0.001983361318707466,0.00013222408791383107,0.014360973611474037,TimesFM-3.0-PyTorch,0.0,,0.05,1.0,0.0,0.012377612292766571,0.014360973611474037,0.014360973611474037,1,1.0,0.05,0.0
MASS0977,0.0004952303133904934,3.301535422603289e-05,0.0028418535366654396,TimesFM-3.0-PyTorch,0.0,,0.05,1.0,0.0,0.002346623223274946,0.0028418535366654396,0.0028418535366654396,1,1.0,0.05,0.0
MASS0978,0.002149399369955063,0.00014329329133033752,0.014687523245811462,TimesFM-3.0-PyTorch,0.0,,0.05,1.0,0.0,0.0125381238758564,0.014687523245811462,0.014687523245811462,1,1.0,0.05,0.0
MASS0980,0.18586713075637817,0.012391142050425212,43.33240079879761,TimesFM-3.0-PyTorch,0.0,,0.05,1.0,0.0,43.14653366804123,43.33240079879761,43.33240079879761,44,44.0,2.2,0.0
MASS0981,0.0026412904262542725,0.00017608602841695148,0.01026424765586853,TimesFM-3.0-PyTorch,0.0,,0.05,1.0,0.0,0.007622957229614258,0.01026424765586853,0.01026424765586853,1,1.0,0.05,0.0
MASS0982,0.4214879870414734,0.028099199136098225,23.8206045627594,TimesFM-3.0-PyTorch,36.0,HUMIDIFICADOR COLOR FULL RGB SPRAY RECARGABLE BLANCO,0.05,1.0,0.0,23.399116575717926,23.8206045627594,0.0,0,0.0,0.0,0.0
MASS0983,0.0002470724284648895,1.6471495230992637e-05,0.012485604733228683,TimesFM-3.0-PyTorch,0.0,,0.05,1.0,0.0,0.012238532304763794,0.012485604733228683,0.012485604733228683,1,1.0,0.05,0.0
MASS0985,0.0066567957401275635,0.0004437863826751709,0.03972227871417999,TimesFM-3.0-PyTorch,0.0,,0.05,1.0,0.0,0.03306548297405243,0.03972227871417999,0.03972227871417999,1,1.0,0.05,0.0
MASS0987,0.04281812906265259,0.0028545419375101727,0.16154980659484863,TimesFM-3.0-PyTorch,0.0,,0.05,1.0,0.0,0.11873167753219604,0.16154980659484863,0.16154980659484863,1,1.0,0.05,0.0
MASS0988,0.016864240169525146,0.001124282677968343,0.1763615608215332,TimesFM-3.0-PyTorch,0.0,,0.05,1.0,0.0,0.15949732065200806,0.1763615608215332,0.1763615608215332,1,1.0,0.05,0.0
MASS0989,0.0,0.0,0.003941977396607399,TimesFM-3.0-PyTorch,0.0,,0.05,1.0,0.0,0.003941977396607399,0.003941977396607399,0.003941977396607399,1,1.0,0.05,0.0
MASS0990,0.0005030781030654907,3.3538540204366045e-05,1.4350357055664062,TimesFM-3.0-PyTorch,0.0,,0.05,1.0,0.0,1.4345326274633408,1.4350357055664062,1.4350357055664062,2,2.0,0.1,0.0
MASS0991,0.0007095523178577423,4.730348785718282e-05,0.014728005975484848,TimesFM-3.0-PyTorch,0.0,,0.05,1.0,0.0,0.014018453657627106,0.014728005975484848,0.014728005975484848,1,1.0,0.05,0.0
MASS0992,0.0008544921875,5.6966145833333334e-05,18.632213950157166,TimesFM-3.0-PyTorch,0.0,,0.05,20.0,0.0,18.631359457969666,18.632213950157166,18.632213950157166,1,20.0,0.05,0.0
MASS0993,0.35314130783081055,0.023542753855387368,29.267679452896118,TimesFM-3.0-PyTorch,1.0,MAQUINA DE AFEITAR VINTAGE T9 CON PANTALLA,0.06122025,100.0,0.0,28.914538145065308,29.267679452896118,28.267679452896118,1,100.0,0.06122025,0.0
MASS0994,1.623720645904541,0.10824804306030274,112.87606525421143,TimesFM-3.0-PyTorch,0.0,,0.06279,40.0,0.0,111.25234460830688,112.87606525421143,112.87606525421143,3,120.0,0.18836999999999998,0.0
MASS0995,0.004494696855545044,0.0002996464570363363,0.04264843463897705,TimesFM-3.0-PyTorch,2.0,ABRE LATA PORTATIL CON ABRE TAPA,0.05,1.0,0.0,0.03815373778343201,0.04264843463897705,0.0,0,0.0,0.0,0.0
MASS0996,0.00020096451044082642,1.3397634029388428e-05,0.010124899446964264,TimesFM-3.0-PyTorch,0.0,,0.05,1.0,0.0,0.009923934936523438,0.010124899446964264,0.010124899446964264,1,1.0,0.05,0.0
MASS0997,0.0025478526949882507,0.00016985684633255004,0.014745911583304405,TimesFM-3.0-PyTorch,0.0,,0.05,1.0,0.0,0.012198058888316154,0.014745911583304405,0.014745911583304405,1,1.0,0.05,0.0
MASS0998,0.13782262802124023,0.009188175201416016,0.45653843879699707,TimesFM-3.0-PyTorch,0.0,,0.067323375,100.0,0.0,0.31871581077575684,0.45653843879699707,0.45653843879699707,1,100.0,0.067323375,0.0
MASS1000,0.9076132774353027,0.060507551829020186,51.26236367225647,TimesFM-3.0-PyTorch,3.0,LAMPARA DE MESA FLEXIBLE,0.171864,100.0,0.0,50.35475039482117,51.26236367225647,48.26236367225647,1,100.0,0.171864,0.0
MASS1001,0.0015349523164331913,0.00010233015442887942,0.003861068282276392,TimesFM-3.0-PyTorch,0.0,,0.05,1.0,0.0,0.0023261159658432007,0.003861068282276392,0.003861068282276392,1,1.0,0.05,0.0
MASS1002,0.0004499070346355438,2.9993802309036254e-05,0.0057570189237594604,TimesFM-3.0-PyTorch,0.0,,0.05,1.0,0.0,0.005307111889123917,0.0057570189237594604,0.0057570189237594604,1,1.0,0.05,0.0
MASS1003,0.37651747465133667,0.02510116497675578,31.36061942577362,TimesFM-3.0-PyTorch,0.0,,0.05,1.0,0.0,30.984101951122284,31.36061942577362,31.36061942577362,32,32.0,1.6,0.0
MASS1004,0.027042269706726074,0.001802817980448405,0.19244062900543213,TimesFM-3.0-PyTorch,0.0,,0.05,1.0,0.0,0.16539835929870605,0.19244062900543213,0.19244062900543213,1,1.0,0.05,0.0
MASS1005,1.3074507117271423,0.08716338078180949,48.82904362678528,TimesFM-3.0-PyTorch,0.0,,0.03675,20.0,0.0,47.521592915058136,48.82904362678528,48.82904362678528,3,60.0,0.11024999999999999,0.0
MASS1008,0.04852142930030823,0.003234761953353882,4.957068517804146,TimesFM-3.0-PyTorch,0.0,,0.05,1.0,0.0,4.908547088503838,4.957068517804146,4.957068517804146,5,5.0,0.25,0.0
MASS1009,139.3908805847168,9.292725372314454,470.8183822631836,TimesFM-3.0-PyTorch,78.0,MAQUINA DEPILADORA A LASER NEGRO,0.05,1.0,0.0,331.4275016784668,470.8183822631836,392.8183822631836,393,393.0,19.650000000000002,0.0
MASS1010,0.04216235876083374,0.002810823917388916,0.19555282592773438,TimesFM-3.0-PyTorch,0.0,,0.05,1.0,0.0,0.15339046716690063,0.19555282592773438,0.19555282592773438,1,1.0,0.05,0.0
MASS1011,87.8884072303772,5.859227148691813,339.6811981201172,TimesFM-3.0-PyTorch,112.0,MAQUINA DEPILADORA A LASER BLANCO,0.05,1.0,0.0,251.79279088974,339.6811981201172,227.6811981201172,228,228.0,11.4,0.0
MASS1013,37.95403480529785,2.530268987019857,559.442325592041,TimesFM-3.0-PyTorch,2.0,MINI MASAJEADOR ELECTRICO CERVICAL Y ESPALDA QY-8702,0.08386875,200.0,0.0,521.4882907867432,559.442325592041,557.442325592041,3,600.0,0.25160625000000003,0.0
MASS1014,48.26438498497009,3.2176256656646727,207.32452964782715,TimesFM-3.0-PyTorch,238.0,MAQUINA AFEITAR KEMEI KM-4640,0.07191,40.0,0.0,159.06014466285706,207.32452964782715,0.0,0,0.0,0.0,0.0
MASS1019,0.07506632804870605,0.005004421869913737,35.63674235343933,TimesFM-3.0-PyTorch,2.0,BATIDORA DE MANO ELECTRICA NEGRO,0.07345,50.0,0.0,35.561676025390625,35.63674235343933,33.63674235343933,1,50.0,0.07345,0.0
MASS1024,0.05903512239456177,0.003935674826304118,0.22383224964141846,TimesFM-3.0-PyTorch,0.0,,0.05,1.0,0.0,0.1647971272468567,0.22383224964141846,0.22383224964141846,1,1.0,0.05,0.0
MASS1026,0.04616007208824158,0.003077338139216105,0.11387476325035095,TimesFM-3.0-PyTorch,0.0,,0.05,1.0,0.0,0.06771469116210938,0.11387476325035095,0.11387476325035095,1,1.0,0.05,0.0
MASS1029,0.16759884357452393,0.011173256238301595,31.7073734998703,TimesFM-3.0-PyTorch,0.0,,0.05,1.0,0.0,31.539774656295776,31.7073734998703,31.7073734998703,32,32.0,1.6,0.0
MASS1034,0.004195166751742363,0.00027967778344949087,0.029708895832300186,TimesFM-3.0-PyTorch,0.0,,0.05,1.0,0.0,0.025513729080557823,0.029708895832300186,0.029708895832300186,1,1.0,0.05,0.0
MASS1039,3.679075241088867,0.2452716827392578,831.7173538208008,TimesFM-3.0-PyTorch,0.0,,0.0504,10.0,0.0,828.0382785797119,831.7173538208008,831.7173538208008,84,840.0,4.2336,0.0
MASS1040,0.14959049224853516,0.009972699483235677,35.307883501052856,TimesFM-3.0-PyTorch,1.0,CORTADOR PICATODO DE COCINA 17 EN 1,0.128638125,24.0,0.0,35.15829300880432,35.307883501052856,34.307883501052856,2,48.0,0.25727625,0.0
MASS1041,28.31905460357666,1.8879369735717773,279.1322317123413,TimesFM-3.0-PyTorch,2.0,LIMPIADOR A VAPOR 900W 10 PCS,0.103684,8.0,0.0,250.81317710876465,279.1322317123413,277.1322317123413,35,280.0,3.62894,0.0
MASS1042,29.027410745620728,1.935160716374715,211.12699699401855,TimesFM-3.0-PyTorch,59.0,ASPIRADORA DE CARRO PORTATIL 12V AZUL,0.106848,20.0,0.0,182.09958624839783,211.12699699401855,152.12699699401855,8,160.0,0.854784,0.0
MASS1043,2.6642386317253113,0.17761590878168743,82.7926664352417,TimesFM-3.0-PyTorch,45.0,ASPIRADORA DE CARRO PORTATIL 12V NARANJA,0.05,1.0,0.0,80.12842780351639,82.7926664352417,37.7926664352417,38,38.0,1.9000000000000001,0.0
MASS1044,2.3748486042022705,0.15832324028015138,147.35959815979004,TimesFM-3.0-PyTorch,1.0,DUCHA ANAL ENEMA NEGRO XGQSET01,0.079335,100.0,0.0,144.98474955558777,147.35959815979004,146.35959815979004,2,200.0,0.15867,0.0
MASS1045,0.007475852966308594,0.0004983901977539063,105.11991453170776,TimesFM-3.0-PyTorch,0.0,,0.079335,100.0,0.0,105.11243867874146,105.11991453170776,105.11991453170776,2,200.0,0.15867,0.0
MASS1046,0.49250316619873047,0.0328335444132487,18.762647032737732,TimesFM-3.0-PyTorch,19.0,PLUG ANAL COLA CONEJITA ROSADO ANALBALL001,0.05,1.0,0.0,18.270143866539,18.762647032737732,0.0,0,0.0,0.0,0.0
MASS1047,0.33314675092697144,0.022209783395131428,39.50579214096069,TimesFM-3.0-PyTorch,9.0,PLUG ANAL COLA CONEJITA BLANCO ANALBALL001,0.05,1.0,0.0,39.17264539003372,39.50579214096069,30.505792140960693,31,31.0,1.55,0.0
MASS1048,0.019861921668052673,0.0013241281112035116,0.04900602996349335,TimesFM-3.0-PyTorch,0.0,,0.05,1.0,0.0,0.029144108295440674,0.04900602996349335,0.04900602996349335,1,1.0,0.05,0.0
MASS1049,1.2691034376621246,0.08460689584414165,48.67543268203735,TimesFM-3.0-PyTorch,22.0,PLUG ANAL COLA CONEJITA MORADO OSCURO ANALBALL001,0.05,1.0,0.0,47.40632924437523,48.67543268203735,26.675432682037354,27,27.0,1.35,0.0
MASS1050,1.0231099724769592,0.06820733149846395,56.00870704650879,TimesFM-3.0-PyTorch,29.0,PLUG ANAL COLA CONEJITA ROJO ANALBALL001,0.05,1.0,0.0,54.98559707403183,56.00870704650879,27.00870704650879,28,28.0,1.4000000000000001,0.0
MASS1051,5.4787575006484985,0.36525050004323323,57.802342891693115,TimesFM-3.0-PyTorch,28.0,PLUG ANAL COLA CONEJITA NEGRO ANALBALL001,0.05,1.0,0.0,52.32358539104462,57.802342891693115,29.802342891693115,30,30.0,1.5,0.0
MASS1052,0.0007454166188836098,4.969444125890732e-05,0.00506461039185524,TimesFM-3.0-PyTorch,0.0,,0.05,1.0,0.0,0.00431919377297163,0.00506461039185524,0.00506461039185524,1,1.0,0.05,0.0
MASS1053,0.48811018466949463,0.03254067897796631,47.599939584732056,TimesFM-3.0-PyTorch,45.0,PLUG ANAL CON BALA VIBRADORA  CGSHJR01,0.0387,80.0,0.0,47.11182940006256,47.599939584732056,2.5999395847320557,1,80.0,0.0387,0.0
MASS1054,5.258719444274902,0.3505812962849935,63.84054613113403,TimesFM-3.0-PyTorch,3.0,PLUG ANAL RECARGABLE CON CONTROL MQCDHT02,0.01188,200.0,0.0,58.58182668685913,63.84054613113403,60.84054613113403,1,200.0,0.01188,0.0
MASS1055,3.305291712284088,0.22035278081893922,132.64007472991943,TimesFM-3.0-PyTorch,145.0,CAJA DE CONDONES ULTRAFINOS SHULEMEI (10 PCS),0.05,1.0,0.0,129.33478301763535,132.64007472991943,0.0,0,0.0,0.0,0.0
MASS1056,0.00786978006362915,0.0005246520042419434,2.976709872484207,TimesFM-3.0-PyTorch,0.0,,0.05,1.0,0.0,2.968840092420578,2.976709872484207,2.976709872484207,3,3.0,0.15000000000000002,0.0
MASS1057,0.028909504413604736,0.0019273002942403158,24.406596779823303,TimesFM-3.0-PyTorch,2.0,HUMIDIFICADOR GRANDE 3LTS,0.05,1.0,0.0,24.3776872754097,24.406596779823303,22.406596779823303,23,23.0,1.1500000000000001,0.0
MASS1058,102.12060785293579,6.808040523529053,345.3674373626709,TimesFM-3.0-PyTorch,81.0,MARCADOR DOBLE PUNTA 24 PCS,0.063963,50.0,0.0,243.2468295097351,345.3674373626709,264.3674373626709,6,300.0,0.38377800000000006,0.0
MASS1059,0.74462890625,0.049641927083333336,42.224863052368164,TimesFM-3.0-PyTorch,0.0,,0.063963,32.0,0.0,41.480234146118164,42.224863052368164,42.224863052368164,2,64.0,0.127926,0.0
MASS1060,18.417258262634277,1.227817217508952,127.37817144393921,TimesFM-3.0-PyTorch,0.0,,0.063963,25.0,0.0,108.96091318130493,127.37817144393921,127.37817144393921,6,150.0,0.38377800000000006,0.0
MASS1061,59.667531967163086,3.977835464477539,413.123441696167,TimesFM-3.0-PyTorch,317.0,MARCADOR DOBLE PUNTA 60 PCS,0.063963,24.0,0.0,353.4559097290039,413.123441696167,96.12344169616699,5,120.0,0.319815,0.0
MASS1063,0.12001180648803711,0.008000787099202473,10.256674766540527,TimesFM-3.0-PyTorch,0.0,,0.263092,80.0,0.0,10.13666296005249,10.256674766540527,10.256674766540527,1,80.0,0.263092,0.0
MASS1064,6.165969133377075,0.411064608891805,183.38981008529663,TimesFM-3.0-PyTorch,0.0,,0.230391,60.0,0.0,177.22384095191956,183.38981008529663,183.38981008529663,4,240.0,0.921564,0.0
MASS1065,0.025059521198272705,0.0016706347465515136,0.1665050983428955,TimesFM-3.0-PyTorch,0.0,,0.063,12.0,0.0,0.1414455771446228,0.1665050983428955,0.1665050983428955,1,12.0,0.063,0.0
MASS1066,0.0024467110633850098,0.00016311407089233398,0.08241575956344604,TimesFM-3.0-PyTorch,0.0,,0.063,12.0,0.0,0.07996904850006104,0.08241575956344604,0.08241575956344604,1,12.0,0.063,0.0
MASS1067,0.0007343608886003494,4.895739257335663e-05,0.00551238376647234,TimesFM-3.0-PyTorch,0.0,,0.05,1.0,0.0,0.00477802287787199,0.00551238376647234,0.00551238376647234,1,1.0,0.05,0.0
MASS1068,0.0,0.0,20.736068069934845,TimesFM-3.0-PyTorch,0.0,,0.05,1.0,0.0,20.736068069934845,20.736068069934845,20.736068069934845,21,21.0,1.05,0.0
MASS1071,94.26287651062012,6.284191767374675,374.65654945373535,TimesFM-3.0-PyTorch,146.0,MOUSE VERTICAL INALAMBRICO RECARGABLE,0.101088,100.0,0.0,280.39367294311523,374.65654945373535,228.65654945373535,3,300.0,0.303264,0.0
MASS1072,0.025897622108459473,0.0017265081405639648,9.643251657485962,TimesFM-3.0-PyTorch,0.0,,0.05,1.0,0.0,9.617354035377502,9.643251657485962,9.643251657485962,10,10.0,0.5,0.0
MASS1073,0.0336306095123291,0.0022420406341552733,9.191427320241928,TimesFM-3.0-PyTorch,0.0,,0.05,1.0,0.0,9.157796710729599,9.191427320241928,9.191427320241928,10,10.0,0.5,0.0
MASS1074,0.45642006397247314,0.030428004264831544,35.118788838386536,TimesFM-3.0-PyTorch,53.0,RACK ORGANIZADOR DE CUCHILLOS Y UTENSILIOS 30 CM (HM30),0.100737,50.0,0.0,34.66236877441406,35.118788838386536,0.0,0,0.0,0.0,0.0
MASS1075,0.222997784614563,0.014866518974304199,12.968026578426361,TimesFM-3.0-PyTorch,0.0,,0.14256,50.0,0.0,12.745028793811798,12.968026578426361,12.968026578426361,1,50.0,0.14256,0.0
MASS1077,0.0011938810348510742,7.959206899007161e-05,3.11930014193058,TimesFM-3.0-PyTorch,0.0,,0.05,1.0,0.0,3.118106260895729,3.11930014193058,3.11930014193058,4,4.0,0.2,0.0
MASS1078,0.0040685683488845825,0.00027123788992563884,0.028968296945095062,TimesFM-3.0-PyTorch,0.0,,0.05,1.0,0.0,0.02489972859621048,0.028968296945095062,0.028968296945095062,1,1.0,0.05,0.0
MASS1082,79.17171621322632,5.2781144142150875,237.35723876953125,TimesFM-3.0-PyTorch,158.0,PELADOR DE PI A,0.05,1.0,0.0,158.18552255630493,237.35723876953125,79.35723876953125,80,80.0,4.0,0.0
MASS1083,42.64359951019287,2.842906634012858,568.5628051757812,TimesFM-3.0-PyTorch,486.0,CERRADURA DE PUERTA DE MADERA LOCK,0.06912,40.0,0.0,525.9192056655884,568.5628051757812,82.56280517578125,3,120.0,0.20736,0.0
MASS1084,0.0032530874013900757,0.00021687249342600506,0.030654221773147583,TimesFM-3.0-PyTorch,0.0,,0.05,1.0,0.0,0.027401134371757507,0.030654221773147583,0.030654221773147583,1,1.0,0.05,0.0
MASS1085,5.464322566986084,0.3642881711324056,267.4485626220703,TimesFM-3.0-PyTorch,68.0,VIBRADOR CONSOLADOR REALISTICO JELLY CARNE,0.05,1.0,0.0,261.98424005508423,267.4485626220703,199.4485626220703,200,200.0,10.0,0.0
MASS1086,0.008047103881835938,0.0005364735921223958,0.13462823629379272,TimesFM-3.0-PyTorch,0.0,,0.05,1.0,0.0,0.1265811324119568,0.13462823629379272,0.13462823629379272,1,1.0,0.05,0.0
MASS1087,0.0981302261352539,0.006542015075683594,0.27014172077178955,TimesFM-3.0-PyTorch,0.0,,0.05,1.0,0.0,0.17201149463653564,0.27014172077178955,0.27014172077178955,1,1.0,0.05,0.0
MASS1089,0.4217545986175537,0.028116973241170247,35.77899968624115,TimesFM-3.0-PyTorch,0.0,,0.11286,24.0,0.0,35.357245087623596,35.77899968624115,35.77899968624115,2,48.0,0.22572,0.0
MASS1090,0.000767827033996582,5.1188468933105466e-05,0.0560070276260376,TimesFM-3.0-PyTorch,0.0,,0.05,1.0,0.0,0.055239200592041016,0.0560070276260376,0.0560070276260376,1,1.0,0.05,0.0
MASS1093,0.0,0.0,3.089427947998047,TimesFM-3.0-PyTorch,0.0,,0.034034,100.0,0.0,3.089427947998047,3.089427947998047,3.089427947998047,1,100.0,0.034034,0.0
MASS1096,0.009573638439178467,0.0006382425626118977,0.032167866826057434,TimesFM-3.0-PyTorch,0.0,,0.05,1.0,0.0,0.022594228386878967,0.032167866826057434,0.032167866826057434,1,1.0,0.05,0.0
MASS1097,0.019063301384449005,0.001270886758963267,0.04025054723024368,TimesFM-3.0-PyTorch,0.0,,0.05,1.0,0.0,0.021187245845794678,0.04025054723024368,0.04025054723024368,1,1.0,0.05,0.0
MASS1098,0.0006324797868728638,4.216531912485758e-05,0.009191308170557022,TimesFM-3.0-PyTorch,0.0,,0.05,1.0,0.0,0.008558828383684158,0.009191308170557022,0.009191308170557022,1,1.0,0.05,0.0
MASS1099,0.16588211059570312,0.011058807373046875,263.4568452835083,TimesFM-3.0-PyTorch,0.0,,0.082992,50.0,0.0,263.2909631729126,263.4568452835083,263.4568452835083,6,300.0,0.49795199999999995,0.0
MASS1102,0.08298325538635254,0.005532217025756836,46.52358400821686,TimesFM-3.0-PyTorch,0.0,,0.05,1.0,0.0,46.440600752830505,46.52358400821686,46.52358400821686,47,47.0,2.35,0.0
MASS1103,0.0058182477951049805,0.00038788318634033205,0.07256197929382324,TimesFM-3.0-PyTorch,0.0,,0.05,1.0,0.0,0.06674373149871826,0.07256197929382324,0.07256197929382324,1,1.0,0.05,0.0
MASS1105,0.002434641122817993,0.0001623094081878662,0.035186588764190674,TimesFM-3.0-PyTorch,0.0,,0.05,1.0,0.0,0.03275194764137268,0.035186588764190674,0.035186588764190674,1,1.0,0.05,0.0
MASS1106,0.00026981625705957413,1.7987750470638276e-05,0.003033923916518688,TimesFM-3.0-PyTorch,0.0,,0.05,1.0,0.0,0.002764107659459114,0.003033923916518688,0.003033923916518688,1,1.0,0.05,0.0
MASS1107,0.09727096557617188,0.0064847310384114586,24.714367747306824,TimesFM-3.0-PyTorch,0.0,,0.05,1.0,0.0,24.617096781730652,24.714367747306824,24.714367747306824,25,25.0,1.25,0.0
MASS1108,0.0029601305723190308,0.00019734203815460205,0.021863654255867004,TimesFM-3.0-PyTorch,0.0,,0.05,1.0,0.0,0.018903523683547974,0.021863654255867004,0.021863654255867004,1,1.0,0.05,0.0
MASS1109,0.0032244622707366943,0.0002149641513824463,0.03087354451417923,TimesFM-3.0-PyTorch,0.0,,0.05,1.0,0.0,0.027649082243442535,0.03087354451417923,0.03087354451417923,1,1.0,0.05,0.0
MASS1110,0.006532877683639526,0.00043552517890930174,1.5163466110825539,TimesFM-3.0-PyTorch,0.0,,0.05,1.0,0.0,1.5098137333989143,1.5163466110825539,1.5163466110825539,2,2.0,0.1,0.0
MASS1111,0.0009101852774620056,6.067901849746704e-05,0.03421419858932495,TimesFM-3.0-PyTorch,0.0,,0.05,1.0,0.0,0.033304013311862946,0.03421419858932495,0.03421419858932495,1,1.0,0.05,0.0
MASS1112,0.0018798261880874634,0.00012532174587249757,0.043687209486961365,TimesFM-3.0-PyTorch,0.0,,0.05,1.0,0.0,0.0418073832988739,0.043687209486961365,0.043687209486961365,1,1.0,0.05,0.0
MASS1113,0.0006500333547592163,4.333555698394775e-05,0.015101358294487,TimesFM-3.0-PyTorch,1.0,TERMO NI O CANGREJO,0.05,1.0,0.0,0.014451324939727783,0.015101358294487,0.0,0,0.0,0.0,0.0
MASS1114,0.019267991185188293,0.0012845327456792197,0.09117591381072998,TimesFM-3.0-PyTorch,0.0,,0.05,1.0,0.0,0.07190792262554169,0.09117591381072998,0.09117591381072998,1,1.0,0.05,0.0
MASS1115,0.003695748746395111,0.00024638324975967407,0.03551866114139557,TimesFM-3.0-PyTorch,1.0,TERMO NI O BALLENA,0.05,1.0,0.0,0.03182291239500046,0.03551866114139557,0.0,0,0.0,0.0,0.0
MASS1116,0.0030623674392700195,0.00020415782928466796,0.03784474730491638,TimesFM-3.0-PyTorch,0.0,,0.05,1.0,0.0,0.03478237986564636,0.03784474730491638,0.03784474730491638,1,1.0,0.05,0.0
MASS1121,0.0001158849336206913,7.72566224137942e-06,0.0028748284094035625,TimesFM-3.0-PyTorch,0.0,,0.05,1.0,0.0,0.0027589434757828712,0.0028748284094035625,0.0028748284094035625,1,1.0,0.05,0.0
MASS1122,0.0006369631737470627,4.246421158313751e-05,0.0036864778958261013,TimesFM-3.0-PyTorch,0.0,,0.05,1.0,0.0,0.0030495147220790386,0.0036864778958261013,0.0036864778958261013,1,1.0,0.05,0.0
MASS1123,6.960239261388779e-05,4.640159507592519e-06,0.0023737801238894463,TimesFM-3.0-PyTorch,0.0,,0.05,1.0,0.0,0.0023041777312755585,0.0023737801238894463,0.0023737801238894463,1,1.0,0.05,0.0
MASS1124,20.486068606376648,1.3657379070917766,119.77903604507446,TimesFM-3.0-PyTorch,17.0,SILLA CAMPING OZARK TRAIL NEGRA,0.05,1.0,0.0,99.29296743869781,119.77903604507446,102.77903604507446,103,103.0,5.15,0.0
MASS1125,0.9940929412841797,0.06627286275227864,70.8616795539856,TimesFM-3.0-PyTorch,0.0,,0.06768,40.0,0.0,69.86758661270142,70.8616795539856,70.8616795539856,2,80.0,0.13536,0.0
MASS1126,83.96958589553833,5.597972393035889,258.32013034820557,TimesFM-3.0-PyTorch,193.0,MOUSE INALAMBRICO 6 BOTONES CAJA BLANCA GRIS,0.05,1.0,0.0,174.35054445266724,258.32013034820557,65.32013034820557,66,66.0,3.3000000000000003,0.0
MASS1127,5.2589439153671265,0.3505962610244751,129.29522132873535,TimesFM-3.0-PyTorch,114.0,MOUSE INALAMBRICO 6 BOTONES CAJA BLANCA ROJO,0.05,1.0,0.0,124.03627741336823,129.29522132873535,15.295221328735352,16,16.0,0.8,0.0
MASS1128,0.03302857279777527,0.002201904853185018,0.1318734884262085,TimesFM-3.0-PyTorch,0.0,,0.05,1.0,0.0,0.09884491562843323,0.1318734884262085,0.1318734884262085,1,1.0,0.05,0.0
MASS1138,6.139278411865234e-05,4.092852274576823e-06,7.552425920963287,TimesFM-3.0-PyTorch,0.0,,0.05,1.0,0.0,7.552364528179169,7.552425920963287,7.552425920963287,8,8.0,0.4,0.0
MASS1143,0.016172319650650024,0.0010781546433766684,5.717219680547714,TimesFM-3.0-PyTorch,105.0,MORDAZA SEXO ORAL KJZB001 ROJA,0.05,1.0,0.0,5.701047360897064,5.717219680547714,0.0,0,0.0,0.0,0.0
MASS1144,0.0006623538210988045,4.415692140658696e-05,0.0054998379200696945,TimesFM-3.0-PyTorch,0.0,,0.05,1.0,0.0,0.00483748409897089,0.0054998379200696945,0.0054998379200696945,1,1.0,0.05,0.0
MASS1145,0.00033117691054940224,2.207846070329348e-05,0.0027499189600348473,TimesFM-3.0-PyTorch,0.0,,0.05,1.0,0.0,0.002418742049485445,0.0027499189600348473,0.0027499189600348473,1,1.0,0.05,0.0
MASS1146,0.0,0.0,0.13263320922851562,TimesFM-3.0-PyTorch,0.0,,0.05,1.0,0.0,0.13263320922851562,0.13263320922851562,0.13263320922851562,1,1.0,0.05,0.0
MASS1147,29.105989456176758,1.9403992970784505,246.31085968017578,TimesFM-3.0-PyTorch,1.0,RELOJ INTELIGENTE FD68 VERDE,0.05,1.0,0.0,217.20487022399902,246.31085968017578,245.31085968017578,246,246.0,12.3,0.0
MASS1149,0.051206886768341064,0.0034137924512227377,80.41888856887817,TimesFM-3.0-PyTorch,2.0,BALA VIBRADORA GRANDE COLORES PLATEADO CZDV001,0.0175,100.0,0.0,80.36768168210983,80.41888856887817,78.41888856887817,1,100.0,0.0175,0.0
MASS1154,0.018823176622390747,0.0012548784414927164,2.910547450184822,TimesFM-3.0-PyTorch,86.0,MASCARA ANTIFAZ CONEJITA TNLMJ01 BLANCA,0.05,1.0,0.0,2.8917242735624313,2.910547450184822,0.0,0,0.0,0.0,0.0
MASS1155,0.0,0.0,20.556867569684982,TimesFM-3.0-PyTorch,0.0,,0.05,1.0,0.0,20.556867569684982,20.556867569684982,20.556867569684982,21,21.0,1.05,0.0
MASS1156,0.0025124549865722656,0.0001674969991048177,0.030263498425483704,TimesFM-3.0-PyTorch,0.0,,0.05,1.0,0.0,0.027751043438911438,0.030263498425483704,0.030263498425483704,1,1.0,0.05,0.0
MASS1161,0.31404656171798706,0.020936437447865806,45.85337018966675,TimesFM-3.0-PyTorch,1.0,RABBIT PUNTO G 10 VELOCIDADES CON PUYAS YCA45010 FUCSIA,0.05,1.0,0.0,45.53932362794876,45.85337018966675,44.85337018966675,45,45.0,2.25,0.0
MASS1162,0.1200781762599945,0.0080052117506663,13.039197742938995,TimesFM-3.0-PyTorch,0.0,,0.05,1.0,0.0,12.919119566679,13.039197742938995,13.039197742938995,14,14.0,0.7000000000000001,0.0
MASS1163,2.0165101438760757,0.13443400959173837,166.28835773468018,TimesFM-3.0-PyTorch,128.0,VIBRADOR CONSOLADOR FEMALE VIBRATOR FUCSIA HQMY8941,0.05,1.0,0.0,164.2718475908041,166.28835773468018,38.288357734680176,39,39.0,1.9500000000000002,0.0
MASS1164,0.1021517813205719,0.006810118754704793,55.30599761009216,TimesFM-3.0-PyTorch,61.0,VIBRADOR CONSOLADOR FEMALE VIBRATOR NEGRO HQMY8941,0.05,1.0,0.0,55.20384582877159,55.30599761009216,0.0,0,0.0,0.0,0.0
MASS1167,0.0,0.0,0.024380385875701904,TimesFM-3.0-PyTorch,0.0,,0.05,1.0,0.0,0.024380385875701904,0.024380385875701904,0.024380385875701904,1,1.0,0.05,0.0
MASS1171,76.15722680091858,5.077148453394572,469.2545051574707,TimesFM-3.0-PyTorch,71.0,VIBRADOR RECARGABLE 30 VELOCIDADES NEGRO YCYY3001U,0.05,1.0,0.0,393.0972783565521,469.2545051574707,398.2545051574707,399,399.0,19.950000000000003,0.0
MASS1172,21.248026728630066,1.4165351152420045,198.57836055755615,TimesFM-3.0-PyTorch,36.0,CONSOLADOR DOBLE CABEZA TRANSPARENTE WBDS001,0.05,1.0,0.0,177.3303338289261,198.57836055755615,162.57836055755615,163,163.0,8.15,0.0
MASS1173,1.1067448854446411,0.07378299236297607,76.4103045463562,TimesFM-3.0-PyTorch,13.0,SILLA CAMPING OZARK TRAIL AZUL ELECTRICO,0.05,1.0,0.0,75.30355966091156,76.4103045463562,63.4103045463562,64,64.0,3.2,0.0
MASS1190,0.0009869933128356934,6.579955418904623e-05,0.04581260681152344,TimesFM-3.0-PyTorch,0.0,,0.05,1.0,0.0,0.044825613498687744,0.04581260681152344,0.04581260681152344,1,1.0,0.05,0.0
MASS1191,1.1983296871185303,0.07988864580790202,76.72445487976074,TimesFM-3.0-PyTorch,56.0,SET DE INICIADORES ANALES SETANAL001 NEGRO,0.05,1.0,0.0,75.52612519264221,76.72445487976074,20.724454879760742,21,21.0,1.05,0.0
MASS1192,0.0,0.0,0.07081712782382965,TimesFM-3.0-PyTorch,0.0,,0.05,1.0,0.0,0.07081712782382965,0.07081712782382965,0.07081712782382965,1,1.0,0.05,0.0
MASS1197,0.00032197171822190285,2.1464781214793525e-05,0.002876666374504566,TimesFM-3.0-PyTorch,0.0,,0.05,1.0,0.0,0.0025546946562826633,0.002876666374504566,0.002876666374504566,1,1.0,0.05,0.0
MASS1198,0.39377617835998535,0.026251745223999024,55.355555295944214,TimesFM-3.0-PyTorch,0.0,,0.05,1.0,0.0,54.96177911758423,55.355555295944214,55.355555295944214,56,56.0,2.8000000000000003,0.0
MASS1199,0.04462215304374695,0.002974810202916463,2.1728425472974777,TimesFM-3.0-PyTorch,0.0,,0.05,1.0,0.0,2.1282203942537308,2.1728425472974777,2.1728425472974777,3,3.0,0.15000000000000002,0.0
MASS1203,1.263594627380371,0.08423964182535808,180.7433910369873,TimesFM-3.0-PyTorch,0.0,,0.062208,50.0,0.0,179.47979640960693,180.7433910369873,180.7433910369873,4,200.0,0.248832,0.0
MASS1204,0.0445517897605896,0.00297011931737264,0.10694682598114014,TimesFM-3.0-PyTorch,0.0,,0.06888,50.0,0.0,0.06239503622055054,0.10694682598114014,0.10694682598114014,1,50.0,0.06888,0.0
MASS1205,5.660533905029297,0.3773689270019531,447.7345142364502,TimesFM-3.0-PyTorch,0.0,,0.027,100.0,0.0,442.0739803314209,447.7345142364502,447.7345142364502,5,500.0,0.135,0.0
MASS1206,1.4382667541503906,0.0958844502766927,180.6359670162201,TimesFM-3.0-PyTorch,0.0,,0.076,18.0,0.0,179.1977002620697,180.6359670162201,180.6359670162201,11,198.0,0.836,0.0
MASS1207,0.0,0.0,10.783756911754608,TimesFM-3.0-PyTorch,0.0,,0.05,1.0,0.0,10.783756911754608,10.783756911754608,10.783756911754608,11,11.0,0.55,0.0
MASS1208,0.024527207016944885,0.0016351471344629924,3.8276715874671936,TimesFM-3.0-PyTorch,0.0,,0.05,1.0,0.0,3.8031443804502487,3.8276715874671936,3.8276715874671936,4,4.0,0.2,0.0
MASS1209,0.024741366505622864,0.001649424433708191,0.0640999972820282,TimesFM-3.0-PyTorch,0.0,,0.05,1.0,0.0,0.039358630776405334,0.0640999972820282,0.0640999972820282,1,1.0,0.05,0.0
MASS1210,0.11365711688995361,0.007577141125996907,27.83400571346283,TimesFM-3.0-PyTorch,19.0,HUMIDIFICADOR T2 280ML,0.05,1.0,0.0,27.720348596572876,27.83400571346283,8.83400571346283,9,9.0,0.45,0.0
MASS1211,0.007962703704833984,0.000530846913655599,29.042157411575317,TimesFM-3.0-PyTorch,0.0,,0.06048,196.0,0.0,29.034194707870483,29.042157411575317,29.042157411575317,1,196.0,0.06048,0.0
MASS1213,0.011842578649520874,0.0007895052433013916,7.963033199310303,TimesFM-3.0-PyTorch,15.0,LIMPIADOR LAVADOR DE VASO AUTOMATICO A PRESION,0.05,1.0,0.0,7.951190620660782,7.963033199310303,0.0,0,0.0,0.0,0.0
MASS1214,0.7125229835510254,0.047501532236735027,97.1410448551178,TimesFM-3.0-PyTorch,0.0,,0.063648,50.0,0.0,96.42852187156677,97.1410448551178,97.1410448551178,2,100.0,0.127296,0.0
MASS1215,6.29353654384613,0.41956910292307537,111.23140621185303,TimesFM-3.0-PyTorch,0.0,,0.05,1.0,0.0,104.9378696680069,111.23140621185303,111.23140621185303,112,112.0,5.6000000000000005,0.0
MASS1216,0.0002543330192565918,1.6955534617106118e-05,0.0418931245803833,TimesFM-3.0-PyTorch,0.0,,0.05,1.0,0.0,0.04163879156112671,0.0418931245803833,0.0418931245803833,1,1.0,0.05,0.0
MASS1218,0.0012713270261883736,8.47551350792249e-05,0.003855329006910324,TimesFM-3.0-PyTorch,0.0,,0.05,1.0,0.0,0.0025840019807219505,0.003855329006910324,0.003855329006910324,1,1.0,0.05,0.0
MASS1223,18.53240555524826,1.2354937036832174,222.70130729675293,TimesFM-3.0-PyTorch,4.0,CINTA KINESIOLOGICA 5CM X 5M PEGA ALEMANA FUCSIA,0.05,1.0,0.0,204.16890174150467,222.70130729675293,218.70130729675293,219,219.0,10.950000000000001,0.0
MASS1224,12.71986174583435,0.8479907830556234,228.03635787963867,TimesFM-3.0-PyTorch,13.0,MAGIS TV,0.05,1.0,0.0,215.31649613380432,228.03635787963867,215.03635787963867,216,216.0,10.8,0.0
MASS1225,0.0003117024898529053,2.0780165990193684e-05,6.220561042428017,TimesFM-3.0-PyTorch,2.0,CORNETA JBL PORTATIL MODEL 113 NARANJA,0.05,1.0,0.0,6.220249339938164,6.220561042428017,4.220561042428017,5,5.0,0.25,0.0
MASS1230,69.53561401367188,4.635707600911458,482.53024101257324,TimesFM-3.0-PyTorch,3.0,TENSIOMETRO DIGITAL SIN VOZ,0.05,1.0,0.0,412.99462699890137,482.53024101257324,479.53024101257324,480,480.0,24.0,0.0
MASS1231,82.67208528518677,5.511472352345785,383.31699562072754,TimesFM-3.0-PyTorch,95.0,BALANZA JOYERIA 0.01 A 500 GR NEGRITA,0.033201,100.0,0.0,300.64491033554077,383.31699562072754,288.31699562072754,3,300.0,0.099603,0.0
MASS1232,0.00030624866485595703,2.0416577657063804e-05,0.02363993227481842,TimesFM-3.0-PyTorch,0.0,,0.05,1.0,0.0,0.023333683609962463,0.02363993227481842,0.02363993227481842,1,1.0,0.05,0.0
MASS1234,0.03351473808288574,0.0022343158721923827,16.379410207271576,TimesFM-3.0-PyTorch,15.0,TERMO MOTIVACIONAL 2L ELASTICO NEGRO,0.05,1.0,0.0,16.34589546918869,16.379410207271576,1.379410207271576,2,2.0,0.1,0.0
MASS1235,0.0,0.0,10.001453399658203,TimesFM-3.0-PyTorch,4.0,TERMO MOTIVACIONAL 2L ELASTICO AZUL OSCURO,0.05,1.0,0.0,10.001453399658203,10.001453399658203,6.001453399658203,7,7.0,0.35000000000000003,0.0
MASS1236,0.03769037127494812,0.0025126914183298747,0.06756508350372314,TimesFM-3.0-PyTorch,6.0,TERMO MOTIVACIONAL 2L ELASTICO AZUL CLARO,0.05,1.0,0.0,0.029874712228775024,0.06756508350372314,0.0,0,0.0,0.0,0.0
MASS1237,0.0,0.0,1.8049939349293709,TimesFM-3.0-PyTorch,0.0,,0.05,1.0,0.0,1.8049939349293709,1.8049939349293709,1.8049939349293709,2,2.0,0.1,0.0
MASS1240,0.16485625505447388,0.010990417003631592,29.84894359111786,TimesFM-3.0-PyTorch,0.0,,0.05,1.0,0.0,29.684087336063385,29.84894359111786,29.84894359111786,30,30.0,1.5,0.0
MASS1246,0.0007984116673469543,5.3227444489796956e-05,0.015533402562141418,TimesFM-3.0-PyTorch,0.0,,0.05,1.0,0.0,0.014734990894794464,0.015533402562141418,0.015533402562141418,1,1.0,0.05,0.0
MASS1248,0.005666968412697315,0.00037779789417982104,0.02064115321263671,TimesFM-3.0-PyTorch,0.0,,0.05,1.0,0.0,0.014974184799939394,0.02064115321263671,0.02064115321263671,1,1.0,0.05,0.0
MASS1252,9.287521243095398e-05,6.191680828730265e-06,0.0028188154101371765,TimesFM-3.0-PyTorch,0.0,,0.05,1.0,0.0,0.0027259401977062225,0.0028188154101371765,0.0028188154101371765,1,1.0,0.05,0.0
MASS1259,0.011096924543380737,0.0007397949695587159,0.23035791516304016,TimesFM-3.0-PyTorch,0.0,,0.05,1.0,0.0,0.21926099061965942,0.23035791516304016,0.23035791516304016,1,1.0,0.05,0.0
MASS1260,0.0005926266312599182,3.950844208399455e-05,0.01464969664812088,TimesFM-3.0-PyTorch,0.0,,0.05,1.0,0.0,0.014057070016860962,0.01464969664812088,0.01464969664812088,1,1.0,0.05,0.0
MASS1261,0.004997029900550842,0.00033313532670338947,0.04107232391834259,TimesFM-3.0-PyTorch,0.0,,0.05,1.0,0.0,0.03607529401779175,0.04107232391834259,0.04107232391834259,1,1.0,0.05,0.0
MASS1262,0.00748792290687561,0.000499194860458374,0.0690544992685318,TimesFM-3.0-PyTorch,0.0,,0.05,1.0,0.0,0.06156657636165619,0.0690544992685318,0.0690544992685318,1,1.0,0.05,0.0
MASS1264,17.347108721733093,1.1564739147822063,91.64072132110596,TimesFM-3.0-PyTorch,176.0,PARRILLERA PLANCHA HIERRO FUNDIDO REVERSIBLE,0.019292,5.0,0.0,74.29361259937286,91.64072132110596,0.0,0,0.0,0.0,0.0
MASS1265,64.80057907104492,4.320038604736328,186.50032234191895,TimesFM-3.0-PyTorch,131.0,SET DE SARTENES HIERRO FUNDIDO 6 8 Y 12 PULGADAS,0.0658,5.0,0.0,121.69974327087402,186.50032234191895,55.500322341918945,12,60.0,0.7896,0.0
MASS1266,45.314690828323364,3.020979388554891,256.5339765548706,TimesFM-3.0-PyTorch,256.0,SELLADORA AL VACIO ELEGANTE ZK-8815,0.06864,20.0,0.0,211.21928572654724,256.5339765548706,0.5339765548706055,1,20.0,0.06864,0.0
MASS1267,0.0025680065155029297,0.000171200434366862,3.7832698822021484,TimesFM-3.0-PyTorch,0.0,,0.05517792,8.0,0.0,3.7807018756866455,3.7832698822021484,3.7832698822021484,1,8.0,0.05517792,0.0
MASS1268,0.2851674556732178,0.019011163711547853,16.78499174118042,TimesFM-3.0-PyTorch,0.0,,0.050337,100.0,0.0,16.499824285507202,16.78499174118042,16.78499174118042,1,100.0,0.050337,0.0
MASS1269,0.24695301055908203,0.016463534037272135,21.421260595321655,TimesFM-3.0-PyTorch,0.0,,0.05,1.0,0.0,21.174307584762573,21.421260595321655,21.421260595321655,22,22.0,1.1,0.0
MASS1270,0.03368806838989258,0.0022458712259928386,4.730768442153931,TimesFM-3.0-PyTorch,0.0,,0.05,1.0,0.0,4.697080373764038,4.730768442153931,4.730768442153931,5,5.0,0.25,0.0
MASS1271,0.0582280158996582,0.0038818677266438803,1.2512551546096802,TimesFM-3.0-PyTorch,0.0,,0.05,1.0,0.0,1.193027138710022,1.2512551546096802,1.2512551546096802,2,2.0,0.1,0.0
MASS1272,0.049318552017211914,0.0032879034678141277,33.49793899059296,TimesFM-3.0-PyTorch,0.0,,0.05,1.0,0.0,33.448620438575745,33.49793899059296,33.49793899059296,34,34.0,1.7000000000000002,0.0
MASS1275,2.1171141862869263,0.14114094575246175,169.21438217163086,TimesFM-3.0-PyTorch,0.0,,0.0387,100.0,0.0,167.09726798534393,169.21438217163086,169.21438217163086,2,200.0,0.0774,0.0
MASS1276,0.025504648685455322,0.0017003099123636882,0.16565030813217163,TimesFM-3.0-PyTorch,0.0,,0.13846,7.0,0.0,0.1401456594467163,0.16565030813217163,0.16565030813217163,1,7.0,0.13846,0.0
MASS1277,0.00021227356046438217,1.4151570697625478e-05,0.005023025907576084,TimesFM-3.0-PyTorch,0.0,,0.05,1.0,0.0,0.004810752347111702,0.005023025907576084,0.005023025907576084,1,1.0,0.05,0.0
MASS1279,0.007584482431411743,0.0005056321620941162,0.030772656202316284,TimesFM-3.0-PyTorch,0.0,,0.05,1.0,0.0,0.02318817377090454,0.030772656202316284,0.030772656202316284,1,1.0,0.05,0.0
MASS1281,0.01057898998260498,0.000705265998840332,14.172364801168442,TimesFM-3.0-PyTorch,0.0,,0.05,1.0,0.0,14.161785811185837,14.172364801168442,14.172364801168442,15,15.0,0.75,0.0
MASS1282,20.960105895996094,1.3973403930664063,780.8367691040039,TimesFM-3.0-PyTorch,0.0,,0.0504,10.0,0.0,759.8766632080078,780.8367691040039,780.8367691040039,79,790.0,3.9816000000000003,0.0
MASS1283,20.47889280319214,1.3652595202128093,198.3758201599121,TimesFM-3.0-PyTorch,0.0,,0.1247085,24.0,0.0,177.89692735671997,198.3758201599121,198.3758201599121,9,216.0,1.1223765,0.0
MASS1285,0.1925584077835083,0.01283722718556722,45.23472821712494,TimesFM-3.0-PyTorch,0.0,,0.05,1.0,0.0,45.04216980934143,45.23472821712494,45.23472821712494,46,46.0,2.3000000000000003,0.0
MASS1286,0.09127497673034668,0.006084998448689778,27.694331765174866,TimesFM-3.0-PyTorch,0.0,,0.040095,100.0,0.0,27.60305678844452,27.694331765174866,27.694331765174866,1,100.0,0.040095,0.0
MASS1289,0.011068850755691528,0.0007379233837127685,0.03800444304943085,TimesFM-3.0-PyTorch,0.0,,0.05,1.0,0.0,0.02693559229373932,0.03800444304943085,0.03800444304943085,1,1.0,0.05,0.0
MASS1290,0.0059563517570495605,0.00039709011713663737,0.03035394847393036,TimesFM-3.0-PyTorch,0.0,,0.05,1.0,0.0,0.0243975967168808,0.03035394847393036,0.03035394847393036,1,1.0,0.05,0.0
MASS1291,24.900487899780273,1.6600325266520182,228.72751235961914,TimesFM-3.0-PyTorch,1.0,ASPIRADORA DE CARRO PORTATIL 12V NEGRO,0.05,1.0,0.0,203.82702445983887,228.72751235961914,227.72751235961914,228,228.0,11.4,0.0
MASS1292,0.0029519200325012207,0.0001967946688334147,0.06148838996887207,TimesFM-3.0-PyTorch,0.0,,0.05,1.0,0.0,0.05853646993637085,0.06148838996887207,0.06148838996887207,1,1.0,0.05,0.0
MASS1293,0.14572441577911377,0.009714961051940918,52.257344484329224,TimesFM-3.0-PyTorch,0.0,,0.03024,100.0,0.0,52.11162006855011,52.257344484329224,52.257344484329224,1,100.0,0.03024,0.0
MASS1294,0.0060842037200927734,0.0004056135813395182,28.69121825695038,TimesFM-3.0-PyTorch,0.0,,0.03456,100.0,0.0,28.685134053230286,28.69121825695038,28.69121825695038,1,100.0,0.03456,0.0
MASS1295,0.0,0.0,35.39370954036713,TimesFM-3.0-PyTorch,0.0,,0.07395,32.0,0.0,35.39370954036713,35.39370954036713,35.39370954036713,2,64.0,0.1479,0.0
MASS1296,0.006686568260192871,0.0004457712173461914,0.07459315657615662,TimesFM-3.0-PyTorch,0.0,,0.05,1.0,0.0,0.06790658831596375,0.07459315657615662,0.07459315657615662,1,1.0,0.05,0.0
MASS1297,0.032628774642944336,0.0021752516428629556,3.3547380566596985,TimesFM-3.0-PyTorch,0.0,,0.05,1.0,0.0,3.322109282016754,3.3547380566596985,3.3547380566596985,4,4.0,0.2,0.0
MASS1298,0.215576171875,0.014371744791666667,58.221251368522644,TimesFM-3.0-PyTorch,2.0,REFUERZO GRIFO DE AGUA,0.05,1.0,0.0,58.005675196647644,58.221251368522644,56.221251368522644,57,57.0,2.85,0.0
MASS1299,0.22578966617584229,0.01505264441172282,19.487190425395966,TimesFM-3.0-PyTorch,0.0,,0.12,60.0,0.0,19.261400759220123,19.487190425395966,19.487190425395966,1,60.0,0.12,0.0
MASS1300,0.002437647432088852,0.00016250982880592347,0.015091173350811005,TimesFM-3.0-PyTorch,0.0,,0.05,1.0,0.0,0.012653525918722153,0.015091173350811005,0.015091173350811005,1,1.0,0.05,0.0
MASS1301,72.14285492897034,4.8095236619313555,285.75786209106445,TimesFM-3.0-PyTorch,346.0,EXTENSOR DE SEÑAL 300 MBPS,0.096976,100.0,0.0,213.61500716209412,285.75786209106445,0.0,0,0.0,0.0,0.0
MASS1302,0.0,0.0,0.009474560618400574,TimesFM-3.0-PyTorch,0.0,,0.05,1.0,0.0,0.009474560618400574,0.009474560618400574,0.009474560618400574,1,1.0,0.05,0.0
MASS1307,0.0,0.0,3.14565110206604,TimesFM-3.0-PyTorch,0.0,,0.05,1.0,0.0,3.14565110206604,3.14565110206604,3.14565110206604,4,4.0,0.2,0.0
MASS1308,0.009828805923461914,0.0006552537282307943,4.309463202953339,TimesFM-3.0-PyTorch,0.0,,0.05,1.0,0.0,4.299634397029877,4.309463202953339,4.309463202953339,5,5.0,0.25,0.0
MASS1309,0.0003917217254638672,2.6114781697591145e-05,0.20210736989974976,TimesFM-3.0-PyTorch,0.0,,0.05,1.0,0.0,0.2017156481742859,0.20210736989974976,0.20210736989974976,1,1.0,0.05,0.0
MASS1310,0.008429884910583496,0.000561992327372233,12.231126487255096,TimesFM-3.0-PyTorch,0.0,,0.05,1.0,0.0,12.222696602344513,12.231126487255096,12.231126487255096,13,13.0,0.65,0.0
MASS1312,0.05820527672767639,0.0038803517818450928,0.16338494420051575,TimesFM-3.0-PyTorch,0.0,,0.05,1.0,0.0,0.10517966747283936,0.16338494420051575,0.16338494420051575,1,1.0,0.05,0.0
MASS1313,0.0013138949871063232,8.759299914042155e-05,0.028216421604156494,TimesFM-3.0-PyTorch,0.0,,0.05,1.0,0.0,0.02690252661705017,0.028216421604156494,0.028216421604156494,1,1.0,0.05,0.0
MASS1314,0.01878035068511963,0.0012520233790079753,0.16685187816619873,TimesFM-3.0-PyTorch,0.0,,0.126575,30.0,0.0,0.1480715274810791,0.16685187816619873,0.16685187816619873,1,30.0,0.126575,0.0
MASS1315,34.08885097503662,2.2725900650024413,743.73752784729,TimesFM-3.0-PyTorch,9.0,AUDIFONO INALAMBRICO RECARGABLE M90 PRO,0.053664,100.0,0.0,709.6486768722534,743.73752784729,734.73752784729,8,800.0,0.429312,0.0
MASS1316,0.011068999767303467,0.0007379333178202311,0.8020377159118652,TimesFM-3.0-PyTorch,0.0,,0.05,1.0,0.0,0.7909687161445618,0.8020377159118652,0.8020377159118652,1,1.0,0.05,0.0
MASS1317,0.0005809739232063293,3.873159488042195e-05,0.007441304624080658,TimesFM-3.0-PyTorch,0.0,,0.05,1.0,0.0,0.006860330700874329,0.007441304624080658,0.007441304624080658,1,1.0,0.05,0.0
MASS1319,0.0015984773635864258,0.00010656515757242838,0.04668688774108887,TimesFM-3.0-PyTorch,0.0,,0.05,1.0,0.0,0.04508841037750244,0.04668688774108887,0.04668688774108887,1,1.0,0.05,0.0
MASS1320,0.02432858943939209,0.0016219059626261393,1.3952590227127075,TimesFM-3.0-PyTorch,0.0,,0.05,1.0,0.0,1.3709304332733154,1.3952590227127075,1.3952590227127075,2,2.0,0.1,0.0
MASS1321,6.9253469705581665,0.4616897980372111,102.25653743743896,TimesFM-3.0-PyTorch,6.0,BOMBILLO GIRATORIO DISCOTECA,0.056448,50.0,0.0,95.3311904668808,102.25653743743896,96.25653743743896,2,100.0,0.112896,0.0
MASS1322,38.56691360473633,2.5711275736490884,233.3701639175415,TimesFM-3.0-PyTorch,0.0,,0.05,16.0,0.0,194.80325031280518,233.3701639175415,233.3701639175415,15,240.0,0.75,0.0
MASS1323,0.023408055305480957,0.0015605370203653972,0.12013489007949829,TimesFM-3.0-PyTorch,0.0,,0.05,1.0,0.0,0.09672683477401733,0.12013489007949829,0.12013489007949829,1,1.0,0.05,0.0
MASS1324,14.9451265335083,0.9963417689005534,381.6161460876465,TimesFM-3.0-PyTorch,0.0,,0.05,1.0,0.0,366.6710195541382,381.6161460876465,381.6161460876465,382,382.0,19.1,0.0
MASS1325,0.007346689701080322,0.0004897793134053548,0.11720037460327148,TimesFM-3.0-PyTorch,0.0,,0.05,1.0,0.0,0.10985368490219116,0.11720037460327148,0.11720037460327148,1,1.0,0.05,0.0
MASS1326,0.10098481178283691,0.006732320785522461,0.3441789150238037,TimesFM-3.0-PyTorch,0.0,,0.05,1.0,0.0,0.2431941032409668,0.3441789150238037,0.3441789150238037,1,1.0,0.05,0.0
MASS1327,0.03293651342391968,0.0021957675615946453,0.1938878893852234,TimesFM-3.0-PyTorch,0.0,,0.05,1.0,0.0,0.1609513759613037,0.1938878893852234,0.1938878893852234,1,1.0,0.05,0.0
MASS1328,8.074607133865356,0.5383071422576904,239.99698066711426,TimesFM-3.0-PyTorch,148.0,PISO DE VINIL AUTOADHESIVO ALTO TRAFICO 2MM GROSOR 5MTRS HHYM3018,0.05,1.0,0.0,231.9223735332489,239.99698066711426,91.99698066711426,92,92.0,4.6000000000000005,0.0
MASS1329,0.000958561897277832,6.390412648518881e-05,25.815294981002808,TimesFM-3.0-PyTorch,0.0,,0.05,1.0,0.0,25.81433641910553,25.815294981002808,25.815294981002808,26,26.0,1.3,0.0
MASS1330,0.11232906579971313,0.007488604386647542,0.4790791869163513,TimesFM-3.0-PyTorch,0.0,,0.05,1.0,0.0,0.3667501211166382,0.4790791869163513,0.4790791869163513,1,1.0,0.05,0.0
MASS1331,0.5124943256378174,0.03416628837585449,64.52577614784241,TimesFM-3.0-PyTorch,159.0,TONER HP 12A CRG 104 Q2612A,0.084032,20.0,0.0,64.01328182220459,64.52577614784241,0.0,0,0.0,0.0,0.0
MASS1332,0.024112224578857422,0.0016074816385904947,20.675598114728928,TimesFM-3.0-PyTorch,0.0,,0.05,1.0,0.0,20.65148589015007,20.675598114728928,20.675598114728928,21,21.0,1.05,0.0
MASS1333,0.18145334720611572,0.012096889813741048,39.51452708244324,TimesFM-3.0-PyTorch,155.0,TONER SAMSUNG MLT-D111S,0.085648,20.0,0.0,39.33307373523712,39.51452708244324,0.0,0,0.0,0.0,0.0
MASS1334,0.7012195587158203,0.04674797058105469,74.08825635910034,TimesFM-3.0-PyTorch,149.0,TONER SAMSUNG MLT-D101S,0.085648,20.0,0.0,73.38703680038452,74.08825635910034,0.0,0,0.0,0.0,0.0
MASS1335,4.713368892669678,0.31422459284464516,185.84430980682373,TimesFM-3.0-PyTorch,0.0,,0.1546272,24.0,0.0,181.13094091415405,185.84430980682373,185.84430980682373,8,192.0,1.2370176,0.0
MASS1336,0.08361625671386719,0.005574417114257812,0.504035472869873,TimesFM-3.0-PyTorch,0.0,,0.043512,20.0,0.0,0.42041921615600586,0.504035472869873,0.504035472869873,1,20.0,0.043512,0.0
MASS1337,0.008940249681472778,0.0005960166454315186,0.03711548447608948,TimesFM-3.0-PyTorch,0.0,,0.05,1.0,0.0,0.0281752347946167,0.03711548447608948,0.03711548447608948,1,1.0,0.05,0.0
MASS1338,0.009483307600021362,0.0006322205066680908,0.05214656889438629,TimesFM-3.0-PyTorch,0.0,,0.05,1.0,0.0,0.04266326129436493,0.05214656889438629,0.05214656889438629,1,1.0,0.05,0.0
MASS1339,0.020356863737106323,0.0013571242491404215,0.3817879259586334,TimesFM-3.0-PyTorch,0.0,,0.05,1.0,0.0,0.3614310622215271,0.3817879259586334,0.3817879259586334,1,1.0,0.05,0.0
MASS1342,0.004153788089752197,0.0002769192059834798,0.11675173044204712,TimesFM-3.0-PyTorch,0.0,,0.05,1.0,0.0,0.11259794235229492,0.11675173044204712,0.11675173044204712,1,1.0,0.05,0.0
MASS1343,15.905985832214355,1.060399055480957,178.8351583480835,TimesFM-3.0-PyTorch,3.0,MOUSE VERTICAL ALAMBRICO,0.101088,100.0,0.0,162.92917251586914,178.8351583480835,175.8351583480835,2,200.0,0.202176,0.0
MASS1344,2.9035542011260986,0.19357028007507324,68.05810260772705,TimesFM-3.0-PyTorch,0.0,,0.0828,40.0,0.0,65.15454840660095,68.05810260772705,68.05810260772705,2,80.0,0.1656,0.0
MASS1345,0.01605352759361267,0.0010702351729075113,0.05828997492790222,TimesFM-3.0-PyTorch,0.0,,0.0636,1.0,0.0,0.04223644733428955,0.05828997492790222,0.05828997492790222,1,1.0,0.0636,0.0
MASS1346,0.0070175230503082275,0.0004678348700205485,0.09033909440040588,TimesFM-3.0-PyTorch,0.0,,0.04487895,1.0,0.0,0.08332157135009766,0.09033909440040588,0.09033909440040588,1,1.0,0.04487895,0.0
MASS1347,159.77441215515137,10.651627477010091,453.74089431762695,TimesFM-3.0-PyTorch,209.0,SET DE DADOS 46 PCS,0.05,24.0,0.0,293.9664821624756,453.74089431762695,244.74089431762695,11,264.0,0.55,0.0
MASS1348,16.85002851486206,1.1233352343241374,89.78174161911011,TimesFM-3.0-PyTorch,0.0,,0.03746875,24.0,0.0,72.93171310424805,89.78174161911011,89.78174161911011,4,96.0,0.149875,0.0
MASS1349,52.25547528266907,3.483698352177938,278.2908229827881,TimesFM-3.0-PyTorch,61.0,MINI TECLADO BLUETOOH RECARGABLE,0.0567,100.0,0.0,226.03534770011902,278.2908229827881,217.2908229827881,3,300.0,0.1701,0.0
MASS1350,2.3651868104934692e-05,1.576791206995646e-06,0.0021453918889164925,TimesFM-3.0-PyTorch,0.0,,0.05,1.0,0.0,0.0021217400208115578,0.0021453918889164925,0.0021453918889164925,1,1.0,0.05,0.0
MASS1351,10.550605416297913,0.7033736944198609,171.62736129760742,TimesFM-3.0-PyTorch,33.0,BASE FAN COOLER PARA LAPTOP H9,0.11973432,20.0,0.0,161.0767558813095,171.62736129760742,138.62736129760742,7,140.0,0.83814024,0.0
MASS1352,0.17951536178588867,0.011967690785725911,31.010804653167725,TimesFM-3.0-PyTorch,0.0,,0.151998,200.0,0.0,30.831289291381836,31.010804653167725,31.010804653167725,1,200.0,0.151998,0.0
MASS1353,0.0017534494400024414,0.0001168966293334961,0.5114245414733887,TimesFM-3.0-PyTorch,0.0,,0.079968,100.0,0.0,0.5096710920333862,0.5114245414733887,0.5114245414733887,1,100.0,0.079968,0.0
MASS1354,0.14780652523040771,0.009853768348693847,0.6247900724411011,TimesFM-3.0-PyTorch,0.0,,0.081545625,50.0,0.0,0.47698354721069336,0.6247900724411011,0.6247900724411011,1,50.0,0.081545625,0.0
MASS1355,0.3558368682861328,0.023722457885742187,63.82655966281891,TimesFM-3.0-PyTorch,1.0,SECADOR DE PELO HAIRDRYER PX3805,0.214491,48.0,0.0,63.470722794532776,63.82655966281891,62.82655966281891,2,96.0,0.428982,0.0
MASS1356,67.0892722606659,4.472618150711059,281.8430347442627,TimesFM-3.0-PyTorch,82.0,MAT DE YOGA COLCHONETA 4MM NEGRO,0.07497,10.0,0.0,214.7537624835968,281.8430347442627,199.8430347442627,20,200.0,1.4993999999999998,0.0
MASS1357,114.86297798156738,7.657531865437826,443.29172134399414,TimesFM-3.0-PyTorch,212.0,HAND GRIP ENTRENAMIENTO DE MUÑECA MANOS Y ANTEBRAZO CON CONTADOR,0.036642375,100.0,0.0,328.42874336242676,443.29172134399414,231.29172134399414,3,300.0,0.10992712499999999,0.0
MASS1358,47.62158250808716,3.1747721672058105,288.46442222595215,TimesFM-3.0-PyTorch,0.0,,0.134,100.0,0.0,240.842839717865,288.46442222595215,288.46442222595215,3,300.0,0.402,0.0
MASS1359,0.0662233829498291,0.004414892196655274,13.425686717033386,TimesFM-3.0-PyTorch,0.0,,0.04536,200.0,0.0,13.359463334083557,13.425686717033386,13.425686717033386,1,200.0,0.04536,0.0
MASS1360,0.0054062604904174805,0.00036041736602783204,0.0826537013053894,TimesFM-3.0-PyTorch,1.0,TARJETA DE SONIDO V8 CON EFECTOS USB,0.048984375,40.0,0.0,0.07724744081497192,0.0826537013053894,0.0,0,0.0,0.0,0.0
MASS1361,48.30224800109863,3.220149866739909,697.4567832946777,TimesFM-3.0-PyTorch,0.0,PAPEL FOTOGRAFICO INKJET 240 GR. 20 HOJAS,0.05,70.0,0.0,649.1545352935791,697.4567832946777,697.4567832946777,10,700.0,0.5,0.0
MASS1362,0.27736613154411316,0.01849107543627421,28.517962098121643,TimesFM-3.0-PyTorch,0.0,,0.06177675,1.0,0.0,28.24059596657753,28.517962098121643,28.517962098121643,29,29.0,1.79152575,0.0
MASS1363,0.10571795701980591,0.007047863801320394,0.2356366515159607,TimesFM-3.0-PyTorch,0.0,,0.05,1.0,0.0,0.12991869449615479,0.2356366515159607,0.2356366515159607,1,1.0,0.05,0.0
MASS1364,0.021895140409469604,0.0014596760272979736,0.07198014855384827,TimesFM-3.0-PyTorch,0.0,,0.05,1.0,0.0,0.05008500814437866,0.07198014855384827,0.07198014855384827,1,1.0,0.05,0.0
MASS1365,29.30008578300476,1.9533390522003173,106.22910785675049,TimesFM-3.0-PyTorch,31.0,EXTENSOR DE PENE ISAO-PROED101,0.06601,50.0,0.0,76.92902207374573,106.22910785675049,75.22910785675049,2,100.0,0.13202,0.0
MASS1366,0.0059563517570495605,0.00039709011713663737,0.03035394847393036,TimesFM-3.0-PyTorch,0.0,,0.05,1.0,0.0,0.0243975967168808,0.03035394847393036,0.03035394847393036,1,1.0,0.05,0.0
MASS1376,0.010975450277328491,0.0007316966851552328,0.05756950378417969,TimesFM-3.0-PyTorch,0.0,,0.057,1.0,0.0,0.046594053506851196,0.05756950378417969,0.05756950378417969,1,1.0,0.057,0.0
MASS1377,261.3434953689575,17.422899691263833,962.3667449951172,TimesFM-3.0-PyTorch,62.0,HIDROJET PORTATIL RECARGABLE 48VF,0.0860625,10.0,0.0,701.0232496261597,962.3667449951172,900.3667449951172,91,910.0,7.8316875,0.0
MASS1378,81.5772156715393,5.438481044769287,382.9922294616699,TimesFM-3.0-PyTorch,78.0,MAQUINA KEMEI DE AFEITAR CABELLO SHAVER KEMEI KM-2024,0.070296,60.0,0.0,301.4150137901306,382.9922294616699,304.9922294616699,6,360.0,0.421776,0.0
MASS1379,325.2181429862976,21.68120953241984,3946.696876525879,TimesFM-3.0-PyTorch,254.0,MOUSE PAD RGB 30X80,0.070688,25.0,0.0,3621.4787335395813,3946.696876525879,3692.696876525879,148,3700.0,10.461824,0.0
MASS1380,0.001353442668914795,9.022951126098633e-05,0.08653870224952698,TimesFM-3.0-PyTorch,0.0,,0.05,1.0,0.0,0.08518525958061218,0.08653870224952698,0.08653870224952698,1,1.0,0.05,0.0
MASS1382,0.005607768893241882,0.0003738512595494588,0.03410467505455017,TimesFM-3.0-PyTorch,0.0,,0.05,1.0,0.0,0.02849690616130829,0.03410467505455017,0.03410467505455017,1,1.0,0.05,0.0
MASS1383,0.02088025212287903,0.0013920168081919353,0.1253097504377365,TimesFM-3.0-PyTorch,25.0,DECO CUDY AC1200 GIGABIT WI-FI 6 MESH SOLUTION M1300(1-Pack),0.05,1.0,0.0,0.10442949831485748,0.1253097504377365,0.0,0,0.0,0.0,0.0
MASS1384,0.045593708753585815,0.0030395805835723875,4.509173557162285,TimesFM-3.0-PyTorch,26.0,DECO CUDY AC1200 GIGABIT WI-FI 6 MESH SOLUTION M1300(2-Pack),0.05,1.0,0.0,4.463579848408699,4.509173557162285,0.0,0,0.0,0.0,0.0
MASS1385,0.00037768250331282616,2.517883355418841e-05,0.0033343047834932804,TimesFM-3.0-PyTorch,0.0,,0.05,1.0,0.0,0.0029566222801804543,0.0033343047834932804,0.0033343047834932804,1,1.0,0.05,0.0
MASS1386,0.0028075575828552246,0.00018717050552368163,0.043019071221351624,TimesFM-3.0-PyTorch,0.0,,0.05,1.0,0.0,0.0402115136384964,0.043019071221351624,0.043019071221351624,1,1.0,0.05,0.0
MASS1387,0.003394082188606262,0.00022627214590708415,0.05887550115585327,TimesFM-3.0-PyTorch,0.0,,0.05,1.0,0.0,0.05548141896724701,0.05887550115585327,0.05887550115585327,1,1.0,0.05,0.0
MASS1388,0.012529328465461731,0.0008352885643641154,0.05874532461166382,TimesFM-3.0-PyTorch,0.0,,0.05,1.0,0.0,0.04621599614620209,0.05874532461166382,0.05874532461166382,1,1.0,0.05,0.0
MASS1389,0.07319554686546326,0.004879703124364217,0.16239598393440247,TimesFM-3.0-PyTorch,39.0,ADAPTADOR WIFI CUDY USB 3.0 WU1400 AC1300 HIGH GAIN,0.05,1.0,0.0,0.08920043706893921,0.16239598393440247,0.0,0,0.0,0.0,0.0
MASS1390,0.0015061870217323303,0.00010041246811548869,0.05905682593584061,TimesFM-3.0-PyTorch,59.0,SWITCH DESKTOP CUDY 5 PUERTOS 10/100 MBPS FS105D,0.05,1.0,0.0,0.057550638914108276,0.05905682593584061,0.0,0,0.0,0.0,0.0
MASS1391,0.01707884669303894,0.0011385897795359293,0.03715493902564049,TimesFM-3.0-PyTorch,9.0,SWITCH DESKTOP CUDY 8 PUERTOS 10/100 MBPS FS108D,0.05,1.0,0.0,0.020076092332601547,0.03715493902564049,0.0,0,0.0,0.0,0.0
MASS1393,0.0008793510496616364,5.862340331077576e-05,0.013812091201543808,TimesFM-3.0-PyTorch,1.0,SWITCH DESKTOP CUDY 5 PUERTOS GIGABIT GS105D,0.05,1.0,0.0,0.012932740151882172,0.013812091201543808,0.0,0,0.0,0.0,0.0
MASS1394,0.0004615467041730881,3.0769780278205874e-05,0.007186802104115486,TimesFM-3.0-PyTorch,0.0,,0.05,1.0,0.0,0.006725255399942398,0.007186802104115486,0.007186802104115486,1,1.0,0.05,0.0
MASS1395,0.01775602251291275,0.0011837348341941834,0.03374086692929268,TimesFM-3.0-PyTorch,0.0,,0.05,1.0,0.0,0.01598484441637993,0.03374086692929268,0.03374086692929268,1,1.0,0.05,0.0
MASS1396,0.0015098154544830322,0.00010065436363220215,0.061721429228782654,TimesFM-3.0-PyTorch,1.0,SWITCH METAL CUDY 16 PUERTOS GIGABIT GS1016,0.05,1.0,0.0,0.06021161377429962,0.061721429228782654,0.0,0,0.0,0.0,0.0
MASS1397,0.008560385555028915,0.0005706923703352611,0.01928836479783058,TimesFM-3.0-PyTorch,0.0,,0.05,1.0,0.0,0.010727979242801666,0.01928836479783058,0.01928836479783058,1,1.0,0.05,0.0
MASS1398,0.0038377046585083008,0.0002558469772338867,0.079842209815979,TimesFM-3.0-PyTorch,0.0,,0.05,1.0,0.0,0.0760045051574707,0.079842209815979,0.079842209815979,1,1.0,0.05,0.0
MASS1399,0.017014801502227783,0.001134320100148519,0.1243322491645813,TimesFM-3.0-PyTorch,0.0,,0.05,1.0,0.0,0.10731744766235352,0.1243322491645813,0.1243322491645813,1,1.0,0.05,0.0
MASS1400,0.024101972579956055,0.0016067981719970702,0.12283515930175781,TimesFM-3.0-PyTorch,0.0,,0.05,1.0,0.0,0.09873318672180176,0.12283515930175781,0.12283515930175781,1,1.0,0.05,0.0
MASS1401,0.03599691390991211,0.0023997942606608074,0.14718502759933472,TimesFM-3.0-PyTorch,9.0,PISO DE VINIL CUADRADO AUTOADHESIVO AZUL HHYM9916 ALTO TRAFICO 2MM GROSOR 457MM*457MM,0.05,1.0,0.0,0.11118811368942261,0.14718502759933472,0.0,0,0.0,0.0,0.0
MASS1402,25.437174797058105,1.695811653137207,472.95521545410156,TimesFM-3.0-PyTorch,1.0,PISO VINIL AUTOADHESIVO HHYM3013 ALTO TRAFICO 2MM GROSOR 914.4MM*152.4MM,0.05,1.0,0.0,447.51804065704346,472.95521545410156,471.95521545410156,472,472.0,23.6,0.0
MASS1403,0.04072248935699463,0.002714832623799642,0.17775994539260864,TimesFM-3.0-PyTorch,0.0,,0.05,1.0,0.0,0.137037456035614,0.17775994539260864,0.17775994539260864,1,1.0,0.05,0.0
MASS1404,0.041763246059417725,0.0027842164039611817,0.17679256200790405,TimesFM-3.0-PyTorch,0.0,,0.05,1.0,0.0,0.13502931594848633,0.17679256200790405,0.17679256200790405,1,1.0,0.05,0.0
MASS1405,0.006829500198364258,0.00045530001322428387,0.3095860481262207,TimesFM-3.0-PyTorch,0.0,,0.05,1.0,0.0,0.30275654792785645,0.3095860481262207,0.3095860481262207,1,1.0,0.05,0.0
MASS1406,0.0,0.0,0.10099411010742188,TimesFM-3.0-PyTorch,0.0,,0.05,1.0,0.0,0.10099411010742188,0.10099411010742188,0.10099411010742188,1,1.0,0.05,0.0
MASS1407,11.788008689880371,0.7858672459920247,479.7312126159668,TimesFM-3.0-PyTorch,431.0,WALL PANEL YC6001 8886 GRIS CLARO 290*168*23,0.05,1.0,0.0,467.9432039260864,479.7312126159668,48.7312126159668,49,49.0,2.45,0.0
MASS1408,11.197025775909424,0.7464683850606283,363.61387062072754,TimesFM-3.0-PyTorch,209.0,WALL PANEL 8882 MARRON CLARO BEIGE 290*168*23,0.05,14.0,0.0,352.4168448448181,363.61387062072754,154.61387062072754,12,168.0,0.6000000000000001,0.0
MASS1409,3.8905386924743652,0.25936924616495766,236.3404998779297,TimesFM-3.0-PyTorch,0.0,,0.05,14.0,0.0,232.44996118545532,236.3404998779297,236.3404998779297,17,238.0,0.8500000000000001,0.0
MASS1410,44.33934926986694,2.9559566179911294,756.7475280761719,TimesFM-3.0-PyTorch,613.0,WALL PANEL YC101  NEGRO 290*168*23,0.05,14.0,0.0,712.4081788063049,756.7475280761719,143.74752807617188,11,154.0,0.55,0.0
MASS1411,1.978092908859253,0.13187286059061687,65.79014492034912,TimesFM-3.0-PyTorch,160.0,WALL PANEL 3D D013 BLANCO  1MM DE GROSOR 500MM*500MM,0.05,1.0,0.0,63.81205201148987,65.79014492034912,0.0,0,0.0,0.0,0.0
MASS1412,0.0,0.0,8.121528387069702,TimesFM-3.0-PyTorch,34.0,WALL PANEL 3D D013 NEGRO 1MM DE GROSOR 500MM*500MM,0.05,1.0,0.0,8.121528387069702,8.121528387069702,0.0,0,0.0,0.0,0.0
MASS1413,0.7077856063842773,0.04718570709228516,8.942669868469238,TimesFM-3.0-PyTorch,0.0,,0.05,1.0,0.0,8.234884262084961,8.942669868469238,8.942669868469238,9,9.0,0.45,0.0
MASS1414,32.080140113830566,2.1386760075887046,561.5557136535645,TimesFM-3.0-PyTorch,81.0,WALL PANEL 3D D094 NEGRO 1MM DE GROSOR 500MM*500MM,0.05,50.0,0.0,529.4755735397339,561.5557136535645,480.55571365356445,10,500.0,0.5,0.0
MASS1415,0.24349498748779297,0.016232999165852864,239.89609241485596,TimesFM-3.0-PyTorch,220.0,WALL PANEL 3D D003 BLANCO 1MM DE GROSOR 500MM*500MM,0.05,1.0,0.0,239.65259742736816,239.89609241485596,19.896092414855957,20,20.0,1.0,0.0
MASS1416,0.006646633148193359,0.00044310887654622395,15.220253467559814,TimesFM-3.0-PyTorch,264.0,WALL PANEL 3D D003 NEGRO 1MM DE GROSOR 500MM*500MM,0.05,50.0,0.0,15.213606834411621,15.220253467559814,0.0,0,0.0,0.0,0.0
MASS1417,169.9764003753662,11.331760025024414,878.0770721435547,TimesFM-3.0-PyTorch,0.0,,0.05,100.0,0.0,708.1006717681885,878.0770721435547,878.0770721435547,9,900.0,0.45,0.0
MASS1418,29.039478302001953,1.9359652201334636,1002.0183296203613,TimesFM-3.0-PyTorch,0.0,,0.05,100.0,0.0,972.9788513183594,1002.0183296203613,1002.0183296203613,11,1100.0,0.55,0.0
MASS1419,2.094388008117676,0.13962586720784506,326.73168182373047,TimesFM-3.0-PyTorch,9.0,FOAMI 3D PLH-08 GRIS 70CM*77CM,0.05,100.0,0.0,324.6372938156128,326.73168182373047,317.73168182373047,4,400.0,0.2,0.0
MASS1420,0.032016754150390625,0.0021344502766927082,33.963016986846924,TimesFM-3.0-PyTorch,8.0,FOAMI 3D PLH-02 AZUL CLARO 70CM*77CM,0.05,1.0,0.0,33.93100023269653,33.963016986846924,25.963016986846924,26,26.0,1.3,0.0
MASS1421,0.10021305084228516,0.006680870056152343,0.5435652732849121,TimesFM-3.0-PyTorch,0.0,,0.05,1.0,0.0,0.44335222244262695,0.5435652732849121,0.5435652732849121,1,1.0,0.05,0.0
MASS1422,0.861386775970459,0.05742578506469727,40.29120123386383,TimesFM-3.0-PyTorch,41.0,FOAMI 3D PLH-05 VERDE MANZANA 70CM*77CM,0.05,1.0,0.0,39.42981445789337,40.29120123386383,0.0,0,0.0,0.0,0.0
MASS1423,0.4213123321533203,0.028087488810221353,2.935080051422119,TimesFM-3.0-PyTorch,0.0,,0.05,1.0,0.0,2.513767719268799,2.935080051422119,2.935080051422119,3,3.0,0.15000000000000002,0.0
MASS1424,20.95261573791504,1.396841049194336,335.19926834106445,TimesFM-3.0-PyTorch,614.0,PANEL DECORATIVO DE PARED HAYE-76 2MM DE GROSOR 30CM*60CM,0.05,1.0,0.0,314.2466526031494,335.19926834106445,0.0,0,0.0,0.0,0.0
MASS1425,3.2771544456481934,0.2184769630432129,239.30604076385498,TimesFM-3.0-PyTorch,348.0,PANEL DECORATIVO DE PARED HAYE-54 2MM DE GROSOR 30CM*60CM,0.05,1.0,0.0,236.0288863182068,239.30604076385498,0.0,0,0.0,0.0,0.0
MASS1426,2.099392890930176,0.13995952606201173,549.3491325378418,TimesFM-3.0-PyTorch,52.0,PANEL DECORATIVO DE PARED HAYE-05 2MM DE GROSOR 30CM*60CM,0.05,1.0,0.0,547.2497396469116,549.3491325378418,497.3491325378418,498,498.0,24.900000000000002,0.0
MASS1427,0.6454348564147949,0.04302899042765299,143.8063268661499,TimesFM-3.0-PyTorch,261.0,PANEL DECORATIVO DE PARED HAYE-08 2MM DE GROSOR 30CM*60CM,0.05,1.0,0.0,143.1608920097351,143.8063268661499,0.0,0,0.0,0.0,0.0
MASS1428,0.06441402435302734,0.004294268290201823,13.71662950515747,TimesFM-3.0-PyTorch,0.0,,0.05,1.0,0.0,13.652215480804443,13.71662950515747,13.71662950515747,14,14.0,0.7000000000000001,0.0
MASS1429,8.69392704963684,0.5795951366424561,88.73025298118591,TimesFM-3.0-PyTorch,38.0,MAT DE YOGA COLCHONETA 4MM AZUL,0.05,1.0,0.0,80.03632593154907,88.73025298118591,50.73025298118591,51,51.0,2.5500000000000003,0.0
MASS1430,6.318675339221954,0.42124502261479696,58.83959436416626,TimesFM-3.0-PyTorch,45.0,MAT DE YOGA COLCHONETA 4MM ROSADO,0.05,1.0,0.0,52.520919024944305,58.83959436416626,13.83959436416626,14,14.0,0.7000000000000001,0.0
MASS1431,0.0,0.0,0.5007131099700928,TimesFM-3.0-PyTorch,0.0,,0.05,1.0,0.0,0.5007131099700928,0.5007131099700928,0.5007131099700928,1,1.0,0.05,0.0
MASS1438,5.910970777273178,0.39406471848487856,62.26443362236023,TimesFM-3.0-PyTorch,30.0,CAMARA TAPO C200 TP LINK 1080P WIFI DE SEGURIDAD,0.05,1.0,0.0,56.35346284508705,62.26443362236023,32.26443362236023,33,33.0,1.6500000000000001,0.0
MASS1439,0.07906126976013184,0.005270751317342123,40.06109917163849,TimesFM-3.0-PyTorch,0.0,,0.06279,40.0,0.0,39.98203790187836,40.06109917163849,40.06109917163849,2,80.0,0.12558,0.0
MASS1440,0.035664916038513184,0.002377661069234212,0.18011772632598877,TimesFM-3.0-PyTorch,0.0,,0.0805638,20.0,0.0,0.14445281028747559,0.18011772632598877,0.18011772632598877,1,20.0,0.0805638,0.0
MASS1441,0.013405442237854004,0.0008936961491902669,0.23554551601409912,TimesFM-3.0-PyTorch,0.0,,0.05,1.0,0.0,0.22214007377624512,0.23554551601409912,0.23554551601409912,1,1.0,0.05,0.0
MASS1442,193.07483196258545,12.871655464172363,5361.465728759766,TimesFM-3.0-PyTorch,19.0,MOUSE INALAMBRICO RECARGABLE BLUETOOH 2.4G CAJA 2514 BLANCO,0.05,1.0,0.0,5168.39089679718,5361.465728759766,5342.465728759766,5343,5343.0,267.15000000000003,0.0
MASS1443,0.2783012390136719,0.018553415934244793,1.3849616050720215,TimesFM-3.0-PyTorch,0.0,,0.05,1.0,0.0,1.1066603660583496,1.3849616050720215,1.3849616050720215,2,2.0,0.1,0.0
MASS1444,0.22006595134735107,0.014671063423156739,9.646259307861328,TimesFM-3.0-PyTorch,0.0,,0.05,1.0,0.0,9.426193356513977,9.646259307861328,9.646259307861328,10,10.0,0.5,0.0
MASS1445,0.06966209411621094,0.004644139607747396,0.21943825483322144,TimesFM-3.0-PyTorch,0.0,,0.05,1.0,0.0,0.1497761607170105,0.21943825483322144,0.21943825483322144,1,1.0,0.05,0.0
MASS1446,0.0070555731654167175,0.0004703715443611145,0.035710953176021576,TimesFM-3.0-PyTorch,0.0,,0.05,1.0,0.0,0.02865538001060486,0.035710953176021576,0.035710953176021576,1,1.0,0.05,0.0
MASS1449,0.5009582042694092,0.033397213617960615,106.9032974243164,TimesFM-3.0-PyTorch,2.0,IMPRESORA TERMICA 58MM,0.071712,24.0,0.0,106.402339220047,106.9032974243164,104.9032974243164,5,120.0,0.35856,0.0
MASS1450,0.011544227600097656,0.0007696151733398438,0.30593061447143555,TimesFM-3.0-PyTorch,0.0,,0.05,1.0,0.0,0.2943863868713379,0.30593061447143555,0.30593061447143555,1,1.0,0.05,0.0
MASS1451,2.1468414068222046,0.14312276045481365,41.314228534698486,TimesFM-3.0-PyTorch,40.0,MULTIHERRAMIENTA DE PLOMERIA AJUSTE DE TUERCA,0.05,1.0,0.0,39.16738712787628,41.314228534698486,1.3142285346984863,2,2.0,0.1,0.0
MASS1452,0.03076648712158203,0.002051099141438802,15.37899625301361,TimesFM-3.0-PyTorch,0.0,,0.02565,24.0,0.0,15.348229765892029,15.37899625301361,15.37899625301361,1,24.0,0.02565,0.0
MASS1454,0.05960719287395477,0.003973812858263651,9.698306918144226,TimesFM-3.0-PyTorch,1.0,IMPRESORA TERMICA USB ETIQUETAS AUTOADHESIVAS,0.05,1.0,0.0,9.638699725270271,9.698306918144226,8.698306918144226,9,9.0,0.45,0.0
MASS1455,0.03006577491760254,0.002004384994506836,0.3487968444824219,TimesFM-3.0-PyTorch,0.0,,0.05,1.0,0.0,0.31873106956481934,0.3487968444824219,0.3487968444824219,1,1.0,0.05,0.0
MASS1456,0.15556001663208008,0.010370667775472004,0.44925105571746826,TimesFM-3.0-PyTorch,0.0,,0.05,1.0,0.0,0.2936910390853882,0.44925105571746826,0.44925105571746826,1,1.0,0.05,0.0
MASS1457,0.09227246046066284,0.0061514973640441895,39.01112115383148,TimesFM-3.0-PyTorch,19.0,SILLA CAMPING OZARK TRAIL ROJO,0.05,1.0,0.0,38.91884869337082,39.01112115383148,20.011121153831482,21,21.0,1.05,0.0
MASS1458,0.0018887519836425781,0.0001259167989095052,0.3462793827056885,TimesFM-3.0-PyTorch,0.0,,0.05,1.0,0.0,0.3443906307220459,0.3462793827056885,0.3462793827056885,1,1.0,0.05,0.0
MASS1459,0.32863521575927734,0.021909014383951823,13.276994109153748,TimesFM-3.0-PyTorch,0.0,,0.05,1.0,0.0,12.94835889339447,13.276994109153748,13.276994109153748,14,14.0,0.7000000000000001,0.0
MASS1460,0.02029365301132202,0.0013529102007548014,0.15858936309814453,TimesFM-3.0-PyTorch,0.0,,0.05,1.0,0.0,0.1382957100868225,0.15858936309814453,0.15858936309814453,1,1.0,0.05,0.0
MASS1461,0.0030648112297058105,0.00020432074864705404,0.05247998237609863,TimesFM-3.0-PyTorch,0.0,,0.05,1.0,0.0,0.04941517114639282,0.05247998237609863,0.05247998237609863,1,1.0,0.05,0.0
MASS1462,0.023428738117218018,0.001561915874481201,0.2026957869529724,TimesFM-3.0-PyTorch,0.0,,0.05,1.0,0.0,0.1792670488357544,0.2026957869529724,0.2026957869529724,1,1.0,0.05,0.0
MASS1463,0.8419285416603088,0.05612856944402059,40.38567399978638,TimesFM-3.0-PyTorch,4.0,PLUG ANAL CON COLA DE ZORRO ROJO ANALTAIL001,0.05,1.0,0.0,39.54374545812607,40.38567399978638,36.38567399978638,37,37.0,1.85,0.0
MASS1464,10.786814987659454,0.719120999177297,123.7521915435791,TimesFM-3.0-PyTorch,20.0,PLUG ANAL CON COLA DE ZORRO NEGRO ANALTAIL001,0.05,1.0,0.0,112.96537655591965,123.7521915435791,103.7521915435791,104,104.0,5.2,0.0
MASS1465,1.1266738772392273,0.07511159181594848,69.39243006706238,TimesFM-3.0-PyTorch,18.0,PLUG ANAL CON COLA DE ZORRO BLANCO ANALTAIL001,0.05,1.0,0.0,68.26575618982315,69.39243006706238,51.39243006706238,52,52.0,2.6,0.0
MASS1466,0.03605189919471741,0.002403459946314494,0.952756255865097,TimesFM-3.0-PyTorch,0.0,,0.05,1.0,0.0,0.9167043566703796,0.952756255865097,0.952756255865097,1,1.0,0.05,0.0
MASS1467,0.0,0.0,34.31000900268555,TimesFM-3.0-PyTorch,0.0,,0.05,1.0,0.0,34.31000900268555,34.31000900268555,34.31000900268555,35,35.0,1.75,0.0
MASS1468,0.0,0.0,3.3500997722148895,TimesFM-3.0-PyTorch,6.0,VIBRADOR ESTIMULADOR PARA PENE MASAJEADOR BODY-SAFE,0.05,1.0,0.0,3.3500997722148895,3.3500997722148895,0.0,0,0.0,0.0,0.0
MASS1469,0.02211044728755951,0.0014740298191706339,0.07333271205425262,TimesFM-3.0-PyTorch,0.0,,0.05,1.0,0.0,0.051222264766693115,0.07333271205425262,0.07333271205425262,1,1.0,0.05,0.0
MASS1470,8.18711370229721,0.5458075801531473,153.70739936828613,TimesFM-3.0-PyTorch,60.0,VIBRADOR FREE ROMEO CON RECARGA USB PUNTO G FUCSIA,0.05,1.0,0.0,145.52028566598892,153.70739936828613,93.70739936828613,94,94.0,4.7,0.0
MASS1471,0.015360891819000244,0.0010240594546000162,20.809956550598145,TimesFM-3.0-PyTorch,1.0,VIBRADOR CON LENGUA MAGICA-MJSTR001,0.05,1.0,0.0,20.794595658779144,20.809956550598145,19.809956550598145,20,20.0,1.0,0.0
MASS1472,0.4765666127204895,0.0317711075146993,53.28127884864807,TimesFM-3.0-PyTorch,0.0,,0.055692,30.0,0.0,52.80471223592758,53.28127884864807,53.28127884864807,2,60.0,0.111384,0.0
MASS1473,8.169240057468414,0.5446160038312277,128.20842695236206,TimesFM-3.0-PyTorch,10.0,CONSOLADOR REALISTICO CON BASE 10 PULGADAS CARNE,0.05,1.0,0.0,120.03918689489365,128.20842695236206,118.20842695236206,119,119.0,5.95,0.0
MASS1474,2.4134210348129272,0.16089473565419515,90.98618173599243,TimesFM-3.0-PyTorch,80.0,CONSOLADOR REALISTICO CON BASE 10 PULGADAS NEGRO,0.05,1.0,0.0,88.5727607011795,90.98618173599243,10.986181735992432,11,11.0,0.55,0.0
MASS1475,0.07352328300476074,0.0049015522003173825,76.2279314994812,TimesFM-3.0-PyTorch,0.0,,0.05,1.0,0.0,76.15440821647644,76.2279314994812,76.2279314994812,77,77.0,3.85,0.0
MASS1476,18.410971760749817,1.227398117383321,136.57571411132812,TimesFM-3.0-PyTorch,20.0,CONSOLADOR REALISTICO EXTRAGRANDE,0.07548,80.0,0.0,118.16474235057831,136.57571411132812,116.57571411132812,2,160.0,0.15096,0.0
MASS1477,9.541457414627075,0.6360971609751384,154.8493366241455,TimesFM-3.0-PyTorch,0.0,,0.08029,20.0,0.0,145.30787920951843,154.8493366241455,154.8493366241455,8,160.0,0.64232,0.0
MASS1478,0.07995414733886719,0.005330276489257812,0.40438735485076904,TimesFM-3.0-PyTorch,0.0,,0.063963,10.0,0.0,0.32443320751190186,0.40438735485076904,0.40438735485076904,1,10.0,0.063963,0.0
MASS1479,0.008558809757232666,0.0005705873171488444,21.7160462141037,TimesFM-3.0-PyTorch,35.0,VARITA MAGICA 10 VELOCIDADES AV ROSA,0.05,1.0,0.0,21.707487404346466,21.7160462141037,0.0,0,0.0,0.0,0.0
MASS1480,0.03687620162963867,0.0024584134419759116,0.1431935727596283,TimesFM-3.0-PyTorch,0.0,,0.05,1.0,0.0,0.10631737112998962,0.1431935727596283,0.1431935727596283,1,1.0,0.05,0.0
MASS1481,46.703433990478516,3.113562266031901,244.96269035339355,TimesFM-3.0-PyTorch,48.0,VARITA MAGICA CLITORI RECARGABLE METALIZADA MORADO,0.05,1.0,0.0,198.25925636291504,244.96269035339355,196.96269035339355,197,197.0,9.850000000000001,0.0
MASS1482,0.6557335257530212,0.04371556838353475,45.007426738739014,TimesFM-3.0-PyTorch,82.0,VARITA MAGICA CLITORI RECARGABLE METALIZADA BLANCO,0.05,1.0,0.0,44.35169321298599,45.007426738739014,0.0,0,0.0,0.0,0.0
MASS1484,0.0002383757382631302,1.5891715884208678e-05,0.007665785029530525,TimesFM-3.0-PyTorch,0.0,,0.05,1.0,0.0,0.007427409291267395,0.007665785029530525,0.007665785029530525,1,1.0,0.05,0.0
MASS1485,9.287521243095398e-05,6.191680828730265e-06,0.0028188154101371765,TimesFM-3.0-PyTorch,0.0,,0.05,1.0,0.0,0.0027259401977062225,0.0028188154101371765,0.0028188154101371765,1,1.0,0.05,0.0
MASS1486,0.00013727974146604538,9.151982764403025e-06,0.004964089952409267,TimesFM-3.0-PyTorch,0.0,,0.05,1.0,0.0,0.004826810210943222,0.004964089952409267,0.004964089952409267,1,1.0,0.05,0.0
MASS1489,0.00664365291595459,0.00044291019439697267,0.08568954467773438,TimesFM-3.0-PyTorch,1.0,ALEXA ECHO POP,0.05,1.0,0.0,0.07904589176177979,0.08568954467773438,0.0,0,0.0,0.0,0.0
MASS1493,0.0590270571410656,0.003935137142737706,0.2564311996102333,TimesFM-3.0-PyTorch,0.0,,0.05,1.0,0.0,0.1974041424691677,0.2564311996102333,0.2564311996102333,1,1.0,0.05,0.0
MASS1494,9.287521243095398e-05,6.191680828730265e-06,0.0028188154101371765,TimesFM-3.0-PyTorch,0.0,,0.05,1.0,0.0,0.0027259401977062225,0.0028188154101371765,0.0028188154101371765,1,1.0,0.05,0.0
MASS1495,0.0006008297204971313,4.0055314699808756e-05,0.01823911815881729,TimesFM-3.0-PyTorch,0.0,,0.05,1.0,0.0,0.01763828843832016,0.01823911815881729,0.01823911815881729,1,1.0,0.05,0.0
MASS1496,3.1809191703796387,0.21206127802530925,126.5388970375061,TimesFM-3.0-PyTorch,0.0,,0.121136,100.0,0.0,123.35797786712646,126.5388970375061,126.5388970375061,2,200.0,0.242272,0.0
MASS1497,0.21018171310424805,0.01401211420694987,0.8952722549438477,TimesFM-3.0-PyTorch,0.0,,0.05,1.0,0.0,0.6850905418395996,0.8952722549438477,0.8952722549438477,1,1.0,0.05,0.0
MASS1498,0.05338257551193237,0.0035588383674621583,19.120130598545074,TimesFM-3.0-PyTorch,0.0,,0.05,1.0,0.0,19.066748023033142,19.120130598545074,19.120130598545074,20,20.0,1.0,0.0
MASS1499,0.0066155195236206055,0.00044103463490804035,13.911663353443146,TimesFM-3.0-PyTorch,0.0,,0.05,1.0,0.0,13.905047833919525,13.911663353443146,13.911663353443146,14,14.0,0.7000000000000001,0.0
MASS1500,0.006035864353179932,0.0004023909568786621,2.454332411289215,TimesFM-3.0-PyTorch,0.0,,0.05,1.0,0.0,2.448296546936035,2.454332411289215,2.454332411289215,3,3.0,0.15000000000000002,0.0
MASS1501,0.0658579170703888,0.004390527804692586,0.14128321409225464,TimesFM-3.0-PyTorch,0.0,,0.05,1.0,0.0,0.07542529702186584,0.14128321409225464,0.14128321409225464,1,1.0,0.05,0.0
MASS1502,0.019700050354003906,0.0013133366902669272,0.1006186306476593,TimesFM-3.0-PyTorch,0.0,,0.05,1.0,0.0,0.0809185802936554,0.1006186306476593,0.1006186306476593,1,1.0,0.05,0.0
MASS1503,1.389513611793518,0.09263424078623454,45.21040940284729,TimesFM-3.0-PyTorch,0.0,,0.05,1.0,0.0,43.82089579105377,45.21040940284729,45.21040940284729,46,46.0,2.3000000000000003,0.0
MASS1504,0.07340782880783081,0.004893855253855387,27.563849329948425,TimesFM-3.0-PyTorch,0.0,,0.05,1.0,0.0,27.490441501140594,27.563849329948425,27.563849329948425,28,28.0,1.4000000000000001,0.0
MASS1505,0.8292708396911621,0.05528472264607747,46.733959674835205,TimesFM-3.0-PyTorch,0.0,,0.05,1.0,0.0,45.90468883514404,46.733959674835205,46.733959674835205,47,47.0,2.35,0.0
MASS1506,0.07739302515983582,0.005159535010655721,10.705055296421051,TimesFM-3.0-PyTorch,0.0,,0.05,1.0,0.0,10.627662271261215,10.705055296421051,10.705055296421051,11,11.0,0.55,0.0
MASS1507,0.062487781047821045,0.004165852069854736,24.229373157024384,TimesFM-3.0-PyTorch,0.0,,0.05,1.0,0.0,24.166885375976562,24.229373157024384,24.229373157024384,25,25.0,1.25,0.0
MASS1508,13.54674768447876,0.903116512298584,43.649107933044434,TimesFM-3.0-PyTorch,0.0,,0.05,1.0,0.0,30.102360248565674,43.649107933044434,43.649107933044434,44,44.0,2.2,0.0
MASS1509,2.2749913930892944,0.15166609287261962,38.827611207962036,TimesFM-3.0-PyTorch,3.0,LENCERIA 8516,0.05,1.0,0.0,36.55261981487274,38.827611207962036,35.827611207962036,36,36.0,1.8,0.0
MASS1510,0.2365347146987915,0.015768980979919432,20.244007468223572,TimesFM-3.0-PyTorch,1.0,LENCERIA 3018,0.05,1.0,0.0,20.00747275352478,20.244007468223572,19.244007468223572,20,20.0,1.0,0.0
MASS1511,4.657896444201469,0.3105264296134313,52.722145318984985,TimesFM-3.0-PyTorch,39.0,LENCERIA 8049,0.05,1.0,0.0,48.064248874783516,52.722145318984985,13.722145318984985,14,14.0,0.7000000000000001,0.0
MASS1512,0.00760844349861145,0.0005072295665740967,0.06463059782981873,TimesFM-3.0-PyTorch,0.0,,0.05,1.0,0.0,0.057022154331207275,0.06463059782981873,0.06463059782981873,1,1.0,0.05,0.0
MASS1513,0.014985337853431702,0.0009990225235621134,0.04559065401554108,TimesFM-3.0-PyTorch,0.0,,0.05,1.0,0.0,0.030605316162109375,0.04559065401554108,0.04559065401554108,1,1.0,0.05,0.0
MASS1514,0.001122891902923584,7.48594601949056e-05,0.025901705026626587,TimesFM-3.0-PyTorch,0.0,,0.05,1.0,0.0,0.024778813123703003,0.025901705026626587,0.025901705026626587,1,1.0,0.05,0.0
MASS1515,0.031170666217803955,0.002078044414520264,0.06737947463989258,TimesFM-3.0-PyTorch,0.0,,0.05,1.0,0.0,0.03620880842208862,0.06737947463989258,0.06737947463989258,1,1.0,0.05,0.0
MASS1516,0.03635042905807495,0.002423361937204997,0.1964244246482849,TimesFM-3.0-PyTorch,0.0,,0.05,1.0,0.0,0.16007399559020996,0.1964244246482849,0.1964244246482849,1,1.0,0.05,0.0
MASS1517,8.687830090522766,0.5791886727015177,112.216468334198,TimesFM-3.0-PyTorch,0.0,,0.0687456,20.0,0.0,103.52863824367523,112.216468334198,112.216468334198,6,120.0,0.4124736,0.0
MASS1518,0.07880926132202148,0.005253950754801433,0.36121106147766113,TimesFM-3.0-PyTorch,0.0,,0.05,50.0,0.0,0.28240180015563965,0.36121106147766113,0.36121106147766113,1,50.0,0.05,0.0
MASS1519,45.59266662597656,3.0395111083984374,131.43686199188232,TimesFM-3.0-PyTorch,23.0,JUEGO DE PELADOR DE VERDURA 3 EN 1 CON ALMACENAMIENTO DE PLASTICO,0.05,1.0,0.0,85.84419536590576,131.43686199188232,108.43686199188232,109,109.0,5.45,0.0
MASS1521,0.05647951364517212,0.0037653009096781415,0.18540865182876587,TimesFM-3.0-PyTorch,0.0,,0.05,1.0,0.0,0.12892913818359375,0.18540865182876587,0.18540865182876587,1,1.0,0.05,0.0
MASS1522,14.609752655029297,0.9739835103352864,342.3992290496826,TimesFM-3.0-PyTorch,0.0,,0.02638944,40.0,0.0,327.7894763946533,342.3992290496826,342.3992290496826,9,360.0,0.23750496,0.0
MASS1523,15.507012367248535,1.0338008244832357,180.8279857635498,TimesFM-3.0-PyTorch,189.0,GANCHO SOPORTE PARA BICICLETA,0.030996,10.0,0.0,165.32097339630127,180.8279857635498,0.0,0,0.0,0.0,0.0
MASS1524,0.5746312141418457,0.03830874760945638,67.24947547912598,TimesFM-3.0-PyTorch,64.0,PAR DE MUÑEQUERA DE FITNESS DE ALTA CALIDAD AZUL,0.05,1.0,0.0,66.67484426498413,67.24947547912598,3.2494754791259766,4,4.0,0.2,0.0
MASS1525,388.02671813964844,25.868447875976564,1133.677589416504,TimesFM-3.0-PyTorch,47.0,ZAPATERA DE METAL 6 NIVELES,0.05,18.0,0.0,745.6508712768555,1133.677589416504,1086.677589416504,61,1098.0,3.0500000000000003,0.0
MASS1526,4.278789043426514,0.2852526028951009,134.2445158958435,TimesFM-3.0-PyTorch,1.0,CAJA ORGANIZADOR DE ZAPATO 12 PCS,0.12236,10.0,0.0,129.965726852417,134.2445158958435,133.2445158958435,14,140.0,1.71304,0.0
MASS1527,2.929470181465149,0.19529801209767658,51.87473511695862,TimesFM-3.0-PyTorch,0.0,,0.094962,10.0,0.0,48.94526493549347,51.87473511695862,51.87473511695862,6,60.0,0.5697720000000001,0.0
MASS1528,5.604926586151123,0.37366177241007487,291.3375177383423,TimesFM-3.0-PyTorch,0.0,,0.41118,70.0,0.0,285.73259115219116,291.3375177383423,291.3375177383423,5,350.0,2.0559,0.0
MASS1529,0.0014953911304473877,9.969274202982584e-05,0.03544491529464722,TimesFM-3.0-PyTorch,0.0,,0.05,1.0,0.0,0.03394952416419983,0.03544491529464722,0.03544491529464722,1,1.0,0.05,0.0
MASS1530,5.772959351539612,0.38486395676930746,76.1045150756836,TimesFM-3.0-PyTorch,41.0,TERMO DEPORTIVO,0.05,1.0,0.0,70.33155572414398,76.1045150756836,35.104515075683594,36,36.0,1.8,0.0
MASS1531,0.08402171730995178,0.005601447820663452,0.27272069454193115,TimesFM-3.0-PyTorch,2.0,TERMO FLEXIBLE DE 600ML GRIS,0.05,1.0,0.0,0.18869897723197937,0.27272069454193115,0.0,0,0.0,0.0,0.0
MASS1532,27.576797366142273,1.8384531577428183,194.91688632965088,TimesFM-3.0-PyTorch,123.0,BILLETES DE DOLARES PARA FIESTAS,0.025012,200.0,0.0,167.3400889635086,194.91688632965088,71.91688632965088,1,200.0,0.025012,0.0
MASS1533,0.0032945871353149414,0.00021963914235432943,0.033499911427497864,TimesFM-3.0-PyTorch,0.0,,0.05,1.0,0.0,0.030205324292182922,0.033499911427497864,0.033499911427497864,1,1.0,0.05,0.0
MASS1534,0.028200924396514893,0.0018800616264343262,25.68870508670807,TimesFM-3.0-PyTorch,29.0,PELADOR DE VEGETALES ROJO,0.05,1.0,0.0,25.660504162311554,25.68870508670807,0.0,0,0.0,0.0,0.0
MASS1535,9.29478770494461,0.619652513662974,101.17528581619263,TimesFM-3.0-PyTorch,66.0,TERMO DE ACERO INOXIDABLE 18oz NEGRO,0.05,1.0,0.0,91.88049811124802,101.17528581619263,35.17528581619263,36,36.0,1.8,0.0
MASS1536,0.25352513790130615,0.016901675860087076,72.84939289093018,TimesFM-3.0-PyTorch,0.0,,0.06656,12.0,0.0,72.59586775302887,72.84939289093018,72.84939289093018,7,84.0,0.46591999999999995,0.0
MASS1537,0.03428801894187927,0.002285867929458618,5.967546820640564,TimesFM-3.0-PyTorch,0.0,,0.10472,8.0,0.0,5.933258801698685,5.967546820640564,5.967546820640564,1,8.0,0.10472,0.0
MASS1538,0.11727917194366455,0.00781861146291097,55.955649614334106,TimesFM-3.0-PyTorch,0.0,,0.05,250.0,0.0,55.83837044239044,55.955649614334106,55.955649614334106,1,250.0,0.05,0.0
MASS1539,3.5468270778656006,0.23645513852437336,191.36497020721436,TimesFM-3.0-PyTorch,0.0,,0.0405,150.0,0.0,187.81814312934875,191.36497020721436,191.36497020721436,2,300.0,0.081,0.0
MASS1540,92.24523830413818,6.149682553609212,305.1320915222168,TimesFM-3.0-PyTorch,82.0,HUB 4 PUERTOS,0.1,300.0,0.0,212.8868532180786,305.1320915222168,223.1320915222168,1,300.0,0.1,0.0
MASS1541,42.289621233940125,2.819308082262675,213.33154964447021,TimesFM-3.0-PyTorch,0.0,,0.05,200.0,0.0,171.0419284105301,213.33154964447021,213.33154964447021,2,400.0,0.1,0.0
MASS1542,0.0,0.0,55.24908089637756,TimesFM-3.0-PyTorch,0.0,,0.05,1.0,0.0,55.24908089637756,55.24908089637756,55.24908089637756,56,56.0,2.8000000000000003,0.0
MASS1543,104.40758800506592,6.960505867004395,359.2358913421631,TimesFM-3.0-PyTorch,19.0,PARCHES DESINTOXICANTES DE PIE,0.05,50.0,0.0,254.82830333709717,359.2358913421631,340.2358913421631,7,350.0,0.35000000000000003,0.0
MASS1544,0.024512827396392822,0.001634188493092855,8.701352328062057,TimesFM-3.0-PyTorch,0.0,,0.05,1.0,0.0,8.676839500665665,8.701352328062057,8.701352328062057,9,9.0,0.45,0.0
MASS1545,7.267841577529907,0.48452277183532716,97.03148365020752,TimesFM-3.0-PyTorch,1.0,VENTILADOR RECARGABLE CAMPING VERDE,0.05,1.0,0.0,89.76364207267761,97.03148365020752,96.03148365020752,97,97.0,4.8500000000000005,0.0
MASS1546,0.04682636260986328,0.003121757507324219,0.3897135257720947,TimesFM-3.0-PyTorch,0.0,,0.05,100.0,0.0,0.34288716316223145,0.3897135257720947,0.3897135257720947,1,100.0,0.05,0.0
MASS1547,0.07409048080444336,0.004939365386962891,0.4400975704193115,TimesFM-3.0-PyTorch,0.0,,0.05,100.0,0.0,0.36600708961486816,0.4400975704193115,0.4400975704193115,1,100.0,0.05,0.0
MASS1548,0.0,0.0,0.024403929710388184,TimesFM-3.0-PyTorch,0.0,,0.05,1.0,0.0,0.024403929710388184,0.024403929710388184,0.024403929710388184,1,1.0,0.05,0.0
MASS1549,6.232378959655762,0.4154919306437174,186.56963443756104,TimesFM-3.0-PyTorch,0.0,,0.05,1.0,0.0,180.33725547790527,186.56963443756104,186.56963443756104,187,187.0,9.35,0.0
MASS1550,0.009709179401397705,0.000647278626759847,0.06048750877380371,TimesFM-3.0-PyTorch,0.0,,0.05,1.0,0.0,0.050778329372406006,0.06048750877380371,0.06048750877380371,1,1.0,0.05,0.0
MASS1551,35.30794095993042,2.353862730662028,111.02316951751709,TimesFM-3.0-PyTorch,4.0,MAQUINA DE SOLDAR,0.088452,6.0,0.0,75.71522855758667,111.02316951751709,107.02316951751709,18,108.0,1.592136,0.0
MASS1552,0.08351683616638184,0.005567789077758789,0.8515347242355347,TimesFM-3.0-PyTorch,55.0,PISTOLA DISPENSADORA DE BILLETE,0.18772,48.0,0.0,0.7680178880691528,0.8515347242355347,0.0,0,0.0,0.0,0.0
MASS1553,0.0061376094818115234,0.0004091739654541016,0.12854230403900146,TimesFM-3.0-PyTorch,0.0,,0.21420025,72.0,0.0,0.12240469455718994,0.12854230403900146,0.12854230403900146,1,72.0,0.21420025,0.0
MASS1554,0.814155101776123,0.05427700678507487,58.556031227111816,TimesFM-3.0-PyTorch,0.0,,0.10798525,120.0,0.0,57.74187612533569,58.556031227111816,58.556031227111816,1,120.0,0.10798525,0.0
MASS1555,0.08185219764709473,0.005456813176472982,0.8074851036071777,TimesFM-3.0-PyTorch,0.0,,0.0575,50.0,0.0,0.725632905960083,0.8074851036071777,0.8074851036071777,1,50.0,0.0575,0.0
MASS1556,0.49112987518310547,0.0327419916788737,42.552921175956726,TimesFM-3.0-PyTorch,0.0,,0.08256,30.0,0.0,42.06179130077362,42.552921175956726,42.552921175956726,2,60.0,0.16512,0.0
MASS1557,0.03426241874694824,0.0022841612497965496,59.06275296211243,TimesFM-3.0-PyTorch,57.0,TIMBRE INALAMBRICO 200 MTS DE DISTANCIA,0.07107,100.0,0.0,59.02849054336548,59.06275296211243,2.0627529621124268,1,100.0,0.07107,0.0
MASS1558,0.03238624334335327,0.002159082889556885,0.17928671836853027,TimesFM-3.0-PyTorch,0.0,,0.122112,9.0,0.0,0.146900475025177,0.17928671836853027,0.17928671836853027,1,9.0,0.122112,0.0
MASS1560,9.366651713848114,0.6244434475898742,61.42112064361572,TimesFM-3.0-PyTorch,7.0,FERULA A4,0.10206,30.0,0.0,52.05446892976761,61.42112064361572,54.42112064361572,2,60.0,0.20412,0.0
MASS1561,0.0,0.0,152.15661239624023,TimesFM-3.0-PyTorch,0.0,,0.05,1.0,0.0,152.15661239624023,152.15661239624023,152.15661239624023,153,153.0,7.65,0.0
MASS1562,5.407166481018066,0.3604777654012044,434.3159008026123,TimesFM-3.0-PyTorch,0.0,,0.05,50.0,0.0,428.90873432159424,434.3159008026123,434.3159008026123,9,450.0,0.45,0.0
MASS1563,0.024925798177719116,0.0016617198785146077,0.09236520528793335,TimesFM-3.0-PyTorch,0.0,,0.05,1.0,0.0,0.06743940711021423,0.09236520528793335,0.09236520528793335,1,1.0,0.05,0.0
MASS1564,0.0006477832794189453,4.318555196126302e-05,0.05037149786949158,TimesFM-3.0-PyTorch,0.0,,0.05,1.0,0.0,0.04972371459007263,0.05037149786949158,0.05037149786949158,1,1.0,0.05,0.0
MASS1565,0.002424761652946472,0.00016165077686309816,0.04722696542739868,TimesFM-3.0-PyTorch,0.0,,0.05,1.0,0.0,0.04480220377445221,0.04722696542739868,0.04722696542739868,1,1.0,0.05,0.0
MASS1566,0.0,0.0,0.02947413921356201,TimesFM-3.0-PyTorch,0.0,,0.05,1.0,0.0,0.02947413921356201,0.02947413921356201,0.02947413921356201,1,1.0,0.05,0.0
MASS1567,0.0024502500891685486,0.0001633500059445699,0.01989162713289261,TimesFM-3.0-PyTorch,0.0,,0.05,1.0,0.0,0.01744137704372406,0.01989162713289261,0.01989162713289261,1,1.0,0.05,0.0
MASS1568,0.000902324914932251,6.015499432881673e-05,0.01273549348115921,TimesFM-3.0-PyTorch,0.0,,0.05,1.0,0.0,0.01183316856622696,0.01273549348115921,0.01273549348115921,1,1.0,0.05,0.0
MASS1569,0.016463786363601685,0.0010975857575734457,0.08858972787857056,TimesFM-3.0-PyTorch,0.0,,0.05,1.0,0.0,0.07212594151496887,0.08858972787857056,0.08858972787857056,1,1.0,0.05,0.0
MASS1570,0.01635649800300598,0.0010904332002003988,5.275437384843826,TimesFM-3.0-PyTorch,0.0,,0.05,1.0,0.0,5.25908088684082,5.275437384843826,5.275437384843826,6,6.0,0.30000000000000004,0.0
MASS1571,0.023630082607269287,0.001575338840484619,0.15483450889587402,TimesFM-3.0-PyTorch,0.0,,0.05,1.0,0.0,0.13120442628860474,0.15483450889587402,0.15483450889587402,1,1.0,0.05,0.0
MASS1572,0.0016227662563323975,0.0001081844170888265,0.04335799813270569,TimesFM-3.0-PyTorch,0.0,,0.05,1.0,0.0,0.04173523187637329,0.04335799813270569,0.04335799813270569,1,1.0,0.05,0.0
MASS1573,0.022882699966430664,0.0015255133310953775,0.4235328435897827,TimesFM-3.0-PyTorch,0.0,,0.05,1.0,0.0,0.40065014362335205,0.4235328435897827,0.4235328435897827,1,1.0,0.05,0.0
MASS1574,0.050934791564941406,0.0033956527709960937,32.397788524627686,TimesFM-3.0-PyTorch,111.0,TIRROS MASSHOPPING,0.06048,72.0,0.0,32.346853733062744,32.397788524627686,0.0,0,0.0,0.0,0.0
MASS1576,0.0018157660961151123,0.00012105107307434083,0.04650244116783142,TimesFM-3.0-PyTorch,0.0,,0.05,1.0,0.0,0.04468667507171631,0.04650244116783142,0.04650244116783142,1,1.0,0.05,0.0
MASS1577,0.00032217055559158325,2.1478037039438882e-05,0.019416458904743195,TimesFM-3.0-PyTorch,0.0,,0.05,1.0,0.0,0.01909428834915161,0.019416458904743195,0.019416458904743195,1,1.0,0.05,0.0
MASS1578,0.0,0.0,0.01037164032459259,TimesFM-3.0-PyTorch,0.0,,0.05,1.0,0.0,0.01037164032459259,0.01037164032459259,0.01037164032459259,1,1.0,0.05,0.0
MASS1584,0.0007044598460197449,4.6963989734649655e-05,0.010773234069347382,TimesFM-3.0-PyTorch,0.0,,0.05,1.0,0.0,0.010068774223327637,0.010773234069347382,0.010773234069347382,1,1.0,0.05,0.0
MASS1587,0.0001245439052581787,8.302927017211915e-06,0.034375786781311035,TimesFM-3.0-PyTorch,0.0,,0.05,1.0,0.0,0.034251242876052856,0.034375786781311035,0.034375786781311035,1,1.0,0.05,0.0
MASS1588,0.0,0.0,0.05668368935585022,TimesFM-3.0-PyTorch,0.0,,0.05,1.0,0.0,0.05668368935585022,0.05668368935585022,0.05668368935585022,1,1.0,0.05,0.0
MASS1589,0.003784164786338806,0.00025227765242258706,0.04846544563770294,TimesFM-3.0-PyTorch,0.0,,0.05,1.0,0.0,0.044681280851364136,0.04846544563770294,0.04846544563770294,1,1.0,0.05,0.0
MASS1590,0.0,0.0,0.021876484155654907,TimesFM-3.0-PyTorch,0.0,,0.05,1.0,0.0,0.021876484155654907,0.021876484155654907,0.021876484155654907,1,1.0,0.05,0.0
MASS1591,0.01889851689338684,0.0012599011262257895,0.10055851936340332,TimesFM-3.0-PyTorch,0.0,,0.05,1.0,0.0,0.08166000247001648,0.10055851936340332,0.10055851936340332,1,1.0,0.05,0.0
MASS1593,0.003660529851913452,0.0002440353234608968,0.06496173143386841,TimesFM-3.0-PyTorch,0.0,,0.05,1.0,0.0,0.061301201581954956,0.06496173143386841,0.06496173143386841,1,1.0,0.05,0.0
MASS1594,0.009792536497116089,0.0006528357664744059,0.06165534257888794,TimesFM-3.0-PyTorch,0.0,,0.05,1.0,0.0,0.05186280608177185,0.06165534257888794,0.06165534257888794,1,1.0,0.05,0.0
MASS1595,0.00014477968215942383,9.651978810628255e-06,15.196775794029236,TimesFM-3.0-PyTorch,0.0,,0.05,1.0,0.0,15.196631014347076,15.196775794029236,15.196775794029236,16,16.0,0.8,0.0
MASS1596,0.034922659397125244,0.002328177293141683,0.4227336049079895,TimesFM-3.0-PyTorch,0.0,,0.05,1.0,0.0,0.38781094551086426,0.4227336049079895,0.4227336049079895,1,1.0,0.05,0.0
MASS1597,7.450105428695679,0.49667369524637855,96.50730752944946,TimesFM-3.0-PyTorch,54.0,PAR DE MUÑEQUERA DE FITNESS DE ALTA CALIDAD ROJO,0.05,1.0,0.0,89.05720210075378,96.50730752944946,42.50730752944946,43,43.0,2.15,0.0
MASS1598,2.3799777030944824,0.15866518020629883,71.28356003761292,TimesFM-3.0-PyTorch,76.0,PAR DE MUÑEQUERA DE FITNESS DE ALTA CALIDAD NARANJA,0.05,1.0,0.0,68.90358233451843,71.28356003761292,0.0,0,0.0,0.0,0.0
MASS1599,7.553552269935608,0.5035701513290405,86.06200432777405,TimesFM-3.0-PyTorch,121.0,PAR DE MUÑEQUERA DE FITNESS DE ALTA CALIDAD GRIS,0.05,1.0,0.0,78.50845205783844,86.06200432777405,0.0,0,0.0,0.0,0.0
MASS1600,0.15162765979766846,0.010108510653177897,76.61830115318298,TimesFM-3.0-PyTorch,0.0,,0.05,1.0,0.0,76.46667349338531,76.61830115318298,76.61830115318298,77,77.0,3.85,0.0
MASS1601,6.843750238418579,0.4562500158945719,102.61644411087036,TimesFM-3.0-PyTorch,1.0,BOLSO DE LAPTOP REFLECTIVO GRIS,0.05,1.0,0.0,95.77269387245178,102.61644411087036,101.61644411087036,102,102.0,5.1000000000000005,0.0
MASS1602,1.9879140853881836,0.13252760569254557,89.72858190536499,TimesFM-3.0-PyTorch,0.0,,0.05184,6.0,0.0,87.7406678199768,89.72858190536499,89.72858190536499,15,90.0,0.7776,0.0
MASS1603,0.0012794733047485352,8.529822031656901e-05,0.030239999294281006,TimesFM-3.0-PyTorch,0.0,,0.05,1.0,0.0,0.02896052598953247,0.030239999294281006,0.030239999294281006,1,1.0,0.05,0.0
MASS1604,0.04934811592102051,0.0032898743947347006,0.1475224494934082,TimesFM-3.0-PyTorch,0.0,,0.05,10.0,0.0,0.0981743335723877,0.1475224494934082,0.1475224494934082,1,10.0,0.05,0.0
MASS1605,0.0934571623802185,0.006230477492014567,1.6995726823806763,TimesFM-3.0-PyTorch,1.0,TERMO FLEXIBLE DE 600ML VERDE,0.05,1.0,0.0,1.6061155200004578,1.6995726823806763,0.6995726823806763,1,1.0,0.05,0.0
MASS1606,0.04199814796447754,0.002799876530965169,0.33680686354637146,TimesFM-3.0-PyTorch,0.0,,0.05,1.0,0.0,0.2948087155818939,0.33680686354637146,0.33680686354637146,1,1.0,0.05,0.0
MASS1607,0.0,0.0,12.615568220615387,TimesFM-3.0-PyTorch,0.0,,0.05,1.0,0.0,12.615568220615387,12.615568220615387,12.615568220615387,13,13.0,0.65,0.0
MASS1608,0.15352201461791992,0.010234800974527995,15.752869129180908,TimesFM-3.0-PyTorch,37.0,PELADOR DE VEGETALES VERDE,0.05,1.0,0.0,15.599347114562988,15.752869129180908,0.0,0,0.0,0.0,0.0
MASS1609,0.0,0.0,16.23971426486969,TimesFM-3.0-PyTorch,25.0,PELADOR DE VEGETALES AZUL,0.05,1.0,0.0,16.23971426486969,16.23971426486969,0.0,0,0.0,0.0,0.0
MASS1610,0.0008390545845031738,5.593697230021159e-05,0.123005211353302,TimesFM-3.0-PyTorch,0.0,,0.05,1.0,0.0,0.12216615676879883,0.123005211353302,0.123005211353302,1,1.0,0.05,0.0
MASS1611,0.0,0.0,9.544805943965912,TimesFM-3.0-PyTorch,17.0,TERMO DE ACERO INOXIDABLE 18oz BLANCO,0.05,1.0,0.0,9.544805943965912,9.544805943965912,0.0,0,0.0,0.0,0.0
MASS1612,0.08286821842193604,0.005524547894795736,23.20933735370636,TimesFM-3.0-PyTorch,0.0,,0.05,1.0,0.0,23.126469135284424,23.20933735370636,23.20933735370636,24,24.0,1.2000000000000002,0.0
MASS1613,0.005539402365684509,0.0003692934910456339,0.05085571110248566,TimesFM-3.0-PyTorch,0.0,,0.05,1.0,0.0,0.04531630873680115,0.05085571110248566,0.05085571110248566,1,1.0,0.05,0.0
MASS1614,0.2504120469093323,0.016694136460622153,37.410547494888306,TimesFM-3.0-PyTorch,70.0,TERMO DE ACERO INOXIDABLE 36oz BLANCO,0.05,1.0,0.0,37.16013544797897,37.410547494888306,0.0,0,0.0,0.0,0.0
MASS1615,0.0,0.0,43.25911486148834,TimesFM-3.0-PyTorch,0.0,,0.05,1.0,0.0,43.25911486148834,43.25911486148834,43.25911486148834,44,44.0,2.2,0.0
MASS1616,0.013692647218704224,0.0009128431479136149,0.046256452798843384,TimesFM-3.0-PyTorch,0.0,,0.05,1.0,0.0,0.03256380558013916,0.046256452798843384,0.046256452798843384,1,1.0,0.05,0.0
MASS1617,27.00591015815735,1.8003940105438232,102.4830207824707,TimesFM-3.0-PyTorch,19.0,DESTAPADOR MULTIUSO PLATEADO,0.05,1.0,0.0,75.47711062431335,102.4830207824707,83.4830207824707,84,84.0,4.2,0.0
MASS1618,0.065127432346344,0.0043418288230896,0.37281495332717896,TimesFM-3.0-PyTorch,0.0,,0.05,1.0,0.0,0.30768752098083496,0.37281495332717896,0.37281495332717896,1,1.0,0.05,0.0
MASS1619,1.6689300537109375e-05,1.1126200358072917e-06,35.77741098403931,TimesFM-3.0-PyTorch,0.0,,0.05,1.0,0.0,35.77739429473877,35.77741098403931,35.77741098403931,36,36.0,1.8,0.0
MASS1620,2.433004379272461,0.1622002919514974,246.82765579223633,TimesFM-3.0-PyTorch,0.0,,0.05,1.0,0.0,244.39465141296387,246.82765579223633,246.82765579223633,247,247.0,12.350000000000001,0.0
MASS1621,0.03819239139556885,0.0025461594263712565,0.36713850498199463,TimesFM-3.0-PyTorch,0.0,,0.05,1.0,0.0,0.3289461135864258,0.36713850498199463,0.36713850498199463,1,1.0,0.05,0.0
MASS1622,0.0262182354927063,0.0017478823661804198,0.07344275712966919,TimesFM-3.0-PyTorch,0.0,,0.05,1.0,0.0,0.04722452163696289,0.07344275712966919,0.07344275712966919,1,1.0,0.05,0.0
MASS1623,0.04619783163070679,0.0030798554420471192,0.8014413416385651,TimesFM-3.0-PyTorch,0.0,,0.05,1.0,0.0,0.7552435100078583,0.8014413416385651,0.8014413416385651,1,1.0,0.05,0.0
MASS1624,0.030060410499572754,0.0020040273666381836,0.137498140335083,TimesFM-3.0-PyTorch,0.0,,0.05,1.0,0.0,0.10743772983551025,0.137498140335083,0.137498140335083,1,1.0,0.05,0.0
MASS1625,0.018439501523971558,0.0012293001015981039,0.07915505766868591,TimesFM-3.0-PyTorch,0.0,,0.05,1.0,0.0,0.060715556144714355,0.07915505766868591,0.07915505766868591,1,1.0,0.05,0.0
MASS1626,0.009827762842178345,0.0006551841894785563,0.05629989504814148,TimesFM-3.0-PyTorch,0.0,,0.05,1.0,0.0,0.046472132205963135,0.05629989504814148,0.05629989504814148,1,1.0,0.05,0.0
MASS1627,1.7080779075622559,0.1138718605041504,106.4659321308136,TimesFM-3.0-PyTorch,0.0,,0.05,1.0,0.0,104.75785422325134,106.4659321308136,106.4659321308136,107,107.0,5.3500000000000005,0.0
MASS1628,0.12568211555480957,0.008378807703653972,46.19398009777069,TimesFM-3.0-PyTorch,0.0,,0.05,100.0,0.0,46.06829798221588,46.19398009777069,46.19398009777069,1,100.0,0.05,0.0
MASS1629,0.0,0.0,0.024697065353393555,TimesFM-3.0-PyTorch,0.0,,0.05,1.0,0.0,0.024697065353393555,0.024697065353393555,0.024697065353393555,1,1.0,0.05,0.0
MASS1630,0.0002985084429383278,1.9900562862555185e-05,0.0027904855087399483,TimesFM-3.0-PyTorch,0.0,,0.05,1.0,0.0,0.0024919770658016205,0.0027904855087399483,0.0027904855087399483,1,1.0,0.05,0.0
MASS1631,0.034302711486816406,0.002286847432454427,0.4147857427597046,TimesFM-3.0-PyTorch,0.0,,0.05,1.0,0.0,0.3804830312728882,0.4147857427597046,0.4147857427597046,1,1.0,0.05,0.0
MASS1632,0.16083747148513794,0.010722498099009195,10.68364155292511,TimesFM-3.0-PyTorch,0.0,,0.05,1.0,0.0,10.522804081439972,10.68364155292511,10.68364155292511,11,11.0,0.55,0.0
MASS1633,0.0047040581703186035,0.0003136038780212402,8.63570973277092,TimesFM-3.0-PyTorch,0.0,,0.05,1.0,0.0,8.631005674600601,8.63570973277092,8.63570973277092,9,9.0,0.45,0.0
MASS1634,0.00883394479751587,0.0005889296531677246,16.536650627851486,TimesFM-3.0-PyTorch,0.0,,0.05,1.0,0.0,16.52781668305397,16.536650627851486,16.536650627851486,17,17.0,0.8500000000000001,0.0
MASS1635,0.2391529083251953,0.015943527221679688,35.68852257728577,TimesFM-3.0-PyTorch,8.0,CORTINAS BLACK OUT 132 X 214 CM CAQUI,0.05,1.0,0.0,35.44936966896057,35.68852257728577,27.688522577285767,28,28.0,1.4000000000000001,0.0
MASS1636,0.03318709135055542,0.0022124727567036945,5.4475032687187195,TimesFM-3.0-PyTorch,0.0,,0.05,1.0,0.0,5.414316177368164,5.4475032687187195,5.4475032687187195,6,6.0,0.30000000000000004,0.0
MASS1638,38.297797203063965,2.5531864802042645,450.83576822280884,TimesFM-3.0-PyTorch,0.0,,0.05,1.0,0.0,412.5379710197449,450.83576822280884,450.83576822280884,451,451.0,22.55,0.0
MASS1639,0.020479202270507812,0.0013652801513671874,45.01117253303528,TimesFM-3.0-PyTorch,0.0,,0.05,1.0,0.0,44.99069333076477,45.01117253303528,45.01117253303528,46,46.0,2.3000000000000003,0.0
MASS1640,4.129491567611694,0.27529943784077965,59.540170192718506,TimesFM-3.0-PyTorch,22.0,MINI PICADOR ELECTRICO DE VERDURA 4 EN 1 USB,0.05,1.0,0.0,55.41067862510681,59.540170192718506,37.540170192718506,38,38.0,1.9000000000000001,0.0
MASS1641,0.029842540621757507,0.001989502708117167,0.18906059861183167,TimesFM-3.0-PyTorch,46.0,LIMPIADORA SECADOR DE VEGETABLES Y FRUTAS VERDE,0.05,1.0,0.0,0.15921805799007416,0.18906059861183167,0.0,0,0.0,0.0,0.0
MASS1642,0.06603935360908508,0.004402623573939005,1.5244298726320267,TimesFM-3.0-PyTorch,41.0,LIMPIADORA SECADOR DE VEGETABLES Y FRUTAS AZUL,0.05,1.0,0.0,1.4583905190229416,1.5244298726320267,0.0,0,0.0,0.0,0.0
MASS1643,0.07734465599060059,0.005156310399373373,0.28525346517562866,TimesFM-3.0-PyTorch,0.0,,0.05,1.0,0.0,0.20790880918502808,0.28525346517562866,0.28525346517562866,1,1.0,0.05,0.0
MASS1644,2.0539615154266357,0.13693076769510906,137.67822647094727,TimesFM-3.0-PyTorch,0.0,,0.074529,96.0,0.0,135.62426495552063,137.67822647094727,137.67822647094727,2,192.0,0.149058,0.0
MASS1646,0.014521002769470215,0.0009680668512980144,1.596541553735733,TimesFM-3.0-PyTorch,0.0,,0.05,1.0,0.0,1.5820205509662628,1.596541553735733,1.596541553735733,2,2.0,0.1,0.0
MASS1647,15.282801508903503,1.0188534339269002,174.7199535369873,TimesFM-3.0-PyTorch,56.0,LAMPARA RESTAURANTES TOUCH DORADO,0.05,1.0,0.0,159.4371520280838,174.7199535369873,118.7199535369873,119,119.0,5.95,0.0
MASS1648,78.25045442581177,5.216696961720785,241.30003833770752,TimesFM-3.0-PyTorch,4.0,ORGANIZADOR DE LIMPIEZA,0.05,30.0,0.0,163.04958391189575,241.30003833770752,237.30003833770752,8,240.0,0.4,0.0
MASS1649,16.41857886314392,1.0945719242095948,97.61752843856812,TimesFM-3.0-PyTorch,23.0,SENSOR AUTOMATICO DE PUERTA TENSION 500G,0.043,200.0,0.0,81.1989495754242,97.61752843856812,74.61752843856812,1,200.0,0.043,0.0
MASS1650,0.05225536227226257,0.003483690818150838,2.7536900490522385,TimesFM-3.0-PyTorch,132.0,DESTORNILLADORES DE PRESICION 8 in 1,0.05,1.0,0.0,2.701434686779976,2.7536900490522385,0.0,0,0.0,0.0,0.0
MASS1651,8.38972818851471,0.5593152125676473,42.326112508773804,TimesFM-3.0-PyTorch,18.0,ORGANIZADOR DE BANO 40/50cm,0.05,1.0,0.0,33.936384320259094,42.326112508773804,24.326112508773804,25,25.0,1.25,0.0
MASS1652,6.078442096710205,0.4052294731140137,54.32679033279419,TimesFM-3.0-PyTorch,85.0,SOPLADORA MANUAL CARBON,0.05,1.0,0.0,48.248348236083984,54.32679033279419,0.0,0,0.0,0.0,0.0
MASS1653,0.04903709888458252,0.0032691399256388346,0.3063865900039673,TimesFM-3.0-PyTorch,0.0,,0.05,1.0,0.0,0.25734949111938477,0.3063865900039673,0.3063865900039673,1,1.0,0.05,0.0
MASS1654,0.0,0.0,19.17511612176895,TimesFM-3.0-PyTorch,17.0,PISTOLA DE AGUA AZUL,0.05,1.0,0.0,19.17511612176895,19.17511612176895,2.1751161217689514,3,3.0,0.15000000000000002,0.0
MASS1655,0.149383544921875,0.009958902994791666,23.480632781982422,TimesFM-3.0-PyTorch,2.0,DRONE,0.05,36.0,0.0,23.331249237060547,23.480632781982422,21.480632781982422,1,36.0,0.05,0.0
MASS1656,31.12624430656433,2.075082953770955,267.2091007232666,TimesFM-3.0-PyTorch,351.0,MAQUINA KEMEI HAIR CLIPPER KM-032,0.05,60.0,0.0,236.08285641670227,267.2091007232666,0.0,0,0.0,0.0,0.0
MASS1657,113.21875715255737,7.547917143503825,563.5670585632324,TimesFM-3.0-PyTorch,356.0,MAQUINA KEMEI 4 EN 1 KM-6630,0.05,100.0,0.0,450.34830141067505,563.5670585632324,207.56705856323242,3,300.0,0.15000000000000002,0.0
MASS1658,0.14132457971572876,0.00942163864771525,3.67519673705101,TimesFM-3.0-PyTorch,44.0,POLVO SMOKE AZUL,0.05,1.0,0.0,3.5338721573352814,3.67519673705101,0.0,0,0.0,0.0,0.0
MASS1659,0.01447063684463501,0.0009647091229756673,0.9022921621799469,TimesFM-3.0-PyTorch,35.0,POLVO SMOKE ROSADO,0.05,1.0,0.0,0.8878215253353119,0.9022921621799469,0.0,0,0.0,0.0,0.0
MASS1660,0.044008851051330566,0.0029339234034220377,21.639459013938904,TimesFM-3.0-PyTorch,37.0,POLVO SMOKE CONFETI,0.05,1.0,0.0,21.595450162887573,21.639459013938904,0.0,0,0.0,0.0,0.0
MASS1661,23.42004632949829,1.5613364219665526,233.41543769836426,TimesFM-3.0-PyTorch,52.0,MONEDA BITCOINS,0.025,400.0,0.0,209.99539136886597,233.41543769836426,181.41543769836426,1,400.0,0.025,0.0
MASS1662,22.986552596092224,1.5324368397394816,191.90094566345215,TimesFM-3.0-PyTorch,227.0,PENDULO BALANCE BALL 9*7.5cm,0.05,288.0,0.0,168.91439306735992,191.90094566345215,0.0,0,0.0,0.0,0.0
MASS1663,0.6990070343017578,0.04660046895345052,143.3265175819397,TimesFM-3.0-PyTorch,0.0,,0.11544,40.0,0.0,142.62751054763794,143.3265175819397,143.3265175819397,4,160.0,0.46176,0.0
MASS1664,0.1712169647216797,0.011414464314778645,15.935885310173035,TimesFM-3.0-PyTorch,35.0,PISTOLA DE BURBUJA VERDE AGUAMARINA,0.05,1.0,0.0,15.764668345451355,15.935885310173035,0.0,0,0.0,0.0,0.0
MASS1665,0.024616122245788574,0.001641074816385905,0.25628459453582764,TimesFM-3.0-PyTorch,92.0,PISTOLA DE BURBUJA AMARILLO,0.05,1.0,0.0,0.23166847229003906,0.25628459453582764,0.0,0,0.0,0.0,0.0
MASS1667,0.5150513052940369,0.03433675368626912,34.32855045795441,TimesFM-3.0-PyTorch,325.0,BASE PARA ROUTER 33*14cm,0.05,1.0,0.0,33.81349915266037,34.32855045795441,0.0,0,0.0,0.0,0.0
MASS1668,0.02010059356689453,0.0013400395711263022,23.62166929244995,TimesFM-3.0-PyTorch,0.0,,0.05,1.0,0.0,23.601568698883057,23.62166929244995,23.62166929244995,24,24.0,1.2000000000000002,0.0
MASS1669,0.061426758766174316,0.004095117251078288,4.0402699410915375,TimesFM-3.0-PyTorch,178.0,LAMPARA DE LUNA  10cm,0.05,1.0,0.0,3.978843182325363,4.0402699410915375,0.0,0,0.0,0.0,0.0
MASS1670,0.024629592895507812,0.0016419728597005208,6.048446953296661,TimesFM-3.0-PyTorch,0.0,,0.05,1.0,0.0,6.023817360401154,6.048446953296661,6.048446953296661,7,7.0,0.35000000000000003,0.0
MASS1671,4.048702716827393,0.2699135144551595,328.27612686157227,TimesFM-3.0-PyTorch,0.0,,0.039375,100.0,0.0,324.2274241447449,328.27612686157227,328.27612686157227,4,400.0,0.1575,0.0
MASS1672,0.011072933673858643,0.0007381955782572428,0.11975246667861938,TimesFM-3.0-PyTorch,1.0,RELOJ INTELIGENTE D18S ROSADO,0.05,1.0,0.0,0.10867953300476074,0.11975246667861938,0.0,0,0.0,0.0,0.0
MASS1673,0.047493577003479004,0.0031662384668986,0.16892188787460327,TimesFM-3.0-PyTorch,0.0,,0.05,1.0,0.0,0.12142831087112427,0.16892188787460327,0.16892188787460327,1,1.0,0.05,0.0
MASS1674,0.05546295642852783,0.0036975304285685223,21.225846648216248,TimesFM-3.0-PyTorch,0.0,,0.05,1.0,0.0,21.17038369178772,21.225846648216248,21.225846648216248,22,22.0,1.1,0.0
MASS1675,0.0008388981223106384,5.592654148737589e-05,0.02200092375278473,TimesFM-3.0-PyTorch,0.0,,0.05,1.0,0.0,0.02116202563047409,0.02200092375278473,0.02200092375278473,1,1.0,0.05,0.0
MASS1676,0.012767970561981201,0.0008511980374654134,0.11184877157211304,TimesFM-3.0-PyTorch,0.0,,0.05,1.0,0.0,0.09908080101013184,0.11184877157211304,0.11184877157211304,1,1.0,0.05,0.0
MASS1677,0.03342345356941223,0.0022282302379608154,0.0890749990940094,TimesFM-3.0-PyTorch,0.0,,0.05,1.0,0.0,0.05565154552459717,0.0890749990940094,0.0890749990940094,1,1.0,0.05,0.0
MASS1678,0.0015487223863601685,0.0001032481590906779,0.040616512298583984,TimesFM-3.0-PyTorch,0.0,,0.05,1.0,0.0,0.039067789912223816,0.040616512298583984,0.040616512298583984,1,1.0,0.05,0.0
MASS1679,0.00040720030665397644,2.7146687110265096e-05,0.01069924607872963,TimesFM-3.0-PyTorch,0.0,,0.05,1.0,0.0,0.010292045772075653,0.01069924607872963,0.01069924607872963,1,1.0,0.05,0.0
MASS1680,0.0,0.0,0.2242128551006317,TimesFM-3.0-PyTorch,0.0,,0.05,1.0,0.0,0.2242128551006317,0.2242128551006317,0.2242128551006317,1,1.0,0.05,0.0
MASS1682,0.00017567351460456848,1.1711567640304566e-05,0.006973417475819588,TimesFM-3.0-PyTorch,0.0,,0.05,1.0,0.0,0.006797743961215019,0.006973417475819588,0.006973417475819588,1,1.0,0.05,0.0
MASS1686,0.42733728885650635,0.028489152590433758,57.851285457611084,TimesFM-3.0-PyTorch,0.0,,0.05,1.0,0.0,57.42394816875458,57.851285457611084,57.851285457611084,58,58.0,2.9000000000000004,0.0
MASS1687,1.4719159603118896,0.09812773068745931,113.77036952972412,TimesFM-3.0-PyTorch,0.0,,0.12126,75.0,0.0,112.29845356941223,113.77036952972412,113.77036952972412,2,150.0,0.24252,0.0
MASS1688,0.14558100700378418,0.009705400466918946,0.3433593511581421,TimesFM-3.0-PyTorch,0.0,,0.05,1.0,0.0,0.1977783441543579,0.3433593511581421,0.3433593511581421,1,1.0,0.05,0.0
MASS1690,0.0002790014259517193,1.8600095063447953e-05,0.003331630490720272,TimesFM-3.0-PyTorch,0.0,,0.05,1.0,0.0,0.0030526290647685528,0.003331630490720272,0.003331630490720272,1,1.0,0.05,0.0
MASS1691,0.09433531761169434,0.0062890211741129555,43.798375487327576,TimesFM-3.0-PyTorch,0.0,,0.062496,50.0,0.0,43.70404016971588,43.798375487327576,43.798375487327576,1,50.0,0.062496,0.0
MASS1692,0.04427981376647949,0.002951987584431966,66.45476305484772,TimesFM-3.0-PyTorch,0.0,,0.062496,50.0,0.0,66.41048324108124,66.45476305484772,66.45476305484772,2,100.0,0.124992,0.0
MASS1693,5.985990345478058,0.3990660230318705,78.19447612762451,TimesFM-3.0-PyTorch,0.0,,0.062496,50.0,0.0,72.20848578214645,78.19447612762451,78.19447612762451,2,100.0,0.124992,0.0
MASS1694,20.238790810108185,1.349252720673879,115.36343336105347,TimesFM-3.0-PyTorch,33.0,CONSOLADOR CURVO DE SILICON CON BASE 21CM,0.038304,60.0,0.0,95.12464255094528,115.36343336105347,82.36343336105347,2,120.0,0.076608,0.0
MASS1695,0.00793313980102539,0.0005288759867350261,3.351693779230118,TimesFM-3.0-PyTorch,0.0,,0.05,1.0,0.0,3.3437606394290924,3.351693779230118,3.351693779230118,4,4.0,0.2,0.0
MASS1696,0.010395824909210205,0.000693054993947347,6.829905271530151,TimesFM-3.0-PyTorch,0.0,,0.05,1.0,0.0,6.819509446620941,6.829905271530151,6.829905271530151,7,7.0,0.35000000000000003,0.0
MASS1697,0.0003895610570907593,2.597073713938395e-05,1.0310770273208618,TimesFM-3.0-PyTorch,0.0,,0.05,1.0,0.0,1.030687466263771,1.0310770273208618,1.0310770273208618,2,2.0,0.1,0.0
MASS1698,0.0035764575004577637,0.00023843050003051757,0.08657807111740112,TimesFM-3.0-PyTorch,0.0,,0.05,1.0,0.0,0.08300161361694336,0.08657807111740112,0.08657807111740112,1,1.0,0.05,0.0
MASS1699,0.02158975601196289,0.0014393170674641927,0.07211625576019287,TimesFM-3.0-PyTorch,0.0,,0.05,1.0,0.0,0.05052649974822998,0.07211625576019287,0.07211625576019287,1,1.0,0.05,0.0
MASS1700,0.3803260028362274,0.025355066855748495,36.357287645339966,TimesFM-3.0-PyTorch,3.0,HUEVO MASTURBADOR MASCULINO TEXTURIZADO PIES AZUL,0.05,1.0,0.0,35.97696164250374,36.357287645339966,33.357287645339966,34,34.0,1.7000000000000002,0.0
MASS1701,0.08623456954956055,0.005748971303304037,24.26075768470764,TimesFM-3.0-PyTorch,0.0,,0.05,1.0,0.0,24.17452311515808,24.26075768470764,24.26075768470764,25,25.0,1.25,0.0
MASS1702,1.4318939596414566,0.09545959730943045,48.854376554489136,TimesFM-3.0-PyTorch,1.0,HUEVO MASTURBADOR MASCULINO TEXTURIZADO BOCA ROSADO,0.05,1.0,0.0,47.42248259484768,48.854376554489136,47.854376554489136,48,48.0,2.4000000000000004,0.0
MASS1703,0.005345523357391357,0.0003563682238260905,0.8166182637214661,TimesFM-3.0-PyTorch,10.0,HUEVO MASTURBADOR MASCULINO TEXTURIZADO MARRON ACEITE,0.05,1.0,0.0,0.8112727403640747,0.8166182637214661,0.0,0,0.0,0.0,0.0
MASS1704,0.3525162637233734,0.023501084248224894,26.519043922424316,TimesFM-3.0-PyTorch,0.0,,0.05,1.0,0.0,26.166527658700943,26.519043922424316,26.519043922424316,27,27.0,1.35,0.0
MASS1705,0.014239959418773651,0.0009493306279182434,0.04196345806121826,TimesFM-3.0-PyTorch,0.0,,0.05,1.0,0.0,0.02772349864244461,0.04196345806121826,0.04196345806121826,1,1.0,0.05,0.0
MASS1706,0.044662535190582275,0.002977502346038818,18.833940505981445,TimesFM-3.0-PyTorch,0.0,,0.05,1.0,0.0,18.789277970790863,18.833940505981445,18.833940505981445,19,19.0,0.9500000000000001,0.0
MASS1707,0.0,0.0,39.565014123916626,TimesFM-3.0-PyTorch,0.0,,0.05,1.0,0.0,39.565014123916626,39.565014123916626,39.565014123916626,40,40.0,2.0,0.0
MASS1708,0.02301497757434845,0.0015343318382898966,0.06461606919765472,TimesFM-3.0-PyTorch,0.0,,0.05,1.0,0.0,0.041601091623306274,0.06461606919765472,0.06461606919765472,1,1.0,0.05,0.0
MASS1709,0.47635114192962646,0.03175674279530843,85.42456388473511,TimesFM-3.0-PyTorch,1.0,ARNES STRAP DOBLE PENETRACION 18CM Y 13CM MORADO,0.056672,50.0,0.0,84.94821274280548,85.42456388473511,84.42456388473511,2,100.0,0.113344,0.0
MASS1710,0.011638373136520386,0.0007758915424346923,0.045674338936805725,TimesFM-3.0-PyTorch,0.0,,0.05,1.0,0.0,0.03403596580028534,0.045674338936805725,0.045674338936805725,1,1.0,0.05,0.0
MASS1711,0.08324241638183594,0.005549494425455729,39.08965575695038,TimesFM-3.0-PyTorch,0.0,,0.05,1.0,0.0,39.00641334056854,39.08965575695038,39.08965575695038,40,40.0,2.0,0.0
MASS1712,0.03152751922607422,0.0021018346150716146,21.354517936706543,TimesFM-3.0-PyTorch,0.0,,0.05,1.0,0.0,21.32299041748047,21.354517936706543,21.354517936706543,22,22.0,1.1,0.0
MASS1713,0.14714771509170532,0.009809847672780354,54.21792984008789,TimesFM-3.0-PyTorch,0.0,,0.05,1.0,0.0,54.070782124996185,54.21792984008789,54.21792984008789,55,55.0,2.75,0.0
MASS1714,24.978579998016357,1.6652386665344239,78.25533390045166,TimesFM-3.0-PyTorch,15.0,MASTURBADOR PRETTY LOVE ACCION SUCCIONADORA BOCA,0.05,1.0,0.0,53.2767539024353,78.25533390045166,63.25533390045166,64,64.0,3.2,0.0
MASS1715,0.924470067024231,0.0616313378016154,66.2922134399414,TimesFM-3.0-PyTorch,0.0,,0.05,1.0,0.0,65.36774337291718,66.2922134399414,66.2922134399414,67,67.0,3.35,0.0
MASS1716,0.08333492279052734,0.00555566151936849,16.106419503688812,TimesFM-3.0-PyTorch,0.0,,0.042999375,50.0,0.0,16.023084580898285,16.106419503688812,16.106419503688812,1,50.0,0.042999375,0.0
MASS1717,0.07063740491867065,0.004709160327911377,25.561642050743103,TimesFM-3.0-PyTorch,0.0,,0.044928,40.0,0.0,25.491004645824432,25.561642050743103,25.561642050743103,1,40.0,0.044928,0.0
MASS1718,18.319812178611755,1.2213208119074503,211.0729250907898,TimesFM-3.0-PyTorch,1.0,VIBRADOR DE SILICON REUTILIZABLE PARA HOMBRE ANILLO PARA PENE,0.026488,100.0,0.0,192.75311291217804,211.0729250907898,210.0729250907898,3,300.0,0.079464,0.0
MASS1719,0.0,0.0,10.95092648267746,TimesFM-3.0-PyTorch,25.0,MASTURBADOR VIBRADOR PARA HOMBRE MASAJEADOR DE PENE ELECTRICO,0.05,1.0,0.0,10.95092648267746,10.95092648267746,0.0,0,0.0,0.0,0.0
MASS1720,1.537741243839264,0.10251608292261759,63.85256505012512,TimesFM-3.0-PyTorch,17.0,VIBRADOR ANAL 10 VELOCIDADES,0.0396,40.0,0.0,62.31482380628586,63.85256505012512,46.85256505012512,2,80.0,0.0792,0.0
MASS1721,1.5767603516578674,0.10511735677719117,167.21229076385498,TimesFM-3.0-PyTorch,17.0,RABBIT VIBRADOR WOMEN 10 VELOCIDADES ROSADO,0.05,1.0,0.0,165.6355304121971,167.21229076385498,150.21229076385498,151,151.0,7.550000000000001,0.0
MASS1722,4.895976185798645,0.32639841238657635,117.3682918548584,TimesFM-3.0-PyTorch,0.0,,0.132192,90.0,0.0,112.47231566905975,117.3682918548584,117.3682918548584,2,180.0,0.264384,0.0
MASS1723,8.901605069637299,0.5934403379758199,71.47461724281311,TimesFM-3.0-PyTorch,74.0,VIBRADOR ESTIMULADOR PUNTO G BEGINNER,0.0375,120.0,0.0,62.57301217317581,71.47461724281311,0.0,0,0.0,0.0,0.0
MASS1724,0.07696640491485596,0.005131093660990397,8.663470715284348,TimesFM-3.0-PyTorch,0.0,,0.062832,12.0,0.0,8.586504310369492,8.663470715284348,8.663470715284348,1,12.0,0.062832,0.0
MASS1725,36.575175285339355,2.438345019022624,345.10972023010254,TimesFM-3.0-PyTorch,352.0,CARAMELO EXPLOSIVO COMESTIBLE,0.024576,96.0,0.0,308.5345449447632,345.10972023010254,0.0,0,0.0,0.0,0.0
MASS1726,0.012844264507293701,0.0008562843004862468,10.413507550954819,TimesFM-3.0-PyTorch,136.0,APLICADOR DE LUBRICANTE ANAL,0.05,1.0,0.0,10.400663286447525,10.413507550954819,0.0,0,0.0,0.0,0.0
MASS1727,0.045884907245635986,0.0030589938163757325,5.575742065906525,TimesFM-3.0-PyTorch,0.0,,0.05,1.0,0.0,5.529857158660889,5.575742065906525,5.575742065906525,6,6.0,0.30000000000000004,0.0
MASS1728,0.016774609684944153,0.0011183073123296101,0.0682741105556488,TimesFM-3.0-PyTorch,0.0,,0.05,1.0,0.0,0.05149950087070465,0.0682741105556488,0.0682741105556488,1,1.0,0.05,0.0
MASS1729,0.0009673982858657837,6.449321905771891e-05,0.0451229065656662,TimesFM-3.0-PyTorch,0.0,,0.05,1.0,0.0,0.044155508279800415,0.0451229065656662,0.0451229065656662,1,1.0,0.05,0.0
MASS1730,0.031394779682159424,0.0020929853121439616,13.249328285455704,TimesFM-3.0-PyTorch,0.0,,0.05,1.0,0.0,13.217933505773544,13.249328285455704,13.249328285455704,14,14.0,0.7000000000000001,0.0
MASS1731,0.012424886226654053,0.0008283257484436035,0.07604797184467316,TimesFM-3.0-PyTorch,0.0,,0.05,1.0,0.0,0.0636230856180191,0.07604797184467316,0.07604797184467316,1,1.0,0.05,0.0
MASS1732,0.006375640630722046,0.0004250427087148031,30.039101243019104,TimesFM-3.0-PyTorch,4.0,FORRO EXTENSOR PARA PENE NEGRO VIBRADOR RECARGABLE,0.046656,50.0,0.0,30.032725602388382,30.039101243019104,26.039101243019104,1,50.0,0.046656,0.0
MASS1733,2.2602280378341675,0.1506818691889445,67.00206565856934,TimesFM-3.0-PyTorch,24.0,FORRO EXTENSOR PARA PENE TRASPARENTE VIBRADOR RECARGABLE,0.05,1.0,0.0,64.74183762073517,67.00206565856934,43.002065658569336,44,44.0,2.2,0.0
MASS1734,3.9682021737098694,0.26454681158065796,75.08195638656616,TimesFM-3.0-PyTorch,147.0,FORRO PARA PENE TEXTURIZADO CON BALA VIBRADORA,0.0333,40.0,0.0,71.11375421285629,75.08195638656616,0.0,0,0.0,0.0,0.0
MASS1735,21.523789405822754,1.434919293721517,178.3114709854126,TimesFM-3.0-PyTorch,0.0,,0.1148,300.0,0.0,156.78768157958984,178.3114709854126,178.3114709854126,1,300.0,0.1148,0.0
MASS1736,0.0,0.0,4.547661900520325,TimesFM-3.0-PyTorch,45.0,PISO VINIL AUTOADHESIVO HHYM3024 ALTO TRAFICO 2MM GROSOR 914.4MM*152.4MM,0.05,1.0,0.0,4.547661900520325,4.547661900520325,0.0,0,0.0,0.0,0.0
MASS1737,0.02553272247314453,0.0017021814982096353,0.2408505082130432,TimesFM-3.0-PyTorch,0.0,,0.05,1.0,0.0,0.21531778573989868,0.2408505082130432,0.2408505082130432,1,1.0,0.05,0.0
MASS1738,0.06669896841049194,0.004446597894032797,2.274340569972992,TimesFM-3.0-PyTorch,0.0,,0.013794,1.0,0.0,2.2076416015625,2.274340569972992,2.274340569972992,3,3.0,0.041382,0.0
MASS1739,0.7541017532348633,0.05027345021565755,218.8154101371765,TimesFM-3.0-PyTorch,8.0,WALL PANEL 3D 1MM DE GROSOR 500MM*500MM D088 BLANCO,0.05,50.0,0.0,218.06130838394165,218.8154101371765,210.8154101371765,5,250.0,0.25,0.0
MASS1740,2.367072105407715,0.157804807027181,258.80504322052,TimesFM-3.0-PyTorch,87.0,WALL PANEL 3D 1MM DE GROSOR 500MM*500MM D088 NEGRO,0.05,50.0,0.0,256.4379711151123,258.80504322052,171.80504322052002,4,200.0,0.2,0.0
MASS1741,0.1934525966644287,0.012896839777628582,194.58279991149902,TimesFM-3.0-PyTorch,466.0,WALL PANEL 3D 1MM DE GROSOR 500MM*500MM D017 BLANCO,0.0625,50.0,0.0,194.3893473148346,194.58279991149902,0.0,0,0.0,0.0,0.0
MASS1742,0.0,0.0,375.3340816497803,TimesFM-3.0-PyTorch,172.0,WALL PANEL 3D 1MM DE GROSOR 500MM*500MM D017 NEGRO,0.05,50.0,0.0,375.3340816497803,375.3340816497803,203.33408164978027,5,250.0,0.25,0.0
MASS1743,0.6936326026916504,0.046242173512776694,313.63197898864746,TimesFM-3.0-PyTorch,737.0,WALL PANEL HYYC073 BLANCO,0.05,14.0,0.0,312.9383463859558,313.63197898864746,0.0,0,0.0,0.0,0.0
MASS1744,0.036771029233932495,0.002451401948928833,0.11819764971733093,TimesFM-3.0-PyTorch,0.0,,0.05,1.0,0.0,0.08142662048339844,0.11819764971733093,0.11819764971733093,1,1.0,0.05,0.0
MASS1745,64.87041783332825,4.3246945222218836,463.07559394836426,TimesFM-3.0-PyTorch,8.0,ROLLO PANEL DECORATIVO BD871 NEGRO CON BLANCO,0.05,1.0,0.0,398.205176115036,463.07559394836426,455.07559394836426,456,456.0,22.8,0.0
MASS1746,132.5250120162964,8.835000801086426,495.09898376464844,TimesFM-3.0-PyTorch,79.0,ROLLO PANEL DECORATIVO BD928 GRIS,0.05,1.0,0.0,362.57397174835205,495.09898376464844,416.09898376464844,417,417.0,20.85,0.0
MASS1747,127.23857402801514,8.482571601867676,484.25610542297363,TimesFM-3.0-PyTorch,145.0,ROLLO PANEL DECORATIVO BD771 BLANCO,0.05,1.0,0.0,357.0175313949585,484.25610542297363,339.25610542297363,340,340.0,17.0,0.0
MASS1748,0.01988297700881958,0.001325531800587972,0.1142759919166565,TimesFM-3.0-PyTorch,0.0,,0.05,1.0,0.0,0.09439301490783691,0.1142759919166565,0.1142759919166565,1,1.0,0.05,0.0
MASS1749,0.19743859767913818,0.013162573178609213,0.7619510889053345,TimesFM-3.0-PyTorch,0.0,,0.05,1.0,0.0,0.5645124912261963,0.7619510889053345,0.7619510889053345,1,1.0,0.05,0.0
MASS1750,10.75527811050415,0.7170185407002767,538.1862640380859,TimesFM-3.0-PyTorch,785.0,FOAMI 3D 70CM*77CM PSHS-1-01 ACANALADO BLANCO,0.05,1.0,0.0,527.4309859275818,538.1862640380859,0.0,0,0.0,0.0,0.0
MASS1751,0.4459221363067627,0.029728142420450847,12.812344312667847,TimesFM-3.0-PyTorch,0.0,FOAMI 3D 70CM*77CM PSHS-6-01 ACANALADO AMARILLO,0.05,1.0,0.0,12.366422176361084,12.812344312667847,12.812344312667847,13,13.0,0.65,0.0
MASS1752,0.49550509452819824,0.03303367296854655,44.06128656864166,TimesFM-3.0-PyTorch,559.0,FOAMI 3D 70CM*77CM PSHS-7-01 ACANALADO ROSA PASTEL,0.05,1.0,0.0,43.565781474113464,44.06128656864166,0.0,0,0.0,0.0,0.0
MASS1753,3.894949436187744,0.2596632957458496,388.17313385009766,TimesFM-3.0-PyTorch,0.0,FOAMI 3D 70CM*77CM PSHS-8-01 ACANALADO GRIS,0.05,1.0,0.0,384.2781844139099,388.17313385009766,388.17313385009766,389,389.0,19.450000000000003,0.0
MASS1754,49.03126239776611,3.2687508265177407,714.2127304077148,TimesFM-3.0-PyTorch,775.0,FOAMI 3D 70CM*77CM PSHS-9-01 ACANALADO NEGRO,0.05,1.0,0.0,665.1814680099487,714.2127304077148,0.0,0,0.0,0.0,0.0
MASS1756,0.06531143188476562,0.004354095458984375,82.49914264678955,TimesFM-3.0-PyTorch,564.0,FOAMI 3D 70CM*77CM PSHS-11-01 ACANALADO MARRON CLARO,0.05,1.0,0.0,82.43383121490479,82.49914264678955,0.0,0,0.0,0.0,0.0
MASS1757,0.18452394008636475,0.01230159600575765,60.15623903274536,TimesFM-3.0-PyTorch,0.0,,0.05,1.0,0.0,59.971715092659,60.15623903274536,60.15623903274536,61,61.0,3.0500000000000003,0.0
MASS1758,0.5356823801994324,0.03571215867996216,103.3053035736084,TimesFM-3.0-PyTorch,41.0,BALA COLORES PASTELES AZUL YCAS4301,0.05,1.0,0.0,102.76962119340897,103.3053035736084,62.3053035736084,63,63.0,3.1500000000000004,0.0
MASS1759,0.6191819310188293,0.04127879540125529,110.50775480270386,TimesFM-3.0-PyTorch,37.0,BALA COLORES PASTELES ROJO YCAS4301,0.05,1.0,0.0,109.88857287168503,110.50775480270386,73.50775480270386,74,74.0,3.7,0.0
MASS1760,7.607388854026794,0.5071592569351197,129.16871547698975,TimesFM-3.0-PyTorch,94.0,CONSOLADOR ANAL 14CM CON VENTOSA ADHERENTE,0.05,150.0,0.0,121.56132662296295,129.16871547698975,35.168715476989746,1,150.0,0.05,0.0
MASS1761,0.09336376190185547,0.006224250793457032,3.533135235309601,TimesFM-3.0-PyTorch,0.0,,0.05,1.0,0.0,3.4397714734077454,3.533135235309601,3.533135235309601,4,4.0,0.2,0.0
MASS1762,0.019483134150505066,0.001298875610033671,1.2155215069651604,TimesFM-3.0-PyTorch,0.0,,0.05,1.0,0.0,1.1960383728146553,1.2155215069651604,1.2155215069651604,2,2.0,0.1,0.0
MASS1765,0.0804297924041748,0.00536198616027832,0.23631423711776733,TimesFM-3.0-PyTorch,0.0,,0.05,1.0,0.0,0.15588444471359253,0.23631423711776733,0.23631423711776733,1,1.0,0.05,0.0
MASS1766,0.0,0.0,796.9052658081055,TimesFM-3.0-PyTorch,933.0,BOLSAS DE MASSHOPPING AZULES,0.05,1.0,0.0,796.9052658081055,796.9052658081055,0.0,0,0.0,0.0,0.0
MASS1767,0.0024886131286621094,0.0001659075419108073,0.0782022476196289,TimesFM-3.0-PyTorch,0.0,,0.05,1.0,0.0,0.0757136344909668,0.0782022476196289,0.0782022476196289,1,1.0,0.05,0.0
MASS1768,0.0,0.0,0.010187603533267975,TimesFM-3.0-PyTorch,0.0,,0.05,1.0,0.0,0.010187603533267975,0.010187603533267975,0.010187603533267975,1,1.0,0.05,0.0
MASS1769,0.0001413188874721527,9.42125916481018e-06,0.0024099615402519703,TimesFM-3.0-PyTorch,0.0,,0.05,1.0,0.0,0.0022686426527798176,0.0024099615402519703,0.0024099615402519703,1,1.0,0.05,0.0
MASS1770,0.0001413188874721527,9.42125916481018e-06,0.0024099615402519703,TimesFM-3.0-PyTorch,0.0,,0.05,1.0,0.0,0.0022686426527798176,0.0024099615402519703,0.0024099615402519703,1,1.0,0.05,0.0
MASS1771,0.0002826377749443054,1.884251832962036e-05,0.004819923080503941,TimesFM-3.0-PyTorch,0.0,,0.05,1.0,0.0,0.004537285305559635,0.004819923080503941,0.004819923080503941,1,1.0,0.05,0.0
MASS1772,0.0,0.0,0.00679033063352108,TimesFM-3.0-PyTorch,0.0,,0.05,1.0,0.0,0.00679033063352108,0.00679033063352108,0.00679033063352108,1,1.0,0.05,0.0
MASS1773,0.0001413188874721527,9.42125916481018e-06,0.0024099615402519703,TimesFM-3.0-PyTorch,0.0,,0.05,1.0,0.0,0.0022686426527798176,0.0024099615402519703,0.0024099615402519703,1,1.0,0.05,0.0
MASS1774,0.0001413188874721527,9.42125916481018e-06,0.0024099615402519703,TimesFM-3.0-PyTorch,0.0,,0.05,1.0,0.0,0.0022686426527798176,0.0024099615402519703,0.0024099615402519703,1,1.0,0.05,0.0
MASS1775,0.0001413188874721527,9.42125916481018e-06,0.0024099615402519703,TimesFM-3.0-PyTorch,0.0,,0.05,1.0,0.0,0.0022686426527798176,0.0024099615402519703,0.0024099615402519703,1,1.0,0.05,0.0
MASS1777,9.628833770751953,0.6419222513834636,515.291088104248,TimesFM-3.0-PyTorch,537.0,WALL PANEL HYYC045 GRIS OSCURO 290*168*23,0.05,14.0,0.0,505.6622543334961,515.291088104248,0.0,0,0.0,0.0,0.0
MASS1778,8.534902095794678,0.5689934730529785,350.4454936981201,TimesFM-3.0-PyTorch,91.0,WALL PANEL HYYC018 COLOR MADERA 290*168*23,0.05,14.0,0.0,341.91059160232544,350.4454936981201,259.4454936981201,19,266.0,0.9500000000000001,0.0
MASS1779,0.03560996055603027,0.002373997370402018,0.09664452075958252,TimesFM-3.0-PyTorch,0.0,,0.05,1.0,0.0,0.061034560203552246,0.09664452075958252,0.09664452075958252,1,1.0,0.05,0.0
MASS1780,0.0009144432842731476,6.096288561820984e-05,0.01871919259428978,TimesFM-3.0-PyTorch,0.0,,0.05,1.0,0.0,0.017804749310016632,0.01871919259428978,0.01871919259428978,1,1.0,0.05,0.0
MASS1781,37.97468185424805,2.5316454569498696,216.0913543701172,TimesFM-3.0-PyTorch,236.0,CONSOLADOR REALISTICO CON CHUPON INFLABLE,0.051408,50.0,0.0,178.11667251586914,216.0913543701172,0.0,0,0.0,0.0,0.0
MASS1782,0.0002826377749443054,1.884251832962036e-05,0.004819923080503941,TimesFM-3.0-PyTorch,0.0,,0.05,1.0,0.0,0.004537285305559635,0.004819923080503941,0.004819923080503941,1,1.0,0.05,0.0
MASS1783,0.0,0.0,0.01915057748556137,TimesFM-3.0-PyTorch,0.0,,0.05,1.0,0.0,0.01915057748556137,0.01915057748556137,0.01915057748556137,1,1.0,0.05,0.0
MASS1784,4.94514274597168,0.32967618306477864,206.10897064208984,TimesFM-3.0-PyTorch,0.0,,0.05,10.0,0.0,201.16382789611816,206.10897064208984,206.10897064208984,21,210.0,1.05,0.0
MASS1785,0.093483567237854,0.006232237815856934,33.63451564311981,TimesFM-3.0-PyTorch,0.0,,0.05,10.0,0.0,33.54103207588196,33.63451564311981,33.63451564311981,4,40.0,0.2,0.0
MASS1786,0.15219902992248535,0.010146601994832357,76.50635600090027,TimesFM-3.0-PyTorch,2.0,ALMOHADA DE GEL 35 X 55 CM,0.55,100.0,0.0,76.35415697097778,76.50635600090027,74.50635600090027,1,100.0,0.55,0.0
MASS1787,33.33045053482056,2.222030035654704,390.8795642852783,TimesFM-3.0-PyTorch,3.0,CONSOLA NINTENDO GAME STICK RETRO INALAMBRICO M8 64GB +1000 JUEGOS,0.098499384,40.0,0.0,357.54911375045776,390.8795642852783,387.8795642852783,10,400.0,0.98499384,0.0
MASS1788,5.875338554382324,0.39168923695882163,122.31436920166016,TimesFM-3.0-PyTorch,0.0,,0.05751,48.0,0.0,116.43903064727783,122.31436920166016,122.31436920166016,3,144.0,0.17253,0.0
MASS1789,0.4396028518676758,0.029306856791178386,58.87198185920715,TimesFM-3.0-PyTorch,0.0,,0.05,1.0,0.0,58.43237900733948,58.87198185920715,58.87198185920715,59,59.0,2.95,0.0
MASS1790,19.235978662967682,1.2823985775311788,107.47860193252563,TimesFM-3.0-PyTorch,0.0,,0.05,1.0,0.0,88.24262326955795,107.47860193252563,107.47860193252563,108,108.0,5.4,0.0
MASS1791,0.20791757106781006,0.01386117140452067,58.916449308395386,TimesFM-3.0-PyTorch,0.0,,0.05,1.0,0.0,58.708531737327576,58.916449308395386,58.916449308395386,59,59.0,2.95,0.0
MASS1792,4.437619686126709,0.29584131240844724,191.78513145446777,TimesFM-3.0-PyTorch,0.0,,0.05,1.0,0.0,187.34751176834106,191.78513145446777,191.78513145446777,192,192.0,9.600000000000001,0.0
MASS1793,0.03489208221435547,0.0023261388142903645,23.937111377716064,TimesFM-3.0-PyTorch,0.0,,0.05,1.0,0.0,23.90221929550171,23.937111377716064,23.937111377716064,24,24.0,1.2000000000000002,0.0
MASS1794,10.035760164260864,0.6690506776173909,172.80334091186523,TimesFM-3.0-PyTorch,0.0,,0.076908,30.0,0.0,162.76758074760437,172.80334091186523,172.80334091186523,6,180.0,0.461448,0.0
MASS1795,134.3427815437317,8.956185436248779,672.3829002380371,TimesFM-3.0-PyTorch,100.0,REFLECTOR SOLAR DE PARED PARA EXTERIORES CON SENSOR DE MOVIMIENTO,0.087556,100.0,0.0,538.0401186943054,672.3829002380371,572.3829002380371,6,600.0,0.525336,0.0
MASS1796,0.07677507400512695,0.005118338267008463,8.25350022315979,TimesFM-3.0-PyTorch,0.0,,0.0468,200.0,0.0,8.176725149154663,8.25350022315979,8.25350022315979,1,200.0,0.0468,0.0
MASS1797,1.2567696571350098,0.08378464380900065,93.53632068634033,TimesFM-3.0-PyTorch,0.0,,0.054756,96.0,0.0,92.27955102920532,93.53632068634033,93.53632068634033,1,96.0,0.054756,0.0
MASS1798,1.2018628120422363,0.08012418746948242,121.88785934448242,TimesFM-3.0-PyTorch,240.0,ANTORCHA SOLAR DE LLAMA LED IMPERMIABLE PARA JARDIN DECORACION,0.104412,96.0,0.0,120.68599653244019,121.88785934448242,0.0,0,0.0,0.0,0.0
MASS1799,38.46876049041748,2.5645840326944986,145.63799285888672,TimesFM-3.0-PyTorch,1.0,CARGADOR PANEL SOLAR 6W 6V,0.06944,100.0,0.0,107.16923236846924,145.63799285888672,144.63799285888672,2,200.0,0.13888,0.0
MASS1800,0.8688840866088867,0.05792560577392578,87.64531826972961,TimesFM-3.0-PyTorch,1.0,AUDIFONO INALAMBRICO RECARGABLE M41,0.05,100.0,0.0,86.77643418312073,87.64531826972961,86.64531826972961,1,100.0,0.05,0.0
MASS1801,15.294228553771973,1.0196152369181315,247.12750601768494,TimesFM-3.0-PyTorch,1.0,RELOJ INTELIGENTE S16 NEGRO + CORREA ADICIONAL,0.056448,100.0,0.0,231.83327746391296,247.12750601768494,246.12750601768494,3,300.0,0.169344,0.0
MASS1802,0.7004460096359253,0.04669640064239502,50.10323405265808,TimesFM-3.0-PyTorch,0.0,,0.05,1.0,0.0,49.402788043022156,50.10323405265808,50.10323405265808,51,51.0,2.5500000000000003,0.0
MASS1803,12.254329323768616,0.8169552882512411,150.91577625274658,TimesFM-3.0-PyTorch,263.0,CASE EXTERNO USB 2.0 TRASPARENTE,0.06784,100.0,0.0,138.66144692897797,150.91577625274658,0.0,0,0.0,0.0,0.0
MASS1804,0.09362339973449707,0.006241559982299805,32.52067971229553,TimesFM-3.0-PyTorch,0.0,,0.18054,60.0,0.0,32.427056312561035,32.52067971229553,32.52067971229553,1,60.0,0.18054,0.0
MASS1805,1.3601789474487305,0.09067859649658203,59.05598044395447,TimesFM-3.0-PyTorch,0.0,,0.0982452,20.0,0.0,57.69580149650574,59.05598044395447,59.05598044395447,3,60.0,0.2947356,0.0
MASS1806,9.497185468673706,0.6331456979115804,243.19108295440674,TimesFM-3.0-PyTorch,1.0,CAMARA DE SEGURIDAD DOBLE ROBOTICA 360° GRADOS HD MICRO SD WIFFI,0.08598735,50.0,0.0,233.69389748573303,243.19108295440674,242.19108295440674,5,250.0,0.42993675000000003,0.0
MASS1807,4.2215718030929565,0.28143812020619713,89.45112419128418,TimesFM-3.0-PyTorch,33.0,VENTILADOR PORTATIL 3 EN 1 BLANCO ENFRIADOR HUMIDIFICADOR LUZ LED,0.05,1.0,0.0,85.22955238819122,89.45112419128418,56.45112419128418,57,57.0,2.85,0.0
MASS1808,0.01951390504837036,0.0013009270032246908,5.593132257461548,TimesFM-3.0-PyTorch,0.0,,0.05,1.0,0.0,5.5736183524131775,5.593132257461548,5.593132257461548,6,6.0,0.30000000000000004,0.0
MASS1809,0.035829246044158936,0.002388616402943929,14.92668604850769,TimesFM-3.0-PyTorch,0.0,,0.05,1.0,0.0,14.890856802463531,14.92668604850769,14.92668604850769,15,15.0,0.75,0.0
MASS1810,12.405429601669312,0.8270286401112874,62.89306640625,TimesFM-3.0-PyTorch,6.0,SET DE CUCHILLOS 5 PIEZAS NEGRO,0.1026,50.0,0.0,50.48763680458069,62.89306640625,56.89306640625,2,100.0,0.2052,0.0
MASS1811,0.09430301189422607,0.0062868674596150715,21.69033581018448,TimesFM-3.0-PyTorch,0.0,,0.05,1.0,0.0,21.596032798290253,21.69033581018448,21.69033581018448,22,22.0,1.1,0.0
MASS1812,0.2822754383087158,0.018818362553914388,44.31141638755798,TimesFM-3.0-PyTorch,0.0,,0.05,1.0,0.0,44.02914094924927,44.31141638755798,44.31141638755798,45,45.0,2.25,0.0
MASS1813,1.0346906185150146,0.06897937456766765,91.28087043762207,TimesFM-3.0-PyTorch,0.0,,0.05,1.0,0.0,90.24617981910706,91.28087043762207,91.28087043762207,92,92.0,4.6000000000000005,0.0
MASS1814,0.00791136920452118,0.0005274246136347453,0.04300983250141144,TimesFM-3.0-PyTorch,0.0,,0.05,1.0,0.0,0.03509846329689026,0.04300983250141144,0.04300983250141144,1,1.0,0.05,0.0
MASS1815,0.045285701751708984,0.0030190467834472655,104.29672574996948,TimesFM-3.0-PyTorch,0.0,,0.0441,100.0,0.0,104.25144004821777,104.29672574996948,104.29672574996948,2,200.0,0.0882,0.0
MASS1816,4.2319297790527344e-05,2.8212865193684897e-06,0.16591531038284302,TimesFM-3.0-PyTorch,0.0,,0.05,1.0,0.0,0.1658729910850525,0.16591531038284302,0.16591531038284302,1,1.0,0.05,0.0
MASS1817,0.0,0.0,10.431790113449097,TimesFM-3.0-PyTorch,1.0,RELOJ INTELIGENTE SMARTWATCH T900 ULTRA BLANCO,0.05,1.0,0.0,10.431790113449097,10.431790113449097,9.431790113449097,10,10.0,0.5,0.0
MASS1818,0.8497209548950195,0.05664806365966797,211.45046377182007,TimesFM-3.0-PyTorch,0.0,,0.073765125,100.0,0.0,210.60074281692505,211.45046377182007,211.45046377182007,3,300.0,0.22129537500000002,0.0
MASS1819,0.49294257164001465,0.03286283810933431,62.65180420875549,TimesFM-3.0-PyTorch,3.0,RELOJ INTELIGENTE SMARTWATCH S100 NEGRO 7 CORREAS,0.073765125,100.0,0.0,62.15886163711548,62.65180420875549,59.65180420875549,1,100.0,0.073765125,0.0
MASS1820,13.071145057678223,0.8714096705118816,383.28516006469727,TimesFM-3.0-PyTorch,2.0,RELOJ INTELIGENTE SMARTWATCH H92 Ultra 3,0.1053,50.0,0.0,370.21401500701904,383.28516006469727,381.28516006469727,8,400.0,0.8424,0.0
MASS1821,0.08661937713623047,0.0057746251424153645,28.259246826171875,TimesFM-3.0-PyTorch,3.0,AUDIFONO GQ-11 PLATEADO,0.06625,100.0,0.0,28.172627449035645,28.259246826171875,25.259246826171875,1,100.0,0.06625,0.0
MASS1822,0.006178855895996094,0.0004119237263997396,1.1322314739227295,TimesFM-3.0-PyTorch,0.0,,0.06625,100.0,0.0,1.1260526180267334,1.1322314739227295,1.1322314739227295,1,100.0,0.06625,0.0
MASS1823,35.024896025657654,2.334993068377177,301.0029921531677,TimesFM-3.0-PyTorch,0.0,,0.0768,100.0,0.0,265.97809612751007,301.0029921531677,301.0029921531677,4,400.0,0.3072,0.0
MASS1824,0.016886413097381592,0.0011257608731587729,22.296838581562042,TimesFM-3.0-PyTorch,0.0,,0.05,1.0,0.0,22.27995216846466,22.296838581562042,22.296838581562042,23,23.0,1.1500000000000001,0.0
MASS1825,1.1368554830551147,0.07579036553700765,107.15713858604431,TimesFM-3.0-PyTorch,0.0,,0.05,1.0,0.0,106.0202831029892,107.15713858604431,107.15713858604431,108,108.0,5.4,0.0
MASS1826,2.4649161100387573,0.1643277406692505,69.4277114868164,TimesFM-3.0-PyTorch,6.0,PROTECTOR DRENAJE DE SILICONA PARA DUCHA GRIS,0.00495,100.0,0.0,66.96279537677765,69.4277114868164,63.427711486816406,1,100.0,0.00495,0.0
MASS1827,0.027629613876342773,0.0018419742584228516,19.09707498550415,TimesFM-3.0-PyTorch,1.0,PROTECTOR DRENAJE DE SILICONA PARA DUCHA BLANCO,0.05,1.0,0.0,19.069445371627808,19.09707498550415,18.09707498550415,19,19.0,0.9500000000000001,0.0
MASS1828,3.043209195137024,0.20288061300913493,61.707905292510986,TimesFM-3.0-PyTorch,32.0,GRIPPY VARIADOS,0.05,1.0,0.0,58.66469609737396,61.707905292510986,29.707905292510986,30,30.0,1.5,0.0
MASS1829,25.228182196617126,1.6818788131078084,99.74528169631958,TimesFM-3.0-PyTorch,19.0,GLUCOMETRO SINOCARE,0.034425,30.0,0.0,74.51709949970245,99.74528169631958,80.74528169631958,3,90.0,0.10327499999999999,0.0
MASS1830,4.806858777999878,0.3204572518666585,75.42988681793213,TimesFM-3.0-PyTorch,32.0,JUEGO DADO*53 16JG/BT B20616-6,0.03746875,12.0,0.0,70.62302803993225,75.42988681793213,43.42988681793213,4,48.0,0.149875,0.0
MASS1831,0.5866377353668213,0.03910918235778808,1.6884499788284302,TimesFM-3.0-PyTorch,0.0,,0.05,14.0,0.0,1.1018122434616089,1.6884499788284302,1.6884499788284302,1,14.0,0.05,0.0
MASS1832,0.874201774597168,0.05828011830647786,1.754599690437317,TimesFM-3.0-PyTorch,0.0,,0.05,14.0,0.0,0.8803979158401489,1.754599690437317,1.754599690437317,1,14.0,0.05,0.0
MASS1833,0.002214789390563965,0.00014765262603759765,0.2672722339630127,TimesFM-3.0-PyTorch,93.0,WALL PANEL PASTEL GREEN 290*168*23,0.05,14.0,0.0,0.26505744457244873,0.2672722339630127,0.0,0,0.0,0.0,0.0
MASS1834,0.9013396501541138,0.060089310010274254,1.7497544288635254,TimesFM-3.0-PyTorch,0.0,,0.05,14.0,0.0,0.8484147787094116,1.7497544288635254,1.7497544288635254,1,14.0,0.05,0.0
MASS1835,13.761587858200073,0.9174391905466716,305.36034393310547,TimesFM-3.0-PyTorch,36.0,WALL PANEL HYYC025 290*168*23,0.05,14.0,0.0,291.5987560749054,305.36034393310547,269.36034393310547,20,280.0,1.0,0.0
MASS1836,101.97938394546509,6.79862559636434,802.026065826416,TimesFM-3.0-PyTorch,70.0,"ROLLO PANEL DECORATIVO JQ-90527D1 1,2m x 3m",0.05,10.0,0.0,700.0466818809509,802.026065826416,732.026065826416,74,740.0,3.7,0.0
MASS1837,10.453924179077148,0.6969282786051433,540.462028503418,TimesFM-3.0-PyTorch,267.0,"ROLLO PANEL DECORATIVO JQ-F-008 1,2m x 3m",0.05,10.0,0.0,530.0081043243408,540.462028503418,273.46202850341797,28,280.0,1.4000000000000001,0.0
MASS1838,0.0,0.0,292.59724140167236,TimesFM-3.0-PyTorch,319.0,"ROLLO PANEL DECORATIVO JQ-F-014 1,2m x 3m",0.05,10.0,0.0,292.59724140167236,292.59724140167236,0.0,0,0.0,0.0,0.0
MASS1839,0.3623640537261963,0.024157603581746418,227.7342185974121,TimesFM-3.0-PyTorch,241.0,"ROLLO PANEL DECORATIVO JQ-H-002 1,2m x 3m",0.05,10.0,0.0,227.3718545436859,227.7342185974121,0.0,0,0.0,0.0,0.0
MASS1840,0.6581299304962158,0.04387532869974772,221.68840980529785,TimesFM-3.0-PyTorch,256.0,"ROLLO PANEL DECORATIVO JQ-YP-03 1,2m x 3m",0.05,10.0,0.0,221.03027987480164,221.68840980529785,0.0,0,0.0,0.0,0.0
MASS1841,4.141250371932983,0.2760833581288656,682.2212944030762,TimesFM-3.0-PyTorch,231.0,"ROLLO PANEL DECORATIVO JQ-YP-160 1,2m x 3m",0.05,10.0,0.0,678.0800440311432,682.2212944030762,451.2212944030762,46,460.0,2.3000000000000003,0.0
MASS1842,35.13245439529419,2.342163626352946,622.4230499267578,TimesFM-3.0-PyTorch,58.0,"ROLLO PANEL DECORATIVO JQ-YP-162 1,2m x 3m",0.05,10.0,0.0,587.2905955314636,622.4230499267578,564.4230499267578,57,570.0,2.85,0.0
MASS1843,1.9630887508392334,0.13087258338928223,329.0310459136963,TimesFM-3.0-PyTorch,236.0,"ROLLO PANEL DECORATIVO JQ-YP-164 1,2m x 3m",0.05,10.0,0.0,327.06795716285706,329.0310459136963,93.03104591369629,10,100.0,0.5,0.0
MASS1844,0.0023712515830993652,0.000158083438873291,4.776676654815674,TimesFM-3.0-PyTorch,0.0,,0.05,1.0,0.0,4.7743054032325745,4.776676654815674,4.776676654815674,5,5.0,0.25,0.0
MASS1845,0.023554883897304535,0.0015703255931536356,0.06254879385232925,TimesFM-3.0-PyTorch,0.0,,0.05,1.0,0.0,0.03899390995502472,0.06254879385232925,0.06254879385232925,1,1.0,0.05,0.0
MASS1846,0.0015403088182210922,0.00010268725454807282,0.009272599592804909,TimesFM-3.0-PyTorch,0.0,,0.05,1.0,0.0,0.0077322907745838165,0.009272599592804909,0.009272599592804909,1,1.0,0.05,0.0
MASS1847,0.008642703294754028,0.0005761802196502686,0.08859887719154358,TimesFM-3.0-PyTorch,1.0,CARGADOR DE CARRO APPLE 20W,0.05,1.0,0.0,0.07995617389678955,0.08859887719154358,0.0,0,0.0,0.0,0.0
MASS1848,0.0,0.0,2.883809447288513,TimesFM-3.0-PyTorch,0.0,,0.05,1.0,0.0,2.883809447288513,2.883809447288513,2.883809447288513,3,3.0,0.15000000000000002,0.0
MASS1849,0.003136575222015381,0.00020910501480102538,0.10815322399139404,TimesFM-3.0-PyTorch,0.0,,0.05,1.0,0.0,0.10501664876937866,0.10815322399139404,0.10815322399139404,1,1.0,0.05,0.0
MASS1850,0.0002797916531562805,1.8652776877085368e-05,0.03428252786397934,TimesFM-3.0-PyTorch,0.0,,0.05,1.0,0.0,0.03400273621082306,0.03428252786397934,0.03428252786397934,1,1.0,0.05,0.0
MASS1851,0.00020514428615570068,1.3676285743713378e-05,0.015290144830942154,TimesFM-3.0-PyTorch,0.0,,0.05,1.0,0.0,0.015085000544786453,0.015290144830942154,0.015290144830942154,1,1.0,0.05,0.0
MASS1852,0.002472802996635437,0.00016485353310902913,0.016348443925380707,TimesFM-3.0-PyTorch,0.0,,0.05,1.0,0.0,0.01387564092874527,0.016348443925380707,0.016348443925380707,1,1.0,0.05,0.0
MASS1853,0.0036350861191749573,0.00024233907461166382,0.01924658566713333,TimesFM-3.0-PyTorch,0.0,,0.05,1.0,0.0,0.015611499547958374,0.01924658566713333,0.01924658566713333,1,1.0,0.05,0.0
MASS1854,0.018190979957580566,0.0012127319971720377,0.3313177824020386,TimesFM-3.0-PyTorch,2.0,RELOJ INTELIGENTE SMARTWATCH S100 ROSADO 7 CORREAS,0.05,1.0,0.0,0.313126802444458,0.3313177824020386,0.0,0,0.0,0.0,0.0
MASS1855,0.0028711557388305664,0.00019141038258870444,0.12881708145141602,TimesFM-3.0-PyTorch,0.0,,0.05,1.0,0.0,0.12594592571258545,0.12881708145141602,0.12881708145141602,1,1.0,0.05,0.0
MASS1856,0.004137516021728516,0.0002758344014485677,120.90003895759583,TimesFM-3.0-PyTorch,1.0,RELOJ INTELIGENTE S9 GRIS INCLUYE 3 CORREAS,0.05,1.0,0.0,120.8959014415741,120.90003895759583,119.90003895759583,120,120.0,6.0,0.0
MASS1857,0.15154600143432617,0.010103066762288412,101.6938145160675,TimesFM-3.0-PyTorch,0.0,,0.05,1.0,0.0,101.54226851463318,101.6938145160675,101.6938145160675,102,102.0,5.1000000000000005,0.0
MASS1858,0.010755598545074463,0.0007170399030049641,5.7443395256996155,TimesFM-3.0-PyTorch,0.0,,0.05,1.0,0.0,5.733583927154541,5.7443395256996155,5.7443395256996155,6,6.0,0.30000000000000004,0.0
MASS1859,8.842182040214539,0.5894788026809692,55.2720160484314,TimesFM-3.0-PyTorch,2.0,SECADORA DE ROPA PORTATIL,0.15240375,12.0,0.0,46.42983400821686,55.2720160484314,53.2720160484314,5,60.0,0.76201875,0.0
MASS1860,0.0009307265281677246,6.204843521118164e-05,7.363529801368713,TimesFM-3.0-PyTorch,0.0,,0.158061,30.0,0.0,7.362599074840546,7.363529801368713,7.363529801368713,1,30.0,0.158061,0.0
MASS1861,54.49917125701904,3.6332780838012697,192.69567680358887,TimesFM-3.0-PyTorch,925.0,BATERIA HIDROJET PORTATIL 48V,0.0245,100.0,0.0,138.19650554656982,192.69567680358887,0.0,0,0.0,0.0,0.0
MASS1862,0.0006644725799560547,4.4298171997070315e-05,4.561533898115158,TimesFM-3.0-PyTorch,0.0,,0.219375,30.0,0.0,4.560869425535202,4.561533898115158,4.561533898115158,1,30.0,0.219375,0.0
MASS1863,0.0,0.0,11.439825564622879,TimesFM-3.0-PyTorch,0.0,,0.05,1.0,0.0,11.439825564622879,11.439825564622879,11.439825564622879,12,12.0,0.6000000000000001,0.0
MASS1864,0.0,0.0,20.062405467033386,TimesFM-3.0-PyTorch,0.0,,0.05,1.0,0.0,20.062405467033386,20.062405467033386,20.062405467033386,21,21.0,1.05,0.0
MASS1865,128.39408254623413,8.559605503082276,428.6653480529785,TimesFM-3.0-PyTorch,3.0,MAQUINA PARA HACER PASTA CALABACIN BLANCO,0.11322675,120.0,0.0,300.2712655067444,428.6653480529785,425.6653480529785,4,480.0,0.452907,0.0
MASS1866,0.0,0.0,0.056843727827072144,TimesFM-3.0-PyTorch,0.0,,0.113755125,20.0,0.0,0.056843727827072144,0.056843727827072144,0.056843727827072144,1,20.0,0.113755125,0.0
MASS1867,1.2074728906154633,0.08049819270769755,37.25583362579346,TimesFM-3.0-PyTorch,6.0,VASO STANLEY 40ONZ VERDE,0.05,1.0,0.0,36.048360735177994,37.25583362579346,31.255833625793457,32,32.0,1.6,0.0
MASS1868,0.5256345868110657,0.03504230578740438,29.611859798431396,TimesFM-3.0-PyTorch,0.0,,0.05,1.0,0.0,29.08622521162033,29.611859798431396,29.611859798431396,30,30.0,1.5,0.0
MASS1869,0.004346370697021484,0.00028975804646809894,10.768057376146317,TimesFM-3.0-PyTorch,0.0,,0.05,1.0,0.0,10.763711005449295,10.768057376146317,10.768057376146317,11,11.0,0.55,0.0
MASS1870,0.032454609870910645,0.0021636406580607098,26.706668317317963,TimesFM-3.0-PyTorch,0.0,,0.05,1.0,0.0,26.674213707447052,26.706668317317963,26.706668317317963,27,27.0,1.35,0.0
MASS1871,0.0,0.0,0.056843727827072144,TimesFM-3.0-PyTorch,0.0,,0.05,1.0,0.0,0.056843727827072144,0.056843727827072144,0.056843727827072144,1,1.0,0.05,0.0
MASS1872,0.00848388671875,0.0005655924479166667,17.727161288261414,TimesFM-3.0-PyTorch,0.0,,0.05,1.0,0.0,17.718677401542664,17.727161288261414,17.727161288261414,18,18.0,0.9,0.0
MASS1873,54.471980571746826,3.631465371449788,462.87766456604004,TimesFM-3.0-PyTorch,30.0,MINI MAQUINA DE COSER 12 PUNTADAS,0.09020375,6.0,0.0,408.4056839942932,462.87766456604004,432.87766456604004,73,438.0,6.58487375,0.0
MASS1874,8.213866233825684,0.5475910822550456,500.449481010437,TimesFM-3.0-PyTorch,3.0,SET DE CEPILLO SECADOR 5 EN 1,0.107415,20.0,0.0,492.2356147766113,500.449481010437,497.449481010437,25,500.0,2.685375,0.0
MASS1875,156.1603193283081,10.41068795522054,367.3917121887207,TimesFM-3.0-PyTorch,42.0,MAQUINA PARA HACER PASTA SPAGHETTI ACERO INOXIDABLE,0.03828,6.0,0.0,211.2313928604126,367.3917121887207,325.3917121887207,55,330.0,2.1054,0.0
MASS1876,0.1747661530971527,0.011651076873143514,29.0994393825531,TimesFM-3.0-PyTorch,5.0,MAQUINA FABRICADORA DE HIELO PORTATIL,0.036288,1.0,0.0,28.924673229455948,29.0994393825531,24.0994393825531,25,25.0,0.9072,0.0
MASS1877,0.0,0.0,0.021526634693145752,TimesFM-3.0-PyTorch,30.0,"MAQUINA DE SOLDAR INVERTER PORTATIL INDUSTRIAL 140 AMP 1,7KG",0.061408,4.0,0.0,0.021526634693145752,0.021526634693145752,0.0,0,0.0,0.0,0.0
MASS1878,26.127933859825134,1.7418622573216755,106.09964513778687,TimesFM-3.0-PyTorch,0.0,,0.04177125,40.0,0.0,79.97171127796173,106.09964513778687,106.09964513778687,3,120.0,0.12531375,0.0
MASS1879,0.0,0.0,29.2993922829628,TimesFM-3.0-PyTorch,15.0,PAINT ZOOM AZUL,0.324,1.0,0.0,29.2993922829628,29.2993922829628,14.299392282962799,15,15.0,4.86,0.0
MASS1880,9.21626591682434,0.6144177277882894,334.53649258613586,TimesFM-3.0-PyTorch,0.0,,0.049445,20.0,0.0,325.3202266693115,334.53649258613586,334.53649258613586,17,340.0,0.840565,0.0
MASS1881,23.72133308649063,1.581422205766042,110.21584153175354,TimesFM-3.0-PyTorch,0.0,,0.12996,20.0,0.0,86.49450844526291,110.21584153175354,110.21584153175354,6,120.0,0.77976,0.0
MASS1882,9.96142864227295,0.6640952428181967,788.5759210586548,TimesFM-3.0-PyTorch,0.0,,0.05,1.0,0.0,778.6144924163818,788.5759210586548,788.5759210586548,789,789.0,39.45,0.0
MASS1883,2.099012315273285,0.13993415435155232,58.1376793384552,TimesFM-3.0-PyTorch,0.0,,0.05,1.0,0.0,56.038667023181915,58.1376793384552,58.1376793384552,59,59.0,2.95,0.0
MASS1884,1.8970646262168884,0.1264709750811259,68.10827565193176,TimesFM-3.0-PyTorch,0.0,,0.05,1.0,0.0,66.21121102571487,68.10827565193176,68.10827565193176,69,69.0,3.45,0.0
MASS1885,34.027087450027466,2.268472496668498,263.55452060699463,TimesFM-3.0-PyTorch,99.0,RADIO BOAFENG UV-5R DOBLE BANDA UHF-VHF + MI,0.1090125,50.0,0.0,229.52743315696716,263.55452060699463,164.55452060699463,4,200.0,0.43605,0.0
MASS1886,3.2137744426727295,0.2142516295115153,175.04360055923462,TimesFM-3.0-PyTorch,1.0,"TOPE DE PUERTA DE SILICONA, TOPE MAGNETICO FUERTE",0.0392,100.0,0.0,171.8298261165619,175.04360055923462,174.04360055923462,2,200.0,0.0784,0.0
MASS1887,0.0,0.0,30.97621774673462,TimesFM-3.0-PyTorch,1.0,LONCHERA CON COMPARTIMIENTO PARA ALIMENTOS AZUL,0.1724775,60.0,0.0,30.97621774673462,30.97621774673462,29.97621774673462,1,60.0,0.1724775,0.0
MASS1888,0.0,0.0,17.207751512527466,TimesFM-3.0-PyTorch,0.0,,0.05,1.0,0.0,17.207751512527466,17.207751512527466,17.207751512527466,18,18.0,0.9,0.0
MASS1889,0.5716738402843475,0.03811158935228984,36.50425314903259,TimesFM-3.0-PyTorch,9.0,LONCHERA CON COMPARTIMIENTO PARA ALIMENTOS BLANCO,0.05,1.0,0.0,35.932579308748245,36.50425314903259,27.504253149032593,28,28.0,1.4000000000000001,0.0
MASS1890,0.0,0.0,26.178411841392517,TimesFM-3.0-PyTorch,0.0,,0.0126,12.0,0.0,26.178411841392517,26.178411841392517,26.178411841392517,3,36.0,0.0378,0.0
MASS1891,0.6599516272544861,0.043996775150299074,42.79504919052124,TimesFM-3.0-PyTorch,0.0,,0.05,1.0,0.0,42.135097563266754,42.79504919052124,42.79504919052124,43,43.0,2.15,0.0
MASS1892,0.0,0.0,8.59692794084549,TimesFM-3.0-PyTorch,0.0,,0.05,1.0,0.0,8.59692794084549,8.59692794084549,8.59692794084549,9,9.0,0.45,0.0
MASS1893,0.021004796028137207,0.0014003197352091472,5.598587363958359,TimesFM-3.0-PyTorch,0.0,,0.05,1.0,0.0,5.577582567930222,5.598587363958359,5.598587363958359,6,6.0,0.30000000000000004,0.0
MASS1894,0.0,0.0,26.601138591766357,TimesFM-3.0-PyTorch,0.0,,0.05,1.0,0.0,26.601138591766357,26.601138591766357,26.601138591766357,27,27.0,1.35,0.0
MASS1895,0.01565667986869812,0.001043778657913208,13.115882515907288,TimesFM-3.0-PyTorch,0.0,,0.12177,8.0,0.0,13.10022583603859,13.115882515907288,13.115882515907288,2,16.0,0.24354,0.0
MASS1896,0.3613612651824951,0.02409075101216634,50.40772020816803,TimesFM-3.0-PyTorch,0.0,,0.144666,12.0,0.0,50.046358942985535,50.40772020816803,50.40772020816803,5,60.0,0.7233299999999999,0.0
MASS1897,0.594454824924469,0.03963032166163127,38.01851487159729,TimesFM-3.0-PyTorch,0.0,,0.136422,6.0,0.0,37.42406004667282,38.01851487159729,38.01851487159729,7,42.0,0.9549539999999999,0.0
MASS1898,64.6956148147583,4.313040987650553,368.0074100494385,TimesFM-3.0-PyTorch,83.0,CINTA IMPERMEABLE PARA REPARACION DE GRIENTAS EN TECHOS,0.0484,30.0,0.0,303.3117952346802,368.0074100494385,285.0074100494385,10,300.0,0.484,0.0
MASS1899,12.516975224018097,0.8344650149345398,55.65355587005615,TimesFM-3.0-PyTorch,0.0,,0.0429,1.0,0.0,43.136580646038055,55.65355587005615,55.65355587005615,56,56.0,2.4024,0.0
MASS1900,6.705488204956055,0.4470325469970703,134.85544395446777,TimesFM-3.0-PyTorch,0.0,,0.07,40.0,0.0,128.14995574951172,134.85544395446777,134.85544395446777,4,160.0,0.28,0.0
MASS1901,6.158570170402527,0.4105713446935018,111.19089221954346,TimesFM-3.0-PyTorch,91.0,VENTILADOR DE TECHO LED 30W 25CM CON CONTROL  REMOTO ILUMINACION REGULABLE 85-265V,0.101376,20.0,0.0,105.03232204914093,111.19089221954346,20.190892219543457,2,40.0,0.202752,0.0
MASS1902,0.1406247913837433,0.009374986092249552,37.52808690071106,TimesFM-3.0-PyTorch,40.0,VENTILADOR DE TECHO LED INTELIGENTE CON CONTROL REMOTO BASE E27 REGULABLE 30W,0.11285,16.0,0.0,37.387462109327316,37.52808690071106,0.0,0,0.0,0.0,0.0
MASS1903,6.457463800907135,0.43049758672714233,38.196635723114014,TimesFM-3.0-PyTorch,44.0,JUEGO DE ESCOBA GRUESA ANTIADHERENTE  PARA INTERIORES,0.408,32.0,0.0,31.73917192220688,38.196635723114014,0.0,0,0.0,0.0,0.0
MASS1904,395.4835796356201,26.365571975708008,3290.535369873047,TimesFM-3.0-PyTorch,0.0,,0.1242095,100.0,0.0,2895.0517902374268,3290.535369873047,3290.535369873047,33,3300.0,4.0989135,0.0
MASS1905,23.62463903427124,1.5749759356180826,340.44200468063354,TimesFM-3.0-PyTorch,0.0,,0.087185,12.0,0.0,316.8173656463623,340.44200468063354,340.44200468063354,29,348.0,2.528365,0.0
MASS1906,146.64615535736084,9.77641035715739,2749.273277282715,TimesFM-3.0-PyTorch,470.0,MASAJEADOR EMS DE ESTIRAMIENTO FACIAL  ANTIARRUGAS 7 MODOS,0.0882,60.0,0.0,2602.627121925354,2749.273277282715,2279.273277282715,38,2280.0,3.3516,0.0
MASS1907,0.44486474990844727,0.029657649993896484,211.35444688796997,TimesFM-3.0-PyTorch,0.0,,0.1121745,30.0,0.0,210.90958213806152,211.35444688796997,211.35444688796997,8,240.0,0.897396,0.0
MASS1908,53.69350528717041,3.579567019144694,249.75417518615723,TimesFM-3.0-PyTorch,0.0,,0.07252,120.0,0.0,196.06066989898682,249.75417518615723,249.75417518615723,3,360.0,0.21756,0.0
MASS1910,82.19007110595703,5.479338073730469,273.9576187133789,TimesFM-3.0-PyTorch,85.0,ESTERILIZADOR ULTRAVIOLETA PARA CEPILLO DE DIENTES BLANCO,0.134992,60.0,0.0,191.76754760742188,273.9576187133789,188.9576187133789,4,240.0,0.539968,0.0
MASS1911,12.427147209644318,0.8284764806429545,2107.993377685547,TimesFM-3.0-PyTorch,49.0,ABRELATA PORTATIL RECARGABLE,0.104832,150.0,0.0,2095.5662304759026,2107.993377685547,2058.993377685547,14,2100.0,1.4676479999999998,0.0
MASS1912,1.1887738704681396,0.07925159136454264,168.86283683776855,TimesFM-3.0-PyTorch,0.0,,0.129792,200.0,0.0,167.67406296730042,168.86283683776855,168.86283683776855,1,200.0,0.129792,0.0
MASS1913,0.31021055579185486,0.020680703719456992,33.52866232395172,TimesFM-3.0-PyTorch,171.0,DISPENSADOR DE MASA PURPURA,0.196883,48.0,0.0,33.218451768159866,33.52866232395172,0.0,0,0.0,0.0,0.0
MASS1914,0.9029017090797424,0.06019344727198283,34.27804946899414,TimesFM-3.0-PyTorch,22.0,LICUADORA PORTATIL BLANCA,0.1081235,60.0,0.0,33.3751477599144,34.27804946899414,12.27804946899414,1,60.0,0.1081235,0.0
MASS1915,0.24228671193122864,0.016152447462081908,75.58183169364929,TimesFM-3.0-PyTorch,3.0,LICUADORA PORTATIL AZUL,0.05,1.0,0.0,75.33954498171806,75.58183169364929,72.58183169364929,73,73.0,3.6500000000000004,0.0
MASS1916,1.3304601907730103,0.08869734605153402,29.530529499053955,TimesFM-3.0-PyTorch,0.0,,0.05,1.0,0.0,28.200069308280945,29.530529499053955,29.530529499053955,30,30.0,1.5,0.0
MASS1917,2.030322313308716,0.13535482088724773,144.52117156982422,TimesFM-3.0-PyTorch,248.0,PISO VINIL AUTOADHESIVO 3020  ALTO TRAFICO 2MM GROSOR 914.4MM*152.4MM,0.05,1.0,0.0,142.4908492565155,144.52117156982422,0.0,0,0.0,0.0,0.0
MASS1918,44.94013047218323,2.9960086981455487,373.94052505493164,TimesFM-3.0-PyTorch,64.0,PISO VINIL AUTOADHESIVO 3026  ALTO TRAFICO 2MM GROSOR 914.4MM*152.4MM,0.05,1.0,0.0,329.0003945827484,373.94052505493164,309.94052505493164,310,310.0,15.5,0.0
MASS1919,61.32986044883728,4.088657363255819,280.18759298324585,TimesFM-3.0-PyTorch,0.0,,0.130626,100.0,0.0,218.85773253440857,280.18759298324585,280.18759298324585,3,300.0,0.39187799999999995,0.0
MASS1920,0.2654522657394409,0.017696817715962727,41.24254488945007,TimesFM-3.0-PyTorch,0.0,,0.072072,80.0,0.0,40.97709262371063,41.24254488945007,41.24254488945007,1,80.0,0.072072,0.0
MASS1921,0.1787126362323761,0.011914175748825074,15.092488646507263,TimesFM-3.0-PyTorch,18.0,SATISFYER PLUG ILICIOUS VIBRADOR ANAL CON APP,0.010125,40.0,0.0,14.913776010274887,15.092488646507263,0.0,0,0.0,0.0,0.0
MASS1922,56.63391423225403,3.7755942821502684,374.8741645812988,TimesFM-3.0-PyTorch,4.0,ESTIMULANTE SEXUAL FEMENINO POTENCIADOR DE LIBIDO Y ORGASMO,0.093138,128.0,0.0,318.2402503490448,374.8741645812988,370.8741645812988,3,384.0,0.279414,0.0
MASS1923,0.9049987196922302,0.060333247979482016,62.185622453689575,TimesFM-3.0-PyTorch,0.0,,0.075,120.0,0.0,61.280623733997345,62.185622453689575,62.185622453689575,1,120.0,0.075,0.0
MASS1924,2.3133722245693207,0.15422481497128804,46.50475716590881,TimesFM-3.0-PyTorch,0.0,,0.084,80.0,0.0,44.19138494133949,46.50475716590881,46.50475716590881,1,80.0,0.084,0.0
MASS1925,0.051975250244140625,0.0034650166829427085,21.17307621240616,TimesFM-3.0-PyTorch,0.0,,0.075,240.0,0.0,21.121100962162018,21.17307621240616,21.17307621240616,1,240.0,0.075,0.0
MASS1926,17.038277983665466,1.135885198911031,62.89846420288086,TimesFM-3.0-PyTorch,31.0,CONJUNTO LENCERIA SEXY EROTICA NEGRA,0.05,1.0,0.0,45.86018621921539,62.89846420288086,31.89846420288086,32,32.0,1.6,0.0
MASS1927,0.0,0.0,5.611262038350105,TimesFM-3.0-PyTorch,0.0,,0.05,1.0,0.0,5.611262038350105,5.611262038350105,5.611262038350105,6,6.0,0.30000000000000004,0.0
MASS1928,0.0,0.0,3.013462781906128,TimesFM-3.0-PyTorch,4.0,CONJUNTO LENCERIA SEXY EROTICA ROJA,0.05,1.0,0.0,3.013462781906128,3.013462781906128,0.0,0,0.0,0.0,0.0
MASS1929,0.010478019714355469,0.0006985346476236979,47.245586574077606,TimesFM-3.0-PyTorch,0.0,,0.13398,156.0,0.0,47.23510855436325,47.245586574077606,47.245586574077606,1,156.0,0.13398,0.0
MASS1930,4.719048231840134,0.3146032154560089,65.49245119094849,TimesFM-3.0-PyTorch,48.0,PINZAS PARA PEZONES CON CAMPANA BDSM (PURPURA),0.03666,100.0,0.0,60.77340295910835,65.49245119094849,17.492451190948486,1,100.0,0.03666,0.0
MASS1931,0.0034029483795166016,0.00022686322530110676,20.911850214004517,TimesFM-3.0-PyTorch,0.0,,0.091,75.0,0.0,20.908447265625,20.911850214004517,20.911850214004517,1,75.0,0.091,0.0
MASS1932,0.21413132548332214,0.014275421698888143,35.31464123725891,TimesFM-3.0-PyTorch,32.0,DILDO FLUORESCENTE REALISTA 18.5CM DE LARGO 14CM INSERTABLES 3.5CM DE ANCHO ROSA,0.05,1.0,0.0,35.10050991177559,35.31464123725891,3.314641237258911,4,4.0,0.2,0.0
MASS1933,1.0062615722417831,0.06708410481611887,82.61591291427612,TimesFM-3.0-PyTorch,24.0,DILDO FLUORESCENTE REALISTA 18.5CM DE LARGO 14CM INSERTABLES 3.5CM DE ANCHO PÚRPURA,0.05,1.0,0.0,81.60965134203434,82.61591291427612,58.61591291427612,59,59.0,2.95,0.0
MASS1934,0.2956208884716034,0.019708059231440225,71.9325225353241,TimesFM-3.0-PyTorch,33.0,DILDO FLUORESCENTE REALISTA 18.5CM DE LARGO 14CM INSERTABLES 3.5CM DE ANCHO VERDE,0.05,1.0,0.0,71.6369016468525,71.9325225353241,38.9325225353241,39,39.0,1.9500000000000002,0.0
MASS1935,0.28286561369895935,0.018857707579930622,107.34086990356445,TimesFM-3.0-PyTorch,34.0,DILDO FLUORESCENTE REALISTA 18.5CM DE LARGO 14CM INSERTABLES 3.5CM DE ANCHO NARANJA,0.05,1.0,0.0,107.0580042898655,107.34086990356445,73.34086990356445,74,74.0,3.7,0.0
MASS1936,0.0011729076504707336,7.819384336471558e-05,0.01170746237039566,TimesFM-3.0-PyTorch,12.0,DILDO COJIN INFLABLE CON ASIENTO Y DILDO REMOVIBLE,0.03626,1.0,0.0,0.010534554719924927,0.01170746237039566,0.0,0,0.0,0.0,0.0
MASS1937,0.002826601266860962,0.00018844008445739746,6.657867521047592,TimesFM-3.0-PyTorch,0.0,,0.05,1.0,0.0,6.655040919780731,6.657867521047592,6.657867521047592,7,7.0,0.35000000000000003,0.0
MASS1938,0.011593639850616455,0.0007729093233744303,0.57132887840271,TimesFM-3.0-PyTorch,0.0,,0.05,1.0,0.0,0.5597352385520935,0.57132887840271,0.57132887840271,1,1.0,0.05,0.0
MASS1939,0.00481356680393219,0.0003209044535954793,17.155017852783203,TimesFM-3.0-PyTorch,0.0,,0.05,1.0,0.0,17.15020428597927,17.155017852783203,17.155017852783203,18,18.0,0.9,0.0
MASS1940,0.001893758773803711,0.0001262505849202474,5.253057420253754,TimesFM-3.0-PyTorch,0.0,,0.05,1.0,0.0,5.25116366147995,5.253057420253754,5.253057420253754,6,6.0,0.30000000000000004,0.0
MASS1941,0.0012537240982055664,8.358160654703776e-05,14.431245386600494,TimesFM-3.0-PyTorch,0.0,,0.05,1.0,0.0,14.429991662502289,14.431245386600494,14.431245386600494,15,15.0,0.75,0.0
MASS1942,12.995805263519287,0.8663870175679524,63.83913040161133,TimesFM-3.0-PyTorch,7.0,"VIBRADOR DE PRÓSTATA CON CONTROL REMOTO PARA HOMBRES,",0.08928,40.0,0.0,50.84332513809204,63.83913040161133,56.83913040161133,2,80.0,0.17856,0.0
MASS1943,2.7547029554843903,0.18364686369895936,85.3246488571167,TimesFM-3.0-PyTorch,20.0,"VIBRADORES DE PUNTO G, VIBRADOR PARA HOMBRES, PUNTO G",0.0189,200.0,0.0,82.56994590163231,85.3246488571167,65.3246488571167,1,200.0,0.0189,0.0
MASS1944,0.005450785160064697,0.0003633856773376465,2.2309769690036774,TimesFM-3.0-PyTorch,0.0,,0.0108,30.0,0.0,2.2255261838436127,2.2309769690036774,2.2309769690036774,1,30.0,0.0108,0.0
MASS1945,33.911330580711365,2.2607553720474245,200.89113235473633,TimesFM-3.0-PyTorch,0.0,,0.07406,250.0,0.0,166.97980177402496,200.89113235473633,200.89113235473633,1,250.0,0.07406,0.0
MASS1947,11.67721837759018,0.7784812251726786,145.57998657226562,TimesFM-3.0-PyTorch,19.0,"MASTURBADOR CHEAP THRILLS, SUAVE Y FLEXIBLE VAGINA",0.05,1.0,0.0,133.90276819467545,145.57998657226562,126.57998657226562,127,127.0,6.3500000000000005,0.0
MASS1948,0.14411967992782593,0.009607978661855062,65.31707739830017,TimesFM-3.0-PyTorch,0.0,,0.05,1.0,0.0,65.17295771837234,65.31707739830017,65.31707739830017,66,66.0,3.3000000000000003,0.0
MASS1949,0.1619246006011963,0.010794973373413086,38.94357293844223,TimesFM-3.0-PyTorch,1.0,"JUEGO ROMÁNTICO DE DADOS, PARA DOS JUGADORES, PARA UNA FIESTA O CON UN GRUPO DE AMIGOS",0.0225,500.0,0.0,38.781648337841034,38.94357293844223,37.94357293844223,1,500.0,0.0225,0.0
MASS1950,12.598549246788025,0.8399032831192017,200.87367630004883,TimesFM-3.0-PyTorch,107.0,JUEGO DE BARAJAS 50 POSITIONS OF BONDAGE,0.0099,250.0,0.0,188.2751270532608,200.87367630004883,93.87367630004883,1,250.0,0.0099,0.0
MASS1951,0.0002329498529434204,1.5529990196228028e-05,0.08326086401939392,TimesFM-3.0-PyTorch,29.0,PLUG ANAL ADVENTURES MATRIX BY BLUSH® | SPIRAL LOOP COPPER,0.027,50.0,0.0,0.0830279141664505,0.08326086401939392,0.0,0,0.0,0.0,0.0
MASS1952,2.6310434341430664,0.17540289560953776,115.24224710464478,TimesFM-3.0-PyTorch,4.0,PLUG ANAL DE METAL CON LUCES LED,0.02448,50.0,0.0,112.61120367050171,115.24224710464478,111.24224710464478,3,150.0,0.07343999999999999,0.0
MASS1953,0.00254938006401062,0.00016995867093404134,7.097381696105003,TimesFM-3.0-PyTorch,1.0,TONGUE LICKING SLAP VIBRATOR CLITORIS STIMULATION ADULT SEX TOYS FEMALE G SPOT ORGASM ORAL SEX ROSE DILDO VIBRATOR ROSA,0.05,1.0,0.0,7.094832316040993,7.097381696105003,6.097381696105003,7,7.0,0.35000000000000003,0.0
MASS1954,0.008980602025985718,0.0005987068017323812,5.042784407734871,TimesFM-3.0-PyTorch,0.0,,0.05,1.0,0.0,5.033803805708885,5.042784407734871,5.042784407734871,6,6.0,0.30000000000000004,0.0
MASS1955,0.10347568988800049,0.0068983793258666996,4.438992261886597,TimesFM-3.0-PyTorch,0.0,,0.055,50.0,0.0,4.335516571998596,4.438992261886597,4.438992261886597,1,50.0,0.055,0.0
MASS1956,4.380726516246796,0.29204843441645306,76.20639753341675,TimesFM-3.0-PyTorch,4.0,BONDAGE ESCLAVO JUEGO CUERO AZOTES PALETAS NEGRO,0.05,1.0,0.0,71.82567101716995,76.20639753341675,72.20639753341675,73,73.0,3.6500000000000004,0.0
MASS1957,0.016846150159835815,0.0011230766773223876,117.24777555465698,TimesFM-3.0-PyTorch,15.0,BONDAGE ESCLAVO JUEGO CUERO AZOTES PALETAS ROJO,0.05,1.0,0.0,117.23092940449715,117.24777555465698,102.24777555465698,103,103.0,5.15,0.0
MASS1958,0.0,0.0,0.04011864960193634,TimesFM-3.0-PyTorch,0.0,,0.030096,20.0,0.0,0.04011864960193634,0.04011864960193634,0.04011864960193634,1,20.0,0.030096,0.0
MASS1959,0.0003994302824139595,2.6628685494263966e-05,0.00460030697286129,TimesFM-3.0-PyTorch,0.0,,0.003795,1.0,0.0,0.0042008766904473305,0.00460030697286129,0.00460030697286129,1,1.0,0.003795,0.0
MASS1961,0.003362104296684265,0.00022414028644561766,0.03900785744190216,TimesFM-3.0-PyTorch,0.0,,0.05,1.0,0.0,0.035645753145217896,0.03900785744190216,0.03900785744190216,1,1.0,0.05,0.0
MASS1962,0.0,0.0,0.023170650005340576,TimesFM-3.0-PyTorch,0.0,,0.05,1.0,0.0,0.023170650005340576,0.023170650005340576,0.023170650005340576,1,1.0,0.05,0.0
MASS1963,0.01339101791381836,0.0008927345275878906,0.09085187315940857,TimesFM-3.0-PyTorch,0.0,,0.05,1.0,0.0,0.07746085524559021,0.09085187315940857,0.09085187315940857,1,1.0,0.05,0.0
MASS1964,0.012626111507415771,0.0008417407671610515,5.196770548820496,TimesFM-3.0-PyTorch,0.0,,0.05,1.0,0.0,5.18414443731308,5.196770548820496,5.196770548820496,6,6.0,0.30000000000000004,0.0
MASS1965,0.002115398645401001,0.00014102657636006673,37.09596252441406,TimesFM-3.0-PyTorch,38.0,AZOTE DE CUERO,0.080325,80.0,0.0,37.09384712576866,37.09596252441406,0.0,0,0.0,0.0,0.0
MASS1966,0.08880250155925751,0.0059201667706171674,0.24831369519233704,TimesFM-3.0-PyTorch,46.0,"LATIGO DE CUERO DE 1,9M",0.073472,40.0,0.0,0.15951119363307953,0.24831369519233704,0.0,0,0.0,0.0,0.0
MASS1967,0.0008865073323249817,5.9100488821665444e-05,3.978276252746582,TimesFM-3.0-PyTorch,2.0,"MÁSCARA SEXY DE CUERO DE PU, ANTIFAZ DE PERRO SEXY MORADO",0.05,1.0,0.0,3.977389745414257,3.978276252746582,1.978276252746582,2,2.0,0.1,0.0
MASS1968,0.025831356644630432,0.0017220904429753622,4.447227746248245,TimesFM-3.0-PyTorch,1.0,"MÁSCARA SEXY DE CUERO DE PU, ANTIFAZ DE PERRO SEXY NEGRA",0.05,1.0,0.0,4.421396389603615,4.447227746248245,3.4472277462482452,4,4.0,0.2,0.0
MASS1969,0.03870100528001785,0.002580067018667857,9.042780816555023,TimesFM-3.0-PyTorch,5.0,"MÁSCARA SEXY DE CUERO DE PU, ANTIFAZ DE PERRO SEXY ROJO",0.05,1.0,0.0,9.004079811275005,9.042780816555023,4.042780816555023,5,5.0,0.25,0.0
MASS1970,0.0,0.0,0.060879502445459366,TimesFM-3.0-PyTorch,6.0,"MÁSCARA SEXY DE CUERO DE PU, ANTIFAZ DE PERRO SEXY CAMUFLAJE",0.05,1.0,0.0,0.060879502445459366,0.060879502445459366,0.0,0,0.0,0.0,0.0
MASS1971,0.010012388229370117,0.0006674925486246744,2.415113151073456,TimesFM-3.0-PyTorch,1.0,"MÁSCARA SEXY DE CUERO DE PU, ANTIFAZ DE PERRO SEXY ROSA",0.05,1.0,0.0,2.4051007628440857,2.415113151073456,1.4151131510734558,2,2.0,0.1,0.0
MASS1972,0.0,0.0,0.713848665356636,TimesFM-3.0-PyTorch,0.0,,0.067116,30.0,0.0,0.713848665356636,0.713848665356636,0.713848665356636,1,30.0,0.067116,0.0
MASS1973,0.0,0.0,49.41399562358856,TimesFM-3.0-PyTorch,0.0,,0.0672,30.0,0.0,49.41399562358856,49.41399562358856,49.41399562358856,2,60.0,0.1344,0.0
MASS1974,30.917386531829834,2.061159102121989,70.09281969070435,TimesFM-3.0-PyTorch,26.0,TRANSMISOR RECEPTOR DE BLUETOOTH 2 EN 1,0.05,1.0,0.0,39.17543315887451,70.09281969070435,44.092819690704346,45,45.0,2.25,0.0
MASS1975,43.61534547805786,2.9076896985371907,147.69260597229004,TimesFM-3.0-PyTorch,0.0,,0.10668875,80.0,0.0,104.07726049423218,147.69260597229004,147.69260597229004,2,160.0,0.2133775,0.0
MASS1976,120.06831765174866,8.004554510116577,535.8719711303711,TimesFM-3.0-PyTorch,101.0,MAQUINA AFEITAR KEMEI KM-1071 RECARGABLE,0.0819975,40.0,0.0,415.80365347862244,535.8719711303711,434.8719711303711,11,440.0,0.9019725000000001,0.0
MASS1977,29.49142622947693,1.9660950819651286,172.7212953567505,TimesFM-3.0-PyTorch,240.0,REPELENTE PARA ZANCUDO,0.06,80.0,0.0,143.22986912727356,172.7212953567505,0.0,0,0.0,0.0,0.0
MASS1978,0.31293541193008423,0.020862360795338947,53.02968668937683,TimesFM-3.0-PyTorch,0.0,,0.045279,20.0,0.0,52.71675127744675,53.02968668937683,53.02968668937683,3,60.0,0.13583699999999999,0.0
MASS1979,20.46373176574707,1.3642487843831381,389.44320583343506,TimesFM-3.0-PyTorch,0.0,,0.06,40.0,0.0,368.979474067688,389.44320583343506,389.44320583343506,10,400.0,0.6,0.0
MASS1980,22.03768515586853,1.4691790103912354,70.59781408309937,TimesFM-3.0-PyTorch,0.0,,0.128016,10.0,0.0,48.560128927230835,70.59781408309937,70.59781408309937,8,80.0,1.024128,0.0
MASS1981,0.012038052082061768,0.0008025368054707845,13.180609196424484,TimesFM-3.0-PyTorch,0.0,,0.144652,6.0,0.0,13.168571144342422,13.180609196424484,13.180609196424484,3,18.0,0.433956,0.0
MASS1982,4.281260788440704,0.285417385896047,39.828370809555054,TimesFM-3.0-PyTorch,9.0,Estabilizador Gimbal 3 Ejes iPhone / Android,0.05,10.0,0.0,35.54711002111435,39.828370809555054,30.828370809555054,4,40.0,0.2,0.0
MASS1983,489.4612007141113,32.63074671427409,6167.0946044921875,TimesFM-3.0-PyTorch,27.0,Pegamento Silicon Blanco Extra Fuerte Wall Panel,0.015738,24.0,0.0,5677.633403778076,6167.0946044921875,6140.0946044921875,256,6144.0,4.028928,0.0
MASS1984,0.04715454578399658,0.003143636385599772,0.424976110458374,TimesFM-3.0-PyTorch,0.0,,0.05,10.0,0.0,0.37782156467437744,0.424976110458374,0.424976110458374,1,10.0,0.05,0.0
MASS1985,0.04715454578399658,0.003143636385599772,0.424976110458374,TimesFM-3.0-PyTorch,0.0,,0.05,10.0,0.0,0.37782156467437744,0.424976110458374,0.424976110458374,1,10.0,0.05,0.0
MASS1986,0.04715454578399658,0.003143636385599772,0.424976110458374,TimesFM-3.0-PyTorch,0.0,,0.05,10.0,0.0,0.37782156467437744,0.424976110458374,0.424976110458374,1,10.0,0.05,0.0
MASS1987,0.04715454578399658,0.003143636385599772,0.424976110458374,TimesFM-3.0-PyTorch,0.0,,0.05,10.0,0.0,0.37782156467437744,0.424976110458374,0.424976110458374,1,10.0,0.05,0.0
MASS1988,0.04715454578399658,0.003143636385599772,0.424976110458374,TimesFM-3.0-PyTorch,0.0,,0.05,10.0,0.0,0.37782156467437744,0.424976110458374,0.424976110458374,1,10.0,0.05,0.0
MASS1989,1.9331555366516113,0.1288770357767741,169.91065120697021,TimesFM-3.0-PyTorch,102.0,PISO VINIL HHYM3043,0.0139392,1.0,0.0,167.9774956703186,169.91065120697021,67.91065120697021,68,68.0,0.9478656000000001,0.0
MASS1990,7.8446128368377686,0.5229741891225179,131.40459871292114,TimesFM-3.0-PyTorch,1.0,SET DE LIGAS TUBULARES CAJA VERDE,0.05,1.0,0.0,123.55998587608337,131.40459871292114,130.40459871292114,131,131.0,6.550000000000001,0.0
MASS1991,18.3253955245018,1.2216930349667867,134.47538232803345,TimesFM-3.0-PyTorch,63.0,BASE FAN COOLER PARA LAPTOP N99,0.0805638,20.0,0.0,116.14998680353165,134.47538232803345,71.47538232803345,4,80.0,0.3222552,0.0
MASS1992,0.03854227066040039,0.0025694847106933595,22.478349208831787,TimesFM-3.0-PyTorch,0.0,,0.05,1.0,0.0,22.439806938171387,22.478349208831787,22.478349208831787,23,23.0,1.1500000000000001,0.0
MASS1993,22.417891025543213,1.4945260683695476,195.1806812286377,TimesFM-3.0-PyTorch,279.0,RELOJ INTELIGENTE ULTRA2 7 CORREAS NEGRO,0.05,1.0,0.0,172.76279020309448,195.1806812286377,0.0,0,0.0,0.0,0.0
MASS1994,1.6233247518539429,0.10822165012359619,58.06426692008972,TimesFM-3.0-PyTorch,2.0,RELOJ INTELIGENTE ULTRA2 7 CORREAS AZUL,0.05,1.0,0.0,56.44094216823578,58.06426692008972,56.06426692008972,57,57.0,2.85,0.0
MASS1995,0.1736985146999359,0.011579900979995728,41.86076021194458,TimesFM-3.0-PyTorch,1.0,RELOJ INTELIGENTE ULTRA2 7 CORREAS NARANJA,0.05,1.0,0.0,41.687061697244644,41.86076021194458,40.86076021194458,41,41.0,2.0500000000000003,0.0
MASS1996,99.97592282295227,6.665061521530151,408.11328125,TimesFM-3.0-PyTorch,19.0,FAJA REDUCTORA MOLDEADORA CINTURA NEOPRENO NEGRO TALLA M,0.05,1.0,0.0,308.13735842704773,408.11328125,389.11328125,390,390.0,19.5,0.0
MASS1997,13.03530490398407,0.8690203269322713,195.8607635498047,TimesFM-3.0-PyTorch,65.0,FAJA REDUCTORA MOLDEADORA CINTURA NEOPRENO NEGRO TALLA L,0.05,1.0,0.0,182.82545864582062,195.8607635498047,130.8607635498047,131,131.0,6.550000000000001,0.0
MASS1998,22.429160833358765,1.4952773888905844,149.1356554031372,TimesFM-3.0-PyTorch,63.0,FAJA REDUCTORA MOLDEADORA CINTURA NEOPRENO NEGRO TALLA XL,0.05,1.0,0.0,126.70649456977844,149.1356554031372,86.1356554031372,87,87.0,4.3500000000000005,0.0
MASS1999,7.143855601549149,0.4762570401032766,83.39905595779419,TimesFM-3.0-PyTorch,47.0,FAJA REDUCTORA MOLDEADORA CINTURA NEOPRENO NEGRO TALLA XXL,0.05,1.0,0.0,76.25520035624504,83.39905595779419,36.39905595779419,37,37.0,1.85,0.0
MASS2000,0.10219880938529968,0.006813253959019979,0.5326828211545944,TimesFM-3.0-PyTorch,25.0,CORTINAS BLACK OUT 132 X 214 CM COFFEE,0.05,1.0,0.0,0.43048401176929474,0.5326828211545944,0.0,0,0.0,0.0,0.0
MASS2001,0.006065666675567627,0.0004043777783711751,5.822309136390686,TimesFM-3.0-PyTorch,0.0,,0.05,1.0,0.0,5.816243469715118,5.822309136390686,5.822309136390686,6,6.0,0.30000000000000004,0.0
MASS2002,0.0,0.0,0.6509504020214081,TimesFM-3.0-PyTorch,0.0,,0.05,1.0,0.0,0.6509504020214081,0.6509504020214081,0.6509504020214081,1,1.0,0.05,0.0
MASS2003,0.0,0.0,0.00373028963804245,TimesFM-3.0-PyTorch,0.0,,0.05,1.0,0.0,0.00373028963804245,0.00373028963804245,0.00373028963804245,1,1.0,0.05,0.0
MASS2004,0.008462116122245789,0.0005641410748163859,1.5808450505137444,TimesFM-3.0-PyTorch,0.0,,0.05,1.0,0.0,1.5723829343914986,1.5808450505137444,1.5808450505137444,2,2.0,0.1,0.0
MASS2005,0.0011781416833400726,7.854277888933818e-05,0.02192813530564308,TimesFM-3.0-PyTorch,0.0,,0.05,1.0,0.0,0.02074999362230301,0.02192813530564308,0.02192813530564308,1,1.0,0.05,0.0
MASS2006,0.000731930136680603,4.8795342445373534e-05,0.03211544454097748,TimesFM-3.0-PyTorch,0.0,,0.05,1.0,0.0,0.031383514404296875,0.03211544454097748,0.03211544454097748,1,1.0,0.05,0.0
MASS2007,0.007794767618179321,0.000519651174545288,0.10419788956642151,TimesFM-3.0-PyTorch,0.0,,0.05,1.0,0.0,0.09640312194824219,0.10419788956642151,0.10419788956642151,1,1.0,0.05,0.0
MASS2008,0.0,0.0,0.0073395706713199615,TimesFM-3.0-PyTorch,0.0,,0.05,1.0,0.0,0.0073395706713199615,0.0073395706713199615,0.0073395706713199615,1,1.0,0.05,0.0
MASS2009,0.0,0.0,0.03900183364748955,TimesFM-3.0-PyTorch,0.0,,0.05,1.0,0.0,0.03900183364748955,0.03900183364748955,0.03900183364748955,1,1.0,0.05,0.0
MASS2010,0.3618410527706146,0.024122736851374307,49.863855838775635,TimesFM-3.0-PyTorch,30.0,DILDO FLUORESCENTE REALISTA 18.5CM DE LARGO 14CM INSERTABLES 3.5CM DE ANCHO AZUL,0.05,1.0,0.0,49.50201478600502,49.863855838775635,19.863855838775635,20,20.0,1.0,0.0
MASS2011,2.653953805565834,0.17693025370438895,35.94080972671509,TimesFM-3.0-PyTorch,10.0,LENCERIA 1127,0.05,1.0,0.0,33.286855921149254,35.94080972671509,25.940809726715088,26,26.0,1.3,0.0
MASS2012,0.00028989464044570923,1.9326309363047282e-05,0.009768683463335037,TimesFM-3.0-PyTorch,0.0,,0.05,1.0,0.0,0.009478788822889328,0.009768683463335037,0.009768683463335037,1,1.0,0.05,0.0
MASS2013,0.0,0.0,0.005913933739066124,TimesFM-3.0-PyTorch,0.0,,0.05,1.0,0.0,0.005913933739066124,0.005913933739066124,0.005913933739066124,1,1.0,0.05,0.0
MASS2014,0.0,0.0,0.004891021177172661,TimesFM-3.0-PyTorch,0.0,,0.05,1.0,0.0,0.004891021177172661,0.004891021177172661,0.004891021177172661,1,1.0,0.05,0.0
MASS2015,0.019422166049480438,0.0012948110699653626,0.04105876944959164,TimesFM-3.0-PyTorch,6.0,MESA DE PING PONG,0.05,1.0,0.0,0.0216366034001112,0.04105876944959164,0.0,0,0.0,0.0,0.0
MASS2016,0.061655204743146896,0.00411034698287646,8.522139251232147,TimesFM-3.0-PyTorch,2.0,GRABADORA CORTADOR LASER OMTECH K40 40W,0.245385,1.0,0.0,8.460484046489,8.522139251232147,6.522139251232147,7,7.0,1.717695,0.0
MASS2017,30.977044582366943,2.0651363054911296,170.0735969543457,TimesFM-3.0-PyTorch,0.0,,0.05,1.0,0.0,139.09655237197876,170.0735969543457,170.0735969543457,171,171.0,8.55,0.0
MASS2018,21.860209822654724,1.457347321510315,112.73481702804565,TimesFM-3.0-PyTorch,17.0,KENNEL TRANSPORTADOR DE MASCOTAS ARMABLE MEDIANO 3 FRANJAS TALLA M ROSA,0.05,1.0,0.0,90.87460720539093,112.73481702804565,95.73481702804565,96,96.0,4.800000000000001,0.0
MASS2019,54.23524618148804,3.615683078765869,239.08373355865479,TimesFM-3.0-PyTorch,6.0,CORNETA INALAMBRICA K12 + 2 MICROFONOS,0.08424,50.0,0.0,184.84848737716675,239.08373355865479,233.08373355865479,5,250.0,0.42119999999999996,0.0
MASS2020,2.0459423065185547,0.13639615376790365,176.79824447631836,TimesFM-3.0-PyTorch,0.0,,0.13420125,40.0,0.0,174.7523021697998,176.79824447631836,176.79824447631836,5,200.0,0.67100625,0.0
MASS2021,0.17079222202301025,0.01138614813486735,10.633412450551987,TimesFM-3.0-PyTorch,0.0,,0.05,1.0,0.0,10.462620228528976,10.633412450551987,10.633412450551987,11,11.0,0.55,0.0
MASS2022,0.01563209295272827,0.0010421395301818848,5.020486354827881,TimesFM-3.0-PyTorch,0.0,,0.05,1.0,0.0,5.004854261875153,5.020486354827881,5.020486354827881,6,6.0,0.30000000000000004,0.0
MASS2023,0.09014362096786499,0.006009574731190999,25.030789971351624,TimesFM-3.0-PyTorch,0.0,,0.05,1.0,0.0,24.94064635038376,25.030789971351624,25.030789971351624,26,26.0,1.3,0.0
MASS2024,0.09211468696594238,0.006140979131062826,23.501686811447144,TimesFM-3.0-PyTorch,0.0,,0.05,1.0,0.0,23.4095721244812,23.501686811447144,23.501686811447144,24,24.0,1.2000000000000002,0.0
MASS2025,0.0,0.0,31.201160788536072,TimesFM-3.0-PyTorch,0.0,,0.05,1.0,0.0,31.201160788536072,31.201160788536072,31.201160788536072,32,32.0,1.6,0.0
MASS2026,6.231323838233948,0.4154215892155965,51.34724569320679,TimesFM-3.0-PyTorch,0.0,,0.05,1.0,0.0,45.11592185497284,51.34724569320679,51.34724569320679,52,52.0,2.6,0.0
MASS2027,9.183785080909729,0.6122523387273152,56.866578817367554,TimesFM-3.0-PyTorch,7.0,LÁMPARA ESFERA DE CRISTAL GALAXIA 6CM,0.05,1.0,0.0,47.682793736457825,56.866578817367554,49.866578817367554,50,50.0,2.5,0.0
MASS2028,4.4869914054870605,0.29913276036580405,48.5112407207489,TimesFM-3.0-PyTorch,0.0,,0.05,1.0,0.0,44.02424931526184,48.5112407207489,48.5112407207489,49,49.0,2.45,0.0
MASS2029,1.292103499174118,0.08614023327827454,37.46495509147644,TimesFM-3.0-PyTorch,0.0,,0.05,1.0,0.0,36.17285159230232,37.46495509147644,37.46495509147644,38,38.0,1.9000000000000001,0.0
MASS2030,0.0,0.0,32.946632623672485,TimesFM-3.0-PyTorch,16.0,LÁMPARA ESFERA DE CRISTAL SISTEMA SOLAR 8CM,0.05,1.0,0.0,32.946632623672485,32.946632623672485,16.946632623672485,17,17.0,0.8500000000000001,0.0
MASS2031,0.651437297463417,0.0434291531642278,38.535088539123535,TimesFM-3.0-PyTorch,14.0,LÁMPARA ESFERA DE CRISTAL GALAXIA 8CM,0.05,1.0,0.0,37.88365124166012,38.535088539123535,24.535088539123535,25,25.0,1.25,0.0
MASS2032,1.8829206824302673,0.12552804549535115,58.83659791946411,TimesFM-3.0-PyTorch,4.0,LÁMPARA ESFERA DE CRISTAL SATURNO 8CM,0.05,1.0,0.0,56.953677237033844,58.83659791946411,54.83659791946411,55,55.0,2.75,0.0
MASS2033,22.86888873577118,1.5245925823847453,148.98278427124023,TimesFM-3.0-PyTorch,47.0,CALENTADOR DE AGUA 110V 3000w,0.0153,1.0,0.0,126.11389553546906,148.98278427124023,101.98278427124023,102,102.0,1.5606,0.0
MASS2034,0.00888553261756897,0.0005923688411712646,26.589007675647736,TimesFM-3.0-PyTorch,0.0,,0.019035,1.0,0.0,26.580122143030167,26.589007675647736,26.589007675647736,27,27.0,0.513945,0.0
MASS2035,17.305247128009796,1.1536831418673197,135.71754360198975,TimesFM-3.0-PyTorch,0.0,,0.05,1.0,0.0,118.41229647397995,135.71754360198975,135.71754360198975,136,136.0,6.800000000000001,0.0
MASS2036,12.745394587516785,0.849692972501119,63.159918785095215,TimesFM-3.0-PyTorch,23.0,RELOJ OLEVS PLATA-VERDE,0.05,1.0,0.0,50.41452419757843,63.159918785095215,40.159918785095215,41,41.0,2.0500000000000003,0.0
MASS2037,2.554002493619919,0.17026683290799458,39.55490446090698,TimesFM-3.0-PyTorch,0.0,,0.05,1.0,0.0,37.000901967287064,39.55490446090698,39.55490446090698,40,40.0,2.0,0.0
MASS2038,19.157360076904297,1.2771573384602866,65.3700749874115,TimesFM-3.0-PyTorch,0.0,,0.05,1.0,0.0,46.2127149105072,65.3700749874115,65.3700749874115,66,66.0,3.3000000000000003,0.0
MASS2041,1.9844523668289185,0.13229682445526122,118.4420075416565,TimesFM-3.0-PyTorch,0.0,,0.108315,16.0,0.0,116.45755517482758,118.4420075416565,118.4420075416565,8,128.0,0.86652,0.0
MASS2042,0.2396864891052246,0.01597909927368164,6.314488768577576,TimesFM-3.0-PyTorch,0.0,,0.066864,50.0,0.0,6.074802279472351,6.314488768577576,6.314488768577576,1,50.0,0.066864,0.0
MASS2043,12.62202799320221,0.8414685328801473,92.47766828536987,TimesFM-3.0-PyTorch,1.0,RODILLO DE HIELO FACIAL,0.115506,100.0,0.0,79.85564029216766,92.47766828536987,91.47766828536987,1,100.0,0.115506,0.0
MASS2044,0.4384700059890747,0.029231333732604982,74.36714839935303,TimesFM-3.0-PyTorch,22.0,HUMIFICADOR LED CHIMENEA LA-0646,0.09885375,40.0,0.0,73.92867839336395,74.36714839935303,52.36714839935303,2,80.0,0.1977075,0.0
MASS2045,0.0,0.0,1.5503030866384506,TimesFM-3.0-PyTorch,0.0,,0.05,1.0,0.0,1.5503030866384506,1.5503030866384506,1.5503030866384506,2,2.0,0.1,0.0
MASS2046,0.6043126583099365,0.04028751055399577,46.32940173149109,TimesFM-3.0-PyTorch,0.0,,0.05,1.0,0.0,45.72508907318115,46.32940173149109,46.32940173149109,47,47.0,2.35,0.0
MASS2047,0.043063730001449585,0.0028709153334299724,8.72379806637764,TimesFM-3.0-PyTorch,0.0,,0.05,1.0,0.0,8.68073433637619,8.72379806637764,8.72379806637764,9,9.0,0.45,0.0
MASS2048,0.07188999652862549,0.0047926664352416996,53.981865882873535,TimesFM-3.0-PyTorch,38.0,LAMPARA VOLCAN,0.069509328,24.0,0.0,53.90997588634491,53.981865882873535,15.981865882873535,1,24.0,0.069509328,0.0
MASS2049,3.9062019884586334,0.26041346589724224,69.83626794815063,TimesFM-3.0-PyTorch,2.0,MICROFONO KARAOKE NEGRO 4 EN 1,0.05,1.0,0.0,65.930065959692,69.83626794815063,67.83626794815063,68,68.0,3.4000000000000004,0.0
MASS2050,0.1702248454093933,0.011348323027292887,49.47267389297485,TimesFM-3.0-PyTorch,10.0,MICROFONO KARAOKE PLATA 4 EN 1,0.05,1.0,0.0,49.30244904756546,49.47267389297485,39.47267389297485,40,40.0,2.0,0.0
MASS2051,0.010735869407653809,0.0007157246271769206,1.4130284190177917,TimesFM-3.0-PyTorch,0.0,,0.05,1.0,0.0,1.402292549610138,1.4130284190177917,1.4130284190177917,2,2.0,0.1,0.0
MASS2052,4.120912075042725,0.274727471669515,126.19334697723389,TimesFM-3.0-PyTorch,0.0,,0.078336,40.0,0.0,122.07243490219116,126.19334697723389,126.19334697723389,4,160.0,0.313344,0.0
MASS2053,0.0,0.0,9.300867974758148,TimesFM-3.0-PyTorch,0.0,,0.05,1.0,0.0,9.300867974758148,9.300867974758148,9.300867974758148,10,10.0,0.5,0.0
MASS2054,15.156043231487274,1.0104028820991515,58.85317921638489,TimesFM-3.0-PyTorch,3.0,CAMARA TIPO GOPRO AZUL,0.05,1.0,0.0,43.69713598489761,58.85317921638489,55.85317921638489,56,56.0,2.8000000000000003,0.0
MASS2055,5.335995107889175,0.3557330071926117,39.45173716545105,TimesFM-3.0-PyTorch,15.0,CAMARA TIPO GOPRO ROSADO,0.05,1.0,0.0,34.115742057561874,39.45173716545105,24.45173716545105,25,25.0,1.25,0.0
MASS2056,226.71183061599731,15.114122041066487,1055.4991149902344,TimesFM-3.0-PyTorch,224.0,BOMBILLOS VINTAGE5 METERS 20 LIGHTS,0.212355,50.0,0.0,828.7872843742371,1055.4991149902344,831.4991149902344,17,850.0,3.610035,0.0
MASS2057,0.006434738636016846,0.0004289825757344564,34.563708543777466,TimesFM-3.0-PyTorch,153.0,ESMERIL PORTATIL RECARGABLE,0.0096,1.0,0.0,34.55727380514145,34.563708543777466,0.0,0,0.0,0.0,0.0
MASS2058,9.930285811424255,0.6620190540949503,71.42465162277222,TimesFM-3.0-PyTorch,181.0,FILTRO TIPO REGADERA PARA LAVAPLATOS,0.1296,100.0,0.0,61.49436581134796,71.42465162277222,0.0,0,0.0,0.0,0.0
MASS2059,34.96787095069885,2.331191396713257,731.3143692016602,TimesFM-3.0-PyTorch,364.0,RAZURADORA PARA DAMA ROSADA,0.048544,50.0,0.0,696.3464982509613,731.3143692016602,367.31436920166016,8,400.0,0.388352,0.0
MASS2060,6.117236256599426,0.40781575043996177,224.27230644226074,TimesFM-3.0-PyTorch,139.0,RAZURADORA PARA DAMA AZUL,0.05,1.0,0.0,218.15507018566132,224.27230644226074,85.27230644226074,86,86.0,4.3,0.0
MASS2061,36.46610188484192,2.431073458989461,428.5133457183838,TimesFM-3.0-PyTorch,249.0,MAQUINA PARA USO INTIMO UNISEX NEGRO,0.05,1.0,0.0,392.04724383354187,428.5133457183838,179.5133457183838,180,180.0,9.0,0.0
MASS2062,11.682389914989471,0.7788259943326314,88.61633563041687,TimesFM-3.0-PyTorch,111.0,MAQUINA PARA USO INTIMO UNISEX BLANCO,0.05,1.0,0.0,76.9339457154274,88.61633563041687,0.0,0,0.0,0.0,0.0
MASS2063,0.25029438734054565,0.01668629248936971,30.867718279361725,TimesFM-3.0-PyTorch,0.0,,0.043512,60.0,0.0,30.61742389202118,30.867718279361725,30.867718279361725,1,60.0,0.043512,0.0
MASS2064,3.96891325712204,0.2645942171414693,46.464932441711426,TimesFM-3.0-PyTorch,44.0,SACAPUNTA PORTAIL ELECTRICO NEGRO,0.0247,72.0,0.0,42.496019184589386,46.464932441711426,2.464932441711426,1,72.0,0.0247,0.0
MASS2065,43.39322376251221,2.8928815841674806,200.72966861724854,TimesFM-3.0-PyTorch,36.0,VACUMTERAPIA MANUAL TERAPIA VACIO ANTICELULITIS COLOR ROJO,0.095312,40.0,0.0,157.33644485473633,200.72966861724854,164.72966861724854,5,200.0,0.47656,0.0
MASS2066,0.016127318143844604,0.0010751545429229735,0.14862558245658875,TimesFM-3.0-PyTorch,0.0,,0.104676,100.0,0.0,0.13249826431274414,0.14862558245658875,0.14862558245658875,1,100.0,0.104676,0.0
MASS2067,107.2706298828125,7.151375325520833,266.1143989562988,TimesFM-3.0-PyTorch,417.0,JUEGO DE DADOS MILIMÉTRICOS DE 12 PIEZAS CON RACHET GRANDE,0.0795,40.0,0.0,158.84376907348633,266.1143989562988,0.0,0,0.0,0.0,0.0
MASS2068,1.2702064514160156,0.08468043009440104,7.510364055633545,TimesFM-3.0-PyTorch,0.0,,0.09588,30.0,0.0,6.240157604217529,7.510364055633545,7.510364055633545,1,30.0,0.09588,0.0
MASS2069,32.26749897003174,2.1511665980021157,160.50439643859863,TimesFM-3.0-PyTorch,109.0,SLIMMING TEA,0.0008625,1.0,0.0,128.2368974685669,160.50439643859863,51.50439643859863,52,52.0,0.04485,0.0
MASS2070,1.3839023113250732,0.09226015408833822,56.930466532707214,TimesFM-3.0-PyTorch,2.0,LAVADORA DE BROCHAS MAQUILLAJE,0.0875,50.0,0.0,55.54656422138214,56.930466532707214,54.930466532707214,2,100.0,0.175,0.0
MASS2071,0.04125244915485382,0.002750163276990255,26.33288824558258,TimesFM-3.0-PyTorch,2.0,LAMPARA DE ARENA MORADO,0.13284,48.0,0.0,26.291635796427727,26.33288824558258,24.33288824558258,1,48.0,0.13284,0.0
MASS2072,111.48665237426758,7.432443491617838,4536.1951904296875,TimesFM-3.0-PyTorch,0.0,"CLIP PARA INSTALACION  WALL PANEL 5 * 3,5 CM",0.05,2.0,0.0,4424.70853805542,4536.1951904296875,4536.1951904296875,2269,4538.0,113.45,0.0
MASS2073,0.0,0.0,7.8927523493766785,TimesFM-3.0-PyTorch,13.0,MAQUINA CORTADORA LASER,0.05,1.0,0.0,7.8927523493766785,7.8927523493766785,0.0,0,0.0,0.0,0.0
MASS2074,0.6993979215621948,0.046626528104146324,27.538765907287598,TimesFM-3.0-PyTorch,177.0,BLANQUEADOR DENTAL SMILEKIT LUZ UV PARA APLICAR EN CASA,0.064974,54.0,0.0,26.839367985725403,27.538765907287598,0.0,0,0.0,0.0,0.0
MASS2075,0.0036633312702178955,0.00024422208468119304,14.153277069330215,TimesFM-3.0-PyTorch,0.0,,0.050995,80.0,0.0,14.149613738059998,14.153277069330215,14.153277069330215,1,80.0,0.050995,0.0
MASS2076,0.020255431532859802,0.0013503621021906534,0.43109406530857086,TimesFM-3.0-PyTorch,13.0,CERA PINTAR CABELLO COLORES TEMPORAL FIJADORA VERDE,0.05,1.0,0.0,0.41083863377571106,0.43109406530857086,0.0,0,0.0,0.0,0.0
MASS2077,0.01825830340385437,0.0012172202269236246,9.247802793979645,TimesFM-3.0-PyTorch,8.0,CERA PINTAR CABELLO COLORES TEMPORAL FIJADORA ROJO,0.05,1.0,0.0,9.22954449057579,9.247802793979645,1.2478027939796448,2,2.0,0.1,0.0
MASS2078,0.014035642147064209,0.0009357094764709473,10.141910761594772,TimesFM-3.0-PyTorch,0.0,,0.05,1.0,0.0,10.127875119447708,10.141910761594772,10.141910761594772,11,11.0,0.55,0.0
MASS2079,73.87300205230713,4.924866803487142,251.9708766937256,TimesFM-3.0-PyTorch,352.0,MEDIDOR DE PH DIGITAL PORTATIL,0.033495,100.0,0.0,178.09787464141846,251.9708766937256,0.0,0,0.0,0.0,0.0
MASS2080,0.6482293605804443,0.04321529070536296,226.97069215774536,TimesFM-3.0-PyTorch,0.0,,0.04185,100.0,0.0,226.32246279716492,226.97069215774536,226.97069215774536,3,300.0,0.12555,0.0
MASS2081,2.9058444499969482,0.19372296333312988,79.38984489440918,TimesFM-3.0-PyTorch,0.0,,0.05,1.0,0.0,76.48400044441223,79.38984489440918,79.38984489440918,80,80.0,4.0,0.0
MASS2082,0.41240495443344116,0.02749366362889608,16.688369542360306,TimesFM-3.0-PyTorch,1.0,HUB ADAPTADOR 11 EN 1 MULTIPUERTOS,0.048384,100.0,0.0,16.275964587926865,16.688369542360306,15.688369542360306,1,100.0,0.048384,0.0
MASS2083,105.64609909057617,7.043073272705078,297.74109077453613,TimesFM-3.0-PyTorch,0.0,,0.00052,1.0,0.0,192.09499168395996,297.74109077453613,297.74109077453613,298,298.0,0.15496,0.0
MASS2084,0.6914834976196289,0.04609889984130859,15.609227061271667,TimesFM-3.0-PyTorch,0.0,,0.00052,1.0,0.0,14.917743563652039,15.609227061271667,15.609227061271667,16,16.0,0.00832,0.0
MASS2085,16.13798999786377,1.0758659998575846,234.6924386024475,TimesFM-3.0-PyTorch,0.0,,0.00052,1.0,0.0,218.55444860458374,234.6924386024475,234.6924386024475,235,235.0,0.12219999999999999,0.0
MASS2092,0.2740688920021057,0.018271259466807046,37.21745264530182,TimesFM-3.0-PyTorch,0.0,,0.05,1.0,0.0,36.94338375329971,37.21745264530182,37.21745264530182,38,38.0,1.9000000000000001,0.0
MASS2093,1.1259291172027588,0.07506194114685058,45.207391023635864,TimesFM-3.0-PyTorch,0.0,,0.05,1.0,0.0,44.081461906433105,45.207391023635864,45.207391023635864,46,46.0,2.3000000000000003,0.0
MASS2094,0.03105756640434265,0.002070504426956177,8.395545557141304,TimesFM-3.0-PyTorch,0.0,,0.05,1.0,0.0,8.364487990736961,8.395545557141304,8.395545557141304,9,9.0,0.45,0.0
MASS2095,37.823917388916016,2.521594492594401,159.95223236083984,TimesFM-3.0-PyTorch,7.0,LAPIZ INFINITO DE COLOR  12pcs set,0.04352,80.0,0.0,122.12831497192383,159.95223236083984,152.95223236083984,2,160.0,0.08704,0.0
MASS2096,0.022032320499420166,0.001468821366628011,5.453181236982346,TimesFM-3.0-PyTorch,0.0,,0.0882,250.0,0.0,5.431148916482925,5.453181236982346,5.453181236982346,1,250.0,0.0882,0.0
MASS2097,23.758250951766968,1.5838833967844645,90.57777452468872,TimesFM-3.0-PyTorch,3.0,CEPILLO FACIAL MORADO,0.18,400.0,0.0,66.81952357292175,90.57777452468872,87.57777452468872,1,400.0,0.18,0.0
MASS2098,0.001965343952178955,0.00013102293014526366,17.51954820752144,TimesFM-3.0-PyTorch,0.0,,0.025839,30.0,0.0,17.51758286356926,17.51954820752144,17.51954820752144,1,30.0,0.025839,0.0
MASS2099,16.475315928459167,1.0983543952306112,65.09008026123047,TimesFM-3.0-PyTorch,27.0,DESPERTADOR NEGRO LED BLANCO VST-711,0.105096,80.0,0.0,48.6147643327713,65.09008026123047,38.09008026123047,1,80.0,0.105096,0.0
MASS2100,0.0,0.0,5.032128930091858,TimesFM-3.0-PyTorch,0.0,,0.080896,120.0,0.0,5.032128930091858,5.032128930091858,5.032128930091858,1,120.0,0.080896,0.0
MASS2101,79.43429040908813,5.295619360605875,228.67422103881836,TimesFM-3.0-PyTorch,12.0,MOLDE DE SILICONA PARA CUBOS DE HIELO FACIAL,0.07,200.0,0.0,149.23993062973022,228.67422103881836,216.67422103881836,2,400.0,0.14,0.0
MASS2102,5.911984503269196,0.3941323002179464,35.4100661277771,TimesFM-3.0-PyTorch,3.0,ANILLO INTELIGENTE NEGRO TALLA 8,0.05,1.0,0.0,29.498081624507904,35.4100661277771,32.4100661277771,33,33.0,1.6500000000000001,0.0
MASS2103,12.457728683948517,0.8305152455965678,46.27406644821167,TimesFM-3.0-PyTorch,74.0,ANILLO INTELIGENTE NEGRO TALLA 9,0.05,1.0,0.0,33.81633776426315,46.27406644821167,0.0,0,0.0,0.0,0.0
MASS2104,1.082044541835785,0.07213630278905232,39.32074308395386,TimesFM-3.0-PyTorch,19.0,ANILLO INTELIGENTE NEGRO TALLA 10,0.05,1.0,0.0,38.23869854211807,39.32074308395386,20.320743083953857,21,21.0,1.05,0.0
MASS2105,0.0,0.0,3.920268878340721,TimesFM-3.0-PyTorch,0.0,,0.05,1.0,0.0,3.920268878340721,3.920268878340721,3.920268878340721,4,4.0,0.2,0.0
MASS2106,0.0,0.0,10.319719314575195,TimesFM-3.0-PyTorch,0.0,,0.05,1.0,0.0,10.319719314575195,10.319719314575195,10.319719314575195,11,11.0,0.55,0.0
MASS2107,0.0,0.0,3.7171028181910515,TimesFM-3.0-PyTorch,0.0,,0.05,1.0,0.0,3.7171028181910515,3.7171028181910515,3.7171028181910515,4,4.0,0.2,0.0
MASS2108,0.0,0.0,2.9765543788671494,TimesFM-3.0-PyTorch,0.0,,0.05,1.0,0.0,2.9765543788671494,2.9765543788671494,2.9765543788671494,3,3.0,0.15000000000000002,0.0
MASS2109,0.0,0.0,0.3797980435192585,TimesFM-3.0-PyTorch,0.0,,0.05,1.0,0.0,0.3797980435192585,0.3797980435192585,0.3797980435192585,1,1.0,0.05,0.0
MASS2110,40.327086210250854,2.6884724140167235,108.80083513259888,TimesFM-3.0-PyTorch,86.0,LIMPIADOR DE VENTANAS MAGICO,0.112216,120.0,0.0,68.47374892234802,108.80083513259888,22.800835132598877,1,120.0,0.112216,0.0
MASS2111,0.27254176139831543,0.018169450759887695,43.232450008392334,TimesFM-3.0-PyTorch,222.0,RECOGEDOR DE POLVO PARA TALADRO,0.0432,100.0,0.0,42.95990824699402,43.232450008392334,0.0,0,0.0,0.0,0.0
MASS2112,0.0,0.0,0.26444506645202637,TimesFM-3.0-PyTorch,0.0,,0.05,1.0,0.0,0.26444506645202637,0.26444506645202637,0.26444506645202637,1,1.0,0.05,0.0
MASS2113,0.3342735171318054,0.02228490114212036,58.58864152431488,TimesFM-3.0-PyTorch,6.0,TELÉFONO INFANTIL A16 CON PANTALLA TÁCTIL AZUL,0.05,1.0,0.0,58.254368007183075,58.58864152431488,52.58864152431488,53,53.0,2.6500000000000004,0.0
MASS2114,0.7843510508537292,0.052290070056915286,45.16763162612915,TimesFM-3.0-PyTorch,108.0,TELÉFONO INFANTIL A16 CON PANTALLA TÁCTIL NEGRO,0.05,1.0,0.0,44.38328057527542,45.16763162612915,0.0,0,0.0,0.0,0.0
MASS2115,0.07283651828765869,0.0048557678858439125,23.176692962646484,TimesFM-3.0-PyTorch,0.0,,0.05,1.0,0.0,23.103856444358826,23.176692962646484,23.176692962646484,24,24.0,1.2000000000000002,0.0
MASS2116,0.0,0.0,0.23906517028808594,TimesFM-3.0-PyTorch,0.0,,0.05,1.0,0.0,0.23906517028808594,0.23906517028808594,0.23906517028808594,1,1.0,0.05,0.0
MASS2117,0.26023995876312256,0.01734933058420817,84.82570195198059,TimesFM-3.0-PyTorch,29.0,RELOJ INTELIGENTE PARA NIÑO Q19 GPS ROSADO,0.05,1.0,0.0,84.56546199321747,84.82570195198059,55.82570195198059,56,56.0,2.8000000000000003,0.0
MASS2118,3.1987223625183105,0.2132481575012207,252.36888456344604,TimesFM-3.0-PyTorch,0.0,,0.05235225,400.0,0.0,249.17016220092773,252.36888456344604,252.36888456344604,1,400.0,0.05235225,0.0
MASS2119,0.14739489555358887,0.009826326370239257,16.23149037361145,TimesFM-3.0-PyTorch,0.0,,0.0795555,200.0,0.0,16.08409547805786,16.23149037361145,16.23149037361145,1,200.0,0.0795555,0.0
MASS2120,0.00736980140209198,0.0004913200934727987,0.6670343950390816,TimesFM-3.0-PyTorch,42.0,LAMPARA DE LIBRO MARRON CLARO,0.6,500.0,0.0,0.6596645936369896,0.6670343950390816,0.0,0,0.0,0.0,0.0
MASS2121,0.8065781593322754,0.05377187728881836,179.48818588256836,TimesFM-3.0-PyTorch,1.0,TIRAS NASALES,0.06678,400.0,0.0,178.68160772323608,179.48818588256836,178.48818588256836,1,400.0,0.06678,0.0
MASS2122,0.0,0.0,0.025009505450725555,TimesFM-3.0-PyTorch,0.0,,0.05,1.0,0.0,0.025009505450725555,0.025009505450725555,0.025009505450725555,1,1.0,0.05,0.0
MASS2123,102.9140682220459,6.860937881469726,557.7347373962402,TimesFM-3.0-PyTorch,73.0,"LAMINA DE PVC MARMOLIZADA HYDY2001 2,44 M X 1,22M DE 3MM",0.05,1.0,0.0,454.82066917419434,557.7347373962402,484.73473739624023,485,485.0,24.25,0.0
MASS2124,0.3226982355117798,0.021513215700785317,281.3119707107544,TimesFM-3.0-PyTorch,3.0,"LAMINA DE PVC MARMOLIZADA HYDY2002 2,44 M X 1,22M DE 3MM",0.05,1.0,0.0,280.9892724752426,281.3119707107544,278.3119707107544,279,279.0,13.950000000000001,0.0
MASS2125,3.7159064412117004,0.24772709608078003,250.1625738143921,TimesFM-3.0-PyTorch,9.0,"LAMINA DE PVC MARMOLIZADA HYDY2006 2,44 M X 1,22M DE 3MM",0.05,1.0,0.0,246.4466673731804,250.1625738143921,241.1625738143921,242,242.0,12.100000000000001,0.0
MASS2126,37.07153868675232,2.4714359124501546,490.1666316986084,TimesFM-3.0-PyTorch,330.0,"LAMINA DE PVC MARMOLIZADA HYLJ80007T 2,44 M X 1,22M DE 3MM",0.05,1.0,0.0,453.0950930118561,490.1666316986084,160.1666316986084,161,161.0,8.05,0.0
MASS2127,0.22036588191986084,0.01469105879465739,22.636817157268524,TimesFM-3.0-PyTorch,12.0,"LAMINA DE PVC MARMOLIZADA HYLJ80008T 2,44 M X 1,22M DE 3MM",0.05,1.0,0.0,22.416451275348663,22.636817157268524,10.636817157268524,11,11.0,0.55,0.0
MASS2128,6.819658100605011,0.4546438733736674,408.73594856262207,TimesFM-3.0-PyTorch,4.0,"LAMINA DE PVC MARMOLIZADA HYLJ80001T 2,44 M X 1,22M DE 3MM",0.05,1.0,0.0,401.91629046201706,408.73594856262207,404.73594856262207,405,405.0,20.25,0.0
MASS2129,23.35800814628601,1.557200543085734,534.7910842895508,TimesFM-3.0-PyTorch,142.0,"ROLLO PANEL DECORATIVO JQ-YP-165 1,2m x 30m",0.05,10.0,0.0,511.43307614326477,534.7910842895508,392.7910842895508,40,400.0,2.0,0.0
MASS2130,6.922055244445801,0.46147034962972006,456.92217445373535,TimesFM-3.0-PyTorch,466.0,ROLLO DE ESPUMA 3D AUTOADHESIVA JQ-3129-4Y6 40 CM X 3M DE 3MM,0.05,30.0,0.0,450.00011920928955,456.92217445373535,0.0,0,0.0,0.0,0.0
MASS2131,38.39801836013794,2.5598678906758625,503.72469329833984,TimesFM-3.0-PyTorch,240.0,ROLLO DE ESPUMA 3D AUTOADHESIVA JQ-3103-1Y13 40 CM X 3M DE 3MM,0.05,30.0,0.0,465.3266749382019,503.72469329833984,263.72469329833984,9,270.0,0.45,0.0
MASS2132,37.10884463787079,2.4739229758580525,495.6030616760254,TimesFM-3.0-PyTorch,23.0,ROLLO DE ESPUMA 3D AUTOADHESIVA 3419-6Y49 40 CM X 3M DE 3MM,0.05,30.0,0.0,458.4942170381546,495.6030616760254,472.6030616760254,16,480.0,0.8,0.0
MASS2133,0.03926420211791992,0.002617613474527995,537.8218879699707,TimesFM-3.0-PyTorch,265.0,ROLLO DE ESPUMA 3D AUTOADHESIVA JQ-3403-5Y49 40 CM X 3M DE 3MM,0.05,30.0,0.0,537.7826237678528,537.8218879699707,272.8218879699707,10,300.0,0.5,0.0
MASS2134,13.302798986434937,0.8868532657623291,463.39881134033203,TimesFM-3.0-PyTorch,679.0,ROLLO DE ESPUMA 3D AUTOADHESIVA JQ-3403-Y13 40 CM X 3M DE 3MM,0.05,30.0,0.0,450.0960123538971,463.39881134033203,0.0,0,0.0,0.0,0.0
MASS2135,11.329076528549194,0.7552717685699463,442.0442523956299,TimesFM-3.0-PyTorch,288.0,ROLLO DE ESPUMA 3D AUTOADHESIVA JQ-3403-3 40 CM X 3M DE 3MM,0.05,30.0,0.0,430.7151758670807,442.0442523956299,154.04425239562988,6,180.0,0.30000000000000004,0.0
MASS2136,3.5648977756500244,0.23765985171000162,451.13904762268066,TimesFM-3.0-PyTorch,323.0,ROLLO DE ESPUMA 3D AUTOADHESIVA JQ-3403-6Y49 40 CM X 3M DE 3MM,0.05,30.0,0.0,447.57414984703064,451.13904762268066,128.13904762268066,5,150.0,0.25,0.0
MASS2137,134.41610193252563,8.961073462168375,658.9938087463379,TimesFM-3.0-PyTorch,52.0,ROLLO DE ESPUMA 3D AUTOADHESIVA JQ-3481-1Y12 40 CM X 3M DE 3MM,0.05,30.0,0.0,524.5777068138123,658.9938087463379,606.9938087463379,21,630.0,1.05,0.0
MASS2138,142.82506561279297,9.521671040852864,740.9636459350586,TimesFM-3.0-PyTorch,1.0,ROLLO DE ESPUMA 3D AUTOADHESIVA JQ-3472-1Y4 40 CM X 3M DE 3MM,0.05,30.0,0.0,598.1385803222656,740.9636459350586,739.9636459350586,25,750.0,1.25,0.0
MASS2139,69.66599559783936,4.6443997065226235,639.5043182373047,TimesFM-3.0-PyTorch,324.0,ROLLO DE ESPUMA 3D AUTOADHESIVA JQ-3403-2 40 CM X 3M DE 3MM,0.05,30.0,0.0,569.8383226394653,639.5043182373047,315.5043182373047,11,330.0,0.55,0.0
MASS2140,264.1508541107178,17.610056940714518,490.26564598083496,TimesFM-3.0-PyTorch,86.0,ROLLO PANEL DECORATIVO BD1137,0.05,1.0,0.0,226.1147918701172,490.26564598083496,404.26564598083496,405,405.0,20.25,0.0
MASS2141,21.621110439300537,1.4414073626200359,654.0170574188232,TimesFM-3.0-PyTorch,0.0,,0.05,1.0,0.0,632.3959469795227,654.0170574188232,654.0170574188232,655,655.0,32.75,0.0
MASS2142,158.35630130767822,10.557086753845216,448.9126205444336,TimesFM-3.0-PyTorch,93.0,ROLLO PANEL DECORATIVO BD1121,0.05,1.0,0.0,290.55631923675537,448.9126205444336,355.9126205444336,356,356.0,17.8,0.0
MASS2143,0.0,0.0,254.71967601776123,TimesFM-3.0-PyTorch,214.0,WALL PANEL 3D D099 BLANCO 1MM DE GROSOR 500MM*500MM,0.0625,50.0,0.0,254.71967601776123,254.71967601776123,40.71967601776123,1,50.0,0.0625,0.0
MASS2144,1.3317525386810303,0.08878350257873535,3.5435985326766968,TimesFM-3.0-PyTorch,366.0,WALL PANEL 3D D099 NEGRO 1MM DE GROSOR 500MM*500MM,0.05,50.0,0.0,2.2118459939956665,3.5435985326766968,0.0,0,0.0,0.0,0.0
MASS2145,0.0,0.0,205.8932342529297,TimesFM-3.0-PyTorch,200.0,WALL PANEL 3D D137 BLANCO 1MM DE GROSOR 500MM*500MM,0.0625,50.0,0.0,205.8932342529297,205.8932342529297,5.8932342529296875,1,50.0,0.0625,0.0
MASS2146,1.0385403633117676,0.06923602422078451,169.56064653396606,TimesFM-3.0-PyTorch,139.0,WALL PANEL 3D D137 NEGRO 1MM DE GROSOR 500MM*500MM,0.05,50.0,0.0,168.5221061706543,169.56064653396606,30.560646533966064,1,50.0,0.05,0.0
MASS2147,0.4556463360786438,0.03037642240524292,0.8751433491706848,TimesFM-3.0-PyTorch,310.0,WALL PANEL 3D D090 BLANCO 1MM DE GROSOR 500MM*500MM,0.0625,50.0,0.0,0.419497013092041,0.8751433491706848,0.0,0,0.0,0.0,0.0
MASS2148,0.7387961149215698,0.049253074328104655,1.7102183103561401,TimesFM-3.0-PyTorch,203.0,WALL PANEL 3D D090 NEGRO 1MM DE GROSOR 500MM*500MM,0.05,50.0,0.0,0.9714221954345703,1.7102183103561401,0.0,0,0.0,0.0,0.0
MASS2149,3.329136610031128,0.22194244066874186,74.62815928459167,TimesFM-3.0-PyTorch,1.0,ZAPATERA 4 NIVELES BLANCA,0.05,1.0,0.0,71.29902267456055,74.62815928459167,73.62815928459167,74,74.0,3.7,0.0
MASS2150,0.7608585357666016,0.050723902384440106,80.69345498085022,TimesFM-3.0-PyTorch,0.0,,0.05,1.0,0.0,79.93259644508362,80.69345498085022,80.69345498085022,81,81.0,4.05,0.0
MASS2151,0.00018899142742156982,1.2599428494771321e-05,4.223094195127487,TimesFM-3.0-PyTorch,0.0,,0.05,1.0,0.0,4.222905203700066,4.223094195127487,4.223094195127487,5,5.0,0.25,0.0
MASS2152,198.21149158477783,13.214099438985189,467.9839897155762,TimesFM-3.0-PyTorch,56.0,ESTERILIZADOR ULTRAVIOLETA PARA CEPILLO DE DIENTES NEGRO,0.05,1.0,0.0,269.77249813079834,467.9839897155762,411.9839897155762,412,412.0,20.6,0.0
MASS2153,0.010858982801437378,0.0007239321867624919,16.768996715545654,TimesFM-3.0-PyTorch,0.0,,0.05,1.0,0.0,16.758137732744217,16.768996715545654,16.768996715545654,17,17.0,0.8500000000000001,0.0
MASS2155,0.0008448362350463867,5.632241566975911e-05,7.3328730165958405,TimesFM-3.0-PyTorch,0.0,,0.0376125,50.0,0.0,7.332028180360794,7.3328730165958405,7.3328730165958405,1,50.0,0.0376125,0.0
MASS2156,0.0,0.0,2.8876819163560867,TimesFM-3.0-PyTorch,70.0,"PERFIL WALL PANEL MARRON CLARO 8882  30x30mm x 2,90m",0.0376125,50.0,0.0,2.8876819163560867,2.8876819163560867,0.0,0,0.0,0.0,0.0
MASS2157,0.004353374242782593,0.00029022494951883954,2.4094686061143875,TimesFM-3.0-PyTorch,95.0,"PERFIL WALL PANEL GRIS CLARO YC6001 30x30mm x 2,90m",0.0376125,50.0,0.0,2.405115231871605,2.4094686061143875,0.0,0,0.0,0.0,0.0
MASS2158,0.03819793462753296,0.002546528975168864,15.985508143901825,TimesFM-3.0-PyTorch,64.0,"PERFIL WALL PANEL HYYC045 GRIS OSCURO 30x30mm x 2,90m",0.0376125,50.0,0.0,15.947310209274292,15.985508143901825,0.0,0,0.0,0.0,0.0
MASS2159,0.006465494632720947,0.00043103297551472984,4.4490565955638885,TimesFM-3.0-PyTorch,74.0,"PERFIL WALL PANEL MADERA HYYC018 30x30mm x 2,90m",0.0376125,50.0,0.0,4.442591100931168,4.4490565955638885,0.0,0,0.0,0.0,0.0
MASS2160,0.0,0.0,16.043830692768097,TimesFM-3.0-PyTorch,58.0,"PERFIL WALL PANEL HYYC073 BLANCO  30x30mm x 2,90m",0.0376125,50.0,0.0,16.043830692768097,16.043830692768097,0.0,0,0.0,0.0,0.0
MASS2161,0.005141496658325195,0.00034276644388834637,0.4958476424217224,TimesFM-3.0-PyTorch,165.0,"PERFIL WALL PANEL  HYYC025  30x30mm x 2,90m",0.0376125,50.0,0.0,0.4907061457633972,0.4958476424217224,0.0,0,0.0,0.0,0.0
MASS2162,0.0,0.0,5.943082630634308,TimesFM-3.0-PyTorch,73.0,"PERFIL WALL PANEL   AZUL 095  30x30mm x 2,90m",0.0376125,50.0,0.0,5.943082630634308,5.943082630634308,0.0,0,0.0,0.0,0.0
MASS2163,1.4064533412456512,0.09376355608304342,62.0614960193634,TimesFM-3.0-PyTorch,856.0,CINTA ADHESIVA DECORATIVA GRIS 1CM X 50MTS,0.08505,330.0,0.0,60.65504267811775,62.0614960193634,0.0,0,0.0,0.0,0.0
MASS2164,0.5548369288444519,0.036989128589630126,35.61965298652649,TimesFM-3.0-PyTorch,471.0,CINTA ADHESIVA DECORATIVA GRIS 2 CM X 50MTS,0.08505,120.0,0.0,35.06481605768204,35.61965298652649,0.0,0,0.0,0.0,0.0
MASS2165,1.098147064447403,0.07320980429649353,83.31475591659546,TimesFM-3.0-PyTorch,53.0,CINTA ADHESIVA DECORATIVA GRIS 3CM X 50MTS,0.08505,90.0,0.0,82.21660885214806,83.31475591659546,30.31475591659546,1,90.0,0.08505,0.0
MASS2166,0.1670638918876648,0.011137592792510986,26.687065839767456,TimesFM-3.0-PyTorch,0.0,,0.08505,60.0,0.0,26.52000194787979,26.687065839767456,26.687065839767456,1,60.0,0.08505,0.0
MASS2167,5.109552979469299,0.3406368652979533,61.61722660064697,TimesFM-3.0-PyTorch,57.0,DILDO VIBRADOR CON DOBLE PENETRACION NEGRO,0.05,1.0,0.0,56.50767362117767,61.61722660064697,4.617226600646973,5,5.0,0.25,0.0
MASS2168,1.570962816476822,0.10473085443178813,43.003464460372925,TimesFM-3.0-PyTorch,43.0,DILDO VIBRADOR CON DOBLE PENETRACION  CARNE,0.05,1.0,0.0,41.4325016438961,43.003464460372925,0.0034644603729248047,1,1.0,0.05,0.0
MASS2169,2.5056237876415253,0.16704158584276835,52.60999655723572,TimesFM-3.0-PyTorch,68.0,DILDO VIBRADOR CON DOBLE PENETRACION  MORADO,0.05,1.0,0.0,50.10437276959419,52.60999655723572,0.0,0,0.0,0.0,0.0
MASS2170,0.002523764967918396,0.0001682509978612264,34.68397545814514,TimesFM-3.0-PyTorch,19.0,MASTURBADOR FEMENINO CON 10 MODOS DE VIBRACION ELEFANTE,0.05,1.0,0.0,34.68145169317722,34.68397545814514,15.683975458145142,16,16.0,0.8,0.0
MASS2171,0.08467032015323639,0.005644688010215759,33.75315499305725,TimesFM-3.0-PyTorch,20.0,MASTURBADOR FEMENINO CON 10 MODOS DE VIBRACION RENO,0.05,1.0,0.0,33.668484672904015,33.75315499305725,13.753154993057251,14,14.0,0.7000000000000001,0.0
MASS2172,0.7580847442150116,0.05053898294766744,52.40467429161072,TimesFM-3.0-PyTorch,13.0,MASTURBADOR FEMENINO CON 10 MODOS DE VIBRACION CONEJO,0.05,1.0,0.0,51.646589547395706,52.40467429161072,39.40467429161072,40,40.0,2.0,0.0
MASS2173,22.63584804534912,1.509056536356608,55.93831825256348,TimesFM-3.0-PyTorch,18.0,MASTURBADOR FEMENINO CON 10 MODOS DE VIBRACION LOBO,0.05,1.0,0.0,33.302470207214355,55.93831825256348,37.93831825256348,38,38.0,1.9000000000000001,0.0
MASS2174,0.0031937211751937866,0.00021291474501291912,15.352385580539703,TimesFM-3.0-PyTorch,35.0,PLUG ANAL COLA DE PERRO DE SILICONA NEGRO,0.05,1.0,0.0,15.34919185936451,15.352385580539703,0.0,0,0.0,0.0,0.0
MASS2175,0.0,0.0,0.011454463005065918,TimesFM-3.0-PyTorch,32.0,PLUG ANAL COLA DE PERRO DE SILICONA  TRANSPARENTE,0.05,1.0,0.0,0.011454463005065918,0.011454463005065918,0.0,0,0.0,0.0,0.0
MASS2176,0.00016352534294128418,1.0901689529418946e-05,30.12763261795044,TimesFM-3.0-PyTorch,2.0,CONSOLADOR DE PERRO PARA MUJER CON EYACULADOR,0.02376,30.0,0.0,30.127469092607498,30.12763261795044,28.12763261795044,1,30.0,0.02376,0.0
MASS2177,0.003746822476387024,0.00024978816509246826,24.34178650379181,TimesFM-3.0-PyTorch,0.0,,0.03132,30.0,0.0,24.338039681315422,24.34178650379181,24.34178650379181,1,30.0,0.03132,0.0
MASS2178,0.033315956592559814,0.002221063772837321,21.574385225772858,TimesFM-3.0-PyTorch,0.0,,0.04032,30.0,0.0,21.541069269180298,21.574385225772858,21.574385225772858,1,30.0,0.04032,0.0
MASS2179,0.08365726470947266,0.00557715098063151,31.402808368206024,TimesFM-3.0-PyTorch,1.0,FUNDA PENE EXTENSOR REALISTA GLADIADOR ALARGAMIENTO 16CM,0.035,80.0,0.0,31.31915110349655,31.402808368206024,30.402808368206024,1,80.0,0.035,0.0
MASS2180,0.004787862300872803,0.00031919082005818684,5.137855216860771,TimesFM-3.0-PyTorch,1.0,FUNDA EXTENSORA DE PENE 27 CM CARNE,0.0168,100.0,0.0,5.133067354559898,5.137855216860771,4.137855216860771,1,100.0,0.0168,0.0
MASS2181,1.8592368364334106,0.12394912242889404,87.81804871559143,TimesFM-3.0-PyTorch,0.0,,0.014,80.0,0.0,85.95881187915802,87.81804871559143,87.81804871559143,2,160.0,0.028,0.0
MASS2182,0.016665339469909668,0.001111022631327311,1.6000800132751465,TimesFM-3.0-PyTorch,0.0,,0.014,80.0,0.0,1.5834146738052368,1.6000800132751465,1.6000800132751465,1,80.0,0.014,0.0
MASS2183,0.0,0.0,24.964999079704285,TimesFM-3.0-PyTorch,10.0,COLUMPIO DE PUERTA PARA ADULTOS,0.014,40.0,0.0,24.964999079704285,24.964999079704285,14.964999079704285,1,40.0,0.014,0.0
MASS2184,48.355557441711426,3.2237038294474285,371.0569095611572,TimesFM-3.0-PyTorch,138.0,OVULOS ESTRECHANTES Y APRIETE  VAGINAL,0.016,150.0,0.0,322.7013521194458,371.0569095611572,233.05690956115723,2,300.0,0.032,0.0
MASS2185,0.009184688329696655,0.0006123125553131103,7.406130611896515,TimesFM-3.0-PyTorch,29.0,CINTURON DE CASTIDAD DE METAL,0.06,100.0,0.0,7.396945923566818,7.406130611896515,0.0,0,0.0,0.0,0.0
MASS2186,0.024788618087768555,0.0016525745391845702,15.510768324136734,TimesFM-3.0-PyTorch,0.0,,0.053295,8.0,0.0,15.485979706048965,15.510768324136734,15.510768324136734,2,16.0,0.10659,0.0
MASS2187,62.994988203048706,4.199665880203247,279.0414276123047,TimesFM-3.0-PyTorch,99.0,SHAMPOO MEIDU CUBRE CANAS 3 EN 1 500 ML  NEGRO,0.092664,8.0,0.0,216.04643940925598,279.0414276123047,180.0414276123047,23,184.0,2.131272,0.0
MASS2188,13.775500237941742,0.9183666825294494,144.72005081176758,TimesFM-3.0-PyTorch,30.0,SHAMPOO MEIDU CUBRE CANAS 3 EN 1 500 ML  MARRON,0.05,1.0,0.0,130.94455057382584,144.72005081176758,114.72005081176758,115,115.0,5.75,0.0
MASS2189,1.241934984922409,0.08279566566149393,60.68687438964844,TimesFM-3.0-PyTorch,2.0,SHAMPOO MEIDU CUBRE CANAS 3 EN 1 500 ML  ROJO VINO,0.05,1.0,0.0,59.44493940472603,60.68687438964844,58.68687438964844,59,59.0,2.95,0.0
MASS2190,23.06423509120941,1.537615672747294,74.32640600204468,TimesFM-3.0-PyTorch,30.0,CEPILLO LAVADOR ELECTRICO RECARGABLE,0.168777,48.0,0.0,51.262170910835266,74.32640600204468,44.32640600204468,1,48.0,0.168777,0.0
MASS2191,0.05586344003677368,0.003724229335784912,16.633691400289536,TimesFM-3.0-PyTorch,0.0,,0.101601,24.0,0.0,16.577827960252762,16.633691400289536,16.633691400289536,1,24.0,0.101601,0.0
MASS2192,0.23950845003128052,0.01596723000208537,69.11346101760864,TimesFM-3.0-PyTorch,1.0,BOLSO DE LAPTOP CON USB NEGRO,0.0108,1.0,0.0,68.87395256757736,69.11346101760864,68.11346101760864,69,69.0,0.7452000000000001,0.0
MASS2193,0.0,0.0,53.06141018867493,TimesFM-3.0-PyTorch,1.0,ESMECHADOR DE POLLO,0.16178725,40.0,0.0,53.06141018867493,53.06141018867493,52.06141018867493,2,80.0,0.3235745,0.0
MASS2194,1.0748775601387024,0.07165850400924682,67.72135257720947,TimesFM-3.0-PyTorch,100.0,CAJA ACRILICA PARA ZAPATOS,0.095201,20.0,0.0,66.64647501707077,67.72135257720947,0.0,0,0.0,0.0,0.0
MASS2195,0.04724639654159546,0.003149759769439697,21.346474528312683,TimesFM-3.0-PyTorch,6.0,COCHE PARA BEBE VIAJERO YOYO NEGRO,0.05,1.0,0.0,21.299228131771088,21.346474528312683,15.346474528312683,16,16.0,0.8,0.0
MASS2196,35.86874485015869,2.391249656677246,81.69421434402466,TimesFM-3.0-PyTorch,315.0,BATERIA DRON E88,0.05,100.0,0.0,45.82546949386597,81.69421434402466,0.0,0,0.0,0.0,0.0
MASS2197,0.14334911108016968,0.009556607405344645,0.48989829421043396,TimesFM-3.0-PyTorch,45.0,IMPRESORA TERMICA 80 MM USB LAN,0.05,12.0,0.0,0.3465491831302643,0.48989829421043396,0.0,0,0.0,0.0,0.0
MASS2198,0.08550781011581421,0.005700520674387614,10.92582768201828,TimesFM-3.0-PyTorch,0.0,,0.099792,500.0,0.0,10.840319871902466,10.92582768201828,10.92582768201828,1,500.0,0.099792,0.0
MASS2199,8.782166361808777,0.5854777574539185,81.90024852752686,TimesFM-3.0-PyTorch,0.0,,0.13824,80.0,0.0,73.11808216571808,81.90024852752686,81.90024852752686,2,160.0,0.27648,0.0
MASS2200,32.3731734752655,2.1582115650177003,152.0806441307068,TimesFM-3.0-PyTorch,0.0,,0.093439,150.0,0.0,119.70747065544128,152.0806441307068,152.0806441307068,2,300.0,0.186878,0.0
MASS2201,0.0,0.0,31.2294739484787,TimesFM-3.0-PyTorch,0.0,,0.05,1.0,0.0,31.2294739484787,31.2294739484787,31.2294739484787,32,32.0,1.6,0.0
MASS2202,0.0,0.0,23.879128217697144,TimesFM-3.0-PyTorch,0.0,,0.05,1.0,0.0,23.879128217697144,23.879128217697144,23.879128217697144,24,24.0,1.2000000000000002,0.0
MASS2203,0.0005328655242919922,3.552436828613281e-05,1.7492539584636688,TimesFM-3.0-PyTorch,0.0,,0.05,1.0,0.0,1.7487210929393768,1.7492539584636688,1.7492539584636688,2,2.0,0.1,0.0
MASS2204,0.0103682279586792,0.0006912151972452799,2.0121259093284607,TimesFM-3.0-PyTorch,1.0,CORRECTOR DE POSTURA AJUSTABLE ESPALDA TALLA L,0.05,1.0,0.0,2.0017576813697815,2.0121259093284607,1.0121259093284607,2,2.0,0.1,0.0
MASS2205,0.0772939920425415,0.0051529328028361,13.3850606828928,TimesFM-3.0-PyTorch,0.0,,0.05,1.0,0.0,13.307766690850258,13.3850606828928,13.3850606828928,14,14.0,0.7000000000000001,0.0
MASS2206,0.07373803853988647,0.004915869235992432,30.658583998680115,TimesFM-3.0-PyTorch,0.0,,0.05,1.0,0.0,30.58484596014023,30.658583998680115,30.658583998680115,31,31.0,1.55,0.0
MASS2207,0.0,0.0,7.371115624904633,TimesFM-3.0-PyTorch,18.0,LAMPARA DE ARENA AZUL,0.05,1.0,0.0,7.371115624904633,7.371115624904633,0.0,0,0.0,0.0,0.0
MASS2208,0.25211699306964874,0.01680779953797658,11.655610203742981,TimesFM-3.0-PyTorch,17.0,LAMPARA DE ARENA NEGRO,0.05,1.0,0.0,11.403493210673332,11.655610203742981,0.0,0,0.0,0.0,0.0
MASS2209,0.0001613721251487732,1.075814167658488e-05,0.05055002123117447,TimesFM-3.0-PyTorch,29.0,LAMPARA DE ARENA ROJO,0.05,1.0,0.0,0.050388649106025696,0.05055002123117447,0.0,0,0.0,0.0,0.0
MASS2210,0.1732601746916771,0.011550678312778473,15.654942750930786,TimesFM-3.0-PyTorch,19.0,LAMPARA DE ARENA VERDE,0.05,1.0,0.0,15.481682576239109,15.654942750930786,0.0,0,0.0,0.0,0.0
MASS2211,71.47682905197144,4.765121936798096,297.8398780822754,TimesFM-3.0-PyTorch,31.0,PROYECTOR HY300 720,0.079002,20.0,0.0,226.36304903030396,297.8398780822754,266.8398780822754,14,280.0,1.106028,0.0
MASS2212,2.344912350177765,0.156327490011851,46.75750386714935,TimesFM-3.0-PyTorch,0.0,,0.4125,75.0,0.0,44.41259151697159,46.75750386714935,46.75750386714935,1,75.0,0.4125,0.0
MASS2213,7.744886040687561,0.5163257360458374,91.89424324035645,TimesFM-3.0-PyTorch,29.0,MAQUINA BOXEO BLUETOOH CON ACCESORIOS,0.027648,1.0,0.0,84.14935719966888,91.89424324035645,62.894243240356445,63,63.0,1.741824,0.0
MASS2214,0.24733901023864746,0.016489267349243164,62.21864366531372,TimesFM-3.0-PyTorch,0.0,,0.143104,10.0,0.0,61.97130465507507,62.21864366531372,62.21864366531372,7,70.0,1.001728,0.0
MASS2215,17.595214128494263,1.1730142752329509,863.1811027526855,TimesFM-3.0-PyTorch,2.0,FOMENTERA ESTERILLA ELECTRICA,0.084224,30.0,0.0,845.5858886241913,863.1811027526855,861.1811027526855,29,870.0,2.442496,0.0
MASS2216,18.594028055667877,1.2396018703778584,264.8783359527588,TimesFM-3.0-PyTorch,34.0,MASAJEADOR DE PIE PROFUNDO TERMICO,0.1665,20.0,0.0,246.2843078970909,264.8783359527588,230.8783359527588,12,240.0,1.9980000000000002,0.0
MASS2217,0.0,0.0,11.828855276107788,TimesFM-3.0-PyTorch,0.0,,0.081675,1.0,0.0,11.828855276107788,11.828855276107788,11.828855276107788,12,12.0,0.9801,0.0
MASS2218,0.007508710026741028,0.0005005806684494019,0.052746355533599854,TimesFM-3.0-PyTorch,12.0,BANCO AJUSTABLE DE PESAS EJERCICIO ABDOMINALES GYM,0.08428875,1.0,0.0,0.045237645506858826,0.052746355533599854,0.0,0,0.0,0.0,0.0
MASS2219,0.0,0.0,21.77871060371399,TimesFM-3.0-PyTorch,0.0,,0.058609,1.0,0.0,21.77871060371399,21.77871060371399,21.77871060371399,22,22.0,1.289398,0.0
MASS2220,0.0,0.0,6.965206056833267,TimesFM-3.0-PyTorch,0.0,,0.0559845,30.0,0.0,6.965206056833267,6.965206056833267,6.965206056833267,1,30.0,0.0559845,0.0
MASS2221,0.004915080964565277,0.0003276720643043518,0.1194903627038002,TimesFM-3.0-PyTorch,0.0,,0.056525,1.0,0.0,0.11457528173923492,0.1194903627038002,0.1194903627038002,1,1.0,0.056525,0.0
MASS2222,0.5333806574344635,0.0355587104956309,9.625607311725616,TimesFM-3.0-PyTorch,12.0,Luz de techo LED montada en superficie moderna inteligente IP44 para el hogar,0.09856,10.0,0.0,9.092226654291153,9.625607311725616,0.0,0,0.0,0.0,0.0
MASS2223,0.08972522616386414,0.005981681744257609,26.024691224098206,TimesFM-3.0-PyTorch,246.0,"EJERCITADOR 3 EN 1, EXPANSOR DE PECHO CON RESORTE, MANUAL FORTALECEDOR DE AGARRE",0.0812,10.0,0.0,25.93496599793434,26.024691224098206,0.0,0,0.0,0.0,0.0
MASS2224,38.77591252326965,2.5850608348846436,167.18084239959717,TimesFM-3.0-PyTorch,25.0,DISPOSITIVO AUXILIAR DE ABDOMINALES CON AUTOSUCCIÓN PARA EL HOGAR,0.106672,20.0,0.0,128.40492987632751,167.18084239959717,142.18084239959717,8,160.0,0.853376,0.0
MASS2225,54.64859104156494,3.643239402770996,146.95490550994873,TimesFM-3.0-PyTorch,45.0,ESCALERA DE AGILIDAD COORDINACION ENTRENAMIENTO 6 METROS,0.072,50.0,0.0,92.30631446838379,146.95490550994873,101.95490550994873,3,150.0,0.21599999999999997,0.0
MASS2226,88.00564289093018,5.867042859395345,229.6347885131836,TimesFM-3.0-PyTorch,0.0,,0.05,1.0,0.0,141.62914562225342,229.6347885131836,229.6347885131836,230,230.0,11.5,0.0
MASS2227,0.39786532521247864,0.02652435501416524,37.04488968849182,TimesFM-3.0-PyTorch,0.0,,0.05,1.0,0.0,36.64702436327934,37.04488968849182,37.04488968849182,38,38.0,1.9000000000000001,0.0
MASS2228,0.06390208005905151,0.004260138670603434,13.873245805501938,TimesFM-3.0-PyTorch,0.0,,0.05,1.0,0.0,13.809343725442886,13.873245805501938,13.873245805501938,14,14.0,0.7000000000000001,0.0
MASS2229,0.036710143089294434,0.002447342872619629,46.04178714752197,TimesFM-3.0-PyTorch,0.0,,0.05,1.0,0.0,46.00507700443268,46.04178714752197,46.04178714752197,47,47.0,2.35,0.0
MASS2230,0.016623735427856445,0.001108249028523763,13.171424806118011,TimesFM-3.0-PyTorch,0.0,,0.05,1.0,0.0,13.154801070690155,13.171424806118011,13.171424806118011,14,14.0,0.7000000000000001,0.0
MASS2231,0.23277771472930908,0.015518514315287273,38.33575975894928,TimesFM-3.0-PyTorch,0.0,,0.05,1.0,0.0,38.10298204421997,38.33575975894928,38.33575975894928,39,39.0,1.9500000000000002,0.0
MASS2232,43.23295974731445,2.88219731648763,184.78235149383545,TimesFM-3.0-PyTorch,20.0,"LUCES SOLARES PARA EL HOGAR, LÁMPARA DE ENERGÍA SOLAR IP65, RESISTENTE AL AGUA, PARA INTERIOR Y EXTERIOR  20CM 100W",0.05,1.0,0.0,141.549391746521,184.78235149383545,164.78235149383545,165,165.0,8.25,0.0
MASS2233,37.839502573013306,2.522633504867554,311.54440116882324,TimesFM-3.0-PyTorch,154.0,"BELIA-CÁMARA DE VIGILANCIA 4K DE 8MP CON WIFI, LENTE DUAL, ZOOM DIGITAL 4X, DETECCIÓN HUMANA POR IA, ONVIF, CÁMARAS IP PTZ",0.1298,30.0,0.0,273.70489859580994,311.54440116882324,157.54440116882324,6,180.0,0.7787999999999999,0.0
MASS2234,25.82713806629181,1.721809204419454,105.22693300247192,TimesFM-3.0-PyTorch,27.0,TECLADO BLUETOOTH PLEGABLE INALAMBRICO PORTATIL,0.023896,40.0,0.0,79.39979493618011,105.22693300247192,78.22693300247192,2,80.0,0.047792,0.0
MASS2235,30.879029989242554,2.058601999282837,198.69446754455566,TimesFM-3.0-PyTorch,136.0,MÁQUINA DE CAFE PORTÁTIL CON CALEFACCIÓN AUTOMÁTICA INALÁMBRICA,0.0673745,25.0,0.0,167.8154375553131,198.69446754455566,62.694467544555664,3,75.0,0.2021235,0.0
MASS2236,0.0,0.0,10.402306348085403,TimesFM-3.0-PyTorch,0.0,,0.05,40.0,0.0,10.402306348085403,10.402306348085403,10.402306348085403,1,40.0,0.05,0.0
MASS2237,2.0601215064525604,0.13734143376350402,50.007182359695435,TimesFM-3.0-PyTorch,0.0,,0.05,1.0,0.0,47.947060853242874,50.007182359695435,50.007182359695435,51,51.0,2.5500000000000003,0.0
MASS2238,0.8434677124023438,0.056231180826822914,40.709044456481934,TimesFM-3.0-PyTorch,0.0,,0.05,1.0,0.0,39.86557674407959,40.709044456481934,40.709044456481934,41,41.0,2.0500000000000003,0.0
MASS2239,1.1030756384134293,0.07353837589422861,68.2645275592804,TimesFM-3.0-PyTorch,0.0,,0.05,1.0,0.0,67.16145192086697,68.2645275592804,68.2645275592804,69,69.0,3.45,0.0
MASS2240,1.6101568527519703,0.10734379018346468,44.269760608673096,TimesFM-3.0-PyTorch,39.0,SET 3 PLUG ANAL ALARGADO NEGRO,0.05,1.0,0.0,42.659603755921125,44.269760608673096,5.269760608673096,6,6.0,0.30000000000000004,0.0
MASS2241,3.37211674451828,0.22480778296788534,66.16169714927673,TimesFM-3.0-PyTorch,2.0,VIBRADOR ANAL HUSH 2 CONTROLAO POR APP BY LOVENSE,0.045696,120.0,0.0,62.78958040475845,66.16169714927673,64.16169714927673,1,120.0,0.045696,0.0
MASS2242,18.794690251350403,1.2529793500900268,50.5661096572876,TimesFM-3.0-PyTorch,20.0,CONSOLADOR DE TIGRE LARGO DRAGÓN 40 CM ANAL PLUGS,0.0504,100.0,0.0,31.771419405937195,50.5661096572876,30.566109657287598,1,100.0,0.0504,0.0
MASS2243,0.045952439308166504,0.003063495953877767,37.31315588951111,TimesFM-3.0-PyTorch,0.0,,0.1225,50.0,0.0,37.26720345020294,37.31315588951111,37.31315588951111,1,50.0,0.1225,0.0
MASS2244,209.26812934875488,13.951208623250325,692.2587738037109,TimesFM-3.0-PyTorch,230.0,ACEITE DE MASAJE CORPORAL AUMENTO DE PENE XXXL 10 ML,0.0864,800.0,0.0,482.99064445495605,692.2587738037109,462.25877380371094,1,800.0,0.0864,0.0
MASS2245,0.0,0.0,4.409840852022171,TimesFM-3.0-PyTorch,0.0,,0.05,1.0,0.0,4.409840852022171,4.409840852022171,4.409840852022171,5,5.0,0.25,0.0
MASS2246,0.15052132308483124,0.010034754872322083,12.19954800605774,TimesFM-3.0-PyTorch,49.0,BDSM CINTA ESTATICA PARA JUEGOS PREVIOS DE ADULTOS NEGRO,0.05,1.0,0.0,12.049026682972908,12.19954800605774,0.0,0,0.0,0.0,0.0
MASS2247,0.05370737612247467,0.0035804917414983114,21.370502710342407,TimesFM-3.0-PyTorch,0.0,,0.05,1.0,0.0,21.316795334219933,21.370502710342407,21.370502710342407,22,22.0,1.1,0.0
MASS2248,0.0004017055034637451,2.678036689758301e-05,21.6727414727211,TimesFM-3.0-PyTorch,15.0,COPA MASTURBADORA CON VIBRACION RECARGABLE,0.055575,40.0,0.0,21.672339767217636,21.6727414727211,6.6727414727211,1,40.0,0.055575,0.0
MASS2249,1.4390909671783447,0.09593939781188965,58.48911249637604,TimesFM-3.0-PyTorch,3.0,FUNDA PARA PENE TEXTURIZADA CON VIBRACION,0.043472,120.0,0.0,57.05002152919769,58.48911249637604,55.48911249637604,1,120.0,0.043472,0.0
MASS2250,0.0,0.0,33.112910747528076,TimesFM-3.0-PyTorch,33.0,DISFRAZ SEXY DE CONEJITA PARA MUJER NEGRO,0.05,1.0,0.0,33.112910747528076,33.112910747528076,0.11291074752807617,1,1.0,0.05,0.0
MASS2251,0.014531999826431274,0.0009687999884287516,52.443601846694946,TimesFM-3.0-PyTorch,5.0,TAPÓN ANAL DE METAL CON FORMA DE DILDO PARA HOMBRES NEGRO TALLA S,0.01188,50.0,0.0,52.429069846868515,52.443601846694946,47.443601846694946,1,50.0,0.01188,0.0
MASS2252,6.1767757833004,0.41178505222002665,31.166286945343018,TimesFM-3.0-PyTorch,3.0,TAPÓN ANAL DE METAL CON FORMA DE DILDO PARA HOMBRES BLANCO TALLA M,0.031768,50.0,0.0,24.989511162042618,31.166286945343018,28.166286945343018,1,50.0,0.031768,0.0
MASS2253,0.4735358953475952,0.03156905968983968,28.608588695526123,TimesFM-3.0-PyTorch,15.0,TAPÓN ANAL DE METAL CON FORMA DE DILDO PARA HOMBRES ROJO TALLA L,0.031768,40.0,0.0,28.135052800178528,28.608588695526123,13.608588695526123,1,40.0,0.031768,0.0
MASS2254,0.013936027884483337,0.0009290685256322224,0.17201019823551178,TimesFM-3.0-PyTorch,29.0,EXTENSOR DE PENE BOLA DE METAL SIMPLE DE 35 MM,0.0252,50.0,0.0,0.15807417035102844,0.17201019823551178,0.0,0,0.0,0.0,0.0
MASS2255,0.0,0.0,19.37603896856308,TimesFM-3.0-PyTorch,28.0,EXTENSOR DE PENE BOLA DE METAL DOBLE DE 35 MM,0.028,50.0,0.0,19.37603896856308,19.37603896856308,0.0,0,0.0,0.0,0.0
MASS2256,0.015621393918991089,0.0010414262612660726,23.479198575019836,TimesFM-3.0-PyTorch,20.0,EXTENSOR DE PENE BOLA DE METAL TRIPLE DE 35 MM,0.028,50.0,0.0,23.463577181100845,23.479198575019836,3.4791985750198364,1,50.0,0.028,0.0
MASS2257,0.0,0.0,25.847995042800903,TimesFM-3.0-PyTorch,0.0,,0.05,1.0,0.0,25.847995042800903,25.847995042800903,25.847995042800903,26,26.0,1.3,0.0
MASS2258,0.024209529161453247,0.0016139686107635499,10.915559083223343,TimesFM-3.0-PyTorch,0.0,,0.05,1.0,0.0,10.89134955406189,10.915559083223343,10.915559083223343,11,11.0,0.55,0.0
MASS2259,0.010592252016067505,0.0007061501344045003,20.510440587997437,TimesFM-3.0-PyTorch,0.0,,0.05,1.0,0.0,20.49984833598137,20.510440587997437,20.510440587997437,21,21.0,1.05,0.0
MASS2260,0.0,0.0,11.472223103046417,TimesFM-3.0-PyTorch,0.0,,0.05,1.0,0.0,11.472223103046417,11.472223103046417,11.472223103046417,12,12.0,0.6000000000000001,0.0
MASS2261,0.06205889582633972,0.004137259721755981,24.7900732755661,TimesFM-3.0-PyTorch,0.0,,0.027,20.0,0.0,24.72801437973976,24.7900732755661,24.7900732755661,2,40.0,0.054,0.0
MASS2262,0.0028484463691711426,0.0001898964246114095,1.4660115987062454,TimesFM-3.0-PyTorch,0.0,,0.05,1.0,0.0,1.4631631523370743,1.4660115987062454,1.4660115987062454,2,2.0,0.1,0.0
MASS2263,0.14192098379135132,0.00946139891942342,14.108108937740326,TimesFM-3.0-PyTorch,1.0,SATISFAYER RECARGABLE NEGRO GM21901,0.05,1.0,0.0,13.966187953948975,14.108108937740326,13.108108937740326,14,14.0,0.7000000000000001,0.0
MASS2264,2.67044797539711,0.178029865026474,48.8169584274292,TimesFM-3.0-PyTorch,15.0,CEPILLO FACIAL AZUL,0.05,1.0,0.0,46.14651045203209,48.8169584274292,33.8169584274292,34,34.0,1.7000000000000002,0.0
MASS2265,0.1862415373325348,0.012416102488835653,25.40635585784912,TimesFM-3.0-PyTorch,17.0,CEPILLO FACIAL ROSADO,0.05,1.0,0.0,25.220114320516586,25.40635585784912,8.406355857849121,9,9.0,0.45,0.0
MASS2266,0.0,0.0,5.22209045290947,TimesFM-3.0-PyTorch,0.0,,0.05,1.0,0.0,5.22209045290947,5.22209045290947,5.22209045290947,6,6.0,0.30000000000000004,0.0
MASS2267,0.002893388271331787,0.00019289255142211913,8.327061414718628,TimesFM-3.0-PyTorch,0.0,,0.05,1.0,0.0,8.324168026447296,8.327061414718628,8.327061414718628,9,9.0,0.45,0.0
MASS2268,0.00116729736328125,7.781982421875e-05,1.2935148924589157,TimesFM-3.0-PyTorch,0.0,,0.05,1.0,0.0,1.2923475950956345,1.2935148924589157,1.2935148924589157,2,2.0,0.1,0.0
MASS2269,0.5312184244394302,0.03541456162929535,29.837507367134094,TimesFM-3.0-PyTorch,0.0,,0.05,1.0,0.0,29.306288942694664,29.837507367134094,29.837507367134094,30,30.0,1.5,0.0
MASS2270,0.02798977494239807,0.0018659849961598714,39.11576557159424,TimesFM-3.0-PyTorch,0.0,,0.05,1.0,0.0,39.08777579665184,39.11576557159424,39.11576557159424,40,40.0,2.0,0.0
MASS2271,0.0,0.0,2.637804016470909,TimesFM-3.0-PyTorch,0.0,,0.05,1.0,0.0,2.637804016470909,2.637804016470909,2.637804016470909,3,3.0,0.15000000000000002,0.0
MASS2272,0.08698034286499023,0.005798689524332682,3.1675702333450317,TimesFM-3.0-PyTorch,0.0,,0.05,1.0,0.0,3.0805898904800415,3.1675702333450317,3.1675702333450317,4,4.0,0.2,0.0
MASS2273,0.006849527359008789,0.0004566351572672526,8.381844252347946,TimesFM-3.0-PyTorch,0.0,,0.05,1.0,0.0,8.374994724988937,8.381844252347946,8.381844252347946,9,9.0,0.45,0.0
MASS2274,0.0,0.0,0.1805034875869751,TimesFM-3.0-PyTorch,0.0,,0.05,1.0,0.0,0.1805034875869751,0.1805034875869751,0.1805034875869751,1,1.0,0.05,0.0
MASS2275,0.0,0.0,10.907226204872131,TimesFM-3.0-PyTorch,38.0,LAMPARA DE LIBRO MARRON OSCURO,0.05,1.0,0.0,10.907226204872131,10.907226204872131,0.0,0,0.0,0.0,0.0
MASS2276,0.0842793732881546,0.005618624885876973,0.34884560853242874,TimesFM-3.0-PyTorch,49.0,LAMPARA DE LIBRO MARRON CAOBA,0.05,1.0,0.0,0.26456623524427414,0.34884560853242874,0.0,0,0.0,0.0,0.0
MASS2277,3.9026278257369995,0.2601751883824666,50.2213020324707,TimesFM-3.0-PyTorch,18.0,SET DE VIAJE 8 PCS AZUL,0.05,1.0,0.0,46.318674206733704,50.2213020324707,32.2213020324707,33,33.0,1.6500000000000001,0.0
MASS2278,4.705939680337906,0.3137293120225271,78.67913293838501,TimesFM-3.0-PyTorch,11.0,SET DE VIAJE 8 PCS GRIS,0.05,1.0,0.0,73.9731932580471,78.67913293838501,67.67913293838501,68,68.0,3.4000000000000004,0.0
MASS2279,0.13392111659049988,0.008928074439366659,1.5055417716503143,TimesFM-3.0-PyTorch,0.0,,0.05,1.0,0.0,1.3716206550598145,1.5055417716503143,1.5055417716503143,2,2.0,0.1,0.0
MASS2280,0.14236637949943542,0.009491091966629029,0.5857173651456833,TimesFM-3.0-PyTorch,0.0,,0.05,1.0,0.0,0.44335098564624786,0.5857173651456833,0.5857173651456833,1,1.0,0.05,0.0
MASS2281,0.08222925662994385,0.005481950441996257,0.3326544761657715,TimesFM-3.0-PyTorch,0.0,,0.05,1.0,0.0,0.25042521953582764,0.3326544761657715,0.3326544761657715,1,1.0,0.05,0.0
MASS2282,0.02609705924987793,0.001739803949991862,3.7497216165065765,TimesFM-3.0-PyTorch,0.0,,0.05,1.0,0.0,3.7236245572566986,3.7497216165065765,3.7497216165065765,4,4.0,0.2,0.0
MASS2283,0.0,0.0,16.471703827381134,TimesFM-3.0-PyTorch,35.0,SET 3 PLUG ANAL ALARGADO ROSADO,0.05,1.0,0.0,16.471703827381134,16.471703827381134,0.0,0,0.0,0.0,0.0
MASS2284,0.005076967179775238,0.00033846447865168254,8.587756305932999,TimesFM-3.0-PyTorch,34.0,SET 3 PLUG ANAL ALARGADO MORADO,0.05,1.0,0.0,8.582679338753223,8.587756305932999,0.0,0,0.0,0.0,0.0
MASS2285,0.006320387125015259,0.00042135914166768393,0.3492373004555702,TimesFM-3.0-PyTorch,0.0,,0.05,1.0,0.0,0.34291691333055496,0.3492373004555702,0.3492373004555702,1,1.0,0.05,0.0
MASS2286,0.0015500783920288086,0.00010333855946858724,0.08102165162563324,TimesFM-3.0-PyTorch,53.0,BDSM CINTA ESTATICA PARA JUEGOS PREVIOS DE ADULTOS ROJO,0.05,1.0,0.0,0.07947157323360443,0.08102165162563324,0.0,0,0.0,0.0,0.0
MASS2287,0.06214551627635956,0.00414303441842397,18.82655954360962,TimesFM-3.0-PyTorch,0.0,,0.05,1.0,0.0,18.76441402733326,18.82655954360962,18.82655954360962,19,19.0,0.9500000000000001,0.0
MASS2288,0.01683802902698517,0.0011225352684656779,15.175094723701477,TimesFM-3.0-PyTorch,0.0,,0.05,1.0,0.0,15.158256694674492,15.175094723701477,15.175094723701477,16,16.0,0.8,0.0
MASS2289,0.026030033826828003,0.0017353355884552001,0.42434025555849075,TimesFM-3.0-PyTorch,0.0,,0.05,1.0,0.0,0.39831022173166275,0.42434025555849075,0.42434025555849075,1,1.0,0.05,0.0
MASS2290,0.000941157341003418,6.27438227335612e-05,0.6410014629364014,TimesFM-3.0-PyTorch,0.0,,0.05,1.0,0.0,0.640060305595398,0.6410014629364014,0.6410014629364014,1,1.0,0.05,0.0
MASS2291,0.011456727981567383,0.0007637818654378255,0.5050670802593231,TimesFM-3.0-PyTorch,0.0,,0.05,1.0,0.0,0.49361035227775574,0.5050670802593231,0.5050670802593231,1,1.0,0.05,0.0
MASS2292,0.014284312725067139,0.0009522875150044759,0.7689737379550934,TimesFM-3.0-PyTorch,0.0,,0.05,1.0,0.0,0.7546894252300262,0.7689737379550934,0.7689737379550934,1,1.0,0.05,0.0
MASS2293,56.56977701187134,3.771318467458089,318.42736434936523,TimesFM-3.0-PyTorch,16.0,RELOJ INTELIGENTE PARA NIÑO Q19 GPS VERDE,0.05,1.0,0.0,261.8575873374939,318.42736434936523,302.42736434936523,303,303.0,15.15,0.0
MASS2294,0.0,0.0,10.327323198318481,TimesFM-3.0-PyTorch,2.0,RELOJ INTELIGENTE S9 ROSADO INCLUYE 3 CORREAS,0.05,1.0,0.0,10.327323198318481,10.327323198318481,8.327323198318481,9,9.0,0.45,0.0
MASS2295,0.30161137878894806,0.020107425252596536,16.330894231796265,TimesFM-3.0-PyTorch,51.0,"HERRAMIENTA INALÁMBRICA PARA EL CUIDADO DEL CABELLO, CEPILLO ALISADOR ELÉCTRICO ROSADO",0.05,1.0,0.0,16.029282853007317,16.330894231796265,0.0,0,0.0,0.0,0.0
MASS2296,0.001038387417793274,6.922582785288493e-05,0.06252071261405945,TimesFM-3.0-PyTorch,1.0,RELOJ INTELIGENTE P89 VERDE,0.05,1.0,0.0,0.061482325196266174,0.06252071261405945,0.0,0,0.0,0.0,0.0
MASS2297,4.395842552185059e-06,2.930561701456706e-07,13.530277669429779,TimesFM-3.0-PyTorch,29.0,ANILLO INTELIGENTE PLATEADO TALLA 8,0.05,1.0,0.0,13.530273273587227,13.530277669429779,0.0,0,0.0,0.0,0.0
MASS2298,0.0,0.0,21.19334328174591,TimesFM-3.0-PyTorch,43.0,ANILLO INTELIGENTE PLATEADO TALLA 9,0.05,1.0,0.0,21.19334328174591,21.19334328174591,0.0,0,0.0,0.0,0.0
MASS2299,0.033739931881427765,0.0022493287920951842,0.11969751864671707,TimesFM-3.0-PyTorch,38.0,ANILLO INTELIGENTE PLATEADO TALL10,0.05,1.0,0.0,0.0859575867652893,0.11969751864671707,0.0,0,0.0,0.0,0.0
MASS2300,0.011850759387016296,0.0007900506258010864,1.351500228047371,TimesFM-3.0-PyTorch,7.0,ANILLO INTELIGENTE PLATEADO TALLA 11,0.05,1.0,0.0,1.3396494686603546,1.351500228047371,0.0,0,0.0,0.0,0.0
MASS2301,2.496459662914276,0.16643064419428508,78.84657430648804,TimesFM-3.0-PyTorch,40.0,CAMARA TIPO GOPRO PLATEADA,0.05,1.0,0.0,76.35011464357376,78.84657430648804,38.84657430648804,39,39.0,1.9500000000000002,0.0
MASS2302,0.00018846429884433746,1.2564286589622497e-05,0.018331199884414673,TimesFM-3.0-PyTorch,0.0,,0.05,1.0,0.0,0.018142735585570335,0.018331199884414673,0.018331199884414673,1,1.0,0.05,0.0
MASS2303,38.27682387828827,2.551788258552551,475.2287826538086,TimesFM-3.0-PyTorch,130.0,SILLA EJECUTIVA ERGONOMICA A6P,0.06625,1.0,0.0,436.9519587755203,475.2287826538086,345.2287826538086,346,346.0,22.9225,0.0
MASS2304,20.532325625419617,1.3688217083613077,430.08181953430176,TimesFM-3.0-PyTorch,0.0,,0.06625,1.0,0.0,409.54949390888214,430.08181953430176,430.08181953430176,431,431.0,28.55375,0.0
MASS2305,0.45741885900497437,0.030494590600331623,61.65759801864624,TimesFM-3.0-PyTorch,0.0,,0.12544,1.0,0.0,61.200179159641266,61.65759801864624,61.65759801864624,62,62.0,7.777279999999999,0.0
MASS2306,0.0,0.0,19.61872035264969,TimesFM-3.0-PyTorch,0.0,,0.05,1.0,0.0,19.61872035264969,19.61872035264969,19.61872035264969,20,20.0,1.0,0.0
MASS2307,13.664642751216888,0.9109761834144592,120.58571815490723,TimesFM-3.0-PyTorch,28.0,SILLA PRESIDENCIAL POSA PIE SP01,0.1381875,1.0,0.0,106.92107540369034,120.58571815490723,92.58571815490723,93,93.0,12.8514375,0.0
MASS2308,111.69371032714844,7.446247355143229,234.97418212890625,TimesFM-3.0-PyTorch,24.0,SILLA EJECUTIVA DE ESCRITORIO SE01,0.06625,1.0,0.0,123.28047180175781,234.97418212890625,210.97418212890625,211,211.0,13.978750000000002,0.0
MASS2309,0.0,0.0,48.53654766082764,TimesFM-3.0-PyTorch,17.0,SILLA EJECUTIVA SIBERIANA SE02,0.19836,1.0,0.0,48.53654766082764,48.53654766082764,31.536547660827637,32,32.0,6.34752,0.0
MASS2310,24.827840924263,1.6551893949508667,83.53190326690674,TimesFM-3.0-PyTorch,0.0,,0.043316,96.0,0.0,58.70406234264374,83.53190326690674,83.53190326690674,1,96.0,0.043316,0.0
MASS2311,9.53940737247467,0.6359604914983114,48.49105143547058,TimesFM-3.0-PyTorch,37.0,"PLUMA DE PLASMA LÁSER PARA LUNARES, MANCHAS OSCURAS, PECAS, NEVUS, VERRUGAS",0.0588,50.0,0.0,38.95164406299591,48.49105143547058,11.491051435470581,1,50.0,0.0588,0.0
MASS2312,33.48496127128601,2.2323307514190676,147.3151273727417,TimesFM-3.0-PyTorch,137.0,MASCARILLAS FACIALES HIDRATANTES SADOER 24K ORO,0.023345,300.0,0.0,113.83016610145569,147.3151273727417,10.3151273727417,1,300.0,0.023345,0.0
MASS2313,7.800643175840378,0.5200428783893585,87.01787519454956,TimesFM-3.0-PyTorch,61.0,TERAPIA DE PANTALLA DE VENAS VARICOSAS,0.05145,100.0,0.0,79.21723201870918,87.01787519454956,26.01787519454956,1,100.0,0.05145,0.0
MASS2314,14.861262261867523,0.9907508174578349,99.86690664291382,TimesFM-3.0-PyTorch,0.0,,0.027692,100.0,0.0,85.0056443810463,99.86690664291382,99.86690664291382,1,100.0,0.027692,0.0
MASS2315,26.31756591796875,1.75450439453125,219.93083381652832,TimesFM-3.0-PyTorch,49.0,SKIN1004 SÉRUM FACIAL DE AMPOLLA DE CENTELLA ASIATICA,0.050715,96.0,0.0,193.61326789855957,219.93083381652832,170.93083381652832,2,192.0,0.10143,0.0
MASS2316,0.6652442216873169,0.04434961477915446,38.97994244098663,TimesFM-3.0-PyTorch,0.0,,0.03898125,200.0,0.0,38.314698219299316,38.97994244098663,38.97994244098663,1,200.0,0.03898125,0.0
MASS2317,74.13252353668213,4.942168235778809,172.35128211975098,TimesFM-3.0-PyTorch,18.0,"ELIMINADOR DE ARRUGAS CON VITAMINA C, SUERO FACIAL REAFIRMANTE QUE SE DESVANECE, LÍNEAS FINAS, ESENCIA ANTIENVEJECIMIENTO, BLANQUEAMIENTO, ILUMINA, NUTRE EL CUIDADO DE LA PIEL",0.062604,200.0,0.0,98.21875858306885,172.35128211975098,154.35128211975098,1,200.0,0.062604,0.0
MASS2318,0.10902785882353783,0.007268523921569189,0.25192680582404137,TimesFM-3.0-PyTorch,6.0,DERMA PEN 4 POLOS EMS MÁQUINA DE BELLEZA DE MICROCORRIENTE HYDRA PEN H5 PLUMA DE MICROAGUJAS DE INFUSIÓN AUTOMÁTICA DORADO,0.032,10.0,0.0,0.14289894700050354,0.25192680582404137,0.0,0,0.0,0.0,0.0
MASS2319,13.27141135931015,0.8847607572873434,133.34529447555542,TimesFM-3.0-PyTorch,349.0,"KIT DE ELIMINACIÓN DE VERRUGAS Y TOPO, HERRAMIENTAS DE LIMPIEZA PARA EL CUIDADO DE LA PIEL FACIAL, TRATAMIENTOS DE PUNTOS Y VERRUGAS CORPORALES, INDOLORO, 2 EN 1",0.080224125,100.0,0.0,120.07388311624527,133.34529447555542,0.0,0,0.0,0.0,0.0
MASS2320,0.0029767793603241444,0.00019845195735494295,0.014484386425465345,TimesFM-3.0-PyTorch,4.0,"MÁQUINA DE DEPILACIÓN LÁSER DE DIODO 3 EN 1 OPT IPL, LÁSER PORTÁTIL ND YAG PARA ELIMINAR TATUAJES, DISPOSITIVO DE BELLEZA PROFESIONAL, DEPILACIÓN LÁSER",0.215424,1.0,0.0,0.011507607065141201,0.014484386425465345,0.0,0,0.0,0.0,0.0
MASS2321,43.83847188949585,2.9225647926330565,129.5825071334839,TimesFM-3.0-PyTorch,45.0,"DISPOSITIVO ELÉCTRICO DE BELLEZA PARA ESTIRAMIENTO FACIAL EN V, MÁQUINA FACIAL EN FORMA DE V DE DOBLE BARBILLA",0.054756,46.0,0.0,85.74403524398804,129.5825071334839,84.58250713348389,2,92.0,0.109512,0.0
MASS2322,0.03086337447166443,0.002057558298110962,16.42526686191559,TimesFM-3.0-PyTorch,0.0,,0.05616,6.0,0.0,16.394403487443924,16.42526686191559,16.42526686191559,3,18.0,0.16848000000000002,0.0
MASS2323,51.56844735145569,3.437896490097046,287.6853218078613,TimesFM-3.0-PyTorch,232.0,MICRÓFONO DE SOLAPA INALÁMBRICO 2MIC 3 EN 1 PARA GRABACIÓN DE AUDIO Y VIDEO DE VLOGS Y TRANSMISIONES DE ENTREVISTAS COMPATIBLES CON SMARTPHONES,0.0736,100.0,0.0,236.11687445640564,287.6853218078613,55.68532180786133,1,100.0,0.0736,0.0
MASS2324,38.74790370464325,2.58319358030955,392.14843559265137,TimesFM-3.0-PyTorch,168.0,Q8 AURICULAR TOTALMENTE COMPATIBLE CON EL ADAPTADOR TIPO C + APPLE UNO A DOS,0.06048,100.0,0.0,353.4005318880081,392.14843559265137,224.14843559265137,3,300.0,0.18144,0.0
MASS2325,0.18530339002609253,0.012353559335072836,3.5873319059610367,TimesFM-3.0-PyTorch,52.0,RELOJ DESPERTADOR 3 EN 1AL POR MAYOR CON CARGADOR CARGADOR INALÁMBRICO PORTÁTIL PLEGABLE RELOJ DESPERTADOR CON CARGADOR ESTACIONES DE CARGA PORTÁTILES,0.040774,50.0,0.0,3.402028515934944,3.5873319059610367,0.0,0,0.0,0.0,0.0
MASS2326,101.20381927490234,6.74692128499349,704.8689804077148,TimesFM-3.0-PyTorch,790.0,SOPORTE DE TELÉFONO PARA COCHE DE DISEÑO INNOVADOR BRAZO DE ABRAZADERA PLEGABLE DE ROTACIÓN 360 CON VENTOSA DE VACÍO MAGNÉTICA FLEXIBLE,0.05016,125.0,0.0,603.6651611328125,704.8689804077148,0.0,0,0.0,0.0,0.0
MASS2327,9.270045518875122,0.6180030345916748,49.51278495788574,TimesFM-3.0-PyTorch,111.0,ALTAVOZ BT INALÁMBRICO PORTÁTIL DE ALTA CALIDAD 2025 CON SUBWOOFER RGB REPRODUCTOR DE AUDIO DEPORTIVO AL AIRE LIBRE IMPERMEABLE,0.052668,50.0,0.0,40.24273943901062,49.51278495788574,0.0,0,0.0,0.0,0.0
MASS2328,0.05894961953163147,0.003929974635442098,67.80255055427551,TimesFM-3.0-PyTorch,0.0,,0.0960687,1.0,0.0,67.74360093474388,67.80255055427551,67.80255055427551,68,68.0,6.5326716000000005,0.0
MASS2329,11.436921238899231,0.7624614159266154,86.0523738861084,TimesFM-3.0-PyTorch,43.0,EQUIPO MULTIFUNCIONAL TABLERO DE REALCE PARA SOPORTE PLANO FITNESS GRIS,0.05,1.0,0.0,74.61545264720917,86.0523738861084,43.0523738861084,44,44.0,2.2,0.0
MASS2330,83.3666763305664,5.55777842203776,234.00360870361328,TimesFM-3.0-PyTorch,22.0,EQUIPO DE FITNESS DE BARRA DE DOMINADAS INDIVIDUAL DE USO DOMÉSTICO CON ANILLOS PARA NIÑOS,0.082992,10.0,0.0,150.63693237304688,234.00360870361328,212.00360870361328,22,220.0,1.825824,0.0
MASS2331,24.836299896240234,1.6557533264160156,104.91933917999268,TimesFM-3.0-PyTorch,74.0,EJERCITADOR DE SUELO PÉLVICO ENTRENADOR MUSCULAR DISPOSITIVO DE PIERNA MÚSCULO ENTRENADOR DE CADERA ENTRENADOR MUSCULAR,0.147784,40.0,0.0,80.08303928375244,104.91933917999268,30.919339179992676,1,40.0,0.147784,0.0
MASS2332,3.888045072555542,0.2592030048370361,64.00637197494507,TimesFM-3.0-PyTorch,47.0,RODILLO DE ENTRENAMIENTO MUSCULAR NEGRO,0.05,1.0,0.0,60.118326902389526,64.00637197494507,17.00637197494507,18,18.0,0.9,0.0
MASS2333,0.04973229020833969,0.0033154860138893127,14.148835301399231,TimesFM-3.0-PyTorch,29.0,RODILLO DE ENTRENAMIENTO MUSCULAR  AZUL,0.05,1.0,0.0,14.099103011190891,14.148835301399231,0.0,0,0.0,0.0,0.0
MASS2334,0.0,0.0,33.310842394828796,TimesFM-3.0-PyTorch,21.0,RODILLO DE ENTRENAMIENTO MUSCULAR ROJO,0.05,1.0,0.0,33.310842394828796,33.310842394828796,12.310842394828796,13,13.0,0.65,0.0
MASS2335,26.60795545578003,1.7738636970520019,163.3638734817505,TimesFM-3.0-PyTorch,83.0,MAQ. YOGURT MAKER REDONDA R.914400-110 RAF,0.0486675,4.0,0.0,136.75591802597046,163.3638734817505,80.36387348175049,21,84.0,1.0220175,0.0
MASS2336,0.2006877288222313,0.013379181921482085,1.5659778714179993,TimesFM-3.0-PyTorch,44.0,MULTI FUNCTIONELECTRIC POT R.95428M-110 6L RAF,0.186048,6.0,0.0,1.365290142595768,1.5659778714179993,0.0,0,0.0,0.0,0.0
MASS2337,0.020425662398338318,0.0013617108265558879,14.573965728282928,TimesFM-3.0-PyTorch,128.0,ELECTRIC CAKESTALL R.95210-110 RAF,0.19095,16.0,0.0,14.55354006588459,14.573965728282928,0.0,0,0.0,0.0,0.0
MASS2338,0.02851182222366333,0.001900788148244222,0.2850525639951229,TimesFM-3.0-PyTorch,49.0,MEAT GRINDER R.93378-110 RAF,0.143842,6.0,0.0,0.2565407417714596,0.2850525639951229,0.0,0,0.0,0.0,0.0
MASS2339,0.1544310376048088,0.010295402506987255,1.0155180878937244,TimesFM-3.0-PyTorch,27.0,JUICER R.92831-110 RAF,0.124488,4.0,0.0,0.8610870502889156,1.0155180878937244,0.0,0,0.0,0.0,0.0
MASS2340,0.1550997793674469,0.010339985291163126,3.1378110200166702,TimesFM-3.0-PyTorch,19.0,OLLA CALIENTE ELECTRICA 6L R.95410-110 RAF,0.1428,6.0,0.0,2.9827112406492233,3.1378110200166702,0.0,0,0.0,0.0,0.0
MASS2341,0.05858360230922699,0.0039055734872817994,15.047413170337677,TimesFM-3.0-PyTorch,23.0,COCINA INFRAROJA 3500W R.98029-110 RAF,0.119349,8.0,0.0,14.98882956802845,15.047413170337677,0.0,0,0.0,0.0,0.0
MASS2342,9.127562046051025,0.6085041364034017,108.51514434814453,TimesFM-3.0-PyTorch,19.0,"FREIDORA DE ACEITE 5,5L R.5220-110V RAF",0.13572,4.0,0.0,99.3875823020935,108.51514434814453,89.51514434814453,23,92.0,3.12156,0.0
MASS2343,7.263383984565735,0.484225598971049,42.61962127685547,TimesFM-3.0-PyTorch,0.0,,0.082656,2.0,0.0,35.356237292289734,42.61962127685547,42.61962127685547,22,44.0,1.8184319999999998,0.0
MASS2344,0.02906230092048645,0.0019374867280324301,34.6967613697052,TimesFM-3.0-PyTorch,13.0,EXTRACTOR DE JUGO R.92817S-110 RAF,0.15845425,8.0,0.0,34.667699068784714,34.6967613697052,21.6967613697052,3,24.0,0.47536274999999995,0.0
MASS2345,37.84018623828888,2.522679082552592,177.2274112701416,TimesFM-3.0-PyTorch,12.0,LICUADORA ELECTRICA NEGRA R.92809B-110 RAF,0.127008,6.0,0.0,139.38722503185272,177.2274112701416,165.2274112701416,28,168.0,3.5562240000000003,0.0
MASS2346,0.061780303716659546,0.00411868691444397,11.375718712806702,TimesFM-3.0-PyTorch,0.0,,0.127008,6.0,0.0,11.313938409090042,11.375718712806702,11.375718712806702,2,12.0,0.254016,0.0
MASS2347,0.005931362509727478,0.0003954241673151652,44.03566813468933,TimesFM-3.0-PyTorch,88.0,LICUADORA ELECTRICA R.9295-110 RAF,0.09713925,6.0,0.0,44.029736772179604,44.03566813468933,0.0,0,0.0,0.0,0.0
MASS2348,0.01488804817199707,0.0009925365447998047,49.65979981422424,TimesFM-3.0-PyTorch,0.0,,0.1170675,16.0,0.0,49.644911766052246,49.65979981422424,49.65979981422424,4,64.0,0.46827,0.0
MASS2349,14.881885051727295,0.992125670115153,63.46325755119324,TimesFM-3.0-PyTorch,0.0,,0.074844,20.0,0.0,48.58137249946594,63.46325755119324,63.46325755119324,4,80.0,0.299376,0.0
MASS2350,0.0131072998046875,0.0008738199869791667,18.754094541072845,TimesFM-3.0-PyTorch,0.0,,0.1327185,12.0,0.0,18.740987241268158,18.754094541072845,18.754094541072845,2,24.0,0.265437,0.0
MASS2351,0.9176656752824783,0.061177711685498556,46.30421471595764,TimesFM-3.0-PyTorch,0.0,,0.053157,24.0,0.0,45.38654904067516,46.30421471595764,46.30421471595764,2,48.0,0.106314,0.0
MASS2352,4.329895436763763,0.2886596957842509,105.35252952575684,TimesFM-3.0-PyTorch,0.0,,0.051971625,24.0,0.0,101.02263408899307,105.35252952575684,105.35252952575684,5,120.0,0.259858125,0.0
MASS2353,127.26490688323975,8.484327125549317,759.0958290100098,TimesFM-3.0-PyTorch,4.0,MOLINO DE CAFE 300W R.97113-110 RAF,0.077682,36.0,0.0,631.83092212677,759.0958290100098,755.0958290100098,21,756.0,1.631322,0.0
MASS2354,0.14560116827487946,0.00970674455165863,0.5210071057081223,TimesFM-3.0-PyTorch,31.0,PLANCHA DE ROPA A VAPOR 2200W R.91234G-110 RAF,0.05952,10.0,0.0,0.3754059374332428,0.5210071057081223,0.0,0,0.0,0.0,0.0
MASS2355,0.019790157675743103,0.0013193438450495403,9.70967498421669,TimesFM-3.0-PyTorch,16.0,PLANCHA DE ROPA A VAPOR AZUL 2200W R.91246B-110 RAF,0.0552885,10.0,0.0,9.689884826540947,9.70967498421669,0.0,0,0.0,0.0,0.0
MASS2356,0.5311563685536385,0.035410424570242564,28.056406617164612,TimesFM-3.0-PyTorch,17.0,PLANCHA DE ROPA A VAPOR AGUAMARINA  2200W R.91246G-110 RAF,0.0552885,10.0,0.0,27.525250248610973,28.056406617164612,11.056406617164612,2,20.0,0.110577,0.0
MASS2357,17.02863311767578,1.1352422078450521,64.65651559829712,TimesFM-3.0-PyTorch,0.0,,0.0552885,10.0,0.0,47.62788248062134,64.65651559829712,64.65651559829712,7,70.0,0.38701949999999996,0.0
MASS2358,39.128485441207886,2.6085656960805257,171.47433280944824,TimesFM-3.0-PyTorch,1.0,PLANCHA A VAPOR DE MANO NEGRA 800W R.91313B-110 RAF,0.101802,20.0,0.0,132.34584736824036,171.47433280944824,170.47433280944824,9,180.0,0.916218,0.0
MASS2359,6.994229286909103,0.4662819524606069,129.82424402236938,TimesFM-3.0-PyTorch,0.0,,0.101802,20.0,0.0,122.83001473546028,129.82424402236938,129.82424402236938,7,140.0,0.7126140000000001,0.0
MASS2360,29.953096866607666,1.9968731244405111,109.55089855194092,TimesFM-3.0-PyTorch,41.0,PLANCHA A VAPOR DE MANO BLANCA 800W R.91313W-110 RAF,0.101802,20.0,0.0,79.59780168533325,109.55089855194092,68.55089855194092,4,80.0,0.407208,0.0
MASS2361,0.0,0.0,44.57977080345154,TimesFM-3.0-PyTorch,0.0,,0.0964748,4.0,0.0,44.57977080345154,44.57977080345154,44.57977080345154,12,48.0,1.1576976,0.0
MASS2362,0.07703137397766113,0.005135424931844075,0.9394266605377197,TimesFM-3.0-PyTorch,0.0,,0.078,6.0,0.0,0.8623952865600586,0.9394266605377197,0.9394266605377197,1,6.0,0.078,0.0
MASS2363,0.2364179790019989,0.01576119860013326,0.9036921933293343,TimesFM-3.0-PyTorch,46.0,PARRILLERA ELECTRICA 2000W R.95301-110 RAF,0.153076,12.0,0.0,0.6672742143273354,0.9036921933293343,0.0,0,0.0,0.0,0.0
MASS2364,0.05120818316936493,0.003413878877957662,0.11875717341899872,TimesFM-3.0-PyTorch,22.0,PARRILLERA GRILL ELECTRICO 1500W R.92601-110 RAF,0.16274412,6.0,0.0,0.06754899024963379,0.11875717341899872,0.0,0,0.0,0.0,0.0
MASS2365,20.198681116104126,1.3465787410736083,93.24270296096802,TimesFM-3.0-PyTorch,129.0,MAQUINA DONA 7PCS 1400W R.92210-110 RAF,0.096109548,10.0,0.0,73.04402184486389,93.24270296096802,0.0,0,0.0,0.0,0.0
MASS2366,34.690694093704224,2.3127129395802815,94.77280378341675,TimesFM-3.0-PyTorch,22.0,MAQUINA WAFLERA 750W R.9207H-110 RAF,0.0682375,10.0,0.0,60.082109689712524,94.77280378341675,72.77280378341675,8,80.0,0.5459,0.0
MASS2367,0.3893788158893585,0.025958587725957234,5.412737891077995,TimesFM-3.0-PyTorch,91.0,SANDWICHERA ELECTRICA 750W R.9207S-110 RAF,0.0682375,10.0,0.0,5.023359075188637,5.412737891077995,0.0,0,0.0,0.0,0.0
MASS2368,3.754827544093132,0.25032183627287546,77.5421814918518,TimesFM-3.0-PyTorch,71.0,SANDWICHERA PLANCHA ELECTRICA 750W R.9207T-110 RAF,0.0682375,10.0,0.0,73.78735394775867,77.5421814918518,6.542181491851807,1,10.0,0.0682375,0.0
MASS2369,109.41171264648438,7.294114176432291,293.06632804870605,TimesFM-3.0-PyTorch,54.0,WAFLERA 500W R.591-110 RAF,0.0721875,24.0,0.0,183.65461540222168,293.06632804870605,239.06632804870605,10,240.0,0.721875,0.0
MASS2370,19.611995935440063,1.3074663956960042,111.36411333084106,TimesFM-3.0-PyTorch,104.0,REMOVEDOR DE PELUSA R.4100 RAF,0.126984,60.0,0.0,91.752117395401,111.36411333084106,7.3641133308410645,1,60.0,0.126984,0.0
MASS2371,0.05354197323322296,0.003569464882214864,35.41101002693176,TimesFM-3.0-PyTorch,48.0,MAQUINA DE AFEITRA RECARGABLE R.476 10W RAF,0.06185875,40.0,0.0,35.35746805369854,35.41101002693176,0.0,0,0.0,0.0,0.0
MASS2372,2.499879688024521,0.1666586458683014,66.41285467147827,TimesFM-3.0-PyTorch,74.0,MAQUINA AFEITAR RECARGABLE R.467 RAF,0.09082125,40.0,0.0,63.91297498345375,66.41285467147827,0.0,0,0.0,0.0,0.0
MASS2373,0.013097882270812988,0.0008731921513875326,43.71793603897095,TimesFM-3.0-PyTorch,90.0,MAQUINA AFEITAR RECARGABLE R.470 RAF,0.060372,60.0,0.0,43.704838156700134,43.71793603897095,0.0,0,0.0,0.0,0.0
MASS2374,20.30986201763153,1.3539908011754354,110.874831199646,TimesFM-3.0-PyTorch,87.0,MAQUINA PATILLERA RECARGABLE DRAGON R.431 RAF,0.06122025,100.0,0.0,90.56496918201447,110.874831199646,23.874831199645996,1,100.0,0.06122025,0.0
MASS2375,0.16310280561447144,0.010873520374298095,97.20272397994995,TimesFM-3.0-PyTorch,127.0,MAQUINA PATILLERA RECARGABLE BUDA R.432 RAF,0.06122025,100.0,0.0,97.03962117433548,97.20272397994995,0.0,0,0.0,0.0,0.0
MASS2376,0.058717384934425354,0.003914492328961691,44.88877010345459,TimesFM-3.0-PyTorch,84.0,MAQUINA AFEITAR RECARGABLE R.472 RAF,0.11709775,60.0,0.0,44.830052718520164,44.88877010345459,0.0,0,0.0,0.0,0.0
MASS2377,188.64598083496094,12.57639872233073,527.8087997436523,TimesFM-3.0-PyTorch,20.0,MAQUINA DE PERRO R.436 RAF,0.09082125,40.0,0.0,339.1628189086914,527.8087997436523,507.80879974365234,13,520.0,1.18067625,0.0
MASS2378,6.56388932466507,0.437592621644338,175.13782119750977,TimesFM-3.0-PyTorch,71.0,MAQUINA AFEITAR RECARGABLE R.4008 RAF,0.09991,60.0,0.0,168.5739318728447,175.13782119750977,104.13782119750977,2,120.0,0.19982,0.0
MASS2379,98.26209259033203,6.5508061726888025,239.24271297454834,TimesFM-3.0-PyTorch,193.0,MAQUINA PATILLERA BUDA R.430 RAF,0.06924275,100.0,0.0,140.9806203842163,239.24271297454834,46.24271297454834,1,100.0,0.06924275,0.0
MASS2380,145.26700973510742,9.684467315673828,376.8833541870117,TimesFM-3.0-PyTorch,87.0,MAQUINA PATILLERA DRAGON R.429 RAF,0.06924275,100.0,0.0,231.6163444519043,376.8833541870117,289.8833541870117,3,300.0,0.20772825,0.0
MASS2381,6.6561086773872375,0.4437405784924825,103.02483367919922,TimesFM-3.0-PyTorch,84.0,MAQUINA DE AFEITAR RECARGABLE 19 EN 1 R.4021 USB RAF,0.098982,36.0,0.0,96.36872500181198,103.02483367919922,19.02483367919922,1,36.0,0.098982,0.0
MASS2382,3.297021597623825,0.21980143984158834,57.390904903411865,TimesFM-3.0-PyTorch,72.0,MAQUINA AFEITAR TRIMMER RECARGABLE R.11204 RAF,0.14259375,60.0,0.0,54.09388330578804,57.390904903411865,0.0,0,0.0,0.0,0.0
MASS2383,6.970929265022278,0.4647286176681519,60.16968059539795,TimesFM-3.0-PyTorch,26.0,PLANCHA DE CABELLO NEGRO R.422B-110 RAF,0.0962,60.0,0.0,53.19875133037567,60.16968059539795,34.16968059539795,1,60.0,0.0962,0.0
MASS2384,0.975232720375061,0.06501551469167073,42.33017861843109,TimesFM-3.0-PyTorch,36.0,PLANCHA DE CABELLO GRIS CON FUCSIA R.422P-110 RAF,0.0962,60.0,0.0,41.35494589805603,42.33017861843109,6.330178618431091,1,60.0,0.0962,0.0
MASS2385,0.13069939613342285,0.008713293075561523,1.368120163679123,TimesFM-3.0-PyTorch,2.0,PLANCHA DE CABELLO CERAMICA DORADO R.9454G-110 RAF,0.098423,60.0,0.0,1.2374207675457,1.368120163679123,0.0,0,0.0,0.0,0.0
MASS2386,1.455189362168312,0.09701262414455414,30.396771669387817,TimesFM-3.0-PyTorch,24.0,PLANCHA DE CABELLO CERAMICA  PURPURA R.9454P-110 RAF,0.098423,60.0,0.0,28.941582307219505,30.396771669387817,6.396771669387817,1,60.0,0.098423,0.0
MASS2387,1.1096224933862686,0.07397483289241791,79.47357416152954,TimesFM-3.0-PyTorch,31.0,PLANCHA DE CABELLO CERAMICA ROJO R.9454R-110 RAF,0.098423,60.0,0.0,78.36395166814327,79.47357416152954,48.47357416152954,1,60.0,0.098423,0.0
MASS2388,0.0,0.0,0.05234670639038086,TimesFM-3.0-PyTorch,0.0,,0.10465,60.0,0.0,0.05234670639038086,0.05234670639038086,0.05234670639038086,1,60.0,0.10465,0.0
MASS2389,0.01703941822052002,0.0011359612147013346,1.6913175880908966,TimesFM-3.0-PyTorch,0.0,,0.10465,60.0,0.0,1.6742781698703766,1.6913175880908966,1.6913175880908966,1,60.0,0.10465,0.0
MASS2391,0.12787532806396484,0.00852502187093099,1.7382635474205017,TimesFM-3.0-PyTorch,279.0,"ROLLO PANEL DECORATIVO JQ-H-047 1,2m x 30m",0.05,10.0,0.0,1.6103882193565369,1.7382635474205017,0.0,0,0.0,0.0,0.0
MASS2392,0.645409882068634,0.043027325471242266,5.733177572488785,TimesFM-3.0-PyTorch,183.0,"ROLLO PANEL DECORATIVO 048  1,2m x 30m",0.05,10.0,0.0,5.087767690420151,5.733177572488785,0.0,0,0.0,0.0,0.0
MASS2393,0.040575265884399414,0.0027050177256266275,253.31146049499512,TimesFM-3.0-PyTorch,118.0,"ROLLO PANEL DECORATIVO JQ-YSZ-3755 1,2m x 30m",0.05,10.0,0.0,253.27088522911072,253.31146049499512,135.31146049499512,14,140.0,0.7000000000000001,0.0
MASS2394,18.436012983322144,1.2290675322214761,288.6799011230469,TimesFM-3.0-PyTorch,196.0,"ROLLO PANEL DECORATIVO JQ-YP-117 1,2m x 30m",0.05,10.0,0.0,270.24388813972473,288.6799011230469,92.67990112304688,10,100.0,0.5,0.0
MASS2395,0.1657334566116333,0.01104889710744222,19.4947030544281,TimesFM-3.0-PyTorch,147.0,"ROLLO PANEL DECORATIVO JQ-YP-158 1,2m x 30m",0.05,10.0,0.0,19.328969597816467,19.4947030544281,0.0,0,0.0,0.0,0.0
MASS2396,7.372582197189331,0.49150547981262205,547.8358345031738,TimesFM-3.0-PyTorch,107.0,ROLLO DE ESPUMA 3D AUTOADHESIVA JQ-3472-4Y4 40 CM X 3M DE 3MM,0.05,30.0,0.0,540.4632523059845,547.8358345031738,440.8358345031738,15,450.0,0.75,0.0
MASS2397,2.957732081413269,0.1971821387608846,311.3446960449219,TimesFM-3.0-PyTorch,187.0,ROLLO DE ESPUMA 3D AUTOADHESIVA JQ-3472-Y4 40 CM X 3M DE 3MM,0.05,30.0,0.0,308.3869639635086,311.3446960449219,124.34469604492188,5,150.0,0.25,0.0
MASS2398,0.06658852100372314,0.004439234733581543,173.77399349212646,TimesFM-3.0-PyTorch,249.0,"WALL PANEL PLANO MARRON CON DORADO 30CM X 7CM X 2,90M CM302-1",0.05,10.0,0.0,173.70740497112274,173.77399349212646,0.0,0,0.0,0.0,0.0
MASS2399,0.11864173412322998,0.007909448941548665,218.74769115447998,TimesFM-3.0-PyTorch,246.0,"WALL PANEL PLANO BLANCO CON DORADO 30CM X 7CM X 2,90M CM302-2",0.05,10.0,0.0,218.62904942035675,218.74769115447998,0.0,0,0.0,0.0,0.0
MASS2400,0.4185715913772583,0.027904772758483888,76.17158579826355,TimesFM-3.0-PyTorch,297.0,"WALL PANEL PLANO GRIS 30CM X 7CM X 2,90M CM302-10",0.05,10.0,0.0,75.75301420688629,76.17158579826355,0.0,0,0.0,0.0,0.0
MASS2401,1.6420706510543823,0.10947137673695882,9.365815877914429,TimesFM-3.0-PyTorch,172.0,VINIL ESMERILADO PARA VIDRIO 60CM X 5M HYTK2029,0.041664,30.0,0.0,7.723745226860046,9.365815877914429,0.0,0,0.0,0.0,0.0
MASS2402,1.2659198641777039,0.08439465761184692,25.124619841575623,TimesFM-3.0-PyTorch,160.0,VINIL ESMERILADO PARA VIDRIO 60CM X 5M HYTK2010,0.041664,30.0,0.0,23.85869997739792,25.124619841575623,0.0,0,0.0,0.0,0.0
MASS2403,2.626884400844574,0.1751256267229716,27.48751735687256,TimesFM-3.0-PyTorch,164.0,VINIL ESMERILADO PARA VIDRIO 60CM X 5M HYTK1002 TRASPARENTE,0.041664,30.0,0.0,24.860632956027985,27.48751735687256,0.0,0,0.0,0.0,0.0
MASS2404,4.346890807151794,0.2897927204767863,33.65148079395294,TimesFM-3.0-PyTorch,156.0,VINIL ESMERILADO PARA VIDRIO 60CM X 5M HYTK1001 BLANCO,0.041664,30.0,0.0,29.304589986801147,33.65148079395294,0.0,0,0.0,0.0,0.0
MASS2405,11.960881650447845,0.7973921100298563,239.2030668258667,TimesFM-3.0-PyTorch,99.0,TERMO OWALA 32 OZ NEGRO,0.0744,25.0,0.0,227.24218517541885,239.2030668258667,140.2030668258667,6,150.0,0.44639999999999996,0.0
MASS2406,0.0431022047996521,0.0028734803199768066,0.5085727870464325,TimesFM-3.0-PyTorch,0.0,,0.05,1.0,0.0,0.4654705822467804,0.5085727870464325,0.5085727870464325,1,1.0,0.05,0.0
MASS2407,0.0,0.0,0.3131653368473053,TimesFM-3.0-PyTorch,0.0,,0.05,1.0,0.0,0.3131653368473053,0.3131653368473053,0.3131653368473053,1,1.0,0.05,0.0
MASS2408,0.12110203504562378,0.008073469003041586,0.8634242415428162,TimesFM-3.0-PyTorch,0.0,,0.05,1.0,0.0,0.7423222064971924,0.8634242415428162,0.8634242415428162,1,1.0,0.05,0.0
MASS2409,0.11220648884773254,0.007480432589848836,0.5531002581119537,TimesFM-3.0-PyTorch,0.0,,0.05,1.0,0.0,0.4408937692642212,0.5531002581119537,0.5531002581119537,1,1.0,0.05,0.0
MASS2410,50.97268867492676,3.3981792449951174,240.61716175079346,TimesFM-3.0-PyTorch,22.0,TERMO OWALA 32 OZ VERDE MENTA,0.0744,25.0,0.0,189.6444730758667,240.61716175079346,218.61716175079346,9,225.0,0.6696,0.0
MASS2411,3.9625357389450073,0.2641690492630005,124.13203573226929,TimesFM-3.0-PyTorch,90.0,TERMO OWALA 32 OZ  AGUAMARINA,0.05,1.0,0.0,120.16949999332428,124.13203573226929,34.13203573226929,35,35.0,1.75,0.0
MASS2412,33.923813700675964,2.2615875800450644,454.4637641906738,TimesFM-3.0-PyTorch,92.0,TERMO OWALA 32 OZ FUCSIA,0.05,1.0,0.0,420.53995048999786,454.4637641906738,362.4637641906738,363,363.0,18.150000000000002,0.0
MASS2413,0.0,0.0,0.1561400294303894,TimesFM-3.0-PyTorch,0.0,,0.05,1.0,0.0,0.1561400294303894,0.1561400294303894,0.1561400294303894,1,1.0,0.05,0.0
MASS2414,0.05283018946647644,0.0035220126310984293,0.5493686199188232,TimesFM-3.0-PyTorch,0.0,,0.05,1.0,0.0,0.4965384304523468,0.5493686199188232,0.5493686199188232,1,1.0,0.05,0.0
MASS2415,1.2496998310089111,0.08331332206726075,2.473634421825409,TimesFM-3.0-PyTorch,29.0,"WALL PANEL REDONDO HYYC-078 18,6CM X 2,6CM X 2,90 M",0.05,8.0,0.0,1.2239345908164978,2.473634421825409,0.0,0,0.0,0.0,0.0
MASS2416,0.23670470714569092,0.015780313809712728,1.124260663986206,TimesFM-3.0-PyTorch,3.0,"WALL PANEL REDONDO HYYC-080 18,6CM X 2,6CM X 2,90 M",0.05,8.0,0.0,0.8875559568405151,1.124260663986206,0.0,0,0.0,0.0,0.0
MASS2417,0.2833133339881897,0.018887555599212645,11.852509528398514,TimesFM-3.0-PyTorch,0.0,,0.05,8.0,0.0,11.569196194410324,11.852509528398514,11.852509528398514,2,16.0,0.1,0.0
MASS2418,1.0732718110084534,0.07155145406723022,3.4994477033615112,TimesFM-3.0-PyTorch,12.0,"WALL PANEL REDONDO HYYC-070 18,6CM X 2,6CM X 2,90 M",0.05,8.0,0.0,2.426175892353058,3.4994477033615112,0.0,0,0.0,0.0,0.0
MASS2419,0.9745252728462219,0.06496835152308146,3.0652150213718414,TimesFM-3.0-PyTorch,14.0,"WALL PANEL REDONDO HYYC-063 18,6CM X 2,6CM X 2,90 M",0.05,8.0,0.0,2.0906897485256195,3.0652150213718414,0.0,0,0.0,0.0,0.0
MASS2420,0.9609414339065552,0.06406276226043701,3.1657202541828156,TimesFM-3.0-PyTorch,13.0,"WALL PANEL REDONDO HYYC-064 18,6CM X 2,6CM X 2,90 M",0.05,8.0,0.0,2.2047788202762604,3.1657202541828156,0.0,0,0.0,0.0,0.0
MASS2421,0.9688284397125244,0.06458856264750162,3.4948171377182007,TimesFM-3.0-PyTorch,7.0,"WALL PANEL REDONDO HYYC-065 18,6CM X 2,6CM X 2,90 M",0.05,8.0,0.0,2.5259886980056763,3.4948171377182007,0.0,0,0.0,0.0,0.0
MASS2422,1.070230782032013,0.0713487188021342,2.5473727881908417,TimesFM-3.0-PyTorch,18.0,"WALL PANEL REDONDO HYYC-069 18,6CM X 2,6CM X 2,90 M",0.05,8.0,0.0,1.4771420061588287,2.5473727881908417,0.0,0,0.0,0.0,0.0
MASS2423,0.14350652694702148,0.0095671017964681,1.1452711820602417,TimesFM-3.0-PyTorch,27.0,"WALL PANEL REDONDO HYYC-074 18,6CM X 2,6CM X 2,90 M",0.05,8.0,0.0,1.0017646551132202,1.1452711820602417,0.0,0,0.0,0.0,0.0
MASS2424,2.9783777594566345,0.19855851729710897,8.218057751655579,TimesFM-3.0-PyTorch,217.0,"WALL PANEL 168 CM X 23 X 2,90M LJ8841",0.05,14.0,0.0,5.239679992198944,8.218057751655579,0.0,0,0.0,0.0,0.0
MASS2426,3.098271608352661,0.20655144055684407,16.146283268928528,TimesFM-3.0-PyTorch,114.0,"WALL PANEL 168 CM X 23 X 2,90M XMY001",0.05,14.0,0.0,13.048011660575867,16.146283268928528,0.0,0,0.0,0.0,0.0
MASS2427,0.7493265867233276,0.049955105781555174,2.9482726454734802,TimesFM-3.0-PyTorch,110.0,"WALL PANEL 168 CM X 23 X 2,90M XMY004",0.05,14.0,0.0,2.1989460587501526,2.9482726454734802,0.0,0,0.0,0.0,0.0
MASS2428,3.2625924348831177,0.21750616232554118,5.839860916137695,TimesFM-3.0-PyTorch,140.0,"WALL PANEL 168 CM X 23 X 2,90M XMY011",0.05,14.0,0.0,2.5772684812545776,5.839860916137695,0.0,0,0.0,0.0,0.0
MASS2429,0.0,0.0,48.483121156692505,TimesFM-3.0-PyTorch,57.0,PISO SPC CLIP 5MM 180*1220MM CBS9304,0.02562,1.0,0.0,48.483121156692505,48.483121156692505,0.0,0,0.0,0.0,0.0
MASS2430,0.0005360841751098633,3.573894500732422e-05,16.348032474517822,TimesFM-3.0-PyTorch,70.0,PISO SPC CLIP 5MM 180*1220MM CBS1025-5,0.02562,1.0,0.0,16.347496390342712,16.348032474517822,0.0,0,0.0,0.0,0.0
MASS2431,0.07641905546188354,0.005094603697458903,164.3122591972351,TimesFM-3.0-PyTorch,54.0,PISO SPC CLIP 5MM 180*1220MM CBS9300,0.02562,1.0,0.0,164.23584014177322,164.3122591972351,110.31225919723511,111,111.0,2.84382,0.0
MASS2432,0.0020027756690979004,0.00013351837793986002,58.24841070175171,TimesFM-3.0-PyTorch,118.0,PISO SPC CLIP 5MM 180*1220MM CBS18036,0.02562,1.0,0.0,58.24640792608261,58.24841070175171,0.0,0,0.0,0.0,0.0
MASS2433,0.028957786038517952,0.0019305190692345301,0.06843519769608974,TimesFM-3.0-PyTorch,5.0,DERMA PEN 4 POLOS EMS MÁQUINA DE BELLEZA DE MICROCORRIENTE HYDRA PEN H5 PLUMA DE MICROAGUJAS DE INFUSIÓN AUTOMÁTICA BLANCO,0.05,1.0,0.0,0.03947741165757179,0.06843519769608974,0.0,0,0.0,0.0,0.0
MASS2434,0.0015673935413360596,0.0001044929027557373,0.14975959062576294,TimesFM-3.0-PyTorch,0.0,,0.05,1.0,0.0,0.14819219708442688,0.14975959062576294,0.14975959062576294,1,1.0,0.05,0.0
MASS2435,0.0,0.0,9.777819693088531,TimesFM-3.0-PyTorch,19.0,EQUIPO MULTIFUNCIONAL TABLERO DE REALCE PARA SOPORTE PLANO FITNESS  BLANCO,0.1521856,10.0,0.0,9.777819693088531,9.777819693088531,0.0,0,0.0,0.0,0.0
MASS2436,0.05576517432928085,0.0037176782886187234,25.513465404510498,TimesFM-3.0-PyTorch,0.0,,0.187308,5.0,0.0,25.457700230181217,25.513465404510498,25.513465404510498,6,30.0,1.123848,0.0
MASS2437,0.0017232745885849,0.00011488497257232666,9.21763864159584,TimesFM-3.0-PyTorch,0.0,,0.05,1.0,0.0,9.215915367007256,9.21763864159584,9.21763864159584,10,10.0,0.5,0.0
MASS2438,30.77870202064514,2.0519134680430096,97.01532411575317,TimesFM-3.0-PyTorch,0.0,,0.05,1.0,0.0,66.23662209510803,97.01532411575317,97.01532411575317,98,98.0,4.9,0.0
MASS2439,49.80547213554382,3.320364809036255,168.29750061035156,TimesFM-3.0-PyTorch,3.0,"MASCARILLAS DE GEL PARA OJOS, MASCARILLAS PARA DORMIR GRIS",0.05,1.0,0.0,118.49202847480774,168.29750061035156,165.29750061035156,166,166.0,8.3,0.0
MASS2440,0.13493597507476807,0.008995731671651205,5.30818198621273,TimesFM-3.0-PyTorch,0.0,,0.05,1.0,0.0,5.173246011137962,5.30818198621273,5.30818198621273,6,6.0,0.30000000000000004,0.0
MASS2441,0.11776280403137207,0.007850853602091472,31.65750002861023,TimesFM-3.0-PyTorch,0.0,,0.05,1.0,0.0,31.539737224578857,31.65750002861023,31.65750002861023,32,32.0,1.6,0.0
MASS2442,0.07930374145507812,0.0052869160970052086,38.03406751155853,TimesFM-3.0-PyTorch,8.0,PROCESADOR DE ALIMENTOS R.97030-110  AZUL RAF,0.05,1.0,0.0,37.954763770103455,38.03406751155853,30.034067511558533,31,31.0,1.55,0.0
MASS2443,0.008004501461982727,0.0005336334307988485,3.6790006905794144,TimesFM-3.0-PyTorch,15.0,PROCESADOR DE ALIMENTOS R.97030-110 ROSA RAF,0.05,1.0,0.0,3.6709961891174316,3.6790006905794144,0.0,0,0.0,0.0,0.0
MASS2444,0.7763901799917221,0.051759345332781474,30.531893610954285,TimesFM-3.0-PyTorch,0.0,,0.05,1.0,0.0,29.755503430962563,30.531893610954285,30.531893610954285,31,31.0,1.55,0.0
MASS2445,0.0,0.0,10.744365781545639,TimesFM-3.0-PyTorch,0.0,,0.05,1.0,0.0,10.744365781545639,10.744365781545639,10.744365781545639,11,11.0,0.55,0.0
MASS2446,0.04490381479263306,0.0029935876528422037,0.11828572861850262,TimesFM-3.0-PyTorch,9.0,BATIDORA DE MANO 160W R.96633-110 NARANJA CON NEGRO RAF,0.05,1.0,0.0,0.07338191382586956,0.11828572861850262,0.0,0,0.0,0.0,0.0
MASS2447,0.018638502806425095,0.001242566853761673,1.5365053862333298,TimesFM-3.0-PyTorch,11.0,BATIDORA DE MANO 160W R.96633-110 AMARILLA CON NEGRO RAF,0.05,1.0,0.0,1.5178668834269047,1.5365053862333298,0.0,0,0.0,0.0,0.0
MASS2448,0.02449089288711548,0.0016327261924743651,0.8067235946655273,TimesFM-3.0-PyTorch,2.0,BATIDORA CON PEDESTAL R.96637-110  ROJO RAF,0.05,1.0,0.0,0.7822327017784119,0.8067235946655273,0.0,0,0.0,0.0,0.0
MASS2449,0.00908888503909111,0.0006059256692727406,0.027660895138978958,TimesFM-3.0-PyTorch,9.0,BATIDORA CON PEDESTAL R.96637-110  NARANJA  RAF,0.05,1.0,0.0,0.018572010099887848,0.027660895138978958,0.0,0,0.0,0.0,0.0
MASS2450,0.002892792224884033,0.00019285281499226888,11.842451751232147,TimesFM-3.0-PyTorch,68.0,PLANCHA DE CABELLO R.422B-110 BLANCO CON DORADO RAF,0.05,1.0,0.0,11.839558959007263,11.842451751232147,0.0,0,0.0,0.0,0.0
MASS2451,0.13382363319396973,0.008921575546264649,49.86863100528717,TimesFM-3.0-PyTorch,1.0,CEPILLO SECADOR R.412H-110 VERDE RAF,0.05,1.0,0.0,49.7348073720932,49.86863100528717,48.86863100528717,49,49.0,2.45,0.0
MASS2452,0.034776926040649414,0.0023184617360432944,85.34718418121338,TimesFM-3.0-PyTorch,3.0,CEPILLO SECADOR R.412H-110 ROJO  RAF,0.05,1.0,0.0,85.31240725517273,85.34718418121338,82.34718418121338,83,83.0,4.15,0.0
MASS2453,0.01361498236656189,0.000907665491104126,38.01281702518463,TimesFM-3.0-PyTorch,2.0,CEPILLO SECADOR R.412H-110 AZUL RAF,0.05,1.0,0.0,37.99920204281807,38.01281702518463,36.01281702518463,37,37.0,1.85,0.0
MASS2454,12.45431923866272,0.8302879492441814,102.41044998168945,TimesFM-3.0-PyTorch,41.0,PLANCHA A VAPOR DE MANO ROJO 800W R.91313W-110 RAF,0.05,1.0,0.0,89.95613074302673,102.41044998168945,61.41044998168945,62,62.0,3.1,0.0
MASS2455,4.904205024242401,0.3269470016161601,129.00544261932373,TimesFM-3.0-PyTorch,0.0,,0.02,50.0,0.0,124.10123759508133,129.00544261932373,129.00544261932373,3,150.0,0.06,0.0
MASS2456,32.265803813934326,2.1510535875956216,146.86678504943848,TimesFM-3.0-PyTorch,12.0,RADIO REPRODUCTOR PANTALLA EQUIPO SONIDO BLUETOOTH AUTO,0.0882,20.0,0.0,114.60098123550415,146.86678504943848,134.86678504943848,7,140.0,0.6174,0.0
MASS2457,3.1511691212654114,0.2100779414176941,97.66812014579773,TimesFM-3.0-PyTorch,0.0,,0.131376,24.0,0.0,94.51695102453232,97.66812014579773,97.66812014579773,5,120.0,0.6568799999999999,0.0
MASS2458,0.0,0.0,34.42662024497986,TimesFM-3.0-PyTorch,46.0,TELÉFONO INALÁMBRICO DAERXIN D1011 NEGRO,0.05,1.0,0.0,34.42662024497986,34.42662024497986,0.0,0,0.0,0.0,0.0
MASS2459,0.5276316106319427,0.035175440708796184,49.77012658119202,TimesFM-3.0-PyTorch,51.0,TELÉFONO INALÁMBRICO DAERXIN D1011 BLANCO,0.05,1.0,0.0,49.242494970560074,49.77012658119202,0.0,0,0.0,0.0,0.0
MASS2460,0.028374135494232178,0.001891609032948812,0.40064728260040283,TimesFM-3.0-PyTorch,80.0,RODILLO ABDOMINAL DE REBOTE AUTOMÁTICO CON CUATRO RUEDAS ANTIDESLIZANTE DISEÑO ECOLÓGICO,0.14332575,6.0,0.0,0.37227314710617065,0.40064728260040283,0.0,0,0.0,0.0,0.0
MASS2461,11.234498143196106,0.7489665428797404,198.2456512451172,TimesFM-3.0-PyTorch,1.0,TERMO OWALA 32 OZ UVA MORADO,0.0744,25.0,0.0,187.01115310192108,198.2456512451172,197.2456512451172,8,200.0,0.5952,0.0
MASS2462,1.0556837916374207,0.0703789194424947,107.10213088989258,TimesFM-3.0-PyTorch,0.0,,0.023911875,1.0,0.0,106.04644709825516,107.10213088989258,107.10213088989258,108,108.0,2.5824825,0.0
MASS2463,0.37920573353767395,0.02528038223584493,59.802173256874084,TimesFM-3.0-PyTorch,0.0,,0.044616,1.0,0.0,59.42296752333641,59.802173256874084,59.802173256874084,60,60.0,2.6769600000000002,0.0
MASS2464,0.5775302648544312,0.038502017656962075,35.30967700481415,TimesFM-3.0-PyTorch,216.0,"PANELES PVC SEPARADORES DE AMBIENTES 5CM X 10CM X2,90M NEGRO",0.05,8.0,0.0,34.73214673995972,35.30967700481415,0.0,0,0.0,0.0,0.0
MASS2465,0.7746246457099915,0.051641643047332764,52.104185342788696,TimesFM-3.0-PyTorch,221.0,"PANELES PVC SEPARADORES DE AMBIENTES 5CM X 10CM X2,90M GRIS",0.05,8.0,0.0,51.329560697078705,52.104185342788696,0.0,0,0.0,0.0,0.0
MASS2466,0.2933531105518341,0.019556874036788942,51.6954071521759,TimesFM-3.0-PyTorch,151.0,"PANELES PVC SEPARADORES DE AMBIENTES 5CM X 10CM X2,90M MARRON CLARO",0.05,8.0,0.0,51.40205404162407,51.6954071521759,0.0,0,0.0,0.0,0.0
MASS2467,0.5464863479137421,0.03643242319424947,5.745569169521332,TimesFM-3.0-PyTorch,182.0,"PANELES PVC SEPARADORES DE AMBIENTES 5CM X 10CM X2,90M GRIS OSCURO",0.05,8.0,0.0,5.19908282160759,5.745569169521332,0.0,0,0.0,0.0,0.0
MASS2468,0.18108877539634705,0.012072585026423137,30.360650539398193,TimesFM-3.0-PyTorch,147.0,"PANELES PVC SEPARADORES DE AMBIENTES 5CM X 10CM X2,90M BLANCO",0.05,8.0,0.0,30.179561764001846,30.360650539398193,0.0,0,0.0,0.0,0.0
MASS2469,7.535609722137451,0.5023739814758301,201.3106656074524,TimesFM-3.0-PyTorch,0.0,ACCESORIO PARA GIRAR,0.05,270.0,0.0,193.77505588531494,201.3106656074524,201.3106656074524,1,270.0,0.05,0.0
MASS2470,1.4763667583465576,0.09842445055643717,212.2334852218628,TimesFM-3.0-PyTorch,188.0,TECHO PVC DE 3 PIEZAS BLANCO MACHIMBRADO HYYC010 21CMX9CMX2900MM,0.05,10.0,0.0,210.75711846351624,212.2334852218628,24.233485221862793,3,30.0,0.15000000000000002,0.0
MASS2471,2.638151526451111,0.17587676843007405,8.986480414867401,TimesFM-3.0-PyTorch,283.0,TECHO PVC DE 3 PIEZAS BLANCO CON BRILLO MACHIMBRADO HYYC013 21CMX9CMX2900MM,0.05,10.0,0.0,6.34832888841629,8.986480414867401,0.0,0,0.0,0.0,0.0
MASS2472,1.9355659484863281,0.12903772989908854,6.990462481975555,TimesFM-3.0-PyTorch,288.0,TECHO PVC DE 3 PIEZAS MARRON CLARO MACHIMBRADO HYYC014 21CMX9CMX2900MM,0.05,10.0,0.0,5.054896533489227,6.990462481975555,0.0,0,0.0,0.0,0.0
MASS2473,1.9355659484863281,0.12903772989908854,6.990462481975555,TimesFM-3.0-PyTorch,288.0,TECHO PVC DE 3 PIEZAS MARRON MACHIMBRADO HYYC017 21CMX9CMX2900MM,0.05,10.0,0.0,5.054896533489227,6.990462481975555,0.0,0,0.0,0.0,0.0
MASS2474,19.826854705810547,1.3217903137207032,110.70976543426514,TimesFM-3.0-PyTorch,25.0,TECHO PVC DE 3 PIEZAS MARRON OSCURO MACHIMBRADO HYYC032 21CMX9CMX2900MM,0.05,10.0,0.0,90.88291072845459,110.70976543426514,85.70976543426514,9,90.0,0.45,0.0
MASS2475,20.023861169815063,1.334924077987671,333.55694580078125,TimesFM-3.0-PyTorch,430.0,"ROLLO PANEL DE PARED PIEDRA SUAVE AUTOHADESIVO 0,6 X 2,8M  442-106",0.05,16.0,0.0,313.5330846309662,333.55694580078125,0.0,0,0.0,0.0,0.0
MASS2476,0.0,0.0,237.84954452514648,TimesFM-3.0-PyTorch,405.0,"ROLLO PANEL DE PARED PIEDRA SUAVE AUTOHADESIVO 0,6 X 2,8M 441-106",0.05,16.0,0.0,237.84954452514648,237.84954452514648,0.0,0,0.0,0.0,0.0
MASS2477,3.7661190032958984,0.25107460021972655,604.1006469726562,TimesFM-3.0-PyTorch,0.0,,0.05,16.0,0.0,600.3345279693604,604.1006469726562,604.1006469726562,38,608.0,1.9000000000000001,0.0
MASS2478,9.61465072631836,0.6409767150878907,223.13165378570557,TimesFM-3.0-PyTorch,300.0,"ROLLO PANEL DE PARED PIEDRA SUAVE AUTOHADESIVO 0,6 X 2,8M 01-115",0.05,16.0,0.0,213.5170030593872,223.13165378570557,0.0,0,0.0,0.0,0.0
MASS2479,3.1273077726364136,0.20848718484242756,565.6212348937988,TimesFM-3.0-PyTorch,401.0,"ROLLO PANEL DE PARED PIEDRA SUAVE AUTOHADESIVO 0,6 X 2,8M 04-115",0.05,16.0,0.0,562.4939271211624,565.6212348937988,164.62123489379883,11,176.0,0.55,0.0
MASS2480,0.0,0.0,260.37178134918213,TimesFM-3.0-PyTorch,147.0,"ROLLO PANEL DE PARED PIEDRA SUAVE AUTOHADESIVO 0,6 X 2,8M 03-115",0.05,16.0,0.0,260.37178134918213,260.37178134918213,113.37178134918213,8,128.0,0.4,0.0
MASS2481,0.0,0.0,154.89500904083252,TimesFM-3.0-PyTorch,334.0,ROLLO DE ESPUMA 3D AUTOADHESIVA JQ-3129-2Y6 40 CM X 3M DE 3MM,0.05,30.0,0.0,154.89500904083252,154.89500904083252,0.0,0,0.0,0.0,0.0
MASS2482,0.11000466346740723,0.007333644231160482,2.2124996185302734,TimesFM-3.0-PyTorch,205.0,ROLLO DE ESPUMA 3D AUTOADHESIVA JQ-3472-3Y4 40 CM X 3M DE 3MM,0.05,30.0,0.0,2.102494955062866,2.2124996185302734,0.0,0,0.0,0.0,0.0
MASS2483,0.8784561157226562,0.05856374104817708,4.653891205787659,TimesFM-3.0-PyTorch,728.0,"PANEL DE MOSAICO AZULEJO 29CM*22,9CM*1MM YJC0177",0.024986,250.0,0.0,3.7754350900650024,4.653891205787659,0.0,0,0.0,0.0,0.0
MASS2484,0.39278435707092285,0.02618562380472819,3.4869786500930786,TimesFM-3.0-PyTorch,750.0,"PANEL DE MOSAICO AZULEJO 29CM*22,9CM*1MM YJC0178",0.024986,250.0,0.0,3.0941942930221558,3.4869786500930786,0.0,0,0.0,0.0,0.0
MASS2485,0.39278435707092285,0.02618562380472819,3.4869786500930786,TimesFM-3.0-PyTorch,750.0,"PANEL DE MOSAICO AZULEJO 29CM*22,9CM*1MM YJC0180",0.024986,250.0,0.0,3.0941942930221558,3.4869786500930786,0.0,0,0.0,0.0,0.0
MASS2486,5.198778390884399,0.34658522605895997,135.93765354156494,TimesFM-3.0-PyTorch,707.0,"PANEL DE MOSAICO AZULEJO 29CM*22,9CM*1MM YJCO203",0.024986,250.0,0.0,130.73887515068054,135.93765354156494,0.0,0,0.0,0.0,0.0
MASS2487,1.4224517345428467,0.09483011563618977,16.33946967124939,TimesFM-3.0-PyTorch,520.0,"PANEL DE MOSAICO AZULEJO 29CM*22,9CM*1MM DZ022",0.024986,250.0,0.0,14.917017936706543,16.33946967124939,0.0,0,0.0,0.0,0.0
MASS2488,0.39278435707092285,0.02618562380472819,3.4869786500930786,TimesFM-3.0-PyTorch,750.0,"PANEL DE MOSAICO AZULEJO 29CM*22,9CM*1MM DZ023",0.024986,250.0,0.0,3.0941942930221558,3.4869786500930786,0.0,0,0.0,0.0,0.0
MASS2489,0.0,0.0,7.396822452545166,TimesFM-3.0-PyTorch,689.0,"PANEL DE MOSAICO AZULEJO 29CM*22,9CM*1MM YJC0181",0.024986,250.0,0.0,7.396822452545166,7.396822452545166,0.0,0,0.0,0.0,0.0
MASS2490,0.022707462310791016,0.001513830820719401,1372.575927734375,TimesFM-3.0-PyTorch,500.0,"PANEL DE MOSAICO AZULEJO 29CM*22,9CM*1MM PDD004",0.024986,250.0,0.0,1372.5532202720642,1372.575927734375,872.575927734375,4,1000.0,0.099944,0.0
MASS2491,0.0,0.0,1540.4217224121094,TimesFM-3.0-PyTorch,100.0,"PANEL DE MOSAICO AZULEJO 29CM*22,9CM*1MM YJC0246",0.024986,250.0,0.0,1540.4217224121094,1540.4217224121094,1440.4217224121094,6,1500.0,0.149916,0.0
MASS2492,0.47829604148864746,0.03188640276590983,2.6828041076660156,TimesFM-3.0-PyTorch,700.0,"PANEL DE MOSAICO AZULEJO 29CM*22,9CM*1MM PDD003",0.024986,250.0,0.0,2.204508066177368,2.6828041076660156,0.0,0,0.0,0.0,0.0
MASS2493,0.8421342670917511,0.0561422844727834,2.873948395252228,TimesFM-3.0-PyTorch,0.0,,0.05,1.0,0.0,2.0318141281604767,2.873948395252228,2.873948395252228,3,3.0,0.15000000000000002,0.0
MASS2495,14.16846913099289,0.9445646087328593,244.4240493774414,TimesFM-3.0-PyTorch,0.0,,0.05,1.0,0.0,230.25558024644852,244.4240493774414,244.4240493774414,245,245.0,12.25,0.0
MASS2496,28.596694350242615,1.9064462900161743,234.55009746551514,TimesFM-3.0-PyTorch,0.0,,0.05,1.0,0.0,205.95340311527252,234.55009746551514,234.55009746551514,235,235.0,11.75,0.0
MASS2497,2.7913341522216797,0.1860889434814453,259.74981117248535,TimesFM-3.0-PyTorch,0.0,,0.05,1.0,0.0,256.9584770202637,259.74981117248535,259.74981117248535,260,260.0,13.0,0.0
MASS2498,0.10057675838470459,0.0067051172256469725,0.24287991970777512,TimesFM-3.0-PyTorch,0.0,,0.05,1.0,0.0,0.14230316132307053,0.24287991970777512,0.24287991970777512,1,1.0,0.05,0.0
MASS2499,0.40230703353881836,0.02682046890258789,0.9715196788311005,TimesFM-3.0-PyTorch,0.0,,0.05,1.0,0.0,0.5692126452922821,0.9715196788311005,0.9715196788311005,1,1.0,0.05,0.0
MASS2500,0.20115351676940918,0.013410234451293945,0.48575983941555023,TimesFM-3.0-PyTorch,0.0,,0.05,1.0,0.0,0.28460632264614105,0.48575983941555023,0.48575983941555023,1,1.0,0.05,0.0
MASS2501,0.20115351676940918,0.013410234451293945,0.48575983941555023,TimesFM-3.0-PyTorch,0.0,,0.05,1.0,0.0,0.28460632264614105,0.48575983941555023,0.48575983941555023,1,1.0,0.05,0.0
MASS2502,0.20115351676940918,0.013410234451293945,0.48575983941555023,TimesFM-3.0-PyTorch,0.0,,0.05,1.0,0.0,0.28460632264614105,0.48575983941555023,0.48575983941555023,1,1.0,0.05,0.0
MASS2503,0.10057675838470459,0.0067051172256469725,0.24287991970777512,TimesFM-3.0-PyTorch,0.0,,0.05,1.0,0.0,0.14230316132307053,0.24287991970777512,0.24287991970777512,1,1.0,0.05,0.0
MASS2504,0.01676291786134243,0.0011175278574228286,0.04048015270382166,TimesFM-3.0-PyTorch,0.0,,0.05,1.0,0.0,0.02371723484247923,0.04048015270382166,0.04048015270382166,1,1.0,0.05,0.0
MASS2505,0.10057675838470459,0.0067051172256469725,0.24287991970777512,TimesFM-3.0-PyTorch,0.0,,0.05,1.0,0.0,0.14230316132307053,0.24287991970777512,0.24287991970777512,1,1.0,0.05,0.0
MASS2506,0.10057675838470459,0.0067051172256469725,0.24287991970777512,TimesFM-3.0-PyTorch,0.0,,0.05,1.0,0.0,0.14230316132307053,0.24287991970777512,0.24287991970777512,1,1.0,0.05,0.0
MASS2507,0.20115351676940918,0.013410234451293945,0.48575983941555023,TimesFM-3.0-PyTorch,0.0,,0.05,1.0,0.0,0.28460632264614105,0.48575983941555023,0.48575983941555023,1,1.0,0.05,0.0
MASS2508,0.050288379192352295,0.0033525586128234862,0.12143995985388756,TimesFM-3.0-PyTorch,0.0,,0.05,1.0,0.0,0.07115158066153526,0.12143995985388756,0.12143995985388756,1,1.0,0.05,0.0
MASS2509,0.20115351676940918,0.013410234451293945,0.48575983941555023,TimesFM-3.0-PyTorch,0.0,,0.05,1.0,0.0,0.28460632264614105,0.48575983941555023,0.48575983941555023,1,1.0,0.05,0.0
MASS2510,0.10057675838470459,0.0067051172256469725,0.24287991970777512,TimesFM-3.0-PyTorch,0.0,,0.05,1.0,0.0,0.14230316132307053,0.24287991970777512,0.24287991970777512,1,1.0,0.05,0.0
MASS2511,0.10057675838470459,0.0067051172256469725,0.24287991970777512,TimesFM-3.0-PyTorch,0.0,,0.05,1.0,0.0,0.14230316132307053,0.24287991970777512,0.24287991970777512,1,1.0,0.05,0.0
MASS2512,0.30173103511333466,0.020115402340888978,0.7286429554224014,TimesFM-3.0-PyTorch,0.0,,0.05,1.0,0.0,0.4269119203090668,0.7286429554224014,0.7286429554224014,1,1.0,0.05,0.0
MASS2513,0.20115351676940918,0.013410234451293945,0.48575983941555023,TimesFM-3.0-PyTorch,0.0,,0.05,1.0,0.0,0.28460632264614105,0.48575983941555023,0.48575983941555023,1,1.0,0.05,0.0
MASS2514,0.5028837323188782,0.03352558215459188,1.2143995761871338,TimesFM-3.0-PyTorch,0.0,,0.05,1.0,0.0,0.7115158438682556,1.2143995761871338,1.2143995761871338,2,2.0,0.1,0.0
MASS2515,0.21791690587997437,0.014527793725331624,0.526242196559906,TimesFM-3.0-PyTorch,0.0,,0.05,1.0,0.0,0.30832529067993164,0.526242196559906,0.526242196559906,1,1.0,0.05,0.0
MASS2516,0.20115351676940918,0.013410234451293945,0.48575983941555023,TimesFM-3.0-PyTorch,0.0,,0.05,1.0,0.0,0.28460632264614105,0.48575983941555023,0.48575983941555023,1,1.0,0.05,0.0
MASS2517,0.20115351676940918,0.013410234451293945,0.48575983941555023,TimesFM-3.0-PyTorch,0.0,,0.05,1.0,0.0,0.28460632264614105,0.48575983941555023,0.48575983941555023,1,1.0,0.05,0.0
MASS2518,0.050288379192352295,0.0033525586128234862,0.12143995985388756,TimesFM-3.0-PyTorch,0.0,,0.05,1.0,0.0,0.07115158066153526,0.12143995985388756,0.12143995985388756,1,1.0,0.05,0.0
MASS2519,0.20115351676940918,0.013410234451293945,0.48575983941555023,TimesFM-3.0-PyTorch,0.0,,0.05,1.0,0.0,0.28460632264614105,0.48575983941555023,0.48575983941555023,1,1.0,0.05,0.0
MASS2520,0.10057675838470459,0.0067051172256469725,0.24287991970777512,TimesFM-3.0-PyTorch,0.0,,0.05,1.0,0.0,0.14230316132307053,0.24287991970777512,0.24287991970777512,1,1.0,0.05,0.0
MASS2521,0.10057675838470459,0.0067051172256469725,0.24287991970777512,TimesFM-3.0-PyTorch,0.0,,0.05,1.0,0.0,0.14230316132307053,0.24287991970777512,0.24287991970777512,1,1.0,0.05,0.0
MASS2522,0.10057675838470459,0.0067051172256469725,0.24287991970777512,TimesFM-3.0-PyTorch,0.0,,0.05,1.0,0.0,0.14230316132307053,0.24287991970777512,0.24287991970777512,1,1.0,0.05,0.0
MASS2523,0.10057675838470459,0.0067051172256469725,0.24287991970777512,TimesFM-3.0-PyTorch,0.0,,0.05,1.0,0.0,0.14230316132307053,0.24287991970777512,0.24287991970777512,1,1.0,0.05,0.0
MASS2524,0.050288379192352295,0.0033525586128234862,0.12143995985388756,TimesFM-3.0-PyTorch,0.0,,0.05,1.0,0.0,0.07115158066153526,0.12143995985388756,0.12143995985388756,1,1.0,0.05,0.0
MASS2525,0.10057675838470459,0.0067051172256469725,0.24287991970777512,TimesFM-3.0-PyTorch,0.0,,0.05,1.0,0.0,0.14230316132307053,0.24287991970777512,0.24287991970777512,1,1.0,0.05,0.0
MASS2526,0.10057675838470459,0.0067051172256469725,0.24287991970777512,TimesFM-3.0-PyTorch,0.0,,0.05,1.0,0.0,0.14230316132307053,0.24287991970777512,0.24287991970777512,1,1.0,0.05,0.0
MASS2527,0.050288379192352295,0.0033525586128234862,0.12143995985388756,TimesFM-3.0-PyTorch,0.0,,0.05,1.0,0.0,0.07115158066153526,0.12143995985388756,0.12143995985388756,1,1.0,0.05,0.0
MASS2528,0.050288379192352295,0.0033525586128234862,0.12143995985388756,TimesFM-3.0-PyTorch,0.0,,0.05,1.0,0.0,0.07115158066153526,0.12143995985388756,0.12143995985388756,1,1.0,0.05,0.0
MASS2529,0.30173103511333466,0.020115402340888978,0.7286429554224014,TimesFM-3.0-PyTorch,0.0,,0.05,1.0,0.0,0.4269119203090668,0.7286429554224014,0.7286429554224014,1,1.0,0.05,0.0
MASS2530,0.20115351676940918,0.013410234451293945,0.48575983941555023,TimesFM-3.0-PyTorch,0.0,,0.05,1.0,0.0,0.28460632264614105,0.48575983941555023,0.48575983941555023,1,1.0,0.05,0.0
MASS2531,0.10057675838470459,0.0067051172256469725,0.24287991970777512,TimesFM-3.0-PyTorch,0.0,,0.05,1.0,0.0,0.14230316132307053,0.24287991970777512,0.24287991970777512,1,1.0,0.05,0.0
MASS2532,0.025144189596176147,0.0016762793064117431,0.06071997992694378,TimesFM-3.0-PyTorch,0.0,,0.05,1.0,0.0,0.03557579033076763,0.06071997992694378,0.06071997992694378,1,1.0,0.05,0.0
MASS2533,0.025144189596176147,0.0016762793064117431,0.06071997992694378,TimesFM-3.0-PyTorch,0.0,,0.05,1.0,0.0,0.03557579033076763,0.06071997992694378,0.06071997992694378,1,1.0,0.05,0.0
MASS2534,0.050288379192352295,0.0033525586128234862,0.12143995985388756,TimesFM-3.0-PyTorch,0.0,,0.05,1.0,0.0,0.07115158066153526,0.12143995985388756,0.12143995985388756,1,1.0,0.05,0.0
MASS2535,0.050288379192352295,0.0033525586128234862,0.12143995985388756,TimesFM-3.0-PyTorch,0.0,,0.05,1.0,0.0,0.07115158066153526,0.12143995985388756,0.12143995985388756,1,1.0,0.05,0.0
MASS2536,0.10057675838470459,0.0067051172256469725,0.24287991970777512,TimesFM-3.0-PyTorch,0.0,,0.05,1.0,0.0,0.14230316132307053,0.24287991970777512,0.24287991970777512,1,1.0,0.05,0.0
MASS2537,0.050288379192352295,0.0033525586128234862,0.12143995985388756,TimesFM-3.0-PyTorch,0.0,,0.05,1.0,0.0,0.07115158066153526,0.12143995985388756,0.12143995985388756,1,1.0,0.05,0.0
MASS2538,0.050288379192352295,0.0033525586128234862,0.12143995985388756,TimesFM-3.0-PyTorch,0.0,,0.05,1.0,0.0,0.07115158066153526,0.12143995985388756,0.12143995985388756,1,1.0,0.05,0.0
MASS2539,0.050288379192352295,0.0033525586128234862,0.12143995985388756,TimesFM-3.0-PyTorch,0.0,,0.05,1.0,0.0,0.07115158066153526,0.12143995985388756,0.12143995985388756,1,1.0,0.05,0.0
MASS2540,0.10057675838470459,0.0067051172256469725,0.24287991970777512,TimesFM-3.0-PyTorch,0.0,,0.05,1.0,0.0,0.14230316132307053,0.24287991970777512,0.24287991970777512,1,1.0,0.05,0.0
MASS2541,0.050288379192352295,0.0033525586128234862,0.12143995985388756,TimesFM-3.0-PyTorch,0.0,,0.05,1.0,0.0,0.07115158066153526,0.12143995985388756,0.12143995985388756,1,1.0,0.05,0.0
MASS2542,0.40230703353881836,0.02682046890258789,0.9715196788311005,TimesFM-3.0-PyTorch,0.0,,0.05,1.0,0.0,0.5692126452922821,0.9715196788311005,0.9715196788311005,1,1.0,0.05,0.0
MASS2543,0.20115351676940918,0.013410234451293945,0.48575983941555023,TimesFM-3.0-PyTorch,0.0,,0.05,1.0,0.0,0.28460632264614105,0.48575983941555023,0.48575983941555023,1,1.0,0.05,0.0
MASS2544,0.20115351676940918,0.013410234451293945,0.48575983941555023,TimesFM-3.0-PyTorch,0.0,,0.05,1.0,0.0,0.28460632264614105,0.48575983941555023,0.48575983941555023,1,1.0,0.05,0.0
MASS2545,0.050288379192352295,0.0033525586128234862,0.12143995985388756,TimesFM-3.0-PyTorch,0.0,,0.05,1.0,0.0,0.07115158066153526,0.12143995985388756,0.12143995985388756,1,1.0,0.05,0.0
MASS2546,0.10057675838470459,0.0067051172256469725,0.24287991970777512,TimesFM-3.0-PyTorch,0.0,,0.05,1.0,0.0,0.14230316132307053,0.24287991970777512,0.24287991970777512,1,1.0,0.05,0.0
MASS2547,0.050288379192352295,0.0033525586128234862,0.12143995985388756,TimesFM-3.0-PyTorch,0.0,,0.05,1.0,0.0,0.07115158066153526,0.12143995985388756,0.12143995985388756,1,1.0,0.05,0.0
MASS2548,0.20115351676940918,0.013410234451293945,0.48575983941555023,TimesFM-3.0-PyTorch,0.0,,0.05,1.0,0.0,0.28460632264614105,0.48575983941555023,0.48575983941555023,1,1.0,0.05,0.0
MASS2549,0.10057675838470459,0.0067051172256469725,0.24287991970777512,TimesFM-3.0-PyTorch,0.0,,0.05,1.0,0.0,0.14230316132307053,0.24287991970777512,0.24287991970777512,1,1.0,0.05,0.0
MASS2550,0.20115351676940918,0.013410234451293945,0.48575983941555023,TimesFM-3.0-PyTorch,0.0,,0.05,1.0,0.0,0.28460632264614105,0.48575983941555023,0.48575983941555023,1,1.0,0.05,0.0
MASS2551,0.050288379192352295,0.0033525586128234862,0.12143995985388756,TimesFM-3.0-PyTorch,0.0,,0.05,1.0,0.0,0.07115158066153526,0.12143995985388756,0.12143995985388756,1,1.0,0.05,0.0
MASS2552,0.050288379192352295,0.0033525586128234862,0.12143995985388756,TimesFM-3.0-PyTorch,0.0,,0.05,1.0,0.0,0.07115158066153526,0.12143995985388756,0.12143995985388756,1,1.0,0.05,0.0
MASS2553,0.10057675838470459,0.0067051172256469725,0.24287991970777512,TimesFM-3.0-PyTorch,0.0,,0.05,1.0,0.0,0.14230316132307053,0.24287991970777512,0.24287991970777512,1,1.0,0.05,0.0
MASS2554,0.30173103511333466,0.020115402340888978,0.7286429554224014,TimesFM-3.0-PyTorch,0.0,,0.05,1.0,0.0,0.4269119203090668,0.7286429554224014,0.7286429554224014,1,1.0,0.05,0.0
MASS2555,0.30173103511333466,0.020115402340888978,0.7286429554224014,TimesFM-3.0-PyTorch,0.0,,0.05,1.0,0.0,0.4269119203090668,0.7286429554224014,0.7286429554224014,1,1.0,0.05,0.0
MASS2556,0.20115351676940918,0.013410234451293945,0.48575983941555023,TimesFM-3.0-PyTorch,0.0,,0.05,1.0,0.0,0.28460632264614105,0.48575983941555023,0.48575983941555023,1,1.0,0.05,0.0
MASS2557,0.10057675838470459,0.0067051172256469725,0.24287991970777512,TimesFM-3.0-PyTorch,0.0,,0.05,1.0,0.0,0.14230316132307053,0.24287991970777512,0.24287991970777512,1,1.0,0.05,0.0
MASS2558,0.050288379192352295,0.0033525586128234862,0.12143995985388756,TimesFM-3.0-PyTorch,0.0,,0.05,1.0,0.0,0.07115158066153526,0.12143995985388756,0.12143995985388756,1,1.0,0.05,0.0
MASS2559,0.10057675838470459,0.0067051172256469725,0.24287991970777512,TimesFM-3.0-PyTorch,0.0,,0.05,1.0,0.0,0.14230316132307053,0.24287991970777512,0.24287991970777512,1,1.0,0.05,0.0
MASS2560,0.050288379192352295,0.0033525586128234862,0.12143995985388756,TimesFM-3.0-PyTorch,0.0,,0.05,1.0,0.0,0.07115158066153526,0.12143995985388756,0.12143995985388756,1,1.0,0.05,0.0
MASS2561,0.050288379192352295,0.0033525586128234862,0.12143995985388756,TimesFM-3.0-PyTorch,0.0,,0.05,1.0,0.0,0.07115158066153526,0.12143995985388756,0.12143995985388756,1,1.0,0.05,0.0
MASS2562,0.10057675838470459,0.0067051172256469725,0.24287991970777512,TimesFM-3.0-PyTorch,0.0,,0.05,1.0,0.0,0.14230316132307053,0.24287991970777512,0.24287991970777512,1,1.0,0.05,0.0
MASS2563,0.10057675838470459,0.0067051172256469725,0.24287991970777512,TimesFM-3.0-PyTorch,0.0,,0.05,1.0,0.0,0.14230316132307053,0.24287991970777512,0.24287991970777512,1,1.0,0.05,0.0
MASS2564,0.20115351676940918,0.013410234451293945,0.48575983941555023,TimesFM-3.0-PyTorch,0.0,,0.05,1.0,0.0,0.28460632264614105,0.48575983941555023,0.48575983941555023,1,1.0,0.05,0.0
MASS2565,0.10057675838470459,0.0067051172256469725,0.24287991970777512,TimesFM-3.0-PyTorch,0.0,,0.05,1.0,0.0,0.14230316132307053,0.24287991970777512,0.24287991970777512,1,1.0,0.05,0.0
MASS2566,0.10057675838470459,0.0067051172256469725,0.24287991970777512,TimesFM-3.0-PyTorch,0.0,,0.05,1.0,0.0,0.14230316132307053,0.24287991970777512,0.24287991970777512,1,1.0,0.05,0.0
MASS2567,0.30173103511333466,0.020115402340888978,0.7286429554224014,TimesFM-3.0-PyTorch,0.0,,0.05,1.0,0.0,0.4269119203090668,0.7286429554224014,0.7286429554224014,1,1.0,0.05,0.0
MASS2568,0.050288379192352295,0.0033525586128234862,0.12143995985388756,TimesFM-3.0-PyTorch,0.0,,0.05,1.0,0.0,0.07115158066153526,0.12143995985388756,0.12143995985388756,1,1.0,0.05,0.0
MASS2569,0.050288379192352295,0.0033525586128234862,0.12143995985388756,TimesFM-3.0-PyTorch,0.0,,0.05,1.0,0.0,0.07115158066153526,0.12143995985388756,0.12143995985388756,1,1.0,0.05,0.0
MASS2570,0.10057675838470459,0.0067051172256469725,0.24287991970777512,TimesFM-3.0-PyTorch,0.0,,0.05,1.0,0.0,0.14230316132307053,0.24287991970777512,0.24287991970777512,1,1.0,0.05,0.0
MASS2571,0.10057675838470459,0.0067051172256469725,0.24287991970777512,TimesFM-3.0-PyTorch,0.0,,0.05,1.0,0.0,0.14230316132307053,0.24287991970777512,0.24287991970777512,1,1.0,0.05,0.0
MASS2572,0.050288379192352295,0.0033525586128234862,0.12143995985388756,TimesFM-3.0-PyTorch,0.0,,0.05,1.0,0.0,0.07115158066153526,0.12143995985388756,0.12143995985388756,1,1.0,0.05,0.0
MASS2573,0.050288379192352295,0.0033525586128234862,0.12143995985388756,TimesFM-3.0-PyTorch,0.0,,0.05,1.0,0.0,0.07115158066153526,0.12143995985388756,0.12143995985388756,1,1.0,0.05,0.0
MASS2574,0.10057675838470459,0.0067051172256469725,0.24287991970777512,TimesFM-3.0-PyTorch,0.0,,0.05,1.0,0.0,0.14230316132307053,0.24287991970777512,0.24287991970777512,1,1.0,0.05,0.0
MASS2575,0.10057675838470459,0.0067051172256469725,0.24287991970777512,TimesFM-3.0-PyTorch,0.0,,0.05,1.0,0.0,0.14230316132307053,0.24287991970777512,0.24287991970777512,1,1.0,0.05,0.0
MASS2576,0.10057675838470459,0.0067051172256469725,0.24287991970777512,TimesFM-3.0-PyTorch,0.0,,0.05,1.0,0.0,0.14230316132307053,0.24287991970777512,0.24287991970777512,1,1.0,0.05,0.0
MASS2577,0.025144189596176147,0.0016762793064117431,0.06071997992694378,TimesFM-3.0-PyTorch,0.0,,0.05,1.0,0.0,0.03557579033076763,0.06071997992694378,0.06071997992694378,1,1.0,0.05,0.0
MASS2578,0.050288379192352295,0.0033525586128234862,0.12143995985388756,TimesFM-3.0-PyTorch,0.0,,0.05,1.0,0.0,0.07115158066153526,0.12143995985388756,0.12143995985388756,1,1.0,0.05,0.0
MASS2579,0.025144189596176147,0.0016762793064117431,0.06071997992694378,TimesFM-3.0-PyTorch,0.0,,0.05,1.0,0.0,0.03557579033076763,0.06071997992694378,0.06071997992694378,1,1.0,0.05,0.0
MASS2580,0.008381458930671215,0.0005587639287114143,0.02024007635191083,TimesFM-3.0-PyTorch,0.0,,0.05,1.0,0.0,0.011858617421239614,0.02024007635191083,0.02024007635191083,1,1.0,0.05,0.0
MASS2581,0.30173103511333466,0.020115402340888978,0.7286429554224014,TimesFM-3.0-PyTorch,0.0,,0.05,1.0,0.0,0.4269119203090668,0.7286429554224014,0.7286429554224014,1,1.0,0.05,0.0
MASS2582,0.0,0.0,52.29776215553284,TimesFM-3.0-PyTorch,2.0,INCUBADORA DE HUEVOS 48 PZ 110V/220V,0.02016,1.0,0.0,52.29776215553284,52.29776215553284,50.29776215553284,51,51.0,1.02816,0.0
MASS2583,0.1603715717792511,0.01069143811861674,54.753291606903076,TimesFM-3.0-PyTorch,137.0,KIT DE PRIMEROS AUXILIOS BOLSO PORTATIL,0.132,200.0,0.0,54.592920035123825,54.753291606903076,0.0,0,0.0,0.0,0.0
MASS2584,43.509156942367554,2.9006104628245035,164.26142978668213,TimesFM-3.0-PyTorch,59.0,PERCHERO DE 3 PATAS 167 x 50 CM,0.1566,24.0,0.0,120.75227284431458,164.26142978668213,105.26142978668213,5,120.0,0.7829999999999999,0.0
MASS2585,116.56877040863037,7.771251360575358,330.5344123840332,TimesFM-3.0-PyTorch,0.0,,0.1223235,16.0,0.0,213.96564197540283,330.5344123840332,330.5344123840332,21,336.0,2.5687935,0.0
MASS2586,26.031824469566345,1.7354549646377564,254.2521858215332,TimesFM-3.0-PyTorch,34.0,PERCHERO DE HIERRO CON REJILLA LATERAL CON RUEDAS,0.017061,1.0,0.0,228.22036135196686,254.2521858215332,220.2521858215332,221,221.0,3.7704809999999997,0.0
MASS2587,0.23231402039527893,0.015487601359685263,30.812691926956177,TimesFM-3.0-PyTorch,128.0,TENDEDERO PLEGABLE 110 CM,0.07710625,16.0,0.0,30.580377906560898,30.812691926956177,0.0,0,0.0,0.0,0.0
MASS2588,174.07023906707764,11.604682604471842,653.8146171569824,TimesFM-3.0-PyTorch,41.0,ESTANTE PARA ZAPATOS Y SOMBREROS 5 NIVELES 1.65M X 79CM X  30CM,0.148603,10.0,0.0,479.7443780899048,653.8146171569824,612.8146171569824,62,620.0,9.213386000000002,0.0
MASS2589,136.20204401016235,9.080136267344157,718.3504638671875,TimesFM-3.0-PyTorch,19.0,ESTANTE PORTATIL 6 NIVELES 2 COLUMNAS DE TELA NEGRO 1.5M,0.08982675,10.0,0.0,582.1484198570251,718.3504638671875,699.3504638671875,70,700.0,6.2878725,0.0
MASS2590,10.289801299571991,0.6859867533047994,177.4053087234497,TimesFM-3.0-PyTorch,168.0,KIT TECLADO Y MOUSE LED TF200,0.11158875,30.0,0.0,167.11550742387772,177.4053087234497,9.405308723449707,1,30.0,0.11158875,0.0
MASS2591,0.1927238255739212,0.012848255038261414,46.540775537490845,TimesFM-3.0-PyTorch,200.0,KIT TECLADO Y MOUSE LED TF240,0.112518,10.0,0.0,46.34805171191692,46.540775537490845,0.0,0,0.0,0.0,0.0
MASS2592,9.25917387008667,0.617278258005778,51.52116823196411,TimesFM-3.0-PyTorch,191.0,KIT TECLADO Y MOUSE LED TF270,0.11158875,30.0,0.0,42.26199436187744,51.52116823196411,0.0,0,0.0,0.0,0.0
MASS2593,7.915769457817078,0.5277179638544719,31.054221868515015,TimesFM-3.0-PyTorch,108.0,KIT TECLADO MOUSE INALAMBRICO NEGRO 8875,0.16875,50.0,0.0,23.138452410697937,31.054221868515015,0.0,0,0.0,0.0,0.0
MASS2594,7.350926071405411,0.4900617380936941,122.414870262146,TimesFM-3.0-PyTorch,65.0,LUBRICANTE ANAL WATER OLO 60 ML COOLING AZUL,0.05,1.0,0.0,115.06394419074059,122.414870262146,57.414870262145996,58,58.0,2.9000000000000004,0.0
MASS2595,1.100673831999302,0.07337825546662012,104.59512042999268,TimesFM-3.0-PyTorch,11.0,LUBRICANTE ANAL WATER OLO 60 ML SMOOTH MORADO,0.05,1.0,0.0,103.49444659799337,104.59512042999268,93.59512042999268,94,94.0,4.7,0.0
MASS2596,0.06115049123764038,0.004076699415842692,65.3999457359314,TimesFM-3.0-PyTorch,49.0,RODILLERA AJUSTABLE XXXL,0.05,1.0,0.0,65.33879524469376,65.3999457359314,16.399945735931396,17,17.0,0.8500000000000001,0.0
MASS2597,55.21223497390747,3.680815664927165,195.98946952819824,TimesFM-3.0-PyTorch,285.0,ARNE STRAP ON CON CINTURON Y VIBRADOR ROSADO,0.0825,100.0,0.0,140.77723455429077,195.98946952819824,0.0,0,0.0,0.0,0.0
MASS2598,8.311963438987732,0.5541308959325154,226.7627296447754,TimesFM-3.0-PyTorch,159.0,FLAT WALL PANEL LISO HYC032 MARRON OSCURO 400*9*2900MM,0.105315,9.0,0.0,218.45076620578766,226.7627296447754,67.76272964477539,8,72.0,0.84252,0.0
MASS2599,26.023337483406067,1.7348891655604044,392.4901695251465,TimesFM-3.0-PyTorch,232.0,FLAT WALL PANEL LISO HYC080 GRIS OSCURO 400*9*2900MM,0.105315,9.0,0.0,366.4668320417404,392.4901695251465,160.49016952514648,18,162.0,1.8956700000000002,0.0
MASS2600,0.9994041919708252,0.06662694613138835,411.3393726348877,TimesFM-3.0-PyTorch,1.0,FLAT WALL PANEL LISO 070 GRIS CLARO 400*9*2900MM,0.105315,9.0,0.0,410.33996844291687,411.3393726348877,410.3393726348877,46,414.0,4.84449,0.0
MASS2601,0.7423509359359741,0.04949006239573161,432.69267082214355,TimesFM-3.0-PyTorch,141.0,FLAT WALL PANEL LISO HYC015 MARRON 400*9*2900MM,0.105315,9.0,0.0,431.9503198862076,432.69267082214355,291.69267082214355,33,297.0,3.4753950000000002,0.0
MASS2602,1.9047554731369019,0.12698369820912678,319.3033332824707,TimesFM-3.0-PyTorch,0.0,,0.105315,9.0,0.0,317.3985778093338,319.3033332824707,319.3033332824707,36,324.0,3.7913400000000004,0.0
MASS2603,723.4677543640137,48.23118362426758,2014.8852996826172,TimesFM-3.0-PyTorch,0.0,ESTANTE METAL GALVANIZADO CON MDF 5 NIVELES AGORA 180*90*40CM,0.05,1.0,0.0,1291.4175453186035,2014.8852996826172,2014.8852996826172,2015,2015.0,100.75,0.0
MASS2604,71.49935913085938,4.766623942057292,218.30575370788574,TimesFM-3.0-PyTorch,0.0,,0.05,1.0,0.0,146.80639457702637,218.30575370788574,218.30575370788574,219,219.0,10.950000000000001,0.0
MASS2605,0.7212445139884949,0.048082967599232994,82.88617610931396,TimesFM-3.0-PyTorch,0.0,,0.044604,5.0,0.0,82.16493159532547,82.88617610931396,82.88617610931396,17,85.0,0.7582679999999999,0.0
MASS2606,5.921103060245514,0.3947402040163676,523.6659622192383,TimesFM-3.0-PyTorch,0.0,,0.036639,5.0,0.0,517.7448591589928,523.6659622192383,523.6659622192383,105,525.0,3.847095,0.0
MASS2607,15.016681730747223,1.0011121153831481,18.82974350452423,TimesFM-3.0-PyTorch,36.0,MAQUINA DE AFEITAR WAHL COLOR TRIM PARA BARBA,0.058752,25.0,0.0,3.813061773777008,18.82974350452423,0.0,0,0.0,0.0,0.0
MASS2609,8.723511666059494,0.5815674444039662,256.8926668167114,TimesFM-3.0-PyTorch,179.0,MODULO DECODIFICADOR BLUETOOTH MP3 USB FM RECTANGULAR,0.096,250.0,0.0,248.16915515065193,256.8926668167114,77.89266681671143,1,250.0,0.096,0.0
MASS2610,4.640502780675888,0.3093668520450592,24.620274424552917,TimesFM-3.0-PyTorch,200.0,MODULO DECODIFICADOR CUADRADO CON CONTROL BLUETOOTH MP3 USB FM,0.14256,500.0,0.0,19.97977164387703,24.620274424552917,0.0,0,0.0,0.0,0.0
MASS2611,106.90573453903198,7.127048969268799,320.09000968933105,TimesFM-3.0-PyTorch,77.0,MINI VENTILADOR TURBO DE ALTA POTENCIA RECARGABLE,0.049728,60.0,0.0,213.18427515029907,320.09000968933105,243.09000968933105,5,300.0,0.24864,0.0
MASS2612,67.72186946868896,4.5147912979125975,189.32781219482422,TimesFM-3.0-PyTorch,136.0,TELESCOPIO MONOCULAR 25X2000 3.6 PULGADAS ALTA DEFINICION,0.108,500.0,0.0,121.60594272613525,189.32781219482422,53.32781219482422,1,500.0,0.108,0.0
MASS2613,0.1101730465888977,0.00734486977259318,3.914855644106865,TimesFM-3.0-PyTorch,157.0,KIT FACIAL 10 EN 1 RODILLO DE JADE Y CEPILLO DE LIMPIEZA,0.094392,100.0,0.0,3.8046825975179672,3.914855644106865,0.0,0,0.0,0.0,0.0
MASS2614,215.99455738067627,14.399637158711752,577.8575973510742,TimesFM-3.0-PyTorch,102.0,CORTADOR MANUAL DE PAPAS ACERO INOXIDABLE,0.07632,24.0,0.0,361.86303997039795,577.8575973510742,475.8575973510742,20,480.0,1.5264,0.0
MASS2615,35.64833116531372,2.376555411020915,186.22172927856445,TimesFM-3.0-PyTorch,136.0,COTUFERA ELECTRICA R.99014-110 RAF,0.120064,20.0,0.0,150.57339811325073,186.22172927856445,50.22172927856445,3,60.0,0.360192,0.0
MASS2616,0.427970252931118,0.028531350195407867,13.944149494171143,TimesFM-3.0-PyTorch,33.0,AIR FRYER 6L R.5010-110 RAF,0.10819575,2.0,0.0,13.516179241240025,13.944149494171143,0.0,0,0.0,0.0,0.0
MASS2617,0.25386573374271393,0.01692438224951426,97.01181411743164,TimesFM-3.0-PyTorch,22.0,AIR FRYER NEGRO 5L R.5234B-110 RAF,0.0716875,2.0,0.0,96.75794838368893,97.01181411743164,75.01181411743164,38,76.0,2.724125,0.0
MASS2618,0.0,0.0,0.0825095921754837,TimesFM-3.0-PyTorch,26.0,AIR FRYER BLANCO 5L R.5234W-110 RAF,0.0716875,2.0,0.0,0.0825095921754837,0.0825095921754837,0.0,0,0.0,0.0,0.0
MASS2619,0.0,0.0,0.04636206477880478,TimesFM-3.0-PyTorch,47.0,AIR FRYER BLANCO 3L R.95237W-110 RAF,0.0697376,2.0,0.0,0.04636206477880478,0.04636206477880478,0.0,0,0.0,0.0,0.0
MASS2620,0.0,0.0,0.02848360687494278,TimesFM-3.0-PyTorch,45.0,AIR FRYER NEGRO 3L R.95237B-110 RAF,0.0697376,2.0,0.0,0.02848360687494278,0.02848360687494278,0.0,0,0.0,0.0,0.0
MASS2621,4.0340022295713425,0.2689334819714228,99.3133134841919,TimesFM-3.0-PyTorch,20.0,OLLA DE PRESION 6L R.9177-110 RAF,0.160512,4.0,0.0,95.27931125462055,99.3133134841919,79.3133134841919,20,80.0,3.2102399999999998,0.0
MASS2622,58.34314274787903,3.8895428498586018,163.28464126586914,TimesFM-3.0-PyTorch,65.0,MAQ. YOGURT MAKER CUADRADA R.914400-110 RAF,0.038895375,4.0,0.0,104.94149851799011,163.28464126586914,98.28464126586914,25,100.0,0.9723843750000001,0.0
MASS2623,78.10298013687134,5.206865342458089,255.70543670654297,TimesFM-3.0-PyTorch,217.0,BALANZA COLGANTE MULTIFUNCIONAL 50KG R.10020 RAF,0.060606,100.0,0.0,177.60245656967163,255.70543670654297,38.70543670654297,1,100.0,0.060606,0.0
MASS2624,28.512667775154114,1.9008445183436076,135.8252763748169,TimesFM-3.0-PyTorch,0.0,,0.0744,25.0,0.0,107.31260859966278,135.8252763748169,135.8252763748169,6,150.0,0.44639999999999996,0.0
MASS2625,68.9174063205719,4.594493754704794,295.71890926361084,TimesFM-3.0-PyTorch,1.0,TERMO OWALA 32 OZ AZUL CLARO,0.0744,25.0,0.0,226.80150294303894,295.71890926361084,294.71890926361084,12,300.0,0.8927999999999999,0.0
MASS2626,63.365583658218384,4.224372243881225,153.5240354537964,TimesFM-3.0-PyTorch,55.0,TERMO OWALA 32 OZ BLANQUECINO,0.0744,25.0,0.0,90.158451795578,153.5240354537964,98.52403545379639,4,100.0,0.2976,0.0
MASS2627,61.55951261520386,4.103967507680257,150.7199354171753,TimesFM-3.0-PyTorch,101.0,TERMO OWALA 32 OZ BLANCO PURO,0.0744,25.0,0.0,89.16042280197144,150.7199354171753,49.71993541717529,2,50.0,0.1488,0.0
MASS2628,114.05675220489502,7.603783480326334,210.42723846435547,TimesFM-3.0-PyTorch,32.0,TERMO OWALA 32 OZ NEGRO CON GRIS,0.0744,25.0,0.0,96.37048625946045,210.42723846435547,178.42723846435547,8,200.0,0.5952,0.0
MASS2630,114.95825958251953,7.663883972167969,335.1844139099121,TimesFM-3.0-PyTorch,27.0,TERMO OWALA 32 OZ ESTAMPADO LEOPARDO ROSA,0.0744,25.0,0.0,220.22615432739258,335.1844139099121,308.1844139099121,13,325.0,0.9672,0.0
MASS2631,63.41771221160889,4.227847480773926,165.75527095794678,TimesFM-3.0-PyTorch,0.0,,0.0744,25.0,0.0,102.33755874633789,165.75527095794678,165.75527095794678,7,175.0,0.5207999999999999,0.0
MASS2632,60.12953734397888,4.008635822931925,203.11571407318115,TimesFM-3.0-PyTorch,28.0,TERMO OWALA 30 ONZ 900 ML NEGRO,0.085904,25.0,0.0,142.98617672920227,203.11571407318115,175.11571407318115,8,200.0,0.687232,0.0
MASS2633,34.48192119598389,2.298794746398926,96.41897964477539,TimesFM-3.0-PyTorch,18.0,TERMO OWALA 30 ONZ 900 ML NARANJA,0.085904,25.0,0.0,61.937058448791504,96.41897964477539,78.41897964477539,4,100.0,0.343616,0.0
MASS2634,68.30204486846924,4.553469657897949,287.5390853881836,TimesFM-3.0-PyTorch,13.0,TERMO OWALA 30 ONZ 900 ML ROSA CLARO,0.085904,25.0,0.0,219.23704051971436,287.5390853881836,274.5390853881836,11,275.0,0.9449439999999999,0.0
MASS2635,63.012160301208496,4.200810686747233,210.114107131958,TimesFM-3.0-PyTorch,0.0,,0.085904,25.0,0.0,147.1019468307495,210.114107131958,210.114107131958,9,225.0,0.7731359999999999,0.0
MASS2636,0.39632514119148254,0.02642167607943217,152.6542797088623,TimesFM-3.0-PyTorch,0.0,,0.085904,25.0,0.0,152.25795456767082,152.6542797088623,152.6542797088623,7,175.0,0.601328,0.0
MASS2637,77.6188611984253,5.1745907465616865,198.02929973602295,TimesFM-3.0-PyTorch,19.0,TERMO OWALA 30 ONZ 900 ML MARFIL,0.085904,25.0,0.0,120.41043853759766,198.02929973602295,179.02929973602295,8,200.0,0.687232,0.0
MASS2638,79.01260232925415,5.267506821950277,161.43445301055908,TimesFM-3.0-PyTorch,2.0,TERMO OWALA 30 ONZ 900 ML AZUL CLARO,0.085904,25.0,0.0,82.42185068130493,161.43445301055908,159.43445301055908,7,175.0,0.601328,0.0
MASS2639,25.331835389137268,1.6887890259424845,169.65725135803223,TimesFM-3.0-PyTorch,1.0,TERMO OWALA 30 ONZ 900 ML MORADO,0.085904,25.0,0.0,144.32541596889496,169.65725135803223,168.65725135803223,7,175.0,0.601328,0.0
MASS2640,21.77855622768402,1.451903748512268,109.93488788604736,TimesFM-3.0-PyTorch,21.0,TERMO OWALA 20 OZ PARA CAFE VIOLETA,0.052992,25.0,0.0,88.15633165836334,109.93488788604736,88.93488788604736,4,100.0,0.211968,0.0
MASS2641,39.712867975234985,2.647524531682332,108.81247472763062,TimesFM-3.0-PyTorch,17.0,TERMO OWALA 20 OZ PARA CAFE GRIS OSCURO CON VERDE,0.052992,25.0,0.0,69.09960675239563,108.81247472763062,91.81247472763062,4,100.0,0.211968,0.0
MASS2642,34.79916429519653,2.3199442863464355,121.45611381530762,TimesFM-3.0-PyTorch,18.0,TERMO OWALA 20 OZ PARA CAFE BLANQUECINO,0.052992,25.0,0.0,86.65694952011108,121.45611381530762,103.45611381530762,5,125.0,0.26496,0.0
MASS2643,30.443988800048828,2.0295992533365887,75.04616022109985,TimesFM-3.0-PyTorch,19.0,TERMO OWALA 20 OZ PARA CAFE AZUL,0.052992,25.0,0.0,44.602171421051025,75.04616022109985,56.04616022109985,3,75.0,0.158976,0.0
MASS2644,4.0734207183122635,0.2715613812208176,168.89121532440186,TimesFM-3.0-PyTorch,0.0,,0.05,1.0,0.0,164.8177946060896,168.89121532440186,168.89121532440186,169,169.0,8.450000000000001,0.0
MASS2645,37.85970449447632,2.5239802996317544,143.4318552017212,TimesFM-3.0-PyTorch,79.0,TERMO OWALA 24 OZ AZUL MARINO,0.05,1.0,0.0,105.57215070724487,143.4318552017212,64.43185520172119,65,65.0,3.25,0.0
MASS2646,47.13801288604736,3.1425341924031573,116.74925661087036,TimesFM-3.0-PyTorch,12.0,TERMO OWALA 20 OZ PARA CAFE BLANCO ROSADO,0.052992,25.0,0.0,69.611243724823,116.74925661087036,104.74925661087036,5,125.0,0.26496,0.0
MASS2647,11.365728914737701,0.7577152609825134,125.75028800964355,TimesFM-3.0-PyTorch,23.0,TERMO OWALA 20 OZ PARA CAFE AMARILLO,0.052992,25.0,0.0,114.38455909490585,125.75028800964355,102.75028800964355,5,125.0,0.26496,0.0
MASS2648,36.07780313491821,2.4051868756612143,309.94830322265625,TimesFM-3.0-PyTorch,71.0,TERMO OWALA 24 OZ FLOR NEGRO,0.05,1.0,0.0,273.87050008773804,309.94830322265625,238.94830322265625,239,239.0,11.950000000000001,0.0
MASS2649,36.783467531204224,2.4522311687469482,88.9032154083252,TimesFM-3.0-PyTorch,15.0,TERMO OWALA 20 OZ PARA CAFE ROSA,0.052992,25.0,0.0,52.11974787712097,88.9032154083252,73.9032154083252,3,75.0,0.158976,0.0
MASS2650,56.671499729156494,3.7780999819437664,112.45022821426392,TimesFM-3.0-PyTorch,10.0,TERMO OWALA 20 OZ PARA CAFE ESTRELLAS,0.052992,25.0,0.0,55.77872848510742,112.45022821426392,102.45022821426392,5,125.0,0.26496,0.0
MASS2651,567.1998176574707,37.81332117716472,1235.3913955688477,TimesFM-3.0-PyTorch,0.0,,0.09588,30.0,0.0,668.191577911377,1235.3913955688477,1235.3913955688477,42,1260.0,4.02696,0.0
MASS2652,883.1020965576172,58.87347310384114,1656.2868194580078,TimesFM-3.0-PyTorch,388.0,MASAJEADOR REDUCTOR DE CELULITIS TERAPIA INFRAROJO BLANCO,0.09588,30.0,0.0,773.1847229003906,1656.2868194580078,1268.2868194580078,43,1290.0,4.12284,0.0
MASS2653,0.37282174825668335,0.024854783217112222,1.0135362446308136,TimesFM-3.0-PyTorch,0.0,,0.05,1.0,0.0,0.6407144963741302,1.0135362446308136,1.0135362446308136,2,2.0,0.1,0.0
MASS2654,0.005666968412697315,0.00037779789417982104,0.02064115321263671,TimesFM-3.0-PyTorch,1.0,LAPTOP HP PROBOOK 650 G1 CORE i5 4TA GENERACION 4GB RAM DDR3 500GB HDD,0.05,1.0,0.0,0.014974184799939394,0.02064115321263671,0.0,0,0.0,0.0,0.0
MASS2658,0.0012177741155028343,8.118494103352229e-05,0.01334293931722641,TimesFM-3.0-PyTorch,0.0,,0.05,1.0,0.0,0.012125165201723576,0.01334293931722641,0.01334293931722641,1,1.0,0.05,0.0
MASS2660,0.0008986028842628002,5.990685895085335e-05,0.01376343285664916,TimesFM-3.0-PyTorch,0.0,,0.05,1.0,0.0,0.01286482997238636,0.01376343285664916,0.01376343285664916,1,1.0,0.05,0.0
MASS2661,0.0008986028842628002,5.990685895085335e-05,0.01376343285664916,TimesFM-3.0-PyTorch,0.0,,0.05,1.0,0.0,0.01286482997238636,0.01376343285664916,0.01376343285664916,1,1.0,0.05,0.0
MASS2662,0.005095046013593674,0.0003396697342395782,0.07003818824887276,TimesFM-3.0-PyTorch,0.0,,0.05,1.0,0.0,0.06494314223527908,0.07003818824887276,0.07003818824887276,1,1.0,0.05,0.0
MASS2663,0.0008986028842628002,5.990685895085335e-05,0.01376343285664916,TimesFM-3.0-PyTorch,0.0,,0.05,1.0,0.0,0.01286482997238636,0.01376343285664916,0.01376343285664916,1,1.0,0.05,0.0
MASS2664,0.013721480034291744,0.0009147653356194497,2.146334446966648,TimesFM-3.0-PyTorch,0.0,,0.05,1.0,0.0,2.1326129669323564,2.146334446966648,2.146334446966648,3,3.0,0.15000000000000002,0.0
MASS2678,0.04617864638566971,0.003078576425711314,0.14540550857782364,TimesFM-3.0-PyTorch,0.0,,0.05,1.0,0.0,0.09922686219215393,0.14540550857782364,0.14540550857782364,1,1.0,0.05,0.0
MASS2679,0.002808641642332077,0.0001872427761554718,0.03651350736618042,TimesFM-3.0-PyTorch,19.0,TERMO CAROTE ROSADO 26OZ A13029,0.1375,50.0,0.0,0.03370486572384834,0.03651350736618042,0.0,0,0.0,0.0,0.0
MASS2680,0.022776804864406586,0.0015184536576271057,0.08722363971173763,TimesFM-3.0-PyTorch,20.0,TERMO CAROTE AZUL 26OZ A13028,0.05,1.0,0.0,0.06444683484733105,0.08722363971173763,0.0,0,0.0,0.0,0.0
MASS2681,0.000961029902100563,6.406866014003753e-05,0.022974847815930843,TimesFM-3.0-PyTorch,7.0,SET 3 TERMOS CAROTE A13275 AZUL,0.05,1.0,0.0,0.02201381791383028,0.022974847815930843,0.0,0,0.0,0.0,0.0
MASS2682,0.000961029902100563,6.406866014003753e-05,0.022974847815930843,TimesFM-3.0-PyTorch,7.0,SET 3 TERMOS CAROTE A13066 MORADO,0.05,1.0,0.0,0.02201381791383028,0.022974847815930843,0.0,0,0.0,0.0,0.0
MASS2683,0.0,0.0,0.011136968620121479,TimesFM-3.0-PyTorch,10.0,JUEGO DE OLLAS CAROTE ACERO INOXIDABLE 6 PIEZAS A14037,0.05,1.0,0.0,0.011136968620121479,0.011136968620121479,0.0,0,0.0,0.0,0.0
MASS2684,0.3643091879785061,0.02428727919856707,22.373963594436646,TimesFM-3.0-PyTorch,5.0,JUEGO DE SARTENES CAROTE ROSA 4 PIEZAS A14310,0.05,1.0,0.0,22.00965440645814,22.373963594436646,17.373963594436646,18,18.0,0.9,0.0
MASS2685,2.742455840110779,0.18283038934071857,47.48263764381409,TimesFM-3.0-PyTorch,4.0,JUEGO DE SARTENES CAROTE AZUL 4 PIEZAS A14309,0.05,1.0,0.0,44.74018180370331,47.48263764381409,43.48263764381409,44,44.0,2.2,0.0
MASS2686,0.0462644100189209,0.0030842940012613933,3.3482722640037537,TimesFM-3.0-PyTorch,0.0,,0.05,1.0,0.0,3.3020078539848328,3.3482722640037537,3.3482722640037537,4,4.0,0.2,0.0
MASS2687,0.1318204551935196,0.008788030346234639,0.420261450111866,TimesFM-3.0-PyTorch,174.0,LAMINA PISO DE VINIL HHYM3020,0.05,1.0,0.0,0.2884409949183464,0.420261450111866,0.0,0,0.0,0.0,0.0
MASS2688,0.5820411443710327,0.03880274295806885,1.800758183002472,TimesFM-3.0-PyTorch,85.0,LAMINA PISO DE VINIL HHYM3018,0.05,1.0,0.0,1.2187170386314392,1.800758183002472,0.0,0,0.0,0.0,0.0
MASS2689,0.26915764808654785,0.017943843205769857,19.998360335826874,TimesFM-3.0-PyTorch,0.0,,0.05,1.0,0.0,19.729202687740326,19.998360335826874,19.998360335826874,20,20.0,1.0,0.0
MASS2690,1.7978292107582092,0.11985528071721395,1056.2486038208008,TimesFM-3.0-PyTorch,59.0,LAMINA PISO DE VINIL HHYM3043,0.05,1.0,0.0,1054.4507746100426,1056.2486038208008,997.2486038208008,998,998.0,49.900000000000006,0.0
MASS2692,0.0012177741155028343,8.118494103352229e-05,0.01334293931722641,TimesFM-3.0-PyTorch,2.0,TERMO CAROTE ROSADO SIN PITILLO 24OZ A13066,0.05,1.0,0.0,0.012125165201723576,0.01334293931722641,0.0,0,0.0,0.0,0.0
MASS2699,1.069012999534607,0.07126753330230713,6.758408784866333,TimesFM-3.0-PyTorch,0.0,,0.05,1.0,0.0,5.689395785331726,6.758408784866333,6.758408784866333,7,7.0,0.35000000000000003,0.0
MASS2700,0.06576007604598999,0.004384005069732666,0.7205217182636261,TimesFM-3.0-PyTorch,180.0,FLAT WALL PANEL LISO HYC089 MARFIL 400*9*2900MM,0.05,1.0,0.0,0.6547616422176361,0.7205217182636261,0.0,0,0.0,0.0,0.0
MASS2701,67.8919849395752,4.526132329305013,170.4974308013916,TimesFM-3.0-PyTorch,83.0,ESTANTE PORTATIL 5 NIVELES 2 COLUMNAS DE TELA NEGRO 1.25M,0.137826,10.0,0.0,102.6054458618164,170.4974308013916,87.4974308013916,9,90.0,1.240434,0.0
MASS2702,1.6609534546732903,0.11073023031155269,3.8606046438217163,TimesFM-3.0-PyTorch,96.0,ESTANTE PORTATIL 6 NIVELES 1 COLUMNA DE TELA NEGRO 1.5M,0.137826,10.0,0.0,2.199651189148426,3.8606046438217163,0.0,0,0.0,0.0,0.0
MASS2703,0.004156041890382767,0.0002770694593588511,23.331802129745483,TimesFM-3.0-PyTorch,3.0,COCHE PARA BEBE VIAJERO YOYO BLANCO,0.05,1.0,0.0,23.3276460878551,23.331802129745483,20.331802129745483,21,21.0,1.05,0.0
MASS2704,0.02376933954656124,0.0015846226364374162,11.692298650741577,TimesFM-3.0-PyTorch,3.0,COCHE PARA BEBE VIAJERO YOYO AZUL,0.05,1.0,0.0,11.668529311195016,11.692298650741577,8.692298650741577,9,9.0,0.45,0.0
MASS2705,0.11368794739246368,0.007579196492830912,102.31537199020386,TimesFM-3.0-PyTorch,114.0,ROLLO DE ESPUMA 3D AUTOADHESIVA JQ-3472-2Y4 40 CM X 3M DE 3MM,0.05,1.0,0.0,102.2016840428114,102.31537199020386,0.0,0,0.0,0.0,0.0
MASS2706,0.3904802203178406,0.02603201468785604,1.3563839346170425,TimesFM-3.0-PyTorch,273.0,MAQUINA DE HELADO EN ROLLO ACERO INOXIDABLE REFRIGERADOR,0.09,40.0,0.0,0.965903714299202,1.3563839346170425,0.0,0,0.0,0.0,0.0
MASS2707,0.6008864045143127,0.040059093634287515,2.0374377369880676,TimesFM-3.0-PyTorch,193.0,PASTILLERO ORGANIZADOR ELECTRONICO INTELIGENTE 7 DIAS,0.05472,120.0,0.0,1.4365513324737549,2.0374377369880676,0.0,0,0.0,0.0,0.0
MASS2708,252.64604949951172,16.843069966634115,452.9872646331787,TimesFM-3.0-PyTorch,173.0,CINTURON MASAJEADOR ADELGAZANTE REDUCTOR DE GRASA ABDOMEN Y CINTURA,0.103936,60.0,0.0,200.341215133667,452.9872646331787,279.9872646331787,5,300.0,0.51968,0.0
MASS2709,13.886590957641602,0.9257727305094401,167.257230758667,TimesFM-3.0-PyTorch,63.0,CEPILLO MASAJEADOR DE CUERO CABELLUDO ELÉCTRICO RECARGABLE BLANCO,0.05,1.0,0.0,153.3706398010254,167.257230758667,104.25723075866699,105,105.0,5.25,0.0
MASS2710,53.72063589096069,3.581375726064046,135.3317699432373,TimesFM-3.0-PyTorch,56.0,CEPILLO MASAJEADOR DE CUERO CABELLUDO ELÉCTRICO RECARGABLE ROJO,0.05,1.0,0.0,81.61113405227661,135.3317699432373,79.3317699432373,80,80.0,4.0,0.0
MASS2711,30.28818380832672,2.019212253888448,270.9125576019287,TimesFM-3.0-PyTorch,230.0,MASAJEADOR DE CUERO CABELLUDO ELÉCTRICO RECARGABLE BLANCO,0.0828945,60.0,0.0,240.624373793602,270.9125576019287,40.91255760192871,1,60.0,0.0828945,0.0
MASS2712,2.814583048224449,0.18763886988162995,60.206931591033936,TimesFM-3.0-PyTorch,0.0,,0.05,1.0,0.0,57.392348542809486,60.206931591033936,60.206931591033936,61,61.0,3.0500000000000003,0.0
MASS2713,175.1200771331787,11.67467180887858,519.3672733306885,TimesFM-3.0-PyTorch,14.0,GUANTES PARA GIMNASIO ANTIDESLIZANTES NEGRO TALLA M,0.05,1.0,0.0,344.24719619750977,519.3672733306885,505.3672733306885,506,506.0,25.3,0.0
MASS2714,47.58676075935364,3.1724507172902423,181.6832971572876,TimesFM-3.0-PyTorch,9.0,GUANTES PARA GIMNASIO ANTIDESLIZANTES NEGRO TALLA L,0.05,1.0,0.0,134.09653639793396,181.6832971572876,172.6832971572876,173,173.0,8.65,0.0
MASS2715,6.446164146065712,0.4297442764043808,192.4898853302002,TimesFM-3.0-PyTorch,0.0,,0.05,1.0,0.0,186.04372118413448,192.4898853302002,192.4898853302002,193,193.0,9.65,0.0
MASS2716,16.711799681186676,1.1141199787457785,207.49972820281982,TimesFM-3.0-PyTorch,25.0,GUANTES PARA GIMNASIO ANTIDESLIZANTES GRIS TALLA M,0.05,1.0,0.0,190.78792852163315,207.49972820281982,182.49972820281982,183,183.0,9.15,0.0
MASS2717,2.148478716611862,0.1432319144407908,86.52634239196777,TimesFM-3.0-PyTorch,10.0,GUANTES PARA GIMNASIO ANTIDESLIZANTES GRIS TALLA L,0.05,1.0,0.0,84.37786367535591,86.52634239196777,76.52634239196777,77,77.0,3.85,0.0
MASS2718,0.17086459696292877,0.011390973130861919,1.2485410422086716,TimesFM-3.0-PyTorch,0.0,,0.05,1.0,0.0,1.0776764452457428,1.2485410422086716,1.2485410422086716,2,2.0,0.1,0.0
MASS2719,98.08771991729736,6.539181327819824,195.51961135864258,TimesFM-3.0-PyTorch,3.0,GUANTES PARA GIMNASIO ANTIDESLIZANTES ROSADO TALLA M,0.05,1.0,0.0,97.43189144134521,195.51961135864258,192.51961135864258,193,193.0,9.65,0.0
MASS2720,0.022124145179986954,0.0014749430119991302,0.1681700348854065,TimesFM-3.0-PyTorch,16.0,GUANTES PARA GIMNASIO ANTIDESLIZANTES ROSADO TALLA L,0.05,1.0,0.0,0.14604588970541954,0.1681700348854065,0.0,0,0.0,0.0,0.0
MASS2721,19.01270294189453,1.2675135294596354,207.57046699523926,TimesFM-3.0-PyTorch,134.0,TAZA BATIDORA DE CAFE INTELIGENTE RECARGABLE NEGRO,0.05,1.0,0.0,188.55776405334473,207.57046699523926,73.57046699523926,74,74.0,3.7,0.0
MASS2722,3.632693573832512,0.24217957158883413,168.42402362823486,TimesFM-3.0-PyTorch,81.0,TAZA BATIDORA DE CAFE INTELIGENTE RECARGABLE BLANCO,0.05,1.0,0.0,164.79133005440235,168.42402362823486,87.42402362823486,88,88.0,4.4,0.0
MASS2723,13.228716433048248,0.8819144288698832,178.85650539398193,TimesFM-3.0-PyTorch,93.0,HUMIDIFICADOR TIPO DIAMANTE MADERA,0.05,1.0,0.0,165.62778896093369,178.85650539398193,85.85650539398193,86,86.0,4.3,0.0
MASS2724,58.353883028030396,3.89025886853536,140.96063089370728,TimesFM-3.0-PyTorch,26.0,HUMIDIFICADOR TIPO DIAMANTE MADERA OSCURA,0.05,1.0,0.0,82.60674786567688,140.96063089370728,114.96063089370728,115,115.0,5.75,0.0
MASS2725,29.083042979240417,1.9388695319493612,70.57822585105896,TimesFM-3.0-PyTorch,92.0,RIZADOR DE CABELLO USB NEGRO CON FUCSIA,0.05,1.0,0.0,41.49518287181854,70.57822585105896,0.0,0,0.0,0.0,0.0
MASS2726,3.65006622672081,0.243337748448054,91.57183265686035,TimesFM-3.0-PyTorch,99.0,RIZADOR DE CABELLO USB BLANCO CON DORADO,0.05,1.0,0.0,87.92176643013954,91.57183265686035,0.0,0,0.0,0.0,0.0
MASS2727,0.19702103734016418,0.013134735822677612,7.892353594303131,TimesFM-3.0-PyTorch,149.0,LÁMPARA DE MESA LED MEDIA LUNA PARA UÑAS NEGRO,0.102336,45.0,0.0,7.695332556962967,7.892353594303131,0.0,0,0.0,0.0,0.0
MASS2728,22.33520483970642,1.4890136559804281,174.81993103027344,TimesFM-3.0-PyTorch,156.0,BASE SOPORTE PARA LAPTOP AJUSTABLE Y PLEGABLE PLATEADO,0.056,40.0,0.0,152.48472619056702,174.81993103027344,18.819931030273438,1,40.0,0.056,0.0
MASS2729,0.0577021986246109,0.0038468132416407267,0.49792805314064026,TimesFM-3.0-PyTorch,116.0,BOLSO IMPERMEABLE ANTIAGUA DRY BAG PARA CAMPING AZUL 10L,0.0594,75.0,0.0,0.44022585451602936,0.49792805314064026,0.0,0,0.0,0.0,0.0
MASS2730,684.6697731018066,45.64465154012044,2767.828788757324,TimesFM-3.0-PyTorch,55.0,AUDÍFONOS INALÁMBRICOS TIPO CLIP MD,0.052416,100.0,0.0,2083.1590156555176,2767.828788757324,2712.828788757324,28,2800.0,1.4676479999999998,0.0
MASS2731,20.190189599990845,1.3460126399993897,108.03781270980835,TimesFM-3.0-PyTorch,175.0,BALON DE FÚTBOL MUNDIAL 2026 OFICIAL,0.12,50.0,0.0,87.8476231098175,108.03781270980835,0.0,0,0.0,0.0,0.0
MASS2732,128.0027437210083,8.53351624806722,368.1685390472412,TimesFM-3.0-PyTorch,423.0,FREIDORA DE AIRE DIGITAL AGORA CRISPY 4.5L+1.8L DOBLE VIDRIO,0.083509,2.0,0.0,240.1657953262329,368.1685390472412,0.0,0,0.0,0.0,0.0
MASS2733,55.8030903339386,3.7202060222625732,133.83014106750488,TimesFM-3.0-PyTorch,16.0,MAQUINA DE CAFE ESPRESSO CON ESPUMADOR RAF R.9136-110,0.114048,4.0,0.0,78.02705073356628,133.83014106750488,117.83014106750488,30,120.0,3.42144,0.0
MASS2734,5.484138488769531,0.3656092325846354,127.5637731552124,TimesFM-3.0-PyTorch,244.0,MINI CEPILLO ALISADOR TÉRMICO,0.05733,50.0,0.0,122.07963466644287,127.5637731552124,0.0,0,0.0,0.0,0.0
MASS2735,10.998570621013641,0.7332380414009094,222.0332546234131,TimesFM-3.0-PyTorch,109.0,INTERRUPTOR INTELIGENTE WIFI 1 APAGADOR SIN NEUTRO BLANCO,0.04704,100.0,0.0,211.03468400239944,222.0332546234131,113.03325462341309,2,200.0,0.09408,0.0
MASS2736,40.34888029098511,2.6899253527323403,154.93134212493896,TimesFM-3.0-PyTorch,89.0,CEPILLO MASAJEADOR DE CUERO CABELLUDO ELÉCTRICO RECARGABLE NEGRO,0.05,1.0,0.0,114.58246183395386,154.93134212493896,65.93134212493896,66,66.0,3.3000000000000003,0.0
MASS2737,0.19404835999011993,0.012936557332674662,0.7987621128559113,TimesFM-3.0-PyTorch,119.0,INTERRUPTOR INTELIGENTE WIFI 2 APAGADORES SIN NEUTRO BLANCO,0.04704,100.0,0.0,0.6047137528657913,0.7987621128559113,0.0,0,0.0,0.0,0.0
MASS2739,168.39848041534424,11.22656536102295,639.862003326416,TimesFM-3.0-PyTorch,281.0,ESENCIA RHJY,0.027048,48.0,0.0,471.4635229110718,639.862003326416,358.862003326416,8,384.0,0.216384,0.0
MASS2783,0.16930727660655975,0.01128715177377065,59.42865967750549,TimesFM-3.0-PyTorch,16.0,PLUG ANAL CON COLA DE ZORRO NEGRO CON BLANCO ANALTAIL001,0.05,1.0,0.0,59.25935240089893,59.42865967750549,43.42865967750549,44,44.0,2.2,0.0
MASS2784,35.609846115112305,2.373989741007487,179.8044843673706,TimesFM-3.0-PyTorch,63.0,CREATINA MONOHIDRATADA VENTURE PAL 60 SERVICIOS,0.05,1.0,0.0,144.1946382522583,179.8044843673706,116.8044843673706,117,117.0,5.8500000000000005,0.0
MASS2785,58.789024353027344,3.9192682902018228,158.6386079788208,TimesFM-3.0-PyTorch,6.0,CAMARA TAPO CON PANEL SOLAR C402 KIT TP LINK,0.05,1.0,0.0,99.84958362579346,158.6386079788208,152.6386079788208,153,153.0,7.65,0.0
MASS2786,43.2591609954834,2.8839440663655598,182.04765701293945,TimesFM-3.0-PyTorch,35.0,ESENCIA HANKEY FREESIA,0.05,1.0,0.0,138.78849601745605,182.04765701293945,147.04765701293945,148,148.0,7.4,0.0
MASS2787,34.360225439071655,2.2906816959381104,167.1757173538208,TimesFM-3.0-PyTorch,41.0,ESENCIA HANKEY LIRIO,0.05,1.0,0.0,132.81549191474915,167.1757173538208,126.1757173538208,127,127.0,6.3500000000000005,0.0
MASS2788,153.10180282592773,10.206786855061848,523.479585647583,TimesFM-3.0-PyTorch,4.0,ESENCIA HANKEY VAINILLA,0.05,1.0,0.0,370.3777828216553,523.479585647583,519.479585647583,520,520.0,26.0,0.0
MASS2789,44.2701153755188,2.9513410250345866,182.21357250213623,TimesFM-3.0-PyTorch,36.0,ESENCIA HANKEY LIMON,0.05,1.0,0.0,137.94345712661743,182.21357250213623,146.21357250213623,147,147.0,7.3500000000000005,0.0
MASS2790,174.26242446899414,11.61749496459961,389.6701850891113,TimesFM-3.0-PyTorch,2.0,ESENCIA HANKEY LAVANDA,0.05,1.0,0.0,215.4077606201172,389.6701850891113,387.6701850891113,388,388.0,19.400000000000002,0.0
MASS2791,44.1962628364563,2.94641752243042,132.80733680725098,TimesFM-3.0-PyTorch,40.0,ESENCIA HANKEY ROSA,0.05,1.0,0.0,88.61107397079468,132.80733680725098,92.80733680725098,93,93.0,4.65,0.0
MASS2792,40.441736459732056,2.696115763982137,114.94165134429932,TimesFM-3.0-PyTorch,38.0,ESENCIA HANKEY JAZMIN,0.05,1.0,0.0,74.49991488456726,114.94165134429932,76.94165134429932,77,77.0,3.85,0.0
MASS2793,94.59828042984009,6.3065520286560055,209.90128326416016,TimesFM-3.0-PyTorch,23.0,ESENCIA HANKEY NARANJA,0.05,1.0,0.0,115.30300283432007,209.90128326416016,186.90128326416016,187,187.0,9.35,0.0
MASS2794,37.69345498085022,2.512896998723348,466.572940826416,TimesFM-3.0-PyTorch,25.0,ESENCIA HANKEY SANDALO,0.05,1.0,0.0,428.8794858455658,466.572940826416,441.572940826416,442,442.0,22.1,0.0
MASS2795,0.3250248655676842,0.021668324371178944,10.817077666521072,TimesFM-3.0-PyTorch,51.0,ESENCIA HANKEY GARDENIA,0.05,1.0,0.0,10.492052800953388,10.817077666521072,0.0,0,0.0,0.0,0.0
MASS2796,0.009089425206184387,0.0006059616804122925,14.689732551574707,TimesFM-3.0-PyTorch,53.0,ESENCIA HANKEY BAMBU,0.05,1.0,0.0,14.680643126368523,14.689732551574707,0.0,0,0.0,0.0,0.0
MASS2797,66.4314079284668,4.428760528564453,219.7051763534546,TimesFM-3.0-PyTorch,19.0,ESENCIA HANKEY OCEANO,0.05,1.0,0.0,153.2737684249878,219.7051763534546,200.7051763534546,201,201.0,10.05,0.0
MASS2798,0.011983847245573997,0.0007989231497049331,0.038205858785659075,TimesFM-3.0-PyTorch,50.0,BALON DE FÚTBOL CHAMPIONS MULTICOLOR,0.05,1.0,0.0,0.026222011540085077,0.038205858785659075,0.0,0,0.0,0.0,0.0
MASS2800,0.9016253799200058,0.06010835866133372,376.43002700805664,TimesFM-3.0-PyTorch,1.0,MINI UPS 10400MAH NEGRO,0.05,1.0,0.0,375.52840162813663,376.43002700805664,375.43002700805664,376,376.0,18.8,0.0
MASS3000,6.672474801540375,0.444831653436025,306.05032539367676,TimesFM-3.0-PyTorch,7.0,"WALL PANEL CHINO PEQUEÑO NEGRO HL-Z-150-1-A 15CM*1,7CM*2,9M COLOR 1005",0.05,10.0,0.0,299.3778505921364,306.05032539367676,299.05032539367676,30,300.0,1.5,0.0
MASS3001,0.1169833242893219,0.007798888285954793,62.814576625823975,TimesFM-3.0-PyTorch,145.0,"WALL PANEL CHINO PEQUEÑO BLANCO HL-Z-150-2-A 15CM*1,7CM*2,9M COLOR 1006",0.05,10.0,0.0,62.69759330153465,62.814576625823975,0.0,0,0.0,0.0,0.0
MASS3002,28.443267703056335,1.8962178468704223,355.7086601257324,TimesFM-3.0-PyTorch,10.0,"WALL PANEL CHINO PEQUEÑO GRIS OSCURO HL-Z-150-3-A 15CM*1,7CM*2,9M COLOR 62101",0.05,10.0,0.0,327.2653924226761,355.7086601257324,345.7086601257324,35,350.0,1.75,0.0
MASS3003,0.018221180886030197,0.0012147453924020132,0.06977910920977592,TimesFM-3.0-PyTorch,196.0,"WALL PANEL CHINO PEQUEÑO BLANCO Y NARANJA HL-Z-150-4-A 15CM*1,7CM*2,9M COLOR DFX882-14",0.05,10.0,0.0,0.05155792832374573,0.06977910920977592,0.0,0,0.0,0.0,0.0
MASS3004,29.775418162345886,1.9850278774897256,229.25027465820312,TimesFM-3.0-PyTorch,60.0,"WALL PANEL CHINO PEQUEÑO GRIS Y BLANCO HL-Z-150-5-A 15CM*1,7CM*2,9M COLOR 96063-2",0.05,10.0,0.0,199.47485649585724,229.25027465820312,169.25027465820312,17,170.0,0.8500000000000001,0.0
MASS3005,0.10240504145622253,0.006827002763748169,0.36209921538829803,TimesFM-3.0-PyTorch,187.0,"WALL PANEL CHINO PEQUEÑO NEGRO Y BLANCO HL-Z-150-6-A 15CM*1,7CM*2,9M COLOR 1192",0.05,10.0,0.0,0.2596941739320755,0.36209921538829803,0.0,0,0.0,0.0,0.0
MASS3006,28.922868728637695,1.9281912485758463,243.82429885864258,TimesFM-3.0-PyTorch,52.0,"WALL PANEL CHINO PEQUEÑO MARRON OSCURO HL-Z-150-7-A 15CM*1,7CM*2,9M COLOR 60160",0.05,10.0,0.0,214.90143013000488,243.82429885864258,191.82429885864258,20,200.0,1.0,0.0
MASS3007,0.14467772841453552,0.009645181894302367,103.93891286849976,TimesFM-3.0-PyTorch,150.0,"WALL PANEL CHINO PEQUEÑO MARRON HL-Z-150-8-A 15CM*1,7CM*2,9M COLOR 1011",0.05,10.0,0.0,103.79423514008522,103.93891286849976,0.0,0,0.0,0.0,0.0
MASS3008,4.1930108070373535,0.27953405380249025,211.1386833190918,TimesFM-3.0-PyTorch,24.0,"WALL PANEL CHINO PEQUEÑO MARRON CLARO HL-Z-150-9-A 15CM*1,7CM*2,9M COLOR 2030",0.05,10.0,0.0,206.94567251205444,211.1386833190918,187.1386833190918,19,190.0,0.9500000000000001,0.0
MASS3009,0.2197219431400299,0.014648129542668661,0.8995554447174072,TimesFM-3.0-PyTorch,144.0,"WALL PANEL CHINO PEQUEÑO COBRIZO HL-Z-150-10-A 15CM*1,7CM*2,9M COLOR 1015",0.05,10.0,0.0,0.6798335015773773,0.8995554447174072,0.0,0,0.0,0.0,0.0
MASS3010,0.015561781823635101,0.0010374521215756735,0.15426881611347198,TimesFM-3.0-PyTorch,190.0,"WALL PANEL CHINO ONDULADO NEGRO HL-Z-Y154-1-A 15,4CM*1,75CM*2,9M COLOR 1005",0.05,10.0,0.0,0.13870703428983688,0.15426881611347198,0.0,0,0.0,0.0,0.0
MASS3020,8.895961791276932,0.5930641194184622,391.08414459228516,TimesFM-3.0-PyTorch,130.0,"WALL PANEL CHINO GRANDE NEGRO HL-Z-159-1-A 16CM*2,3CM*2,9M COLOR 1005",0.05,10.0,0.0,382.1881828010082,391.08414459228516,261.08414459228516,27,270.0,1.35,0.0
MASS3021,0.5113029181957245,0.0340868612130483,2.7273184955120087,TimesFM-3.0-PyTorch,171.0,"WALL PANEL CHINO GRANDE BLANCO HL-Z-159-2-A 16CM*2,3CM*2,9M COLOR 1006",0.05,10.0,0.0,2.216015577316284,2.7273184955120087,0.0,0,0.0,0.0,0.0
MASS3022,0.3793712556362152,0.025291417042414346,0.7631443738937378,TimesFM-3.0-PyTorch,173.0,"WALL PANEL CHINO GRANDE GRIS OSCURO HL-Z-159-3-A 16CM*2,3CM*2,9M COLOR 62101",0.05,10.0,0.0,0.3837731182575226,0.7631443738937378,0.0,0,0.0,0.0,0.0
MASS3024,0.0,0.0,62.072678089141846,TimesFM-3.0-PyTorch,160.0,"WALL PANEL CHINO GRANDE GRIS Y BLANCO HL-Z-159-5-A 16CM*2,3CM*2,9M COLOR 96063-2",0.05,10.0,0.0,62.072678089141846,62.072678089141846,0.0,0,0.0,0.0,0.0
MASS3025,6.60852724313736,0.44056848287582395,227.96562576293945,TimesFM-3.0-PyTorch,93.0,"WALL PANEL CHINO GRANDE NEGRO Y BLANCO HL-Z-159-6-A 16CM*2,3CM*2,9M COLOR 1192",0.05,10.0,0.0,221.3570985198021,227.96562576293945,134.96562576293945,14,140.0,0.7000000000000001,0.0
MASS3026,15.34199434518814,1.0227996230125427,157.13557720184326,TimesFM-3.0-PyTorch,168.0,"WALL PANEL CHINO GRANDE MARRON OSCURO HL-Z-159-7-A 16CM*2,3CM*2,9M COLOR 60160",0.05,10.0,0.0,141.79358285665512,157.13557720184326,0.0,0,0.0,0.0,0.0
MASS3027,0.11983675509691238,0.007989117006460825,0.3820558525621891,TimesFM-3.0-PyTorch,190.0,"WALL PANEL CHINO GRANDE MARRON HL-Z-159-8-A 16CM*2,3CM*2,9M COLOR 1011",0.05,10.0,0.0,0.2622190974652767,0.3820558525621891,0.0,0,0.0,0.0,0.0
MASS3028,0.0417943000793457,0.00278628667195638,325.4907808303833,TimesFM-3.0-PyTorch,20.0,"WALL PANEL CHINO GRANDE MARRON CLARO HL-Z-159-9-A 16CM*2,3CM*2,9M COLOR 2030",0.05,10.0,0.0,325.44898653030396,325.4907808303833,305.4907808303833,31,310.0,1.55,0.0
MASS3029,0.22688358277082443,0.015125572184721629,0.6576792076230049,TimesFM-3.0-PyTorch,185.0,"WALL PANEL CHINO GRANDE COBRIZO HL-Z-159-10-A 16CM*2,3CM*2,9M COLOR 1015",0.05,10.0,0.0,0.4307956248521805,0.6576792076230049,0.0,0,0.0,0.0,0.0
MASS3030,0.005073278211057186,0.00033821854740381243,0.015973976347595453,TimesFM-3.0-PyTorch,319.0,"WALL PANEL CHINO PLANO NEGRO HL-Z-199-1-A 19,9CM*1,15CM*2,9M COLOR 1005",0.05,16.0,0.0,0.010900698136538267,0.015973976347595453,0.0,0,0.0,0.0,0.0
MASS3031,0.12388697266578674,0.00825913151105245,0.2829075828194618,TimesFM-3.0-PyTorch,307.0,"WALL PANEL CHINO PLANO BLANCO HL-Z-199-2-A 19,9CM*1,15CM*2,9M COLOR 1006",0.05,16.0,0.0,0.15902061015367508,0.2829075828194618,0.0,0,0.0,0.0,0.0
MASS3032,0.12471751868724823,0.008314501245816548,0.8637267649173737,TimesFM-3.0-PyTorch,303.0,"WALL PANEL CHINO PLANO GRIS OSCURO HL-Z-199-3-A 19,9CM*1,15CM*2,9M COLOR 62101",0.05,16.0,0.0,0.7390092462301254,0.8637267649173737,0.0,0,0.0,0.0,0.0
MASS3033,0.004610943142324686,0.0003073962094883124,0.01730816625058651,TimesFM-3.0-PyTorch,319.0,"WALL PANEL CHINO PLANO BLANCO Y NARANJA HL-Z-199-4-A 19,9CM*1,15CM*2,9M COLOR DFX882-14",0.05,16.0,0.0,0.012697223108261824,0.01730816625058651,0.0,0,0.0,0.0,0.0
MASS3034,0.16274643689393997,0.010849762459595997,0.33391915261745453,TimesFM-3.0-PyTorch,305.0,"WALL PANEL CHINO PLANO GRIS Y BLANCO HL-Z-199-5-A 19,9CM*1,15CM*2,9M COLOR 96063-2",0.05,16.0,0.0,0.17117271572351456,0.33391915261745453,0.0,0,0.0,0.0,0.0
MASS3035,0.0018793940544128418,0.00012529293696085612,7.531179845333099,TimesFM-3.0-PyTorch,229.0,"WALL PANEL CHINO PLANO NEGRO Y BLANCO HL-Z-199-6-A 19,9CM*1,15CM*2,9M COLOR 1192",0.05,16.0,0.0,7.5293004512786865,7.531179845333099,0.0,0,0.0,0.0,0.0
MASS3038,0.013665080070495605,0.0009110053380330404,0.2754436731338501,TimesFM-3.0-PyTorch,291.0,"WALL PANEL CHINO PLANO MARRON CLARO HL-Z-199-9-A 19,9CM*1,15CM*2,9M COLOR 2030",0.05,16.0,0.0,0.2617785930633545,0.2754436731338501,0.0,0,0.0,0.0,0.0
MASS3040,0.002347017638385296,0.00015646784255901974,0.02050217892974615,TimesFM-3.0-PyTorch,638.0,PERFIL INTERNO CHINO NEGRO HL-Z-UNI-1-B 2CM*2CM*2.9M COLOR 1005,0.05,80.0,0.0,0.018155161291360855,0.02050217892974615,0.0,0,0.0,0.0,0.0
MASS3041,0.00365334190428257,0.00024355612695217132,0.04002898186445236,TimesFM-3.0-PyTorch,637.0,PERFIL INTERNO CHINO BLANCO HL-Z-UNI-2-B 2CM*2CM*2.9M COLOR 1006,0.05,80.0,0.0,0.03637563996016979,0.04002898186445236,0.0,0,0.0,0.0,0.0
MASS3042,0.004630959592759609,0.0003087306395173073,0.023455345071852207,TimesFM-3.0-PyTorch,638.0,PERFIL INTERNO CHINO GRIS OSCURO HL-Z-UNI-3-B 2CM*2CM*2.9M COLOR 62101,0.05,80.0,0.0,0.018824385479092598,0.023455345071852207,0.0,0,0.0,0.0,0.0
MASS3044,0.010635282844305038,0.0007090188562870025,0.06899919733405113,TimesFM-3.0-PyTorch,633.0,PERFIL INTERNO CHINO GRIS Y BLANCO HL-Z-UNI-5-B 2CM*2CM*2.9M COLOR 96063-2,0.05,80.0,0.0,0.058363914489746094,0.06899919733405113,0.0,0,0.0,0.0,0.0
MASS3045,0.007718436419963837,0.0005145624279975891,31.519896149635315,TimesFM-3.0-PyTorch,625.0,PERFIL INTERNO CHINO NEGRO Y BLANCO HL-Z-UNI-6-B 2CM*2CM*2.9M COLOR 1192,0.05,80.0,0.0,31.51217771321535,31.519896149635315,0.0,0,0.0,0.0,0.0
MASS3046,0.0,0.0,22.556012988090515,TimesFM-3.0-PyTorch,631.0,PERFIL INTERNO CHINO MARRON OSCURO HL-Z-UNI-7-B 2CM*2CM*2.9M COLOR 60160,0.05,80.0,0.0,22.556012988090515,22.556012988090515,0.0,0,0.0,0.0,0.0
MASS3048,0.005016755312681198,0.0003344503541787465,0.06000680848956108,TimesFM-3.0-PyTorch,634.0,PERFIL INTERNO CHINO MARRON CLARO HL-Z-UNI-9-B 2CM*2CM*2.9M COLOR 2030,0.05,80.0,0.0,0.05499005317687988,0.06000680848956108,0.0,0,0.0,0.0,0.0
MASS3049,0.004555295221507549,0.0003036863481005033,0.01744477730244398,TimesFM-3.0-PyTorch,639.0,PERFIL INTERNO CHINO COBRIZO HL-Z-UNI-10-B 2CM*2CM*2.9M COLOR 1015,0.05,80.0,0.0,0.012889482080936432,0.01744477730244398,0.0,0,0.0,0.0,0.0
MASS3050,0.09049461781978607,0.006032974521319071,68.66044569015503,TimesFM-3.0-PyTorch,525.0,PERFIL EXTERNO CHINO NEGRO HL-Z-UNI-1-C 2CM*2CM*2.9M COLOR 1005,0.05,70.0,0.0,68.56995107233524,68.66044569015503,0.0,0,0.0,0.0,0.0
MASS3051,0.02940961718559265,0.0019606411457061767,34.872321128845215,TimesFM-3.0-PyTorch,541.0,PERFIL EXTERNO CHINO BLANCO HL-Z-UNI-2-C 2CM*2CM*2.9M COLOR 1006,0.05,70.0,0.0,34.84291151165962,34.872321128845215,0.0,0,0.0,0.0,0.0
MASS3052,1.9443790689110756,0.12962527126073836,63.061349391937256,TimesFM-3.0-PyTorch,530.0,PERFIL EXTERNO CHINO GRIS OSCURO HL-Z-UNI-3-C 2CM*2CM*2.9M COLOR 62101,0.05,70.0,0.0,61.11697032302618,63.061349391937256,0.0,0,0.0,0.0,0.0
MASS3053,0.004555295221507549,0.0003036863481005033,0.01744477730244398,TimesFM-3.0-PyTorch,559.0,PERFIL EXTERNO CHINO BLANCO Y NARANJA HL-Z-UNI-4-C 2CM*2CM*2.9M COLOR DFX882-14,0.05,70.0,0.0,0.012889482080936432,0.01744477730244398,0.0,0,0.0,0.0,0.0
MASS3054,2.428018555045128,0.16186790366967518,141.19961071014404,TimesFM-3.0-PyTorch,512.0,PERFIL EXTERNO CHINO GRIS Y BLANCO HL-Z-UNI-5-C 2CM*2CM*2.9M COLOR 96063-2,0.05,70.0,0.0,138.77159215509892,141.19961071014404,0.0,0,0.0,0.0,0.0
MASS3055,0.2652954161167145,0.017686361074447633,29.5660662651062,TimesFM-3.0-PyTorch,545.0,PERFIL EXTERNO CHINO NEGRO Y BLANCO HL-Z-UNI-6-C 2CM*2CM*2.9M COLOR 1192,0.05,70.0,0.0,29.300770848989487,29.5660662651062,0.0,0,0.0,0.0,0.0
MASS3056,0.05615632236003876,0.003743754824002584,24.43371546268463,TimesFM-3.0-PyTorch,548.0,PERFIL EXTERNO CHINO MARRON OSCURO HL-Z-UNI-7-C 2CM*2CM*2.9M COLOR 60160,0.05,70.0,0.0,24.377559140324593,24.43371546268463,0.0,0,0.0,0.0,0.0
MASS3057,0.009483611211180687,0.0006322407474120458,0.07225868664681911,TimesFM-3.0-PyTorch,556.0,PERFIL EXTERNO CHINO MARRON HL-Z-UNI-8-C 2CM*2CM*2.9M COLOR 1011,0.05,70.0,0.0,0.06277507543563843,0.07225868664681911,0.0,0,0.0,0.0,0.0
MASS3058,0.1639670431613922,0.01093113621075948,4.289571285247803,TimesFM-3.0-PyTorch,523.0,PERFIL EXTERNO CHINO MARRON CLARO HL-Z-UNI-9-C 2CM*2CM*2.9M COLOR 2030,0.05,70.0,0.0,4.1256042420864105,4.289571285247803,0.0,0,0.0,0.0,0.0
MASS3059,0.2254711613059044,0.01503141075372696,2.366511397063732,TimesFM-3.0-PyTorch,544.0,PERFIL EXTERNO CHINO COBRIZO HL-Z-UNI-10-C 2CM*2CM*2.9M COLOR 1015,0.05,70.0,0.0,2.1410402357578278,2.366511397063732,0.0,0,0.0,0.0,0.0
MASS3060,2.3919200897216797,0.15946133931477866,334.2917060852051,TimesFM-3.0-PyTorch,0.0,CLIPS PARA WALL PANEL CHINO,0.05,5000.0,0.0,331.8997859954834,334.2917060852051,334.2917060852051,1,5000.0,0.05,0.0
MASS3061,111.98743724822998,7.465829149881999,3414.381088256836,TimesFM-3.0-PyTorch,932.0,SILICON PARA WALL PANEL CHINO,0.05,20.0,0.0,3302.393651008606,3414.381088256836,2482.381088256836,125,2500.0,6.25,0.0
MASS3062,4.340238153934479,0.2893492102622986,228.57788562774658,TimesFM-3.0-PyTorch,2.0,ALBUM MUNDIAL 2026 TAPA BLANDA PANINI,0.05,1.0,0.0,224.2376474738121,228.57788562774658,226.57788562774658,227,227.0,11.350000000000001,0.0
MASS3063,155.05169677734375,10.33677978515625,10533.342407226562,TimesFM-3.0-PyTorch,0.0,,0.05,1.0,0.0,10378.290710449219,10533.342407226562,10533.342407226562,10534,10534.0,526.7,0.0
MASS3065,0.0011798888444900513,7.865925629933675e-05,1.491816833615303,TimesFM-3.0-PyTorch,10.0,ALBUM OBSEQUIO,0.05,1.0,0.0,1.490636944770813,1.491816833615303,0.0,0,0.0,0.0,0.0
MASS3066,0.00601351261138916,0.00040090084075927734,2.459714412689209,TimesFM-3.0-PyTorch,5.0,ALBUM MUNDIAL 2026 TAPA DURA PANINI,0.05,1.0,0.0,2.45370090007782,2.459714412689209,0.0,0,0.0,0.0,0.0
MASS3067,0.004939362406730652,0.00032929082711537677,17.245049953460693,TimesFM-3.0-PyTorch,0.0,,0.05,1.0,0.0,17.240110591053963,17.245049953460693,17.245049953460693,18,18.0,0.9,0.0
MASS3068,0.11616726964712143,0.007744484643141428,0.40008264407515526,TimesFM-3.0-PyTorch,2.0,KIT DE ACTUALIZACION MUNDIAL 2026 PANINI,0.05,1.0,0.0,0.28391537442803383,0.40008264407515526,0.0,0,0.0,0.0,0.0
